<?xml version="1.0" encoding="utf-8" standalone="yes"?>
<Gesture Name = "b">
	<Stroke>
		<Point X = "278" Y = "77" T = "0" Pressure = "0" />
		<Point X = "278" Y = "81" T = "0" Pressure = "0" />
		<Point X = "278" Y = "88" T = "0" Pressure = "0" />
		<Point X = "277" Y = "94" T = "0" Pressure = "0" />
		<Point X = "276" Y = "101" T = "0" Pressure = "0" />
		<Point X = "275" Y = "111" T = "0" Pressure = "0" />
		<Point X = "272" Y = "122" T = "0" Pressure = "0" />
		<Point X = "271" Y = "133" T = "0" Pressure = "0" />
		<Point X = "267" Y = "144" T = "0" Pressure = "0" />
		<Point X = "265" Y = "154" T = "0" Pressure = "0" />
		<Point X = "261" Y = "164" T = "0" Pressure = "0" />
		<Point X = "259" Y = "172" T = "0" Pressure = "0" />
		<Point X = "256" Y = "180" T = "0" Pressure = "0" />
		<Point X = "254" Y = "186" T = "0" Pressure = "0" />
		<Point X = "251" Y = "189" T = "0" Pressure = "0" />
		<Point X = "251" Y = "194" T = "0" Pressure = "0" />
		<Point X = "250" Y = "198" T = "0" Pressure = "0" />
		<Point X = "250" Y = "204" T = "0" Pressure = "0" />
		<Point X = "250" Y = "208" T = "0" Pressure = "0" />
		<Point X = "250" Y = "213" T = "0" Pressure = "0" />
		<Point X = "250" Y = "219" T = "0" Pressure = "0" />
		<Point X = "250" Y = "222" T = "0" Pressure = "0" />
		<Point X = "250" Y = "226" T = "0" Pressure = "0" />
		<Point X = "250" Y = "229" T = "0" Pressure = "0" />
		<Point X = "250" Y = "231" T = "0" Pressure = "0" />
		<Point X = "251" Y = "233" T = "0" Pressure = "0" />
		<Point X = "252" Y = "234" T = "0" Pressure = "0" />
		<Point X = "255" Y = "236" T = "0" Pressure = "0" />
		<Point X = "256" Y = "236" T = "0" Pressure = "0" />
		<Point X = "259" Y = "238" T = "0" Pressure = "0" />
		<Point X = "261" Y = "238" T = "0" Pressure = "0" />
		<Point X = "264" Y = "238" T = "0" Pressure = "0" />
		<Point X = "267" Y = "239" T = "0" Pressure = "0" />
		<Point X = "269" Y = "240" T = "0" Pressure = "0" />
		<Point X = "275" Y = "240" T = "0" Pressure = "0" />
		<Point X = "278" Y = "241" T = "0" Pressure = "0" />
		<Point X = "282" Y = "241" T = "0" Pressure = "0" />
		<Point X = "284" Y = "241" T = "0" Pressure = "0" />
		<Point X = "286" Y = "241" T = "0" Pressure = "0" />
		<Point X = "288" Y = "241" T = "0" Pressure = "0" />
		<Point X = "292" Y = "241" T = "0" Pressure = "0" />
		<Point X = "293" Y = "241" T = "0" Pressure = "0" />
		<Point X = "296" Y = "241" T = "0" Pressure = "0" />
		<Point X = "299" Y = "241" T = "0" Pressure = "0" />
		<Point X = "301" Y = "240" T = "0" Pressure = "0" />
		<Point X = "304" Y = "240" T = "0" Pressure = "0" />
		<Point X = "307" Y = "239" T = "0" Pressure = "0" />
		<Point X = "310" Y = "239" T = "0" Pressure = "0" />
		<Point X = "312" Y = "239" T = "0" Pressure = "0" />
		<Point X = "313" Y = "239" T = "0" Pressure = "0" />
		<Point X = "315" Y = "238" T = "0" Pressure = "0" />
		<Point X = "315" Y = "237" T = "0" Pressure = "0" />
		<Point X = "315" Y = "236" T = "0" Pressure = "0" />
		<Point X = "315" Y = "233" T = "0" Pressure = "0" />
		<Point X = "315" Y = "230" T = "0" Pressure = "0" />
		<Point X = "315" Y = "227" T = "0" Pressure = "0" />
		<Point X = "315" Y = "225" T = "0" Pressure = "0" />
		<Point X = "315" Y = "223" T = "0" Pressure = "0" />
		<Point X = "315" Y = "220" T = "0" Pressure = "0" />
		<Point X = "314" Y = "217" T = "0" Pressure = "0" />
		<Point X = "310" Y = "213" T = "0" Pressure = "0" />
		<Point X = "308" Y = "209" T = "0" Pressure = "0" />
		<Point X = "305" Y = "206" T = "0" Pressure = "0" />
		<Point X = "301" Y = "203" T = "0" Pressure = "0" />
		<Point X = "298" Y = "199" T = "0" Pressure = "0" />
		<Point X = "294" Y = "197" T = "0" Pressure = "0" />
		<Point X = "292" Y = "195" T = "0" Pressure = "0" />
		<Point X = "289" Y = "194" T = "0" Pressure = "0" />
		<Point X = "286" Y = "193" T = "0" Pressure = "0" />
		<Point X = "285" Y = "192" T = "0" Pressure = "0" />
		<Point X = "282" Y = "191" T = "0" Pressure = "0" />
		<Point X = "278" Y = "190" T = "0" Pressure = "0" />
		<Point X = "276" Y = "190" T = "0" Pressure = "0" />
		<Point X = "274" Y = "190" T = "0" Pressure = "0" />
		<Point X = "273" Y = "190" T = "0" Pressure = "0" />
		<Point X = "271" Y = "190" T = "0" Pressure = "0" />
		<Point X = "270" Y = "190" T = "0" Pressure = "0" />
		<Point X = "268" Y = "190" T = "0" Pressure = "0" />
		<Point X = "267" Y = "190" T = "0" Pressure = "0" />
		<Point X = "266" Y = "190" T = "0" Pressure = "0" />
		<Point X = "265" Y = "190" T = "0" Pressure = "0" />
		<Point X = "264" Y = "190" T = "0" Pressure = "0" />
		<Point X = "263" Y = "190" T = "0" Pressure = "0" />
		<Point X = "262" Y = "190" T = "0" Pressure = "0" />
		<Point X = "261" Y = "190" T = "0" Pressure = "0" />
		<Point X = "260" Y = "190" T = "0" Pressure = "0" />
		<Point X = "259" Y = "190" T = "0" Pressure = "0" />
		<Point X = "258" Y = "190" T = "0" Pressure = "0" />
		<Point X = "256" Y = "190" T = "0" Pressure = "0" />
		<Point X = "255" Y = "190" T = "0" Pressure = "0" />
		<Point X = "251" Y = "192" T = "0" Pressure = "0" />
	</Stroke>
</Gesture>
