<?xml version="1.0" encoding="utf-8" standalone="yes"?>
<Gesture Name = "b">
	<Stroke>
		<Point X = "45" Y = "44" T = "0" Pressure = "0" />
		<Point X = "45" Y = "47" T = "0" Pressure = "0" />
		<Point X = "45" Y = "49" T = "0" Pressure = "0" />
		<Point X = "45" Y = "53" T = "0" Pressure = "0" />
		<Point X = "45" Y = "57" T = "0" Pressure = "0" />
		<Point X = "45" Y = "64" T = "0" Pressure = "0" />
		<Point X = "45" Y = "71" T = "0" Pressure = "0" />
		<Point X = "45" Y = "79" T = "0" Pressure = "0" />
		<Point X = "45" Y = "87" T = "0" Pressure = "0" />
		<Point X = "45" Y = "96" T = "0" Pressure = "0" />
		<Point X = "45" Y = "103" T = "0" Pressure = "0" />
		<Point X = "45" Y = "111" T = "0" Pressure = "0" />
		<Point X = "44" Y = "117" T = "0" Pressure = "0" />
		<Point X = "43" Y = "124" T = "0" Pressure = "0" />
		<Point X = "41" Y = "131" T = "0" Pressure = "0" />
		<Point X = "39" Y = "136" T = "0" Pressure = "0" />
		<Point X = "38" Y = "141" T = "0" Pressure = "0" />
		<Point X = "36" Y = "146" T = "0" Pressure = "0" />
		<Point X = "35" Y = "153" T = "0" Pressure = "0" />
		<Point X = "34" Y = "161" T = "0" Pressure = "0" />
		<Point X = "33" Y = "171" T = "0" Pressure = "0" />
		<Point X = "31" Y = "181" T = "0" Pressure = "0" />
		<Point X = "30" Y = "189" T = "0" Pressure = "0" />
		<Point X = "29" Y = "197" T = "0" Pressure = "0" />
		<Point X = "29" Y = "203" T = "0" Pressure = "0" />
		<Point X = "28" Y = "210" T = "0" Pressure = "0" />
		<Point X = "26" Y = "217" T = "0" Pressure = "0" />
		<Point X = "26" Y = "220" T = "0" Pressure = "0" />
		<Point X = "25" Y = "223" T = "0" Pressure = "0" />
		<Point X = "25" Y = "227" T = "0" Pressure = "0" />
		<Point X = "25" Y = "229" T = "0" Pressure = "0" />
		<Point X = "25" Y = "232" T = "0" Pressure = "0" />
		<Point X = "25" Y = "233" T = "0" Pressure = "0" />
		<Point X = "25" Y = "235" T = "0" Pressure = "0" />
		<Point X = "25" Y = "239" T = "0" Pressure = "0" />
		<Point X = "25" Y = "241" T = "0" Pressure = "0" />
		<Point X = "25" Y = "245" T = "0" Pressure = "0" />
		<Point X = "25" Y = "248" T = "0" Pressure = "0" />
		<Point X = "25" Y = "252" T = "0" Pressure = "0" />
		<Point X = "25" Y = "255" T = "0" Pressure = "0" />
		<Point X = "25" Y = "258" T = "0" Pressure = "0" />
		<Point X = "25" Y = "260" T = "0" Pressure = "0" />
		<Point X = "26" Y = "264" T = "0" Pressure = "0" />
		<Point X = "28" Y = "267" T = "0" Pressure = "0" />
		<Point X = "29" Y = "268" T = "0" Pressure = "0" />
		<Point X = "32" Y = "271" T = "0" Pressure = "0" />
		<Point X = "34" Y = "272" T = "0" Pressure = "0" />
		<Point X = "37" Y = "272" T = "0" Pressure = "0" />
		<Point X = "40" Y = "273" T = "0" Pressure = "0" />
		<Point X = "44" Y = "275" T = "0" Pressure = "0" />
		<Point X = "46" Y = "275" T = "0" Pressure = "0" />
		<Point X = "49" Y = "275" T = "0" Pressure = "0" />
		<Point X = "56" Y = "276" T = "0" Pressure = "0" />
		<Point X = "58" Y = "276" T = "0" Pressure = "0" />
		<Point X = "62" Y = "276" T = "0" Pressure = "0" />
		<Point X = "66" Y = "277" T = "0" Pressure = "0" />
		<Point X = "70" Y = "279" T = "0" Pressure = "0" />
		<Point X = "73" Y = "280" T = "0" Pressure = "0" />
		<Point X = "75" Y = "280" T = "0" Pressure = "0" />
		<Point X = "77" Y = "280" T = "0" Pressure = "0" />
		<Point X = "80" Y = "280" T = "0" Pressure = "0" />
		<Point X = "83" Y = "280" T = "0" Pressure = "0" />
		<Point X = "86" Y = "280" T = "0" Pressure = "0" />
		<Point X = "90" Y = "280" T = "0" Pressure = "0" />
		<Point X = "93" Y = "280" T = "0" Pressure = "0" />
		<Point X = "99" Y = "278" T = "0" Pressure = "0" />
		<Point X = "103" Y = "277" T = "0" Pressure = "0" />
		<Point X = "104" Y = "277" T = "0" Pressure = "0" />
		<Point X = "107" Y = "276" T = "0" Pressure = "0" />
		<Point X = "107" Y = "275" T = "0" Pressure = "0" />
		<Point X = "109" Y = "273" T = "0" Pressure = "0" />
		<Point X = "111" Y = "272" T = "0" Pressure = "0" />
		<Point X = "111" Y = "269" T = "0" Pressure = "0" />
		<Point X = "111" Y = "267" T = "0" Pressure = "0" />
		<Point X = "111" Y = "265" T = "0" Pressure = "0" />
		<Point X = "111" Y = "263" T = "0" Pressure = "0" />
		<Point X = "111" Y = "262" T = "0" Pressure = "0" />
		<Point X = "111" Y = "261" T = "0" Pressure = "0" />
		<Point X = "111" Y = "259" T = "0" Pressure = "0" />
		<Point X = "111" Y = "258" T = "0" Pressure = "0" />
		<Point X = "110" Y = "255" T = "0" Pressure = "0" />
		<Point X = "109" Y = "253" T = "0" Pressure = "0" />
		<Point X = "109" Y = "250" T = "0" Pressure = "0" />
		<Point X = "107" Y = "247" T = "0" Pressure = "0" />
		<Point X = "105" Y = "245" T = "0" Pressure = "0" />
		<Point X = "104" Y = "243" T = "0" Pressure = "0" />
		<Point X = "101" Y = "240" T = "0" Pressure = "0" />
		<Point X = "100" Y = "237" T = "0" Pressure = "0" />
		<Point X = "96" Y = "233" T = "0" Pressure = "0" />
		<Point X = "94" Y = "229" T = "0" Pressure = "0" />
		<Point X = "91" Y = "225" T = "0" Pressure = "0" />
		<Point X = "86" Y = "220" T = "0" Pressure = "0" />
		<Point X = "82" Y = "215" T = "0" Pressure = "0" />
		<Point X = "78" Y = "211" T = "0" Pressure = "0" />
		<Point X = "77" Y = "210" T = "0" Pressure = "0" />
		<Point X = "74" Y = "207" T = "0" Pressure = "0" />
		<Point X = "73" Y = "206" T = "0" Pressure = "0" />
		<Point X = "72" Y = "205" T = "0" Pressure = "0" />
		<Point X = "71" Y = "205" T = "0" Pressure = "0" />
		<Point X = "69" Y = "205" T = "0" Pressure = "0" />
		<Point X = "67" Y = "205" T = "0" Pressure = "0" />
		<Point X = "65" Y = "205" T = "0" Pressure = "0" />
		<Point X = "62" Y = "205" T = "0" Pressure = "0" />
		<Point X = "61" Y = "205" T = "0" Pressure = "0" />
		<Point X = "58" Y = "205" T = "0" Pressure = "0" />
		<Point X = "57" Y = "205" T = "0" Pressure = "0" />
		<Point X = "55" Y = "205" T = "0" Pressure = "0" />
		<Point X = "54" Y = "205" T = "0" Pressure = "0" />
		<Point X = "52" Y = "205" T = "0" Pressure = "0" />
		<Point X = "51" Y = "205" T = "0" Pressure = "0" />
		<Point X = "49" Y = "205" T = "0" Pressure = "0" />
		<Point X = "48" Y = "205" T = "0" Pressure = "0" />
		<Point X = "46" Y = "205" T = "0" Pressure = "0" />
		<Point X = "45" Y = "206" T = "0" Pressure = "0" />
		<Point X = "44" Y = "206" T = "0" Pressure = "0" />
		<Point X = "43" Y = "207" T = "0" Pressure = "0" />
		<Point X = "42" Y = "208" T = "0" Pressure = "0" />
		<Point X = "41" Y = "208" T = "0" Pressure = "0" />
		<Point X = "39" Y = "208" T = "0" Pressure = "0" />
		<Point X = "38" Y = "210" T = "0" Pressure = "0" />
		<Point X = "37" Y = "210" T = "0" Pressure = "0" />
		<Point X = "35" Y = "211" T = "0" Pressure = "0" />
		<Point X = "34" Y = "213" T = "0" Pressure = "0" />
		<Point X = "31" Y = "214" T = "0" Pressure = "0" />
		<Point X = "31" Y = "215" T = "0" Pressure = "0" />
		<Point X = "30" Y = "215" T = "0" Pressure = "0" />
		<Point X = "29" Y = "215" T = "0" Pressure = "0" />
	</Stroke>
</Gesture>
