<?xml version="1.0" encoding="utf-8" standalone="yes"?>
<Gesture Name = "b">
	<Stroke>
		<Point X = "87" Y = "101" T = "0" Pressure = "0" />
		<Point X = "86" Y = "103" T = "0" Pressure = "0" />
		<Point X = "85" Y = "110" T = "0" Pressure = "0" />
		<Point X = "85" Y = "114" T = "0" Pressure = "0" />
		<Point X = "84" Y = "122" T = "0" Pressure = "0" />
		<Point X = "84" Y = "132" T = "0" Pressure = "0" />
		<Point X = "83" Y = "139" T = "0" Pressure = "0" />
		<Point X = "81" Y = "148" T = "0" Pressure = "0" />
		<Point X = "80" Y = "159" T = "0" Pressure = "0" />
		<Point X = "79" Y = "167" T = "0" Pressure = "0" />
		<Point X = "77" Y = "178" T = "0" Pressure = "0" />
		<Point X = "77" Y = "188" T = "0" Pressure = "0" />
		<Point X = "77" Y = "197" T = "0" Pressure = "0" />
		<Point X = "77" Y = "205" T = "0" Pressure = "0" />
		<Point X = "77" Y = "212" T = "0" Pressure = "0" />
		<Point X = "77" Y = "216" T = "0" Pressure = "0" />
		<Point X = "77" Y = "222" T = "0" Pressure = "0" />
		<Point X = "77" Y = "226" T = "0" Pressure = "0" />
		<Point X = "77" Y = "231" T = "0" Pressure = "0" />
		<Point X = "77" Y = "235" T = "0" Pressure = "0" />
		<Point X = "77" Y = "238" T = "0" Pressure = "0" />
		<Point X = "80" Y = "244" T = "0" Pressure = "0" />
		<Point X = "81" Y = "249" T = "0" Pressure = "0" />
		<Point X = "83" Y = "252" T = "0" Pressure = "0" />
		<Point X = "85" Y = "257" T = "0" Pressure = "0" />
		<Point X = "86" Y = "260" T = "0" Pressure = "0" />
		<Point X = "87" Y = "262" T = "0" Pressure = "0" />
		<Point X = "90" Y = "266" T = "0" Pressure = "0" />
		<Point X = "90" Y = "268" T = "0" Pressure = "0" />
		<Point X = "92" Y = "269" T = "0" Pressure = "0" />
		<Point X = "93" Y = "270" T = "0" Pressure = "0" />
		<Point X = "95" Y = "270" T = "0" Pressure = "0" />
		<Point X = "97" Y = "271" T = "0" Pressure = "0" />
		<Point X = "100" Y = "271" T = "0" Pressure = "0" />
		<Point X = "104" Y = "271" T = "0" Pressure = "0" />
		<Point X = "110" Y = "271" T = "0" Pressure = "0" />
		<Point X = "115" Y = "271" T = "0" Pressure = "0" />
		<Point X = "123" Y = "271" T = "0" Pressure = "0" />
		<Point X = "129" Y = "271" T = "0" Pressure = "0" />
		<Point X = "134" Y = "271" T = "0" Pressure = "0" />
		<Point X = "139" Y = "271" T = "0" Pressure = "0" />
		<Point X = "143" Y = "271" T = "0" Pressure = "0" />
		<Point X = "146" Y = "271" T = "0" Pressure = "0" />
		<Point X = "149" Y = "271" T = "0" Pressure = "0" />
		<Point X = "150" Y = "271" T = "0" Pressure = "0" />
		<Point X = "152" Y = "271" T = "0" Pressure = "0" />
		<Point X = "153" Y = "271" T = "0" Pressure = "0" />
		<Point X = "155" Y = "269" T = "0" Pressure = "0" />
		<Point X = "155" Y = "268" T = "0" Pressure = "0" />
		<Point X = "155" Y = "267" T = "0" Pressure = "0" />
		<Point X = "156" Y = "265" T = "0" Pressure = "0" />
		<Point X = "156" Y = "262" T = "0" Pressure = "0" />
		<Point X = "156" Y = "261" T = "0" Pressure = "0" />
		<Point X = "155" Y = "256" T = "0" Pressure = "0" />
		<Point X = "153" Y = "252" T = "0" Pressure = "0" />
		<Point X = "147" Y = "246" T = "0" Pressure = "0" />
		<Point X = "141" Y = "237" T = "0" Pressure = "0" />
		<Point X = "134" Y = "229" T = "0" Pressure = "0" />
		<Point X = "128" Y = "222" T = "0" Pressure = "0" />
		<Point X = "122" Y = "215" T = "0" Pressure = "0" />
		<Point X = "117" Y = "210" T = "0" Pressure = "0" />
		<Point X = "114" Y = "207" T = "0" Pressure = "0" />
		<Point X = "112" Y = "206" T = "0" Pressure = "0" />
		<Point X = "111" Y = "205" T = "0" Pressure = "0" />
		<Point X = "109" Y = "204" T = "0" Pressure = "0" />
		<Point X = "108" Y = "203" T = "0" Pressure = "0" />
		<Point X = "107" Y = "202" T = "0" Pressure = "0" />
		<Point X = "104" Y = "202" T = "0" Pressure = "0" />
		<Point X = "102" Y = "202" T = "0" Pressure = "0" />
		<Point X = "101" Y = "202" T = "0" Pressure = "0" />
		<Point X = "100" Y = "202" T = "0" Pressure = "0" />
		<Point X = "98" Y = "202" T = "0" Pressure = "0" />
		<Point X = "97" Y = "202" T = "0" Pressure = "0" />
		<Point X = "95" Y = "202" T = "0" Pressure = "0" />
		<Point X = "94" Y = "202" T = "0" Pressure = "0" />
		<Point X = "93" Y = "202" T = "0" Pressure = "0" />
		<Point X = "92" Y = "202" T = "0" Pressure = "0" />
		<Point X = "91" Y = "202" T = "0" Pressure = "0" />
		<Point X = "90" Y = "202" T = "0" Pressure = "0" />
		<Point X = "89" Y = "203" T = "0" Pressure = "0" />
		<Point X = "88" Y = "203" T = "0" Pressure = "0" />
		<Point X = "88" Y = "204" T = "0" Pressure = "0" />
		<Point X = "87" Y = "204" T = "0" Pressure = "0" />
		<Point X = "87" Y = "205" T = "0" Pressure = "0" />
		<Point X = "85" Y = "206" T = "0" Pressure = "0" />
		<Point X = "84" Y = "207" T = "0" Pressure = "0" />
		<Point X = "83" Y = "207" T = "0" Pressure = "0" />
		<Point X = "82" Y = "209" T = "0" Pressure = "0" />
		<Point X = "81" Y = "210" T = "0" Pressure = "0" />
		<Point X = "80" Y = "211" T = "0" Pressure = "0" />
		<Point X = "79" Y = "213" T = "0" Pressure = "0" />
		<Point X = "78" Y = "213" T = "0" Pressure = "0" />
		<Point X = "78" Y = "215" T = "0" Pressure = "0" />
		<Point X = "77" Y = "216" T = "0" Pressure = "0" />
	</Stroke>
</Gesture>
