<?xml version="1.0" encoding="utf-8" standalone="yes"?>
<Gesture Name = "b">
	<Stroke>
		<Point X = "33" Y = "68" T = "0" Pressure = "0" />
		<Point X = "33" Y = "72" T = "0" Pressure = "0" />
		<Point X = "33" Y = "77" T = "0" Pressure = "0" />
		<Point X = "33" Y = "84" T = "0" Pressure = "0" />
		<Point X = "33" Y = "91" T = "0" Pressure = "0" />
		<Point X = "33" Y = "99" T = "0" Pressure = "0" />
		<Point X = "33" Y = "106" T = "0" Pressure = "0" />
		<Point X = "32" Y = "112" T = "0" Pressure = "0" />
		<Point X = "31" Y = "118" T = "0" Pressure = "0" />
		<Point X = "30" Y = "125" T = "0" Pressure = "0" />
		<Point X = "30" Y = "130" T = "0" Pressure = "0" />
		<Point X = "28" Y = "134" T = "0" Pressure = "0" />
		<Point X = "28" Y = "138" T = "0" Pressure = "0" />
		<Point X = "27" Y = "141" T = "0" Pressure = "0" />
		<Point X = "27" Y = "143" T = "0" Pressure = "0" />
		<Point X = "27" Y = "146" T = "0" Pressure = "0" />
		<Point X = "27" Y = "147" T = "0" Pressure = "0" />
		<Point X = "26" Y = "150" T = "0" Pressure = "0" />
		<Point X = "25" Y = "152" T = "0" Pressure = "0" />
		<Point X = "24" Y = "153" T = "0" Pressure = "0" />
		<Point X = "24" Y = "154" T = "0" Pressure = "0" />
		<Point X = "24" Y = "156" T = "0" Pressure = "0" />
		<Point X = "24" Y = "159" T = "0" Pressure = "0" />
		<Point X = "24" Y = "162" T = "0" Pressure = "0" />
		<Point X = "23" Y = "165" T = "0" Pressure = "0" />
		<Point X = "23" Y = "168" T = "0" Pressure = "0" />
		<Point X = "23" Y = "171" T = "0" Pressure = "0" />
		<Point X = "22" Y = "172" T = "0" Pressure = "0" />
		<Point X = "20" Y = "177" T = "0" Pressure = "0" />
		<Point X = "20" Y = "178" T = "0" Pressure = "0" />
		<Point X = "20" Y = "180" T = "0" Pressure = "0" />
		<Point X = "20" Y = "183" T = "0" Pressure = "0" />
		<Point X = "19" Y = "186" T = "0" Pressure = "0" />
		<Point X = "19" Y = "188" T = "0" Pressure = "0" />
		<Point X = "18" Y = "195" T = "0" Pressure = "0" />
		<Point X = "18" Y = "199" T = "0" Pressure = "0" />
		<Point X = "18" Y = "203" T = "0" Pressure = "0" />
		<Point X = "18" Y = "206" T = "0" Pressure = "0" />
		<Point X = "18" Y = "210" T = "0" Pressure = "0" />
		<Point X = "18" Y = "212" T = "0" Pressure = "0" />
		<Point X = "18" Y = "215" T = "0" Pressure = "0" />
		<Point X = "18" Y = "217" T = "0" Pressure = "0" />
		<Point X = "18" Y = "219" T = "0" Pressure = "0" />
		<Point X = "18" Y = "221" T = "0" Pressure = "0" />
		<Point X = "18" Y = "224" T = "0" Pressure = "0" />
		<Point X = "18" Y = "227" T = "0" Pressure = "0" />
		<Point X = "18" Y = "231" T = "0" Pressure = "0" />
		<Point X = "18" Y = "235" T = "0" Pressure = "0" />
		<Point X = "18" Y = "239" T = "0" Pressure = "0" />
		<Point X = "18" Y = "242" T = "0" Pressure = "0" />
		<Point X = "18" Y = "246" T = "0" Pressure = "0" />
		<Point X = "18" Y = "248" T = "0" Pressure = "0" />
		<Point X = "18" Y = "250" T = "0" Pressure = "0" />
		<Point X = "18" Y = "251" T = "0" Pressure = "0" />
		<Point X = "18" Y = "252" T = "0" Pressure = "0" />
		<Point X = "18" Y = "253" T = "0" Pressure = "0" />
		<Point X = "18" Y = "254" T = "0" Pressure = "0" />
		<Point X = "18" Y = "255" T = "0" Pressure = "0" />
		<Point X = "18" Y = "256" T = "0" Pressure = "0" />
		<Point X = "18" Y = "257" T = "0" Pressure = "0" />
		<Point X = "18" Y = "260" T = "0" Pressure = "0" />
		<Point X = "18" Y = "261" T = "0" Pressure = "0" />
		<Point X = "18" Y = "262" T = "0" Pressure = "0" />
		<Point X = "19" Y = "264" T = "0" Pressure = "0" />
		<Point X = "20" Y = "265" T = "0" Pressure = "0" />
		<Point X = "21" Y = "267" T = "0" Pressure = "0" />
		<Point X = "21" Y = "268" T = "0" Pressure = "0" />
		<Point X = "22" Y = "270" T = "0" Pressure = "0" />
		<Point X = "24" Y = "271" T = "0" Pressure = "0" />
		<Point X = "25" Y = "273" T = "0" Pressure = "0" />
		<Point X = "26" Y = "274" T = "0" Pressure = "0" />
		<Point X = "27" Y = "275" T = "0" Pressure = "0" />
		<Point X = "28" Y = "276" T = "0" Pressure = "0" />
		<Point X = "29" Y = "277" T = "0" Pressure = "0" />
		<Point X = "30" Y = "278" T = "0" Pressure = "0" />
		<Point X = "31" Y = "278" T = "0" Pressure = "0" />
		<Point X = "32" Y = "278" T = "0" Pressure = "0" />
		<Point X = "33" Y = "279" T = "0" Pressure = "0" />
		<Point X = "35" Y = "280" T = "0" Pressure = "0" />
		<Point X = "37" Y = "280" T = "0" Pressure = "0" />
		<Point X = "37" Y = "281" T = "0" Pressure = "0" />
		<Point X = "38" Y = "282" T = "0" Pressure = "0" />
		<Point X = "40" Y = "284" T = "0" Pressure = "0" />
		<Point X = "41" Y = "288" T = "0" Pressure = "0" />
		<Point X = "44" Y = "290" T = "0" Pressure = "0" />
		<Point X = "44" Y = "291" T = "0" Pressure = "0" />
		<Point X = "45" Y = "292" T = "0" Pressure = "0" />
		<Point X = "47" Y = "293" T = "0" Pressure = "0" />
		<Point X = "47" Y = "294" T = "0" Pressure = "0" />
		<Point X = "48" Y = "294" T = "0" Pressure = "0" />
		<Point X = "49" Y = "295" T = "0" Pressure = "0" />
		<Point X = "51" Y = "295" T = "0" Pressure = "0" />
		<Point X = "53" Y = "295" T = "0" Pressure = "0" />
		<Point X = "53" Y = "296" T = "0" Pressure = "0" />
		<Point X = "55" Y = "296" T = "0" Pressure = "0" />
		<Point X = "56" Y = "296" T = "0" Pressure = "0" />
		<Point X = "57" Y = "296" T = "0" Pressure = "0" />
		<Point X = "58" Y = "296" T = "0" Pressure = "0" />
		<Point X = "59" Y = "296" T = "0" Pressure = "0" />
		<Point X = "60" Y = "296" T = "0" Pressure = "0" />
		<Point X = "61" Y = "296" T = "0" Pressure = "0" />
		<Point X = "64" Y = "296" T = "0" Pressure = "0" />
		<Point X = "66" Y = "296" T = "0" Pressure = "0" />
		<Point X = "70" Y = "296" T = "0" Pressure = "0" />
		<Point X = "71" Y = "296" T = "0" Pressure = "0" />
		<Point X = "74" Y = "296" T = "0" Pressure = "0" />
		<Point X = "75" Y = "296" T = "0" Pressure = "0" />
		<Point X = "77" Y = "296" T = "0" Pressure = "0" />
		<Point X = "78" Y = "296" T = "0" Pressure = "0" />
		<Point X = "79" Y = "296" T = "0" Pressure = "0" />
		<Point X = "80" Y = "295" T = "0" Pressure = "0" />
		<Point X = "83" Y = "292" T = "0" Pressure = "0" />
		<Point X = "85" Y = "292" T = "0" Pressure = "0" />
		<Point X = "86" Y = "291" T = "0" Pressure = "0" />
		<Point X = "88" Y = "290" T = "0" Pressure = "0" />
		<Point X = "90" Y = "288" T = "0" Pressure = "0" />
		<Point X = "90" Y = "287" T = "0" Pressure = "0" />
		<Point X = "91" Y = "287" T = "0" Pressure = "0" />
		<Point X = "92" Y = "285" T = "0" Pressure = "0" />
		<Point X = "93" Y = "285" T = "0" Pressure = "0" />
		<Point X = "94" Y = "284" T = "0" Pressure = "0" />
		<Point X = "95" Y = "281" T = "0" Pressure = "0" />
		<Point X = "96" Y = "279" T = "0" Pressure = "0" />
		<Point X = "96" Y = "278" T = "0" Pressure = "0" />
		<Point X = "97" Y = "276" T = "0" Pressure = "0" />
		<Point X = "97" Y = "275" T = "0" Pressure = "0" />
		<Point X = "97" Y = "272" T = "0" Pressure = "0" />
		<Point X = "99" Y = "268" T = "0" Pressure = "0" />
		<Point X = "99" Y = "266" T = "0" Pressure = "0" />
		<Point X = "99" Y = "262" T = "0" Pressure = "0" />
		<Point X = "100" Y = "256" T = "0" Pressure = "0" />
		<Point X = "100" Y = "252" T = "0" Pressure = "0" />
		<Point X = "100" Y = "249" T = "0" Pressure = "0" />
		<Point X = "100" Y = "246" T = "0" Pressure = "0" />
		<Point X = "100" Y = "245" T = "0" Pressure = "0" />
		<Point X = "100" Y = "243" T = "0" Pressure = "0" />
		<Point X = "100" Y = "242" T = "0" Pressure = "0" />
		<Point X = "100" Y = "241" T = "0" Pressure = "0" />
		<Point X = "99" Y = "240" T = "0" Pressure = "0" />
		<Point X = "98" Y = "240" T = "0" Pressure = "0" />
		<Point X = "97" Y = "240" T = "0" Pressure = "0" />
		<Point X = "95" Y = "240" T = "0" Pressure = "0" />
		<Point X = "93" Y = "240" T = "0" Pressure = "0" />
		<Point X = "91" Y = "240" T = "0" Pressure = "0" />
		<Point X = "90" Y = "239" T = "0" Pressure = "0" />
		<Point X = "89" Y = "238" T = "0" Pressure = "0" />
		<Point X = "88" Y = "238" T = "0" Pressure = "0" />
		<Point X = "86" Y = "236" T = "0" Pressure = "0" />
		<Point X = "84" Y = "234" T = "0" Pressure = "0" />
		<Point X = "83" Y = "233" T = "0" Pressure = "0" />
		<Point X = "83" Y = "232" T = "0" Pressure = "0" />
		<Point X = "81" Y = "232" T = "0" Pressure = "0" />
		<Point X = "79" Y = "232" T = "0" Pressure = "0" />
		<Point X = "76" Y = "231" T = "0" Pressure = "0" />
		<Point X = "75" Y = "231" T = "0" Pressure = "0" />
		<Point X = "74" Y = "231" T = "0" Pressure = "0" />
		<Point X = "73" Y = "231" T = "0" Pressure = "0" />
		<Point X = "71" Y = "231" T = "0" Pressure = "0" />
		<Point X = "69" Y = "229" T = "0" Pressure = "0" />
		<Point X = "67" Y = "229" T = "0" Pressure = "0" />
		<Point X = "66" Y = "229" T = "0" Pressure = "0" />
		<Point X = "65" Y = "229" T = "0" Pressure = "0" />
		<Point X = "63" Y = "229" T = "0" Pressure = "0" />
		<Point X = "62" Y = "229" T = "0" Pressure = "0" />
		<Point X = "60" Y = "229" T = "0" Pressure = "0" />
		<Point X = "58" Y = "229" T = "0" Pressure = "0" />
		<Point X = "56" Y = "229" T = "0" Pressure = "0" />
		<Point X = "55" Y = "229" T = "0" Pressure = "0" />
		<Point X = "53" Y = "228" T = "0" Pressure = "0" />
		<Point X = "51" Y = "228" T = "0" Pressure = "0" />
		<Point X = "49" Y = "228" T = "0" Pressure = "0" />
		<Point X = "48" Y = "228" T = "0" Pressure = "0" />
		<Point X = "45" Y = "227" T = "0" Pressure = "0" />
		<Point X = "44" Y = "227" T = "0" Pressure = "0" />
		<Point X = "42" Y = "227" T = "0" Pressure = "0" />
		<Point X = "41" Y = "227" T = "0" Pressure = "0" />
		<Point X = "39" Y = "227" T = "0" Pressure = "0" />
		<Point X = "38" Y = "227" T = "0" Pressure = "0" />
		<Point X = "36" Y = "227" T = "0" Pressure = "0" />
		<Point X = "35" Y = "227" T = "0" Pressure = "0" />
		<Point X = "33" Y = "227" T = "0" Pressure = "0" />
		<Point X = "32" Y = "227" T = "0" Pressure = "0" />
		<Point X = "30" Y = "227" T = "0" Pressure = "0" />
		<Point X = "29" Y = "227" T = "0" Pressure = "0" />
		<Point X = "27" Y = "227" T = "0" Pressure = "0" />
		<Point X = "26" Y = "228" T = "0" Pressure = "0" />
		<Point X = "24" Y = "228" T = "0" Pressure = "0" />
		<Point X = "23" Y = "228" T = "0" Pressure = "0" />
		<Point X = "22" Y = "228" T = "0" Pressure = "0" />
		<Point X = "21" Y = "228" T = "0" Pressure = "0" />
		<Point X = "20" Y = "229" T = "0" Pressure = "0" />
		<Point X = "19" Y = "229" T = "0" Pressure = "0" />
	</Stroke>
</Gesture>
