<?xml version="1.0" encoding="utf-8" standalone="yes"?>
<Gesture Name = "b">
	<Stroke>
		<Point X = "80" Y = "56" T = "0" Pressure = "0" />
		<Point X = "80" Y = "58" T = "0" Pressure = "0" />
		<Point X = "80" Y = "60" T = "0" Pressure = "0" />
		<Point X = "80" Y = "63" T = "0" Pressure = "0" />
		<Point X = "80" Y = "65" T = "0" Pressure = "0" />
		<Point X = "80" Y = "68" T = "0" Pressure = "0" />
		<Point X = "80" Y = "71" T = "0" Pressure = "0" />
		<Point X = "80" Y = "74" T = "0" Pressure = "0" />
		<Point X = "79" Y = "77" T = "0" Pressure = "0" />
		<Point X = "78" Y = "79" T = "0" Pressure = "0" />
		<Point X = "78" Y = "82" T = "0" Pressure = "0" />
		<Point X = "77" Y = "84" T = "0" Pressure = "0" />
		<Point X = "77" Y = "85" T = "0" Pressure = "0" />
		<Point X = "77" Y = "88" T = "0" Pressure = "0" />
		<Point X = "77" Y = "90" T = "0" Pressure = "0" />
		<Point X = "77" Y = "94" T = "0" Pressure = "0" />
		<Point X = "76" Y = "97" T = "0" Pressure = "0" />
		<Point X = "76" Y = "98" T = "0" Pressure = "0" />
		<Point X = "76" Y = "100" T = "0" Pressure = "0" />
		<Point X = "76" Y = "103" T = "0" Pressure = "0" />
		<Point X = "76" Y = "105" T = "0" Pressure = "0" />
		<Point X = "76" Y = "108" T = "0" Pressure = "0" />
		<Point X = "76" Y = "113" T = "0" Pressure = "0" />
		<Point X = "76" Y = "116" T = "0" Pressure = "0" />
		<Point X = "76" Y = "120" T = "0" Pressure = "0" />
		<Point X = "76" Y = "123" T = "0" Pressure = "0" />
		<Point X = "76" Y = "125" T = "0" Pressure = "0" />
		<Point X = "75" Y = "128" T = "0" Pressure = "0" />
		<Point X = "75" Y = "131" T = "0" Pressure = "0" />
		<Point X = "75" Y = "133" T = "0" Pressure = "0" />
		<Point X = "75" Y = "136" T = "0" Pressure = "0" />
		<Point X = "75" Y = "139" T = "0" Pressure = "0" />
		<Point X = "75" Y = "143" T = "0" Pressure = "0" />
		<Point X = "75" Y = "146" T = "0" Pressure = "0" />
		<Point X = "75" Y = "148" T = "0" Pressure = "0" />
		<Point X = "75" Y = "151" T = "0" Pressure = "0" />
		<Point X = "75" Y = "154" T = "0" Pressure = "0" />
		<Point X = "75" Y = "157" T = "0" Pressure = "0" />
		<Point X = "76" Y = "162" T = "0" Pressure = "0" />
		<Point X = "77" Y = "165" T = "0" Pressure = "0" />
		<Point X = "78" Y = "168" T = "0" Pressure = "0" />
		<Point X = "78" Y = "172" T = "0" Pressure = "0" />
		<Point X = "79" Y = "175" T = "0" Pressure = "0" />
		<Point X = "81" Y = "179" T = "0" Pressure = "0" />
		<Point X = "81" Y = "180" T = "0" Pressure = "0" />
		<Point X = "82" Y = "183" T = "0" Pressure = "0" />
		<Point X = "83" Y = "186" T = "0" Pressure = "0" />
		<Point X = "83" Y = "188" T = "0" Pressure = "0" />
		<Point X = "85" Y = "192" T = "0" Pressure = "0" />
		<Point X = "85" Y = "195" T = "0" Pressure = "0" />
		<Point X = "87" Y = "198" T = "0" Pressure = "0" />
		<Point X = "89" Y = "203" T = "0" Pressure = "0" />
		<Point X = "89" Y = "204" T = "0" Pressure = "0" />
		<Point X = "91" Y = "209" T = "0" Pressure = "0" />
		<Point X = "93" Y = "211" T = "0" Pressure = "0" />
		<Point X = "93" Y = "212" T = "0" Pressure = "0" />
		<Point X = "95" Y = "216" T = "0" Pressure = "0" />
		<Point X = "96" Y = "218" T = "0" Pressure = "0" />
		<Point X = "97" Y = "219" T = "0" Pressure = "0" />
		<Point X = "98" Y = "222" T = "0" Pressure = "0" />
		<Point X = "99" Y = "224" T = "0" Pressure = "0" />
		<Point X = "101" Y = "227" T = "0" Pressure = "0" />
		<Point X = "102" Y = "228" T = "0" Pressure = "0" />
		<Point X = "102" Y = "229" T = "0" Pressure = "0" />
		<Point X = "104" Y = "231" T = "0" Pressure = "0" />
		<Point X = "105" Y = "231" T = "0" Pressure = "0" />
		<Point X = "106" Y = "231" T = "0" Pressure = "0" />
		<Point X = "107" Y = "231" T = "0" Pressure = "0" />
		<Point X = "108" Y = "231" T = "0" Pressure = "0" />
		<Point X = "111" Y = "231" T = "0" Pressure = "0" />
		<Point X = "114" Y = "231" T = "0" Pressure = "0" />
		<Point X = "116" Y = "231" T = "0" Pressure = "0" />
		<Point X = "118" Y = "231" T = "0" Pressure = "0" />
		<Point X = "122" Y = "231" T = "0" Pressure = "0" />
		<Point X = "123" Y = "231" T = "0" Pressure = "0" />
		<Point X = "125" Y = "231" T = "0" Pressure = "0" />
		<Point X = "125" Y = "230" T = "0" Pressure = "0" />
		<Point X = "126" Y = "230" T = "0" Pressure = "0" />
		<Point X = "128" Y = "229" T = "0" Pressure = "0" />
		<Point X = "130" Y = "229" T = "0" Pressure = "0" />
		<Point X = "134" Y = "229" T = "0" Pressure = "0" />
		<Point X = "138" Y = "229" T = "0" Pressure = "0" />
		<Point X = "145" Y = "229" T = "0" Pressure = "0" />
		<Point X = "150" Y = "227" T = "0" Pressure = "0" />
		<Point X = "152" Y = "227" T = "0" Pressure = "0" />
		<Point X = "155" Y = "226" T = "0" Pressure = "0" />
		<Point X = "156" Y = "226" T = "0" Pressure = "0" />
		<Point X = "158" Y = "226" T = "0" Pressure = "0" />
		<Point X = "160" Y = "225" T = "0" Pressure = "0" />
		<Point X = "162" Y = "225" T = "0" Pressure = "0" />
		<Point X = "163" Y = "223" T = "0" Pressure = "0" />
		<Point X = "165" Y = "223" T = "0" Pressure = "0" />
		<Point X = "165" Y = "222" T = "0" Pressure = "0" />
		<Point X = "167" Y = "221" T = "0" Pressure = "0" />
		<Point X = "168" Y = "220" T = "0" Pressure = "0" />
		<Point X = "169" Y = "219" T = "0" Pressure = "0" />
		<Point X = "169" Y = "217" T = "0" Pressure = "0" />
		<Point X = "169" Y = "216" T = "0" Pressure = "0" />
		<Point X = "171" Y = "214" T = "0" Pressure = "0" />
		<Point X = "172" Y = "213" T = "0" Pressure = "0" />
		<Point X = "173" Y = "212" T = "0" Pressure = "0" />
		<Point X = "174" Y = "211" T = "0" Pressure = "0" />
		<Point X = "175" Y = "210" T = "0" Pressure = "0" />
		<Point X = "175" Y = "209" T = "0" Pressure = "0" />
		<Point X = "175" Y = "208" T = "0" Pressure = "0" />
		<Point X = "175" Y = "207" T = "0" Pressure = "0" />
		<Point X = "175" Y = "205" T = "0" Pressure = "0" />
		<Point X = "175" Y = "204" T = "0" Pressure = "0" />
		<Point X = "175" Y = "203" T = "0" Pressure = "0" />
		<Point X = "175" Y = "201" T = "0" Pressure = "0" />
		<Point X = "175" Y = "199" T = "0" Pressure = "0" />
		<Point X = "175" Y = "197" T = "0" Pressure = "0" />
		<Point X = "175" Y = "195" T = "0" Pressure = "0" />
		<Point X = "174" Y = "192" T = "0" Pressure = "0" />
		<Point X = "173" Y = "191" T = "0" Pressure = "0" />
		<Point X = "173" Y = "189" T = "0" Pressure = "0" />
		<Point X = "171" Y = "188" T = "0" Pressure = "0" />
		<Point X = "169" Y = "186" T = "0" Pressure = "0" />
		<Point X = "167" Y = "185" T = "0" Pressure = "0" />
		<Point X = "166" Y = "184" T = "0" Pressure = "0" />
		<Point X = "164" Y = "182" T = "0" Pressure = "0" />
		<Point X = "162" Y = "181" T = "0" Pressure = "0" />
		<Point X = "159" Y = "180" T = "0" Pressure = "0" />
		<Point X = "158" Y = "180" T = "0" Pressure = "0" />
		<Point X = "156" Y = "180" T = "0" Pressure = "0" />
		<Point X = "154" Y = "178" T = "0" Pressure = "0" />
		<Point X = "152" Y = "177" T = "0" Pressure = "0" />
		<Point X = "150" Y = "177" T = "0" Pressure = "0" />
		<Point X = "148" Y = "177" T = "0" Pressure = "0" />
		<Point X = "145" Y = "176" T = "0" Pressure = "0" />
		<Point X = "143" Y = "175" T = "0" Pressure = "0" />
		<Point X = "141" Y = "174" T = "0" Pressure = "0" />
		<Point X = "138" Y = "174" T = "0" Pressure = "0" />
		<Point X = "137" Y = "174" T = "0" Pressure = "0" />
		<Point X = "135" Y = "174" T = "0" Pressure = "0" />
		<Point X = "134" Y = "174" T = "0" Pressure = "0" />
		<Point X = "133" Y = "174" T = "0" Pressure = "0" />
		<Point X = "132" Y = "174" T = "0" Pressure = "0" />
		<Point X = "131" Y = "174" T = "0" Pressure = "0" />
		<Point X = "129" Y = "174" T = "0" Pressure = "0" />
		<Point X = "128" Y = "174" T = "0" Pressure = "0" />
		<Point X = "127" Y = "174" T = "0" Pressure = "0" />
		<Point X = "125" Y = "174" T = "0" Pressure = "0" />
		<Point X = "124" Y = "174" T = "0" Pressure = "0" />
		<Point X = "122" Y = "174" T = "0" Pressure = "0" />
		<Point X = "121" Y = "174" T = "0" Pressure = "0" />
		<Point X = "119" Y = "174" T = "0" Pressure = "0" />
		<Point X = "118" Y = "174" T = "0" Pressure = "0" />
		<Point X = "116" Y = "174" T = "0" Pressure = "0" />
		<Point X = "115" Y = "174" T = "0" Pressure = "0" />
		<Point X = "113" Y = "174" T = "0" Pressure = "0" />
		<Point X = "112" Y = "174" T = "0" Pressure = "0" />
		<Point X = "111" Y = "174" T = "0" Pressure = "0" />
		<Point X = "110" Y = "174" T = "0" Pressure = "0" />
		<Point X = "109" Y = "174" T = "0" Pressure = "0" />
		<Point X = "108" Y = "174" T = "0" Pressure = "0" />
		<Point X = "107" Y = "174" T = "0" Pressure = "0" />
		<Point X = "106" Y = "174" T = "0" Pressure = "0" />
		<Point X = "103" Y = "174" T = "0" Pressure = "0" />
		<Point X = "102" Y = "174" T = "0" Pressure = "0" />
		<Point X = "102" Y = "175" T = "0" Pressure = "0" />
		<Point X = "100" Y = "175" T = "0" Pressure = "0" />
		<Point X = "99" Y = "175" T = "0" Pressure = "0" />
		<Point X = "97" Y = "175" T = "0" Pressure = "0" />
		<Point X = "95" Y = "177" T = "0" Pressure = "0" />
		<Point X = "94" Y = "177" T = "0" Pressure = "0" />
		<Point X = "93" Y = "177" T = "0" Pressure = "0" />
		<Point X = "92" Y = "177" T = "0" Pressure = "0" />
		<Point X = "91" Y = "178" T = "0" Pressure = "0" />
		<Point X = "90" Y = "178" T = "0" Pressure = "0" />
		<Point X = "89" Y = "178" T = "0" Pressure = "0" />
		<Point X = "88" Y = "179" T = "0" Pressure = "0" />
		<Point X = "87" Y = "179" T = "0" Pressure = "0" />
		<Point X = "85" Y = "180" T = "0" Pressure = "0" />
		<Point X = "84" Y = "180" T = "0" Pressure = "0" />
	</Stroke>
</Gesture>
