<?xml version="1.0" encoding="utf-8" standalone="yes"?>
<Gesture Name = "b">
	<Stroke>
		<Point X = "31" Y = "32" T = "0" Pressure = "0" />
		<Point X = "31" Y = "36" T = "0" Pressure = "0" />
		<Point X = "31" Y = "39" T = "0" Pressure = "0" />
		<Point X = "31" Y = "44" T = "0" Pressure = "0" />
		<Point X = "31" Y = "50" T = "0" Pressure = "0" />
		<Point X = "31" Y = "55" T = "0" Pressure = "0" />
		<Point X = "31" Y = "62" T = "0" Pressure = "0" />
		<Point X = "31" Y = "71" T = "0" Pressure = "0" />
		<Point X = "31" Y = "77" T = "0" Pressure = "0" />
		<Point X = "31" Y = "86" T = "0" Pressure = "0" />
		<Point X = "31" Y = "91" T = "0" Pressure = "0" />
		<Point X = "31" Y = "95" T = "0" Pressure = "0" />
		<Point X = "31" Y = "98" T = "0" Pressure = "0" />
		<Point X = "31" Y = "102" T = "0" Pressure = "0" />
		<Point X = "31" Y = "106" T = "0" Pressure = "0" />
		<Point X = "31" Y = "108" T = "0" Pressure = "0" />
		<Point X = "31" Y = "112" T = "0" Pressure = "0" />
		<Point X = "31" Y = "115" T = "0" Pressure = "0" />
		<Point X = "31" Y = "121" T = "0" Pressure = "0" />
		<Point X = "31" Y = "127" T = "0" Pressure = "0" />
		<Point X = "31" Y = "134" T = "0" Pressure = "0" />
		<Point X = "31" Y = "142" T = "0" Pressure = "0" />
		<Point X = "33" Y = "148" T = "0" Pressure = "0" />
		<Point X = "34" Y = "154" T = "0" Pressure = "0" />
		<Point X = "34" Y = "158" T = "0" Pressure = "0" />
		<Point X = "36" Y = "161" T = "0" Pressure = "0" />
		<Point X = "36" Y = "166" T = "0" Pressure = "0" />
		<Point X = "36" Y = "170" T = "0" Pressure = "0" />
		<Point X = "38" Y = "176" T = "0" Pressure = "0" />
		<Point X = "39" Y = "183" T = "0" Pressure = "0" />
		<Point X = "40" Y = "188" T = "0" Pressure = "0" />
		<Point X = "43" Y = "195" T = "0" Pressure = "0" />
		<Point X = "45" Y = "203" T = "0" Pressure = "0" />
		<Point X = "46" Y = "209" T = "0" Pressure = "0" />
		<Point X = "47" Y = "212" T = "0" Pressure = "0" />
		<Point X = "48" Y = "214" T = "0" Pressure = "0" />
		<Point X = "50" Y = "217" T = "0" Pressure = "0" />
		<Point X = "50" Y = "218" T = "0" Pressure = "0" />
		<Point X = "51" Y = "219" T = "0" Pressure = "0" />
		<Point X = "51" Y = "220" T = "0" Pressure = "0" />
		<Point X = "52" Y = "220" T = "0" Pressure = "0" />
		<Point X = "53" Y = "221" T = "0" Pressure = "0" />
		<Point X = "55" Y = "223" T = "0" Pressure = "0" />
		<Point X = "57" Y = "224" T = "0" Pressure = "0" />
		<Point X = "59" Y = "224" T = "0" Pressure = "0" />
		<Point X = "61" Y = "224" T = "0" Pressure = "0" />
		<Point X = "62" Y = "224" T = "0" Pressure = "0" />
		<Point X = "65" Y = "224" T = "0" Pressure = "0" />
		<Point X = "68" Y = "224" T = "0" Pressure = "0" />
		<Point X = "70" Y = "224" T = "0" Pressure = "0" />
		<Point X = "73" Y = "224" T = "0" Pressure = "0" />
		<Point X = "76" Y = "224" T = "0" Pressure = "0" />
		<Point X = "79" Y = "224" T = "0" Pressure = "0" />
		<Point X = "80" Y = "224" T = "0" Pressure = "0" />
		<Point X = "83" Y = "224" T = "0" Pressure = "0" />
		<Point X = "85" Y = "223" T = "0" Pressure = "0" />
		<Point X = "88" Y = "222" T = "0" Pressure = "0" />
		<Point X = "91" Y = "220" T = "0" Pressure = "0" />
		<Point X = "93" Y = "219" T = "0" Pressure = "0" />
		<Point X = "94" Y = "218" T = "0" Pressure = "0" />
		<Point X = "97" Y = "217" T = "0" Pressure = "0" />
		<Point X = "101" Y = "217" T = "0" Pressure = "0" />
		<Point X = "104" Y = "215" T = "0" Pressure = "0" />
		<Point X = "106" Y = "214" T = "0" Pressure = "0" />
		<Point X = "108" Y = "214" T = "0" Pressure = "0" />
		<Point X = "109" Y = "212" T = "0" Pressure = "0" />
		<Point X = "110" Y = "211" T = "0" Pressure = "0" />
		<Point X = "111" Y = "208" T = "0" Pressure = "0" />
		<Point X = "111" Y = "207" T = "0" Pressure = "0" />
		<Point X = "111" Y = "203" T = "0" Pressure = "0" />
		<Point X = "111" Y = "201" T = "0" Pressure = "0" />
		<Point X = "111" Y = "199" T = "0" Pressure = "0" />
		<Point X = "111" Y = "196" T = "0" Pressure = "0" />
		<Point X = "111" Y = "195" T = "0" Pressure = "0" />
		<Point X = "110" Y = "192" T = "0" Pressure = "0" />
		<Point X = "109" Y = "189" T = "0" Pressure = "0" />
		<Point X = "107" Y = "186" T = "0" Pressure = "0" />
		<Point X = "106" Y = "183" T = "0" Pressure = "0" />
		<Point X = "105" Y = "181" T = "0" Pressure = "0" />
		<Point X = "103" Y = "178" T = "0" Pressure = "0" />
		<Point X = "102" Y = "174" T = "0" Pressure = "0" />
		<Point X = "99" Y = "171" T = "0" Pressure = "0" />
		<Point X = "98" Y = "168" T = "0" Pressure = "0" />
		<Point X = "96" Y = "165" T = "0" Pressure = "0" />
		<Point X = "94" Y = "164" T = "0" Pressure = "0" />
		<Point X = "94" Y = "162" T = "0" Pressure = "0" />
		<Point X = "93" Y = "162" T = "0" Pressure = "0" />
		<Point X = "93" Y = "160" T = "0" Pressure = "0" />
		<Point X = "92" Y = "160" T = "0" Pressure = "0" />
		<Point X = "91" Y = "159" T = "0" Pressure = "0" />
		<Point X = "90" Y = "158" T = "0" Pressure = "0" />
		<Point X = "89" Y = "157" T = "0" Pressure = "0" />
		<Point X = "87" Y = "155" T = "0" Pressure = "0" />
		<Point X = "85" Y = "154" T = "0" Pressure = "0" />
		<Point X = "84" Y = "153" T = "0" Pressure = "0" />
		<Point X = "80" Y = "150" T = "0" Pressure = "0" />
		<Point X = "77" Y = "150" T = "0" Pressure = "0" />
		<Point X = "75" Y = "148" T = "0" Pressure = "0" />
		<Point X = "73" Y = "147" T = "0" Pressure = "0" />
		<Point X = "72" Y = "146" T = "0" Pressure = "0" />
		<Point X = "71" Y = "146" T = "0" Pressure = "0" />
		<Point X = "70" Y = "145" T = "0" Pressure = "0" />
		<Point X = "69" Y = "145" T = "0" Pressure = "0" />
		<Point X = "68" Y = "145" T = "0" Pressure = "0" />
		<Point X = "67" Y = "145" T = "0" Pressure = "0" />
		<Point X = "65" Y = "145" T = "0" Pressure = "0" />
		<Point X = "63" Y = "145" T = "0" Pressure = "0" />
		<Point X = "60" Y = "145" T = "0" Pressure = "0" />
		<Point X = "59" Y = "145" T = "0" Pressure = "0" />
		<Point X = "57" Y = "145" T = "0" Pressure = "0" />
		<Point X = "56" Y = "145" T = "0" Pressure = "0" />
		<Point X = "55" Y = "146" T = "0" Pressure = "0" />
		<Point X = "54" Y = "146" T = "0" Pressure = "0" />
		<Point X = "52" Y = "147" T = "0" Pressure = "0" />
		<Point X = "51" Y = "147" T = "0" Pressure = "0" />
		<Point X = "50" Y = "147" T = "0" Pressure = "0" />
		<Point X = "49" Y = "147" T = "0" Pressure = "0" />
		<Point X = "48" Y = "148" T = "0" Pressure = "0" />
		<Point X = "47" Y = "149" T = "0" Pressure = "0" />
		<Point X = "46" Y = "151" T = "0" Pressure = "0" />
		<Point X = "45" Y = "151" T = "0" Pressure = "0" />
		<Point X = "44" Y = "152" T = "0" Pressure = "0" />
		<Point X = "43" Y = "153" T = "0" Pressure = "0" />
		<Point X = "42" Y = "154" T = "0" Pressure = "0" />
		<Point X = "41" Y = "155" T = "0" Pressure = "0" />
		<Point X = "40" Y = "156" T = "0" Pressure = "0" />
		<Point X = "40" Y = "157" T = "0" Pressure = "0" />
		<Point X = "40" Y = "158" T = "0" Pressure = "0" />
		<Point X = "40" Y = "159" T = "0" Pressure = "0" />
		<Point X = "39" Y = "159" T = "0" Pressure = "0" />
		<Point X = "39" Y = "160" T = "0" Pressure = "0" />
		<Point X = "38" Y = "160" T = "0" Pressure = "0" />
		<Point X = "38" Y = "161" T = "0" Pressure = "0" />
	</Stroke>
</Gesture>
