<?xml version="1.0" encoding="utf-8" standalone="yes"?>
<Gesture Name = "b">
	<Stroke>
		<Point X = "102" Y = "94" T = "0" Pressure = "0" />
		<Point X = "102" Y = "96" T = "0" Pressure = "0" />
		<Point X = "102" Y = "100" T = "0" Pressure = "0" />
		<Point X = "102" Y = "104" T = "0" Pressure = "0" />
		<Point X = "102" Y = "110" T = "0" Pressure = "0" />
		<Point X = "103" Y = "117" T = "0" Pressure = "0" />
		<Point X = "103" Y = "124" T = "0" Pressure = "0" />
		<Point X = "103" Y = "132" T = "0" Pressure = "0" />
		<Point X = "103" Y = "139" T = "0" Pressure = "0" />
		<Point X = "105" Y = "148" T = "0" Pressure = "0" />
		<Point X = "107" Y = "157" T = "0" Pressure = "0" />
		<Point X = "108" Y = "161" T = "0" Pressure = "0" />
		<Point X = "108" Y = "166" T = "0" Pressure = "0" />
		<Point X = "108" Y = "170" T = "0" Pressure = "0" />
		<Point X = "108" Y = "174" T = "0" Pressure = "0" />
		<Point X = "108" Y = "179" T = "0" Pressure = "0" />
		<Point X = "108" Y = "181" T = "0" Pressure = "0" />
		<Point X = "109" Y = "185" T = "0" Pressure = "0" />
		<Point X = "111" Y = "190" T = "0" Pressure = "0" />
		<Point X = "112" Y = "194" T = "0" Pressure = "0" />
		<Point X = "112" Y = "201" T = "0" Pressure = "0" />
		<Point X = "113" Y = "207" T = "0" Pressure = "0" />
		<Point X = "114" Y = "211" T = "0" Pressure = "0" />
		<Point X = "116" Y = "216" T = "0" Pressure = "0" />
		<Point X = "117" Y = "220" T = "0" Pressure = "0" />
		<Point X = "117" Y = "225" T = "0" Pressure = "0" />
		<Point X = "120" Y = "229" T = "0" Pressure = "0" />
		<Point X = "121" Y = "233" T = "0" Pressure = "0" />
		<Point X = "122" Y = "235" T = "0" Pressure = "0" />
		<Point X = "123" Y = "237" T = "0" Pressure = "0" />
		<Point X = "124" Y = "240" T = "0" Pressure = "0" />
		<Point X = "125" Y = "243" T = "0" Pressure = "0" />
		<Point X = "126" Y = "246" T = "0" Pressure = "0" />
		<Point X = "128" Y = "249" T = "0" Pressure = "0" />
		<Point X = "129" Y = "252" T = "0" Pressure = "0" />
		<Point X = "131" Y = "256" T = "0" Pressure = "0" />
		<Point X = "132" Y = "258" T = "0" Pressure = "0" />
		<Point X = "133" Y = "260" T = "0" Pressure = "0" />
		<Point X = "134" Y = "262" T = "0" Pressure = "0" />
		<Point X = "136" Y = "265" T = "0" Pressure = "0" />
		<Point X = "137" Y = "267" T = "0" Pressure = "0" />
		<Point X = "139" Y = "269" T = "0" Pressure = "0" />
		<Point X = "140" Y = "270" T = "0" Pressure = "0" />
		<Point X = "144" Y = "273" T = "0" Pressure = "0" />
		<Point X = "145" Y = "274" T = "0" Pressure = "0" />
		<Point X = "150" Y = "278" T = "0" Pressure = "0" />
		<Point X = "153" Y = "280" T = "0" Pressure = "0" />
		<Point X = "158" Y = "283" T = "0" Pressure = "0" />
		<Point X = "161" Y = "285" T = "0" Pressure = "0" />
		<Point X = "163" Y = "286" T = "0" Pressure = "0" />
		<Point X = "164" Y = "287" T = "0" Pressure = "0" />
		<Point X = "166" Y = "287" T = "0" Pressure = "0" />
		<Point X = "167" Y = "289" T = "0" Pressure = "0" />
		<Point X = "168" Y = "289" T = "0" Pressure = "0" />
		<Point X = "170" Y = "290" T = "0" Pressure = "0" />
		<Point X = "172" Y = "290" T = "0" Pressure = "0" />
		<Point X = "174" Y = "290" T = "0" Pressure = "0" />
		<Point X = "176" Y = "290" T = "0" Pressure = "0" />
		<Point X = "179" Y = "290" T = "0" Pressure = "0" />
		<Point X = "180" Y = "290" T = "0" Pressure = "0" />
		<Point X = "181" Y = "290" T = "0" Pressure = "0" />
		<Point X = "182" Y = "290" T = "0" Pressure = "0" />
		<Point X = "183" Y = "290" T = "0" Pressure = "0" />
		<Point X = "185" Y = "290" T = "0" Pressure = "0" />
		<Point X = "186" Y = "290" T = "0" Pressure = "0" />
		<Point X = "188" Y = "289" T = "0" Pressure = "0" />
		<Point X = "192" Y = "286" T = "0" Pressure = "0" />
		<Point X = "194" Y = "283" T = "0" Pressure = "0" />
		<Point X = "196" Y = "281" T = "0" Pressure = "0" />
		<Point X = "198" Y = "279" T = "0" Pressure = "0" />
		<Point X = "199" Y = "276" T = "0" Pressure = "0" />
		<Point X = "201" Y = "274" T = "0" Pressure = "0" />
		<Point X = "202" Y = "273" T = "0" Pressure = "0" />
		<Point X = "202" Y = "270" T = "0" Pressure = "0" />
		<Point X = "203" Y = "269" T = "0" Pressure = "0" />
		<Point X = "205" Y = "265" T = "0" Pressure = "0" />
		<Point X = "205" Y = "263" T = "0" Pressure = "0" />
		<Point X = "205" Y = "262" T = "0" Pressure = "0" />
		<Point X = "206" Y = "260" T = "0" Pressure = "0" />
		<Point X = "206" Y = "259" T = "0" Pressure = "0" />
		<Point X = "206" Y = "257" T = "0" Pressure = "0" />
		<Point X = "206" Y = "256" T = "0" Pressure = "0" />
		<Point X = "206" Y = "255" T = "0" Pressure = "0" />
		<Point X = "205" Y = "254" T = "0" Pressure = "0" />
		<Point X = "204" Y = "253" T = "0" Pressure = "0" />
		<Point X = "203" Y = "251" T = "0" Pressure = "0" />
		<Point X = "201" Y = "251" T = "0" Pressure = "0" />
		<Point X = "197" Y = "249" T = "0" Pressure = "0" />
		<Point X = "196" Y = "248" T = "0" Pressure = "0" />
		<Point X = "193" Y = "247" T = "0" Pressure = "0" />
		<Point X = "191" Y = "247" T = "0" Pressure = "0" />
		<Point X = "189" Y = "245" T = "0" Pressure = "0" />
		<Point X = "186" Y = "244" T = "0" Pressure = "0" />
		<Point X = "183" Y = "244" T = "0" Pressure = "0" />
		<Point X = "180" Y = "243" T = "0" Pressure = "0" />
		<Point X = "178" Y = "242" T = "0" Pressure = "0" />
		<Point X = "176" Y = "242" T = "0" Pressure = "0" />
		<Point X = "173" Y = "242" T = "0" Pressure = "0" />
		<Point X = "171" Y = "241" T = "0" Pressure = "0" />
		<Point X = "169" Y = "241" T = "0" Pressure = "0" />
		<Point X = "166" Y = "240" T = "0" Pressure = "0" />
		<Point X = "163" Y = "239" T = "0" Pressure = "0" />
		<Point X = "161" Y = "238" T = "0" Pressure = "0" />
		<Point X = "159" Y = "238" T = "0" Pressure = "0" />
		<Point X = "158" Y = "238" T = "0" Pressure = "0" />
		<Point X = "157" Y = "238" T = "0" Pressure = "0" />
		<Point X = "155" Y = "238" T = "0" Pressure = "0" />
		<Point X = "154" Y = "238" T = "0" Pressure = "0" />
		<Point X = "151" Y = "238" T = "0" Pressure = "0" />
		<Point X = "148" Y = "238" T = "0" Pressure = "0" />
		<Point X = "147" Y = "238" T = "0" Pressure = "0" />
		<Point X = "145" Y = "238" T = "0" Pressure = "0" />
		<Point X = "144" Y = "238" T = "0" Pressure = "0" />
		<Point X = "143" Y = "238" T = "0" Pressure = "0" />
		<Point X = "142" Y = "238" T = "0" Pressure = "0" />
		<Point X = "141" Y = "238" T = "0" Pressure = "0" />
		<Point X = "140" Y = "238" T = "0" Pressure = "0" />
		<Point X = "139" Y = "238" T = "0" Pressure = "0" />
		<Point X = "138" Y = "238" T = "0" Pressure = "0" />
		<Point X = "137" Y = "238" T = "0" Pressure = "0" />
		<Point X = "136" Y = "239" T = "0" Pressure = "0" />
		<Point X = "134" Y = "240" T = "0" Pressure = "0" />
		<Point X = "132" Y = "240" T = "0" Pressure = "0" />
		<Point X = "131" Y = "241" T = "0" Pressure = "0" />
		<Point X = "129" Y = "241" T = "0" Pressure = "0" />
		<Point X = "128" Y = "241" T = "0" Pressure = "0" />
		<Point X = "128" Y = "242" T = "0" Pressure = "0" />
	</Stroke>
</Gesture>
