<?xml version="1.0" encoding="utf-8" standalone="yes"?>
<Gesture Name = "b">
	<Stroke>
		<Point X = "225" Y = "55" T = "0" Pressure = "0" />
		<Point X = "224" Y = "58" T = "0" Pressure = "0" />
		<Point X = "224" Y = "60" T = "0" Pressure = "0" />
		<Point X = "224" Y = "62" T = "0" Pressure = "0" />
		<Point X = "224" Y = "66" T = "0" Pressure = "0" />
		<Point X = "224" Y = "68" T = "0" Pressure = "0" />
		<Point X = "224" Y = "72" T = "0" Pressure = "0" />
		<Point X = "223" Y = "76" T = "0" Pressure = "0" />
		<Point X = "223" Y = "81" T = "0" Pressure = "0" />
		<Point X = "222" Y = "89" T = "0" Pressure = "0" />
		<Point X = "222" Y = "96" T = "0" Pressure = "0" />
		<Point X = "222" Y = "104" T = "0" Pressure = "0" />
		<Point X = "222" Y = "115" T = "0" Pressure = "0" />
		<Point X = "222" Y = "126" T = "0" Pressure = "0" />
		<Point X = "222" Y = "137" T = "0" Pressure = "0" />
		<Point X = "222" Y = "145" T = "0" Pressure = "0" />
		<Point X = "222" Y = "153" T = "0" Pressure = "0" />
		<Point X = "222" Y = "161" T = "0" Pressure = "0" />
		<Point X = "222" Y = "167" T = "0" Pressure = "0" />
		<Point X = "222" Y = "173" T = "0" Pressure = "0" />
		<Point X = "222" Y = "178" T = "0" Pressure = "0" />
		<Point X = "222" Y = "185" T = "0" Pressure = "0" />
		<Point X = "222" Y = "191" T = "0" Pressure = "0" />
		<Point X = "222" Y = "195" T = "0" Pressure = "0" />
		<Point X = "222" Y = "202" T = "0" Pressure = "0" />
		<Point X = "222" Y = "209" T = "0" Pressure = "0" />
		<Point X = "222" Y = "217" T = "0" Pressure = "0" />
		<Point X = "222" Y = "226" T = "0" Pressure = "0" />
		<Point X = "222" Y = "235" T = "0" Pressure = "0" />
		<Point X = "222" Y = "241" T = "0" Pressure = "0" />
		<Point X = "222" Y = "246" T = "0" Pressure = "0" />
		<Point X = "222" Y = "249" T = "0" Pressure = "0" />
		<Point X = "222" Y = "252" T = "0" Pressure = "0" />
		<Point X = "222" Y = "254" T = "0" Pressure = "0" />
		<Point X = "222" Y = "256" T = "0" Pressure = "0" />
		<Point X = "223" Y = "258" T = "0" Pressure = "0" />
		<Point X = "223" Y = "260" T = "0" Pressure = "0" />
		<Point X = "224" Y = "263" T = "0" Pressure = "0" />
		<Point X = "225" Y = "268" T = "0" Pressure = "0" />
		<Point X = "225" Y = "271" T = "0" Pressure = "0" />
		<Point X = "226" Y = "273" T = "0" Pressure = "0" />
		<Point X = "227" Y = "276" T = "0" Pressure = "0" />
		<Point X = "227" Y = "277" T = "0" Pressure = "0" />
		<Point X = "228" Y = "278" T = "0" Pressure = "0" />
		<Point X = "229" Y = "280" T = "0" Pressure = "0" />
		<Point X = "231" Y = "283" T = "0" Pressure = "0" />
		<Point X = "232" Y = "285" T = "0" Pressure = "0" />
		<Point X = "233" Y = "286" T = "0" Pressure = "0" />
		<Point X = "234" Y = "288" T = "0" Pressure = "0" />
		<Point X = "235" Y = "288" T = "0" Pressure = "0" />
		<Point X = "237" Y = "289" T = "0" Pressure = "0" />
		<Point X = "238" Y = "289" T = "0" Pressure = "0" />
		<Point X = "240" Y = "289" T = "0" Pressure = "0" />
		<Point X = "241" Y = "289" T = "0" Pressure = "0" />
		<Point X = "244" Y = "289" T = "0" Pressure = "0" />
		<Point X = "246" Y = "289" T = "0" Pressure = "0" />
		<Point X = "249" Y = "289" T = "0" Pressure = "0" />
		<Point X = "252" Y = "289" T = "0" Pressure = "0" />
		<Point X = "255" Y = "289" T = "0" Pressure = "0" />
		<Point X = "256" Y = "289" T = "0" Pressure = "0" />
		<Point X = "259" Y = "289" T = "0" Pressure = "0" />
		<Point X = "261" Y = "289" T = "0" Pressure = "0" />
		<Point X = "264" Y = "289" T = "0" Pressure = "0" />
		<Point X = "267" Y = "288" T = "0" Pressure = "0" />
		<Point X = "268" Y = "288" T = "0" Pressure = "0" />
		<Point X = "271" Y = "286" T = "0" Pressure = "0" />
		<Point X = "275" Y = "286" T = "0" Pressure = "0" />
		<Point X = "278" Y = "286" T = "0" Pressure = "0" />
		<Point X = "280" Y = "285" T = "0" Pressure = "0" />
		<Point X = "283" Y = "284" T = "0" Pressure = "0" />
		<Point X = "287" Y = "282" T = "0" Pressure = "0" />
		<Point X = "290" Y = "282" T = "0" Pressure = "0" />
		<Point X = "291" Y = "280" T = "0" Pressure = "0" />
		<Point X = "294" Y = "278" T = "0" Pressure = "0" />
		<Point X = "295" Y = "277" T = "0" Pressure = "0" />
		<Point X = "297" Y = "275" T = "0" Pressure = "0" />
		<Point X = "299" Y = "273" T = "0" Pressure = "0" />
		<Point X = "300" Y = "272" T = "0" Pressure = "0" />
		<Point X = "303" Y = "270" T = "0" Pressure = "0" />
		<Point X = "303" Y = "269" T = "0" Pressure = "0" />
		<Point X = "303" Y = "268" T = "0" Pressure = "0" />
		<Point X = "304" Y = "266" T = "0" Pressure = "0" />
		<Point X = "306" Y = "265" T = "0" Pressure = "0" />
		<Point X = "307" Y = "263" T = "0" Pressure = "0" />
		<Point X = "308" Y = "260" T = "0" Pressure = "0" />
		<Point X = "310" Y = "259" T = "0" Pressure = "0" />
		<Point X = "310" Y = "256" T = "0" Pressure = "0" />
		<Point X = "310" Y = "252" T = "0" Pressure = "0" />
		<Point X = "311" Y = "247" T = "0" Pressure = "0" />
		<Point X = "311" Y = "242" T = "0" Pressure = "0" />
		<Point X = "311" Y = "233" T = "0" Pressure = "0" />
		<Point X = "311" Y = "228" T = "0" Pressure = "0" />
		<Point X = "311" Y = "222" T = "0" Pressure = "0" />
		<Point X = "311" Y = "218" T = "0" Pressure = "0" />
		<Point X = "311" Y = "215" T = "0" Pressure = "0" />
		<Point X = "311" Y = "213" T = "0" Pressure = "0" />
		<Point X = "310" Y = "210" T = "0" Pressure = "0" />
		<Point X = "308" Y = "207" T = "0" Pressure = "0" />
		<Point X = "307" Y = "207" T = "0" Pressure = "0" />
		<Point X = "305" Y = "207" T = "0" Pressure = "0" />
		<Point X = "303" Y = "206" T = "0" Pressure = "0" />
		<Point X = "301" Y = "206" T = "0" Pressure = "0" />
		<Point X = "298" Y = "206" T = "0" Pressure = "0" />
		<Point X = "296" Y = "206" T = "0" Pressure = "0" />
		<Point X = "295" Y = "206" T = "0" Pressure = "0" />
		<Point X = "292" Y = "206" T = "0" Pressure = "0" />
		<Point X = "287" Y = "205" T = "0" Pressure = "0" />
		<Point X = "286" Y = "204" T = "0" Pressure = "0" />
		<Point X = "284" Y = "204" T = "0" Pressure = "0" />
		<Point X = "282" Y = "204" T = "0" Pressure = "0" />
		<Point X = "280" Y = "204" T = "0" Pressure = "0" />
		<Point X = "279" Y = "203" T = "0" Pressure = "0" />
		<Point X = "277" Y = "203" T = "0" Pressure = "0" />
		<Point X = "274" Y = "203" T = "0" Pressure = "0" />
		<Point X = "271" Y = "202" T = "0" Pressure = "0" />
		<Point X = "268" Y = "202" T = "0" Pressure = "0" />
		<Point X = "265" Y = "202" T = "0" Pressure = "0" />
		<Point X = "262" Y = "201" T = "0" Pressure = "0" />
		<Point X = "261" Y = "201" T = "0" Pressure = "0" />
		<Point X = "258" Y = "201" T = "0" Pressure = "0" />
		<Point X = "257" Y = "201" T = "0" Pressure = "0" />
		<Point X = "255" Y = "201" T = "0" Pressure = "0" />
		<Point X = "254" Y = "201" T = "0" Pressure = "0" />
		<Point X = "253" Y = "201" T = "0" Pressure = "0" />
		<Point X = "252" Y = "201" T = "0" Pressure = "0" />
		<Point X = "251" Y = "201" T = "0" Pressure = "0" />
		<Point X = "248" Y = "201" T = "0" Pressure = "0" />
		<Point X = "247" Y = "201" T = "0" Pressure = "0" />
		<Point X = "244" Y = "201" T = "0" Pressure = "0" />
		<Point X = "241" Y = "201" T = "0" Pressure = "0" />
		<Point X = "239" Y = "201" T = "0" Pressure = "0" />
		<Point X = "236" Y = "201" T = "0" Pressure = "0" />
		<Point X = "233" Y = "202" T = "0" Pressure = "0" />
		<Point X = "229" Y = "204" T = "0" Pressure = "0" />
		<Point X = "227" Y = "204" T = "0" Pressure = "0" />
		<Point X = "225" Y = "206" T = "0" Pressure = "0" />
		<Point X = "222" Y = "206" T = "0" Pressure = "0" />
		<Point X = "220" Y = "207" T = "0" Pressure = "0" />
		<Point X = "219" Y = "208" T = "0" Pressure = "0" />
		<Point X = "218" Y = "208" T = "0" Pressure = "0" />
		<Point X = "217" Y = "208" T = "0" Pressure = "0" />
		<Point X = "216" Y = "208" T = "0" Pressure = "0" />
		<Point X = "216" Y = "209" T = "0" Pressure = "0" />
		<Point X = "217" Y = "209" T = "0" Pressure = "0" />
	</Stroke>
</Gesture>
