<?xml version="1.0" encoding="utf-8" standalone="yes"?>
<Gesture Name = "b">
	<Stroke>
		<Point X = "247" Y = "104" T = "0" Pressure = "0" />
		<Point X = "246" Y = "108" T = "0" Pressure = "0" />
		<Point X = "246" Y = "110" T = "0" Pressure = "0" />
		<Point X = "244" Y = "114" T = "0" Pressure = "0" />
		<Point X = "243" Y = "119" T = "0" Pressure = "0" />
		<Point X = "241" Y = "126" T = "0" Pressure = "0" />
		<Point X = "240" Y = "129" T = "0" Pressure = "0" />
		<Point X = "238" Y = "133" T = "0" Pressure = "0" />
		<Point X = "238" Y = "138" T = "0" Pressure = "0" />
		<Point X = "238" Y = "141" T = "0" Pressure = "0" />
		<Point X = "238" Y = "146" T = "0" Pressure = "0" />
		<Point X = "237" Y = "149" T = "0" Pressure = "0" />
		<Point X = "237" Y = "153" T = "0" Pressure = "0" />
		<Point X = "236" Y = "156" T = "0" Pressure = "0" />
		<Point X = "235" Y = "158" T = "0" Pressure = "0" />
		<Point X = "234" Y = "162" T = "0" Pressure = "0" />
		<Point X = "234" Y = "164" T = "0" Pressure = "0" />
		<Point X = "233" Y = "169" T = "0" Pressure = "0" />
		<Point X = "233" Y = "176" T = "0" Pressure = "0" />
		<Point X = "231" Y = "183" T = "0" Pressure = "0" />
		<Point X = "230" Y = "190" T = "0" Pressure = "0" />
		<Point X = "229" Y = "200" T = "0" Pressure = "0" />
		<Point X = "225" Y = "209" T = "0" Pressure = "0" />
		<Point X = "223" Y = "215" T = "0" Pressure = "0" />
		<Point X = "223" Y = "219" T = "0" Pressure = "0" />
		<Point X = "223" Y = "222" T = "0" Pressure = "0" />
		<Point X = "223" Y = "224" T = "0" Pressure = "0" />
		<Point X = "223" Y = "228" T = "0" Pressure = "0" />
		<Point X = "221" Y = "232" T = "0" Pressure = "0" />
		<Point X = "221" Y = "234" T = "0" Pressure = "0" />
		<Point X = "221" Y = "236" T = "0" Pressure = "0" />
		<Point X = "221" Y = "240" T = "0" Pressure = "0" />
		<Point X = "221" Y = "243" T = "0" Pressure = "0" />
		<Point X = "221" Y = "247" T = "0" Pressure = "0" />
		<Point X = "222" Y = "253" T = "0" Pressure = "0" />
		<Point X = "223" Y = "258" T = "0" Pressure = "0" />
		<Point X = "225" Y = "262" T = "0" Pressure = "0" />
		<Point X = "226" Y = "265" T = "0" Pressure = "0" />
		<Point X = "226" Y = "266" T = "0" Pressure = "0" />
		<Point X = "226" Y = "268" T = "0" Pressure = "0" />
		<Point X = "226" Y = "269" T = "0" Pressure = "0" />
		<Point X = "227" Y = "272" T = "0" Pressure = "0" />
		<Point X = "228" Y = "273" T = "0" Pressure = "0" />
		<Point X = "230" Y = "275" T = "0" Pressure = "0" />
		<Point X = "232" Y = "277" T = "0" Pressure = "0" />
		<Point X = "235" Y = "279" T = "0" Pressure = "0" />
		<Point X = "237" Y = "282" T = "0" Pressure = "0" />
		<Point X = "240" Y = "284" T = "0" Pressure = "0" />
		<Point X = "243" Y = "285" T = "0" Pressure = "0" />
		<Point X = "246" Y = "287" T = "0" Pressure = "0" />
		<Point X = "247" Y = "287" T = "0" Pressure = "0" />
		<Point X = "250" Y = "287" T = "0" Pressure = "0" />
		<Point X = "253" Y = "287" T = "0" Pressure = "0" />
		<Point X = "254" Y = "288" T = "0" Pressure = "0" />
		<Point X = "256" Y = "289" T = "0" Pressure = "0" />
		<Point X = "259" Y = "289" T = "0" Pressure = "0" />
		<Point X = "263" Y = "290" T = "0" Pressure = "0" />
		<Point X = "267" Y = "290" T = "0" Pressure = "0" />
		<Point X = "269" Y = "290" T = "0" Pressure = "0" />
		<Point X = "273" Y = "290" T = "0" Pressure = "0" />
		<Point X = "276" Y = "290" T = "0" Pressure = "0" />
		<Point X = "279" Y = "290" T = "0" Pressure = "0" />
		<Point X = "282" Y = "290" T = "0" Pressure = "0" />
		<Point X = "284" Y = "290" T = "0" Pressure = "0" />
		<Point X = "288" Y = "288" T = "0" Pressure = "0" />
		<Point X = "289" Y = "286" T = "0" Pressure = "0" />
		<Point X = "290" Y = "285" T = "0" Pressure = "0" />
		<Point X = "291" Y = "283" T = "0" Pressure = "0" />
		<Point X = "292" Y = "282" T = "0" Pressure = "0" />
		<Point X = "292" Y = "281" T = "0" Pressure = "0" />
		<Point X = "292" Y = "280" T = "0" Pressure = "0" />
		<Point X = "292" Y = "278" T = "0" Pressure = "0" />
		<Point X = "292" Y = "277" T = "0" Pressure = "0" />
		<Point X = "292" Y = "275" T = "0" Pressure = "0" />
		<Point X = "292" Y = "274" T = "0" Pressure = "0" />
		<Point X = "292" Y = "271" T = "0" Pressure = "0" />
		<Point X = "292" Y = "270" T = "0" Pressure = "0" />
		<Point X = "291" Y = "266" T = "0" Pressure = "0" />
		<Point X = "288" Y = "262" T = "0" Pressure = "0" />
		<Point X = "286" Y = "259" T = "0" Pressure = "0" />
		<Point X = "284" Y = "257" T = "0" Pressure = "0" />
		<Point X = "282" Y = "255" T = "0" Pressure = "0" />
		<Point X = "280" Y = "252" T = "0" Pressure = "0" />
		<Point X = "279" Y = "250" T = "0" Pressure = "0" />
		<Point X = "278" Y = "250" T = "0" Pressure = "0" />
		<Point X = "277" Y = "248" T = "0" Pressure = "0" />
		<Point X = "276" Y = "248" T = "0" Pressure = "0" />
		<Point X = "276" Y = "247" T = "0" Pressure = "0" />
		<Point X = "275" Y = "246" T = "0" Pressure = "0" />
		<Point X = "273" Y = "246" T = "0" Pressure = "0" />
		<Point X = "272" Y = "246" T = "0" Pressure = "0" />
		<Point X = "270" Y = "244" T = "0" Pressure = "0" />
		<Point X = "267" Y = "243" T = "0" Pressure = "0" />
		<Point X = "264" Y = "243" T = "0" Pressure = "0" />
		<Point X = "262" Y = "242" T = "0" Pressure = "0" />
		<Point X = "260" Y = "240" T = "0" Pressure = "0" />
		<Point X = "258" Y = "240" T = "0" Pressure = "0" />
		<Point X = "257" Y = "240" T = "0" Pressure = "0" />
		<Point X = "255" Y = "239" T = "0" Pressure = "0" />
		<Point X = "254" Y = "238" T = "0" Pressure = "0" />
		<Point X = "253" Y = "238" T = "0" Pressure = "0" />
		<Point X = "251" Y = "238" T = "0" Pressure = "0" />
		<Point X = "247" Y = "238" T = "0" Pressure = "0" />
		<Point X = "243" Y = "238" T = "0" Pressure = "0" />
		<Point X = "242" Y = "238" T = "0" Pressure = "0" />
		<Point X = "239" Y = "238" T = "0" Pressure = "0" />
		<Point X = "238" Y = "238" T = "0" Pressure = "0" />
		<Point X = "235" Y = "238" T = "0" Pressure = "0" />
		<Point X = "234" Y = "238" T = "0" Pressure = "0" />
		<Point X = "233" Y = "238" T = "0" Pressure = "0" />
		<Point X = "232" Y = "238" T = "0" Pressure = "0" />
		<Point X = "231" Y = "238" T = "0" Pressure = "0" />
		<Point X = "230" Y = "238" T = "0" Pressure = "0" />
		<Point X = "229" Y = "238" T = "0" Pressure = "0" />
		<Point X = "228" Y = "238" T = "0" Pressure = "0" />
		<Point X = "227" Y = "239" T = "0" Pressure = "0" />
		<Point X = "226" Y = "239" T = "0" Pressure = "0" />
		<Point X = "226" Y = "240" T = "0" Pressure = "0" />
		<Point X = "225" Y = "240" T = "0" Pressure = "0" />
		<Point X = "224" Y = "241" T = "0" Pressure = "0" />
		<Point X = "223" Y = "242" T = "0" Pressure = "0" />
		<Point X = "222" Y = "242" T = "0" Pressure = "0" />
		<Point X = "222" Y = "243" T = "0" Pressure = "0" />
		<Point X = "221" Y = "243" T = "0" Pressure = "0" />
		<Point X = "221" Y = "244" T = "0" Pressure = "0" />
		<Point X = "220" Y = "245" T = "0" Pressure = "0" />
		<Point X = "220" Y = "246" T = "0" Pressure = "0" />
	</Stroke>
</Gesture>
