<?xml version="1.0" encoding="utf-8" standalone="yes"?>
<Gesture Name = "b">
	<Stroke>
		<Point X = "274" Y = "48" T = "0" Pressure = "0" />
		<Point X = "276" Y = "53" T = "0" Pressure = "0" />
		<Point X = "278" Y = "59" T = "0" Pressure = "0" />
		<Point X = "279" Y = "63" T = "0" Pressure = "0" />
		<Point X = "279" Y = "67" T = "0" Pressure = "0" />
		<Point X = "279" Y = "73" T = "0" Pressure = "0" />
		<Point X = "279" Y = "77" T = "0" Pressure = "0" />
		<Point X = "279" Y = "85" T = "0" Pressure = "0" />
		<Point X = "279" Y = "92" T = "0" Pressure = "0" />
		<Point X = "279" Y = "100" T = "0" Pressure = "0" />
		<Point X = "279" Y = "107" T = "0" Pressure = "0" />
		<Point X = "279" Y = "114" T = "0" Pressure = "0" />
		<Point X = "279" Y = "121" T = "0" Pressure = "0" />
		<Point X = "279" Y = "129" T = "0" Pressure = "0" />
		<Point X = "279" Y = "137" T = "0" Pressure = "0" />
		<Point X = "279" Y = "146" T = "0" Pressure = "0" />
		<Point X = "279" Y = "153" T = "0" Pressure = "0" />
		<Point X = "279" Y = "161" T = "0" Pressure = "0" />
		<Point X = "279" Y = "166" T = "0" Pressure = "0" />
		<Point X = "279" Y = "175" T = "0" Pressure = "0" />
		<Point X = "280" Y = "182" T = "0" Pressure = "0" />
		<Point X = "281" Y = "187" T = "0" Pressure = "0" />
		<Point X = "283" Y = "192" T = "0" Pressure = "0" />
		<Point X = "284" Y = "199" T = "0" Pressure = "0" />
		<Point X = "284" Y = "203" T = "0" Pressure = "0" />
		<Point X = "285" Y = "206" T = "0" Pressure = "0" />
		<Point X = "285" Y = "209" T = "0" Pressure = "0" />
		<Point X = "286" Y = "213" T = "0" Pressure = "0" />
		<Point X = "286" Y = "216" T = "0" Pressure = "0" />
		<Point X = "287" Y = "219" T = "0" Pressure = "0" />
		<Point X = "288" Y = "223" T = "0" Pressure = "0" />
		<Point X = "290" Y = "228" T = "0" Pressure = "0" />
		<Point X = "291" Y = "234" T = "0" Pressure = "0" />
		<Point X = "294" Y = "240" T = "0" Pressure = "0" />
		<Point X = "297" Y = "247" T = "0" Pressure = "0" />
		<Point X = "300" Y = "254" T = "0" Pressure = "0" />
		<Point X = "303" Y = "260" T = "0" Pressure = "0" />
		<Point X = "305" Y = "265" T = "0" Pressure = "0" />
		<Point X = "309" Y = "270" T = "0" Pressure = "0" />
		<Point X = "311" Y = "271" T = "0" Pressure = "0" />
		<Point X = "312" Y = "272" T = "0" Pressure = "0" />
		<Point X = "313" Y = "273" T = "0" Pressure = "0" />
		<Point X = "315" Y = "273" T = "0" Pressure = "0" />
		<Point X = "316" Y = "273" T = "0" Pressure = "0" />
		<Point X = "317" Y = "273" T = "0" Pressure = "0" />
		<Point X = "318" Y = "273" T = "0" Pressure = "0" />
		<Point X = "321" Y = "273" T = "0" Pressure = "0" />
		<Point X = "323" Y = "273" T = "0" Pressure = "0" />
		<Point X = "326" Y = "273" T = "0" Pressure = "0" />
		<Point X = "328" Y = "272" T = "0" Pressure = "0" />
		<Point X = "330" Y = "272" T = "0" Pressure = "0" />
		<Point X = "334" Y = "271" T = "0" Pressure = "0" />
		<Point X = "336" Y = "271" T = "0" Pressure = "0" />
		<Point X = "337" Y = "270" T = "0" Pressure = "0" />
		<Point X = "338" Y = "269" T = "0" Pressure = "0" />
		<Point X = "341" Y = "269" T = "0" Pressure = "0" />
		<Point X = "343" Y = "268" T = "0" Pressure = "0" />
		<Point X = "346" Y = "265" T = "0" Pressure = "0" />
		<Point X = "348" Y = "265" T = "0" Pressure = "0" />
		<Point X = "352" Y = "263" T = "0" Pressure = "0" />
		<Point X = "353" Y = "262" T = "0" Pressure = "0" />
		<Point X = "354" Y = "258" T = "0" Pressure = "0" />
		<Point X = "357" Y = "255" T = "0" Pressure = "0" />
		<Point X = "358" Y = "253" T = "0" Pressure = "0" />
		<Point X = "359" Y = "248" T = "0" Pressure = "0" />
		<Point X = "361" Y = "245" T = "0" Pressure = "0" />
		<Point X = "361" Y = "241" T = "0" Pressure = "0" />
		<Point X = "361" Y = "236" T = "0" Pressure = "0" />
		<Point X = "361" Y = "232" T = "0" Pressure = "0" />
		<Point X = "361" Y = "228" T = "0" Pressure = "0" />
		<Point X = "361" Y = "226" T = "0" Pressure = "0" />
		<Point X = "361" Y = "223" T = "0" Pressure = "0" />
		<Point X = "361" Y = "221" T = "0" Pressure = "0" />
		<Point X = "360" Y = "221" T = "0" Pressure = "0" />
		<Point X = "360" Y = "218" T = "0" Pressure = "0" />
		<Point X = "359" Y = "217" T = "0" Pressure = "0" />
		<Point X = "358" Y = "216" T = "0" Pressure = "0" />
		<Point X = "357" Y = "214" T = "0" Pressure = "0" />
		<Point X = "356" Y = "213" T = "0" Pressure = "0" />
		<Point X = "353" Y = "211" T = "0" Pressure = "0" />
		<Point X = "349" Y = "208" T = "0" Pressure = "0" />
		<Point X = "344" Y = "204" T = "0" Pressure = "0" />
		<Point X = "335" Y = "200" T = "0" Pressure = "0" />
		<Point X = "330" Y = "198" T = "0" Pressure = "0" />
		<Point X = "327" Y = "195" T = "0" Pressure = "0" />
		<Point X = "324" Y = "195" T = "0" Pressure = "0" />
		<Point X = "322" Y = "195" T = "0" Pressure = "0" />
		<Point X = "321" Y = "194" T = "0" Pressure = "0" />
		<Point X = "320" Y = "194" T = "0" Pressure = "0" />
		<Point X = "318" Y = "194" T = "0" Pressure = "0" />
		<Point X = "316" Y = "194" T = "0" Pressure = "0" />
		<Point X = "315" Y = "194" T = "0" Pressure = "0" />
		<Point X = "312" Y = "194" T = "0" Pressure = "0" />
		<Point X = "311" Y = "194" T = "0" Pressure = "0" />
		<Point X = "309" Y = "194" T = "0" Pressure = "0" />
		<Point X = "308" Y = "194" T = "0" Pressure = "0" />
		<Point X = "307" Y = "194" T = "0" Pressure = "0" />
		<Point X = "306" Y = "194" T = "0" Pressure = "0" />
		<Point X = "305" Y = "194" T = "0" Pressure = "0" />
		<Point X = "304" Y = "195" T = "0" Pressure = "0" />
		<Point X = "302" Y = "196" T = "0" Pressure = "0" />
		<Point X = "301" Y = "196" T = "0" Pressure = "0" />
		<Point X = "300" Y = "196" T = "0" Pressure = "0" />
		<Point X = "298" Y = "196" T = "0" Pressure = "0" />
		<Point X = "297" Y = "197" T = "0" Pressure = "0" />
		<Point X = "296" Y = "197" T = "0" Pressure = "0" />
		<Point X = "295" Y = "197" T = "0" Pressure = "0" />
		<Point X = "295" Y = "198" T = "0" Pressure = "0" />
		<Point X = "294" Y = "199" T = "0" Pressure = "0" />
		<Point X = "294" Y = "201" T = "0" Pressure = "0" />
		<Point X = "294" Y = "203" T = "0" Pressure = "0" />
		<Point X = "294" Y = "204" T = "0" Pressure = "0" />
		<Point X = "292" Y = "205" T = "0" Pressure = "0" />
		<Point X = "291" Y = "206" T = "0" Pressure = "0" />
		<Point X = "291" Y = "207" T = "0" Pressure = "0" />
		<Point X = "290" Y = "207" T = "0" Pressure = "0" />
		<Point X = "288" Y = "208" T = "0" Pressure = "0" />
		<Point X = "288" Y = "209" T = "0" Pressure = "0" />
		<Point X = "287" Y = "210" T = "0" Pressure = "0" />
		<Point X = "287" Y = "211" T = "0" Pressure = "0" />
		<Point X = "286" Y = "212" T = "0" Pressure = "0" />
		<Point X = "285" Y = "213" T = "0" Pressure = "0" />
		<Point X = "284" Y = "214" T = "0" Pressure = "0" />
	</Stroke>
</Gesture>
