<?xml version="1.0" encoding="utf-8" standalone="yes"?>
<Gesture Name = "b">
	<Stroke>
		<Point X = "49" Y = "42" T = "0" Pressure = "0" />
		<Point X = "49" Y = "46" T = "0" Pressure = "0" />
		<Point X = "51" Y = "51" T = "0" Pressure = "0" />
		<Point X = "52" Y = "55" T = "0" Pressure = "0" />
		<Point X = "52" Y = "61" T = "0" Pressure = "0" />
		<Point X = "52" Y = "69" T = "0" Pressure = "0" />
		<Point X = "52" Y = "74" T = "0" Pressure = "0" />
		<Point X = "52" Y = "83" T = "0" Pressure = "0" />
		<Point X = "51" Y = "91" T = "0" Pressure = "0" />
		<Point X = "49" Y = "101" T = "0" Pressure = "0" />
		<Point X = "47" Y = "112" T = "0" Pressure = "0" />
		<Point X = "46" Y = "122" T = "0" Pressure = "0" />
		<Point X = "45" Y = "133" T = "0" Pressure = "0" />
		<Point X = "45" Y = "144" T = "0" Pressure = "0" />
		<Point X = "45" Y = "154" T = "0" Pressure = "0" />
		<Point X = "45" Y = "161" T = "0" Pressure = "0" />
		<Point X = "45" Y = "170" T = "0" Pressure = "0" />
		<Point X = "45" Y = "175" T = "0" Pressure = "0" />
		<Point X = "44" Y = "180" T = "0" Pressure = "0" />
		<Point X = "43" Y = "184" T = "0" Pressure = "0" />
		<Point X = "43" Y = "188" T = "0" Pressure = "0" />
		<Point X = "41" Y = "193" T = "0" Pressure = "0" />
		<Point X = "41" Y = "197" T = "0" Pressure = "0" />
		<Point X = "40" Y = "202" T = "0" Pressure = "0" />
		<Point X = "40" Y = "206" T = "0" Pressure = "0" />
		<Point X = "40" Y = "210" T = "0" Pressure = "0" />
		<Point X = "40" Y = "216" T = "0" Pressure = "0" />
		<Point X = "40" Y = "220" T = "0" Pressure = "0" />
		<Point X = "40" Y = "224" T = "0" Pressure = "0" />
		<Point X = "40" Y = "228" T = "0" Pressure = "0" />
		<Point X = "41" Y = "230" T = "0" Pressure = "0" />
		<Point X = "41" Y = "231" T = "0" Pressure = "0" />
		<Point X = "41" Y = "233" T = "0" Pressure = "0" />
		<Point X = "43" Y = "235" T = "0" Pressure = "0" />
		<Point X = "45" Y = "236" T = "0" Pressure = "0" />
		<Point X = "49" Y = "238" T = "0" Pressure = "0" />
		<Point X = "52" Y = "239" T = "0" Pressure = "0" />
		<Point X = "55" Y = "240" T = "0" Pressure = "0" />
		<Point X = "57" Y = "240" T = "0" Pressure = "0" />
		<Point X = "61" Y = "240" T = "0" Pressure = "0" />
		<Point X = "65" Y = "240" T = "0" Pressure = "0" />
		<Point X = "71" Y = "240" T = "0" Pressure = "0" />
		<Point X = "75" Y = "240" T = "0" Pressure = "0" />
		<Point X = "78" Y = "240" T = "0" Pressure = "0" />
		<Point X = "82" Y = "240" T = "0" Pressure = "0" />
		<Point X = "87" Y = "240" T = "0" Pressure = "0" />
		<Point X = "94" Y = "240" T = "0" Pressure = "0" />
		<Point X = "98" Y = "239" T = "0" Pressure = "0" />
		<Point X = "103" Y = "239" T = "0" Pressure = "0" />
		<Point X = "104" Y = "238" T = "0" Pressure = "0" />
		<Point X = "107" Y = "237" T = "0" Pressure = "0" />
		<Point X = "108" Y = "237" T = "0" Pressure = "0" />
		<Point X = "110" Y = "237" T = "0" Pressure = "0" />
		<Point X = "111" Y = "236" T = "0" Pressure = "0" />
		<Point X = "112" Y = "235" T = "0" Pressure = "0" />
		<Point X = "112" Y = "234" T = "0" Pressure = "0" />
		<Point X = "114" Y = "231" T = "0" Pressure = "0" />
		<Point X = "114" Y = "228" T = "0" Pressure = "0" />
		<Point X = "115" Y = "226" T = "0" Pressure = "0" />
		<Point X = "115" Y = "223" T = "0" Pressure = "0" />
		<Point X = "115" Y = "219" T = "0" Pressure = "0" />
		<Point X = "115" Y = "215" T = "0" Pressure = "0" />
		<Point X = "115" Y = "211" T = "0" Pressure = "0" />
		<Point X = "114" Y = "207" T = "0" Pressure = "0" />
		<Point X = "112" Y = "201" T = "0" Pressure = "0" />
		<Point X = "109" Y = "198" T = "0" Pressure = "0" />
		<Point X = "107" Y = "193" T = "0" Pressure = "0" />
		<Point X = "104" Y = "191" T = "0" Pressure = "0" />
		<Point X = "100" Y = "187" T = "0" Pressure = "0" />
		<Point X = "98" Y = "185" T = "0" Pressure = "0" />
		<Point X = "96" Y = "183" T = "0" Pressure = "0" />
		<Point X = "91" Y = "180" T = "0" Pressure = "0" />
		<Point X = "87" Y = "178" T = "0" Pressure = "0" />
		<Point X = "82" Y = "175" T = "0" Pressure = "0" />
		<Point X = "77" Y = "173" T = "0" Pressure = "0" />
		<Point X = "75" Y = "171" T = "0" Pressure = "0" />
		<Point X = "72" Y = "170" T = "0" Pressure = "0" />
		<Point X = "71" Y = "170" T = "0" Pressure = "0" />
		<Point X = "70" Y = "169" T = "0" Pressure = "0" />
		<Point X = "68" Y = "169" T = "0" Pressure = "0" />
		<Point X = "67" Y = "169" T = "0" Pressure = "0" />
		<Point X = "65" Y = "169" T = "0" Pressure = "0" />
		<Point X = "64" Y = "169" T = "0" Pressure = "0" />
		<Point X = "63" Y = "169" T = "0" Pressure = "0" />
		<Point X = "62" Y = "169" T = "0" Pressure = "0" />
		<Point X = "61" Y = "169" T = "0" Pressure = "0" />
		<Point X = "60" Y = "169" T = "0" Pressure = "0" />
		<Point X = "59" Y = "169" T = "0" Pressure = "0" />
		<Point X = "58" Y = "169" T = "0" Pressure = "0" />
		<Point X = "57" Y = "169" T = "0" Pressure = "0" />
		<Point X = "54" Y = "169" T = "0" Pressure = "0" />
		<Point X = "52" Y = "169" T = "0" Pressure = "0" />
		<Point X = "51" Y = "170" T = "0" Pressure = "0" />
		<Point X = "49" Y = "171" T = "0" Pressure = "0" />
		<Point X = "49" Y = "172" T = "0" Pressure = "0" />
	</Stroke>
</Gesture>
