<?xml version="1.0" encoding="utf-8" standalone="yes"?>
<Gesture Name = "b">
	<Stroke>
		<Point X = "69" Y = "98" T = "0" Pressure = "0" />
		<Point X = "69" Y = "101" T = "0" Pressure = "0" />
		<Point X = "69" Y = "104" T = "0" Pressure = "0" />
		<Point X = "69" Y = "108" T = "0" Pressure = "0" />
		<Point X = "69" Y = "112" T = "0" Pressure = "0" />
		<Point X = "69" Y = "116" T = "0" Pressure = "0" />
		<Point X = "69" Y = "120" T = "0" Pressure = "0" />
		<Point X = "69" Y = "123" T = "0" Pressure = "0" />
		<Point X = "69" Y = "127" T = "0" Pressure = "0" />
		<Point X = "69" Y = "131" T = "0" Pressure = "0" />
		<Point X = "69" Y = "134" T = "0" Pressure = "0" />
		<Point X = "69" Y = "136" T = "0" Pressure = "0" />
		<Point X = "69" Y = "139" T = "0" Pressure = "0" />
		<Point X = "69" Y = "142" T = "0" Pressure = "0" />
		<Point X = "69" Y = "143" T = "0" Pressure = "0" />
		<Point X = "69" Y = "145" T = "0" Pressure = "0" />
		<Point X = "69" Y = "146" T = "0" Pressure = "0" />
		<Point X = "69" Y = "149" T = "0" Pressure = "0" />
		<Point X = "69" Y = "151" T = "0" Pressure = "0" />
		<Point X = "69" Y = "153" T = "0" Pressure = "0" />
		<Point X = "69" Y = "155" T = "0" Pressure = "0" />
		<Point X = "69" Y = "156" T = "0" Pressure = "0" />
		<Point X = "69" Y = "158" T = "0" Pressure = "0" />
		<Point X = "69" Y = "160" T = "0" Pressure = "0" />
		<Point X = "69" Y = "163" T = "0" Pressure = "0" />
		<Point X = "70" Y = "164" T = "0" Pressure = "0" />
		<Point X = "70" Y = "166" T = "0" Pressure = "0" />
		<Point X = "70" Y = "167" T = "0" Pressure = "0" />
		<Point X = "70" Y = "169" T = "0" Pressure = "0" />
		<Point X = "70" Y = "170" T = "0" Pressure = "0" />
		<Point X = "70" Y = "172" T = "0" Pressure = "0" />
		<Point X = "70" Y = "173" T = "0" Pressure = "0" />
		<Point X = "70" Y = "175" T = "0" Pressure = "0" />
		<Point X = "71" Y = "177" T = "0" Pressure = "0" />
		<Point X = "71" Y = "179" T = "0" Pressure = "0" />
		<Point X = "72" Y = "181" T = "0" Pressure = "0" />
		<Point X = "73" Y = "183" T = "0" Pressure = "0" />
		<Point X = "73" Y = "184" T = "0" Pressure = "0" />
		<Point X = "74" Y = "186" T = "0" Pressure = "0" />
		<Point X = "74" Y = "187" T = "0" Pressure = "0" />
		<Point X = "74" Y = "188" T = "0" Pressure = "0" />
		<Point X = "74" Y = "189" T = "0" Pressure = "0" />
		<Point X = "74" Y = "190" T = "0" Pressure = "0" />
		<Point X = "76" Y = "191" T = "0" Pressure = "0" />
		<Point X = "76" Y = "192" T = "0" Pressure = "0" />
		<Point X = "76" Y = "193" T = "0" Pressure = "0" />
		<Point X = "76" Y = "196" T = "0" Pressure = "0" />
		<Point X = "77" Y = "197" T = "0" Pressure = "0" />
		<Point X = "77" Y = "198" T = "0" Pressure = "0" />
		<Point X = "77" Y = "200" T = "0" Pressure = "0" />
		<Point X = "77" Y = "201" T = "0" Pressure = "0" />
		<Point X = "79" Y = "202" T = "0" Pressure = "0" />
		<Point X = "80" Y = "204" T = "0" Pressure = "0" />
		<Point X = "80" Y = "206" T = "0" Pressure = "0" />
		<Point X = "81" Y = "206" T = "0" Pressure = "0" />
		<Point X = "82" Y = "208" T = "0" Pressure = "0" />
		<Point X = "83" Y = "209" T = "0" Pressure = "0" />
		<Point X = "83" Y = "210" T = "0" Pressure = "0" />
		<Point X = "84" Y = "211" T = "0" Pressure = "0" />
		<Point X = "84" Y = "213" T = "0" Pressure = "0" />
		<Point X = "85" Y = "214" T = "0" Pressure = "0" />
		<Point X = "86" Y = "215" T = "0" Pressure = "0" />
		<Point X = "87" Y = "216" T = "0" Pressure = "0" />
		<Point X = "89" Y = "218" T = "0" Pressure = "0" />
		<Point X = "91" Y = "219" T = "0" Pressure = "0" />
		<Point X = "91" Y = "220" T = "0" Pressure = "0" />
		<Point X = "92" Y = "220" T = "0" Pressure = "0" />
		<Point X = "93" Y = "221" T = "0" Pressure = "0" />
		<Point X = "95" Y = "221" T = "0" Pressure = "0" />
		<Point X = "97" Y = "221" T = "0" Pressure = "0" />
		<Point X = "99" Y = "221" T = "0" Pressure = "0" />
		<Point X = "100" Y = "223" T = "0" Pressure = "0" />
		<Point X = "102" Y = "224" T = "0" Pressure = "0" />
		<Point X = "103" Y = "224" T = "0" Pressure = "0" />
		<Point X = "105" Y = "224" T = "0" Pressure = "0" />
		<Point X = "106" Y = "224" T = "0" Pressure = "0" />
		<Point X = "108" Y = "224" T = "0" Pressure = "0" />
		<Point X = "110" Y = "224" T = "0" Pressure = "0" />
		<Point X = "113" Y = "224" T = "0" Pressure = "0" />
		<Point X = "114" Y = "224" T = "0" Pressure = "0" />
		<Point X = "115" Y = "224" T = "0" Pressure = "0" />
		<Point X = "116" Y = "224" T = "0" Pressure = "0" />
		<Point X = "118" Y = "224" T = "0" Pressure = "0" />
		<Point X = "119" Y = "224" T = "0" Pressure = "0" />
		<Point X = "120" Y = "223" T = "0" Pressure = "0" />
		<Point X = "122" Y = "222" T = "0" Pressure = "0" />
		<Point X = "123" Y = "220" T = "0" Pressure = "0" />
		<Point X = "125" Y = "220" T = "0" Pressure = "0" />
		<Point X = "126" Y = "218" T = "0" Pressure = "0" />
		<Point X = "127" Y = "217" T = "0" Pressure = "0" />
		<Point X = "128" Y = "216" T = "0" Pressure = "0" />
		<Point X = "129" Y = "215" T = "0" Pressure = "0" />
		<Point X = "130" Y = "214" T = "0" Pressure = "0" />
		<Point X = "131" Y = "213" T = "0" Pressure = "0" />
		<Point X = "133" Y = "212" T = "0" Pressure = "0" />
		<Point X = "134" Y = "210" T = "0" Pressure = "0" />
		<Point X = "135" Y = "208" T = "0" Pressure = "0" />
		<Point X = "136" Y = "208" T = "0" Pressure = "0" />
		<Point X = "136" Y = "207" T = "0" Pressure = "0" />
		<Point X = "137" Y = "207" T = "0" Pressure = "0" />
		<Point X = "137" Y = "206" T = "0" Pressure = "0" />
		<Point X = "137" Y = "205" T = "0" Pressure = "0" />
		<Point X = "139" Y = "203" T = "0" Pressure = "0" />
		<Point X = "139" Y = "200" T = "0" Pressure = "0" />
		<Point X = "139" Y = "199" T = "0" Pressure = "0" />
		<Point X = "139" Y = "197" T = "0" Pressure = "0" />
		<Point X = "139" Y = "195" T = "0" Pressure = "0" />
		<Point X = "139" Y = "194" T = "0" Pressure = "0" />
		<Point X = "139" Y = "192" T = "0" Pressure = "0" />
		<Point X = "139" Y = "191" T = "0" Pressure = "0" />
		<Point X = "139" Y = "190" T = "0" Pressure = "0" />
		<Point X = "139" Y = "188" T = "0" Pressure = "0" />
		<Point X = "138" Y = "186" T = "0" Pressure = "0" />
		<Point X = "137" Y = "184" T = "0" Pressure = "0" />
		<Point X = "136" Y = "182" T = "0" Pressure = "0" />
		<Point X = "135" Y = "182" T = "0" Pressure = "0" />
		<Point X = "135" Y = "181" T = "0" Pressure = "0" />
		<Point X = "132" Y = "177" T = "0" Pressure = "0" />
		<Point X = "131" Y = "177" T = "0" Pressure = "0" />
		<Point X = "130" Y = "176" T = "0" Pressure = "0" />
		<Point X = "129" Y = "175" T = "0" Pressure = "0" />
		<Point X = "128" Y = "174" T = "0" Pressure = "0" />
		<Point X = "127" Y = "174" T = "0" Pressure = "0" />
		<Point X = "126" Y = "173" T = "0" Pressure = "0" />
		<Point X = "124" Y = "173" T = "0" Pressure = "0" />
		<Point X = "123" Y = "173" T = "0" Pressure = "0" />
		<Point X = "120" Y = "172" T = "0" Pressure = "0" />
		<Point X = "118" Y = "172" T = "0" Pressure = "0" />
		<Point X = "116" Y = "172" T = "0" Pressure = "0" />
		<Point X = "115" Y = "172" T = "0" Pressure = "0" />
		<Point X = "113" Y = "172" T = "0" Pressure = "0" />
		<Point X = "112" Y = "172" T = "0" Pressure = "0" />
		<Point X = "111" Y = "172" T = "0" Pressure = "0" />
		<Point X = "109" Y = "172" T = "0" Pressure = "0" />
		<Point X = "107" Y = "172" T = "0" Pressure = "0" />
		<Point X = "106" Y = "172" T = "0" Pressure = "0" />
		<Point X = "105" Y = "172" T = "0" Pressure = "0" />
		<Point X = "104" Y = "172" T = "0" Pressure = "0" />
		<Point X = "103" Y = "172" T = "0" Pressure = "0" />
		<Point X = "101" Y = "172" T = "0" Pressure = "0" />
		<Point X = "99" Y = "171" T = "0" Pressure = "0" />
		<Point X = "98" Y = "170" T = "0" Pressure = "0" />
		<Point X = "97" Y = "170" T = "0" Pressure = "0" />
		<Point X = "96" Y = "170" T = "0" Pressure = "0" />
		<Point X = "95" Y = "170" T = "0" Pressure = "0" />
		<Point X = "94" Y = "170" T = "0" Pressure = "0" />
		<Point X = "93" Y = "170" T = "0" Pressure = "0" />
		<Point X = "92" Y = "170" T = "0" Pressure = "0" />
		<Point X = "91" Y = "170" T = "0" Pressure = "0" />
		<Point X = "90" Y = "170" T = "0" Pressure = "0" />
		<Point X = "89" Y = "170" T = "0" Pressure = "0" />
		<Point X = "88" Y = "170" T = "0" Pressure = "0" />
		<Point X = "87" Y = "170" T = "0" Pressure = "0" />
		<Point X = "86" Y = "170" T = "0" Pressure = "0" />
		<Point X = "85" Y = "170" T = "0" Pressure = "0" />
		<Point X = "84" Y = "170" T = "0" Pressure = "0" />
		<Point X = "83" Y = "170" T = "0" Pressure = "0" />
		<Point X = "82" Y = "170" T = "0" Pressure = "0" />
		<Point X = "81" Y = "170" T = "0" Pressure = "0" />
		<Point X = "80" Y = "170" T = "0" Pressure = "0" />
		<Point X = "79" Y = "170" T = "0" Pressure = "0" />
		<Point X = "78" Y = "170" T = "0" Pressure = "0" />
		<Point X = "77" Y = "170" T = "0" Pressure = "0" />
		<Point X = "76" Y = "170" T = "0" Pressure = "0" />
		<Point X = "75" Y = "170" T = "0" Pressure = "0" />
		<Point X = "74" Y = "170" T = "0" Pressure = "0" />
		<Point X = "73" Y = "170" T = "0" Pressure = "0" />
		<Point X = "71" Y = "171" T = "0" Pressure = "0" />
	</Stroke>
</Gesture>
