<?xml version="1.0" encoding="utf-8" standalone="yes"?>
<Gesture Name = "b">
	<Stroke>
		<Point X = "93" Y = "40" T = "0" Pressure = "0" />
		<Point X = "93" Y = "42" T = "0" Pressure = "0" />
		<Point X = "93" Y = "45" T = "0" Pressure = "0" />
		<Point X = "93" Y = "49" T = "0" Pressure = "0" />
		<Point X = "93" Y = "54" T = "0" Pressure = "0" />
		<Point X = "93" Y = "59" T = "0" Pressure = "0" />
		<Point X = "93" Y = "67" T = "0" Pressure = "0" />
		<Point X = "93" Y = "77" T = "0" Pressure = "0" />
		<Point X = "93" Y = "84" T = "0" Pressure = "0" />
		<Point X = "93" Y = "93" T = "0" Pressure = "0" />
		<Point X = "93" Y = "100" T = "0" Pressure = "0" />
		<Point X = "93" Y = "109" T = "0" Pressure = "0" />
		<Point X = "93" Y = "114" T = "0" Pressure = "0" />
		<Point X = "93" Y = "122" T = "0" Pressure = "0" />
		<Point X = "93" Y = "129" T = "0" Pressure = "0" />
		<Point X = "93" Y = "133" T = "0" Pressure = "0" />
		<Point X = "93" Y = "142" T = "0" Pressure = "0" />
		<Point X = "93" Y = "149" T = "0" Pressure = "0" />
		<Point X = "93" Y = "154" T = "0" Pressure = "0" />
		<Point X = "93" Y = "162" T = "0" Pressure = "0" />
		<Point X = "93" Y = "169" T = "0" Pressure = "0" />
		<Point X = "93" Y = "176" T = "0" Pressure = "0" />
		<Point X = "93" Y = "182" T = "0" Pressure = "0" />
		<Point X = "93" Y = "187" T = "0" Pressure = "0" />
		<Point X = "93" Y = "193" T = "0" Pressure = "0" />
		<Point X = "93" Y = "198" T = "0" Pressure = "0" />
		<Point X = "93" Y = "204" T = "0" Pressure = "0" />
		<Point X = "93" Y = "206" T = "0" Pressure = "0" />
		<Point X = "93" Y = "209" T = "0" Pressure = "0" />
		<Point X = "93" Y = "212" T = "0" Pressure = "0" />
		<Point X = "93" Y = "216" T = "0" Pressure = "0" />
		<Point X = "93" Y = "219" T = "0" Pressure = "0" />
		<Point X = "93" Y = "222" T = "0" Pressure = "0" />
		<Point X = "93" Y = "226" T = "0" Pressure = "0" />
		<Point X = "95" Y = "229" T = "0" Pressure = "0" />
		<Point X = "96" Y = "232" T = "0" Pressure = "0" />
		<Point X = "97" Y = "234" T = "0" Pressure = "0" />
		<Point X = "99" Y = "237" T = "0" Pressure = "0" />
		<Point X = "100" Y = "238" T = "0" Pressure = "0" />
		<Point X = "100" Y = "239" T = "0" Pressure = "0" />
		<Point X = "101" Y = "239" T = "0" Pressure = "0" />
		<Point X = "102" Y = "239" T = "0" Pressure = "0" />
		<Point X = "104" Y = "239" T = "0" Pressure = "0" />
		<Point X = "105" Y = "239" T = "0" Pressure = "0" />
		<Point X = "109" Y = "239" T = "0" Pressure = "0" />
		<Point X = "113" Y = "239" T = "0" Pressure = "0" />
		<Point X = "114" Y = "239" T = "0" Pressure = "0" />
		<Point X = "119" Y = "238" T = "0" Pressure = "0" />
		<Point X = "123" Y = "238" T = "0" Pressure = "0" />
		<Point X = "130" Y = "236" T = "0" Pressure = "0" />
		<Point X = "136" Y = "236" T = "0" Pressure = "0" />
		<Point X = "141" Y = "236" T = "0" Pressure = "0" />
		<Point X = "144" Y = "235" T = "0" Pressure = "0" />
		<Point X = "147" Y = "234" T = "0" Pressure = "0" />
		<Point X = "149" Y = "234" T = "0" Pressure = "0" />
		<Point X = "151" Y = "234" T = "0" Pressure = "0" />
		<Point X = "152" Y = "233" T = "0" Pressure = "0" />
		<Point X = "153" Y = "232" T = "0" Pressure = "0" />
		<Point X = "154" Y = "232" T = "0" Pressure = "0" />
		<Point X = "155" Y = "230" T = "0" Pressure = "0" />
		<Point X = "156" Y = "228" T = "0" Pressure = "0" />
		<Point X = "156" Y = "227" T = "0" Pressure = "0" />
		<Point X = "156" Y = "226" T = "0" Pressure = "0" />
		<Point X = "156" Y = "225" T = "0" Pressure = "0" />
		<Point X = "156" Y = "223" T = "0" Pressure = "0" />
		<Point X = "156" Y = "222" T = "0" Pressure = "0" />
		<Point X = "156" Y = "220" T = "0" Pressure = "0" />
		<Point X = "156" Y = "218" T = "0" Pressure = "0" />
		<Point X = "156" Y = "214" T = "0" Pressure = "0" />
		<Point X = "156" Y = "212" T = "0" Pressure = "0" />
		<Point X = "154" Y = "210" T = "0" Pressure = "0" />
		<Point X = "153" Y = "206" T = "0" Pressure = "0" />
		<Point X = "151" Y = "204" T = "0" Pressure = "0" />
		<Point X = "150" Y = "203" T = "0" Pressure = "0" />
		<Point X = "149" Y = "200" T = "0" Pressure = "0" />
		<Point X = "148" Y = "199" T = "0" Pressure = "0" />
		<Point X = "147" Y = "197" T = "0" Pressure = "0" />
		<Point X = "145" Y = "196" T = "0" Pressure = "0" />
		<Point X = "144" Y = "194" T = "0" Pressure = "0" />
		<Point X = "140" Y = "193" T = "0" Pressure = "0" />
		<Point X = "138" Y = "192" T = "0" Pressure = "0" />
		<Point X = "136" Y = "191" T = "0" Pressure = "0" />
		<Point X = "130" Y = "188" T = "0" Pressure = "0" />
		<Point X = "128" Y = "188" T = "0" Pressure = "0" />
		<Point X = "126" Y = "187" T = "0" Pressure = "0" />
		<Point X = "125" Y = "187" T = "0" Pressure = "0" />
		<Point X = "124" Y = "186" T = "0" Pressure = "0" />
		<Point X = "122" Y = "184" T = "0" Pressure = "0" />
		<Point X = "121" Y = "183" T = "0" Pressure = "0" />
		<Point X = "120" Y = "183" T = "0" Pressure = "0" />
		<Point X = "118" Y = "183" T = "0" Pressure = "0" />
		<Point X = "115" Y = "183" T = "0" Pressure = "0" />
		<Point X = "113" Y = "182" T = "0" Pressure = "0" />
		<Point X = "111" Y = "181" T = "0" Pressure = "0" />
		<Point X = "108" Y = "181" T = "0" Pressure = "0" />
		<Point X = "107" Y = "181" T = "0" Pressure = "0" />
		<Point X = "104" Y = "181" T = "0" Pressure = "0" />
		<Point X = "103" Y = "181" T = "0" Pressure = "0" />
		<Point X = "101" Y = "181" T = "0" Pressure = "0" />
		<Point X = "100" Y = "181" T = "0" Pressure = "0" />
		<Point X = "99" Y = "181" T = "0" Pressure = "0" />
		<Point X = "98" Y = "181" T = "0" Pressure = "0" />
		<Point X = "97" Y = "181" T = "0" Pressure = "0" />
		<Point X = "96" Y = "181" T = "0" Pressure = "0" />
		<Point X = "95" Y = "182" T = "0" Pressure = "0" />
		<Point X = "94" Y = "183" T = "0" Pressure = "0" />
		<Point X = "93" Y = "184" T = "0" Pressure = "0" />
		<Point X = "92" Y = "185" T = "0" Pressure = "0" />
		<Point X = "91" Y = "185" T = "0" Pressure = "0" />
		<Point X = "91" Y = "186" T = "0" Pressure = "0" />
	</Stroke>
</Gesture>
