<?xml version="1.0" encoding="utf-8" standalone="yes"?>
<Gesture Name = "b">
	<Stroke>
		<Point X = "307" Y = "65" T = "0" Pressure = "0" />
		<Point X = "307" Y = "67" T = "0" Pressure = "0" />
		<Point X = "307" Y = "68" T = "0" Pressure = "0" />
		<Point X = "307" Y = "70" T = "0" Pressure = "0" />
		<Point X = "307" Y = "72" T = "0" Pressure = "0" />
		<Point X = "307" Y = "76" T = "0" Pressure = "0" />
		<Point X = "307" Y = "78" T = "0" Pressure = "0" />
		<Point X = "306" Y = "80" T = "0" Pressure = "0" />
		<Point X = "304" Y = "84" T = "0" Pressure = "0" />
		<Point X = "302" Y = "89" T = "0" Pressure = "0" />
		<Point X = "301" Y = "90" T = "0" Pressure = "0" />
		<Point X = "301" Y = "93" T = "0" Pressure = "0" />
		<Point X = "300" Y = "95" T = "0" Pressure = "0" />
		<Point X = "300" Y = "98" T = "0" Pressure = "0" />
		<Point X = "299" Y = "102" T = "0" Pressure = "0" />
		<Point X = "299" Y = "104" T = "0" Pressure = "0" />
		<Point X = "299" Y = "108" T = "0" Pressure = "0" />
		<Point X = "299" Y = "111" T = "0" Pressure = "0" />
		<Point X = "299" Y = "115" T = "0" Pressure = "0" />
		<Point X = "299" Y = "116" T = "0" Pressure = "0" />
		<Point X = "299" Y = "118" T = "0" Pressure = "0" />
		<Point X = "299" Y = "119" T = "0" Pressure = "0" />
		<Point X = "299" Y = "122" T = "0" Pressure = "0" />
		<Point X = "299" Y = "123" T = "0" Pressure = "0" />
		<Point X = "299" Y = "125" T = "0" Pressure = "0" />
		<Point X = "299" Y = "128" T = "0" Pressure = "0" />
		<Point X = "299" Y = "130" T = "0" Pressure = "0" />
		<Point X = "299" Y = "133" T = "0" Pressure = "0" />
		<Point X = "299" Y = "137" T = "0" Pressure = "0" />
		<Point X = "299" Y = "142" T = "0" Pressure = "0" />
		<Point X = "302" Y = "148" T = "0" Pressure = "0" />
		<Point X = "303" Y = "150" T = "0" Pressure = "0" />
		<Point X = "303" Y = "153" T = "0" Pressure = "0" />
		<Point X = "303" Y = "155" T = "0" Pressure = "0" />
		<Point X = "304" Y = "157" T = "0" Pressure = "0" />
		<Point X = "304" Y = "158" T = "0" Pressure = "0" />
		<Point X = "305" Y = "159" T = "0" Pressure = "0" />
		<Point X = "305" Y = "161" T = "0" Pressure = "0" />
		<Point X = "305" Y = "163" T = "0" Pressure = "0" />
		<Point X = "305" Y = "167" T = "0" Pressure = "0" />
		<Point X = "306" Y = "169" T = "0" Pressure = "0" />
		<Point X = "306" Y = "173" T = "0" Pressure = "0" />
		<Point X = "306" Y = "176" T = "0" Pressure = "0" />
		<Point X = "306" Y = "179" T = "0" Pressure = "0" />
		<Point X = "306" Y = "181" T = "0" Pressure = "0" />
		<Point X = "306" Y = "184" T = "0" Pressure = "0" />
		<Point X = "306" Y = "187" T = "0" Pressure = "0" />
		<Point X = "306" Y = "189" T = "0" Pressure = "0" />
		<Point X = "306" Y = "192" T = "0" Pressure = "0" />
		<Point X = "306" Y = "195" T = "0" Pressure = "0" />
		<Point X = "307" Y = "198" T = "0" Pressure = "0" />
		<Point X = "307" Y = "200" T = "0" Pressure = "0" />
		<Point X = "307" Y = "202" T = "0" Pressure = "0" />
		<Point X = "307" Y = "203" T = "0" Pressure = "0" />
		<Point X = "307" Y = "205" T = "0" Pressure = "0" />
		<Point X = "307" Y = "206" T = "0" Pressure = "0" />
		<Point X = "307" Y = "208" T = "0" Pressure = "0" />
		<Point X = "307" Y = "209" T = "0" Pressure = "0" />
		<Point X = "307" Y = "211" T = "0" Pressure = "0" />
		<Point X = "307" Y = "213" T = "0" Pressure = "0" />
		<Point X = "307" Y = "215" T = "0" Pressure = "0" />
		<Point X = "308" Y = "220" T = "0" Pressure = "0" />
		<Point X = "309" Y = "223" T = "0" Pressure = "0" />
		<Point X = "309" Y = "225" T = "0" Pressure = "0" />
		<Point X = "310" Y = "228" T = "0" Pressure = "0" />
		<Point X = "311" Y = "230" T = "0" Pressure = "0" />
		<Point X = "311" Y = "231" T = "0" Pressure = "0" />
		<Point X = "312" Y = "233" T = "0" Pressure = "0" />
		<Point X = "312" Y = "234" T = "0" Pressure = "0" />
		<Point X = "312" Y = "236" T = "0" Pressure = "0" />
		<Point X = "313" Y = "237" T = "0" Pressure = "0" />
		<Point X = "313" Y = "238" T = "0" Pressure = "0" />
		<Point X = "314" Y = "241" T = "0" Pressure = "0" />
		<Point X = "314" Y = "243" T = "0" Pressure = "0" />
		<Point X = "315" Y = "243" T = "0" Pressure = "0" />
		<Point X = "316" Y = "245" T = "0" Pressure = "0" />
		<Point X = "317" Y = "248" T = "0" Pressure = "0" />
		<Point X = "318" Y = "249" T = "0" Pressure = "0" />
		<Point X = "318" Y = "250" T = "0" Pressure = "0" />
		<Point X = "318" Y = "252" T = "0" Pressure = "0" />
		<Point X = "320" Y = "253" T = "0" Pressure = "0" />
		<Point X = "321" Y = "255" T = "0" Pressure = "0" />
		<Point X = "323" Y = "256" T = "0" Pressure = "0" />
		<Point X = "326" Y = "256" T = "0" Pressure = "0" />
		<Point X = "327" Y = "257" T = "0" Pressure = "0" />
		<Point X = "329" Y = "257" T = "0" Pressure = "0" />
		<Point X = "331" Y = "257" T = "0" Pressure = "0" />
		<Point X = "334" Y = "257" T = "0" Pressure = "0" />
		<Point X = "335" Y = "257" T = "0" Pressure = "0" />
		<Point X = "338" Y = "259" T = "0" Pressure = "0" />
		<Point X = "340" Y = "259" T = "0" Pressure = "0" />
		<Point X = "341" Y = "259" T = "0" Pressure = "0" />
		<Point X = "341" Y = "260" T = "0" Pressure = "0" />
		<Point X = "342" Y = "260" T = "0" Pressure = "0" />
		<Point X = "344" Y = "260" T = "0" Pressure = "0" />
		<Point X = "345" Y = "260" T = "0" Pressure = "0" />
		<Point X = "348" Y = "262" T = "0" Pressure = "0" />
		<Point X = "354" Y = "262" T = "0" Pressure = "0" />
		<Point X = "361" Y = "262" T = "0" Pressure = "0" />
		<Point X = "366" Y = "262" T = "0" Pressure = "0" />
		<Point X = "373" Y = "263" T = "0" Pressure = "0" />
		<Point X = "377" Y = "263" T = "0" Pressure = "0" />
		<Point X = "380" Y = "263" T = "0" Pressure = "0" />
		<Point X = "382" Y = "263" T = "0" Pressure = "0" />
		<Point X = "383" Y = "263" T = "0" Pressure = "0" />
		<Point X = "384" Y = "263" T = "0" Pressure = "0" />
		<Point X = "386" Y = "263" T = "0" Pressure = "0" />
		<Point X = "386" Y = "262" T = "0" Pressure = "0" />
		<Point X = "388" Y = "261" T = "0" Pressure = "0" />
		<Point X = "390" Y = "259" T = "0" Pressure = "0" />
		<Point X = "392" Y = "258" T = "0" Pressure = "0" />
		<Point X = "394" Y = "255" T = "0" Pressure = "0" />
		<Point X = "395" Y = "253" T = "0" Pressure = "0" />
		<Point X = "395" Y = "251" T = "0" Pressure = "0" />
		<Point X = "396" Y = "249" T = "0" Pressure = "0" />
		<Point X = "396" Y = "247" T = "0" Pressure = "0" />
		<Point X = "396" Y = "246" T = "0" Pressure = "0" />
		<Point X = "396" Y = "245" T = "0" Pressure = "0" />
		<Point X = "396" Y = "243" T = "0" Pressure = "0" />
		<Point X = "396" Y = "242" T = "0" Pressure = "0" />
		<Point X = "396" Y = "241" T = "0" Pressure = "0" />
		<Point X = "396" Y = "239" T = "0" Pressure = "0" />
		<Point X = "396" Y = "236" T = "0" Pressure = "0" />
		<Point X = "396" Y = "235" T = "0" Pressure = "0" />
		<Point X = "396" Y = "233" T = "0" Pressure = "0" />
		<Point X = "396" Y = "232" T = "0" Pressure = "0" />
		<Point X = "396" Y = "229" T = "0" Pressure = "0" />
		<Point X = "396" Y = "228" T = "0" Pressure = "0" />
		<Point X = "395" Y = "227" T = "0" Pressure = "0" />
		<Point X = "395" Y = "225" T = "0" Pressure = "0" />
		<Point X = "394" Y = "225" T = "0" Pressure = "0" />
		<Point X = "393" Y = "223" T = "0" Pressure = "0" />
		<Point X = "392" Y = "222" T = "0" Pressure = "0" />
		<Point X = "391" Y = "221" T = "0" Pressure = "0" />
		<Point X = "390" Y = "221" T = "0" Pressure = "0" />
		<Point X = "387" Y = "219" T = "0" Pressure = "0" />
		<Point X = "387" Y = "218" T = "0" Pressure = "0" />
		<Point X = "386" Y = "218" T = "0" Pressure = "0" />
		<Point X = "385" Y = "218" T = "0" Pressure = "0" />
		<Point X = "384" Y = "217" T = "0" Pressure = "0" />
		<Point X = "381" Y = "217" T = "0" Pressure = "0" />
		<Point X = "378" Y = "214" T = "0" Pressure = "0" />
		<Point X = "377" Y = "214" T = "0" Pressure = "0" />
		<Point X = "375" Y = "214" T = "0" Pressure = "0" />
		<Point X = "374" Y = "214" T = "0" Pressure = "0" />
		<Point X = "373" Y = "214" T = "0" Pressure = "0" />
		<Point X = "371" Y = "214" T = "0" Pressure = "0" />
		<Point X = "370" Y = "213" T = "0" Pressure = "0" />
		<Point X = "369" Y = "213" T = "0" Pressure = "0" />
		<Point X = "368" Y = "213" T = "0" Pressure = "0" />
		<Point X = "367" Y = "211" T = "0" Pressure = "0" />
		<Point X = "366" Y = "211" T = "0" Pressure = "0" />
		<Point X = "365" Y = "211" T = "0" Pressure = "0" />
		<Point X = "363" Y = "211" T = "0" Pressure = "0" />
		<Point X = "360" Y = "211" T = "0" Pressure = "0" />
		<Point X = "357" Y = "211" T = "0" Pressure = "0" />
		<Point X = "355" Y = "211" T = "0" Pressure = "0" />
		<Point X = "354" Y = "210" T = "0" Pressure = "0" />
		<Point X = "352" Y = "210" T = "0" Pressure = "0" />
		<Point X = "351" Y = "209" T = "0" Pressure = "0" />
		<Point X = "350" Y = "209" T = "0" Pressure = "0" />
		<Point X = "348" Y = "209" T = "0" Pressure = "0" />
		<Point X = "347" Y = "209" T = "0" Pressure = "0" />
		<Point X = "346" Y = "209" T = "0" Pressure = "0" />
		<Point X = "344" Y = "209" T = "0" Pressure = "0" />
		<Point X = "342" Y = "209" T = "0" Pressure = "0" />
		<Point X = "340" Y = "209" T = "0" Pressure = "0" />
		<Point X = "339" Y = "209" T = "0" Pressure = "0" />
		<Point X = "337" Y = "209" T = "0" Pressure = "0" />
		<Point X = "336" Y = "209" T = "0" Pressure = "0" />
		<Point X = "334" Y = "209" T = "0" Pressure = "0" />
		<Point X = "333" Y = "209" T = "0" Pressure = "0" />
		<Point X = "331" Y = "209" T = "0" Pressure = "0" />
		<Point X = "330" Y = "209" T = "0" Pressure = "0" />
		<Point X = "327" Y = "209" T = "0" Pressure = "0" />
		<Point X = "325" Y = "209" T = "0" Pressure = "0" />
		<Point X = "324" Y = "209" T = "0" Pressure = "0" />
		<Point X = "323" Y = "209" T = "0" Pressure = "0" />
		<Point X = "322" Y = "209" T = "0" Pressure = "0" />
		<Point X = "321" Y = "209" T = "0" Pressure = "0" />
		<Point X = "320" Y = "209" T = "0" Pressure = "0" />
		<Point X = "319" Y = "209" T = "0" Pressure = "0" />
		<Point X = "318" Y = "209" T = "0" Pressure = "0" />
		<Point X = "317" Y = "209" T = "0" Pressure = "0" />
		<Point X = "316" Y = "209" T = "0" Pressure = "0" />
		<Point X = "315" Y = "209" T = "0" Pressure = "0" />
		<Point X = "314" Y = "209" T = "0" Pressure = "0" />
		<Point X = "312" Y = "209" T = "0" Pressure = "0" />
		<Point X = "311" Y = "209" T = "0" Pressure = "0" />
	</Stroke>
</Gesture>
