<?xml version="1.0" encoding="utf-8" standalone="yes"?>
<Gesture Name = "b">
	<Stroke>
		<Point X = "96" Y = "39" T = "0" Pressure = "0" />
		<Point X = "96" Y = "42" T = "0" Pressure = "0" />
		<Point X = "96" Y = "44" T = "0" Pressure = "0" />
		<Point X = "96" Y = "46" T = "0" Pressure = "0" />
		<Point X = "96" Y = "49" T = "0" Pressure = "0" />
		<Point X = "96" Y = "52" T = "0" Pressure = "0" />
		<Point X = "96" Y = "56" T = "0" Pressure = "0" />
		<Point X = "95" Y = "63" T = "0" Pressure = "0" />
		<Point X = "93" Y = "70" T = "0" Pressure = "0" />
		<Point X = "91" Y = "76" T = "0" Pressure = "0" />
		<Point X = "90" Y = "83" T = "0" Pressure = "0" />
		<Point X = "89" Y = "89" T = "0" Pressure = "0" />
		<Point X = "89" Y = "93" T = "0" Pressure = "0" />
		<Point X = "88" Y = "98" T = "0" Pressure = "0" />
		<Point X = "87" Y = "103" T = "0" Pressure = "0" />
		<Point X = "86" Y = "107" T = "0" Pressure = "0" />
		<Point X = "86" Y = "110" T = "0" Pressure = "0" />
		<Point X = "86" Y = "112" T = "0" Pressure = "0" />
		<Point X = "86" Y = "115" T = "0" Pressure = "0" />
		<Point X = "86" Y = "117" T = "0" Pressure = "0" />
		<Point X = "86" Y = "119" T = "0" Pressure = "0" />
		<Point X = "86" Y = "122" T = "0" Pressure = "0" />
		<Point X = "86" Y = "126" T = "0" Pressure = "0" />
		<Point X = "86" Y = "131" T = "0" Pressure = "0" />
		<Point X = "86" Y = "135" T = "0" Pressure = "0" />
		<Point X = "86" Y = "139" T = "0" Pressure = "0" />
		<Point X = "86" Y = "143" T = "0" Pressure = "0" />
		<Point X = "86" Y = "146" T = "0" Pressure = "0" />
		<Point X = "86" Y = "150" T = "0" Pressure = "0" />
		<Point X = "86" Y = "154" T = "0" Pressure = "0" />
		<Point X = "86" Y = "158" T = "0" Pressure = "0" />
		<Point X = "86" Y = "160" T = "0" Pressure = "0" />
		<Point X = "86" Y = "164" T = "0" Pressure = "0" />
		<Point X = "86" Y = "168" T = "0" Pressure = "0" />
		<Point X = "86" Y = "172" T = "0" Pressure = "0" />
		<Point X = "86" Y = "177" T = "0" Pressure = "0" />
		<Point X = "86" Y = "182" T = "0" Pressure = "0" />
		<Point X = "86" Y = "188" T = "0" Pressure = "0" />
		<Point X = "86" Y = "190" T = "0" Pressure = "0" />
		<Point X = "86" Y = "194" T = "0" Pressure = "0" />
		<Point X = "86" Y = "197" T = "0" Pressure = "0" />
		<Point X = "86" Y = "199" T = "0" Pressure = "0" />
		<Point X = "86" Y = "201" T = "0" Pressure = "0" />
		<Point X = "86" Y = "204" T = "0" Pressure = "0" />
		<Point X = "86" Y = "207" T = "0" Pressure = "0" />
		<Point X = "86" Y = "209" T = "0" Pressure = "0" />
		<Point X = "85" Y = "213" T = "0" Pressure = "0" />
		<Point X = "85" Y = "220" T = "0" Pressure = "0" />
		<Point X = "85" Y = "225" T = "0" Pressure = "0" />
		<Point X = "85" Y = "230" T = "0" Pressure = "0" />
		<Point X = "85" Y = "233" T = "0" Pressure = "0" />
		<Point X = "85" Y = "235" T = "0" Pressure = "0" />
		<Point X = "85" Y = "238" T = "0" Pressure = "0" />
		<Point X = "85" Y = "240" T = "0" Pressure = "0" />
		<Point X = "85" Y = "242" T = "0" Pressure = "0" />
		<Point X = "85" Y = "244" T = "0" Pressure = "0" />
		<Point X = "85" Y = "246" T = "0" Pressure = "0" />
		<Point X = "85" Y = "248" T = "0" Pressure = "0" />
		<Point X = "85" Y = "251" T = "0" Pressure = "0" />
		<Point X = "85" Y = "253" T = "0" Pressure = "0" />
		<Point X = "85" Y = "256" T = "0" Pressure = "0" />
		<Point X = "85" Y = "258" T = "0" Pressure = "0" />
		<Point X = "86" Y = "259" T = "0" Pressure = "0" />
		<Point X = "88" Y = "262" T = "0" Pressure = "0" />
		<Point X = "89" Y = "264" T = "0" Pressure = "0" />
		<Point X = "90" Y = "264" T = "0" Pressure = "0" />
		<Point X = "91" Y = "267" T = "0" Pressure = "0" />
		<Point X = "93" Y = "270" T = "0" Pressure = "0" />
		<Point X = "94" Y = "271" T = "0" Pressure = "0" />
		<Point X = "95" Y = "274" T = "0" Pressure = "0" />
		<Point X = "96" Y = "276" T = "0" Pressure = "0" />
		<Point X = "99" Y = "279" T = "0" Pressure = "0" />
		<Point X = "103" Y = "284" T = "0" Pressure = "0" />
		<Point X = "104" Y = "287" T = "0" Pressure = "0" />
		<Point X = "107" Y = "290" T = "0" Pressure = "0" />
		<Point X = "108" Y = "291" T = "0" Pressure = "0" />
		<Point X = "109" Y = "293" T = "0" Pressure = "0" />
		<Point X = "110" Y = "294" T = "0" Pressure = "0" />
		<Point X = "113" Y = "296" T = "0" Pressure = "0" />
		<Point X = "113" Y = "297" T = "0" Pressure = "0" />
		<Point X = "115" Y = "299" T = "0" Pressure = "0" />
		<Point X = "118" Y = "300" T = "0" Pressure = "0" />
		<Point X = "120" Y = "300" T = "0" Pressure = "0" />
		<Point X = "121" Y = "302" T = "0" Pressure = "0" />
		<Point X = "124" Y = "302" T = "0" Pressure = "0" />
		<Point X = "125" Y = "302" T = "0" Pressure = "0" />
		<Point X = "126" Y = "302" T = "0" Pressure = "0" />
		<Point X = "127" Y = "302" T = "0" Pressure = "0" />
		<Point X = "129" Y = "302" T = "0" Pressure = "0" />
		<Point X = "130" Y = "302" T = "0" Pressure = "0" />
		<Point X = "134" Y = "302" T = "0" Pressure = "0" />
		<Point X = "138" Y = "302" T = "0" Pressure = "0" />
		<Point X = "141" Y = "302" T = "0" Pressure = "0" />
		<Point X = "143" Y = "302" T = "0" Pressure = "0" />
		<Point X = "145" Y = "302" T = "0" Pressure = "0" />
		<Point X = "148" Y = "302" T = "0" Pressure = "0" />
		<Point X = "149" Y = "302" T = "0" Pressure = "0" />
		<Point X = "152" Y = "302" T = "0" Pressure = "0" />
		<Point X = "155" Y = "302" T = "0" Pressure = "0" />
		<Point X = "157" Y = "301" T = "0" Pressure = "0" />
		<Point X = "162" Y = "299" T = "0" Pressure = "0" />
		<Point X = "164" Y = "298" T = "0" Pressure = "0" />
		<Point X = "167" Y = "296" T = "0" Pressure = "0" />
		<Point X = "171" Y = "294" T = "0" Pressure = "0" />
		<Point X = "172" Y = "293" T = "0" Pressure = "0" />
		<Point X = "174" Y = "292" T = "0" Pressure = "0" />
		<Point X = "175" Y = "290" T = "0" Pressure = "0" />
		<Point X = "176" Y = "289" T = "0" Pressure = "0" />
		<Point X = "177" Y = "287" T = "0" Pressure = "0" />
		<Point X = "178" Y = "287" T = "0" Pressure = "0" />
		<Point X = "178" Y = "285" T = "0" Pressure = "0" />
		<Point X = "178" Y = "283" T = "0" Pressure = "0" />
		<Point X = "180" Y = "281" T = "0" Pressure = "0" />
		<Point X = "180" Y = "280" T = "0" Pressure = "0" />
		<Point X = "180" Y = "277" T = "0" Pressure = "0" />
		<Point X = "181" Y = "276" T = "0" Pressure = "0" />
		<Point X = "181" Y = "274" T = "0" Pressure = "0" />
		<Point X = "181" Y = "273" T = "0" Pressure = "0" />
		<Point X = "181" Y = "270" T = "0" Pressure = "0" />
		<Point X = "181" Y = "268" T = "0" Pressure = "0" />
		<Point X = "181" Y = "266" T = "0" Pressure = "0" />
		<Point X = "181" Y = "263" T = "0" Pressure = "0" />
		<Point X = "180" Y = "261" T = "0" Pressure = "0" />
		<Point X = "179" Y = "258" T = "0" Pressure = "0" />
		<Point X = "179" Y = "254" T = "0" Pressure = "0" />
		<Point X = "177" Y = "251" T = "0" Pressure = "0" />
		<Point X = "177" Y = "250" T = "0" Pressure = "0" />
		<Point X = "176" Y = "247" T = "0" Pressure = "0" />
		<Point X = "175" Y = "245" T = "0" Pressure = "0" />
		<Point X = "174" Y = "243" T = "0" Pressure = "0" />
		<Point X = "174" Y = "242" T = "0" Pressure = "0" />
		<Point X = "171" Y = "241" T = "0" Pressure = "0" />
		<Point X = "170" Y = "239" T = "0" Pressure = "0" />
		<Point X = "167" Y = "238" T = "0" Pressure = "0" />
		<Point X = "165" Y = "236" T = "0" Pressure = "0" />
		<Point X = "163" Y = "236" T = "0" Pressure = "0" />
		<Point X = "162" Y = "236" T = "0" Pressure = "0" />
		<Point X = "162" Y = "235" T = "0" Pressure = "0" />
		<Point X = "160" Y = "234" T = "0" Pressure = "0" />
		<Point X = "157" Y = "234" T = "0" Pressure = "0" />
		<Point X = "156" Y = "233" T = "0" Pressure = "0" />
		<Point X = "155" Y = "232" T = "0" Pressure = "0" />
		<Point X = "151" Y = "230" T = "0" Pressure = "0" />
		<Point X = "148" Y = "230" T = "0" Pressure = "0" />
		<Point X = "147" Y = "229" T = "0" Pressure = "0" />
		<Point X = "144" Y = "228" T = "0" Pressure = "0" />
		<Point X = "141" Y = "227" T = "0" Pressure = "0" />
		<Point X = "139" Y = "227" T = "0" Pressure = "0" />
		<Point X = "136" Y = "227" T = "0" Pressure = "0" />
		<Point X = "134" Y = "225" T = "0" Pressure = "0" />
		<Point X = "132" Y = "225" T = "0" Pressure = "0" />
		<Point X = "129" Y = "225" T = "0" Pressure = "0" />
		<Point X = "127" Y = "225" T = "0" Pressure = "0" />
		<Point X = "126" Y = "225" T = "0" Pressure = "0" />
		<Point X = "124" Y = "225" T = "0" Pressure = "0" />
		<Point X = "122" Y = "225" T = "0" Pressure = "0" />
		<Point X = "119" Y = "225" T = "0" Pressure = "0" />
		<Point X = "116" Y = "225" T = "0" Pressure = "0" />
		<Point X = "115" Y = "225" T = "0" Pressure = "0" />
		<Point X = "113" Y = "225" T = "0" Pressure = "0" />
		<Point X = "112" Y = "225" T = "0" Pressure = "0" />
		<Point X = "109" Y = "225" T = "0" Pressure = "0" />
		<Point X = "108" Y = "225" T = "0" Pressure = "0" />
		<Point X = "106" Y = "225" T = "0" Pressure = "0" />
		<Point X = "105" Y = "225" T = "0" Pressure = "0" />
		<Point X = "104" Y = "225" T = "0" Pressure = "0" />
		<Point X = "102" Y = "225" T = "0" Pressure = "0" />
		<Point X = "99" Y = "225" T = "0" Pressure = "0" />
		<Point X = "98" Y = "225" T = "0" Pressure = "0" />
		<Point X = "95" Y = "225" T = "0" Pressure = "0" />
		<Point X = "92" Y = "225" T = "0" Pressure = "0" />
		<Point X = "90" Y = "225" T = "0" Pressure = "0" />
		<Point X = "87" Y = "225" T = "0" Pressure = "0" />
		<Point X = "86" Y = "226" T = "0" Pressure = "0" />
		<Point X = "85" Y = "226" T = "0" Pressure = "0" />
		<Point X = "84" Y = "226" T = "0" Pressure = "0" />
		<Point X = "84" Y = "227" T = "0" Pressure = "0" />
	</Stroke>
</Gesture>
