<?xml version="1.0" encoding="utf-8" standalone="yes"?>
<Gesture Name = "b">
	<Stroke>
		<Point X = "262" Y = "89" T = "0" Pressure = "0" />
		<Point X = "262" Y = "91" T = "0" Pressure = "0" />
		<Point X = "262" Y = "95" T = "0" Pressure = "0" />
		<Point X = "262" Y = "100" T = "0" Pressure = "0" />
		<Point X = "263" Y = "104" T = "0" Pressure = "0" />
		<Point X = "263" Y = "110" T = "0" Pressure = "0" />
		<Point X = "263" Y = "115" T = "0" Pressure = "0" />
		<Point X = "263" Y = "122" T = "0" Pressure = "0" />
		<Point X = "263" Y = "129" T = "0" Pressure = "0" />
		<Point X = "263" Y = "135" T = "0" Pressure = "0" />
		<Point X = "263" Y = "141" T = "0" Pressure = "0" />
		<Point X = "263" Y = "147" T = "0" Pressure = "0" />
		<Point X = "261" Y = "152" T = "0" Pressure = "0" />
		<Point X = "260" Y = "158" T = "0" Pressure = "0" />
		<Point X = "258" Y = "165" T = "0" Pressure = "0" />
		<Point X = "258" Y = "172" T = "0" Pressure = "0" />
		<Point X = "258" Y = "181" T = "0" Pressure = "0" />
		<Point X = "258" Y = "189" T = "0" Pressure = "0" />
		<Point X = "258" Y = "198" T = "0" Pressure = "0" />
		<Point X = "258" Y = "203" T = "0" Pressure = "0" />
		<Point X = "258" Y = "209" T = "0" Pressure = "0" />
		<Point X = "258" Y = "212" T = "0" Pressure = "0" />
		<Point X = "258" Y = "216" T = "0" Pressure = "0" />
		<Point X = "258" Y = "219" T = "0" Pressure = "0" />
		<Point X = "258" Y = "220" T = "0" Pressure = "0" />
		<Point X = "258" Y = "223" T = "0" Pressure = "0" />
		<Point X = "258" Y = "226" T = "0" Pressure = "0" />
		<Point X = "258" Y = "228" T = "0" Pressure = "0" />
		<Point X = "258" Y = "231" T = "0" Pressure = "0" />
		<Point X = "259" Y = "235" T = "0" Pressure = "0" />
		<Point X = "260" Y = "238" T = "0" Pressure = "0" />
		<Point X = "262" Y = "244" T = "0" Pressure = "0" />
		<Point X = "262" Y = "247" T = "0" Pressure = "0" />
		<Point X = "264" Y = "251" T = "0" Pressure = "0" />
		<Point X = "266" Y = "254" T = "0" Pressure = "0" />
		<Point X = "266" Y = "256" T = "0" Pressure = "0" />
		<Point X = "268" Y = "257" T = "0" Pressure = "0" />
		<Point X = "269" Y = "258" T = "0" Pressure = "0" />
		<Point X = "271" Y = "259" T = "0" Pressure = "0" />
		<Point X = "273" Y = "260" T = "0" Pressure = "0" />
		<Point X = "274" Y = "261" T = "0" Pressure = "0" />
		<Point X = "276" Y = "261" T = "0" Pressure = "0" />
		<Point X = "278" Y = "261" T = "0" Pressure = "0" />
		<Point X = "280" Y = "261" T = "0" Pressure = "0" />
		<Point X = "281" Y = "261" T = "0" Pressure = "0" />
		<Point X = "283" Y = "261" T = "0" Pressure = "0" />
		<Point X = "284" Y = "261" T = "0" Pressure = "0" />
		<Point X = "287" Y = "261" T = "0" Pressure = "0" />
		<Point X = "290" Y = "261" T = "0" Pressure = "0" />
		<Point X = "292" Y = "261" T = "0" Pressure = "0" />
		<Point X = "295" Y = "261" T = "0" Pressure = "0" />
		<Point X = "297" Y = "260" T = "0" Pressure = "0" />
		<Point X = "298" Y = "260" T = "0" Pressure = "0" />
		<Point X = "301" Y = "259" T = "0" Pressure = "0" />
		<Point X = "302" Y = "258" T = "0" Pressure = "0" />
		<Point X = "303" Y = "256" T = "0" Pressure = "0" />
		<Point X = "306" Y = "253" T = "0" Pressure = "0" />
		<Point X = "307" Y = "252" T = "0" Pressure = "0" />
		<Point X = "307" Y = "248" T = "0" Pressure = "0" />
		<Point X = "309" Y = "245" T = "0" Pressure = "0" />
		<Point X = "310" Y = "243" T = "0" Pressure = "0" />
		<Point X = "310" Y = "239" T = "0" Pressure = "0" />
		<Point X = "310" Y = "236" T = "0" Pressure = "0" />
		<Point X = "311" Y = "233" T = "0" Pressure = "0" />
		<Point X = "311" Y = "231" T = "0" Pressure = "0" />
		<Point X = "311" Y = "229" T = "0" Pressure = "0" />
		<Point X = "311" Y = "228" T = "0" Pressure = "0" />
		<Point X = "311" Y = "226" T = "0" Pressure = "0" />
		<Point X = "311" Y = "222" T = "0" Pressure = "0" />
		<Point X = "310" Y = "221" T = "0" Pressure = "0" />
		<Point X = "310" Y = "220" T = "0" Pressure = "0" />
		<Point X = "308" Y = "220" T = "0" Pressure = "0" />
		<Point X = "305" Y = "218" T = "0" Pressure = "0" />
		<Point X = "302" Y = "217" T = "0" Pressure = "0" />
		<Point X = "299" Y = "217" T = "0" Pressure = "0" />
		<Point X = "297" Y = "216" T = "0" Pressure = "0" />
		<Point X = "295" Y = "216" T = "0" Pressure = "0" />
		<Point X = "293" Y = "216" T = "0" Pressure = "0" />
		<Point X = "291" Y = "214" T = "0" Pressure = "0" />
		<Point X = "290" Y = "214" T = "0" Pressure = "0" />
		<Point X = "288" Y = "214" T = "0" Pressure = "0" />
		<Point X = "286" Y = "214" T = "0" Pressure = "0" />
		<Point X = "285" Y = "214" T = "0" Pressure = "0" />
		<Point X = "282" Y = "214" T = "0" Pressure = "0" />
		<Point X = "281" Y = "214" T = "0" Pressure = "0" />
		<Point X = "278" Y = "214" T = "0" Pressure = "0" />
		<Point X = "277" Y = "214" T = "0" Pressure = "0" />
		<Point X = "275" Y = "214" T = "0" Pressure = "0" />
		<Point X = "274" Y = "214" T = "0" Pressure = "0" />
		<Point X = "274" Y = "215" T = "0" Pressure = "0" />
		<Point X = "271" Y = "215" T = "0" Pressure = "0" />
		<Point X = "269" Y = "215" T = "0" Pressure = "0" />
		<Point X = "268" Y = "215" T = "0" Pressure = "0" />
		<Point X = "267" Y = "216" T = "0" Pressure = "0" />
		<Point X = "266" Y = "217" T = "0" Pressure = "0" />
		<Point X = "265" Y = "217" T = "0" Pressure = "0" />
		<Point X = "264" Y = "218" T = "0" Pressure = "0" />
		<Point X = "263" Y = "219" T = "0" Pressure = "0" />
		<Point X = "263" Y = "220" T = "0" Pressure = "0" />
		<Point X = "262" Y = "220" T = "0" Pressure = "0" />
		<Point X = "262" Y = "221" T = "0" Pressure = "0" />
		<Point X = "262" Y = "222" T = "0" Pressure = "0" />
		<Point X = "261" Y = "223" T = "0" Pressure = "0" />
		<Point X = "260" Y = "224" T = "0" Pressure = "0" />
		<Point X = "259" Y = "225" T = "0" Pressure = "0" />
		<Point X = "258" Y = "226" T = "0" Pressure = "0" />
		<Point X = "258" Y = "227" T = "0" Pressure = "0" />
		<Point X = "258" Y = "228" T = "0" Pressure = "0" />
		<Point X = "257" Y = "229" T = "0" Pressure = "0" />
		<Point X = "257" Y = "230" T = "0" Pressure = "0" />
		<Point X = "256" Y = "231" T = "0" Pressure = "0" />
		<Point X = "256" Y = "232" T = "0" Pressure = "0" />
		<Point X = "255" Y = "233" T = "0" Pressure = "0" />
		<Point X = "255" Y = "235" T = "0" Pressure = "0" />
		<Point X = "255" Y = "236" T = "0" Pressure = "0" />
	</Stroke>
</Gesture>
