<?xml version="1.0" encoding="utf-8" standalone="yes"?>
<Gesture Name = "b">
	<Stroke>
		<Point X = "236" Y = "57" T = "0" Pressure = "0" />
		<Point X = "236" Y = "61" T = "0" Pressure = "0" />
		<Point X = "235" Y = "67" T = "0" Pressure = "0" />
		<Point X = "235" Y = "72" T = "0" Pressure = "0" />
		<Point X = "234" Y = "77" T = "0" Pressure = "0" />
		<Point X = "232" Y = "83" T = "0" Pressure = "0" />
		<Point X = "231" Y = "87" T = "0" Pressure = "0" />
		<Point X = "230" Y = "96" T = "0" Pressure = "0" />
		<Point X = "229" Y = "100" T = "0" Pressure = "0" />
		<Point X = "227" Y = "106" T = "0" Pressure = "0" />
		<Point X = "225" Y = "112" T = "0" Pressure = "0" />
		<Point X = "224" Y = "118" T = "0" Pressure = "0" />
		<Point X = "221" Y = "125" T = "0" Pressure = "0" />
		<Point X = "220" Y = "131" T = "0" Pressure = "0" />
		<Point X = "219" Y = "136" T = "0" Pressure = "0" />
		<Point X = "217" Y = "145" T = "0" Pressure = "0" />
		<Point X = "216" Y = "151" T = "0" Pressure = "0" />
		<Point X = "214" Y = "156" T = "0" Pressure = "0" />
		<Point X = "212" Y = "161" T = "0" Pressure = "0" />
		<Point X = "211" Y = "164" T = "0" Pressure = "0" />
		<Point X = "211" Y = "167" T = "0" Pressure = "0" />
		<Point X = "210" Y = "171" T = "0" Pressure = "0" />
		<Point X = "210" Y = "173" T = "0" Pressure = "0" />
		<Point X = "210" Y = "177" T = "0" Pressure = "0" />
		<Point X = "208" Y = "180" T = "0" Pressure = "0" />
		<Point X = "208" Y = "184" T = "0" Pressure = "0" />
		<Point X = "208" Y = "190" T = "0" Pressure = "0" />
		<Point X = "208" Y = "194" T = "0" Pressure = "0" />
		<Point X = "208" Y = "198" T = "0" Pressure = "0" />
		<Point X = "208" Y = "203" T = "0" Pressure = "0" />
		<Point X = "208" Y = "207" T = "0" Pressure = "0" />
		<Point X = "208" Y = "209" T = "0" Pressure = "0" />
		<Point X = "209" Y = "211" T = "0" Pressure = "0" />
		<Point X = "209" Y = "214" T = "0" Pressure = "0" />
		<Point X = "213" Y = "218" T = "0" Pressure = "0" />
		<Point X = "216" Y = "220" T = "0" Pressure = "0" />
		<Point X = "223" Y = "224" T = "0" Pressure = "0" />
		<Point X = "230" Y = "229" T = "0" Pressure = "0" />
		<Point X = "238" Y = "234" T = "0" Pressure = "0" />
		<Point X = "242" Y = "235" T = "0" Pressure = "0" />
		<Point X = "247" Y = "237" T = "0" Pressure = "0" />
		<Point X = "251" Y = "238" T = "0" Pressure = "0" />
		<Point X = "254" Y = "239" T = "0" Pressure = "0" />
		<Point X = "257" Y = "239" T = "0" Pressure = "0" />
		<Point X = "260" Y = "240" T = "0" Pressure = "0" />
		<Point X = "264" Y = "240" T = "0" Pressure = "0" />
		<Point X = "268" Y = "240" T = "0" Pressure = "0" />
		<Point X = "271" Y = "240" T = "0" Pressure = "0" />
		<Point X = "274" Y = "240" T = "0" Pressure = "0" />
		<Point X = "275" Y = "240" T = "0" Pressure = "0" />
		<Point X = "278" Y = "240" T = "0" Pressure = "0" />
		<Point X = "279" Y = "240" T = "0" Pressure = "0" />
		<Point X = "280" Y = "240" T = "0" Pressure = "0" />
		<Point X = "281" Y = "240" T = "0" Pressure = "0" />
		<Point X = "283" Y = "239" T = "0" Pressure = "0" />
		<Point X = "285" Y = "237" T = "0" Pressure = "0" />
		<Point X = "287" Y = "237" T = "0" Pressure = "0" />
		<Point X = "288" Y = "235" T = "0" Pressure = "0" />
		<Point X = "288" Y = "234" T = "0" Pressure = "0" />
		<Point X = "289" Y = "234" T = "0" Pressure = "0" />
		<Point X = "289" Y = "231" T = "0" Pressure = "0" />
		<Point X = "289" Y = "228" T = "0" Pressure = "0" />
		<Point X = "289" Y = "226" T = "0" Pressure = "0" />
		<Point X = "289" Y = "224" T = "0" Pressure = "0" />
		<Point X = "286" Y = "219" T = "0" Pressure = "0" />
		<Point X = "282" Y = "210" T = "0" Pressure = "0" />
		<Point X = "277" Y = "203" T = "0" Pressure = "0" />
		<Point X = "273" Y = "198" T = "0" Pressure = "0" />
		<Point X = "268" Y = "193" T = "0" Pressure = "0" />
		<Point X = "263" Y = "188" T = "0" Pressure = "0" />
		<Point X = "258" Y = "183" T = "0" Pressure = "0" />
		<Point X = "254" Y = "179" T = "0" Pressure = "0" />
		<Point X = "250" Y = "175" T = "0" Pressure = "0" />
		<Point X = "248" Y = "173" T = "0" Pressure = "0" />
		<Point X = "247" Y = "172" T = "0" Pressure = "0" />
		<Point X = "247" Y = "171" T = "0" Pressure = "0" />
		<Point X = "245" Y = "170" T = "0" Pressure = "0" />
		<Point X = "245" Y = "169" T = "0" Pressure = "0" />
		<Point X = "244" Y = "169" T = "0" Pressure = "0" />
		<Point X = "243" Y = "168" T = "0" Pressure = "0" />
		<Point X = "241" Y = "168" T = "0" Pressure = "0" />
		<Point X = "238" Y = "168" T = "0" Pressure = "0" />
		<Point X = "236" Y = "168" T = "0" Pressure = "0" />
		<Point X = "234" Y = "168" T = "0" Pressure = "0" />
		<Point X = "232" Y = "168" T = "0" Pressure = "0" />
		<Point X = "230" Y = "168" T = "0" Pressure = "0" />
		<Point X = "227" Y = "168" T = "0" Pressure = "0" />
		<Point X = "226" Y = "168" T = "0" Pressure = "0" />
		<Point X = "224" Y = "168" T = "0" Pressure = "0" />
		<Point X = "223" Y = "168" T = "0" Pressure = "0" />
		<Point X = "221" Y = "168" T = "0" Pressure = "0" />
		<Point X = "220" Y = "168" T = "0" Pressure = "0" />
		<Point X = "218" Y = "168" T = "0" Pressure = "0" />
		<Point X = "217" Y = "168" T = "0" Pressure = "0" />
		<Point X = "216" Y = "168" T = "0" Pressure = "0" />
		<Point X = "215" Y = "169" T = "0" Pressure = "0" />
		<Point X = "214" Y = "169" T = "0" Pressure = "0" />
		<Point X = "213" Y = "170" T = "0" Pressure = "0" />
		<Point X = "213" Y = "171" T = "0" Pressure = "0" />
		<Point X = "212" Y = "171" T = "0" Pressure = "0" />
		<Point X = "212" Y = "172" T = "0" Pressure = "0" />
		<Point X = "211" Y = "172" T = "0" Pressure = "0" />
		<Point X = "210" Y = "172" T = "0" Pressure = "0" />
		<Point X = "210" Y = "173" T = "0" Pressure = "0" />
		<Point X = "209" Y = "173" T = "0" Pressure = "0" />
	</Stroke>
</Gesture>
