<?xml version="1.0" encoding="utf-8" standalone="yes"?>
<Gesture Name = "b">
	<Stroke>
		<Point X = "41" Y = "34" T = "0" Pressure = "0" />
		<Point X = "41" Y = "36" T = "0" Pressure = "0" />
		<Point X = "41" Y = "39" T = "0" Pressure = "0" />
		<Point X = "41" Y = "41" T = "0" Pressure = "0" />
		<Point X = "41" Y = "44" T = "0" Pressure = "0" />
		<Point X = "41" Y = "48" T = "0" Pressure = "0" />
		<Point X = "41" Y = "53" T = "0" Pressure = "0" />
		<Point X = "41" Y = "57" T = "0" Pressure = "0" />
		<Point X = "41" Y = "61" T = "0" Pressure = "0" />
		<Point X = "41" Y = "67" T = "0" Pressure = "0" />
		<Point X = "41" Y = "73" T = "0" Pressure = "0" />
		<Point X = "41" Y = "82" T = "0" Pressure = "0" />
		<Point X = "43" Y = "90" T = "0" Pressure = "0" />
		<Point X = "44" Y = "96" T = "0" Pressure = "0" />
		<Point X = "46" Y = "102" T = "0" Pressure = "0" />
		<Point X = "48" Y = "107" T = "0" Pressure = "0" />
		<Point X = "48" Y = "110" T = "0" Pressure = "0" />
		<Point X = "48" Y = "114" T = "0" Pressure = "0" />
		<Point X = "49" Y = "117" T = "0" Pressure = "0" />
		<Point X = "49" Y = "121" T = "0" Pressure = "0" />
		<Point X = "50" Y = "126" T = "0" Pressure = "0" />
		<Point X = "50" Y = "127" T = "0" Pressure = "0" />
		<Point X = "50" Y = "130" T = "0" Pressure = "0" />
		<Point X = "52" Y = "132" T = "0" Pressure = "0" />
		<Point X = "52" Y = "134" T = "0" Pressure = "0" />
		<Point X = "52" Y = "136" T = "0" Pressure = "0" />
		<Point X = "52" Y = "137" T = "0" Pressure = "0" />
		<Point X = "52" Y = "140" T = "0" Pressure = "0" />
		<Point X = "52" Y = "141" T = "0" Pressure = "0" />
		<Point X = "53" Y = "143" T = "0" Pressure = "0" />
		<Point X = "54" Y = "145" T = "0" Pressure = "0" />
		<Point X = "56" Y = "148" T = "0" Pressure = "0" />
		<Point X = "57" Y = "151" T = "0" Pressure = "0" />
		<Point X = "58" Y = "153" T = "0" Pressure = "0" />
		<Point X = "60" Y = "156" T = "0" Pressure = "0" />
		<Point X = "62" Y = "158" T = "0" Pressure = "0" />
		<Point X = "63" Y = "160" T = "0" Pressure = "0" />
		<Point X = "65" Y = "162" T = "0" Pressure = "0" />
		<Point X = "67" Y = "164" T = "0" Pressure = "0" />
		<Point X = "70" Y = "164" T = "0" Pressure = "0" />
		<Point X = "71" Y = "164" T = "0" Pressure = "0" />
		<Point X = "73" Y = "165" T = "0" Pressure = "0" />
		<Point X = "74" Y = "165" T = "0" Pressure = "0" />
		<Point X = "78" Y = "165" T = "0" Pressure = "0" />
		<Point X = "80" Y = "166" T = "0" Pressure = "0" />
		<Point X = "81" Y = "166" T = "0" Pressure = "0" />
		<Point X = "82" Y = "166" T = "0" Pressure = "0" />
		<Point X = "84" Y = "166" T = "0" Pressure = "0" />
		<Point X = "85" Y = "166" T = "0" Pressure = "0" />
		<Point X = "87" Y = "166" T = "0" Pressure = "0" />
		<Point X = "88" Y = "166" T = "0" Pressure = "0" />
		<Point X = "90" Y = "166" T = "0" Pressure = "0" />
		<Point X = "91" Y = "166" T = "0" Pressure = "0" />
		<Point X = "92" Y = "166" T = "0" Pressure = "0" />
		<Point X = "93" Y = "166" T = "0" Pressure = "0" />
		<Point X = "93" Y = "167" T = "0" Pressure = "0" />
		<Point X = "94" Y = "167" T = "0" Pressure = "0" />
		<Point X = "95" Y = "167" T = "0" Pressure = "0" />
		<Point X = "97" Y = "166" T = "0" Pressure = "0" />
		<Point X = "97" Y = "165" T = "0" Pressure = "0" />
		<Point X = "98" Y = "163" T = "0" Pressure = "0" />
		<Point X = "99" Y = "160" T = "0" Pressure = "0" />
		<Point X = "100" Y = "158" T = "0" Pressure = "0" />
		<Point X = "100" Y = "156" T = "0" Pressure = "0" />
		<Point X = "100" Y = "153" T = "0" Pressure = "0" />
		<Point X = "100" Y = "152" T = "0" Pressure = "0" />
		<Point X = "100" Y = "150" T = "0" Pressure = "0" />
		<Point X = "100" Y = "149" T = "0" Pressure = "0" />
		<Point X = "100" Y = "146" T = "0" Pressure = "0" />
		<Point X = "100" Y = "144" T = "0" Pressure = "0" />
		<Point X = "100" Y = "142" T = "0" Pressure = "0" />
		<Point X = "100" Y = "141" T = "0" Pressure = "0" />
		<Point X = "100" Y = "139" T = "0" Pressure = "0" />
		<Point X = "100" Y = "137" T = "0" Pressure = "0" />
		<Point X = "100" Y = "136" T = "0" Pressure = "0" />
		<Point X = "100" Y = "134" T = "0" Pressure = "0" />
		<Point X = "98" Y = "133" T = "0" Pressure = "0" />
		<Point X = "97" Y = "131" T = "0" Pressure = "0" />
		<Point X = "97" Y = "128" T = "0" Pressure = "0" />
		<Point X = "96" Y = "127" T = "0" Pressure = "0" />
		<Point X = "94" Y = "125" T = "0" Pressure = "0" />
		<Point X = "93" Y = "123" T = "0" Pressure = "0" />
		<Point X = "91" Y = "120" T = "0" Pressure = "0" />
		<Point X = "90" Y = "118" T = "0" Pressure = "0" />
		<Point X = "89" Y = "117" T = "0" Pressure = "0" />
		<Point X = "89" Y = "116" T = "0" Pressure = "0" />
		<Point X = "87" Y = "115" T = "0" Pressure = "0" />
		<Point X = "86" Y = "114" T = "0" Pressure = "0" />
		<Point X = "84" Y = "114" T = "0" Pressure = "0" />
		<Point X = "83" Y = "113" T = "0" Pressure = "0" />
		<Point X = "82" Y = "113" T = "0" Pressure = "0" />
		<Point X = "80" Y = "112" T = "0" Pressure = "0" />
		<Point X = "79" Y = "112" T = "0" Pressure = "0" />
		<Point X = "77" Y = "112" T = "0" Pressure = "0" />
		<Point X = "76" Y = "112" T = "0" Pressure = "0" />
		<Point X = "74" Y = "112" T = "0" Pressure = "0" />
		<Point X = "73" Y = "112" T = "0" Pressure = "0" />
		<Point X = "72" Y = "112" T = "0" Pressure = "0" />
		<Point X = "71" Y = "112" T = "0" Pressure = "0" />
		<Point X = "69" Y = "112" T = "0" Pressure = "0" />
		<Point X = "68" Y = "112" T = "0" Pressure = "0" />
		<Point X = "67" Y = "112" T = "0" Pressure = "0" />
		<Point X = "64" Y = "112" T = "0" Pressure = "0" />
		<Point X = "63" Y = "112" T = "0" Pressure = "0" />
		<Point X = "61" Y = "112" T = "0" Pressure = "0" />
		<Point X = "60" Y = "112" T = "0" Pressure = "0" />
		<Point X = "58" Y = "112" T = "0" Pressure = "0" />
		<Point X = "56" Y = "112" T = "0" Pressure = "0" />
		<Point X = "55" Y = "112" T = "0" Pressure = "0" />
		<Point X = "54" Y = "112" T = "0" Pressure = "0" />
		<Point X = "53" Y = "112" T = "0" Pressure = "0" />
		<Point X = "51" Y = "112" T = "0" Pressure = "0" />
		<Point X = "50" Y = "113" T = "0" Pressure = "0" />
		<Point X = "49" Y = "113" T = "0" Pressure = "0" />
		<Point X = "48" Y = "114" T = "0" Pressure = "0" />
		<Point X = "47" Y = "114" T = "0" Pressure = "0" />
		<Point X = "44" Y = "115" T = "0" Pressure = "0" />
		<Point X = "44" Y = "116" T = "0" Pressure = "0" />
	</Stroke>
</Gesture>
