<?xml version="1.0" encoding="utf-8" standalone="yes"?>
<Gesture Name = "b">
	<Stroke>
		<Point X = "285" Y = "78" T = "0" Pressure = "0" />
		<Point X = "285" Y = "84" T = "0" Pressure = "0" />
		<Point X = "285" Y = "88" T = "0" Pressure = "0" />
		<Point X = "285" Y = "90" T = "0" Pressure = "0" />
		<Point X = "285" Y = "94" T = "0" Pressure = "0" />
		<Point X = "285" Y = "97" T = "0" Pressure = "0" />
		<Point X = "285" Y = "103" T = "0" Pressure = "0" />
		<Point X = "285" Y = "107" T = "0" Pressure = "0" />
		<Point X = "285" Y = "114" T = "0" Pressure = "0" />
		<Point X = "285" Y = "121" T = "0" Pressure = "0" />
		<Point X = "285" Y = "126" T = "0" Pressure = "0" />
		<Point X = "285" Y = "133" T = "0" Pressure = "0" />
		<Point X = "285" Y = "139" T = "0" Pressure = "0" />
		<Point X = "285" Y = "143" T = "0" Pressure = "0" />
		<Point X = "285" Y = "147" T = "0" Pressure = "0" />
		<Point X = "285" Y = "150" T = "0" Pressure = "0" />
		<Point X = "285" Y = "152" T = "0" Pressure = "0" />
		<Point X = "285" Y = "156" T = "0" Pressure = "0" />
		<Point X = "284" Y = "160" T = "0" Pressure = "0" />
		<Point X = "282" Y = "166" T = "0" Pressure = "0" />
		<Point X = "280" Y = "175" T = "0" Pressure = "0" />
		<Point X = "279" Y = "183" T = "0" Pressure = "0" />
		<Point X = "279" Y = "190" T = "0" Pressure = "0" />
		<Point X = "275" Y = "200" T = "0" Pressure = "0" />
		<Point X = "275" Y = "209" T = "0" Pressure = "0" />
		<Point X = "274" Y = "218" T = "0" Pressure = "0" />
		<Point X = "273" Y = "225" T = "0" Pressure = "0" />
		<Point X = "273" Y = "230" T = "0" Pressure = "0" />
		<Point X = "273" Y = "232" T = "0" Pressure = "0" />
		<Point X = "273" Y = "236" T = "0" Pressure = "0" />
		<Point X = "273" Y = "239" T = "0" Pressure = "0" />
		<Point X = "273" Y = "242" T = "0" Pressure = "0" />
		<Point X = "273" Y = "243" T = "0" Pressure = "0" />
		<Point X = "273" Y = "244" T = "0" Pressure = "0" />
		<Point X = "273" Y = "246" T = "0" Pressure = "0" />
		<Point X = "273" Y = "248" T = "0" Pressure = "0" />
		<Point X = "273" Y = "250" T = "0" Pressure = "0" />
		<Point X = "276" Y = "253" T = "0" Pressure = "0" />
		<Point X = "276" Y = "257" T = "0" Pressure = "0" />
		<Point X = "279" Y = "260" T = "0" Pressure = "0" />
		<Point X = "280" Y = "262" T = "0" Pressure = "0" />
		<Point X = "282" Y = "267" T = "0" Pressure = "0" />
		<Point X = "283" Y = "269" T = "0" Pressure = "0" />
		<Point X = "285" Y = "271" T = "0" Pressure = "0" />
		<Point X = "287" Y = "277" T = "0" Pressure = "0" />
		<Point X = "289" Y = "279" T = "0" Pressure = "0" />
		<Point X = "293" Y = "285" T = "0" Pressure = "0" />
		<Point X = "294" Y = "288" T = "0" Pressure = "0" />
		<Point X = "298" Y = "291" T = "0" Pressure = "0" />
		<Point X = "300" Y = "293" T = "0" Pressure = "0" />
		<Point X = "301" Y = "293" T = "0" Pressure = "0" />
		<Point X = "303" Y = "294" T = "0" Pressure = "0" />
		<Point X = "304" Y = "294" T = "0" Pressure = "0" />
		<Point X = "306" Y = "294" T = "0" Pressure = "0" />
		<Point X = "308" Y = "295" T = "0" Pressure = "0" />
		<Point X = "310" Y = "296" T = "0" Pressure = "0" />
		<Point X = "312" Y = "297" T = "0" Pressure = "0" />
		<Point X = "314" Y = "297" T = "0" Pressure = "0" />
		<Point X = "315" Y = "297" T = "0" Pressure = "0" />
		<Point X = "316" Y = "297" T = "0" Pressure = "0" />
		<Point X = "317" Y = "297" T = "0" Pressure = "0" />
		<Point X = "318" Y = "297" T = "0" Pressure = "0" />
		<Point X = "319" Y = "297" T = "0" Pressure = "0" />
		<Point X = "321" Y = "297" T = "0" Pressure = "0" />
		<Point X = "322" Y = "297" T = "0" Pressure = "0" />
		<Point X = "326" Y = "297" T = "0" Pressure = "0" />
		<Point X = "336" Y = "297" T = "0" Pressure = "0" />
		<Point X = "341" Y = "297" T = "0" Pressure = "0" />
		<Point X = "345" Y = "297" T = "0" Pressure = "0" />
		<Point X = "348" Y = "297" T = "0" Pressure = "0" />
		<Point X = "350" Y = "297" T = "0" Pressure = "0" />
		<Point X = "353" Y = "295" T = "0" Pressure = "0" />
		<Point X = "354" Y = "295" T = "0" Pressure = "0" />
		<Point X = "354" Y = "293" T = "0" Pressure = "0" />
		<Point X = "354" Y = "289" T = "0" Pressure = "0" />
		<Point X = "354" Y = "287" T = "0" Pressure = "0" />
		<Point X = "355" Y = "284" T = "0" Pressure = "0" />
		<Point X = "356" Y = "281" T = "0" Pressure = "0" />
		<Point X = "357" Y = "280" T = "0" Pressure = "0" />
		<Point X = "358" Y = "276" T = "0" Pressure = "0" />
		<Point X = "360" Y = "273" T = "0" Pressure = "0" />
		<Point X = "361" Y = "271" T = "0" Pressure = "0" />
		<Point X = "362" Y = "269" T = "0" Pressure = "0" />
		<Point X = "363" Y = "267" T = "0" Pressure = "0" />
		<Point X = "364" Y = "265" T = "0" Pressure = "0" />
		<Point X = "364" Y = "262" T = "0" Pressure = "0" />
		<Point X = "365" Y = "260" T = "0" Pressure = "0" />
		<Point X = "365" Y = "256" T = "0" Pressure = "0" />
		<Point X = "365" Y = "252" T = "0" Pressure = "0" />
		<Point X = "365" Y = "245" T = "0" Pressure = "0" />
		<Point X = "365" Y = "239" T = "0" Pressure = "0" />
		<Point X = "364" Y = "235" T = "0" Pressure = "0" />
		<Point X = "362" Y = "229" T = "0" Pressure = "0" />
		<Point X = "361" Y = "224" T = "0" Pressure = "0" />
		<Point X = "359" Y = "221" T = "0" Pressure = "0" />
		<Point X = "356" Y = "215" T = "0" Pressure = "0" />
		<Point X = "355" Y = "214" T = "0" Pressure = "0" />
		<Point X = "352" Y = "211" T = "0" Pressure = "0" />
		<Point X = "350" Y = "208" T = "0" Pressure = "0" />
		<Point X = "349" Y = "207" T = "0" Pressure = "0" />
		<Point X = "346" Y = "206" T = "0" Pressure = "0" />
		<Point X = "342" Y = "206" T = "0" Pressure = "0" />
		<Point X = "339" Y = "204" T = "0" Pressure = "0" />
		<Point X = "336" Y = "204" T = "0" Pressure = "0" />
		<Point X = "333" Y = "203" T = "0" Pressure = "0" />
		<Point X = "332" Y = "203" T = "0" Pressure = "0" />
		<Point X = "331" Y = "203" T = "0" Pressure = "0" />
		<Point X = "330" Y = "203" T = "0" Pressure = "0" />
		<Point X = "328" Y = "203" T = "0" Pressure = "0" />
		<Point X = "327" Y = "203" T = "0" Pressure = "0" />
		<Point X = "325" Y = "203" T = "0" Pressure = "0" />
		<Point X = "322" Y = "203" T = "0" Pressure = "0" />
		<Point X = "320" Y = "203" T = "0" Pressure = "0" />
		<Point X = "318" Y = "203" T = "0" Pressure = "0" />
		<Point X = "316" Y = "203" T = "0" Pressure = "0" />
		<Point X = "314" Y = "203" T = "0" Pressure = "0" />
		<Point X = "311" Y = "203" T = "0" Pressure = "0" />
		<Point X = "309" Y = "203" T = "0" Pressure = "0" />
		<Point X = "307" Y = "203" T = "0" Pressure = "0" />
		<Point X = "306" Y = "203" T = "0" Pressure = "0" />
		<Point X = "304" Y = "203" T = "0" Pressure = "0" />
		<Point X = "303" Y = "203" T = "0" Pressure = "0" />
		<Point X = "301" Y = "203" T = "0" Pressure = "0" />
		<Point X = "299" Y = "203" T = "0" Pressure = "0" />
		<Point X = "297" Y = "203" T = "0" Pressure = "0" />
		<Point X = "296" Y = "203" T = "0" Pressure = "0" />
		<Point X = "294" Y = "204" T = "0" Pressure = "0" />
		<Point X = "293" Y = "204" T = "0" Pressure = "0" />
		<Point X = "292" Y = "204" T = "0" Pressure = "0" />
		<Point X = "290" Y = "205" T = "0" Pressure = "0" />
		<Point X = "288" Y = "206" T = "0" Pressure = "0" />
		<Point X = "286" Y = "206" T = "0" Pressure = "0" />
		<Point X = "284" Y = "207" T = "0" Pressure = "0" />
		<Point X = "283" Y = "208" T = "0" Pressure = "0" />
		<Point X = "282" Y = "208" T = "0" Pressure = "0" />
		<Point X = "280" Y = "208" T = "0" Pressure = "0" />
		<Point X = "280" Y = "209" T = "0" Pressure = "0" />
		<Point X = "279" Y = "210" T = "0" Pressure = "0" />
		<Point X = "278" Y = "211" T = "0" Pressure = "0" />
		<Point X = "277" Y = "213" T = "0" Pressure = "0" />
		<Point X = "277" Y = "214" T = "0" Pressure = "0" />
		<Point X = "275" Y = "214" T = "0" Pressure = "0" />
		<Point X = "273" Y = "216" T = "0" Pressure = "0" />
	</Stroke>
</Gesture>
