<?xml version="1.0" encoding="utf-8" standalone="yes"?>
<Gesture Name = "b">
	<Stroke>
		<Point X = "327" Y = "96" T = "0" Pressure = "0" />
		<Point X = "327" Y = "97" T = "0" Pressure = "0" />
		<Point X = "327" Y = "98" T = "0" Pressure = "0" />
		<Point X = "328" Y = "101" T = "0" Pressure = "0" />
		<Point X = "329" Y = "104" T = "0" Pressure = "0" />
		<Point X = "329" Y = "107" T = "0" Pressure = "0" />
		<Point X = "329" Y = "108" T = "0" Pressure = "0" />
		<Point X = "329" Y = "111" T = "0" Pressure = "0" />
		<Point X = "329" Y = "114" T = "0" Pressure = "0" />
		<Point X = "329" Y = "118" T = "0" Pressure = "0" />
		<Point X = "329" Y = "122" T = "0" Pressure = "0" />
		<Point X = "329" Y = "126" T = "0" Pressure = "0" />
		<Point X = "329" Y = "130" T = "0" Pressure = "0" />
		<Point X = "329" Y = "132" T = "0" Pressure = "0" />
		<Point X = "329" Y = "136" T = "0" Pressure = "0" />
		<Point X = "329" Y = "138" T = "0" Pressure = "0" />
		<Point X = "329" Y = "142" T = "0" Pressure = "0" />
		<Point X = "329" Y = "144" T = "0" Pressure = "0" />
		<Point X = "329" Y = "146" T = "0" Pressure = "0" />
		<Point X = "329" Y = "148" T = "0" Pressure = "0" />
		<Point X = "329" Y = "150" T = "0" Pressure = "0" />
		<Point X = "329" Y = "151" T = "0" Pressure = "0" />
		<Point X = "329" Y = "153" T = "0" Pressure = "0" />
		<Point X = "328" Y = "156" T = "0" Pressure = "0" />
		<Point X = "328" Y = "158" T = "0" Pressure = "0" />
		<Point X = "328" Y = "161" T = "0" Pressure = "0" />
		<Point X = "328" Y = "164" T = "0" Pressure = "0" />
		<Point X = "328" Y = "167" T = "0" Pressure = "0" />
		<Point X = "328" Y = "169" T = "0" Pressure = "0" />
		<Point X = "328" Y = "172" T = "0" Pressure = "0" />
		<Point X = "328" Y = "175" T = "0" Pressure = "0" />
		<Point X = "328" Y = "177" T = "0" Pressure = "0" />
		<Point X = "328" Y = "180" T = "0" Pressure = "0" />
		<Point X = "328" Y = "181" T = "0" Pressure = "0" />
		<Point X = "328" Y = "184" T = "0" Pressure = "0" />
		<Point X = "328" Y = "187" T = "0" Pressure = "0" />
		<Point X = "328" Y = "190" T = "0" Pressure = "0" />
		<Point X = "328" Y = "192" T = "0" Pressure = "0" />
		<Point X = "328" Y = "195" T = "0" Pressure = "0" />
		<Point X = "328" Y = "200" T = "0" Pressure = "0" />
		<Point X = "328" Y = "203" T = "0" Pressure = "0" />
		<Point X = "328" Y = "206" T = "0" Pressure = "0" />
		<Point X = "329" Y = "208" T = "0" Pressure = "0" />
		<Point X = "329" Y = "211" T = "0" Pressure = "0" />
		<Point X = "332" Y = "213" T = "0" Pressure = "0" />
		<Point X = "332" Y = "215" T = "0" Pressure = "0" />
		<Point X = "333" Y = "218" T = "0" Pressure = "0" />
		<Point X = "333" Y = "219" T = "0" Pressure = "0" />
		<Point X = "333" Y = "222" T = "0" Pressure = "0" />
		<Point X = "334" Y = "225" T = "0" Pressure = "0" />
		<Point X = "335" Y = "226" T = "0" Pressure = "0" />
		<Point X = "335" Y = "228" T = "0" Pressure = "0" />
		<Point X = "338" Y = "234" T = "0" Pressure = "0" />
		<Point X = "339" Y = "235" T = "0" Pressure = "0" />
		<Point X = "340" Y = "238" T = "0" Pressure = "0" />
		<Point X = "340" Y = "240" T = "0" Pressure = "0" />
		<Point X = "340" Y = "241" T = "0" Pressure = "0" />
		<Point X = "341" Y = "242" T = "0" Pressure = "0" />
		<Point X = "342" Y = "245" T = "0" Pressure = "0" />
		<Point X = "342" Y = "246" T = "0" Pressure = "0" />
		<Point X = "344" Y = "247" T = "0" Pressure = "0" />
		<Point X = "347" Y = "250" T = "0" Pressure = "0" />
		<Point X = "348" Y = "252" T = "0" Pressure = "0" />
		<Point X = "350" Y = "253" T = "0" Pressure = "0" />
		<Point X = "351" Y = "254" T = "0" Pressure = "0" />
		<Point X = "353" Y = "256" T = "0" Pressure = "0" />
		<Point X = "354" Y = "257" T = "0" Pressure = "0" />
		<Point X = "356" Y = "257" T = "0" Pressure = "0" />
		<Point X = "360" Y = "260" T = "0" Pressure = "0" />
		<Point X = "361" Y = "260" T = "0" Pressure = "0" />
		<Point X = "364" Y = "261" T = "0" Pressure = "0" />
		<Point X = "365" Y = "261" T = "0" Pressure = "0" />
		<Point X = "366" Y = "261" T = "0" Pressure = "0" />
		<Point X = "367" Y = "261" T = "0" Pressure = "0" />
		<Point X = "369" Y = "261" T = "0" Pressure = "0" />
		<Point X = "370" Y = "261" T = "0" Pressure = "0" />
		<Point X = "372" Y = "261" T = "0" Pressure = "0" />
		<Point X = "373" Y = "261" T = "0" Pressure = "0" />
		<Point X = "373" Y = "260" T = "0" Pressure = "0" />
		<Point X = "373" Y = "258" T = "0" Pressure = "0" />
		<Point X = "374" Y = "257" T = "0" Pressure = "0" />
		<Point X = "376" Y = "256" T = "0" Pressure = "0" />
		<Point X = "376" Y = "255" T = "0" Pressure = "0" />
		<Point X = "377" Y = "254" T = "0" Pressure = "0" />
		<Point X = "377" Y = "251" T = "0" Pressure = "0" />
		<Point X = "378" Y = "250" T = "0" Pressure = "0" />
		<Point X = "378" Y = "249" T = "0" Pressure = "0" />
		<Point X = "379" Y = "247" T = "0" Pressure = "0" />
		<Point X = "379" Y = "244" T = "0" Pressure = "0" />
		<Point X = "380" Y = "243" T = "0" Pressure = "0" />
		<Point X = "380" Y = "240" T = "0" Pressure = "0" />
		<Point X = "380" Y = "238" T = "0" Pressure = "0" />
		<Point X = "380" Y = "236" T = "0" Pressure = "0" />
		<Point X = "381" Y = "236" T = "0" Pressure = "0" />
		<Point X = "381" Y = "234" T = "0" Pressure = "0" />
		<Point X = "381" Y = "232" T = "0" Pressure = "0" />
		<Point X = "383" Y = "229" T = "0" Pressure = "0" />
		<Point X = "383" Y = "228" T = "0" Pressure = "0" />
		<Point X = "383" Y = "226" T = "0" Pressure = "0" />
		<Point X = "383" Y = "225" T = "0" Pressure = "0" />
		<Point X = "383" Y = "223" T = "0" Pressure = "0" />
		<Point X = "383" Y = "222" T = "0" Pressure = "0" />
		<Point X = "383" Y = "220" T = "0" Pressure = "0" />
		<Point X = "383" Y = "218" T = "0" Pressure = "0" />
		<Point X = "383" Y = "215" T = "0" Pressure = "0" />
		<Point X = "382" Y = "213" T = "0" Pressure = "0" />
		<Point X = "381" Y = "210" T = "0" Pressure = "0" />
		<Point X = "379" Y = "207" T = "0" Pressure = "0" />
		<Point X = "378" Y = "206" T = "0" Pressure = "0" />
		<Point X = "377" Y = "205" T = "0" Pressure = "0" />
		<Point X = "376" Y = "204" T = "0" Pressure = "0" />
		<Point X = "375" Y = "204" T = "0" Pressure = "0" />
		<Point X = "374" Y = "204" T = "0" Pressure = "0" />
		<Point X = "373" Y = "204" T = "0" Pressure = "0" />
		<Point X = "372" Y = "204" T = "0" Pressure = "0" />
		<Point X = "371" Y = "204" T = "0" Pressure = "0" />
		<Point X = "370" Y = "204" T = "0" Pressure = "0" />
		<Point X = "369" Y = "204" T = "0" Pressure = "0" />
		<Point X = "368" Y = "204" T = "0" Pressure = "0" />
		<Point X = "366" Y = "204" T = "0" Pressure = "0" />
		<Point X = "365" Y = "204" T = "0" Pressure = "0" />
		<Point X = "364" Y = "204" T = "0" Pressure = "0" />
		<Point X = "363" Y = "204" T = "0" Pressure = "0" />
		<Point X = "362" Y = "204" T = "0" Pressure = "0" />
		<Point X = "361" Y = "204" T = "0" Pressure = "0" />
		<Point X = "360" Y = "204" T = "0" Pressure = "0" />
		<Point X = "359" Y = "204" T = "0" Pressure = "0" />
		<Point X = "357" Y = "204" T = "0" Pressure = "0" />
		<Point X = "355" Y = "204" T = "0" Pressure = "0" />
		<Point X = "354" Y = "204" T = "0" Pressure = "0" />
		<Point X = "352" Y = "205" T = "0" Pressure = "0" />
		<Point X = "351" Y = "205" T = "0" Pressure = "0" />
		<Point X = "350" Y = "207" T = "0" Pressure = "0" />
		<Point X = "349" Y = "207" T = "0" Pressure = "0" />
		<Point X = "348" Y = "207" T = "0" Pressure = "0" />
		<Point X = "347" Y = "208" T = "0" Pressure = "0" />
		<Point X = "345" Y = "208" T = "0" Pressure = "0" />
		<Point X = "344" Y = "208" T = "0" Pressure = "0" />
		<Point X = "342" Y = "209" T = "0" Pressure = "0" />
		<Point X = "341" Y = "209" T = "0" Pressure = "0" />
		<Point X = "341" Y = "210" T = "0" Pressure = "0" />
		<Point X = "339" Y = "211" T = "0" Pressure = "0" />
		<Point X = "338" Y = "211" T = "0" Pressure = "0" />
		<Point X = "337" Y = "211" T = "0" Pressure = "0" />
		<Point X = "336" Y = "213" T = "0" Pressure = "0" />
		<Point X = "335" Y = "213" T = "0" Pressure = "0" />
		<Point X = "335" Y = "214" T = "0" Pressure = "0" />
		<Point X = "334" Y = "214" T = "0" Pressure = "0" />
	</Stroke>
</Gesture>
