<?xml version="1.0" encoding="utf-8" standalone="yes"?>
<Gesture Name = "b">
	<Stroke>
		<Point X = "360" Y = "78" T = "0" Pressure = "0" />
		<Point X = "360" Y = "81" T = "0" Pressure = "0" />
		<Point X = "360" Y = "86" T = "0" Pressure = "0" />
		<Point X = "360" Y = "90" T = "0" Pressure = "0" />
		<Point X = "360" Y = "100" T = "0" Pressure = "0" />
		<Point X = "360" Y = "108" T = "0" Pressure = "0" />
		<Point X = "360" Y = "119" T = "0" Pressure = "0" />
		<Point X = "358" Y = "130" T = "0" Pressure = "0" />
		<Point X = "357" Y = "138" T = "0" Pressure = "0" />
		<Point X = "356" Y = "148" T = "0" Pressure = "0" />
		<Point X = "354" Y = "156" T = "0" Pressure = "0" />
		<Point X = "353" Y = "164" T = "0" Pressure = "0" />
		<Point X = "353" Y = "169" T = "0" Pressure = "0" />
		<Point X = "353" Y = "177" T = "0" Pressure = "0" />
		<Point X = "353" Y = "182" T = "0" Pressure = "0" />
		<Point X = "353" Y = "187" T = "0" Pressure = "0" />
		<Point X = "353" Y = "190" T = "0" Pressure = "0" />
		<Point X = "353" Y = "193" T = "0" Pressure = "0" />
		<Point X = "353" Y = "195" T = "0" Pressure = "0" />
		<Point X = "353" Y = "198" T = "0" Pressure = "0" />
		<Point X = "353" Y = "203" T = "0" Pressure = "0" />
		<Point X = "353" Y = "206" T = "0" Pressure = "0" />
		<Point X = "353" Y = "211" T = "0" Pressure = "0" />
		<Point X = "353" Y = "216" T = "0" Pressure = "0" />
		<Point X = "353" Y = "223" T = "0" Pressure = "0" />
		<Point X = "353" Y = "230" T = "0" Pressure = "0" />
		<Point X = "353" Y = "236" T = "0" Pressure = "0" />
		<Point X = "353" Y = "243" T = "0" Pressure = "0" />
		<Point X = "354" Y = "247" T = "0" Pressure = "0" />
		<Point X = "354" Y = "251" T = "0" Pressure = "0" />
		<Point X = "354" Y = "254" T = "0" Pressure = "0" />
		<Point X = "355" Y = "257" T = "0" Pressure = "0" />
		<Point X = "355" Y = "260" T = "0" Pressure = "0" />
		<Point X = "356" Y = "261" T = "0" Pressure = "0" />
		<Point X = "357" Y = "264" T = "0" Pressure = "0" />
		<Point X = "358" Y = "267" T = "0" Pressure = "0" />
		<Point X = "359" Y = "268" T = "0" Pressure = "0" />
		<Point X = "360" Y = "271" T = "0" Pressure = "0" />
		<Point X = "362" Y = "273" T = "0" Pressure = "0" />
		<Point X = "362" Y = "274" T = "0" Pressure = "0" />
		<Point X = "363" Y = "275" T = "0" Pressure = "0" />
		<Point X = "365" Y = "277" T = "0" Pressure = "0" />
		<Point X = "367" Y = "277" T = "0" Pressure = "0" />
		<Point X = "370" Y = "279" T = "0" Pressure = "0" />
		<Point X = "373" Y = "281" T = "0" Pressure = "0" />
		<Point X = "377" Y = "284" T = "0" Pressure = "0" />
		<Point X = "381" Y = "286" T = "0" Pressure = "0" />
		<Point X = "383" Y = "288" T = "0" Pressure = "0" />
		<Point X = "384" Y = "289" T = "0" Pressure = "0" />
		<Point X = "387" Y = "291" T = "0" Pressure = "0" />
		<Point X = "388" Y = "292" T = "0" Pressure = "0" />
		<Point X = "390" Y = "293" T = "0" Pressure = "0" />
		<Point X = "392" Y = "294" T = "0" Pressure = "0" />
		<Point X = "393" Y = "294" T = "0" Pressure = "0" />
		<Point X = "397" Y = "295" T = "0" Pressure = "0" />
		<Point X = "400" Y = "295" T = "0" Pressure = "0" />
		<Point X = "403" Y = "295" T = "0" Pressure = "0" />
		<Point X = "404" Y = "295" T = "0" Pressure = "0" />
		<Point X = "407" Y = "295" T = "0" Pressure = "0" />
		<Point X = "408" Y = "295" T = "0" Pressure = "0" />
		<Point X = "410" Y = "295" T = "0" Pressure = "0" />
		<Point X = "412" Y = "295" T = "0" Pressure = "0" />
		<Point X = "413" Y = "294" T = "0" Pressure = "0" />
		<Point X = "415" Y = "291" T = "0" Pressure = "0" />
		<Point X = "416" Y = "289" T = "0" Pressure = "0" />
		<Point X = "416" Y = "288" T = "0" Pressure = "0" />
		<Point X = "416" Y = "286" T = "0" Pressure = "0" />
		<Point X = "416" Y = "285" T = "0" Pressure = "0" />
		<Point X = "418" Y = "282" T = "0" Pressure = "0" />
		<Point X = "418" Y = "279" T = "0" Pressure = "0" />
		<Point X = "418" Y = "277" T = "0" Pressure = "0" />
		<Point X = "418" Y = "274" T = "0" Pressure = "0" />
		<Point X = "418" Y = "272" T = "0" Pressure = "0" />
		<Point X = "418" Y = "268" T = "0" Pressure = "0" />
		<Point X = "417" Y = "266" T = "0" Pressure = "0" />
		<Point X = "415" Y = "261" T = "0" Pressure = "0" />
		<Point X = "413" Y = "257" T = "0" Pressure = "0" />
		<Point X = "411" Y = "254" T = "0" Pressure = "0" />
		<Point X = "410" Y = "253" T = "0" Pressure = "0" />
		<Point X = "410" Y = "252" T = "0" Pressure = "0" />
		<Point X = "408" Y = "249" T = "0" Pressure = "0" />
		<Point X = "407" Y = "248" T = "0" Pressure = "0" />
		<Point X = "404" Y = "245" T = "0" Pressure = "0" />
		<Point X = "402" Y = "244" T = "0" Pressure = "0" />
		<Point X = "399" Y = "241" T = "0" Pressure = "0" />
		<Point X = "396" Y = "240" T = "0" Pressure = "0" />
		<Point X = "393" Y = "237" T = "0" Pressure = "0" />
		<Point X = "391" Y = "237" T = "0" Pressure = "0" />
		<Point X = "388" Y = "235" T = "0" Pressure = "0" />
		<Point X = "385" Y = "233" T = "0" Pressure = "0" />
		<Point X = "383" Y = "233" T = "0" Pressure = "0" />
		<Point X = "382" Y = "233" T = "0" Pressure = "0" />
		<Point X = "381" Y = "233" T = "0" Pressure = "0" />
		<Point X = "379" Y = "233" T = "0" Pressure = "0" />
		<Point X = "377" Y = "233" T = "0" Pressure = "0" />
		<Point X = "375" Y = "233" T = "0" Pressure = "0" />
		<Point X = "374" Y = "233" T = "0" Pressure = "0" />
		<Point X = "372" Y = "233" T = "0" Pressure = "0" />
		<Point X = "369" Y = "233" T = "0" Pressure = "0" />
		<Point X = "368" Y = "233" T = "0" Pressure = "0" />
		<Point X = "365" Y = "233" T = "0" Pressure = "0" />
		<Point X = "362" Y = "233" T = "0" Pressure = "0" />
		<Point X = "361" Y = "234" T = "0" Pressure = "0" />
		<Point X = "358" Y = "234" T = "0" Pressure = "0" />
		<Point X = "357" Y = "234" T = "0" Pressure = "0" />
		<Point X = "356" Y = "235" T = "0" Pressure = "0" />
		<Point X = "355" Y = "235" T = "0" Pressure = "0" />
		<Point X = "354" Y = "235" T = "0" Pressure = "0" />
		<Point X = "353" Y = "236" T = "0" Pressure = "0" />
		<Point X = "351" Y = "237" T = "0" Pressure = "0" />
		<Point X = "350" Y = "238" T = "0" Pressure = "0" />
		<Point X = "348" Y = "239" T = "0" Pressure = "0" />
		<Point X = "348" Y = "240" T = "0" Pressure = "0" />
		<Point X = "347" Y = "241" T = "0" Pressure = "0" />
		<Point X = "346" Y = "242" T = "0" Pressure = "0" />
		<Point X = "346" Y = "243" T = "0" Pressure = "0" />
	</Stroke>
</Gesture>
