<?xml version="1.0" encoding="utf-8" standalone="yes"?>
<Gesture Name = "b">
	<Stroke>
		<Point X = "335" Y = "196" T = "0" Pressure = "0" />
		<Point X = "335" Y = "200" T = "0" Pressure = "0" />
		<Point X = "335" Y = "204" T = "0" Pressure = "0" />
		<Point X = "335" Y = "207" T = "0" Pressure = "0" />
		<Point X = "335" Y = "211" T = "0" Pressure = "0" />
		<Point X = "335" Y = "213" T = "0" Pressure = "0" />
		<Point X = "335" Y = "217" T = "0" Pressure = "0" />
		<Point X = "335" Y = "219" T = "0" Pressure = "0" />
		<Point X = "335" Y = "222" T = "0" Pressure = "0" />
		<Point X = "335" Y = "224" T = "0" Pressure = "0" />
		<Point X = "335" Y = "227" T = "0" Pressure = "0" />
		<Point X = "334" Y = "229" T = "0" Pressure = "0" />
		<Point X = "334" Y = "231" T = "0" Pressure = "0" />
		<Point X = "333" Y = "235" T = "0" Pressure = "0" />
		<Point X = "333" Y = "238" T = "0" Pressure = "0" />
		<Point X = "333" Y = "240" T = "0" Pressure = "0" />
		<Point X = "332" Y = "243" T = "0" Pressure = "0" />
		<Point X = "332" Y = "246" T = "0" Pressure = "0" />
		<Point X = "330" Y = "250" T = "0" Pressure = "0" />
		<Point X = "330" Y = "255" T = "0" Pressure = "0" />
		<Point X = "329" Y = "258" T = "0" Pressure = "0" />
		<Point X = "329" Y = "262" T = "0" Pressure = "0" />
		<Point X = "329" Y = "263" T = "0" Pressure = "0" />
		<Point X = "329" Y = "264" T = "0" Pressure = "0" />
		<Point X = "328" Y = "267" T = "0" Pressure = "0" />
		<Point X = "328" Y = "269" T = "0" Pressure = "0" />
		<Point X = "327" Y = "271" T = "0" Pressure = "0" />
		<Point X = "327" Y = "274" T = "0" Pressure = "0" />
		<Point X = "327" Y = "276" T = "0" Pressure = "0" />
		<Point X = "327" Y = "277" T = "0" Pressure = "0" />
		<Point X = "327" Y = "280" T = "0" Pressure = "0" />
		<Point X = "327" Y = "283" T = "0" Pressure = "0" />
		<Point X = "327" Y = "284" T = "0" Pressure = "0" />
		<Point X = "327" Y = "285" T = "0" Pressure = "0" />
		<Point X = "327" Y = "287" T = "0" Pressure = "0" />
		<Point X = "327" Y = "288" T = "0" Pressure = "0" />
		<Point X = "327" Y = "290" T = "0" Pressure = "0" />
		<Point X = "328" Y = "291" T = "0" Pressure = "0" />
		<Point X = "328" Y = "292" T = "0" Pressure = "0" />
		<Point X = "329" Y = "295" T = "0" Pressure = "0" />
		<Point X = "329" Y = "297" T = "0" Pressure = "0" />
		<Point X = "330" Y = "299" T = "0" Pressure = "0" />
		<Point X = "331" Y = "301" T = "0" Pressure = "0" />
		<Point X = "331" Y = "304" T = "0" Pressure = "0" />
		<Point X = "333" Y = "308" T = "0" Pressure = "0" />
		<Point X = "333" Y = "309" T = "0" Pressure = "0" />
		<Point X = "333" Y = "310" T = "0" Pressure = "0" />
		<Point X = "334" Y = "312" T = "0" Pressure = "0" />
		<Point X = "335" Y = "314" T = "0" Pressure = "0" />
		<Point X = "337" Y = "317" T = "0" Pressure = "0" />
		<Point X = "338" Y = "318" T = "0" Pressure = "0" />
		<Point X = "339" Y = "318" T = "0" Pressure = "0" />
		<Point X = "339" Y = "320" T = "0" Pressure = "0" />
		<Point X = "340" Y = "320" T = "0" Pressure = "0" />
		<Point X = "340" Y = "321" T = "0" Pressure = "0" />
		<Point X = "342" Y = "321" T = "0" Pressure = "0" />
		<Point X = "345" Y = "323" T = "0" Pressure = "0" />
		<Point X = "346" Y = "324" T = "0" Pressure = "0" />
		<Point X = "351" Y = "325" T = "0" Pressure = "0" />
		<Point X = "354" Y = "328" T = "0" Pressure = "0" />
		<Point X = "356" Y = "328" T = "0" Pressure = "0" />
		<Point X = "360" Y = "330" T = "0" Pressure = "0" />
		<Point X = "361" Y = "330" T = "0" Pressure = "0" />
		<Point X = "364" Y = "330" T = "0" Pressure = "0" />
		<Point X = "366" Y = "331" T = "0" Pressure = "0" />
		<Point X = "367" Y = "331" T = "0" Pressure = "0" />
		<Point X = "370" Y = "331" T = "0" Pressure = "0" />
		<Point X = "371" Y = "331" T = "0" Pressure = "0" />
		<Point X = "373" Y = "331" T = "0" Pressure = "0" />
		<Point X = "374" Y = "331" T = "0" Pressure = "0" />
		<Point X = "375" Y = "331" T = "0" Pressure = "0" />
		<Point X = "376" Y = "330" T = "0" Pressure = "0" />
		<Point X = "377" Y = "329" T = "0" Pressure = "0" />
		<Point X = "378" Y = "328" T = "0" Pressure = "0" />
		<Point X = "380" Y = "328" T = "0" Pressure = "0" />
		<Point X = "381" Y = "327" T = "0" Pressure = "0" />
		<Point X = "382" Y = "325" T = "0" Pressure = "0" />
		<Point X = "383" Y = "324" T = "0" Pressure = "0" />
		<Point X = "385" Y = "322" T = "0" Pressure = "0" />
		<Point X = "386" Y = "321" T = "0" Pressure = "0" />
		<Point X = "386" Y = "318" T = "0" Pressure = "0" />
		<Point X = "387" Y = "317" T = "0" Pressure = "0" />
		<Point X = "388" Y = "315" T = "0" Pressure = "0" />
		<Point X = "388" Y = "313" T = "0" Pressure = "0" />
		<Point X = "388" Y = "311" T = "0" Pressure = "0" />
		<Point X = "389" Y = "310" T = "0" Pressure = "0" />
		<Point X = "389" Y = "307" T = "0" Pressure = "0" />
		<Point X = "389" Y = "306" T = "0" Pressure = "0" />
		<Point X = "391" Y = "303" T = "0" Pressure = "0" />
		<Point X = "391" Y = "301" T = "0" Pressure = "0" />
		<Point X = "391" Y = "300" T = "0" Pressure = "0" />
		<Point X = "391" Y = "299" T = "0" Pressure = "0" />
		<Point X = "391" Y = "298" T = "0" Pressure = "0" />
		<Point X = "391" Y = "297" T = "0" Pressure = "0" />
		<Point X = "391" Y = "296" T = "0" Pressure = "0" />
		<Point X = "391" Y = "295" T = "0" Pressure = "0" />
		<Point X = "391" Y = "294" T = "0" Pressure = "0" />
		<Point X = "390" Y = "291" T = "0" Pressure = "0" />
		<Point X = "390" Y = "290" T = "0" Pressure = "0" />
		<Point X = "388" Y = "289" T = "0" Pressure = "0" />
		<Point X = "387" Y = "287" T = "0" Pressure = "0" />
		<Point X = "385" Y = "287" T = "0" Pressure = "0" />
		<Point X = "383" Y = "286" T = "0" Pressure = "0" />
		<Point X = "381" Y = "286" T = "0" Pressure = "0" />
		<Point X = "379" Y = "285" T = "0" Pressure = "0" />
		<Point X = "377" Y = "284" T = "0" Pressure = "0" />
		<Point X = "374" Y = "283" T = "0" Pressure = "0" />
		<Point X = "372" Y = "281" T = "0" Pressure = "0" />
		<Point X = "368" Y = "280" T = "0" Pressure = "0" />
		<Point X = "364" Y = "280" T = "0" Pressure = "0" />
		<Point X = "362" Y = "279" T = "0" Pressure = "0" />
		<Point X = "361" Y = "278" T = "0" Pressure = "0" />
		<Point X = "359" Y = "278" T = "0" Pressure = "0" />
		<Point X = "357" Y = "278" T = "0" Pressure = "0" />
		<Point X = "356" Y = "278" T = "0" Pressure = "0" />
		<Point X = "355" Y = "278" T = "0" Pressure = "0" />
		<Point X = "354" Y = "278" T = "0" Pressure = "0" />
		<Point X = "352" Y = "278" T = "0" Pressure = "0" />
		<Point X = "351" Y = "278" T = "0" Pressure = "0" />
		<Point X = "349" Y = "278" T = "0" Pressure = "0" />
		<Point X = "347" Y = "278" T = "0" Pressure = "0" />
		<Point X = "345" Y = "278" T = "0" Pressure = "0" />
		<Point X = "344" Y = "278" T = "0" Pressure = "0" />
		<Point X = "341" Y = "278" T = "0" Pressure = "0" />
		<Point X = "340" Y = "278" T = "0" Pressure = "0" />
		<Point X = "339" Y = "278" T = "0" Pressure = "0" />
		<Point X = "338" Y = "278" T = "0" Pressure = "0" />
		<Point X = "337" Y = "278" T = "0" Pressure = "0" />
		<Point X = "336" Y = "278" T = "0" Pressure = "0" />
		<Point X = "335" Y = "278" T = "0" Pressure = "0" />
		<Point X = "334" Y = "278" T = "0" Pressure = "0" />
		<Point X = "333" Y = "278" T = "0" Pressure = "0" />
		<Point X = "332" Y = "278" T = "0" Pressure = "0" />
		<Point X = "331" Y = "278" T = "0" Pressure = "0" />
		<Point X = "330" Y = "279" T = "0" Pressure = "0" />
		<Point X = "328" Y = "279" T = "0" Pressure = "0" />
		<Point X = "327" Y = "279" T = "0" Pressure = "0" />
		<Point X = "325" Y = "280" T = "0" Pressure = "0" />
	</Stroke>
</Gesture>
