<?xml version="1.0" encoding="utf-8" standalone="yes"?>
<Gesture Name = "b">
	<Stroke>
		<Point X = "224" Y = "45" T = "0" Pressure = "0" />
		<Point X = "224" Y = "47" T = "0" Pressure = "0" />
		<Point X = "224" Y = "49" T = "0" Pressure = "0" />
		<Point X = "224" Y = "51" T = "0" Pressure = "0" />
		<Point X = "222" Y = "53" T = "0" Pressure = "0" />
		<Point X = "222" Y = "54" T = "0" Pressure = "0" />
		<Point X = "222" Y = "55" T = "0" Pressure = "0" />
		<Point X = "222" Y = "56" T = "0" Pressure = "0" />
		<Point X = "222" Y = "58" T = "0" Pressure = "0" />
		<Point X = "221" Y = "59" T = "0" Pressure = "0" />
		<Point X = "221" Y = "60" T = "0" Pressure = "0" />
		<Point X = "221" Y = "61" T = "0" Pressure = "0" />
		<Point X = "221" Y = "63" T = "0" Pressure = "0" />
		<Point X = "221" Y = "65" T = "0" Pressure = "0" />
		<Point X = "220" Y = "67" T = "0" Pressure = "0" />
		<Point X = "220" Y = "68" T = "0" Pressure = "0" />
		<Point X = "220" Y = "70" T = "0" Pressure = "0" />
		<Point X = "220" Y = "71" T = "0" Pressure = "0" />
		<Point X = "220" Y = "74" T = "0" Pressure = "0" />
		<Point X = "220" Y = "75" T = "0" Pressure = "0" />
		<Point X = "220" Y = "77" T = "0" Pressure = "0" />
		<Point X = "219" Y = "79" T = "0" Pressure = "0" />
		<Point X = "219" Y = "80" T = "0" Pressure = "0" />
		<Point X = "219" Y = "81" T = "0" Pressure = "0" />
		<Point X = "219" Y = "83" T = "0" Pressure = "0" />
		<Point X = "219" Y = "86" T = "0" Pressure = "0" />
		<Point X = "219" Y = "89" T = "0" Pressure = "0" />
		<Point X = "219" Y = "92" T = "0" Pressure = "0" />
		<Point X = "219" Y = "96" T = "0" Pressure = "0" />
		<Point X = "219" Y = "99" T = "0" Pressure = "0" />
		<Point X = "219" Y = "101" T = "0" Pressure = "0" />
		<Point X = "219" Y = "104" T = "0" Pressure = "0" />
		<Point X = "219" Y = "106" T = "0" Pressure = "0" />
		<Point X = "219" Y = "108" T = "0" Pressure = "0" />
		<Point X = "219" Y = "110" T = "0" Pressure = "0" />
		<Point X = "219" Y = "112" T = "0" Pressure = "0" />
		<Point X = "219" Y = "115" T = "0" Pressure = "0" />
		<Point X = "219" Y = "118" T = "0" Pressure = "0" />
		<Point X = "220" Y = "120" T = "0" Pressure = "0" />
		<Point X = "220" Y = "122" T = "0" Pressure = "0" />
		<Point X = "220" Y = "125" T = "0" Pressure = "0" />
		<Point X = "220" Y = "129" T = "0" Pressure = "0" />
		<Point X = "222" Y = "134" T = "0" Pressure = "0" />
		<Point X = "224" Y = "139" T = "0" Pressure = "0" />
		<Point X = "225" Y = "143" T = "0" Pressure = "0" />
		<Point X = "228" Y = "147" T = "0" Pressure = "0" />
		<Point X = "229" Y = "150" T = "0" Pressure = "0" />
		<Point X = "233" Y = "155" T = "0" Pressure = "0" />
		<Point X = "235" Y = "157" T = "0" Pressure = "0" />
		<Point X = "237" Y = "160" T = "0" Pressure = "0" />
		<Point X = "240" Y = "162" T = "0" Pressure = "0" />
		<Point X = "242" Y = "163" T = "0" Pressure = "0" />
		<Point X = "245" Y = "164" T = "0" Pressure = "0" />
		<Point X = "247" Y = "165" T = "0" Pressure = "0" />
		<Point X = "252" Y = "166" T = "0" Pressure = "0" />
		<Point X = "253" Y = "167" T = "0" Pressure = "0" />
		<Point X = "256" Y = "167" T = "0" Pressure = "0" />
		<Point X = "259" Y = "168" T = "0" Pressure = "0" />
		<Point X = "260" Y = "168" T = "0" Pressure = "0" />
		<Point X = "262" Y = "168" T = "0" Pressure = "0" />
		<Point X = "264" Y = "168" T = "0" Pressure = "0" />
		<Point X = "266" Y = "168" T = "0" Pressure = "0" />
		<Point X = "267" Y = "168" T = "0" Pressure = "0" />
		<Point X = "268" Y = "168" T = "0" Pressure = "0" />
		<Point X = "269" Y = "168" T = "0" Pressure = "0" />
		<Point X = "270" Y = "166" T = "0" Pressure = "0" />
		<Point X = "272" Y = "165" T = "0" Pressure = "0" />
		<Point X = "274" Y = "162" T = "0" Pressure = "0" />
		<Point X = "275" Y = "161" T = "0" Pressure = "0" />
		<Point X = "278" Y = "158" T = "0" Pressure = "0" />
		<Point X = "279" Y = "156" T = "0" Pressure = "0" />
		<Point X = "282" Y = "154" T = "0" Pressure = "0" />
		<Point X = "283" Y = "150" T = "0" Pressure = "0" />
		<Point X = "285" Y = "149" T = "0" Pressure = "0" />
		<Point X = "286" Y = "148" T = "0" Pressure = "0" />
		<Point X = "286" Y = "146" T = "0" Pressure = "0" />
		<Point X = "286" Y = "143" T = "0" Pressure = "0" />
		<Point X = "286" Y = "142" T = "0" Pressure = "0" />
		<Point X = "286" Y = "139" T = "0" Pressure = "0" />
		<Point X = "286" Y = "136" T = "0" Pressure = "0" />
		<Point X = "286" Y = "133" T = "0" Pressure = "0" />
		<Point X = "286" Y = "130" T = "0" Pressure = "0" />
		<Point X = "285" Y = "130" T = "0" Pressure = "0" />
		<Point X = "283" Y = "128" T = "0" Pressure = "0" />
		<Point X = "282" Y = "128" T = "0" Pressure = "0" />
		<Point X = "280" Y = "127" T = "0" Pressure = "0" />
		<Point X = "278" Y = "126" T = "0" Pressure = "0" />
		<Point X = "277" Y = "126" T = "0" Pressure = "0" />
		<Point X = "275" Y = "126" T = "0" Pressure = "0" />
		<Point X = "272" Y = "125" T = "0" Pressure = "0" />
		<Point X = "270" Y = "124" T = "0" Pressure = "0" />
		<Point X = "267" Y = "123" T = "0" Pressure = "0" />
		<Point X = "261" Y = "122" T = "0" Pressure = "0" />
		<Point X = "258" Y = "120" T = "0" Pressure = "0" />
		<Point X = "257" Y = "120" T = "0" Pressure = "0" />
		<Point X = "253" Y = "119" T = "0" Pressure = "0" />
		<Point X = "251" Y = "119" T = "0" Pressure = "0" />
		<Point X = "251" Y = "118" T = "0" Pressure = "0" />
		<Point X = "249" Y = "118" T = "0" Pressure = "0" />
		<Point X = "249" Y = "117" T = "0" Pressure = "0" />
		<Point X = "248" Y = "117" T = "0" Pressure = "0" />
		<Point X = "247" Y = "117" T = "0" Pressure = "0" />
		<Point X = "246" Y = "117" T = "0" Pressure = "0" />
		<Point X = "245" Y = "117" T = "0" Pressure = "0" />
		<Point X = "243" Y = "117" T = "0" Pressure = "0" />
		<Point X = "242" Y = "117" T = "0" Pressure = "0" />
		<Point X = "240" Y = "117" T = "0" Pressure = "0" />
		<Point X = "239" Y = "117" T = "0" Pressure = "0" />
		<Point X = "238" Y = "117" T = "0" Pressure = "0" />
		<Point X = "236" Y = "117" T = "0" Pressure = "0" />
		<Point X = "235" Y = "117" T = "0" Pressure = "0" />
		<Point X = "231" Y = "117" T = "0" Pressure = "0" />
		<Point X = "230" Y = "117" T = "0" Pressure = "0" />
		<Point X = "229" Y = "117" T = "0" Pressure = "0" />
		<Point X = "228" Y = "118" T = "0" Pressure = "0" />
		<Point X = "227" Y = "118" T = "0" Pressure = "0" />
		<Point X = "226" Y = "118" T = "0" Pressure = "0" />
		<Point X = "225" Y = "118" T = "0" Pressure = "0" />
		<Point X = "224" Y = "119" T = "0" Pressure = "0" />
		<Point X = "223" Y = "120" T = "0" Pressure = "0" />
		<Point X = "222" Y = "121" T = "0" Pressure = "0" />
		<Point X = "222" Y = "122" T = "0" Pressure = "0" />
		<Point X = "222" Y = "123" T = "0" Pressure = "0" />
	</Stroke>
</Gesture>
