<?xml version="1.0" encoding="utf-8" standalone="yes"?>
<Gesture Name = "b">
	<Stroke>
		<Point X = "295" Y = "78" T = "0" Pressure = "0" />
		<Point X = "296" Y = "83" T = "0" Pressure = "0" />
		<Point X = "300" Y = "91" T = "0" Pressure = "0" />
		<Point X = "301" Y = "98" T = "0" Pressure = "0" />
		<Point X = "303" Y = "108" T = "0" Pressure = "0" />
		<Point X = "306" Y = "117" T = "0" Pressure = "0" />
		<Point X = "307" Y = "125" T = "0" Pressure = "0" />
		<Point X = "307" Y = "130" T = "0" Pressure = "0" />
		<Point X = "308" Y = "138" T = "0" Pressure = "0" />
		<Point X = "308" Y = "144" T = "0" Pressure = "0" />
		<Point X = "310" Y = "152" T = "0" Pressure = "0" />
		<Point X = "310" Y = "161" T = "0" Pressure = "0" />
		<Point X = "311" Y = "170" T = "0" Pressure = "0" />
		<Point X = "312" Y = "177" T = "0" Pressure = "0" />
		<Point X = "316" Y = "189" T = "0" Pressure = "0" />
		<Point X = "319" Y = "203" T = "0" Pressure = "0" />
		<Point X = "321" Y = "213" T = "0" Pressure = "0" />
		<Point X = "322" Y = "220" T = "0" Pressure = "0" />
		<Point X = "324" Y = "230" T = "0" Pressure = "0" />
		<Point X = "328" Y = "237" T = "0" Pressure = "0" />
		<Point X = "328" Y = "242" T = "0" Pressure = "0" />
		<Point X = "328" Y = "247" T = "0" Pressure = "0" />
		<Point X = "328" Y = "250" T = "0" Pressure = "0" />
		<Point X = "329" Y = "253" T = "0" Pressure = "0" />
		<Point X = "329" Y = "254" T = "0" Pressure = "0" />
		<Point X = "331" Y = "258" T = "0" Pressure = "0" />
		<Point X = "332" Y = "261" T = "0" Pressure = "0" />
		<Point X = "332" Y = "262" T = "0" Pressure = "0" />
		<Point X = "335" Y = "266" T = "0" Pressure = "0" />
		<Point X = "337" Y = "269" T = "0" Pressure = "0" />
		<Point X = "337" Y = "270" T = "0" Pressure = "0" />
		<Point X = "340" Y = "273" T = "0" Pressure = "0" />
		<Point X = "344" Y = "275" T = "0" Pressure = "0" />
		<Point X = "349" Y = "278" T = "0" Pressure = "0" />
		<Point X = "352" Y = "279" T = "0" Pressure = "0" />
		<Point X = "356" Y = "282" T = "0" Pressure = "0" />
		<Point X = "357" Y = "282" T = "0" Pressure = "0" />
		<Point X = "360" Y = "282" T = "0" Pressure = "0" />
		<Point X = "362" Y = "282" T = "0" Pressure = "0" />
		<Point X = "363" Y = "282" T = "0" Pressure = "0" />
		<Point X = "365" Y = "282" T = "0" Pressure = "0" />
		<Point X = "366" Y = "282" T = "0" Pressure = "0" />
		<Point X = "368" Y = "282" T = "0" Pressure = "0" />
		<Point X = "370" Y = "282" T = "0" Pressure = "0" />
		<Point X = "371" Y = "282" T = "0" Pressure = "0" />
		<Point X = "373" Y = "279" T = "0" Pressure = "0" />
		<Point X = "375" Y = "278" T = "0" Pressure = "0" />
		<Point X = "375" Y = "277" T = "0" Pressure = "0" />
		<Point X = "378" Y = "274" T = "0" Pressure = "0" />
		<Point X = "378" Y = "272" T = "0" Pressure = "0" />
		<Point X = "380" Y = "270" T = "0" Pressure = "0" />
		<Point X = "380" Y = "267" T = "0" Pressure = "0" />
		<Point X = "381" Y = "264" T = "0" Pressure = "0" />
		<Point X = "382" Y = "261" T = "0" Pressure = "0" />
		<Point X = "383" Y = "259" T = "0" Pressure = "0" />
		<Point X = "383" Y = "256" T = "0" Pressure = "0" />
		<Point X = "384" Y = "254" T = "0" Pressure = "0" />
		<Point X = "384" Y = "251" T = "0" Pressure = "0" />
		<Point X = "385" Y = "248" T = "0" Pressure = "0" />
		<Point X = "385" Y = "245" T = "0" Pressure = "0" />
		<Point X = "386" Y = "244" T = "0" Pressure = "0" />
		<Point X = "386" Y = "242" T = "0" Pressure = "0" />
		<Point X = "386" Y = "238" T = "0" Pressure = "0" />
		<Point X = "386" Y = "236" T = "0" Pressure = "0" />
		<Point X = "386" Y = "233" T = "0" Pressure = "0" />
		<Point X = "386" Y = "230" T = "0" Pressure = "0" />
		<Point X = "386" Y = "229" T = "0" Pressure = "0" />
		<Point X = "386" Y = "227" T = "0" Pressure = "0" />
		<Point X = "385" Y = "224" T = "0" Pressure = "0" />
		<Point X = "385" Y = "222" T = "0" Pressure = "0" />
		<Point X = "384" Y = "220" T = "0" Pressure = "0" />
		<Point X = "383" Y = "218" T = "0" Pressure = "0" />
		<Point X = "381" Y = "217" T = "0" Pressure = "0" />
		<Point X = "379" Y = "216" T = "0" Pressure = "0" />
		<Point X = "377" Y = "215" T = "0" Pressure = "0" />
		<Point X = "374" Y = "214" T = "0" Pressure = "0" />
		<Point X = "371" Y = "214" T = "0" Pressure = "0" />
		<Point X = "368" Y = "213" T = "0" Pressure = "0" />
		<Point X = "367" Y = "213" T = "0" Pressure = "0" />
		<Point X = "365" Y = "213" T = "0" Pressure = "0" />
		<Point X = "364" Y = "213" T = "0" Pressure = "0" />
		<Point X = "363" Y = "213" T = "0" Pressure = "0" />
		<Point X = "361" Y = "213" T = "0" Pressure = "0" />
		<Point X = "360" Y = "213" T = "0" Pressure = "0" />
		<Point X = "359" Y = "213" T = "0" Pressure = "0" />
		<Point X = "357" Y = "213" T = "0" Pressure = "0" />
		<Point X = "356" Y = "214" T = "0" Pressure = "0" />
		<Point X = "355" Y = "214" T = "0" Pressure = "0" />
		<Point X = "354" Y = "214" T = "0" Pressure = "0" />
		<Point X = "353" Y = "215" T = "0" Pressure = "0" />
		<Point X = "350" Y = "216" T = "0" Pressure = "0" />
		<Point X = "349" Y = "216" T = "0" Pressure = "0" />
		<Point X = "349" Y = "217" T = "0" Pressure = "0" />
		<Point X = "348" Y = "217" T = "0" Pressure = "0" />
		<Point X = "347" Y = "218" T = "0" Pressure = "0" />
		<Point X = "347" Y = "219" T = "0" Pressure = "0" />
		<Point X = "346" Y = "219" T = "0" Pressure = "0" />
		<Point X = "345" Y = "221" T = "0" Pressure = "0" />
		<Point X = "343" Y = "222" T = "0" Pressure = "0" />
		<Point X = "343" Y = "223" T = "0" Pressure = "0" />
		<Point X = "341" Y = "225" T = "0" Pressure = "0" />
		<Point X = "340" Y = "225" T = "0" Pressure = "0" />
		<Point X = "340" Y = "226" T = "0" Pressure = "0" />
		<Point X = "339" Y = "227" T = "0" Pressure = "0" />
		<Point X = "338" Y = "228" T = "0" Pressure = "0" />
		<Point X = "337" Y = "229" T = "0" Pressure = "0" />
		<Point X = "336" Y = "230" T = "0" Pressure = "0" />
		<Point X = "335" Y = "231" T = "0" Pressure = "0" />
		<Point X = "334" Y = "232" T = "0" Pressure = "0" />
		<Point X = "333" Y = "233" T = "0" Pressure = "0" />
		<Point X = "333" Y = "234" T = "0" Pressure = "0" />
		<Point X = "332" Y = "235" T = "0" Pressure = "0" />
		<Point X = "331" Y = "236" T = "0" Pressure = "0" />
		<Point X = "330" Y = "237" T = "0" Pressure = "0" />
		<Point X = "330" Y = "238" T = "0" Pressure = "0" />
		<Point X = "330" Y = "239" T = "0" Pressure = "0" />
		<Point X = "329" Y = "239" T = "0" Pressure = "0" />
	</Stroke>
</Gesture>
