<?xml version="1.0" encoding="utf-8" standalone="yes"?>
<Gesture Name = "b">
	<Stroke>
		<Point X = "246" Y = "66" T = "0" Pressure = "0" />
		<Point X = "246" Y = "69" T = "0" Pressure = "0" />
		<Point X = "246" Y = "73" T = "0" Pressure = "0" />
		<Point X = "248" Y = "78" T = "0" Pressure = "0" />
		<Point X = "248" Y = "82" T = "0" Pressure = "0" />
		<Point X = "248" Y = "84" T = "0" Pressure = "0" />
		<Point X = "248" Y = "88" T = "0" Pressure = "0" />
		<Point X = "248" Y = "91" T = "0" Pressure = "0" />
		<Point X = "248" Y = "95" T = "0" Pressure = "0" />
		<Point X = "248" Y = "100" T = "0" Pressure = "0" />
		<Point X = "248" Y = "104" T = "0" Pressure = "0" />
		<Point X = "248" Y = "107" T = "0" Pressure = "0" />
		<Point X = "248" Y = "111" T = "0" Pressure = "0" />
		<Point X = "248" Y = "115" T = "0" Pressure = "0" />
		<Point X = "248" Y = "118" T = "0" Pressure = "0" />
		<Point X = "248" Y = "124" T = "0" Pressure = "0" />
		<Point X = "248" Y = "128" T = "0" Pressure = "0" />
		<Point X = "248" Y = "132" T = "0" Pressure = "0" />
		<Point X = "248" Y = "136" T = "0" Pressure = "0" />
		<Point X = "248" Y = "141" T = "0" Pressure = "0" />
		<Point X = "248" Y = "146" T = "0" Pressure = "0" />
		<Point X = "248" Y = "152" T = "0" Pressure = "0" />
		<Point X = "248" Y = "156" T = "0" Pressure = "0" />
		<Point X = "248" Y = "164" T = "0" Pressure = "0" />
		<Point X = "248" Y = "170" T = "0" Pressure = "0" />
		<Point X = "248" Y = "175" T = "0" Pressure = "0" />
		<Point X = "248" Y = "179" T = "0" Pressure = "0" />
		<Point X = "248" Y = "186" T = "0" Pressure = "0" />
		<Point X = "248" Y = "191" T = "0" Pressure = "0" />
		<Point X = "248" Y = "193" T = "0" Pressure = "0" />
		<Point X = "248" Y = "196" T = "0" Pressure = "0" />
		<Point X = "248" Y = "199" T = "0" Pressure = "0" />
		<Point X = "248" Y = "202" T = "0" Pressure = "0" />
		<Point X = "248" Y = "206" T = "0" Pressure = "0" />
		<Point X = "248" Y = "210" T = "0" Pressure = "0" />
		<Point X = "248" Y = "216" T = "0" Pressure = "0" />
		<Point X = "248" Y = "220" T = "0" Pressure = "0" />
		<Point X = "248" Y = "224" T = "0" Pressure = "0" />
		<Point X = "248" Y = "228" T = "0" Pressure = "0" />
		<Point X = "248" Y = "230" T = "0" Pressure = "0" />
		<Point X = "248" Y = "233" T = "0" Pressure = "0" />
		<Point X = "248" Y = "236" T = "0" Pressure = "0" />
		<Point X = "249" Y = "237" T = "0" Pressure = "0" />
		<Point X = "249" Y = "240" T = "0" Pressure = "0" />
		<Point X = "249" Y = "243" T = "0" Pressure = "0" />
		<Point X = "252" Y = "246" T = "0" Pressure = "0" />
		<Point X = "253" Y = "247" T = "0" Pressure = "0" />
		<Point X = "256" Y = "252" T = "0" Pressure = "0" />
		<Point X = "257" Y = "253" T = "0" Pressure = "0" />
		<Point X = "258" Y = "255" T = "0" Pressure = "0" />
		<Point X = "259" Y = "257" T = "0" Pressure = "0" />
		<Point X = "261" Y = "258" T = "0" Pressure = "0" />
		<Point X = "261" Y = "260" T = "0" Pressure = "0" />
		<Point X = "263" Y = "261" T = "0" Pressure = "0" />
		<Point X = "264" Y = "263" T = "0" Pressure = "0" />
		<Point X = "265" Y = "263" T = "0" Pressure = "0" />
		<Point X = "266" Y = "263" T = "0" Pressure = "0" />
		<Point X = "269" Y = "265" T = "0" Pressure = "0" />
		<Point X = "272" Y = "267" T = "0" Pressure = "0" />
		<Point X = "273" Y = "267" T = "0" Pressure = "0" />
		<Point X = "274" Y = "268" T = "0" Pressure = "0" />
		<Point X = "275" Y = "269" T = "0" Pressure = "0" />
		<Point X = "277" Y = "269" T = "0" Pressure = "0" />
		<Point X = "280" Y = "269" T = "0" Pressure = "0" />
		<Point X = "281" Y = "269" T = "0" Pressure = "0" />
		<Point X = "284" Y = "269" T = "0" Pressure = "0" />
		<Point X = "286" Y = "269" T = "0" Pressure = "0" />
		<Point X = "289" Y = "269" T = "0" Pressure = "0" />
		<Point X = "292" Y = "270" T = "0" Pressure = "0" />
		<Point X = "293" Y = "270" T = "0" Pressure = "0" />
		<Point X = "295" Y = "270" T = "0" Pressure = "0" />
		<Point X = "296" Y = "270" T = "0" Pressure = "0" />
		<Point X = "298" Y = "270" T = "0" Pressure = "0" />
		<Point X = "300" Y = "270" T = "0" Pressure = "0" />
		<Point X = "302" Y = "270" T = "0" Pressure = "0" />
		<Point X = "305" Y = "269" T = "0" Pressure = "0" />
		<Point X = "308" Y = "267" T = "0" Pressure = "0" />
		<Point X = "310" Y = "267" T = "0" Pressure = "0" />
		<Point X = "311" Y = "267" T = "0" Pressure = "0" />
		<Point X = "311" Y = "266" T = "0" Pressure = "0" />
		<Point X = "312" Y = "265" T = "0" Pressure = "0" />
		<Point X = "314" Y = "263" T = "0" Pressure = "0" />
		<Point X = "315" Y = "260" T = "0" Pressure = "0" />
		<Point X = "315" Y = "258" T = "0" Pressure = "0" />
		<Point X = "317" Y = "255" T = "0" Pressure = "0" />
		<Point X = "318" Y = "253" T = "0" Pressure = "0" />
		<Point X = "318" Y = "252" T = "0" Pressure = "0" />
		<Point X = "319" Y = "249" T = "0" Pressure = "0" />
		<Point X = "320" Y = "245" T = "0" Pressure = "0" />
		<Point X = "321" Y = "244" T = "0" Pressure = "0" />
		<Point X = "321" Y = "241" T = "0" Pressure = "0" />
		<Point X = "321" Y = "239" T = "0" Pressure = "0" />
		<Point X = "321" Y = "237" T = "0" Pressure = "0" />
		<Point X = "321" Y = "234" T = "0" Pressure = "0" />
		<Point X = "321" Y = "233" T = "0" Pressure = "0" />
		<Point X = "321" Y = "231" T = "0" Pressure = "0" />
		<Point X = "321" Y = "229" T = "0" Pressure = "0" />
		<Point X = "321" Y = "228" T = "0" Pressure = "0" />
		<Point X = "321" Y = "227" T = "0" Pressure = "0" />
		<Point X = "321" Y = "226" T = "0" Pressure = "0" />
		<Point X = "322" Y = "224" T = "0" Pressure = "0" />
		<Point X = "322" Y = "223" T = "0" Pressure = "0" />
		<Point X = "322" Y = "222" T = "0" Pressure = "0" />
		<Point X = "322" Y = "221" T = "0" Pressure = "0" />
		<Point X = "322" Y = "220" T = "0" Pressure = "0" />
		<Point X = "322" Y = "218" T = "0" Pressure = "0" />
		<Point X = "321" Y = "217" T = "0" Pressure = "0" />
		<Point X = "320" Y = "217" T = "0" Pressure = "0" />
		<Point X = "319" Y = "216" T = "0" Pressure = "0" />
		<Point X = "317" Y = "215" T = "0" Pressure = "0" />
		<Point X = "315" Y = "214" T = "0" Pressure = "0" />
		<Point X = "313" Y = "212" T = "0" Pressure = "0" />
		<Point X = "312" Y = "211" T = "0" Pressure = "0" />
		<Point X = "310" Y = "210" T = "0" Pressure = "0" />
		<Point X = "307" Y = "209" T = "0" Pressure = "0" />
		<Point X = "305" Y = "207" T = "0" Pressure = "0" />
		<Point X = "303" Y = "206" T = "0" Pressure = "0" />
		<Point X = "302" Y = "206" T = "0" Pressure = "0" />
		<Point X = "300" Y = "206" T = "0" Pressure = "0" />
		<Point X = "299" Y = "206" T = "0" Pressure = "0" />
		<Point X = "297" Y = "206" T = "0" Pressure = "0" />
		<Point X = "295" Y = "205" T = "0" Pressure = "0" />
		<Point X = "294" Y = "205" T = "0" Pressure = "0" />
		<Point X = "293" Y = "205" T = "0" Pressure = "0" />
		<Point X = "290" Y = "205" T = "0" Pressure = "0" />
		<Point X = "289" Y = "205" T = "0" Pressure = "0" />
		<Point X = "287" Y = "205" T = "0" Pressure = "0" />
		<Point X = "286" Y = "205" T = "0" Pressure = "0" />
		<Point X = "284" Y = "205" T = "0" Pressure = "0" />
		<Point X = "283" Y = "205" T = "0" Pressure = "0" />
		<Point X = "281" Y = "205" T = "0" Pressure = "0" />
		<Point X = "280" Y = "205" T = "0" Pressure = "0" />
		<Point X = "278" Y = "205" T = "0" Pressure = "0" />
		<Point X = "277" Y = "206" T = "0" Pressure = "0" />
		<Point X = "276" Y = "206" T = "0" Pressure = "0" />
		<Point X = "274" Y = "206" T = "0" Pressure = "0" />
		<Point X = "274" Y = "207" T = "0" Pressure = "0" />
		<Point X = "272" Y = "207" T = "0" Pressure = "0" />
		<Point X = "271" Y = "207" T = "0" Pressure = "0" />
		<Point X = "270" Y = "207" T = "0" Pressure = "0" />
		<Point X = "269" Y = "208" T = "0" Pressure = "0" />
		<Point X = "267" Y = "208" T = "0" Pressure = "0" />
		<Point X = "266" Y = "209" T = "0" Pressure = "0" />
		<Point X = "264" Y = "210" T = "0" Pressure = "0" />
		<Point X = "263" Y = "210" T = "0" Pressure = "0" />
		<Point X = "262" Y = "211" T = "0" Pressure = "0" />
		<Point X = "261" Y = "211" T = "0" Pressure = "0" />
		<Point X = "259" Y = "213" T = "0" Pressure = "0" />
		<Point X = "258" Y = "213" T = "0" Pressure = "0" />
		<Point X = "257" Y = "214" T = "0" Pressure = "0" />
		<Point X = "256" Y = "214" T = "0" Pressure = "0" />
		<Point X = "254" Y = "215" T = "0" Pressure = "0" />
		<Point X = "254" Y = "216" T = "0" Pressure = "0" />
		<Point X = "253" Y = "216" T = "0" Pressure = "0" />
		<Point X = "253" Y = "217" T = "0" Pressure = "0" />
		<Point X = "252" Y = "217" T = "0" Pressure = "0" />
		<Point X = "251" Y = "217" T = "0" Pressure = "0" />
		<Point X = "250" Y = "218" T = "0" Pressure = "0" />
		<Point X = "249" Y = "219" T = "0" Pressure = "0" />
		<Point X = "248" Y = "219" T = "0" Pressure = "0" />
		<Point X = "248" Y = "220" T = "0" Pressure = "0" />
		<Point X = "247" Y = "220" T = "0" Pressure = "0" />
		<Point X = "247" Y = "221" T = "0" Pressure = "0" />
	</Stroke>
</Gesture>
