<?xml version="1.0" encoding="utf-8" standalone="yes"?>
<Gesture Name = "b">
	<Stroke>
		<Point X = "231" Y = "36" T = "0" Pressure = "0" />
		<Point X = "231" Y = "37" T = "0" Pressure = "0" />
		<Point X = "232" Y = "41" T = "0" Pressure = "0" />
		<Point X = "232" Y = "44" T = "0" Pressure = "0" />
		<Point X = "234" Y = "49" T = "0" Pressure = "0" />
		<Point X = "235" Y = "55" T = "0" Pressure = "0" />
		<Point X = "237" Y = "59" T = "0" Pressure = "0" />
		<Point X = "239" Y = "65" T = "0" Pressure = "0" />
		<Point X = "240" Y = "72" T = "0" Pressure = "0" />
		<Point X = "242" Y = "78" T = "0" Pressure = "0" />
		<Point X = "242" Y = "84" T = "0" Pressure = "0" />
		<Point X = "243" Y = "90" T = "0" Pressure = "0" />
		<Point X = "243" Y = "95" T = "0" Pressure = "0" />
		<Point X = "243" Y = "101" T = "0" Pressure = "0" />
		<Point X = "243" Y = "105" T = "0" Pressure = "0" />
		<Point X = "243" Y = "110" T = "0" Pressure = "0" />
		<Point X = "243" Y = "116" T = "0" Pressure = "0" />
		<Point X = "243" Y = "124" T = "0" Pressure = "0" />
		<Point X = "243" Y = "132" T = "0" Pressure = "0" />
		<Point X = "245" Y = "143" T = "0" Pressure = "0" />
		<Point X = "248" Y = "157" T = "0" Pressure = "0" />
		<Point X = "254" Y = "174" T = "0" Pressure = "0" />
		<Point X = "256" Y = "183" T = "0" Pressure = "0" />
		<Point X = "256" Y = "189" T = "0" Pressure = "0" />
		<Point X = "258" Y = "195" T = "0" Pressure = "0" />
		<Point X = "258" Y = "198" T = "0" Pressure = "0" />
		<Point X = "259" Y = "202" T = "0" Pressure = "0" />
		<Point X = "259" Y = "206" T = "0" Pressure = "0" />
		<Point X = "260" Y = "212" T = "0" Pressure = "0" />
		<Point X = "261" Y = "215" T = "0" Pressure = "0" />
		<Point X = "263" Y = "223" T = "0" Pressure = "0" />
		<Point X = "264" Y = "227" T = "0" Pressure = "0" />
		<Point X = "265" Y = "229" T = "0" Pressure = "0" />
		<Point X = "265" Y = "232" T = "0" Pressure = "0" />
		<Point X = "266" Y = "235" T = "0" Pressure = "0" />
		<Point X = "266" Y = "236" T = "0" Pressure = "0" />
		<Point X = "266" Y = "237" T = "0" Pressure = "0" />
		<Point X = "267" Y = "238" T = "0" Pressure = "0" />
		<Point X = "267" Y = "240" T = "0" Pressure = "0" />
		<Point X = "268" Y = "242" T = "0" Pressure = "0" />
		<Point X = "270" Y = "243" T = "0" Pressure = "0" />
		<Point X = "272" Y = "246" T = "0" Pressure = "0" />
		<Point X = "273" Y = "248" T = "0" Pressure = "0" />
		<Point X = "276" Y = "250" T = "0" Pressure = "0" />
		<Point X = "277" Y = "250" T = "0" Pressure = "0" />
		<Point X = "279" Y = "251" T = "0" Pressure = "0" />
		<Point X = "282" Y = "251" T = "0" Pressure = "0" />
		<Point X = "284" Y = "251" T = "0" Pressure = "0" />
		<Point X = "286" Y = "251" T = "0" Pressure = "0" />
		<Point X = "288" Y = "251" T = "0" Pressure = "0" />
		<Point X = "290" Y = "251" T = "0" Pressure = "0" />
		<Point X = "292" Y = "251" T = "0" Pressure = "0" />
		<Point X = "295" Y = "251" T = "0" Pressure = "0" />
		<Point X = "297" Y = "251" T = "0" Pressure = "0" />
		<Point X = "300" Y = "251" T = "0" Pressure = "0" />
		<Point X = "301" Y = "251" T = "0" Pressure = "0" />
		<Point X = "303" Y = "251" T = "0" Pressure = "0" />
		<Point X = "305" Y = "250" T = "0" Pressure = "0" />
		<Point X = "308" Y = "250" T = "0" Pressure = "0" />
		<Point X = "311" Y = "248" T = "0" Pressure = "0" />
		<Point X = "313" Y = "246" T = "0" Pressure = "0" />
		<Point X = "318" Y = "242" T = "0" Pressure = "0" />
		<Point X = "320" Y = "239" T = "0" Pressure = "0" />
		<Point X = "324" Y = "236" T = "0" Pressure = "0" />
		<Point X = "326" Y = "232" T = "0" Pressure = "0" />
		<Point X = "329" Y = "228" T = "0" Pressure = "0" />
		<Point X = "331" Y = "223" T = "0" Pressure = "0" />
		<Point X = "334" Y = "217" T = "0" Pressure = "0" />
		<Point X = "335" Y = "213" T = "0" Pressure = "0" />
		<Point X = "336" Y = "210" T = "0" Pressure = "0" />
		<Point X = "338" Y = "207" T = "0" Pressure = "0" />
		<Point X = "339" Y = "205" T = "0" Pressure = "0" />
		<Point X = "339" Y = "202" T = "0" Pressure = "0" />
		<Point X = "339" Y = "200" T = "0" Pressure = "0" />
		<Point X = "339" Y = "198" T = "0" Pressure = "0" />
		<Point X = "339" Y = "195" T = "0" Pressure = "0" />
		<Point X = "339" Y = "191" T = "0" Pressure = "0" />
		<Point X = "339" Y = "187" T = "0" Pressure = "0" />
		<Point X = "339" Y = "184" T = "0" Pressure = "0" />
		<Point X = "339" Y = "180" T = "0" Pressure = "0" />
		<Point X = "339" Y = "177" T = "0" Pressure = "0" />
		<Point X = "339" Y = "174" T = "0" Pressure = "0" />
		<Point X = "339" Y = "171" T = "0" Pressure = "0" />
		<Point X = "339" Y = "169" T = "0" Pressure = "0" />
		<Point X = "338" Y = "167" T = "0" Pressure = "0" />
		<Point X = "336" Y = "163" T = "0" Pressure = "0" />
		<Point X = "336" Y = "162" T = "0" Pressure = "0" />
		<Point X = "333" Y = "160" T = "0" Pressure = "0" />
		<Point X = "330" Y = "159" T = "0" Pressure = "0" />
		<Point X = "328" Y = "158" T = "0" Pressure = "0" />
		<Point X = "327" Y = "158" T = "0" Pressure = "0" />
		<Point X = "324" Y = "158" T = "0" Pressure = "0" />
		<Point X = "323" Y = "158" T = "0" Pressure = "0" />
		<Point X = "321" Y = "158" T = "0" Pressure = "0" />
		<Point X = "320" Y = "158" T = "0" Pressure = "0" />
		<Point X = "319" Y = "158" T = "0" Pressure = "0" />
		<Point X = "318" Y = "158" T = "0" Pressure = "0" />
		<Point X = "316" Y = "158" T = "0" Pressure = "0" />
		<Point X = "314" Y = "158" T = "0" Pressure = "0" />
		<Point X = "313" Y = "158" T = "0" Pressure = "0" />
		<Point X = "311" Y = "159" T = "0" Pressure = "0" />
		<Point X = "310" Y = "160" T = "0" Pressure = "0" />
		<Point X = "307" Y = "161" T = "0" Pressure = "0" />
		<Point X = "304" Y = "162" T = "0" Pressure = "0" />
		<Point X = "303" Y = "163" T = "0" Pressure = "0" />
		<Point X = "300" Y = "163" T = "0" Pressure = "0" />
		<Point X = "298" Y = "164" T = "0" Pressure = "0" />
		<Point X = "297" Y = "164" T = "0" Pressure = "0" />
		<Point X = "295" Y = "164" T = "0" Pressure = "0" />
		<Point X = "293" Y = "164" T = "0" Pressure = "0" />
		<Point X = "292" Y = "166" T = "0" Pressure = "0" />
		<Point X = "290" Y = "166" T = "0" Pressure = "0" />
		<Point X = "288" Y = "166" T = "0" Pressure = "0" />
		<Point X = "286" Y = "167" T = "0" Pressure = "0" />
		<Point X = "284" Y = "168" T = "0" Pressure = "0" />
		<Point X = "280" Y = "170" T = "0" Pressure = "0" />
		<Point X = "277" Y = "171" T = "0" Pressure = "0" />
		<Point X = "276" Y = "172" T = "0" Pressure = "0" />
		<Point X = "273" Y = "174" T = "0" Pressure = "0" />
		<Point X = "272" Y = "175" T = "0" Pressure = "0" />
		<Point X = "270" Y = "176" T = "0" Pressure = "0" />
		<Point X = "269" Y = "177" T = "0" Pressure = "0" />
		<Point X = "268" Y = "178" T = "0" Pressure = "0" />
		<Point X = "267" Y = "179" T = "0" Pressure = "0" />
		<Point X = "266" Y = "181" T = "0" Pressure = "0" />
		<Point X = "264" Y = "182" T = "0" Pressure = "0" />
		<Point X = "263" Y = "183" T = "0" Pressure = "0" />
		<Point X = "263" Y = "184" T = "0" Pressure = "0" />
		<Point X = "263" Y = "185" T = "0" Pressure = "0" />
	</Stroke>
</Gesture>
