<?xml version="1.0" encoding="utf-8" standalone="yes"?>
<Gesture Name = "b">
	<Stroke>
		<Point X = "339" Y = "24" T = "0" Pressure = "0" />
		<Point X = "339" Y = "25" T = "0" Pressure = "0" />
		<Point X = "339" Y = "28" T = "0" Pressure = "0" />
		<Point X = "339" Y = "32" T = "0" Pressure = "0" />
		<Point X = "339" Y = "36" T = "0" Pressure = "0" />
		<Point X = "338" Y = "42" T = "0" Pressure = "0" />
		<Point X = "335" Y = "48" T = "0" Pressure = "0" />
		<Point X = "333" Y = "56" T = "0" Pressure = "0" />
		<Point X = "332" Y = "62" T = "0" Pressure = "0" />
		<Point X = "330" Y = "67" T = "0" Pressure = "0" />
		<Point X = "330" Y = "71" T = "0" Pressure = "0" />
		<Point X = "330" Y = "74" T = "0" Pressure = "0" />
		<Point X = "330" Y = "78" T = "0" Pressure = "0" />
		<Point X = "330" Y = "79" T = "0" Pressure = "0" />
		<Point X = "330" Y = "82" T = "0" Pressure = "0" />
		<Point X = "330" Y = "85" T = "0" Pressure = "0" />
		<Point X = "330" Y = "87" T = "0" Pressure = "0" />
		<Point X = "330" Y = "90" T = "0" Pressure = "0" />
		<Point X = "330" Y = "92" T = "0" Pressure = "0" />
		<Point X = "330" Y = "94" T = "0" Pressure = "0" />
		<Point X = "330" Y = "98" T = "0" Pressure = "0" />
		<Point X = "330" Y = "104" T = "0" Pressure = "0" />
		<Point X = "330" Y = "109" T = "0" Pressure = "0" />
		<Point X = "330" Y = "115" T = "0" Pressure = "0" />
		<Point X = "330" Y = "121" T = "0" Pressure = "0" />
		<Point X = "330" Y = "125" T = "0" Pressure = "0" />
		<Point X = "330" Y = "129" T = "0" Pressure = "0" />
		<Point X = "330" Y = "132" T = "0" Pressure = "0" />
		<Point X = "330" Y = "136" T = "0" Pressure = "0" />
		<Point X = "330" Y = "138" T = "0" Pressure = "0" />
		<Point X = "329" Y = "143" T = "0" Pressure = "0" />
		<Point X = "329" Y = "146" T = "0" Pressure = "0" />
		<Point X = "329" Y = "150" T = "0" Pressure = "0" />
		<Point X = "329" Y = "153" T = "0" Pressure = "0" />
		<Point X = "329" Y = "157" T = "0" Pressure = "0" />
		<Point X = "329" Y = "161" T = "0" Pressure = "0" />
		<Point X = "329" Y = "164" T = "0" Pressure = "0" />
		<Point X = "329" Y = "166" T = "0" Pressure = "0" />
		<Point X = "329" Y = "169" T = "0" Pressure = "0" />
		<Point X = "329" Y = "172" T = "0" Pressure = "0" />
		<Point X = "329" Y = "173" T = "0" Pressure = "0" />
		<Point X = "329" Y = "175" T = "0" Pressure = "0" />
		<Point X = "329" Y = "176" T = "0" Pressure = "0" />
		<Point X = "329" Y = "179" T = "0" Pressure = "0" />
		<Point X = "329" Y = "180" T = "0" Pressure = "0" />
		<Point X = "330" Y = "183" T = "0" Pressure = "0" />
		<Point X = "331" Y = "187" T = "0" Pressure = "0" />
		<Point X = "333" Y = "190" T = "0" Pressure = "0" />
		<Point X = "334" Y = "192" T = "0" Pressure = "0" />
		<Point X = "335" Y = "194" T = "0" Pressure = "0" />
		<Point X = "336" Y = "197" T = "0" Pressure = "0" />
		<Point X = "337" Y = "199" T = "0" Pressure = "0" />
		<Point X = "338" Y = "200" T = "0" Pressure = "0" />
		<Point X = "339" Y = "203" T = "0" Pressure = "0" />
		<Point X = "341" Y = "204" T = "0" Pressure = "0" />
		<Point X = "343" Y = "206" T = "0" Pressure = "0" />
		<Point X = "344" Y = "207" T = "0" Pressure = "0" />
		<Point X = "346" Y = "207" T = "0" Pressure = "0" />
		<Point X = "347" Y = "207" T = "0" Pressure = "0" />
		<Point X = "349" Y = "207" T = "0" Pressure = "0" />
		<Point X = "352" Y = "208" T = "0" Pressure = "0" />
		<Point X = "355" Y = "208" T = "0" Pressure = "0" />
		<Point X = "357" Y = "208" T = "0" Pressure = "0" />
		<Point X = "360" Y = "209" T = "0" Pressure = "0" />
		<Point X = "363" Y = "209" T = "0" Pressure = "0" />
		<Point X = "365" Y = "209" T = "0" Pressure = "0" />
		<Point X = "366" Y = "209" T = "0" Pressure = "0" />
		<Point X = "368" Y = "209" T = "0" Pressure = "0" />
		<Point X = "369" Y = "209" T = "0" Pressure = "0" />
		<Point X = "370" Y = "209" T = "0" Pressure = "0" />
		<Point X = "371" Y = "209" T = "0" Pressure = "0" />
		<Point X = "373" Y = "209" T = "0" Pressure = "0" />
		<Point X = "374" Y = "209" T = "0" Pressure = "0" />
		<Point X = "376" Y = "209" T = "0" Pressure = "0" />
		<Point X = "378" Y = "209" T = "0" Pressure = "0" />
		<Point X = "380" Y = "209" T = "0" Pressure = "0" />
		<Point X = "381" Y = "209" T = "0" Pressure = "0" />
		<Point X = "383" Y = "209" T = "0" Pressure = "0" />
		<Point X = "385" Y = "209" T = "0" Pressure = "0" />
		<Point X = "387" Y = "207" T = "0" Pressure = "0" />
		<Point X = "389" Y = "206" T = "0" Pressure = "0" />
		<Point X = "391" Y = "205" T = "0" Pressure = "0" />
		<Point X = "393" Y = "204" T = "0" Pressure = "0" />
		<Point X = "394" Y = "202" T = "0" Pressure = "0" />
		<Point X = "396" Y = "201" T = "0" Pressure = "0" />
		<Point X = "397" Y = "199" T = "0" Pressure = "0" />
		<Point X = "398" Y = "198" T = "0" Pressure = "0" />
		<Point X = "399" Y = "196" T = "0" Pressure = "0" />
		<Point X = "400" Y = "195" T = "0" Pressure = "0" />
		<Point X = "400" Y = "194" T = "0" Pressure = "0" />
		<Point X = "402" Y = "192" T = "0" Pressure = "0" />
		<Point X = "403" Y = "190" T = "0" Pressure = "0" />
		<Point X = "403" Y = "189" T = "0" Pressure = "0" />
		<Point X = "404" Y = "186" T = "0" Pressure = "0" />
		<Point X = "404" Y = "185" T = "0" Pressure = "0" />
		<Point X = "404" Y = "184" T = "0" Pressure = "0" />
		<Point X = "404" Y = "183" T = "0" Pressure = "0" />
		<Point X = "404" Y = "181" T = "0" Pressure = "0" />
		<Point X = "404" Y = "179" T = "0" Pressure = "0" />
		<Point X = "404" Y = "177" T = "0" Pressure = "0" />
		<Point X = "404" Y = "174" T = "0" Pressure = "0" />
		<Point X = "403" Y = "169" T = "0" Pressure = "0" />
		<Point X = "402" Y = "166" T = "0" Pressure = "0" />
		<Point X = "401" Y = "162" T = "0" Pressure = "0" />
		<Point X = "400" Y = "158" T = "0" Pressure = "0" />
		<Point X = "398" Y = "152" T = "0" Pressure = "0" />
		<Point X = "397" Y = "152" T = "0" Pressure = "0" />
		<Point X = "397" Y = "151" T = "0" Pressure = "0" />
		<Point X = "396" Y = "148" T = "0" Pressure = "0" />
		<Point X = "395" Y = "148" T = "0" Pressure = "0" />
		<Point X = "394" Y = "146" T = "0" Pressure = "0" />
		<Point X = "392" Y = "145" T = "0" Pressure = "0" />
		<Point X = "390" Y = "145" T = "0" Pressure = "0" />
		<Point X = "387" Y = "143" T = "0" Pressure = "0" />
		<Point X = "384" Y = "142" T = "0" Pressure = "0" />
		<Point X = "382" Y = "141" T = "0" Pressure = "0" />
		<Point X = "380" Y = "141" T = "0" Pressure = "0" />
		<Point X = "379" Y = "139" T = "0" Pressure = "0" />
		<Point X = "377" Y = "139" T = "0" Pressure = "0" />
		<Point X = "376" Y = "138" T = "0" Pressure = "0" />
		<Point X = "374" Y = "137" T = "0" Pressure = "0" />
		<Point X = "371" Y = "136" T = "0" Pressure = "0" />
		<Point X = "370" Y = "136" T = "0" Pressure = "0" />
		<Point X = "368" Y = "135" T = "0" Pressure = "0" />
		<Point X = "366" Y = "135" T = "0" Pressure = "0" />
		<Point X = "365" Y = "134" T = "0" Pressure = "0" />
		<Point X = "362" Y = "134" T = "0" Pressure = "0" />
		<Point X = "360" Y = "134" T = "0" Pressure = "0" />
		<Point X = "359" Y = "134" T = "0" Pressure = "0" />
		<Point X = "356" Y = "134" T = "0" Pressure = "0" />
		<Point X = "355" Y = "134" T = "0" Pressure = "0" />
		<Point X = "354" Y = "134" T = "0" Pressure = "0" />
		<Point X = "353" Y = "134" T = "0" Pressure = "0" />
		<Point X = "352" Y = "134" T = "0" Pressure = "0" />
		<Point X = "351" Y = "134" T = "0" Pressure = "0" />
		<Point X = "350" Y = "134" T = "0" Pressure = "0" />
		<Point X = "349" Y = "134" T = "0" Pressure = "0" />
		<Point X = "347" Y = "134" T = "0" Pressure = "0" />
		<Point X = "345" Y = "133" T = "0" Pressure = "0" />
		<Point X = "344" Y = "132" T = "0" Pressure = "0" />
		<Point X = "343" Y = "132" T = "0" Pressure = "0" />
		<Point X = "342" Y = "132" T = "0" Pressure = "0" />
		<Point X = "341" Y = "132" T = "0" Pressure = "0" />
		<Point X = "340" Y = "132" T = "0" Pressure = "0" />
		<Point X = "339" Y = "132" T = "0" Pressure = "0" />
		<Point X = "338" Y = "132" T = "0" Pressure = "0" />
		<Point X = "337" Y = "132" T = "0" Pressure = "0" />
		<Point X = "336" Y = "132" T = "0" Pressure = "0" />
		<Point X = "335" Y = "132" T = "0" Pressure = "0" />
		<Point X = "334" Y = "132" T = "0" Pressure = "0" />
		<Point X = "332" Y = "132" T = "0" Pressure = "0" />
		<Point X = "331" Y = "132" T = "0" Pressure = "0" />
		<Point X = "330" Y = "132" T = "0" Pressure = "0" />
		<Point X = "329" Y = "133" T = "0" Pressure = "0" />
	</Stroke>
</Gesture>
