<?xml version="1.0" encoding="utf-8" standalone="yes"?>
<Gesture Name = "b">
	<Stroke>
		<Point X = "84" Y = "63" T = "0" Pressure = "0" />
		<Point X = "84" Y = "65" T = "0" Pressure = "0" />
		<Point X = "84" Y = "68" T = "0" Pressure = "0" />
		<Point X = "84" Y = "70" T = "0" Pressure = "0" />
		<Point X = "84" Y = "71" T = "0" Pressure = "0" />
		<Point X = "84" Y = "74" T = "0" Pressure = "0" />
		<Point X = "84" Y = "75" T = "0" Pressure = "0" />
		<Point X = "84" Y = "77" T = "0" Pressure = "0" />
		<Point X = "84" Y = "79" T = "0" Pressure = "0" />
		<Point X = "84" Y = "82" T = "0" Pressure = "0" />
		<Point X = "84" Y = "84" T = "0" Pressure = "0" />
		<Point X = "84" Y = "86" T = "0" Pressure = "0" />
		<Point X = "84" Y = "90" T = "0" Pressure = "0" />
		<Point X = "84" Y = "92" T = "0" Pressure = "0" />
		<Point X = "84" Y = "94" T = "0" Pressure = "0" />
		<Point X = "84" Y = "97" T = "0" Pressure = "0" />
		<Point X = "84" Y = "100" T = "0" Pressure = "0" />
		<Point X = "84" Y = "101" T = "0" Pressure = "0" />
		<Point X = "84" Y = "104" T = "0" Pressure = "0" />
		<Point X = "84" Y = "108" T = "0" Pressure = "0" />
		<Point X = "84" Y = "112" T = "0" Pressure = "0" />
		<Point X = "84" Y = "115" T = "0" Pressure = "0" />
		<Point X = "84" Y = "117" T = "0" Pressure = "0" />
		<Point X = "84" Y = "121" T = "0" Pressure = "0" />
		<Point X = "84" Y = "125" T = "0" Pressure = "0" />
		<Point X = "84" Y = "128" T = "0" Pressure = "0" />
		<Point X = "85" Y = "132" T = "0" Pressure = "0" />
		<Point X = "85" Y = "135" T = "0" Pressure = "0" />
		<Point X = "85" Y = "139" T = "0" Pressure = "0" />
		<Point X = "85" Y = "141" T = "0" Pressure = "0" />
		<Point X = "85" Y = "144" T = "0" Pressure = "0" />
		<Point X = "87" Y = "146" T = "0" Pressure = "0" />
		<Point X = "87" Y = "150" T = "0" Pressure = "0" />
		<Point X = "88" Y = "153" T = "0" Pressure = "0" />
		<Point X = "88" Y = "156" T = "0" Pressure = "0" />
		<Point X = "88" Y = "161" T = "0" Pressure = "0" />
		<Point X = "88" Y = "164" T = "0" Pressure = "0" />
		<Point X = "88" Y = "167" T = "0" Pressure = "0" />
		<Point X = "89" Y = "171" T = "0" Pressure = "0" />
		<Point X = "89" Y = "173" T = "0" Pressure = "0" />
		<Point X = "89" Y = "176" T = "0" Pressure = "0" />
		<Point X = "91" Y = "179" T = "0" Pressure = "0" />
		<Point X = "91" Y = "184" T = "0" Pressure = "0" />
		<Point X = "92" Y = "187" T = "0" Pressure = "0" />
		<Point X = "93" Y = "190" T = "0" Pressure = "0" />
		<Point X = "93" Y = "192" T = "0" Pressure = "0" />
		<Point X = "95" Y = "197" T = "0" Pressure = "0" />
		<Point X = "96" Y = "199" T = "0" Pressure = "0" />
		<Point X = "96" Y = "202" T = "0" Pressure = "0" />
		<Point X = "97" Y = "204" T = "0" Pressure = "0" />
		<Point X = "97" Y = "206" T = "0" Pressure = "0" />
		<Point X = "97" Y = "208" T = "0" Pressure = "0" />
		<Point X = "97" Y = "210" T = "0" Pressure = "0" />
		<Point X = "98" Y = "212" T = "0" Pressure = "0" />
		<Point X = "99" Y = "213" T = "0" Pressure = "0" />
		<Point X = "99" Y = "214" T = "0" Pressure = "0" />
		<Point X = "99" Y = "217" T = "0" Pressure = "0" />
		<Point X = "99" Y = "218" T = "0" Pressure = "0" />
		<Point X = "100" Y = "218" T = "0" Pressure = "0" />
		<Point X = "101" Y = "220" T = "0" Pressure = "0" />
		<Point X = "101" Y = "222" T = "0" Pressure = "0" />
		<Point X = "102" Y = "223" T = "0" Pressure = "0" />
		<Point X = "102" Y = "224" T = "0" Pressure = "0" />
		<Point X = "103" Y = "224" T = "0" Pressure = "0" />
		<Point X = "103" Y = "225" T = "0" Pressure = "0" />
		<Point X = "103" Y = "227" T = "0" Pressure = "0" />
		<Point X = "105" Y = "228" T = "0" Pressure = "0" />
		<Point X = "107" Y = "231" T = "0" Pressure = "0" />
		<Point X = "109" Y = "232" T = "0" Pressure = "0" />
		<Point X = "111" Y = "234" T = "0" Pressure = "0" />
		<Point X = "114" Y = "235" T = "0" Pressure = "0" />
		<Point X = "115" Y = "236" T = "0" Pressure = "0" />
		<Point X = "117" Y = "236" T = "0" Pressure = "0" />
		<Point X = "118" Y = "237" T = "0" Pressure = "0" />
		<Point X = "120" Y = "239" T = "0" Pressure = "0" />
		<Point X = "122" Y = "239" T = "0" Pressure = "0" />
		<Point X = "123" Y = "239" T = "0" Pressure = "0" />
		<Point X = "124" Y = "240" T = "0" Pressure = "0" />
		<Point X = "128" Y = "242" T = "0" Pressure = "0" />
		<Point X = "131" Y = "243" T = "0" Pressure = "0" />
		<Point X = "132" Y = "243" T = "0" Pressure = "0" />
		<Point X = "134" Y = "243" T = "0" Pressure = "0" />
		<Point X = "136" Y = "243" T = "0" Pressure = "0" />
		<Point X = "138" Y = "243" T = "0" Pressure = "0" />
		<Point X = "139" Y = "243" T = "0" Pressure = "0" />
		<Point X = "142" Y = "244" T = "0" Pressure = "0" />
		<Point X = "147" Y = "244" T = "0" Pressure = "0" />
		<Point X = "151" Y = "244" T = "0" Pressure = "0" />
		<Point X = "156" Y = "244" T = "0" Pressure = "0" />
		<Point X = "161" Y = "244" T = "0" Pressure = "0" />
		<Point X = "165" Y = "244" T = "0" Pressure = "0" />
		<Point X = "168" Y = "244" T = "0" Pressure = "0" />
		<Point X = "169" Y = "244" T = "0" Pressure = "0" />
		<Point X = "172" Y = "244" T = "0" Pressure = "0" />
		<Point X = "173" Y = "242" T = "0" Pressure = "0" />
		<Point X = "174" Y = "242" T = "0" Pressure = "0" />
		<Point X = "174" Y = "241" T = "0" Pressure = "0" />
		<Point X = "176" Y = "239" T = "0" Pressure = "0" />
		<Point X = "177" Y = "238" T = "0" Pressure = "0" />
		<Point X = "179" Y = "236" T = "0" Pressure = "0" />
		<Point X = "180" Y = "235" T = "0" Pressure = "0" />
		<Point X = "182" Y = "231" T = "0" Pressure = "0" />
		<Point X = "184" Y = "230" T = "0" Pressure = "0" />
		<Point X = "184" Y = "228" T = "0" Pressure = "0" />
		<Point X = "186" Y = "226" T = "0" Pressure = "0" />
		<Point X = "187" Y = "225" T = "0" Pressure = "0" />
		<Point X = "187" Y = "224" T = "0" Pressure = "0" />
		<Point X = "188" Y = "222" T = "0" Pressure = "0" />
		<Point X = "189" Y = "220" T = "0" Pressure = "0" />
		<Point X = "189" Y = "219" T = "0" Pressure = "0" />
		<Point X = "189" Y = "217" T = "0" Pressure = "0" />
		<Point X = "190" Y = "215" T = "0" Pressure = "0" />
		<Point X = "190" Y = "214" T = "0" Pressure = "0" />
		<Point X = "190" Y = "211" T = "0" Pressure = "0" />
		<Point X = "190" Y = "210" T = "0" Pressure = "0" />
		<Point X = "190" Y = "208" T = "0" Pressure = "0" />
		<Point X = "190" Y = "207" T = "0" Pressure = "0" />
		<Point X = "190" Y = "205" T = "0" Pressure = "0" />
		<Point X = "190" Y = "204" T = "0" Pressure = "0" />
		<Point X = "190" Y = "203" T = "0" Pressure = "0" />
		<Point X = "190" Y = "202" T = "0" Pressure = "0" />
		<Point X = "190" Y = "201" T = "0" Pressure = "0" />
		<Point X = "188" Y = "199" T = "0" Pressure = "0" />
		<Point X = "187" Y = "197" T = "0" Pressure = "0" />
		<Point X = "185" Y = "196" T = "0" Pressure = "0" />
		<Point X = "185" Y = "195" T = "0" Pressure = "0" />
		<Point X = "183" Y = "193" T = "0" Pressure = "0" />
		<Point X = "180" Y = "191" T = "0" Pressure = "0" />
		<Point X = "178" Y = "188" T = "0" Pressure = "0" />
		<Point X = "174" Y = "186" T = "0" Pressure = "0" />
		<Point X = "172" Y = "185" T = "0" Pressure = "0" />
		<Point X = "171" Y = "184" T = "0" Pressure = "0" />
		<Point X = "169" Y = "183" T = "0" Pressure = "0" />
		<Point X = "168" Y = "182" T = "0" Pressure = "0" />
		<Point X = "166" Y = "181" T = "0" Pressure = "0" />
		<Point X = "163" Y = "179" T = "0" Pressure = "0" />
		<Point X = "163" Y = "178" T = "0" Pressure = "0" />
		<Point X = "161" Y = "177" T = "0" Pressure = "0" />
		<Point X = "160" Y = "177" T = "0" Pressure = "0" />
		<Point X = "158" Y = "175" T = "0" Pressure = "0" />
		<Point X = "157" Y = "175" T = "0" Pressure = "0" />
		<Point X = "157" Y = "174" T = "0" Pressure = "0" />
		<Point X = "156" Y = "174" T = "0" Pressure = "0" />
		<Point X = "154" Y = "174" T = "0" Pressure = "0" />
		<Point X = "152" Y = "174" T = "0" Pressure = "0" />
		<Point X = "151" Y = "174" T = "0" Pressure = "0" />
		<Point X = "150" Y = "174" T = "0" Pressure = "0" />
		<Point X = "147" Y = "172" T = "0" Pressure = "0" />
		<Point X = "144" Y = "172" T = "0" Pressure = "0" />
		<Point X = "143" Y = "171" T = "0" Pressure = "0" />
		<Point X = "141" Y = "171" T = "0" Pressure = "0" />
		<Point X = "139" Y = "171" T = "0" Pressure = "0" />
		<Point X = "137" Y = "170" T = "0" Pressure = "0" />
		<Point X = "135" Y = "169" T = "0" Pressure = "0" />
		<Point X = "134" Y = "169" T = "0" Pressure = "0" />
		<Point X = "133" Y = "169" T = "0" Pressure = "0" />
		<Point X = "131" Y = "169" T = "0" Pressure = "0" />
		<Point X = "130" Y = "169" T = "0" Pressure = "0" />
		<Point X = "127" Y = "169" T = "0" Pressure = "0" />
		<Point X = "124" Y = "169" T = "0" Pressure = "0" />
		<Point X = "122" Y = "169" T = "0" Pressure = "0" />
		<Point X = "121" Y = "169" T = "0" Pressure = "0" />
		<Point X = "120" Y = "169" T = "0" Pressure = "0" />
		<Point X = "118" Y = "169" T = "0" Pressure = "0" />
		<Point X = "117" Y = "169" T = "0" Pressure = "0" />
		<Point X = "116" Y = "169" T = "0" Pressure = "0" />
		<Point X = "114" Y = "169" T = "0" Pressure = "0" />
		<Point X = "113" Y = "169" T = "0" Pressure = "0" />
		<Point X = "111" Y = "169" T = "0" Pressure = "0" />
		<Point X = "110" Y = "169" T = "0" Pressure = "0" />
		<Point X = "108" Y = "169" T = "0" Pressure = "0" />
		<Point X = "107" Y = "169" T = "0" Pressure = "0" />
		<Point X = "106" Y = "169" T = "0" Pressure = "0" />
		<Point X = "105" Y = "169" T = "0" Pressure = "0" />
		<Point X = "104" Y = "169" T = "0" Pressure = "0" />
		<Point X = "103" Y = "169" T = "0" Pressure = "0" />
		<Point X = "102" Y = "169" T = "0" Pressure = "0" />
		<Point X = "101" Y = "169" T = "0" Pressure = "0" />
		<Point X = "100" Y = "169" T = "0" Pressure = "0" />
		<Point X = "98" Y = "169" T = "0" Pressure = "0" />
		<Point X = "97" Y = "169" T = "0" Pressure = "0" />
		<Point X = "96" Y = "169" T = "0" Pressure = "0" />
		<Point X = "95" Y = "169" T = "0" Pressure = "0" />
		<Point X = "94" Y = "170" T = "0" Pressure = "0" />
		<Point X = "93" Y = "171" T = "0" Pressure = "0" />
		<Point X = "92" Y = "171" T = "0" Pressure = "0" />
		<Point X = "91" Y = "171" T = "0" Pressure = "0" />
		<Point X = "90" Y = "172" T = "0" Pressure = "0" />
		<Point X = "89" Y = "172" T = "0" Pressure = "0" />
	</Stroke>
</Gesture>
