<?xml version="1.0" encoding="utf-8" standalone="yes"?>
<Gesture Name = "b">
	<Stroke>
		<Point X = "278" Y = "101" T = "0" Pressure = "0" />
		<Point X = "278" Y = "102" T = "0" Pressure = "0" />
		<Point X = "278" Y = "103" T = "0" Pressure = "0" />
		<Point X = "278" Y = "105" T = "0" Pressure = "0" />
		<Point X = "278" Y = "107" T = "0" Pressure = "0" />
		<Point X = "278" Y = "110" T = "0" Pressure = "0" />
		<Point X = "278" Y = "113" T = "0" Pressure = "0" />
		<Point X = "278" Y = "115" T = "0" Pressure = "0" />
		<Point X = "278" Y = "119" T = "0" Pressure = "0" />
		<Point X = "278" Y = "122" T = "0" Pressure = "0" />
		<Point X = "278" Y = "127" T = "0" Pressure = "0" />
		<Point X = "277" Y = "131" T = "0" Pressure = "0" />
		<Point X = "277" Y = "134" T = "0" Pressure = "0" />
		<Point X = "277" Y = "138" T = "0" Pressure = "0" />
		<Point X = "277" Y = "141" T = "0" Pressure = "0" />
		<Point X = "276" Y = "143" T = "0" Pressure = "0" />
		<Point X = "276" Y = "146" T = "0" Pressure = "0" />
		<Point X = "275" Y = "150" T = "0" Pressure = "0" />
		<Point X = "274" Y = "153" T = "0" Pressure = "0" />
		<Point X = "273" Y = "155" T = "0" Pressure = "0" />
		<Point X = "272" Y = "158" T = "0" Pressure = "0" />
		<Point X = "271" Y = "161" T = "0" Pressure = "0" />
		<Point X = "270" Y = "163" T = "0" Pressure = "0" />
		<Point X = "270" Y = "165" T = "0" Pressure = "0" />
		<Point X = "270" Y = "166" T = "0" Pressure = "0" />
		<Point X = "270" Y = "170" T = "0" Pressure = "0" />
		<Point X = "270" Y = "171" T = "0" Pressure = "0" />
		<Point X = "269" Y = "173" T = "0" Pressure = "0" />
		<Point X = "268" Y = "176" T = "0" Pressure = "0" />
		<Point X = "268" Y = "178" T = "0" Pressure = "0" />
		<Point X = "268" Y = "181" T = "0" Pressure = "0" />
		<Point X = "268" Y = "184" T = "0" Pressure = "0" />
		<Point X = "268" Y = "187" T = "0" Pressure = "0" />
		<Point X = "268" Y = "189" T = "0" Pressure = "0" />
		<Point X = "266" Y = "193" T = "0" Pressure = "0" />
		<Point X = "266" Y = "199" T = "0" Pressure = "0" />
		<Point X = "265" Y = "202" T = "0" Pressure = "0" />
		<Point X = "265" Y = "205" T = "0" Pressure = "0" />
		<Point X = "265" Y = "209" T = "0" Pressure = "0" />
		<Point X = "265" Y = "211" T = "0" Pressure = "0" />
		<Point X = "265" Y = "213" T = "0" Pressure = "0" />
		<Point X = "265" Y = "216" T = "0" Pressure = "0" />
		<Point X = "265" Y = "217" T = "0" Pressure = "0" />
		<Point X = "265" Y = "219" T = "0" Pressure = "0" />
		<Point X = "265" Y = "221" T = "0" Pressure = "0" />
		<Point X = "265" Y = "223" T = "0" Pressure = "0" />
		<Point X = "265" Y = "224" T = "0" Pressure = "0" />
		<Point X = "266" Y = "227" T = "0" Pressure = "0" />
		<Point X = "266" Y = "230" T = "0" Pressure = "0" />
		<Point X = "266" Y = "232" T = "0" Pressure = "0" />
		<Point X = "266" Y = "235" T = "0" Pressure = "0" />
		<Point X = "267" Y = "236" T = "0" Pressure = "0" />
		<Point X = "267" Y = "238" T = "0" Pressure = "0" />
		<Point X = "268" Y = "243" T = "0" Pressure = "0" />
		<Point X = "269" Y = "244" T = "0" Pressure = "0" />
		<Point X = "269" Y = "246" T = "0" Pressure = "0" />
		<Point X = "270" Y = "249" T = "0" Pressure = "0" />
		<Point X = "271" Y = "254" T = "0" Pressure = "0" />
		<Point X = "271" Y = "255" T = "0" Pressure = "0" />
		<Point X = "271" Y = "258" T = "0" Pressure = "0" />
		<Point X = "271" Y = "259" T = "0" Pressure = "0" />
		<Point X = "272" Y = "262" T = "0" Pressure = "0" />
		<Point X = "272" Y = "264" T = "0" Pressure = "0" />
		<Point X = "273" Y = "266" T = "0" Pressure = "0" />
		<Point X = "273" Y = "267" T = "0" Pressure = "0" />
		<Point X = "274" Y = "268" T = "0" Pressure = "0" />
		<Point X = "274" Y = "269" T = "0" Pressure = "0" />
		<Point X = "275" Y = "271" T = "0" Pressure = "0" />
		<Point X = "277" Y = "273" T = "0" Pressure = "0" />
		<Point X = "277" Y = "274" T = "0" Pressure = "0" />
		<Point X = "278" Y = "276" T = "0" Pressure = "0" />
		<Point X = "279" Y = "277" T = "0" Pressure = "0" />
		<Point X = "280" Y = "279" T = "0" Pressure = "0" />
		<Point X = "281" Y = "279" T = "0" Pressure = "0" />
		<Point X = "283" Y = "282" T = "0" Pressure = "0" />
		<Point X = "284" Y = "283" T = "0" Pressure = "0" />
		<Point X = "287" Y = "284" T = "0" Pressure = "0" />
		<Point X = "288" Y = "285" T = "0" Pressure = "0" />
		<Point X = "289" Y = "286" T = "0" Pressure = "0" />
		<Point X = "291" Y = "286" T = "0" Pressure = "0" />
		<Point X = "293" Y = "286" T = "0" Pressure = "0" />
		<Point X = "294" Y = "286" T = "0" Pressure = "0" />
		<Point X = "296" Y = "287" T = "0" Pressure = "0" />
		<Point X = "297" Y = "287" T = "0" Pressure = "0" />
		<Point X = "302" Y = "289" T = "0" Pressure = "0" />
		<Point X = "305" Y = "290" T = "0" Pressure = "0" />
		<Point X = "307" Y = "290" T = "0" Pressure = "0" />
		<Point X = "308" Y = "290" T = "0" Pressure = "0" />
		<Point X = "309" Y = "290" T = "0" Pressure = "0" />
		<Point X = "310" Y = "291" T = "0" Pressure = "0" />
		<Point X = "311" Y = "291" T = "0" Pressure = "0" />
		<Point X = "312" Y = "291" T = "0" Pressure = "0" />
		<Point X = "313" Y = "291" T = "0" Pressure = "0" />
		<Point X = "314" Y = "291" T = "0" Pressure = "0" />
		<Point X = "315" Y = "291" T = "0" Pressure = "0" />
		<Point X = "316" Y = "290" T = "0" Pressure = "0" />
		<Point X = "316" Y = "289" T = "0" Pressure = "0" />
		<Point X = "318" Y = "288" T = "0" Pressure = "0" />
		<Point X = "319" Y = "288" T = "0" Pressure = "0" />
		<Point X = "320" Y = "287" T = "0" Pressure = "0" />
		<Point X = "321" Y = "286" T = "0" Pressure = "0" />
		<Point X = "321" Y = "285" T = "0" Pressure = "0" />
		<Point X = "323" Y = "284" T = "0" Pressure = "0" />
		<Point X = "325" Y = "283" T = "0" Pressure = "0" />
		<Point X = "327" Y = "281" T = "0" Pressure = "0" />
		<Point X = "330" Y = "280" T = "0" Pressure = "0" />
		<Point X = "332" Y = "278" T = "0" Pressure = "0" />
		<Point X = "335" Y = "276" T = "0" Pressure = "0" />
		<Point X = "337" Y = "275" T = "0" Pressure = "0" />
		<Point X = "339" Y = "273" T = "0" Pressure = "0" />
		<Point X = "340" Y = "272" T = "0" Pressure = "0" />
		<Point X = "340" Y = "271" T = "0" Pressure = "0" />
		<Point X = "341" Y = "270" T = "0" Pressure = "0" />
		<Point X = "342" Y = "270" T = "0" Pressure = "0" />
		<Point X = "343" Y = "268" T = "0" Pressure = "0" />
		<Point X = "343" Y = "267" T = "0" Pressure = "0" />
		<Point X = "344" Y = "266" T = "0" Pressure = "0" />
		<Point X = "344" Y = "264" T = "0" Pressure = "0" />
		<Point X = "345" Y = "262" T = "0" Pressure = "0" />
		<Point X = "346" Y = "260" T = "0" Pressure = "0" />
		<Point X = "347" Y = "259" T = "0" Pressure = "0" />
		<Point X = "347" Y = "257" T = "0" Pressure = "0" />
		<Point X = "347" Y = "256" T = "0" Pressure = "0" />
		<Point X = "347" Y = "254" T = "0" Pressure = "0" />
		<Point X = "347" Y = "252" T = "0" Pressure = "0" />
		<Point X = "347" Y = "250" T = "0" Pressure = "0" />
		<Point X = "346" Y = "248" T = "0" Pressure = "0" />
		<Point X = "345" Y = "246" T = "0" Pressure = "0" />
		<Point X = "344" Y = "246" T = "0" Pressure = "0" />
		<Point X = "343" Y = "245" T = "0" Pressure = "0" />
		<Point X = "342" Y = "243" T = "0" Pressure = "0" />
		<Point X = "340" Y = "242" T = "0" Pressure = "0" />
		<Point X = "339" Y = "241" T = "0" Pressure = "0" />
		<Point X = "336" Y = "238" T = "0" Pressure = "0" />
		<Point X = "332" Y = "238" T = "0" Pressure = "0" />
		<Point X = "330" Y = "237" T = "0" Pressure = "0" />
		<Point X = "327" Y = "235" T = "0" Pressure = "0" />
		<Point X = "325" Y = "235" T = "0" Pressure = "0" />
		<Point X = "323" Y = "234" T = "0" Pressure = "0" />
		<Point X = "321" Y = "233" T = "0" Pressure = "0" />
		<Point X = "320" Y = "233" T = "0" Pressure = "0" />
		<Point X = "318" Y = "232" T = "0" Pressure = "0" />
		<Point X = "317" Y = "232" T = "0" Pressure = "0" />
		<Point X = "316" Y = "231" T = "0" Pressure = "0" />
		<Point X = "315" Y = "231" T = "0" Pressure = "0" />
		<Point X = "313" Y = "230" T = "0" Pressure = "0" />
		<Point X = "311" Y = "230" T = "0" Pressure = "0" />
		<Point X = "310" Y = "230" T = "0" Pressure = "0" />
		<Point X = "308" Y = "228" T = "0" Pressure = "0" />
		<Point X = "307" Y = "228" T = "0" Pressure = "0" />
		<Point X = "306" Y = "228" T = "0" Pressure = "0" />
		<Point X = "305" Y = "228" T = "0" Pressure = "0" />
		<Point X = "304" Y = "228" T = "0" Pressure = "0" />
		<Point X = "303" Y = "228" T = "0" Pressure = "0" />
		<Point X = "302" Y = "228" T = "0" Pressure = "0" />
		<Point X = "301" Y = "228" T = "0" Pressure = "0" />
		<Point X = "300" Y = "228" T = "0" Pressure = "0" />
		<Point X = "298" Y = "228" T = "0" Pressure = "0" />
		<Point X = "297" Y = "228" T = "0" Pressure = "0" />
		<Point X = "296" Y = "229" T = "0" Pressure = "0" />
		<Point X = "294" Y = "229" T = "0" Pressure = "0" />
		<Point X = "292" Y = "229" T = "0" Pressure = "0" />
		<Point X = "291" Y = "229" T = "0" Pressure = "0" />
		<Point X = "291" Y = "230" T = "0" Pressure = "0" />
		<Point X = "290" Y = "231" T = "0" Pressure = "0" />
		<Point X = "289" Y = "231" T = "0" Pressure = "0" />
		<Point X = "288" Y = "232" T = "0" Pressure = "0" />
		<Point X = "286" Y = "232" T = "0" Pressure = "0" />
		<Point X = "285" Y = "233" T = "0" Pressure = "0" />
		<Point X = "284" Y = "233" T = "0" Pressure = "0" />
		<Point X = "284" Y = "234" T = "0" Pressure = "0" />
		<Point X = "283" Y = "234" T = "0" Pressure = "0" />
		<Point X = "281" Y = "234" T = "0" Pressure = "0" />
		<Point X = "279" Y = "234" T = "0" Pressure = "0" />
		<Point X = "279" Y = "235" T = "0" Pressure = "0" />
		<Point X = "278" Y = "235" T = "0" Pressure = "0" />
		<Point X = "277" Y = "236" T = "0" Pressure = "0" />
		<Point X = "276" Y = "236" T = "0" Pressure = "0" />
		<Point X = "275" Y = "236" T = "0" Pressure = "0" />
		<Point X = "274" Y = "237" T = "0" Pressure = "0" />
		<Point X = "273" Y = "237" T = "0" Pressure = "0" />
		<Point X = "272" Y = "238" T = "0" Pressure = "0" />
		<Point X = "271" Y = "239" T = "0" Pressure = "0" />
		<Point X = "270" Y = "239" T = "0" Pressure = "0" />
		<Point X = "269" Y = "240" T = "0" Pressure = "0" />
	</Stroke>
</Gesture>
