<?xml version="1.0" encoding="utf-8" standalone="yes"?>
<Gesture Name = "b">
	<Stroke>
		<Point X = "30" Y = "29" T = "0" Pressure = "0" />
		<Point X = "30" Y = "30" T = "0" Pressure = "0" />
		<Point X = "30" Y = "31" T = "0" Pressure = "0" />
		<Point X = "30" Y = "33" T = "0" Pressure = "0" />
		<Point X = "30" Y = "35" T = "0" Pressure = "0" />
		<Point X = "30" Y = "36" T = "0" Pressure = "0" />
		<Point X = "30" Y = "39" T = "0" Pressure = "0" />
		<Point X = "30" Y = "43" T = "0" Pressure = "0" />
		<Point X = "30" Y = "50" T = "0" Pressure = "0" />
		<Point X = "29" Y = "57" T = "0" Pressure = "0" />
		<Point X = "29" Y = "64" T = "0" Pressure = "0" />
		<Point X = "28" Y = "73" T = "0" Pressure = "0" />
		<Point X = "28" Y = "80" T = "0" Pressure = "0" />
		<Point X = "27" Y = "87" T = "0" Pressure = "0" />
		<Point X = "27" Y = "94" T = "0" Pressure = "0" />
		<Point X = "27" Y = "98" T = "0" Pressure = "0" />
		<Point X = "27" Y = "103" T = "0" Pressure = "0" />
		<Point X = "27" Y = "108" T = "0" Pressure = "0" />
		<Point X = "27" Y = "112" T = "0" Pressure = "0" />
		<Point X = "27" Y = "116" T = "0" Pressure = "0" />
		<Point X = "27" Y = "119" T = "0" Pressure = "0" />
		<Point X = "27" Y = "122" T = "0" Pressure = "0" />
		<Point X = "27" Y = "123" T = "0" Pressure = "0" />
		<Point X = "27" Y = "126" T = "0" Pressure = "0" />
		<Point X = "27" Y = "128" T = "0" Pressure = "0" />
		<Point X = "27" Y = "130" T = "0" Pressure = "0" />
		<Point X = "27" Y = "131" T = "0" Pressure = "0" />
		<Point X = "27" Y = "133" T = "0" Pressure = "0" />
		<Point X = "27" Y = "135" T = "0" Pressure = "0" />
		<Point X = "27" Y = "137" T = "0" Pressure = "0" />
		<Point X = "27" Y = "140" T = "0" Pressure = "0" />
		<Point X = "27" Y = "142" T = "0" Pressure = "0" />
		<Point X = "27" Y = "145" T = "0" Pressure = "0" />
		<Point X = "27" Y = "148" T = "0" Pressure = "0" />
		<Point X = "28" Y = "152" T = "0" Pressure = "0" />
		<Point X = "28" Y = "154" T = "0" Pressure = "0" />
		<Point X = "29" Y = "157" T = "0" Pressure = "0" />
		<Point X = "29" Y = "160" T = "0" Pressure = "0" />
		<Point X = "30" Y = "162" T = "0" Pressure = "0" />
		<Point X = "30" Y = "164" T = "0" Pressure = "0" />
		<Point X = "31" Y = "166" T = "0" Pressure = "0" />
		<Point X = "32" Y = "169" T = "0" Pressure = "0" />
		<Point X = "33" Y = "170" T = "0" Pressure = "0" />
		<Point X = "35" Y = "173" T = "0" Pressure = "0" />
		<Point X = "37" Y = "174" T = "0" Pressure = "0" />
		<Point X = "40" Y = "177" T = "0" Pressure = "0" />
		<Point X = "43" Y = "178" T = "0" Pressure = "0" />
		<Point X = "45" Y = "179" T = "0" Pressure = "0" />
		<Point X = "47" Y = "180" T = "0" Pressure = "0" />
		<Point X = "48" Y = "180" T = "0" Pressure = "0" />
		<Point X = "49" Y = "180" T = "0" Pressure = "0" />
		<Point X = "51" Y = "180" T = "0" Pressure = "0" />
		<Point X = "52" Y = "180" T = "0" Pressure = "0" />
		<Point X = "54" Y = "180" T = "0" Pressure = "0" />
		<Point X = "57" Y = "182" T = "0" Pressure = "0" />
		<Point X = "59" Y = "183" T = "0" Pressure = "0" />
		<Point X = "63" Y = "183" T = "0" Pressure = "0" />
		<Point X = "67" Y = "184" T = "0" Pressure = "0" />
		<Point X = "70" Y = "184" T = "0" Pressure = "0" />
		<Point X = "73" Y = "184" T = "0" Pressure = "0" />
		<Point X = "75" Y = "184" T = "0" Pressure = "0" />
		<Point X = "77" Y = "184" T = "0" Pressure = "0" />
		<Point X = "78" Y = "184" T = "0" Pressure = "0" />
		<Point X = "79" Y = "184" T = "0" Pressure = "0" />
		<Point X = "80" Y = "184" T = "0" Pressure = "0" />
		<Point X = "82" Y = "183" T = "0" Pressure = "0" />
		<Point X = "84" Y = "183" T = "0" Pressure = "0" />
		<Point X = "84" Y = "182" T = "0" Pressure = "0" />
		<Point X = "87" Y = "180" T = "0" Pressure = "0" />
		<Point X = "88" Y = "179" T = "0" Pressure = "0" />
		<Point X = "89" Y = "179" T = "0" Pressure = "0" />
		<Point X = "91" Y = "177" T = "0" Pressure = "0" />
		<Point X = "91" Y = "176" T = "0" Pressure = "0" />
		<Point X = "92" Y = "175" T = "0" Pressure = "0" />
		<Point X = "92" Y = "174" T = "0" Pressure = "0" />
		<Point X = "93" Y = "173" T = "0" Pressure = "0" />
		<Point X = "95" Y = "172" T = "0" Pressure = "0" />
		<Point X = "95" Y = "171" T = "0" Pressure = "0" />
		<Point X = "95" Y = "168" T = "0" Pressure = "0" />
		<Point X = "96" Y = "165" T = "0" Pressure = "0" />
		<Point X = "96" Y = "163" T = "0" Pressure = "0" />
		<Point X = "96" Y = "160" T = "0" Pressure = "0" />
		<Point X = "96" Y = "159" T = "0" Pressure = "0" />
		<Point X = "96" Y = "157" T = "0" Pressure = "0" />
		<Point X = "96" Y = "155" T = "0" Pressure = "0" />
		<Point X = "96" Y = "153" T = "0" Pressure = "0" />
		<Point X = "96" Y = "152" T = "0" Pressure = "0" />
		<Point X = "96" Y = "151" T = "0" Pressure = "0" />
		<Point X = "96" Y = "150" T = "0" Pressure = "0" />
		<Point X = "95" Y = "148" T = "0" Pressure = "0" />
		<Point X = "94" Y = "144" T = "0" Pressure = "0" />
		<Point X = "93" Y = "141" T = "0" Pressure = "0" />
		<Point X = "91" Y = "139" T = "0" Pressure = "0" />
		<Point X = "89" Y = "138" T = "0" Pressure = "0" />
		<Point X = "87" Y = "135" T = "0" Pressure = "0" />
		<Point X = "85" Y = "134" T = "0" Pressure = "0" />
		<Point X = "82" Y = "133" T = "0" Pressure = "0" />
		<Point X = "79" Y = "133" T = "0" Pressure = "0" />
		<Point X = "76" Y = "133" T = "0" Pressure = "0" />
		<Point X = "73" Y = "133" T = "0" Pressure = "0" />
		<Point X = "71" Y = "133" T = "0" Pressure = "0" />
		<Point X = "69" Y = "133" T = "0" Pressure = "0" />
		<Point X = "67" Y = "132" T = "0" Pressure = "0" />
		<Point X = "65" Y = "132" T = "0" Pressure = "0" />
		<Point X = "64" Y = "132" T = "0" Pressure = "0" />
		<Point X = "63" Y = "130" T = "0" Pressure = "0" />
		<Point X = "62" Y = "130" T = "0" Pressure = "0" />
		<Point X = "61" Y = "129" T = "0" Pressure = "0" />
		<Point X = "60" Y = "129" T = "0" Pressure = "0" />
		<Point X = "59" Y = "129" T = "0" Pressure = "0" />
		<Point X = "57" Y = "129" T = "0" Pressure = "0" />
		<Point X = "56" Y = "129" T = "0" Pressure = "0" />
		<Point X = "55" Y = "129" T = "0" Pressure = "0" />
		<Point X = "54" Y = "129" T = "0" Pressure = "0" />
		<Point X = "53" Y = "129" T = "0" Pressure = "0" />
		<Point X = "52" Y = "129" T = "0" Pressure = "0" />
		<Point X = "50" Y = "129" T = "0" Pressure = "0" />
		<Point X = "49" Y = "129" T = "0" Pressure = "0" />
		<Point X = "46" Y = "129" T = "0" Pressure = "0" />
		<Point X = "45" Y = "129" T = "0" Pressure = "0" />
		<Point X = "43" Y = "129" T = "0" Pressure = "0" />
		<Point X = "42" Y = "129" T = "0" Pressure = "0" />
		<Point X = "39" Y = "129" T = "0" Pressure = "0" />
		<Point X = "38" Y = "129" T = "0" Pressure = "0" />
		<Point X = "37" Y = "129" T = "0" Pressure = "0" />
		<Point X = "36" Y = "129" T = "0" Pressure = "0" />
		<Point X = "35" Y = "129" T = "0" Pressure = "0" />
		<Point X = "35" Y = "130" T = "0" Pressure = "0" />
		<Point X = "33" Y = "130" T = "0" Pressure = "0" />
		<Point X = "32" Y = "130" T = "0" Pressure = "0" />
		<Point X = "30" Y = "131" T = "0" Pressure = "0" />
		<Point X = "29" Y = "131" T = "0" Pressure = "0" />
		<Point X = "29" Y = "132" T = "0" Pressure = "0" />
		<Point X = "29" Y = "133" T = "0" Pressure = "0" />
		<Point X = "29" Y = "134" T = "0" Pressure = "0" />
		<Point X = "29" Y = "135" T = "0" Pressure = "0" />
		<Point X = "28" Y = "135" T = "0" Pressure = "0" />
		<Point X = "28" Y = "136" T = "0" Pressure = "0" />
	</Stroke>
</Gesture>
