<?xml version="1.0" encoding="utf-8" standalone="yes"?>
<Gesture Name = "b">
	<Stroke>
		<Point X = "52" Y = "83" T = "0" Pressure = "0" />
		<Point X = "52" Y = "84" T = "0" Pressure = "0" />
		<Point X = "52" Y = "85" T = "0" Pressure = "0" />
		<Point X = "52" Y = "88" T = "0" Pressure = "0" />
		<Point X = "52" Y = "90" T = "0" Pressure = "0" />
		<Point X = "52" Y = "92" T = "0" Pressure = "0" />
		<Point X = "52" Y = "95" T = "0" Pressure = "0" />
		<Point X = "50" Y = "101" T = "0" Pressure = "0" />
		<Point X = "49" Y = "108" T = "0" Pressure = "0" />
		<Point X = "49" Y = "115" T = "0" Pressure = "0" />
		<Point X = "47" Y = "123" T = "0" Pressure = "0" />
		<Point X = "47" Y = "130" T = "0" Pressure = "0" />
		<Point X = "45" Y = "137" T = "0" Pressure = "0" />
		<Point X = "44" Y = "143" T = "0" Pressure = "0" />
		<Point X = "44" Y = "147" T = "0" Pressure = "0" />
		<Point X = "44" Y = "150" T = "0" Pressure = "0" />
		<Point X = "44" Y = "153" T = "0" Pressure = "0" />
		<Point X = "44" Y = "156" T = "0" Pressure = "0" />
		<Point X = "44" Y = "157" T = "0" Pressure = "0" />
		<Point X = "44" Y = "159" T = "0" Pressure = "0" />
		<Point X = "44" Y = "161" T = "0" Pressure = "0" />
		<Point X = "44" Y = "163" T = "0" Pressure = "0" />
		<Point X = "44" Y = "167" T = "0" Pressure = "0" />
		<Point X = "44" Y = "169" T = "0" Pressure = "0" />
		<Point X = "44" Y = "171" T = "0" Pressure = "0" />
		<Point X = "44" Y = "173" T = "0" Pressure = "0" />
		<Point X = "44" Y = "174" T = "0" Pressure = "0" />
		<Point X = "44" Y = "177" T = "0" Pressure = "0" />
		<Point X = "44" Y = "178" T = "0" Pressure = "0" />
		<Point X = "43" Y = "180" T = "0" Pressure = "0" />
		<Point X = "43" Y = "182" T = "0" Pressure = "0" />
		<Point X = "41" Y = "187" T = "0" Pressure = "0" />
		<Point X = "41" Y = "189" T = "0" Pressure = "0" />
		<Point X = "41" Y = "193" T = "0" Pressure = "0" />
		<Point X = "41" Y = "196" T = "0" Pressure = "0" />
		<Point X = "41" Y = "199" T = "0" Pressure = "0" />
		<Point X = "41" Y = "201" T = "0" Pressure = "0" />
		<Point X = "41" Y = "204" T = "0" Pressure = "0" />
		<Point X = "41" Y = "207" T = "0" Pressure = "0" />
		<Point X = "41" Y = "208" T = "0" Pressure = "0" />
		<Point X = "41" Y = "211" T = "0" Pressure = "0" />
		<Point X = "42" Y = "212" T = "0" Pressure = "0" />
		<Point X = "44" Y = "214" T = "0" Pressure = "0" />
		<Point X = "44" Y = "216" T = "0" Pressure = "0" />
		<Point X = "45" Y = "216" T = "0" Pressure = "0" />
		<Point X = "46" Y = "218" T = "0" Pressure = "0" />
		<Point X = "47" Y = "219" T = "0" Pressure = "0" />
		<Point X = "48" Y = "220" T = "0" Pressure = "0" />
		<Point X = "48" Y = "221" T = "0" Pressure = "0" />
		<Point X = "51" Y = "225" T = "0" Pressure = "0" />
		<Point X = "53" Y = "228" T = "0" Pressure = "0" />
		<Point X = "57" Y = "233" T = "0" Pressure = "0" />
		<Point X = "62" Y = "238" T = "0" Pressure = "0" />
		<Point X = "65" Y = "241" T = "0" Pressure = "0" />
		<Point X = "70" Y = "245" T = "0" Pressure = "0" />
		<Point X = "71" Y = "245" T = "0" Pressure = "0" />
		<Point X = "72" Y = "245" T = "0" Pressure = "0" />
		<Point X = "73" Y = "245" T = "0" Pressure = "0" />
		<Point X = "74" Y = "245" T = "0" Pressure = "0" />
		<Point X = "75" Y = "245" T = "0" Pressure = "0" />
		<Point X = "77" Y = "245" T = "0" Pressure = "0" />
		<Point X = "79" Y = "245" T = "0" Pressure = "0" />
		<Point X = "81" Y = "245" T = "0" Pressure = "0" />
		<Point X = "83" Y = "245" T = "0" Pressure = "0" />
		<Point X = "86" Y = "245" T = "0" Pressure = "0" />
		<Point X = "88" Y = "245" T = "0" Pressure = "0" />
		<Point X = "90" Y = "245" T = "0" Pressure = "0" />
		<Point X = "91" Y = "245" T = "0" Pressure = "0" />
		<Point X = "93" Y = "245" T = "0" Pressure = "0" />
		<Point X = "94" Y = "245" T = "0" Pressure = "0" />
		<Point X = "95" Y = "245" T = "0" Pressure = "0" />
		<Point X = "97" Y = "245" T = "0" Pressure = "0" />
		<Point X = "98" Y = "245" T = "0" Pressure = "0" />
		<Point X = "100" Y = "245" T = "0" Pressure = "0" />
		<Point X = "101" Y = "245" T = "0" Pressure = "0" />
		<Point X = "102" Y = "243" T = "0" Pressure = "0" />
		<Point X = "103" Y = "240" T = "0" Pressure = "0" />
		<Point X = "104" Y = "237" T = "0" Pressure = "0" />
		<Point X = "105" Y = "236" T = "0" Pressure = "0" />
		<Point X = "106" Y = "233" T = "0" Pressure = "0" />
		<Point X = "106" Y = "232" T = "0" Pressure = "0" />
		<Point X = "107" Y = "230" T = "0" Pressure = "0" />
		<Point X = "107" Y = "229" T = "0" Pressure = "0" />
		<Point X = "107" Y = "227" T = "0" Pressure = "0" />
		<Point X = "107" Y = "226" T = "0" Pressure = "0" />
		<Point X = "108" Y = "224" T = "0" Pressure = "0" />
		<Point X = "108" Y = "223" T = "0" Pressure = "0" />
		<Point X = "108" Y = "222" T = "0" Pressure = "0" />
		<Point X = "108" Y = "220" T = "0" Pressure = "0" />
		<Point X = "108" Y = "218" T = "0" Pressure = "0" />
		<Point X = "108" Y = "217" T = "0" Pressure = "0" />
		<Point X = "108" Y = "214" T = "0" Pressure = "0" />
		<Point X = "108" Y = "212" T = "0" Pressure = "0" />
		<Point X = "107" Y = "210" T = "0" Pressure = "0" />
		<Point X = "107" Y = "208" T = "0" Pressure = "0" />
		<Point X = "106" Y = "205" T = "0" Pressure = "0" />
		<Point X = "106" Y = "203" T = "0" Pressure = "0" />
		<Point X = "104" Y = "201" T = "0" Pressure = "0" />
		<Point X = "103" Y = "199" T = "0" Pressure = "0" />
		<Point X = "101" Y = "197" T = "0" Pressure = "0" />
		<Point X = "99" Y = "196" T = "0" Pressure = "0" />
		<Point X = "99" Y = "195" T = "0" Pressure = "0" />
		<Point X = "97" Y = "194" T = "0" Pressure = "0" />
		<Point X = "96" Y = "193" T = "0" Pressure = "0" />
		<Point X = "94" Y = "193" T = "0" Pressure = "0" />
		<Point X = "93" Y = "193" T = "0" Pressure = "0" />
		<Point X = "92" Y = "192" T = "0" Pressure = "0" />
		<Point X = "90" Y = "192" T = "0" Pressure = "0" />
		<Point X = "89" Y = "191" T = "0" Pressure = "0" />
		<Point X = "88" Y = "190" T = "0" Pressure = "0" />
		<Point X = "86" Y = "190" T = "0" Pressure = "0" />
		<Point X = "85" Y = "188" T = "0" Pressure = "0" />
		<Point X = "84" Y = "188" T = "0" Pressure = "0" />
		<Point X = "83" Y = "187" T = "0" Pressure = "0" />
		<Point X = "80" Y = "186" T = "0" Pressure = "0" />
		<Point X = "78" Y = "186" T = "0" Pressure = "0" />
		<Point X = "76" Y = "184" T = "0" Pressure = "0" />
		<Point X = "74" Y = "184" T = "0" Pressure = "0" />
		<Point X = "72" Y = "184" T = "0" Pressure = "0" />
		<Point X = "71" Y = "184" T = "0" Pressure = "0" />
		<Point X = "70" Y = "183" T = "0" Pressure = "0" />
		<Point X = "68" Y = "183" T = "0" Pressure = "0" />
		<Point X = "67" Y = "183" T = "0" Pressure = "0" />
		<Point X = "65" Y = "183" T = "0" Pressure = "0" />
		<Point X = "63" Y = "183" T = "0" Pressure = "0" />
		<Point X = "62" Y = "183" T = "0" Pressure = "0" />
		<Point X = "60" Y = "183" T = "0" Pressure = "0" />
		<Point X = "59" Y = "183" T = "0" Pressure = "0" />
		<Point X = "58" Y = "183" T = "0" Pressure = "0" />
		<Point X = "57" Y = "183" T = "0" Pressure = "0" />
		<Point X = "56" Y = "183" T = "0" Pressure = "0" />
		<Point X = "55" Y = "182" T = "0" Pressure = "0" />
		<Point X = "53" Y = "182" T = "0" Pressure = "0" />
		<Point X = "52" Y = "182" T = "0" Pressure = "0" />
		<Point X = "51" Y = "182" T = "0" Pressure = "0" />
		<Point X = "50" Y = "182" T = "0" Pressure = "0" />
		<Point X = "49" Y = "182" T = "0" Pressure = "0" />
		<Point X = "48" Y = "182" T = "0" Pressure = "0" />
		<Point X = "47" Y = "182" T = "0" Pressure = "0" />
		<Point X = "45" Y = "182" T = "0" Pressure = "0" />
		<Point X = "43" Y = "183" T = "0" Pressure = "0" />
		<Point X = "42" Y = "183" T = "0" Pressure = "0" />
		<Point X = "41" Y = "183" T = "0" Pressure = "0" />
		<Point X = "41" Y = "184" T = "0" Pressure = "0" />
		<Point X = "40" Y = "184" T = "0" Pressure = "0" />
	</Stroke>
</Gesture>
