<?xml version="1.0" encoding="utf-8" standalone="yes"?>
<Gesture Name = "b">
	<Stroke>
		<Point X = "231" Y = "90" T = "0" Pressure = "0" />
		<Point X = "231" Y = "93" T = "0" Pressure = "0" />
		<Point X = "231" Y = "98" T = "0" Pressure = "0" />
		<Point X = "233" Y = "103" T = "0" Pressure = "0" />
		<Point X = "234" Y = "109" T = "0" Pressure = "0" />
		<Point X = "234" Y = "113" T = "0" Pressure = "0" />
		<Point X = "234" Y = "122" T = "0" Pressure = "0" />
		<Point X = "234" Y = "128" T = "0" Pressure = "0" />
		<Point X = "234" Y = "137" T = "0" Pressure = "0" />
		<Point X = "234" Y = "148" T = "0" Pressure = "0" />
		<Point X = "234" Y = "156" T = "0" Pressure = "0" />
		<Point X = "234" Y = "165" T = "0" Pressure = "0" />
		<Point X = "235" Y = "176" T = "0" Pressure = "0" />
		<Point X = "237" Y = "186" T = "0" Pressure = "0" />
		<Point X = "238" Y = "192" T = "0" Pressure = "0" />
		<Point X = "240" Y = "202" T = "0" Pressure = "0" />
		<Point X = "243" Y = "210" T = "0" Pressure = "0" />
		<Point X = "246" Y = "217" T = "0" Pressure = "0" />
		<Point X = "249" Y = "227" T = "0" Pressure = "0" />
		<Point X = "252" Y = "236" T = "0" Pressure = "0" />
		<Point X = "255" Y = "243" T = "0" Pressure = "0" />
		<Point X = "259" Y = "249" T = "0" Pressure = "0" />
		<Point X = "262" Y = "255" T = "0" Pressure = "0" />
		<Point X = "264" Y = "259" T = "0" Pressure = "0" />
		<Point X = "266" Y = "261" T = "0" Pressure = "0" />
		<Point X = "267" Y = "263" T = "0" Pressure = "0" />
		<Point X = "269" Y = "264" T = "0" Pressure = "0" />
		<Point X = "271" Y = "264" T = "0" Pressure = "0" />
		<Point X = "272" Y = "266" T = "0" Pressure = "0" />
		<Point X = "274" Y = "266" T = "0" Pressure = "0" />
		<Point X = "276" Y = "266" T = "0" Pressure = "0" />
		<Point X = "280" Y = "266" T = "0" Pressure = "0" />
		<Point X = "284" Y = "266" T = "0" Pressure = "0" />
		<Point X = "286" Y = "267" T = "0" Pressure = "0" />
		<Point X = "288" Y = "267" T = "0" Pressure = "0" />
		<Point X = "290" Y = "267" T = "0" Pressure = "0" />
		<Point X = "293" Y = "267" T = "0" Pressure = "0" />
		<Point X = "294" Y = "267" T = "0" Pressure = "0" />
		<Point X = "295" Y = "267" T = "0" Pressure = "0" />
		<Point X = "296" Y = "267" T = "0" Pressure = "0" />
		<Point X = "299" Y = "266" T = "0" Pressure = "0" />
		<Point X = "301" Y = "263" T = "0" Pressure = "0" />
		<Point X = "303" Y = "261" T = "0" Pressure = "0" />
		<Point X = "303" Y = "260" T = "0" Pressure = "0" />
		<Point X = "306" Y = "257" T = "0" Pressure = "0" />
		<Point X = "307" Y = "255" T = "0" Pressure = "0" />
		<Point X = "309" Y = "252" T = "0" Pressure = "0" />
		<Point X = "309" Y = "250" T = "0" Pressure = "0" />
		<Point X = "309" Y = "247" T = "0" Pressure = "0" />
		<Point X = "309" Y = "244" T = "0" Pressure = "0" />
		<Point X = "309" Y = "240" T = "0" Pressure = "0" />
		<Point X = "309" Y = "236" T = "0" Pressure = "0" />
		<Point X = "309" Y = "232" T = "0" Pressure = "0" />
		<Point X = "309" Y = "230" T = "0" Pressure = "0" />
		<Point X = "308" Y = "225" T = "0" Pressure = "0" />
		<Point X = "308" Y = "222" T = "0" Pressure = "0" />
		<Point X = "305" Y = "219" T = "0" Pressure = "0" />
		<Point X = "303" Y = "216" T = "0" Pressure = "0" />
		<Point X = "302" Y = "214" T = "0" Pressure = "0" />
		<Point X = "300" Y = "213" T = "0" Pressure = "0" />
		<Point X = "298" Y = "210" T = "0" Pressure = "0" />
		<Point X = "297" Y = "210" T = "0" Pressure = "0" />
		<Point X = "294" Y = "209" T = "0" Pressure = "0" />
		<Point X = "293" Y = "209" T = "0" Pressure = "0" />
		<Point X = "292" Y = "209" T = "0" Pressure = "0" />
		<Point X = "290" Y = "209" T = "0" Pressure = "0" />
		<Point X = "288" Y = "209" T = "0" Pressure = "0" />
		<Point X = "286" Y = "210" T = "0" Pressure = "0" />
		<Point X = "284" Y = "210" T = "0" Pressure = "0" />
		<Point X = "281" Y = "210" T = "0" Pressure = "0" />
		<Point X = "279" Y = "211" T = "0" Pressure = "0" />
		<Point X = "276" Y = "211" T = "0" Pressure = "0" />
		<Point X = "273" Y = "211" T = "0" Pressure = "0" />
		<Point X = "272" Y = "211" T = "0" Pressure = "0" />
		<Point X = "270" Y = "211" T = "0" Pressure = "0" />
		<Point X = "269" Y = "212" T = "0" Pressure = "0" />
		<Point X = "266" Y = "213" T = "0" Pressure = "0" />
		<Point X = "265" Y = "214" T = "0" Pressure = "0" />
		<Point X = "263" Y = "214" T = "0" Pressure = "0" />
		<Point X = "262" Y = "215" T = "0" Pressure = "0" />
		<Point X = "261" Y = "216" T = "0" Pressure = "0" />
		<Point X = "260" Y = "217" T = "0" Pressure = "0" />
		<Point X = "260" Y = "218" T = "0" Pressure = "0" />
		<Point X = "258" Y = "219" T = "0" Pressure = "0" />
		<Point X = "258" Y = "220" T = "0" Pressure = "0" />
		<Point X = "257" Y = "222" T = "0" Pressure = "0" />
		<Point X = "257" Y = "223" T = "0" Pressure = "0" />
		<Point X = "256" Y = "224" T = "0" Pressure = "0" />
		<Point X = "256" Y = "225" T = "0" Pressure = "0" />
		<Point X = "255" Y = "226" T = "0" Pressure = "0" />
		<Point X = "254" Y = "227" T = "0" Pressure = "0" />
		<Point X = "254" Y = "228" T = "0" Pressure = "0" />
		<Point X = "253" Y = "228" T = "0" Pressure = "0" />
		<Point X = "253" Y = "229" T = "0" Pressure = "0" />
		<Point X = "253" Y = "230" T = "0" Pressure = "0" />
		<Point X = "252" Y = "231" T = "0" Pressure = "0" />
		<Point X = "252" Y = "232" T = "0" Pressure = "0" />
		<Point X = "251" Y = "233" T = "0" Pressure = "0" />
		<Point X = "251" Y = "234" T = "0" Pressure = "0" />
		<Point X = "251" Y = "235" T = "0" Pressure = "0" />
		<Point X = "251" Y = "236" T = "0" Pressure = "0" />
		<Point X = "252" Y = "237" T = "0" Pressure = "0" />
	</Stroke>
</Gesture>
