<?xml version="1.0" encoding="utf-8" standalone="yes"?>
<Gesture Name = "b">
	<Stroke>
		<Point X = "16" Y = "272" T = "0" Pressure = "0" />
		<Point X = "16" Y = "273" T = "0" Pressure = "0" />
		<Point X = "17" Y = "275" T = "0" Pressure = "0" />
		<Point X = "17" Y = "276" T = "0" Pressure = "0" />
		<Point X = "17" Y = "277" T = "0" Pressure = "0" />
		<Point X = "17" Y = "279" T = "0" Pressure = "0" />
		<Point X = "17" Y = "280" T = "0" Pressure = "0" />
		<Point X = "17" Y = "282" T = "0" Pressure = "0" />
		<Point X = "17" Y = "285" T = "0" Pressure = "0" />
		<Point X = "17" Y = "287" T = "0" Pressure = "0" />
		<Point X = "17" Y = "289" T = "0" Pressure = "0" />
		<Point X = "17" Y = "290" T = "0" Pressure = "0" />
		<Point X = "17" Y = "292" T = "0" Pressure = "0" />
		<Point X = "17" Y = "294" T = "0" Pressure = "0" />
		<Point X = "16" Y = "296" T = "0" Pressure = "0" />
		<Point X = "16" Y = "297" T = "0" Pressure = "0" />
		<Point X = "15" Y = "298" T = "0" Pressure = "0" />
		<Point X = "15" Y = "300" T = "0" Pressure = "0" />
		<Point X = "15" Y = "302" T = "0" Pressure = "0" />
		<Point X = "15" Y = "304" T = "0" Pressure = "0" />
		<Point X = "14" Y = "305" T = "0" Pressure = "0" />
		<Point X = "14" Y = "307" T = "0" Pressure = "0" />
		<Point X = "12" Y = "309" T = "0" Pressure = "0" />
		<Point X = "12" Y = "310" T = "0" Pressure = "0" />
		<Point X = "12" Y = "311" T = "0" Pressure = "0" />
		<Point X = "10" Y = "313" T = "0" Pressure = "0" />
		<Point X = "10" Y = "314" T = "0" Pressure = "0" />
		<Point X = "9" Y = "315" T = "0" Pressure = "0" />
		<Point X = "9" Y = "317" T = "0" Pressure = "0" />
		<Point X = "9" Y = "318" T = "0" Pressure = "0" />
		<Point X = "9" Y = "320" T = "0" Pressure = "0" />
		<Point X = "9" Y = "322" T = "0" Pressure = "0" />
		<Point X = "9" Y = "324" T = "0" Pressure = "0" />
		<Point X = "8" Y = "327" T = "0" Pressure = "0" />
		<Point X = "8" Y = "328" T = "0" Pressure = "0" />
		<Point X = "8" Y = "329" T = "0" Pressure = "0" />
		<Point X = "8" Y = "331" T = "0" Pressure = "0" />
		<Point X = "8" Y = "332" T = "0" Pressure = "0" />
		<Point X = "8" Y = "333" T = "0" Pressure = "0" />
		<Point X = "8" Y = "334" T = "0" Pressure = "0" />
		<Point X = "8" Y = "335" T = "0" Pressure = "0" />
		<Point X = "8" Y = "337" T = "0" Pressure = "0" />
		<Point X = "8" Y = "338" T = "0" Pressure = "0" />
		<Point X = "8" Y = "340" T = "0" Pressure = "0" />
		<Point X = "9" Y = "342" T = "0" Pressure = "0" />
		<Point X = "9" Y = "343" T = "0" Pressure = "0" />
		<Point X = "9" Y = "344" T = "0" Pressure = "0" />
		<Point X = "10" Y = "345" T = "0" Pressure = "0" />
		<Point X = "12" Y = "347" T = "0" Pressure = "0" />
		<Point X = "12" Y = "348" T = "0" Pressure = "0" />
		<Point X = "13" Y = "350" T = "0" Pressure = "0" />
		<Point X = "15" Y = "351" T = "0" Pressure = "0" />
		<Point X = "17" Y = "353" T = "0" Pressure = "0" />
		<Point X = "18" Y = "355" T = "0" Pressure = "0" />
		<Point X = "19" Y = "356" T = "0" Pressure = "0" />
		<Point X = "19" Y = "357" T = "0" Pressure = "0" />
		<Point X = "20" Y = "357" T = "0" Pressure = "0" />
		<Point X = "20" Y = "358" T = "0" Pressure = "0" />
		<Point X = "21" Y = "359" T = "0" Pressure = "0" />
		<Point X = "22" Y = "360" T = "0" Pressure = "0" />
		<Point X = "23" Y = "360" T = "0" Pressure = "0" />
		<Point X = "24" Y = "361" T = "0" Pressure = "0" />
		<Point X = "25" Y = "361" T = "0" Pressure = "0" />
		<Point X = "26" Y = "361" T = "0" Pressure = "0" />
		<Point X = "28" Y = "362" T = "0" Pressure = "0" />
		<Point X = "29" Y = "364" T = "0" Pressure = "0" />
		<Point X = "31" Y = "364" T = "0" Pressure = "0" />
		<Point X = "32" Y = "364" T = "0" Pressure = "0" />
		<Point X = "34" Y = "364" T = "0" Pressure = "0" />
		<Point X = "34" Y = "365" T = "0" Pressure = "0" />
		<Point X = "35" Y = "365" T = "0" Pressure = "0" />
		<Point X = "37" Y = "365" T = "0" Pressure = "0" />
		<Point X = "38" Y = "365" T = "0" Pressure = "0" />
		<Point X = "39" Y = "365" T = "0" Pressure = "0" />
		<Point X = "40" Y = "365" T = "0" Pressure = "0" />
		<Point X = "41" Y = "365" T = "0" Pressure = "0" />
		<Point X = "42" Y = "365" T = "0" Pressure = "0" />
		<Point X = "43" Y = "364" T = "0" Pressure = "0" />
		<Point X = "44" Y = "364" T = "0" Pressure = "0" />
		<Point X = "45" Y = "363" T = "0" Pressure = "0" />
		<Point X = "46" Y = "363" T = "0" Pressure = "0" />
		<Point X = "47" Y = "361" T = "0" Pressure = "0" />
		<Point X = "48" Y = "361" T = "0" Pressure = "0" />
		<Point X = "48" Y = "360" T = "0" Pressure = "0" />
		<Point X = "49" Y = "360" T = "0" Pressure = "0" />
		<Point X = "50" Y = "359" T = "0" Pressure = "0" />
		<Point X = "50" Y = "358" T = "0" Pressure = "0" />
		<Point X = "50" Y = "357" T = "0" Pressure = "0" />
		<Point X = "50" Y = "355" T = "0" Pressure = "0" />
		<Point X = "51" Y = "355" T = "0" Pressure = "0" />
		<Point X = "51" Y = "353" T = "0" Pressure = "0" />
		<Point X = "51" Y = "352" T = "0" Pressure = "0" />
		<Point X = "51" Y = "351" T = "0" Pressure = "0" />
		<Point X = "51" Y = "350" T = "0" Pressure = "0" />
		<Point X = "51" Y = "349" T = "0" Pressure = "0" />
		<Point X = "51" Y = "348" T = "0" Pressure = "0" />
		<Point X = "51" Y = "347" T = "0" Pressure = "0" />
		<Point X = "51" Y = "346" T = "0" Pressure = "0" />
		<Point X = "51" Y = "345" T = "0" Pressure = "0" />
		<Point X = "51" Y = "344" T = "0" Pressure = "0" />
		<Point X = "51" Y = "343" T = "0" Pressure = "0" />
		<Point X = "51" Y = "342" T = "0" Pressure = "0" />
		<Point X = "50" Y = "341" T = "0" Pressure = "0" />
		<Point X = "49" Y = "340" T = "0" Pressure = "0" />
		<Point X = "48" Y = "340" T = "0" Pressure = "0" />
		<Point X = "47" Y = "339" T = "0" Pressure = "0" />
		<Point X = "46" Y = "339" T = "0" Pressure = "0" />
		<Point X = "45" Y = "338" T = "0" Pressure = "0" />
		<Point X = "44" Y = "337" T = "0" Pressure = "0" />
		<Point X = "43" Y = "337" T = "0" Pressure = "0" />
		<Point X = "42" Y = "336" T = "0" Pressure = "0" />
		<Point X = "41" Y = "336" T = "0" Pressure = "0" />
		<Point X = "40" Y = "335" T = "0" Pressure = "0" />
		<Point X = "38" Y = "335" T = "0" Pressure = "0" />
		<Point X = "37" Y = "335" T = "0" Pressure = "0" />
		<Point X = "35" Y = "335" T = "0" Pressure = "0" />
		<Point X = "34" Y = "335" T = "0" Pressure = "0" />
		<Point X = "32" Y = "333" T = "0" Pressure = "0" />
		<Point X = "30" Y = "333" T = "0" Pressure = "0" />
		<Point X = "28" Y = "333" T = "0" Pressure = "0" />
		<Point X = "27" Y = "333" T = "0" Pressure = "0" />
		<Point X = "26" Y = "332" T = "0" Pressure = "0" />
		<Point X = "25" Y = "332" T = "0" Pressure = "0" />
		<Point X = "24" Y = "331" T = "0" Pressure = "0" />
		<Point X = "23" Y = "331" T = "0" Pressure = "0" />
		<Point X = "22" Y = "331" T = "0" Pressure = "0" />
		<Point X = "21" Y = "331" T = "0" Pressure = "0" />
		<Point X = "20" Y = "331" T = "0" Pressure = "0" />
		<Point X = "19" Y = "331" T = "0" Pressure = "0" />
		<Point X = "18" Y = "331" T = "0" Pressure = "0" />
		<Point X = "17" Y = "331" T = "0" Pressure = "0" />
		<Point X = "16" Y = "331" T = "0" Pressure = "0" />
		<Point X = "15" Y = "331" T = "0" Pressure = "0" />
		<Point X = "14" Y = "331" T = "0" Pressure = "0" />
		<Point X = "13" Y = "331" T = "0" Pressure = "0" />
		<Point X = "12" Y = "332" T = "0" Pressure = "0" />
		<Point X = "11" Y = "332" T = "0" Pressure = "0" />
		<Point X = "9" Y = "333" T = "0" Pressure = "0" />
		<Point X = "9" Y = "334" T = "0" Pressure = "0" />
	</Stroke>
</Gesture>
