<?xml version="1.0" encoding="utf-8" standalone="yes"?>
<Gesture Name = "b">
	<Stroke>
		<Point X = "118" Y = "80" T = "0" Pressure = "0" />
		<Point X = "118" Y = "82" T = "0" Pressure = "0" />
		<Point X = "118" Y = "85" T = "0" Pressure = "0" />
		<Point X = "118" Y = "88" T = "0" Pressure = "0" />
		<Point X = "118" Y = "92" T = "0" Pressure = "0" />
		<Point X = "118" Y = "97" T = "0" Pressure = "0" />
		<Point X = "118" Y = "102" T = "0" Pressure = "0" />
		<Point X = "118" Y = "108" T = "0" Pressure = "0" />
		<Point X = "118" Y = "116" T = "0" Pressure = "0" />
		<Point X = "118" Y = "120" T = "0" Pressure = "0" />
		<Point X = "118" Y = "123" T = "0" Pressure = "0" />
		<Point X = "118" Y = "127" T = "0" Pressure = "0" />
		<Point X = "118" Y = "132" T = "0" Pressure = "0" />
		<Point X = "115" Y = "138" T = "0" Pressure = "0" />
		<Point X = "115" Y = "141" T = "0" Pressure = "0" />
		<Point X = "113" Y = "144" T = "0" Pressure = "0" />
		<Point X = "113" Y = "147" T = "0" Pressure = "0" />
		<Point X = "113" Y = "150" T = "0" Pressure = "0" />
		<Point X = "113" Y = "153" T = "0" Pressure = "0" />
		<Point X = "113" Y = "155" T = "0" Pressure = "0" />
		<Point X = "113" Y = "158" T = "0" Pressure = "0" />
		<Point X = "113" Y = "161" T = "0" Pressure = "0" />
		<Point X = "113" Y = "162" T = "0" Pressure = "0" />
		<Point X = "113" Y = "165" T = "0" Pressure = "0" />
		<Point X = "113" Y = "168" T = "0" Pressure = "0" />
		<Point X = "113" Y = "169" T = "0" Pressure = "0" />
		<Point X = "113" Y = "172" T = "0" Pressure = "0" />
		<Point X = "113" Y = "175" T = "0" Pressure = "0" />
		<Point X = "113" Y = "176" T = "0" Pressure = "0" />
		<Point X = "113" Y = "179" T = "0" Pressure = "0" />
		<Point X = "113" Y = "182" T = "0" Pressure = "0" />
		<Point X = "113" Y = "183" T = "0" Pressure = "0" />
		<Point X = "113" Y = "186" T = "0" Pressure = "0" />
		<Point X = "113" Y = "187" T = "0" Pressure = "0" />
		<Point X = "113" Y = "190" T = "0" Pressure = "0" />
		<Point X = "113" Y = "191" T = "0" Pressure = "0" />
		<Point X = "113" Y = "193" T = "0" Pressure = "0" />
		<Point X = "114" Y = "195" T = "0" Pressure = "0" />
		<Point X = "115" Y = "198" T = "0" Pressure = "0" />
		<Point X = "117" Y = "203" T = "0" Pressure = "0" />
		<Point X = "119" Y = "206" T = "0" Pressure = "0" />
		<Point X = "121" Y = "212" T = "0" Pressure = "0" />
		<Point X = "123" Y = "215" T = "0" Pressure = "0" />
		<Point X = "125" Y = "220" T = "0" Pressure = "0" />
		<Point X = "126" Y = "224" T = "0" Pressure = "0" />
		<Point X = "129" Y = "228" T = "0" Pressure = "0" />
		<Point X = "129" Y = "229" T = "0" Pressure = "0" />
		<Point X = "131" Y = "233" T = "0" Pressure = "0" />
		<Point X = "132" Y = "234" T = "0" Pressure = "0" />
		<Point X = "133" Y = "236" T = "0" Pressure = "0" />
		<Point X = "136" Y = "240" T = "0" Pressure = "0" />
		<Point X = "137" Y = "241" T = "0" Pressure = "0" />
		<Point X = "141" Y = "247" T = "0" Pressure = "0" />
		<Point X = "145" Y = "252" T = "0" Pressure = "0" />
		<Point X = "148" Y = "257" T = "0" Pressure = "0" />
		<Point X = "150" Y = "260" T = "0" Pressure = "0" />
		<Point X = "152" Y = "264" T = "0" Pressure = "0" />
		<Point X = "154" Y = "266" T = "0" Pressure = "0" />
		<Point X = "158" Y = "270" T = "0" Pressure = "0" />
		<Point X = "160" Y = "271" T = "0" Pressure = "0" />
		<Point X = "161" Y = "273" T = "0" Pressure = "0" />
		<Point X = "162" Y = "273" T = "0" Pressure = "0" />
		<Point X = "166" Y = "276" T = "0" Pressure = "0" />
		<Point X = "167" Y = "277" T = "0" Pressure = "0" />
		<Point X = "169" Y = "277" T = "0" Pressure = "0" />
		<Point X = "173" Y = "278" T = "0" Pressure = "0" />
		<Point X = "175" Y = "278" T = "0" Pressure = "0" />
		<Point X = "177" Y = "280" T = "0" Pressure = "0" />
		<Point X = "178" Y = "280" T = "0" Pressure = "0" />
		<Point X = "180" Y = "280" T = "0" Pressure = "0" />
		<Point X = "183" Y = "279" T = "0" Pressure = "0" />
		<Point X = "188" Y = "278" T = "0" Pressure = "0" />
		<Point X = "195" Y = "275" T = "0" Pressure = "0" />
		<Point X = "200" Y = "274" T = "0" Pressure = "0" />
		<Point X = "207" Y = "271" T = "0" Pressure = "0" />
		<Point X = "210" Y = "269" T = "0" Pressure = "0" />
		<Point X = "213" Y = "269" T = "0" Pressure = "0" />
		<Point X = "215" Y = "267" T = "0" Pressure = "0" />
		<Point X = "216" Y = "266" T = "0" Pressure = "0" />
		<Point X = "218" Y = "264" T = "0" Pressure = "0" />
		<Point X = "219" Y = "263" T = "0" Pressure = "0" />
		<Point X = "220" Y = "262" T = "0" Pressure = "0" />
		<Point X = "221" Y = "260" T = "0" Pressure = "0" />
		<Point X = "221" Y = "259" T = "0" Pressure = "0" />
		<Point X = "221" Y = "257" T = "0" Pressure = "0" />
		<Point X = "221" Y = "254" T = "0" Pressure = "0" />
		<Point X = "221" Y = "252" T = "0" Pressure = "0" />
		<Point X = "221" Y = "249" T = "0" Pressure = "0" />
		<Point X = "221" Y = "246" T = "0" Pressure = "0" />
		<Point X = "221" Y = "244" T = "0" Pressure = "0" />
		<Point X = "221" Y = "243" T = "0" Pressure = "0" />
		<Point X = "221" Y = "241" T = "0" Pressure = "0" />
		<Point X = "221" Y = "237" T = "0" Pressure = "0" />
		<Point X = "220" Y = "234" T = "0" Pressure = "0" />
		<Point X = "216" Y = "228" T = "0" Pressure = "0" />
		<Point X = "213" Y = "224" T = "0" Pressure = "0" />
		<Point X = "209" Y = "219" T = "0" Pressure = "0" />
		<Point X = "206" Y = "216" T = "0" Pressure = "0" />
		<Point X = "205" Y = "214" T = "0" Pressure = "0" />
		<Point X = "202" Y = "210" T = "0" Pressure = "0" />
		<Point X = "200" Y = "207" T = "0" Pressure = "0" />
		<Point X = "198" Y = "206" T = "0" Pressure = "0" />
		<Point X = "197" Y = "204" T = "0" Pressure = "0" />
		<Point X = "194" Y = "204" T = "0" Pressure = "0" />
		<Point X = "194" Y = "202" T = "0" Pressure = "0" />
		<Point X = "193" Y = "202" T = "0" Pressure = "0" />
		<Point X = "192" Y = "201" T = "0" Pressure = "0" />
		<Point X = "190" Y = "200" T = "0" Pressure = "0" />
		<Point X = "188" Y = "199" T = "0" Pressure = "0" />
		<Point X = "187" Y = "199" T = "0" Pressure = "0" />
		<Point X = "185" Y = "198" T = "0" Pressure = "0" />
		<Point X = "183" Y = "198" T = "0" Pressure = "0" />
		<Point X = "182" Y = "198" T = "0" Pressure = "0" />
		<Point X = "180" Y = "197" T = "0" Pressure = "0" />
		<Point X = "178" Y = "197" T = "0" Pressure = "0" />
		<Point X = "177" Y = "197" T = "0" Pressure = "0" />
		<Point X = "176" Y = "197" T = "0" Pressure = "0" />
		<Point X = "174" Y = "197" T = "0" Pressure = "0" />
		<Point X = "172" Y = "197" T = "0" Pressure = "0" />
		<Point X = "171" Y = "197" T = "0" Pressure = "0" />
		<Point X = "170" Y = "197" T = "0" Pressure = "0" />
		<Point X = "169" Y = "197" T = "0" Pressure = "0" />
		<Point X = "168" Y = "197" T = "0" Pressure = "0" />
		<Point X = "167" Y = "197" T = "0" Pressure = "0" />
		<Point X = "165" Y = "197" T = "0" Pressure = "0" />
		<Point X = "164" Y = "197" T = "0" Pressure = "0" />
		<Point X = "162" Y = "197" T = "0" Pressure = "0" />
		<Point X = "161" Y = "197" T = "0" Pressure = "0" />
		<Point X = "159" Y = "197" T = "0" Pressure = "0" />
		<Point X = "159" Y = "198" T = "0" Pressure = "0" />
		<Point X = "158" Y = "198" T = "0" Pressure = "0" />
		<Point X = "158" Y = "199" T = "0" Pressure = "0" />
		<Point X = "156" Y = "199" T = "0" Pressure = "0" />
		<Point X = "154" Y = "201" T = "0" Pressure = "0" />
		<Point X = "153" Y = "202" T = "0" Pressure = "0" />
		<Point X = "152" Y = "202" T = "0" Pressure = "0" />
		<Point X = "152" Y = "203" T = "0" Pressure = "0" />
		<Point X = "151" Y = "203" T = "0" Pressure = "0" />
		<Point X = "149" Y = "204" T = "0" Pressure = "0" />
		<Point X = "149" Y = "205" T = "0" Pressure = "0" />
		<Point X = "148" Y = "205" T = "0" Pressure = "0" />
		<Point X = "146" Y = "206" T = "0" Pressure = "0" />
		<Point X = "144" Y = "208" T = "0" Pressure = "0" />
		<Point X = "143" Y = "209" T = "0" Pressure = "0" />
		<Point X = "142" Y = "210" T = "0" Pressure = "0" />
		<Point X = "141" Y = "211" T = "0" Pressure = "0" />
		<Point X = "140" Y = "212" T = "0" Pressure = "0" />
		<Point X = "139" Y = "213" T = "0" Pressure = "0" />
		<Point X = "138" Y = "215" T = "0" Pressure = "0" />
		<Point X = "137" Y = "215" T = "0" Pressure = "0" />
		<Point X = "136" Y = "216" T = "0" Pressure = "0" />
		<Point X = "135" Y = "217" T = "0" Pressure = "0" />
		<Point X = "135" Y = "218" T = "0" Pressure = "0" />
		<Point X = "134" Y = "218" T = "0" Pressure = "0" />
		<Point X = "134" Y = "219" T = "0" Pressure = "0" />
		<Point X = "133" Y = "219" T = "0" Pressure = "0" />
		<Point X = "132" Y = "221" T = "0" Pressure = "0" />
		<Point X = "132" Y = "223" T = "0" Pressure = "0" />
		<Point X = "130" Y = "225" T = "0" Pressure = "0" />
		<Point X = "130" Y = "226" T = "0" Pressure = "0" />
	</Stroke>
</Gesture>
