<?xml version="1.0" encoding="utf-8" standalone="yes"?>
<Gesture Name = "b">
	<Stroke>
		<Point X = "40" Y = "27" T = "0" Pressure = "0" />
		<Point X = "40" Y = "29" T = "0" Pressure = "0" />
		<Point X = "40" Y = "31" T = "0" Pressure = "0" />
		<Point X = "40" Y = "34" T = "0" Pressure = "0" />
		<Point X = "40" Y = "38" T = "0" Pressure = "0" />
		<Point X = "40" Y = "44" T = "0" Pressure = "0" />
		<Point X = "40" Y = "48" T = "0" Pressure = "0" />
		<Point X = "40" Y = "53" T = "0" Pressure = "0" />
		<Point X = "40" Y = "57" T = "0" Pressure = "0" />
		<Point X = "40" Y = "60" T = "0" Pressure = "0" />
		<Point X = "40" Y = "63" T = "0" Pressure = "0" />
		<Point X = "40" Y = "66" T = "0" Pressure = "0" />
		<Point X = "40" Y = "68" T = "0" Pressure = "0" />
		<Point X = "40" Y = "72" T = "0" Pressure = "0" />
		<Point X = "40" Y = "75" T = "0" Pressure = "0" />
		<Point X = "40" Y = "81" T = "0" Pressure = "0" />
		<Point X = "40" Y = "84" T = "0" Pressure = "0" />
		<Point X = "40" Y = "88" T = "0" Pressure = "0" />
		<Point X = "40" Y = "92" T = "0" Pressure = "0" />
		<Point X = "40" Y = "95" T = "0" Pressure = "0" />
		<Point X = "40" Y = "98" T = "0" Pressure = "0" />
		<Point X = "40" Y = "100" T = "0" Pressure = "0" />
		<Point X = "40" Y = "102" T = "0" Pressure = "0" />
		<Point X = "40" Y = "104" T = "0" Pressure = "0" />
		<Point X = "40" Y = "106" T = "0" Pressure = "0" />
		<Point X = "40" Y = "107" T = "0" Pressure = "0" />
		<Point X = "40" Y = "109" T = "0" Pressure = "0" />
		<Point X = "40" Y = "110" T = "0" Pressure = "0" />
		<Point X = "40" Y = "111" T = "0" Pressure = "0" />
		<Point X = "40" Y = "113" T = "0" Pressure = "0" />
		<Point X = "40" Y = "114" T = "0" Pressure = "0" />
		<Point X = "40" Y = "116" T = "0" Pressure = "0" />
		<Point X = "40" Y = "117" T = "0" Pressure = "0" />
		<Point X = "40" Y = "119" T = "0" Pressure = "0" />
		<Point X = "40" Y = "120" T = "0" Pressure = "0" />
		<Point X = "41" Y = "123" T = "0" Pressure = "0" />
		<Point X = "42" Y = "127" T = "0" Pressure = "0" />
		<Point X = "43" Y = "130" T = "0" Pressure = "0" />
		<Point X = "44" Y = "134" T = "0" Pressure = "0" />
		<Point X = "46" Y = "137" T = "0" Pressure = "0" />
		<Point X = "49" Y = "140" T = "0" Pressure = "0" />
		<Point X = "50" Y = "143" T = "0" Pressure = "0" />
		<Point X = "52" Y = "145" T = "0" Pressure = "0" />
		<Point X = "54" Y = "148" T = "0" Pressure = "0" />
		<Point X = "55" Y = "148" T = "0" Pressure = "0" />
		<Point X = "56" Y = "150" T = "0" Pressure = "0" />
		<Point X = "59" Y = "151" T = "0" Pressure = "0" />
		<Point X = "63" Y = "152" T = "0" Pressure = "0" />
		<Point X = "67" Y = "153" T = "0" Pressure = "0" />
		<Point X = "71" Y = "154" T = "0" Pressure = "0" />
		<Point X = "73" Y = "154" T = "0" Pressure = "0" />
		<Point X = "75" Y = "154" T = "0" Pressure = "0" />
		<Point X = "76" Y = "154" T = "0" Pressure = "0" />
		<Point X = "77" Y = "154" T = "0" Pressure = "0" />
		<Point X = "78" Y = "154" T = "0" Pressure = "0" />
		<Point X = "79" Y = "154" T = "0" Pressure = "0" />
		<Point X = "80" Y = "154" T = "0" Pressure = "0" />
		<Point X = "81" Y = "154" T = "0" Pressure = "0" />
		<Point X = "82" Y = "154" T = "0" Pressure = "0" />
		<Point X = "84" Y = "154" T = "0" Pressure = "0" />
		<Point X = "85" Y = "154" T = "0" Pressure = "0" />
		<Point X = "86" Y = "154" T = "0" Pressure = "0" />
		<Point X = "88" Y = "153" T = "0" Pressure = "0" />
		<Point X = "88" Y = "152" T = "0" Pressure = "0" />
		<Point X = "91" Y = "151" T = "0" Pressure = "0" />
		<Point X = "92" Y = "149" T = "0" Pressure = "0" />
		<Point X = "93" Y = "149" T = "0" Pressure = "0" />
		<Point X = "93" Y = "148" T = "0" Pressure = "0" />
		<Point X = "94" Y = "146" T = "0" Pressure = "0" />
		<Point X = "94" Y = "145" T = "0" Pressure = "0" />
		<Point X = "95" Y = "143" T = "0" Pressure = "0" />
		<Point X = "95" Y = "141" T = "0" Pressure = "0" />
		<Point X = "95" Y = "140" T = "0" Pressure = "0" />
		<Point X = "95" Y = "139" T = "0" Pressure = "0" />
		<Point X = "95" Y = "138" T = "0" Pressure = "0" />
		<Point X = "95" Y = "137" T = "0" Pressure = "0" />
		<Point X = "95" Y = "135" T = "0" Pressure = "0" />
		<Point X = "95" Y = "133" T = "0" Pressure = "0" />
		<Point X = "95" Y = "132" T = "0" Pressure = "0" />
		<Point X = "94" Y = "131" T = "0" Pressure = "0" />
		<Point X = "92" Y = "129" T = "0" Pressure = "0" />
		<Point X = "91" Y = "128" T = "0" Pressure = "0" />
		<Point X = "91" Y = "127" T = "0" Pressure = "0" />
		<Point X = "90" Y = "126" T = "0" Pressure = "0" />
		<Point X = "89" Y = "125" T = "0" Pressure = "0" />
		<Point X = "88" Y = "125" T = "0" Pressure = "0" />
		<Point X = "87" Y = "125" T = "0" Pressure = "0" />
		<Point X = "85" Y = "125" T = "0" Pressure = "0" />
		<Point X = "83" Y = "125" T = "0" Pressure = "0" />
		<Point X = "81" Y = "125" T = "0" Pressure = "0" />
		<Point X = "79" Y = "125" T = "0" Pressure = "0" />
		<Point X = "78" Y = "125" T = "0" Pressure = "0" />
		<Point X = "75" Y = "125" T = "0" Pressure = "0" />
		<Point X = "73" Y = "125" T = "0" Pressure = "0" />
		<Point X = "71" Y = "125" T = "0" Pressure = "0" />
		<Point X = "69" Y = "124" T = "0" Pressure = "0" />
		<Point X = "68" Y = "124" T = "0" Pressure = "0" />
		<Point X = "66" Y = "124" T = "0" Pressure = "0" />
		<Point X = "65" Y = "124" T = "0" Pressure = "0" />
		<Point X = "64" Y = "124" T = "0" Pressure = "0" />
		<Point X = "62" Y = "124" T = "0" Pressure = "0" />
		<Point X = "61" Y = "124" T = "0" Pressure = "0" />
		<Point X = "59" Y = "124" T = "0" Pressure = "0" />
		<Point X = "58" Y = "124" T = "0" Pressure = "0" />
		<Point X = "57" Y = "124" T = "0" Pressure = "0" />
		<Point X = "55" Y = "124" T = "0" Pressure = "0" />
		<Point X = "54" Y = "124" T = "0" Pressure = "0" />
		<Point X = "53" Y = "124" T = "0" Pressure = "0" />
		<Point X = "52" Y = "124" T = "0" Pressure = "0" />
		<Point X = "51" Y = "124" T = "0" Pressure = "0" />
		<Point X = "49" Y = "124" T = "0" Pressure = "0" />
		<Point X = "49" Y = "125" T = "0" Pressure = "0" />
		<Point X = "48" Y = "125" T = "0" Pressure = "0" />
		<Point X = "47" Y = "125" T = "0" Pressure = "0" />
		<Point X = "46" Y = "126" T = "0" Pressure = "0" />
		<Point X = "45" Y = "126" T = "0" Pressure = "0" />
	</Stroke>
</Gesture>
