<?xml version="1.0" encoding="utf-8" standalone="yes"?>
<Gesture Name = "b">
	<Stroke>
		<Point X = "135" Y = "79" T = "0" Pressure = "0" />
		<Point X = "135" Y = "82" T = "0" Pressure = "0" />
		<Point X = "135" Y = "86" T = "0" Pressure = "0" />
		<Point X = "135" Y = "92" T = "0" Pressure = "0" />
		<Point X = "134" Y = "98" T = "0" Pressure = "0" />
		<Point X = "134" Y = "106" T = "0" Pressure = "0" />
		<Point X = "134" Y = "111" T = "0" Pressure = "0" />
		<Point X = "134" Y = "118" T = "0" Pressure = "0" />
		<Point X = "133" Y = "124" T = "0" Pressure = "0" />
		<Point X = "131" Y = "130" T = "0" Pressure = "0" />
		<Point X = "130" Y = "134" T = "0" Pressure = "0" />
		<Point X = "130" Y = "139" T = "0" Pressure = "0" />
		<Point X = "129" Y = "142" T = "0" Pressure = "0" />
		<Point X = "128" Y = "146" T = "0" Pressure = "0" />
		<Point X = "127" Y = "148" T = "0" Pressure = "0" />
		<Point X = "126" Y = "153" T = "0" Pressure = "0" />
		<Point X = "125" Y = "156" T = "0" Pressure = "0" />
		<Point X = "125" Y = "159" T = "0" Pressure = "0" />
		<Point X = "125" Y = "162" T = "0" Pressure = "0" />
		<Point X = "124" Y = "164" T = "0" Pressure = "0" />
		<Point X = "124" Y = "167" T = "0" Pressure = "0" />
		<Point X = "124" Y = "170" T = "0" Pressure = "0" />
		<Point X = "123" Y = "174" T = "0" Pressure = "0" />
		<Point X = "123" Y = "175" T = "0" Pressure = "0" />
		<Point X = "122" Y = "177" T = "0" Pressure = "0" />
		<Point X = "122" Y = "178" T = "0" Pressure = "0" />
		<Point X = "122" Y = "181" T = "0" Pressure = "0" />
		<Point X = "121" Y = "182" T = "0" Pressure = "0" />
		<Point X = "121" Y = "185" T = "0" Pressure = "0" />
		<Point X = "121" Y = "188" T = "0" Pressure = "0" />
		<Point X = "121" Y = "190" T = "0" Pressure = "0" />
		<Point X = "121" Y = "194" T = "0" Pressure = "0" />
		<Point X = "121" Y = "199" T = "0" Pressure = "0" />
		<Point X = "121" Y = "203" T = "0" Pressure = "0" />
		<Point X = "121" Y = "207" T = "0" Pressure = "0" />
		<Point X = "121" Y = "209" T = "0" Pressure = "0" />
		<Point X = "121" Y = "212" T = "0" Pressure = "0" />
		<Point X = "121" Y = "215" T = "0" Pressure = "0" />
		<Point X = "121" Y = "218" T = "0" Pressure = "0" />
		<Point X = "121" Y = "220" T = "0" Pressure = "0" />
		<Point X = "121" Y = "221" T = "0" Pressure = "0" />
		<Point X = "123" Y = "226" T = "0" Pressure = "0" />
		<Point X = "124" Y = "229" T = "0" Pressure = "0" />
		<Point X = "126" Y = "232" T = "0" Pressure = "0" />
		<Point X = "128" Y = "237" T = "0" Pressure = "0" />
		<Point X = "129" Y = "240" T = "0" Pressure = "0" />
		<Point X = "131" Y = "244" T = "0" Pressure = "0" />
		<Point X = "132" Y = "246" T = "0" Pressure = "0" />
		<Point X = "133" Y = "249" T = "0" Pressure = "0" />
		<Point X = "134" Y = "250" T = "0" Pressure = "0" />
		<Point X = "135" Y = "253" T = "0" Pressure = "0" />
		<Point X = "137" Y = "255" T = "0" Pressure = "0" />
		<Point X = "137" Y = "256" T = "0" Pressure = "0" />
		<Point X = "138" Y = "257" T = "0" Pressure = "0" />
		<Point X = "139" Y = "258" T = "0" Pressure = "0" />
		<Point X = "140" Y = "261" T = "0" Pressure = "0" />
		<Point X = "141" Y = "263" T = "0" Pressure = "0" />
		<Point X = "142" Y = "265" T = "0" Pressure = "0" />
		<Point X = "144" Y = "267" T = "0" Pressure = "0" />
		<Point X = "144" Y = "268" T = "0" Pressure = "0" />
		<Point X = "146" Y = "270" T = "0" Pressure = "0" />
		<Point X = "147" Y = "271" T = "0" Pressure = "0" />
		<Point X = "150" Y = "274" T = "0" Pressure = "0" />
		<Point X = "151" Y = "275" T = "0" Pressure = "0" />
		<Point X = "153" Y = "277" T = "0" Pressure = "0" />
		<Point X = "154" Y = "277" T = "0" Pressure = "0" />
		<Point X = "156" Y = "278" T = "0" Pressure = "0" />
		<Point X = "157" Y = "279" T = "0" Pressure = "0" />
		<Point X = "159" Y = "279" T = "0" Pressure = "0" />
		<Point X = "161" Y = "279" T = "0" Pressure = "0" />
		<Point X = "163" Y = "279" T = "0" Pressure = "0" />
		<Point X = "164" Y = "279" T = "0" Pressure = "0" />
		<Point X = "166" Y = "280" T = "0" Pressure = "0" />
		<Point X = "167" Y = "280" T = "0" Pressure = "0" />
		<Point X = "169" Y = "280" T = "0" Pressure = "0" />
		<Point X = "170" Y = "280" T = "0" Pressure = "0" />
		<Point X = "172" Y = "280" T = "0" Pressure = "0" />
		<Point X = "174" Y = "280" T = "0" Pressure = "0" />
		<Point X = "176" Y = "280" T = "0" Pressure = "0" />
		<Point X = "177" Y = "280" T = "0" Pressure = "0" />
		<Point X = "178" Y = "280" T = "0" Pressure = "0" />
		<Point X = "179" Y = "280" T = "0" Pressure = "0" />
		<Point X = "180" Y = "280" T = "0" Pressure = "0" />
		<Point X = "183" Y = "279" T = "0" Pressure = "0" />
		<Point X = "184" Y = "279" T = "0" Pressure = "0" />
		<Point X = "188" Y = "278" T = "0" Pressure = "0" />
		<Point X = "191" Y = "278" T = "0" Pressure = "0" />
		<Point X = "193" Y = "278" T = "0" Pressure = "0" />
		<Point X = "195" Y = "277" T = "0" Pressure = "0" />
		<Point X = "197" Y = "275" T = "0" Pressure = "0" />
		<Point X = "198" Y = "275" T = "0" Pressure = "0" />
		<Point X = "200" Y = "275" T = "0" Pressure = "0" />
		<Point X = "202" Y = "274" T = "0" Pressure = "0" />
		<Point X = "204" Y = "273" T = "0" Pressure = "0" />
		<Point X = "207" Y = "272" T = "0" Pressure = "0" />
		<Point X = "207" Y = "271" T = "0" Pressure = "0" />
		<Point X = "208" Y = "271" T = "0" Pressure = "0" />
		<Point X = "210" Y = "271" T = "0" Pressure = "0" />
		<Point X = "210" Y = "270" T = "0" Pressure = "0" />
		<Point X = "212" Y = "269" T = "0" Pressure = "0" />
		<Point X = "213" Y = "267" T = "0" Pressure = "0" />
		<Point X = "213" Y = "265" T = "0" Pressure = "0" />
		<Point X = "213" Y = "264" T = "0" Pressure = "0" />
		<Point X = "215" Y = "262" T = "0" Pressure = "0" />
		<Point X = "215" Y = "260" T = "0" Pressure = "0" />
		<Point X = "215" Y = "258" T = "0" Pressure = "0" />
		<Point X = "216" Y = "257" T = "0" Pressure = "0" />
		<Point X = "216" Y = "255" T = "0" Pressure = "0" />
		<Point X = "216" Y = "251" T = "0" Pressure = "0" />
		<Point X = "216" Y = "250" T = "0" Pressure = "0" />
		<Point X = "216" Y = "248" T = "0" Pressure = "0" />
		<Point X = "216" Y = "246" T = "0" Pressure = "0" />
		<Point X = "216" Y = "244" T = "0" Pressure = "0" />
		<Point X = "216" Y = "241" T = "0" Pressure = "0" />
		<Point X = "216" Y = "239" T = "0" Pressure = "0" />
		<Point X = "216" Y = "237" T = "0" Pressure = "0" />
		<Point X = "216" Y = "236" T = "0" Pressure = "0" />
		<Point X = "216" Y = "235" T = "0" Pressure = "0" />
		<Point X = "216" Y = "234" T = "0" Pressure = "0" />
		<Point X = "215" Y = "232" T = "0" Pressure = "0" />
		<Point X = "214" Y = "230" T = "0" Pressure = "0" />
		<Point X = "211" Y = "228" T = "0" Pressure = "0" />
		<Point X = "211" Y = "227" T = "0" Pressure = "0" />
		<Point X = "209" Y = "225" T = "0" Pressure = "0" />
		<Point X = "207" Y = "222" T = "0" Pressure = "0" />
		<Point X = "205" Y = "220" T = "0" Pressure = "0" />
		<Point X = "202" Y = "218" T = "0" Pressure = "0" />
		<Point X = "200" Y = "217" T = "0" Pressure = "0" />
		<Point X = "196" Y = "215" T = "0" Pressure = "0" />
		<Point X = "193" Y = "214" T = "0" Pressure = "0" />
		<Point X = "192" Y = "213" T = "0" Pressure = "0" />
		<Point X = "189" Y = "212" T = "0" Pressure = "0" />
		<Point X = "188" Y = "212" T = "0" Pressure = "0" />
		<Point X = "186" Y = "212" T = "0" Pressure = "0" />
		<Point X = "184" Y = "212" T = "0" Pressure = "0" />
		<Point X = "181" Y = "210" T = "0" Pressure = "0" />
		<Point X = "179" Y = "210" T = "0" Pressure = "0" />
		<Point X = "177" Y = "209" T = "0" Pressure = "0" />
		<Point X = "174" Y = "209" T = "0" Pressure = "0" />
		<Point X = "173" Y = "209" T = "0" Pressure = "0" />
		<Point X = "171" Y = "209" T = "0" Pressure = "0" />
		<Point X = "169" Y = "209" T = "0" Pressure = "0" />
		<Point X = "168" Y = "208" T = "0" Pressure = "0" />
		<Point X = "167" Y = "208" T = "0" Pressure = "0" />
		<Point X = "166" Y = "208" T = "0" Pressure = "0" />
		<Point X = "164" Y = "208" T = "0" Pressure = "0" />
		<Point X = "162" Y = "206" T = "0" Pressure = "0" />
		<Point X = "160" Y = "206" T = "0" Pressure = "0" />
		<Point X = "159" Y = "206" T = "0" Pressure = "0" />
		<Point X = "157" Y = "206" T = "0" Pressure = "0" />
		<Point X = "154" Y = "206" T = "0" Pressure = "0" />
		<Point X = "152" Y = "206" T = "0" Pressure = "0" />
		<Point X = "149" Y = "206" T = "0" Pressure = "0" />
		<Point X = "146" Y = "206" T = "0" Pressure = "0" />
		<Point X = "145" Y = "206" T = "0" Pressure = "0" />
		<Point X = "143" Y = "206" T = "0" Pressure = "0" />
		<Point X = "142" Y = "206" T = "0" Pressure = "0" />
		<Point X = "141" Y = "206" T = "0" Pressure = "0" />
		<Point X = "140" Y = "206" T = "0" Pressure = "0" />
		<Point X = "139" Y = "206" T = "0" Pressure = "0" />
		<Point X = "138" Y = "206" T = "0" Pressure = "0" />
		<Point X = "137" Y = "206" T = "0" Pressure = "0" />
		<Point X = "136" Y = "206" T = "0" Pressure = "0" />
		<Point X = "135" Y = "206" T = "0" Pressure = "0" />
		<Point X = "134" Y = "206" T = "0" Pressure = "0" />
		<Point X = "133" Y = "206" T = "0" Pressure = "0" />
		<Point X = "131" Y = "206" T = "0" Pressure = "0" />
		<Point X = "130" Y = "206" T = "0" Pressure = "0" />
		<Point X = "129" Y = "206" T = "0" Pressure = "0" />
		<Point X = "128" Y = "206" T = "0" Pressure = "0" />
		<Point X = "127" Y = "207" T = "0" Pressure = "0" />
		<Point X = "126" Y = "207" T = "0" Pressure = "0" />
		<Point X = "125" Y = "207" T = "0" Pressure = "0" />
		<Point X = "124" Y = "207" T = "0" Pressure = "0" />
		<Point X = "123" Y = "207" T = "0" Pressure = "0" />
		<Point X = "122" Y = "208" T = "0" Pressure = "0" />
	</Stroke>
</Gesture>
