<?xml version="1.0" encoding="utf-8" standalone="yes"?>
<Gesture Name = "b">
	<Stroke>
		<Point X = "35" Y = "41" T = "0" Pressure = "0" />
		<Point X = "35" Y = "43" T = "0" Pressure = "0" />
		<Point X = "35" Y = "47" T = "0" Pressure = "0" />
		<Point X = "36" Y = "54" T = "0" Pressure = "0" />
		<Point X = "37" Y = "61" T = "0" Pressure = "0" />
		<Point X = "39" Y = "64" T = "0" Pressure = "0" />
		<Point X = "41" Y = "70" T = "0" Pressure = "0" />
		<Point X = "41" Y = "76" T = "0" Pressure = "0" />
		<Point X = "42" Y = "82" T = "0" Pressure = "0" />
		<Point X = "42" Y = "87" T = "0" Pressure = "0" />
		<Point X = "42" Y = "94" T = "0" Pressure = "0" />
		<Point X = "42" Y = "98" T = "0" Pressure = "0" />
		<Point X = "42" Y = "103" T = "0" Pressure = "0" />
		<Point X = "42" Y = "107" T = "0" Pressure = "0" />
		<Point X = "42" Y = "111" T = "0" Pressure = "0" />
		<Point X = "42" Y = "115" T = "0" Pressure = "0" />
		<Point X = "42" Y = "121" T = "0" Pressure = "0" />
		<Point X = "43" Y = "128" T = "0" Pressure = "0" />
		<Point X = "44" Y = "134" T = "0" Pressure = "0" />
		<Point X = "45" Y = "139" T = "0" Pressure = "0" />
		<Point X = "45" Y = "142" T = "0" Pressure = "0" />
		<Point X = "45" Y = "147" T = "0" Pressure = "0" />
		<Point X = "45" Y = "150" T = "0" Pressure = "0" />
		<Point X = "45" Y = "152" T = "0" Pressure = "0" />
		<Point X = "45" Y = "155" T = "0" Pressure = "0" />
		<Point X = "45" Y = "156" T = "0" Pressure = "0" />
		<Point X = "45" Y = "159" T = "0" Pressure = "0" />
		<Point X = "45" Y = "161" T = "0" Pressure = "0" />
		<Point X = "45" Y = "166" T = "0" Pressure = "0" />
		<Point X = "45" Y = "168" T = "0" Pressure = "0" />
		<Point X = "45" Y = "170" T = "0" Pressure = "0" />
		<Point X = "45" Y = "172" T = "0" Pressure = "0" />
		<Point X = "45" Y = "174" T = "0" Pressure = "0" />
		<Point X = "45" Y = "177" T = "0" Pressure = "0" />
		<Point X = "45" Y = "179" T = "0" Pressure = "0" />
		<Point X = "45" Y = "181" T = "0" Pressure = "0" />
		<Point X = "45" Y = "182" T = "0" Pressure = "0" />
		<Point X = "45" Y = "184" T = "0" Pressure = "0" />
		<Point X = "45" Y = "186" T = "0" Pressure = "0" />
		<Point X = "45" Y = "188" T = "0" Pressure = "0" />
		<Point X = "46" Y = "191" T = "0" Pressure = "0" />
		<Point X = "49" Y = "193" T = "0" Pressure = "0" />
		<Point X = "50" Y = "197" T = "0" Pressure = "0" />
		<Point X = "53" Y = "200" T = "0" Pressure = "0" />
		<Point X = "54" Y = "203" T = "0" Pressure = "0" />
		<Point X = "56" Y = "204" T = "0" Pressure = "0" />
		<Point X = "57" Y = "205" T = "0" Pressure = "0" />
		<Point X = "59" Y = "205" T = "0" Pressure = "0" />
		<Point X = "60" Y = "205" T = "0" Pressure = "0" />
		<Point X = "61" Y = "205" T = "0" Pressure = "0" />
		<Point X = "62" Y = "205" T = "0" Pressure = "0" />
		<Point X = "64" Y = "205" T = "0" Pressure = "0" />
		<Point X = "65" Y = "205" T = "0" Pressure = "0" />
		<Point X = "66" Y = "205" T = "0" Pressure = "0" />
		<Point X = "68" Y = "205" T = "0" Pressure = "0" />
		<Point X = "69" Y = "205" T = "0" Pressure = "0" />
		<Point X = "70" Y = "204" T = "0" Pressure = "0" />
		<Point X = "72" Y = "204" T = "0" Pressure = "0" />
		<Point X = "73" Y = "204" T = "0" Pressure = "0" />
		<Point X = "74" Y = "203" T = "0" Pressure = "0" />
		<Point X = "76" Y = "202" T = "0" Pressure = "0" />
		<Point X = "78" Y = "200" T = "0" Pressure = "0" />
		<Point X = "79" Y = "199" T = "0" Pressure = "0" />
		<Point X = "81" Y = "198" T = "0" Pressure = "0" />
		<Point X = "83" Y = "196" T = "0" Pressure = "0" />
		<Point X = "85" Y = "195" T = "0" Pressure = "0" />
		<Point X = "87" Y = "193" T = "0" Pressure = "0" />
		<Point X = "89" Y = "190" T = "0" Pressure = "0" />
		<Point X = "91" Y = "189" T = "0" Pressure = "0" />
		<Point X = "93" Y = "186" T = "0" Pressure = "0" />
		<Point X = "96" Y = "183" T = "0" Pressure = "0" />
		<Point X = "98" Y = "179" T = "0" Pressure = "0" />
		<Point X = "101" Y = "176" T = "0" Pressure = "0" />
		<Point X = "102" Y = "173" T = "0" Pressure = "0" />
		<Point X = "103" Y = "171" T = "0" Pressure = "0" />
		<Point X = "104" Y = "169" T = "0" Pressure = "0" />
		<Point X = "104" Y = "168" T = "0" Pressure = "0" />
		<Point X = "105" Y = "167" T = "0" Pressure = "0" />
		<Point X = "105" Y = "166" T = "0" Pressure = "0" />
		<Point X = "105" Y = "165" T = "0" Pressure = "0" />
		<Point X = "106" Y = "163" T = "0" Pressure = "0" />
		<Point X = "107" Y = "162" T = "0" Pressure = "0" />
		<Point X = "107" Y = "160" T = "0" Pressure = "0" />
		<Point X = "107" Y = "159" T = "0" Pressure = "0" />
		<Point X = "107" Y = "156" T = "0" Pressure = "0" />
		<Point X = "107" Y = "153" T = "0" Pressure = "0" />
		<Point X = "107" Y = "151" T = "0" Pressure = "0" />
		<Point X = "106" Y = "149" T = "0" Pressure = "0" />
		<Point X = "104" Y = "147" T = "0" Pressure = "0" />
		<Point X = "103" Y = "145" T = "0" Pressure = "0" />
		<Point X = "101" Y = "143" T = "0" Pressure = "0" />
		<Point X = "100" Y = "143" T = "0" Pressure = "0" />
		<Point X = "99" Y = "142" T = "0" Pressure = "0" />
		<Point X = "97" Y = "141" T = "0" Pressure = "0" />
		<Point X = "93" Y = "141" T = "0" Pressure = "0" />
		<Point X = "89" Y = "140" T = "0" Pressure = "0" />
		<Point X = "85" Y = "140" T = "0" Pressure = "0" />
		<Point X = "81" Y = "138" T = "0" Pressure = "0" />
		<Point X = "79" Y = "138" T = "0" Pressure = "0" />
		<Point X = "77" Y = "137" T = "0" Pressure = "0" />
		<Point X = "76" Y = "137" T = "0" Pressure = "0" />
		<Point X = "75" Y = "137" T = "0" Pressure = "0" />
		<Point X = "74" Y = "137" T = "0" Pressure = "0" />
		<Point X = "73" Y = "137" T = "0" Pressure = "0" />
		<Point X = "71" Y = "137" T = "0" Pressure = "0" />
		<Point X = "70" Y = "137" T = "0" Pressure = "0" />
		<Point X = "69" Y = "137" T = "0" Pressure = "0" />
		<Point X = "68" Y = "137" T = "0" Pressure = "0" />
		<Point X = "67" Y = "137" T = "0" Pressure = "0" />
		<Point X = "66" Y = "137" T = "0" Pressure = "0" />
		<Point X = "65" Y = "137" T = "0" Pressure = "0" />
		<Point X = "63" Y = "138" T = "0" Pressure = "0" />
		<Point X = "62" Y = "138" T = "0" Pressure = "0" />
		<Point X = "61" Y = "138" T = "0" Pressure = "0" />
		<Point X = "60" Y = "138" T = "0" Pressure = "0" />
		<Point X = "59" Y = "138" T = "0" Pressure = "0" />
		<Point X = "58" Y = "139" T = "0" Pressure = "0" />
		<Point X = "57" Y = "139" T = "0" Pressure = "0" />
		<Point X = "56" Y = "139" T = "0" Pressure = "0" />
		<Point X = "55" Y = "139" T = "0" Pressure = "0" />
		<Point X = "55" Y = "140" T = "0" Pressure = "0" />
		<Point X = "54" Y = "141" T = "0" Pressure = "0" />
		<Point X = "53" Y = "141" T = "0" Pressure = "0" />
		<Point X = "52" Y = "141" T = "0" Pressure = "0" />
		<Point X = "50" Y = "142" T = "0" Pressure = "0" />
		<Point X = "49" Y = "142" T = "0" Pressure = "0" />
		<Point X = "48" Y = "143" T = "0" Pressure = "0" />
		<Point X = "46" Y = "143" T = "0" Pressure = "0" />
		<Point X = "45" Y = "144" T = "0" Pressure = "0" />
		<Point X = "43" Y = "145" T = "0" Pressure = "0" />
		<Point X = "42" Y = "146" T = "0" Pressure = "0" />
		<Point X = "42" Y = "147" T = "0" Pressure = "0" />
		<Point X = "42" Y = "148" T = "0" Pressure = "0" />
	</Stroke>
</Gesture>
