<?xml version="1.0" encoding="utf-8" standalone="yes"?>
<Gesture Name = "b">
	<Stroke>
		<Point X = "74" Y = "86" T = "0" Pressure = "0" />
		<Point X = "74" Y = "90" T = "0" Pressure = "0" />
		<Point X = "74" Y = "99" T = "0" Pressure = "0" />
		<Point X = "74" Y = "104" T = "0" Pressure = "0" />
		<Point X = "74" Y = "111" T = "0" Pressure = "0" />
		<Point X = "74" Y = "118" T = "0" Pressure = "0" />
		<Point X = "74" Y = "123" T = "0" Pressure = "0" />
		<Point X = "74" Y = "129" T = "0" Pressure = "0" />
		<Point X = "74" Y = "136" T = "0" Pressure = "0" />
		<Point X = "74" Y = "143" T = "0" Pressure = "0" />
		<Point X = "74" Y = "148" T = "0" Pressure = "0" />
		<Point X = "74" Y = "157" T = "0" Pressure = "0" />
		<Point X = "74" Y = "162" T = "0" Pressure = "0" />
		<Point X = "74" Y = "166" T = "0" Pressure = "0" />
		<Point X = "74" Y = "172" T = "0" Pressure = "0" />
		<Point X = "74" Y = "176" T = "0" Pressure = "0" />
		<Point X = "74" Y = "180" T = "0" Pressure = "0" />
		<Point X = "74" Y = "185" T = "0" Pressure = "0" />
		<Point X = "74" Y = "189" T = "0" Pressure = "0" />
		<Point X = "74" Y = "192" T = "0" Pressure = "0" />
		<Point X = "74" Y = "195" T = "0" Pressure = "0" />
		<Point X = "75" Y = "199" T = "0" Pressure = "0" />
		<Point X = "75" Y = "201" T = "0" Pressure = "0" />
		<Point X = "75" Y = "204" T = "0" Pressure = "0" />
		<Point X = "75" Y = "207" T = "0" Pressure = "0" />
		<Point X = "77" Y = "211" T = "0" Pressure = "0" />
		<Point X = "79" Y = "214" T = "0" Pressure = "0" />
		<Point X = "79" Y = "216" T = "0" Pressure = "0" />
		<Point X = "80" Y = "217" T = "0" Pressure = "0" />
		<Point X = "81" Y = "218" T = "0" Pressure = "0" />
		<Point X = "83" Y = "221" T = "0" Pressure = "0" />
		<Point X = "85" Y = "223" T = "0" Pressure = "0" />
		<Point X = "85" Y = "224" T = "0" Pressure = "0" />
		<Point X = "88" Y = "227" T = "0" Pressure = "0" />
		<Point X = "89" Y = "227" T = "0" Pressure = "0" />
		<Point X = "90" Y = "228" T = "0" Pressure = "0" />
		<Point X = "91" Y = "228" T = "0" Pressure = "0" />
		<Point X = "95" Y = "229" T = "0" Pressure = "0" />
		<Point X = "97" Y = "230" T = "0" Pressure = "0" />
		<Point X = "100" Y = "231" T = "0" Pressure = "0" />
		<Point X = "106" Y = "232" T = "0" Pressure = "0" />
		<Point X = "110" Y = "234" T = "0" Pressure = "0" />
		<Point X = "114" Y = "235" T = "0" Pressure = "0" />
		<Point X = "117" Y = "235" T = "0" Pressure = "0" />
		<Point X = "118" Y = "235" T = "0" Pressure = "0" />
		<Point X = "120" Y = "235" T = "0" Pressure = "0" />
		<Point X = "121" Y = "235" T = "0" Pressure = "0" />
		<Point X = "123" Y = "235" T = "0" Pressure = "0" />
		<Point X = "124" Y = "235" T = "0" Pressure = "0" />
		<Point X = "125" Y = "235" T = "0" Pressure = "0" />
		<Point X = "127" Y = "234" T = "0" Pressure = "0" />
		<Point X = "129" Y = "233" T = "0" Pressure = "0" />
		<Point X = "132" Y = "230" T = "0" Pressure = "0" />
		<Point X = "136" Y = "226" T = "0" Pressure = "0" />
		<Point X = "138" Y = "224" T = "0" Pressure = "0" />
		<Point X = "140" Y = "221" T = "0" Pressure = "0" />
		<Point X = "143" Y = "216" T = "0" Pressure = "0" />
		<Point X = "145" Y = "214" T = "0" Pressure = "0" />
		<Point X = "147" Y = "211" T = "0" Pressure = "0" />
		<Point X = "148" Y = "209" T = "0" Pressure = "0" />
		<Point X = "149" Y = "207" T = "0" Pressure = "0" />
		<Point X = "149" Y = "205" T = "0" Pressure = "0" />
		<Point X = "149" Y = "204" T = "0" Pressure = "0" />
		<Point X = "149" Y = "203" T = "0" Pressure = "0" />
		<Point X = "149" Y = "202" T = "0" Pressure = "0" />
		<Point X = "149" Y = "199" T = "0" Pressure = "0" />
		<Point X = "149" Y = "195" T = "0" Pressure = "0" />
		<Point X = "148" Y = "193" T = "0" Pressure = "0" />
		<Point X = "146" Y = "190" T = "0" Pressure = "0" />
		<Point X = "144" Y = "186" T = "0" Pressure = "0" />
		<Point X = "142" Y = "183" T = "0" Pressure = "0" />
		<Point X = "139" Y = "178" T = "0" Pressure = "0" />
		<Point X = "138" Y = "176" T = "0" Pressure = "0" />
		<Point X = "136" Y = "174" T = "0" Pressure = "0" />
		<Point X = "134" Y = "174" T = "0" Pressure = "0" />
		<Point X = "132" Y = "174" T = "0" Pressure = "0" />
		<Point X = "129" Y = "174" T = "0" Pressure = "0" />
		<Point X = "128" Y = "174" T = "0" Pressure = "0" />
		<Point X = "126" Y = "174" T = "0" Pressure = "0" />
		<Point X = "124" Y = "174" T = "0" Pressure = "0" />
		<Point X = "122" Y = "174" T = "0" Pressure = "0" />
		<Point X = "119" Y = "174" T = "0" Pressure = "0" />
		<Point X = "115" Y = "174" T = "0" Pressure = "0" />
		<Point X = "114" Y = "174" T = "0" Pressure = "0" />
		<Point X = "110" Y = "174" T = "0" Pressure = "0" />
		<Point X = "108" Y = "174" T = "0" Pressure = "0" />
		<Point X = "106" Y = "174" T = "0" Pressure = "0" />
		<Point X = "104" Y = "174" T = "0" Pressure = "0" />
		<Point X = "103" Y = "174" T = "0" Pressure = "0" />
		<Point X = "101" Y = "174" T = "0" Pressure = "0" />
		<Point X = "100" Y = "174" T = "0" Pressure = "0" />
		<Point X = "98" Y = "174" T = "0" Pressure = "0" />
		<Point X = "96" Y = "174" T = "0" Pressure = "0" />
		<Point X = "94" Y = "174" T = "0" Pressure = "0" />
		<Point X = "93" Y = "174" T = "0" Pressure = "0" />
		<Point X = "90" Y = "174" T = "0" Pressure = "0" />
		<Point X = "88" Y = "174" T = "0" Pressure = "0" />
		<Point X = "85" Y = "174" T = "0" Pressure = "0" />
		<Point X = "83" Y = "174" T = "0" Pressure = "0" />
		<Point X = "82" Y = "174" T = "0" Pressure = "0" />
		<Point X = "80" Y = "174" T = "0" Pressure = "0" />
		<Point X = "79" Y = "174" T = "0" Pressure = "0" />
		<Point X = "78" Y = "174" T = "0" Pressure = "0" />
		<Point X = "77" Y = "174" T = "0" Pressure = "0" />
		<Point X = "75" Y = "175" T = "0" Pressure = "0" />
		<Point X = "73" Y = "175" T = "0" Pressure = "0" />
		<Point X = "72" Y = "176" T = "0" Pressure = "0" />
		<Point X = "71" Y = "176" T = "0" Pressure = "0" />
		<Point X = "70" Y = "177" T = "0" Pressure = "0" />
		<Point X = "69" Y = "178" T = "0" Pressure = "0" />
		<Point X = "69" Y = "180" T = "0" Pressure = "0" />
		<Point X = "69" Y = "181" T = "0" Pressure = "0" />
	</Stroke>
</Gesture>
