<?xml version="1.0" encoding="utf-8" standalone="yes"?>
<Gesture Name = "b">
	<Stroke>
		<Point X = "252" Y = "73" T = "0" Pressure = "0" />
		<Point X = "253" Y = "73" T = "0" Pressure = "0" />
		<Point X = "254" Y = "73" T = "0" Pressure = "0" />
		<Point X = "254" Y = "76" T = "0" Pressure = "0" />
		<Point X = "252" Y = "82" T = "0" Pressure = "0" />
		<Point X = "249" Y = "90" T = "0" Pressure = "0" />
		<Point X = "247" Y = "99" T = "0" Pressure = "0" />
		<Point X = "243" Y = "109" T = "0" Pressure = "0" />
		<Point X = "241" Y = "119" T = "0" Pressure = "0" />
		<Point X = "239" Y = "127" T = "0" Pressure = "0" />
		<Point X = "238" Y = "135" T = "0" Pressure = "0" />
		<Point X = "237" Y = "144" T = "0" Pressure = "0" />
		<Point X = "237" Y = "149" T = "0" Pressure = "0" />
		<Point X = "236" Y = "152" T = "0" Pressure = "0" />
		<Point X = "236" Y = "155" T = "0" Pressure = "0" />
		<Point X = "234" Y = "158" T = "0" Pressure = "0" />
		<Point X = "234" Y = "160" T = "0" Pressure = "0" />
		<Point X = "234" Y = "162" T = "0" Pressure = "0" />
		<Point X = "233" Y = "165" T = "0" Pressure = "0" />
		<Point X = "232" Y = "169" T = "0" Pressure = "0" />
		<Point X = "231" Y = "171" T = "0" Pressure = "0" />
		<Point X = "231" Y = "173" T = "0" Pressure = "0" />
		<Point X = "230" Y = "178" T = "0" Pressure = "0" />
		<Point X = "229" Y = "182" T = "0" Pressure = "0" />
		<Point X = "228" Y = "186" T = "0" Pressure = "0" />
		<Point X = "226" Y = "195" T = "0" Pressure = "0" />
		<Point X = "225" Y = "202" T = "0" Pressure = "0" />
		<Point X = "225" Y = "209" T = "0" Pressure = "0" />
		<Point X = "224" Y = "217" T = "0" Pressure = "0" />
		<Point X = "224" Y = "224" T = "0" Pressure = "0" />
		<Point X = "224" Y = "231" T = "0" Pressure = "0" />
		<Point X = "224" Y = "237" T = "0" Pressure = "0" />
		<Point X = "224" Y = "243" T = "0" Pressure = "0" />
		<Point X = "224" Y = "249" T = "0" Pressure = "0" />
		<Point X = "225" Y = "255" T = "0" Pressure = "0" />
		<Point X = "225" Y = "258" T = "0" Pressure = "0" />
		<Point X = "226" Y = "260" T = "0" Pressure = "0" />
		<Point X = "227" Y = "263" T = "0" Pressure = "0" />
		<Point X = "229" Y = "266" T = "0" Pressure = "0" />
		<Point X = "230" Y = "268" T = "0" Pressure = "0" />
		<Point X = "232" Y = "271" T = "0" Pressure = "0" />
		<Point X = "233" Y = "274" T = "0" Pressure = "0" />
		<Point X = "235" Y = "275" T = "0" Pressure = "0" />
		<Point X = "237" Y = "277" T = "0" Pressure = "0" />
		<Point X = "240" Y = "279" T = "0" Pressure = "0" />
		<Point X = "242" Y = "280" T = "0" Pressure = "0" />
		<Point X = "243" Y = "280" T = "0" Pressure = "0" />
		<Point X = "245" Y = "281" T = "0" Pressure = "0" />
		<Point X = "248" Y = "282" T = "0" Pressure = "0" />
		<Point X = "249" Y = "283" T = "0" Pressure = "0" />
		<Point X = "252" Y = "284" T = "0" Pressure = "0" />
		<Point X = "255" Y = "284" T = "0" Pressure = "0" />
		<Point X = "258" Y = "286" T = "0" Pressure = "0" />
		<Point X = "259" Y = "286" T = "0" Pressure = "0" />
		<Point X = "260" Y = "286" T = "0" Pressure = "0" />
		<Point X = "263" Y = "287" T = "0" Pressure = "0" />
		<Point X = "264" Y = "287" T = "0" Pressure = "0" />
		<Point X = "266" Y = "287" T = "0" Pressure = "0" />
		<Point X = "268" Y = "287" T = "0" Pressure = "0" />
		<Point X = "270" Y = "287" T = "0" Pressure = "0" />
		<Point X = "272" Y = "287" T = "0" Pressure = "0" />
		<Point X = "275" Y = "286" T = "0" Pressure = "0" />
		<Point X = "277" Y = "284" T = "0" Pressure = "0" />
		<Point X = "279" Y = "282" T = "0" Pressure = "0" />
		<Point X = "281" Y = "281" T = "0" Pressure = "0" />
		<Point X = "282" Y = "280" T = "0" Pressure = "0" />
		<Point X = "284" Y = "278" T = "0" Pressure = "0" />
		<Point X = "287" Y = "277" T = "0" Pressure = "0" />
		<Point X = "290" Y = "275" T = "0" Pressure = "0" />
		<Point X = "291" Y = "274" T = "0" Pressure = "0" />
		<Point X = "293" Y = "272" T = "0" Pressure = "0" />
		<Point X = "294" Y = "269" T = "0" Pressure = "0" />
		<Point X = "297" Y = "264" T = "0" Pressure = "0" />
		<Point X = "299" Y = "261" T = "0" Pressure = "0" />
		<Point X = "299" Y = "259" T = "0" Pressure = "0" />
		<Point X = "301" Y = "256" T = "0" Pressure = "0" />
		<Point X = "301" Y = "255" T = "0" Pressure = "0" />
		<Point X = "301" Y = "254" T = "0" Pressure = "0" />
		<Point X = "302" Y = "251" T = "0" Pressure = "0" />
		<Point X = "302" Y = "249" T = "0" Pressure = "0" />
		<Point X = "302" Y = "248" T = "0" Pressure = "0" />
		<Point X = "302" Y = "246" T = "0" Pressure = "0" />
		<Point X = "302" Y = "243" T = "0" Pressure = "0" />
		<Point X = "302" Y = "241" T = "0" Pressure = "0" />
		<Point X = "302" Y = "240" T = "0" Pressure = "0" />
		<Point X = "301" Y = "238" T = "0" Pressure = "0" />
		<Point X = "299" Y = "236" T = "0" Pressure = "0" />
		<Point X = "298" Y = "235" T = "0" Pressure = "0" />
		<Point X = "296" Y = "234" T = "0" Pressure = "0" />
		<Point X = "296" Y = "233" T = "0" Pressure = "0" />
		<Point X = "294" Y = "232" T = "0" Pressure = "0" />
		<Point X = "292" Y = "230" T = "0" Pressure = "0" />
		<Point X = "290" Y = "229" T = "0" Pressure = "0" />
		<Point X = "287" Y = "227" T = "0" Pressure = "0" />
		<Point X = "285" Y = "225" T = "0" Pressure = "0" />
		<Point X = "282" Y = "223" T = "0" Pressure = "0" />
		<Point X = "280" Y = "222" T = "0" Pressure = "0" />
		<Point X = "279" Y = "221" T = "0" Pressure = "0" />
		<Point X = "277" Y = "218" T = "0" Pressure = "0" />
		<Point X = "275" Y = "217" T = "0" Pressure = "0" />
		<Point X = "273" Y = "216" T = "0" Pressure = "0" />
		<Point X = "270" Y = "214" T = "0" Pressure = "0" />
		<Point X = "269" Y = "213" T = "0" Pressure = "0" />
		<Point X = "266" Y = "212" T = "0" Pressure = "0" />
		<Point X = "264" Y = "212" T = "0" Pressure = "0" />
		<Point X = "263" Y = "211" T = "0" Pressure = "0" />
		<Point X = "260" Y = "210" T = "0" Pressure = "0" />
		<Point X = "257" Y = "210" T = "0" Pressure = "0" />
		<Point X = "255" Y = "209" T = "0" Pressure = "0" />
		<Point X = "253" Y = "209" T = "0" Pressure = "0" />
		<Point X = "252" Y = "209" T = "0" Pressure = "0" />
		<Point X = "250" Y = "209" T = "0" Pressure = "0" />
		<Point X = "249" Y = "209" T = "0" Pressure = "0" />
		<Point X = "248" Y = "209" T = "0" Pressure = "0" />
		<Point X = "247" Y = "209" T = "0" Pressure = "0" />
		<Point X = "246" Y = "209" T = "0" Pressure = "0" />
		<Point X = "245" Y = "209" T = "0" Pressure = "0" />
		<Point X = "244" Y = "209" T = "0" Pressure = "0" />
		<Point X = "243" Y = "210" T = "0" Pressure = "0" />
		<Point X = "242" Y = "211" T = "0" Pressure = "0" />
		<Point X = "241" Y = "211" T = "0" Pressure = "0" />
		<Point X = "240" Y = "211" T = "0" Pressure = "0" />
		<Point X = "238" Y = "212" T = "0" Pressure = "0" />
		<Point X = "236" Y = "213" T = "0" Pressure = "0" />
		<Point X = "235" Y = "213" T = "0" Pressure = "0" />
		<Point X = "234" Y = "214" T = "0" Pressure = "0" />
		<Point X = "234" Y = "215" T = "0" Pressure = "0" />
		<Point X = "233" Y = "215" T = "0" Pressure = "0" />
		<Point X = "232" Y = "215" T = "0" Pressure = "0" />
		<Point X = "230" Y = "215" T = "0" Pressure = "0" />
		<Point X = "229" Y = "217" T = "0" Pressure = "0" />
		<Point X = "228" Y = "217" T = "0" Pressure = "0" />
		<Point X = "227" Y = "217" T = "0" Pressure = "0" />
		<Point X = "227" Y = "218" T = "0" Pressure = "0" />
		<Point X = "226" Y = "218" T = "0" Pressure = "0" />
		<Point X = "225" Y = "219" T = "0" Pressure = "0" />
		<Point X = "224" Y = "220" T = "0" Pressure = "0" />
		<Point X = "224" Y = "221" T = "0" Pressure = "0" />
		<Point X = "224" Y = "222" T = "0" Pressure = "0" />
		<Point X = "224" Y = "223" T = "0" Pressure = "0" />
	</Stroke>
</Gesture>
