<?xml version="1.0" encoding="utf-8" standalone="yes"?>
<Gesture Name = "b">
	<Stroke>
		<Point X = "44" Y = "104" T = "0" Pressure = "0" />
		<Point X = "44" Y = "105" T = "0" Pressure = "0" />
		<Point X = "44" Y = "107" T = "0" Pressure = "0" />
		<Point X = "44" Y = "109" T = "0" Pressure = "0" />
		<Point X = "45" Y = "112" T = "0" Pressure = "0" />
		<Point X = "45" Y = "113" T = "0" Pressure = "0" />
		<Point X = "46" Y = "117" T = "0" Pressure = "0" />
		<Point X = "46" Y = "120" T = "0" Pressure = "0" />
		<Point X = "46" Y = "123" T = "0" Pressure = "0" />
		<Point X = "48" Y = "125" T = "0" Pressure = "0" />
		<Point X = "49" Y = "128" T = "0" Pressure = "0" />
		<Point X = "49" Y = "130" T = "0" Pressure = "0" />
		<Point X = "50" Y = "134" T = "0" Pressure = "0" />
		<Point X = "50" Y = "137" T = "0" Pressure = "0" />
		<Point X = "50" Y = "140" T = "0" Pressure = "0" />
		<Point X = "50" Y = "143" T = "0" Pressure = "0" />
		<Point X = "50" Y = "147" T = "0" Pressure = "0" />
		<Point X = "50" Y = "148" T = "0" Pressure = "0" />
		<Point X = "50" Y = "151" T = "0" Pressure = "0" />
		<Point X = "50" Y = "155" T = "0" Pressure = "0" />
		<Point X = "50" Y = "159" T = "0" Pressure = "0" />
		<Point X = "50" Y = "163" T = "0" Pressure = "0" />
		<Point X = "50" Y = "166" T = "0" Pressure = "0" />
		<Point X = "50" Y = "169" T = "0" Pressure = "0" />
		<Point X = "50" Y = "171" T = "0" Pressure = "0" />
		<Point X = "50" Y = "174" T = "0" Pressure = "0" />
		<Point X = "50" Y = "177" T = "0" Pressure = "0" />
		<Point X = "52" Y = "179" T = "0" Pressure = "0" />
		<Point X = "52" Y = "181" T = "0" Pressure = "0" />
		<Point X = "52" Y = "182" T = "0" Pressure = "0" />
		<Point X = "52" Y = "185" T = "0" Pressure = "0" />
		<Point X = "52" Y = "188" T = "0" Pressure = "0" />
		<Point X = "52" Y = "190" T = "0" Pressure = "0" />
		<Point X = "52" Y = "194" T = "0" Pressure = "0" />
		<Point X = "52" Y = "197" T = "0" Pressure = "0" />
		<Point X = "52" Y = "201" T = "0" Pressure = "0" />
		<Point X = "52" Y = "203" T = "0" Pressure = "0" />
		<Point X = "52" Y = "205" T = "0" Pressure = "0" />
		<Point X = "52" Y = "206" T = "0" Pressure = "0" />
		<Point X = "52" Y = "207" T = "0" Pressure = "0" />
		<Point X = "52" Y = "208" T = "0" Pressure = "0" />
		<Point X = "52" Y = "211" T = "0" Pressure = "0" />
		<Point X = "52" Y = "212" T = "0" Pressure = "0" />
		<Point X = "52" Y = "214" T = "0" Pressure = "0" />
		<Point X = "52" Y = "215" T = "0" Pressure = "0" />
		<Point X = "52" Y = "217" T = "0" Pressure = "0" />
		<Point X = "52" Y = "219" T = "0" Pressure = "0" />
		<Point X = "52" Y = "221" T = "0" Pressure = "0" />
		<Point X = "52" Y = "222" T = "0" Pressure = "0" />
		<Point X = "52" Y = "224" T = "0" Pressure = "0" />
		<Point X = "52" Y = "225" T = "0" Pressure = "0" />
		<Point X = "52" Y = "228" T = "0" Pressure = "0" />
		<Point X = "52" Y = "230" T = "0" Pressure = "0" />
		<Point X = "53" Y = "232" T = "0" Pressure = "0" />
		<Point X = "53" Y = "235" T = "0" Pressure = "0" />
		<Point X = "53" Y = "238" T = "0" Pressure = "0" />
		<Point X = "53" Y = "239" T = "0" Pressure = "0" />
		<Point X = "54" Y = "242" T = "0" Pressure = "0" />
		<Point X = "54" Y = "244" T = "0" Pressure = "0" />
		<Point X = "56" Y = "248" T = "0" Pressure = "0" />
		<Point X = "57" Y = "250" T = "0" Pressure = "0" />
		<Point X = "57" Y = "251" T = "0" Pressure = "0" />
		<Point X = "57" Y = "253" T = "0" Pressure = "0" />
		<Point X = "57" Y = "255" T = "0" Pressure = "0" />
		<Point X = "57" Y = "256" T = "0" Pressure = "0" />
		<Point X = "57" Y = "258" T = "0" Pressure = "0" />
		<Point X = "58" Y = "260" T = "0" Pressure = "0" />
		<Point X = "60" Y = "262" T = "0" Pressure = "0" />
		<Point X = "60" Y = "263" T = "0" Pressure = "0" />
		<Point X = "60" Y = "265" T = "0" Pressure = "0" />
		<Point X = "61" Y = "267" T = "0" Pressure = "0" />
		<Point X = "62" Y = "268" T = "0" Pressure = "0" />
		<Point X = "62" Y = "269" T = "0" Pressure = "0" />
		<Point X = "64" Y = "270" T = "0" Pressure = "0" />
		<Point X = "64" Y = "272" T = "0" Pressure = "0" />
		<Point X = "65" Y = "273" T = "0" Pressure = "0" />
		<Point X = "66" Y = "275" T = "0" Pressure = "0" />
		<Point X = "67" Y = "276" T = "0" Pressure = "0" />
		<Point X = "69" Y = "278" T = "0" Pressure = "0" />
		<Point X = "70" Y = "279" T = "0" Pressure = "0" />
		<Point X = "73" Y = "281" T = "0" Pressure = "0" />
		<Point X = "75" Y = "282" T = "0" Pressure = "0" />
		<Point X = "75" Y = "283" T = "0" Pressure = "0" />
		<Point X = "77" Y = "283" T = "0" Pressure = "0" />
		<Point X = "79" Y = "284" T = "0" Pressure = "0" />
		<Point X = "81" Y = "284" T = "0" Pressure = "0" />
		<Point X = "85" Y = "286" T = "0" Pressure = "0" />
		<Point X = "88" Y = "287" T = "0" Pressure = "0" />
		<Point X = "93" Y = "287" T = "0" Pressure = "0" />
		<Point X = "97" Y = "287" T = "0" Pressure = "0" />
		<Point X = "99" Y = "287" T = "0" Pressure = "0" />
		<Point X = "102" Y = "288" T = "0" Pressure = "0" />
		<Point X = "105" Y = "290" T = "0" Pressure = "0" />
		<Point X = "106" Y = "290" T = "0" Pressure = "0" />
		<Point X = "107" Y = "290" T = "0" Pressure = "0" />
		<Point X = "109" Y = "290" T = "0" Pressure = "0" />
		<Point X = "110" Y = "290" T = "0" Pressure = "0" />
		<Point X = "111" Y = "290" T = "0" Pressure = "0" />
		<Point X = "112" Y = "290" T = "0" Pressure = "0" />
		<Point X = "113" Y = "290" T = "0" Pressure = "0" />
		<Point X = "115" Y = "289" T = "0" Pressure = "0" />
		<Point X = "116" Y = "288" T = "0" Pressure = "0" />
		<Point X = "117" Y = "287" T = "0" Pressure = "0" />
		<Point X = "122" Y = "283" T = "0" Pressure = "0" />
		<Point X = "127" Y = "281" T = "0" Pressure = "0" />
		<Point X = "130" Y = "280" T = "0" Pressure = "0" />
		<Point X = "133" Y = "278" T = "0" Pressure = "0" />
		<Point X = "135" Y = "277" T = "0" Pressure = "0" />
		<Point X = "136" Y = "276" T = "0" Pressure = "0" />
		<Point X = "136" Y = "275" T = "0" Pressure = "0" />
		<Point X = "137" Y = "271" T = "0" Pressure = "0" />
		<Point X = "137" Y = "270" T = "0" Pressure = "0" />
		<Point X = "137" Y = "268" T = "0" Pressure = "0" />
		<Point X = "137" Y = "265" T = "0" Pressure = "0" />
		<Point X = "137" Y = "264" T = "0" Pressure = "0" />
		<Point X = "137" Y = "260" T = "0" Pressure = "0" />
		<Point X = "137" Y = "259" T = "0" Pressure = "0" />
		<Point X = "137" Y = "257" T = "0" Pressure = "0" />
		<Point X = "138" Y = "253" T = "0" Pressure = "0" />
		<Point X = "138" Y = "251" T = "0" Pressure = "0" />
		<Point X = "140" Y = "248" T = "0" Pressure = "0" />
		<Point X = "140" Y = "246" T = "0" Pressure = "0" />
		<Point X = "140" Y = "244" T = "0" Pressure = "0" />
		<Point X = "140" Y = "242" T = "0" Pressure = "0" />
		<Point X = "140" Y = "239" T = "0" Pressure = "0" />
		<Point X = "140" Y = "237" T = "0" Pressure = "0" />
		<Point X = "140" Y = "234" T = "0" Pressure = "0" />
		<Point X = "139" Y = "233" T = "0" Pressure = "0" />
		<Point X = "139" Y = "231" T = "0" Pressure = "0" />
		<Point X = "139" Y = "230" T = "0" Pressure = "0" />
		<Point X = "137" Y = "229" T = "0" Pressure = "0" />
		<Point X = "137" Y = "228" T = "0" Pressure = "0" />
		<Point X = "136" Y = "227" T = "0" Pressure = "0" />
		<Point X = "135" Y = "226" T = "0" Pressure = "0" />
		<Point X = "133" Y = "223" T = "0" Pressure = "0" />
		<Point X = "132" Y = "223" T = "0" Pressure = "0" />
		<Point X = "130" Y = "222" T = "0" Pressure = "0" />
		<Point X = "129" Y = "221" T = "0" Pressure = "0" />
		<Point X = "127" Y = "220" T = "0" Pressure = "0" />
		<Point X = "126" Y = "220" T = "0" Pressure = "0" />
		<Point X = "124" Y = "219" T = "0" Pressure = "0" />
		<Point X = "122" Y = "218" T = "0" Pressure = "0" />
		<Point X = "121" Y = "218" T = "0" Pressure = "0" />
		<Point X = "120" Y = "217" T = "0" Pressure = "0" />
		<Point X = "119" Y = "217" T = "0" Pressure = "0" />
		<Point X = "117" Y = "216" T = "0" Pressure = "0" />
		<Point X = "115" Y = "216" T = "0" Pressure = "0" />
		<Point X = "113" Y = "215" T = "0" Pressure = "0" />
		<Point X = "110" Y = "214" T = "0" Pressure = "0" />
		<Point X = "107" Y = "213" T = "0" Pressure = "0" />
		<Point X = "105" Y = "212" T = "0" Pressure = "0" />
		<Point X = "103" Y = "212" T = "0" Pressure = "0" />
		<Point X = "101" Y = "212" T = "0" Pressure = "0" />
		<Point X = "100" Y = "210" T = "0" Pressure = "0" />
		<Point X = "99" Y = "210" T = "0" Pressure = "0" />
		<Point X = "98" Y = "210" T = "0" Pressure = "0" />
		<Point X = "97" Y = "209" T = "0" Pressure = "0" />
		<Point X = "96" Y = "209" T = "0" Pressure = "0" />
		<Point X = "93" Y = "208" T = "0" Pressure = "0" />
		<Point X = "91" Y = "208" T = "0" Pressure = "0" />
		<Point X = "88" Y = "207" T = "0" Pressure = "0" />
		<Point X = "85" Y = "207" T = "0" Pressure = "0" />
		<Point X = "83" Y = "206" T = "0" Pressure = "0" />
		<Point X = "82" Y = "206" T = "0" Pressure = "0" />
		<Point X = "81" Y = "206" T = "0" Pressure = "0" />
		<Point X = "81" Y = "205" T = "0" Pressure = "0" />
		<Point X = "80" Y = "205" T = "0" Pressure = "0" />
		<Point X = "79" Y = "205" T = "0" Pressure = "0" />
		<Point X = "78" Y = "205" T = "0" Pressure = "0" />
		<Point X = "76" Y = "205" T = "0" Pressure = "0" />
		<Point X = "75" Y = "205" T = "0" Pressure = "0" />
		<Point X = "73" Y = "205" T = "0" Pressure = "0" />
		<Point X = "72" Y = "205" T = "0" Pressure = "0" />
		<Point X = "71" Y = "205" T = "0" Pressure = "0" />
		<Point X = "69" Y = "205" T = "0" Pressure = "0" />
		<Point X = "67" Y = "205" T = "0" Pressure = "0" />
		<Point X = "66" Y = "205" T = "0" Pressure = "0" />
		<Point X = "65" Y = "205" T = "0" Pressure = "0" />
		<Point X = "64" Y = "205" T = "0" Pressure = "0" />
		<Point X = "63" Y = "205" T = "0" Pressure = "0" />
		<Point X = "62" Y = "205" T = "0" Pressure = "0" />
		<Point X = "61" Y = "205" T = "0" Pressure = "0" />
		<Point X = "60" Y = "205" T = "0" Pressure = "0" />
		<Point X = "59" Y = "205" T = "0" Pressure = "0" />
		<Point X = "58" Y = "205" T = "0" Pressure = "0" />
		<Point X = "57" Y = "205" T = "0" Pressure = "0" />
		<Point X = "56" Y = "205" T = "0" Pressure = "0" />
		<Point X = "55" Y = "205" T = "0" Pressure = "0" />
		<Point X = "54" Y = "205" T = "0" Pressure = "0" />
	</Stroke>
</Gesture>
