<?xml version="1.0" encoding="utf-8" standalone="yes"?>
<Gesture Name = "b">
	<Stroke>
		<Point X = "38" Y = "77" T = "0" Pressure = "0" />
		<Point X = "38" Y = "82" T = "0" Pressure = "0" />
		<Point X = "38" Y = "87" T = "0" Pressure = "0" />
		<Point X = "38" Y = "91" T = "0" Pressure = "0" />
		<Point X = "38" Y = "96" T = "0" Pressure = "0" />
		<Point X = "36" Y = "102" T = "0" Pressure = "0" />
		<Point X = "35" Y = "109" T = "0" Pressure = "0" />
		<Point X = "32" Y = "117" T = "0" Pressure = "0" />
		<Point X = "30" Y = "125" T = "0" Pressure = "0" />
		<Point X = "28" Y = "132" T = "0" Pressure = "0" />
		<Point X = "26" Y = "138" T = "0" Pressure = "0" />
		<Point X = "25" Y = "141" T = "0" Pressure = "0" />
		<Point X = "23" Y = "146" T = "0" Pressure = "0" />
		<Point X = "23" Y = "147" T = "0" Pressure = "0" />
		<Point X = "23" Y = "149" T = "0" Pressure = "0" />
		<Point X = "22" Y = "150" T = "0" Pressure = "0" />
		<Point X = "21" Y = "154" T = "0" Pressure = "0" />
		<Point X = "21" Y = "157" T = "0" Pressure = "0" />
		<Point X = "21" Y = "161" T = "0" Pressure = "0" />
		<Point X = "21" Y = "166" T = "0" Pressure = "0" />
		<Point X = "21" Y = "169" T = "0" Pressure = "0" />
		<Point X = "21" Y = "173" T = "0" Pressure = "0" />
		<Point X = "21" Y = "176" T = "0" Pressure = "0" />
		<Point X = "21" Y = "180" T = "0" Pressure = "0" />
		<Point X = "19" Y = "185" T = "0" Pressure = "0" />
		<Point X = "19" Y = "187" T = "0" Pressure = "0" />
		<Point X = "19" Y = "189" T = "0" Pressure = "0" />
		<Point X = "19" Y = "192" T = "0" Pressure = "0" />
		<Point X = "19" Y = "194" T = "0" Pressure = "0" />
		<Point X = "19" Y = "197" T = "0" Pressure = "0" />
		<Point X = "20" Y = "203" T = "0" Pressure = "0" />
		<Point X = "22" Y = "208" T = "0" Pressure = "0" />
		<Point X = "25" Y = "213" T = "0" Pressure = "0" />
		<Point X = "28" Y = "219" T = "0" Pressure = "0" />
		<Point X = "30" Y = "222" T = "0" Pressure = "0" />
		<Point X = "33" Y = "227" T = "0" Pressure = "0" />
		<Point X = "33" Y = "229" T = "0" Pressure = "0" />
		<Point X = "34" Y = "231" T = "0" Pressure = "0" />
		<Point X = "35" Y = "233" T = "0" Pressure = "0" />
		<Point X = "36" Y = "234" T = "0" Pressure = "0" />
		<Point X = "37" Y = "237" T = "0" Pressure = "0" />
		<Point X = "38" Y = "238" T = "0" Pressure = "0" />
		<Point X = "39" Y = "241" T = "0" Pressure = "0" />
		<Point X = "40" Y = "243" T = "0" Pressure = "0" />
		<Point X = "41" Y = "248" T = "0" Pressure = "0" />
		<Point X = "43" Y = "251" T = "0" Pressure = "0" />
		<Point X = "46" Y = "256" T = "0" Pressure = "0" />
		<Point X = "47" Y = "259" T = "0" Pressure = "0" />
		<Point X = "50" Y = "264" T = "0" Pressure = "0" />
		<Point X = "52" Y = "265" T = "0" Pressure = "0" />
		<Point X = "54" Y = "267" T = "0" Pressure = "0" />
		<Point X = "56" Y = "268" T = "0" Pressure = "0" />
		<Point X = "59" Y = "270" T = "0" Pressure = "0" />
		<Point X = "61" Y = "270" T = "0" Pressure = "0" />
		<Point X = "65" Y = "270" T = "0" Pressure = "0" />
		<Point X = "68" Y = "270" T = "0" Pressure = "0" />
		<Point X = "70" Y = "270" T = "0" Pressure = "0" />
		<Point X = "74" Y = "270" T = "0" Pressure = "0" />
		<Point X = "79" Y = "269" T = "0" Pressure = "0" />
		<Point X = "81" Y = "268" T = "0" Pressure = "0" />
		<Point X = "82" Y = "268" T = "0" Pressure = "0" />
		<Point X = "85" Y = "267" T = "0" Pressure = "0" />
		<Point X = "86" Y = "266" T = "0" Pressure = "0" />
		<Point X = "87" Y = "266" T = "0" Pressure = "0" />
		<Point X = "88" Y = "266" T = "0" Pressure = "0" />
		<Point X = "89" Y = "266" T = "0" Pressure = "0" />
		<Point X = "91" Y = "266" T = "0" Pressure = "0" />
		<Point X = "94" Y = "266" T = "0" Pressure = "0" />
		<Point X = "95" Y = "265" T = "0" Pressure = "0" />
		<Point X = "96" Y = "265" T = "0" Pressure = "0" />
		<Point X = "98" Y = "264" T = "0" Pressure = "0" />
		<Point X = "100" Y = "263" T = "0" Pressure = "0" />
		<Point X = "100" Y = "262" T = "0" Pressure = "0" />
		<Point X = "101" Y = "262" T = "0" Pressure = "0" />
		<Point X = "103" Y = "259" T = "0" Pressure = "0" />
		<Point X = "104" Y = "256" T = "0" Pressure = "0" />
		<Point X = "105" Y = "252" T = "0" Pressure = "0" />
		<Point X = "106" Y = "248" T = "0" Pressure = "0" />
		<Point X = "106" Y = "246" T = "0" Pressure = "0" />
		<Point X = "107" Y = "244" T = "0" Pressure = "0" />
		<Point X = "108" Y = "241" T = "0" Pressure = "0" />
		<Point X = "108" Y = "240" T = "0" Pressure = "0" />
		<Point X = "109" Y = "236" T = "0" Pressure = "0" />
		<Point X = "109" Y = "235" T = "0" Pressure = "0" />
		<Point X = "109" Y = "233" T = "0" Pressure = "0" />
		<Point X = "109" Y = "232" T = "0" Pressure = "0" />
		<Point X = "109" Y = "230" T = "0" Pressure = "0" />
		<Point X = "109" Y = "228" T = "0" Pressure = "0" />
		<Point X = "109" Y = "227" T = "0" Pressure = "0" />
		<Point X = "108" Y = "226" T = "0" Pressure = "0" />
		<Point X = "107" Y = "222" T = "0" Pressure = "0" />
		<Point X = "106" Y = "220" T = "0" Pressure = "0" />
		<Point X = "105" Y = "215" T = "0" Pressure = "0" />
		<Point X = "104" Y = "210" T = "0" Pressure = "0" />
		<Point X = "101" Y = "204" T = "0" Pressure = "0" />
		<Point X = "100" Y = "202" T = "0" Pressure = "0" />
		<Point X = "100" Y = "199" T = "0" Pressure = "0" />
		<Point X = "98" Y = "195" T = "0" Pressure = "0" />
		<Point X = "96" Y = "193" T = "0" Pressure = "0" />
		<Point X = "95" Y = "192" T = "0" Pressure = "0" />
		<Point X = "94" Y = "191" T = "0" Pressure = "0" />
		<Point X = "90" Y = "190" T = "0" Pressure = "0" />
		<Point X = "89" Y = "190" T = "0" Pressure = "0" />
		<Point X = "86" Y = "189" T = "0" Pressure = "0" />
		<Point X = "85" Y = "189" T = "0" Pressure = "0" />
		<Point X = "83" Y = "189" T = "0" Pressure = "0" />
		<Point X = "80" Y = "189" T = "0" Pressure = "0" />
		<Point X = "78" Y = "189" T = "0" Pressure = "0" />
		<Point X = "75" Y = "189" T = "0" Pressure = "0" />
		<Point X = "74" Y = "189" T = "0" Pressure = "0" />
		<Point X = "72" Y = "189" T = "0" Pressure = "0" />
		<Point X = "70" Y = "189" T = "0" Pressure = "0" />
		<Point X = "69" Y = "189" T = "0" Pressure = "0" />
		<Point X = "68" Y = "189" T = "0" Pressure = "0" />
		<Point X = "64" Y = "190" T = "0" Pressure = "0" />
		<Point X = "63" Y = "190" T = "0" Pressure = "0" />
		<Point X = "61" Y = "191" T = "0" Pressure = "0" />
		<Point X = "59" Y = "192" T = "0" Pressure = "0" />
		<Point X = "58" Y = "192" T = "0" Pressure = "0" />
		<Point X = "57" Y = "193" T = "0" Pressure = "0" />
		<Point X = "55" Y = "193" T = "0" Pressure = "0" />
		<Point X = "54" Y = "193" T = "0" Pressure = "0" />
		<Point X = "52" Y = "193" T = "0" Pressure = "0" />
		<Point X = "51" Y = "195" T = "0" Pressure = "0" />
		<Point X = "50" Y = "195" T = "0" Pressure = "0" />
		<Point X = "48" Y = "196" T = "0" Pressure = "0" />
		<Point X = "46" Y = "198" T = "0" Pressure = "0" />
		<Point X = "44" Y = "200" T = "0" Pressure = "0" />
		<Point X = "42" Y = "202" T = "0" Pressure = "0" />
		<Point X = "41" Y = "202" T = "0" Pressure = "0" />
		<Point X = "40" Y = "203" T = "0" Pressure = "0" />
		<Point X = "38" Y = "204" T = "0" Pressure = "0" />
		<Point X = "37" Y = "204" T = "0" Pressure = "0" />
		<Point X = "36" Y = "205" T = "0" Pressure = "0" />
		<Point X = "35" Y = "206" T = "0" Pressure = "0" />
		<Point X = "33" Y = "206" T = "0" Pressure = "0" />
		<Point X = "33" Y = "207" T = "0" Pressure = "0" />
		<Point X = "31" Y = "207" T = "0" Pressure = "0" />
		<Point X = "31" Y = "208" T = "0" Pressure = "0" />
		<Point X = "30" Y = "209" T = "0" Pressure = "0" />
		<Point X = "29" Y = "212" T = "0" Pressure = "0" />
		<Point X = "29" Y = "213" T = "0" Pressure = "0" />
		<Point X = "28" Y = "214" T = "0" Pressure = "0" />
		<Point X = "28" Y = "215" T = "0" Pressure = "0" />
		<Point X = "26" Y = "215" T = "0" Pressure = "0" />
		<Point X = "25" Y = "216" T = "0" Pressure = "0" />
		<Point X = "24" Y = "217" T = "0" Pressure = "0" />
		<Point X = "24" Y = "218" T = "0" Pressure = "0" />
		<Point X = "24" Y = "219" T = "0" Pressure = "0" />
		<Point X = "24" Y = "220" T = "0" Pressure = "0" />
		<Point X = "24" Y = "221" T = "0" Pressure = "0" />
	</Stroke>
</Gesture>
