<?xml version="1.0" encoding="utf-8" standalone="yes"?>
<Gesture Name = "b">
	<Stroke>
		<Point X = "399" Y = "152" T = "0" Pressure = "0" />
		<Point X = "399" Y = "155" T = "0" Pressure = "0" />
		<Point X = "399" Y = "159" T = "0" Pressure = "0" />
		<Point X = "399" Y = "163" T = "0" Pressure = "0" />
		<Point X = "399" Y = "167" T = "0" Pressure = "0" />
		<Point X = "399" Y = "173" T = "0" Pressure = "0" />
		<Point X = "399" Y = "179" T = "0" Pressure = "0" />
		<Point X = "399" Y = "184" T = "0" Pressure = "0" />
		<Point X = "399" Y = "191" T = "0" Pressure = "0" />
		<Point X = "399" Y = "198" T = "0" Pressure = "0" />
		<Point X = "399" Y = "206" T = "0" Pressure = "0" />
		<Point X = "399" Y = "213" T = "0" Pressure = "0" />
		<Point X = "397" Y = "223" T = "0" Pressure = "0" />
		<Point X = "395" Y = "230" T = "0" Pressure = "0" />
		<Point X = "395" Y = "239" T = "0" Pressure = "0" />
		<Point X = "395" Y = "248" T = "0" Pressure = "0" />
		<Point X = "395" Y = "253" T = "0" Pressure = "0" />
		<Point X = "395" Y = "257" T = "0" Pressure = "0" />
		<Point X = "395" Y = "263" T = "0" Pressure = "0" />
		<Point X = "395" Y = "266" T = "0" Pressure = "0" />
		<Point X = "395" Y = "267" T = "0" Pressure = "0" />
		<Point X = "395" Y = "270" T = "0" Pressure = "0" />
		<Point X = "395" Y = "273" T = "0" Pressure = "0" />
		<Point X = "395" Y = "274" T = "0" Pressure = "0" />
		<Point X = "395" Y = "276" T = "0" Pressure = "0" />
		<Point X = "395" Y = "277" T = "0" Pressure = "0" />
		<Point X = "395" Y = "280" T = "0" Pressure = "0" />
		<Point X = "395" Y = "281" T = "0" Pressure = "0" />
		<Point X = "396" Y = "283" T = "0" Pressure = "0" />
		<Point X = "396" Y = "285" T = "0" Pressure = "0" />
		<Point X = "397" Y = "288" T = "0" Pressure = "0" />
		<Point X = "398" Y = "289" T = "0" Pressure = "0" />
		<Point X = "399" Y = "292" T = "0" Pressure = "0" />
		<Point X = "400" Y = "294" T = "0" Pressure = "0" />
		<Point X = "401" Y = "296" T = "0" Pressure = "0" />
		<Point X = "402" Y = "299" T = "0" Pressure = "0" />
		<Point X = "403" Y = "301" T = "0" Pressure = "0" />
		<Point X = "405" Y = "305" T = "0" Pressure = "0" />
		<Point X = "406" Y = "307" T = "0" Pressure = "0" />
		<Point X = "408" Y = "309" T = "0" Pressure = "0" />
		<Point X = "409" Y = "310" T = "0" Pressure = "0" />
		<Point X = "410" Y = "310" T = "0" Pressure = "0" />
		<Point X = "411" Y = "310" T = "0" Pressure = "0" />
		<Point X = "412" Y = "310" T = "0" Pressure = "0" />
		<Point X = "413" Y = "310" T = "0" Pressure = "0" />
		<Point X = "414" Y = "310" T = "0" Pressure = "0" />
		<Point X = "415" Y = "310" T = "0" Pressure = "0" />
		<Point X = "417" Y = "311" T = "0" Pressure = "0" />
		<Point X = "418" Y = "311" T = "0" Pressure = "0" />
		<Point X = "420" Y = "311" T = "0" Pressure = "0" />
		<Point X = "421" Y = "311" T = "0" Pressure = "0" />
		<Point X = "423" Y = "311" T = "0" Pressure = "0" />
		<Point X = "424" Y = "311" T = "0" Pressure = "0" />
		<Point X = "425" Y = "311" T = "0" Pressure = "0" />
		<Point X = "427" Y = "311" T = "0" Pressure = "0" />
		<Point X = "429" Y = "310" T = "0" Pressure = "0" />
		<Point X = "433" Y = "307" T = "0" Pressure = "0" />
		<Point X = "434" Y = "306" T = "0" Pressure = "0" />
		<Point X = "435" Y = "305" T = "0" Pressure = "0" />
		<Point X = "435" Y = "304" T = "0" Pressure = "0" />
		<Point X = "436" Y = "303" T = "0" Pressure = "0" />
		<Point X = "436" Y = "302" T = "0" Pressure = "0" />
		<Point X = "436" Y = "301" T = "0" Pressure = "0" />
		<Point X = "436" Y = "300" T = "0" Pressure = "0" />
		<Point X = "436" Y = "298" T = "0" Pressure = "0" />
		<Point X = "436" Y = "296" T = "0" Pressure = "0" />
		<Point X = "437" Y = "293" T = "0" Pressure = "0" />
		<Point X = "437" Y = "291" T = "0" Pressure = "0" />
		<Point X = "437" Y = "290" T = "0" Pressure = "0" />
		<Point X = "437" Y = "287" T = "0" Pressure = "0" />
		<Point X = "437" Y = "285" T = "0" Pressure = "0" />
		<Point X = "437" Y = "284" T = "0" Pressure = "0" />
		<Point X = "437" Y = "283" T = "0" Pressure = "0" />
		<Point X = "437" Y = "280" T = "0" Pressure = "0" />
		<Point X = "437" Y = "279" T = "0" Pressure = "0" />
		<Point X = "437" Y = "277" T = "0" Pressure = "0" />
		<Point X = "437" Y = "274" T = "0" Pressure = "0" />
		<Point X = "436" Y = "272" T = "0" Pressure = "0" />
		<Point X = "435" Y = "270" T = "0" Pressure = "0" />
		<Point X = "434" Y = "269" T = "0" Pressure = "0" />
		<Point X = "433" Y = "267" T = "0" Pressure = "0" />
		<Point X = "433" Y = "266" T = "0" Pressure = "0" />
		<Point X = "431" Y = "264" T = "0" Pressure = "0" />
		<Point X = "431" Y = "262" T = "0" Pressure = "0" />
		<Point X = "430" Y = "262" T = "0" Pressure = "0" />
		<Point X = "430" Y = "261" T = "0" Pressure = "0" />
		<Point X = "428" Y = "261" T = "0" Pressure = "0" />
		<Point X = "427" Y = "261" T = "0" Pressure = "0" />
		<Point X = "425" Y = "261" T = "0" Pressure = "0" />
		<Point X = "424" Y = "261" T = "0" Pressure = "0" />
		<Point X = "422" Y = "259" T = "0" Pressure = "0" />
		<Point X = "421" Y = "259" T = "0" Pressure = "0" />
		<Point X = "420" Y = "259" T = "0" Pressure = "0" />
		<Point X = "419" Y = "259" T = "0" Pressure = "0" />
		<Point X = "417" Y = "259" T = "0" Pressure = "0" />
		<Point X = "415" Y = "259" T = "0" Pressure = "0" />
		<Point X = "414" Y = "259" T = "0" Pressure = "0" />
		<Point X = "412" Y = "259" T = "0" Pressure = "0" />
		<Point X = "411" Y = "259" T = "0" Pressure = "0" />
		<Point X = "409" Y = "259" T = "0" Pressure = "0" />
		<Point X = "408" Y = "259" T = "0" Pressure = "0" />
		<Point X = "406" Y = "259" T = "0" Pressure = "0" />
		<Point X = "405" Y = "259" T = "0" Pressure = "0" />
		<Point X = "404" Y = "259" T = "0" Pressure = "0" />
		<Point X = "402" Y = "260" T = "0" Pressure = "0" />
		<Point X = "401" Y = "262" T = "0" Pressure = "0" />
		<Point X = "400" Y = "262" T = "0" Pressure = "0" />
		<Point X = "399" Y = "262" T = "0" Pressure = "0" />
		<Point X = "398" Y = "262" T = "0" Pressure = "0" />
		<Point X = "397" Y = "262" T = "0" Pressure = "0" />
		<Point X = "396" Y = "263" T = "0" Pressure = "0" />
		<Point X = "395" Y = "263" T = "0" Pressure = "0" />
		<Point X = "392" Y = "265" T = "0" Pressure = "0" />
		<Point X = "391" Y = "265" T = "0" Pressure = "0" />
	</Stroke>
</Gesture>
