<?xml version="1.0" encoding="utf-8" standalone="yes"?>
<Gesture Name = "b">
	<Stroke>
		<Point X = "324" Y = "112" T = "0" Pressure = "0" />
		<Point X = "324" Y = "116" T = "0" Pressure = "0" />
		<Point X = "324" Y = "124" T = "0" Pressure = "0" />
		<Point X = "324" Y = "131" T = "0" Pressure = "0" />
		<Point X = "324" Y = "141" T = "0" Pressure = "0" />
		<Point X = "324" Y = "150" T = "0" Pressure = "0" />
		<Point X = "324" Y = "159" T = "0" Pressure = "0" />
		<Point X = "324" Y = "168" T = "0" Pressure = "0" />
		<Point X = "324" Y = "178" T = "0" Pressure = "0" />
		<Point X = "324" Y = "186" T = "0" Pressure = "0" />
		<Point X = "324" Y = "194" T = "0" Pressure = "0" />
		<Point X = "324" Y = "202" T = "0" Pressure = "0" />
		<Point X = "324" Y = "209" T = "0" Pressure = "0" />
		<Point X = "324" Y = "220" T = "0" Pressure = "0" />
		<Point X = "324" Y = "230" T = "0" Pressure = "0" />
		<Point X = "324" Y = "238" T = "0" Pressure = "0" />
		<Point X = "327" Y = "248" T = "0" Pressure = "0" />
		<Point X = "328" Y = "256" T = "0" Pressure = "0" />
		<Point X = "329" Y = "263" T = "0" Pressure = "0" />
		<Point X = "330" Y = "273" T = "0" Pressure = "0" />
		<Point X = "331" Y = "279" T = "0" Pressure = "0" />
		<Point X = "331" Y = "283" T = "0" Pressure = "0" />
		<Point X = "332" Y = "285" T = "0" Pressure = "0" />
		<Point X = "332" Y = "288" T = "0" Pressure = "0" />
		<Point X = "332" Y = "289" T = "0" Pressure = "0" />
		<Point X = "333" Y = "290" T = "0" Pressure = "0" />
		<Point X = "333" Y = "292" T = "0" Pressure = "0" />
		<Point X = "334" Y = "295" T = "0" Pressure = "0" />
		<Point X = "334" Y = "298" T = "0" Pressure = "0" />
		<Point X = "336" Y = "302" T = "0" Pressure = "0" />
		<Point X = "337" Y = "303" T = "0" Pressure = "0" />
		<Point X = "338" Y = "306" T = "0" Pressure = "0" />
		<Point X = "340" Y = "309" T = "0" Pressure = "0" />
		<Point X = "341" Y = "310" T = "0" Pressure = "0" />
		<Point X = "343" Y = "313" T = "0" Pressure = "0" />
		<Point X = "345" Y = "315" T = "0" Pressure = "0" />
		<Point X = "348" Y = "316" T = "0" Pressure = "0" />
		<Point X = "352" Y = "318" T = "0" Pressure = "0" />
		<Point X = "355" Y = "318" T = "0" Pressure = "0" />
		<Point X = "359" Y = "318" T = "0" Pressure = "0" />
		<Point X = "362" Y = "319" T = "0" Pressure = "0" />
		<Point X = "365" Y = "320" T = "0" Pressure = "0" />
		<Point X = "369" Y = "320" T = "0" Pressure = "0" />
		<Point X = "372" Y = "320" T = "0" Pressure = "0" />
		<Point X = "373" Y = "320" T = "0" Pressure = "0" />
		<Point X = "376" Y = "320" T = "0" Pressure = "0" />
		<Point X = "379" Y = "320" T = "0" Pressure = "0" />
		<Point X = "380" Y = "319" T = "0" Pressure = "0" />
		<Point X = "385" Y = "318" T = "0" Pressure = "0" />
		<Point X = "387" Y = "316" T = "0" Pressure = "0" />
		<Point X = "388" Y = "315" T = "0" Pressure = "0" />
		<Point X = "390" Y = "315" T = "0" Pressure = "0" />
		<Point X = "392" Y = "313" T = "0" Pressure = "0" />
		<Point X = "393" Y = "313" T = "0" Pressure = "0" />
		<Point X = "395" Y = "310" T = "0" Pressure = "0" />
		<Point X = "395" Y = "309" T = "0" Pressure = "0" />
		<Point X = "396" Y = "307" T = "0" Pressure = "0" />
		<Point X = "398" Y = "303" T = "0" Pressure = "0" />
		<Point X = "398" Y = "301" T = "0" Pressure = "0" />
		<Point X = "399" Y = "296" T = "0" Pressure = "0" />
		<Point X = "399" Y = "293" T = "0" Pressure = "0" />
		<Point X = "399" Y = "289" T = "0" Pressure = "0" />
		<Point X = "399" Y = "286" T = "0" Pressure = "0" />
		<Point X = "399" Y = "283" T = "0" Pressure = "0" />
		<Point X = "399" Y = "281" T = "0" Pressure = "0" />
		<Point X = "398" Y = "279" T = "0" Pressure = "0" />
		<Point X = "396" Y = "275" T = "0" Pressure = "0" />
		<Point X = "394" Y = "273" T = "0" Pressure = "0" />
		<Point X = "390" Y = "269" T = "0" Pressure = "0" />
		<Point X = "385" Y = "265" T = "0" Pressure = "0" />
		<Point X = "383" Y = "264" T = "0" Pressure = "0" />
		<Point X = "379" Y = "261" T = "0" Pressure = "0" />
		<Point X = "375" Y = "260" T = "0" Pressure = "0" />
		<Point X = "372" Y = "259" T = "0" Pressure = "0" />
		<Point X = "369" Y = "257" T = "0" Pressure = "0" />
		<Point X = "368" Y = "257" T = "0" Pressure = "0" />
		<Point X = "364" Y = "256" T = "0" Pressure = "0" />
		<Point X = "363" Y = "256" T = "0" Pressure = "0" />
		<Point X = "360" Y = "255" T = "0" Pressure = "0" />
		<Point X = "359" Y = "255" T = "0" Pressure = "0" />
		<Point X = "358" Y = "255" T = "0" Pressure = "0" />
		<Point X = "356" Y = "255" T = "0" Pressure = "0" />
		<Point X = "355" Y = "255" T = "0" Pressure = "0" />
		<Point X = "354" Y = "255" T = "0" Pressure = "0" />
		<Point X = "353" Y = "255" T = "0" Pressure = "0" />
		<Point X = "352" Y = "255" T = "0" Pressure = "0" />
		<Point X = "351" Y = "255" T = "0" Pressure = "0" />
		<Point X = "349" Y = "255" T = "0" Pressure = "0" />
		<Point X = "348" Y = "255" T = "0" Pressure = "0" />
		<Point X = "346" Y = "255" T = "0" Pressure = "0" />
		<Point X = "345" Y = "256" T = "0" Pressure = "0" />
		<Point X = "343" Y = "256" T = "0" Pressure = "0" />
		<Point X = "342" Y = "256" T = "0" Pressure = "0" />
		<Point X = "340" Y = "257" T = "0" Pressure = "0" />
		<Point X = "339" Y = "257" T = "0" Pressure = "0" />
		<Point X = "338" Y = "257" T = "0" Pressure = "0" />
		<Point X = "336" Y = "258" T = "0" Pressure = "0" />
		<Point X = "335" Y = "258" T = "0" Pressure = "0" />
		<Point X = "334" Y = "258" T = "0" Pressure = "0" />
		<Point X = "333" Y = "258" T = "0" Pressure = "0" />
		<Point X = "332" Y = "259" T = "0" Pressure = "0" />
		<Point X = "331" Y = "259" T = "0" Pressure = "0" />
		<Point X = "330" Y = "260" T = "0" Pressure = "0" />
		<Point X = "330" Y = "261" T = "0" Pressure = "0" />
		<Point X = "329" Y = "262" T = "0" Pressure = "0" />
		<Point X = "328" Y = "263" T = "0" Pressure = "0" />
		<Point X = "327" Y = "263" T = "0" Pressure = "0" />
	</Stroke>
</Gesture>
