<?xml version="1.0" encoding="utf-8" standalone="yes"?>
<Gesture Name = "b">
	<Stroke>
		<Point X = "98" Y = "66" T = "0" Pressure = "0" />
		<Point X = "98" Y = "67" T = "0" Pressure = "0" />
		<Point X = "99" Y = "70" T = "0" Pressure = "0" />
		<Point X = "99" Y = "71" T = "0" Pressure = "0" />
		<Point X = "99" Y = "74" T = "0" Pressure = "0" />
		<Point X = "99" Y = "77" T = "0" Pressure = "0" />
		<Point X = "99" Y = "81" T = "0" Pressure = "0" />
		<Point X = "99" Y = "85" T = "0" Pressure = "0" />
		<Point X = "99" Y = "89" T = "0" Pressure = "0" />
		<Point X = "99" Y = "93" T = "0" Pressure = "0" />
		<Point X = "99" Y = "97" T = "0" Pressure = "0" />
		<Point X = "99" Y = "100" T = "0" Pressure = "0" />
		<Point X = "99" Y = "103" T = "0" Pressure = "0" />
		<Point X = "99" Y = "106" T = "0" Pressure = "0" />
		<Point X = "99" Y = "110" T = "0" Pressure = "0" />
		<Point X = "99" Y = "113" T = "0" Pressure = "0" />
		<Point X = "99" Y = "115" T = "0" Pressure = "0" />
		<Point X = "99" Y = "117" T = "0" Pressure = "0" />
		<Point X = "99" Y = "120" T = "0" Pressure = "0" />
		<Point X = "99" Y = "122" T = "0" Pressure = "0" />
		<Point X = "99" Y = "126" T = "0" Pressure = "0" />
		<Point X = "99" Y = "129" T = "0" Pressure = "0" />
		<Point X = "99" Y = "132" T = "0" Pressure = "0" />
		<Point X = "101" Y = "134" T = "0" Pressure = "0" />
		<Point X = "101" Y = "138" T = "0" Pressure = "0" />
		<Point X = "101" Y = "141" T = "0" Pressure = "0" />
		<Point X = "101" Y = "144" T = "0" Pressure = "0" />
		<Point X = "101" Y = "148" T = "0" Pressure = "0" />
		<Point X = "101" Y = "150" T = "0" Pressure = "0" />
		<Point X = "101" Y = "153" T = "0" Pressure = "0" />
		<Point X = "101" Y = "155" T = "0" Pressure = "0" />
		<Point X = "101" Y = "156" T = "0" Pressure = "0" />
		<Point X = "101" Y = "158" T = "0" Pressure = "0" />
		<Point X = "101" Y = "160" T = "0" Pressure = "0" />
		<Point X = "101" Y = "163" T = "0" Pressure = "0" />
		<Point X = "101" Y = "165" T = "0" Pressure = "0" />
		<Point X = "102" Y = "167" T = "0" Pressure = "0" />
		<Point X = "102" Y = "169" T = "0" Pressure = "0" />
		<Point X = "102" Y = "170" T = "0" Pressure = "0" />
		<Point X = "102" Y = "173" T = "0" Pressure = "0" />
		<Point X = "102" Y = "176" T = "0" Pressure = "0" />
		<Point X = "102" Y = "178" T = "0" Pressure = "0" />
		<Point X = "102" Y = "179" T = "0" Pressure = "0" />
		<Point X = "102" Y = "180" T = "0" Pressure = "0" />
		<Point X = "102" Y = "183" T = "0" Pressure = "0" />
		<Point X = "102" Y = "184" T = "0" Pressure = "0" />
		<Point X = "103" Y = "185" T = "0" Pressure = "0" />
		<Point X = "103" Y = "187" T = "0" Pressure = "0" />
		<Point X = "103" Y = "189" T = "0" Pressure = "0" />
		<Point X = "103" Y = "191" T = "0" Pressure = "0" />
		<Point X = "103" Y = "192" T = "0" Pressure = "0" />
		<Point X = "105" Y = "194" T = "0" Pressure = "0" />
		<Point X = "105" Y = "198" T = "0" Pressure = "0" />
		<Point X = "105" Y = "199" T = "0" Pressure = "0" />
		<Point X = "105" Y = "202" T = "0" Pressure = "0" />
		<Point X = "105" Y = "205" T = "0" Pressure = "0" />
		<Point X = "105" Y = "208" T = "0" Pressure = "0" />
		<Point X = "105" Y = "210" T = "0" Pressure = "0" />
		<Point X = "105" Y = "213" T = "0" Pressure = "0" />
		<Point X = "105" Y = "215" T = "0" Pressure = "0" />
		<Point X = "106" Y = "217" T = "0" Pressure = "0" />
		<Point X = "106" Y = "218" T = "0" Pressure = "0" />
		<Point X = "107" Y = "219" T = "0" Pressure = "0" />
		<Point X = "107" Y = "220" T = "0" Pressure = "0" />
		<Point X = "107" Y = "221" T = "0" Pressure = "0" />
		<Point X = "108" Y = "222" T = "0" Pressure = "0" />
		<Point X = "108" Y = "223" T = "0" Pressure = "0" />
		<Point X = "109" Y = "223" T = "0" Pressure = "0" />
		<Point X = "109" Y = "224" T = "0" Pressure = "0" />
		<Point X = "110" Y = "226" T = "0" Pressure = "0" />
		<Point X = "111" Y = "227" T = "0" Pressure = "0" />
		<Point X = "112" Y = "228" T = "0" Pressure = "0" />
		<Point X = "113" Y = "229" T = "0" Pressure = "0" />
		<Point X = "114" Y = "229" T = "0" Pressure = "0" />
		<Point X = "114" Y = "230" T = "0" Pressure = "0" />
		<Point X = "115" Y = "230" T = "0" Pressure = "0" />
		<Point X = "118" Y = "231" T = "0" Pressure = "0" />
		<Point X = "119" Y = "231" T = "0" Pressure = "0" />
		<Point X = "122" Y = "233" T = "0" Pressure = "0" />
		<Point X = "126" Y = "235" T = "0" Pressure = "0" />
		<Point X = "130" Y = "236" T = "0" Pressure = "0" />
		<Point X = "132" Y = "238" T = "0" Pressure = "0" />
		<Point X = "136" Y = "239" T = "0" Pressure = "0" />
		<Point X = "138" Y = "240" T = "0" Pressure = "0" />
		<Point X = "140" Y = "241" T = "0" Pressure = "0" />
		<Point X = "142" Y = "241" T = "0" Pressure = "0" />
		<Point X = "143" Y = "241" T = "0" Pressure = "0" />
		<Point X = "144" Y = "241" T = "0" Pressure = "0" />
		<Point X = "145" Y = "241" T = "0" Pressure = "0" />
		<Point X = "146" Y = "241" T = "0" Pressure = "0" />
		<Point X = "148" Y = "241" T = "0" Pressure = "0" />
		<Point X = "151" Y = "241" T = "0" Pressure = "0" />
		<Point X = "153" Y = "242" T = "0" Pressure = "0" />
		<Point X = "159" Y = "243" T = "0" Pressure = "0" />
		<Point X = "160" Y = "243" T = "0" Pressure = "0" />
		<Point X = "163" Y = "243" T = "0" Pressure = "0" />
		<Point X = "165" Y = "243" T = "0" Pressure = "0" />
		<Point X = "166" Y = "243" T = "0" Pressure = "0" />
		<Point X = "168" Y = "243" T = "0" Pressure = "0" />
		<Point X = "170" Y = "243" T = "0" Pressure = "0" />
		<Point X = "174" Y = "243" T = "0" Pressure = "0" />
		<Point X = "180" Y = "243" T = "0" Pressure = "0" />
		<Point X = "184" Y = "243" T = "0" Pressure = "0" />
		<Point X = "187" Y = "242" T = "0" Pressure = "0" />
		<Point X = "190" Y = "241" T = "0" Pressure = "0" />
		<Point X = "192" Y = "239" T = "0" Pressure = "0" />
		<Point X = "193" Y = "238" T = "0" Pressure = "0" />
		<Point X = "194" Y = "237" T = "0" Pressure = "0" />
		<Point X = "195" Y = "235" T = "0" Pressure = "0" />
		<Point X = "196" Y = "234" T = "0" Pressure = "0" />
		<Point X = "197" Y = "232" T = "0" Pressure = "0" />
		<Point X = "197" Y = "231" T = "0" Pressure = "0" />
		<Point X = "198" Y = "227" T = "0" Pressure = "0" />
		<Point X = "199" Y = "226" T = "0" Pressure = "0" />
		<Point X = "200" Y = "225" T = "0" Pressure = "0" />
		<Point X = "200" Y = "224" T = "0" Pressure = "0" />
		<Point X = "202" Y = "221" T = "0" Pressure = "0" />
		<Point X = "202" Y = "219" T = "0" Pressure = "0" />
		<Point X = "203" Y = "217" T = "0" Pressure = "0" />
		<Point X = "204" Y = "214" T = "0" Pressure = "0" />
		<Point X = "204" Y = "212" T = "0" Pressure = "0" />
		<Point X = "204" Y = "211" T = "0" Pressure = "0" />
		<Point X = "204" Y = "209" T = "0" Pressure = "0" />
		<Point X = "204" Y = "208" T = "0" Pressure = "0" />
		<Point X = "204" Y = "206" T = "0" Pressure = "0" />
		<Point X = "204" Y = "204" T = "0" Pressure = "0" />
		<Point X = "204" Y = "201" T = "0" Pressure = "0" />
		<Point X = "204" Y = "200" T = "0" Pressure = "0" />
		<Point X = "204" Y = "198" T = "0" Pressure = "0" />
		<Point X = "204" Y = "196" T = "0" Pressure = "0" />
		<Point X = "203" Y = "193" T = "0" Pressure = "0" />
		<Point X = "201" Y = "191" T = "0" Pressure = "0" />
		<Point X = "199" Y = "189" T = "0" Pressure = "0" />
		<Point X = "196" Y = "186" T = "0" Pressure = "0" />
		<Point X = "195" Y = "186" T = "0" Pressure = "0" />
		<Point X = "193" Y = "184" T = "0" Pressure = "0" />
		<Point X = "191" Y = "183" T = "0" Pressure = "0" />
		<Point X = "189" Y = "183" T = "0" Pressure = "0" />
		<Point X = "187" Y = "183" T = "0" Pressure = "0" />
		<Point X = "185" Y = "183" T = "0" Pressure = "0" />
		<Point X = "183" Y = "182" T = "0" Pressure = "0" />
		<Point X = "180" Y = "182" T = "0" Pressure = "0" />
		<Point X = "178" Y = "180" T = "0" Pressure = "0" />
		<Point X = "176" Y = "180" T = "0" Pressure = "0" />
		<Point X = "172" Y = "180" T = "0" Pressure = "0" />
		<Point X = "168" Y = "180" T = "0" Pressure = "0" />
		<Point X = "166" Y = "179" T = "0" Pressure = "0" />
		<Point X = "165" Y = "179" T = "0" Pressure = "0" />
		<Point X = "160" Y = "178" T = "0" Pressure = "0" />
		<Point X = "159" Y = "178" T = "0" Pressure = "0" />
		<Point X = "158" Y = "178" T = "0" Pressure = "0" />
		<Point X = "157" Y = "178" T = "0" Pressure = "0" />
		<Point X = "154" Y = "177" T = "0" Pressure = "0" />
		<Point X = "153" Y = "177" T = "0" Pressure = "0" />
		<Point X = "152" Y = "177" T = "0" Pressure = "0" />
		<Point X = "151" Y = "177" T = "0" Pressure = "0" />
		<Point X = "149" Y = "177" T = "0" Pressure = "0" />
		<Point X = "148" Y = "177" T = "0" Pressure = "0" />
		<Point X = "146" Y = "177" T = "0" Pressure = "0" />
		<Point X = "144" Y = "177" T = "0" Pressure = "0" />
		<Point X = "143" Y = "177" T = "0" Pressure = "0" />
		<Point X = "142" Y = "177" T = "0" Pressure = "0" />
		<Point X = "141" Y = "177" T = "0" Pressure = "0" />
		<Point X = "140" Y = "177" T = "0" Pressure = "0" />
		<Point X = "139" Y = "177" T = "0" Pressure = "0" />
		<Point X = "138" Y = "177" T = "0" Pressure = "0" />
		<Point X = "137" Y = "177" T = "0" Pressure = "0" />
		<Point X = "136" Y = "177" T = "0" Pressure = "0" />
		<Point X = "135" Y = "177" T = "0" Pressure = "0" />
		<Point X = "134" Y = "177" T = "0" Pressure = "0" />
		<Point X = "133" Y = "177" T = "0" Pressure = "0" />
		<Point X = "132" Y = "177" T = "0" Pressure = "0" />
		<Point X = "131" Y = "177" T = "0" Pressure = "0" />
		<Point X = "130" Y = "177" T = "0" Pressure = "0" />
		<Point X = "129" Y = "177" T = "0" Pressure = "0" />
		<Point X = "128" Y = "177" T = "0" Pressure = "0" />
		<Point X = "127" Y = "177" T = "0" Pressure = "0" />
		<Point X = "126" Y = "177" T = "0" Pressure = "0" />
		<Point X = "125" Y = "177" T = "0" Pressure = "0" />
		<Point X = "124" Y = "177" T = "0" Pressure = "0" />
		<Point X = "123" Y = "177" T = "0" Pressure = "0" />
		<Point X = "121" Y = "177" T = "0" Pressure = "0" />
		<Point X = "120" Y = "177" T = "0" Pressure = "0" />
		<Point X = "118" Y = "177" T = "0" Pressure = "0" />
		<Point X = "117" Y = "177" T = "0" Pressure = "0" />
		<Point X = "116" Y = "177" T = "0" Pressure = "0" />
		<Point X = "115" Y = "177" T = "0" Pressure = "0" />
		<Point X = "114" Y = "177" T = "0" Pressure = "0" />
		<Point X = "113" Y = "177" T = "0" Pressure = "0" />
		<Point X = "112" Y = "177" T = "0" Pressure = "0" />
		<Point X = "111" Y = "177" T = "0" Pressure = "0" />
		<Point X = "110" Y = "177" T = "0" Pressure = "0" />
		<Point X = "109" Y = "177" T = "0" Pressure = "0" />
		<Point X = "108" Y = "177" T = "0" Pressure = "0" />
		<Point X = "107" Y = "177" T = "0" Pressure = "0" />
		<Point X = "106" Y = "177" T = "0" Pressure = "0" />
		<Point X = "105" Y = "177" T = "0" Pressure = "0" />
		<Point X = "104" Y = "177" T = "0" Pressure = "0" />
		<Point X = "103" Y = "177" T = "0" Pressure = "0" />
		<Point X = "103" Y = "178" T = "0" Pressure = "0" />
	</Stroke>
</Gesture>
