<?xml version="1.0" encoding="utf-8" standalone="yes"?>
<Gesture Name = "b">
	<Stroke>
		<Point X = "107" Y = "94" T = "0" Pressure = "0" />
		<Point X = "106" Y = "96" T = "0" Pressure = "0" />
		<Point X = "105" Y = "100" T = "0" Pressure = "0" />
		<Point X = "105" Y = "102" T = "0" Pressure = "0" />
		<Point X = "103" Y = "108" T = "0" Pressure = "0" />
		<Point X = "102" Y = "115" T = "0" Pressure = "0" />
		<Point X = "101" Y = "121" T = "0" Pressure = "0" />
		<Point X = "100" Y = "130" T = "0" Pressure = "0" />
		<Point X = "97" Y = "136" T = "0" Pressure = "0" />
		<Point X = "96" Y = "143" T = "0" Pressure = "0" />
		<Point X = "94" Y = "151" T = "0" Pressure = "0" />
		<Point X = "92" Y = "156" T = "0" Pressure = "0" />
		<Point X = "91" Y = "163" T = "0" Pressure = "0" />
		<Point X = "88" Y = "170" T = "0" Pressure = "0" />
		<Point X = "87" Y = "173" T = "0" Pressure = "0" />
		<Point X = "86" Y = "177" T = "0" Pressure = "0" />
		<Point X = "85" Y = "183" T = "0" Pressure = "0" />
		<Point X = "84" Y = "186" T = "0" Pressure = "0" />
		<Point X = "84" Y = "190" T = "0" Pressure = "0" />
		<Point X = "83" Y = "193" T = "0" Pressure = "0" />
		<Point X = "83" Y = "199" T = "0" Pressure = "0" />
		<Point X = "82" Y = "203" T = "0" Pressure = "0" />
		<Point X = "82" Y = "208" T = "0" Pressure = "0" />
		<Point X = "82" Y = "213" T = "0" Pressure = "0" />
		<Point X = "82" Y = "217" T = "0" Pressure = "0" />
		<Point X = "82" Y = "222" T = "0" Pressure = "0" />
		<Point X = "82" Y = "226" T = "0" Pressure = "0" />
		<Point X = "82" Y = "231" T = "0" Pressure = "0" />
		<Point X = "82" Y = "236" T = "0" Pressure = "0" />
		<Point X = "82" Y = "240" T = "0" Pressure = "0" />
		<Point X = "82" Y = "247" T = "0" Pressure = "0" />
		<Point X = "84" Y = "253" T = "0" Pressure = "0" />
		<Point X = "85" Y = "255" T = "0" Pressure = "0" />
		<Point X = "86" Y = "259" T = "0" Pressure = "0" />
		<Point X = "87" Y = "263" T = "0" Pressure = "0" />
		<Point X = "89" Y = "265" T = "0" Pressure = "0" />
		<Point X = "90" Y = "266" T = "0" Pressure = "0" />
		<Point X = "91" Y = "268" T = "0" Pressure = "0" />
		<Point X = "93" Y = "270" T = "0" Pressure = "0" />
		<Point X = "97" Y = "272" T = "0" Pressure = "0" />
		<Point X = "100" Y = "275" T = "0" Pressure = "0" />
		<Point X = "106" Y = "279" T = "0" Pressure = "0" />
		<Point X = "110" Y = "281" T = "0" Pressure = "0" />
		<Point X = "116" Y = "285" T = "0" Pressure = "0" />
		<Point X = "125" Y = "290" T = "0" Pressure = "0" />
		<Point X = "128" Y = "291" T = "0" Pressure = "0" />
		<Point X = "133" Y = "294" T = "0" Pressure = "0" />
		<Point X = "134" Y = "295" T = "0" Pressure = "0" />
		<Point X = "138" Y = "296" T = "0" Pressure = "0" />
		<Point X = "139" Y = "296" T = "0" Pressure = "0" />
		<Point X = "142" Y = "297" T = "0" Pressure = "0" />
		<Point X = "143" Y = "297" T = "0" Pressure = "0" />
		<Point X = "145" Y = "297" T = "0" Pressure = "0" />
		<Point X = "148" Y = "297" T = "0" Pressure = "0" />
		<Point X = "150" Y = "297" T = "0" Pressure = "0" />
		<Point X = "153" Y = "297" T = "0" Pressure = "0" />
		<Point X = "157" Y = "297" T = "0" Pressure = "0" />
		<Point X = "160" Y = "297" T = "0" Pressure = "0" />
		<Point X = "163" Y = "297" T = "0" Pressure = "0" />
		<Point X = "165" Y = "297" T = "0" Pressure = "0" />
		<Point X = "169" Y = "297" T = "0" Pressure = "0" />
		<Point X = "172" Y = "295" T = "0" Pressure = "0" />
		<Point X = "174" Y = "293" T = "0" Pressure = "0" />
		<Point X = "176" Y = "291" T = "0" Pressure = "0" />
		<Point X = "178" Y = "286" T = "0" Pressure = "0" />
		<Point X = "179" Y = "284" T = "0" Pressure = "0" />
		<Point X = "180" Y = "282" T = "0" Pressure = "0" />
		<Point X = "181" Y = "279" T = "0" Pressure = "0" />
		<Point X = "182" Y = "277" T = "0" Pressure = "0" />
		<Point X = "183" Y = "273" T = "0" Pressure = "0" />
		<Point X = "183" Y = "272" T = "0" Pressure = "0" />
		<Point X = "183" Y = "269" T = "0" Pressure = "0" />
		<Point X = "183" Y = "267" T = "0" Pressure = "0" />
		<Point X = "183" Y = "263" T = "0" Pressure = "0" />
		<Point X = "183" Y = "260" T = "0" Pressure = "0" />
		<Point X = "183" Y = "258" T = "0" Pressure = "0" />
		<Point X = "183" Y = "255" T = "0" Pressure = "0" />
		<Point X = "182" Y = "251" T = "0" Pressure = "0" />
		<Point X = "178" Y = "247" T = "0" Pressure = "0" />
		<Point X = "174" Y = "244" T = "0" Pressure = "0" />
		<Point X = "170" Y = "240" T = "0" Pressure = "0" />
		<Point X = "166" Y = "236" T = "0" Pressure = "0" />
		<Point X = "161" Y = "234" T = "0" Pressure = "0" />
		<Point X = "156" Y = "232" T = "0" Pressure = "0" />
		<Point X = "152" Y = "230" T = "0" Pressure = "0" />
		<Point X = "147" Y = "228" T = "0" Pressure = "0" />
		<Point X = "143" Y = "226" T = "0" Pressure = "0" />
		<Point X = "137" Y = "223" T = "0" Pressure = "0" />
		<Point X = "136" Y = "223" T = "0" Pressure = "0" />
		<Point X = "134" Y = "222" T = "0" Pressure = "0" />
		<Point X = "133" Y = "222" T = "0" Pressure = "0" />
		<Point X = "131" Y = "222" T = "0" Pressure = "0" />
		<Point X = "130" Y = "222" T = "0" Pressure = "0" />
		<Point X = "127" Y = "222" T = "0" Pressure = "0" />
		<Point X = "123" Y = "222" T = "0" Pressure = "0" />
		<Point X = "119" Y = "222" T = "0" Pressure = "0" />
		<Point X = "113" Y = "222" T = "0" Pressure = "0" />
		<Point X = "106" Y = "222" T = "0" Pressure = "0" />
		<Point X = "101" Y = "222" T = "0" Pressure = "0" />
		<Point X = "95" Y = "222" T = "0" Pressure = "0" />
		<Point X = "92" Y = "222" T = "0" Pressure = "0" />
		<Point X = "90" Y = "222" T = "0" Pressure = "0" />
		<Point X = "87" Y = "222" T = "0" Pressure = "0" />
		<Point X = "85" Y = "223" T = "0" Pressure = "0" />
		<Point X = "83" Y = "224" T = "0" Pressure = "0" />
		<Point X = "79" Y = "226" T = "0" Pressure = "0" />
		<Point X = "76" Y = "228" T = "0" Pressure = "0" />
		<Point X = "74" Y = "230" T = "0" Pressure = "0" />
		<Point X = "72" Y = "232" T = "0" Pressure = "0" />
		<Point X = "70" Y = "234" T = "0" Pressure = "0" />
		<Point X = "70" Y = "235" T = "0" Pressure = "0" />
		<Point X = "69" Y = "237" T = "0" Pressure = "0" />
		<Point X = "69" Y = "238" T = "0" Pressure = "0" />
		<Point X = "69" Y = "239" T = "0" Pressure = "0" />
		<Point X = "69" Y = "240" T = "0" Pressure = "0" />
		<Point X = "71" Y = "240" T = "0" Pressure = "0" />
	</Stroke>
</Gesture>
