<?xml version="1.0" encoding="utf-8" standalone="yes"?>
<Gesture Name = "b">
	<Stroke>
		<Point X = "337" Y = "19" T = "0" Pressure = "0" />
		<Point X = "336" Y = "20" T = "0" Pressure = "0" />
		<Point X = "336" Y = "23" T = "0" Pressure = "0" />
		<Point X = "335" Y = "25" T = "0" Pressure = "0" />
		<Point X = "334" Y = "29" T = "0" Pressure = "0" />
		<Point X = "332" Y = "32" T = "0" Pressure = "0" />
		<Point X = "331" Y = "41" T = "0" Pressure = "0" />
		<Point X = "330" Y = "46" T = "0" Pressure = "0" />
		<Point X = "330" Y = "56" T = "0" Pressure = "0" />
		<Point X = "330" Y = "66" T = "0" Pressure = "0" />
		<Point X = "328" Y = "77" T = "0" Pressure = "0" />
		<Point X = "327" Y = "84" T = "0" Pressure = "0" />
		<Point X = "327" Y = "93" T = "0" Pressure = "0" />
		<Point X = "326" Y = "102" T = "0" Pressure = "0" />
		<Point X = "325" Y = "109" T = "0" Pressure = "0" />
		<Point X = "324" Y = "114" T = "0" Pressure = "0" />
		<Point X = "323" Y = "118" T = "0" Pressure = "0" />
		<Point X = "323" Y = "122" T = "0" Pressure = "0" />
		<Point X = "323" Y = "126" T = "0" Pressure = "0" />
		<Point X = "323" Y = "132" T = "0" Pressure = "0" />
		<Point X = "323" Y = "136" T = "0" Pressure = "0" />
		<Point X = "323" Y = "140" T = "0" Pressure = "0" />
		<Point X = "323" Y = "143" T = "0" Pressure = "0" />
		<Point X = "323" Y = "145" T = "0" Pressure = "0" />
		<Point X = "323" Y = "148" T = "0" Pressure = "0" />
		<Point X = "323" Y = "151" T = "0" Pressure = "0" />
		<Point X = "323" Y = "153" T = "0" Pressure = "0" />
		<Point X = "323" Y = "155" T = "0" Pressure = "0" />
		<Point X = "323" Y = "158" T = "0" Pressure = "0" />
		<Point X = "323" Y = "160" T = "0" Pressure = "0" />
		<Point X = "323" Y = "163" T = "0" Pressure = "0" />
		<Point X = "323" Y = "167" T = "0" Pressure = "0" />
		<Point X = "323" Y = "172" T = "0" Pressure = "0" />
		<Point X = "324" Y = "177" T = "0" Pressure = "0" />
		<Point X = "325" Y = "182" T = "0" Pressure = "0" />
		<Point X = "328" Y = "188" T = "0" Pressure = "0" />
		<Point X = "329" Y = "191" T = "0" Pressure = "0" />
		<Point X = "331" Y = "194" T = "0" Pressure = "0" />
		<Point X = "332" Y = "196" T = "0" Pressure = "0" />
		<Point X = "334" Y = "197" T = "0" Pressure = "0" />
		<Point X = "336" Y = "198" T = "0" Pressure = "0" />
		<Point X = "339" Y = "198" T = "0" Pressure = "0" />
		<Point X = "342" Y = "198" T = "0" Pressure = "0" />
		<Point X = "344" Y = "198" T = "0" Pressure = "0" />
		<Point X = "347" Y = "198" T = "0" Pressure = "0" />
		<Point X = "350" Y = "198" T = "0" Pressure = "0" />
		<Point X = "352" Y = "198" T = "0" Pressure = "0" />
		<Point X = "353" Y = "198" T = "0" Pressure = "0" />
		<Point X = "354" Y = "198" T = "0" Pressure = "0" />
		<Point X = "356" Y = "197" T = "0" Pressure = "0" />
		<Point X = "357" Y = "197" T = "0" Pressure = "0" />
		<Point X = "358" Y = "197" T = "0" Pressure = "0" />
		<Point X = "360" Y = "197" T = "0" Pressure = "0" />
		<Point X = "360" Y = "196" T = "0" Pressure = "0" />
		<Point X = "361" Y = "196" T = "0" Pressure = "0" />
		<Point X = "364" Y = "196" T = "0" Pressure = "0" />
		<Point X = "366" Y = "195" T = "0" Pressure = "0" />
		<Point X = "367" Y = "194" T = "0" Pressure = "0" />
		<Point X = "369" Y = "193" T = "0" Pressure = "0" />
		<Point X = "371" Y = "190" T = "0" Pressure = "0" />
		<Point X = "374" Y = "188" T = "0" Pressure = "0" />
		<Point X = "375" Y = "186" T = "0" Pressure = "0" />
		<Point X = "376" Y = "183" T = "0" Pressure = "0" />
		<Point X = "378" Y = "179" T = "0" Pressure = "0" />
		<Point X = "379" Y = "176" T = "0" Pressure = "0" />
		<Point X = "380" Y = "174" T = "0" Pressure = "0" />
		<Point X = "380" Y = "171" T = "0" Pressure = "0" />
		<Point X = "380" Y = "168" T = "0" Pressure = "0" />
		<Point X = "381" Y = "167" T = "0" Pressure = "0" />
		<Point X = "381" Y = "165" T = "0" Pressure = "0" />
		<Point X = "381" Y = "163" T = "0" Pressure = "0" />
		<Point X = "381" Y = "160" T = "0" Pressure = "0" />
		<Point X = "379" Y = "159" T = "0" Pressure = "0" />
		<Point X = "378" Y = "157" T = "0" Pressure = "0" />
		<Point X = "375" Y = "154" T = "0" Pressure = "0" />
		<Point X = "373" Y = "153" T = "0" Pressure = "0" />
		<Point X = "371" Y = "152" T = "0" Pressure = "0" />
		<Point X = "369" Y = "150" T = "0" Pressure = "0" />
		<Point X = "366" Y = "149" T = "0" Pressure = "0" />
		<Point X = "363" Y = "147" T = "0" Pressure = "0" />
		<Point X = "361" Y = "146" T = "0" Pressure = "0" />
		<Point X = "358" Y = "145" T = "0" Pressure = "0" />
		<Point X = "356" Y = "145" T = "0" Pressure = "0" />
		<Point X = "356" Y = "144" T = "0" Pressure = "0" />
		<Point X = "354" Y = "144" T = "0" Pressure = "0" />
		<Point X = "352" Y = "144" T = "0" Pressure = "0" />
		<Point X = "350" Y = "143" T = "0" Pressure = "0" />
		<Point X = "349" Y = "143" T = "0" Pressure = "0" />
		<Point X = "346" Y = "143" T = "0" Pressure = "0" />
		<Point X = "343" Y = "143" T = "0" Pressure = "0" />
		<Point X = "339" Y = "141" T = "0" Pressure = "0" />
		<Point X = "337" Y = "141" T = "0" Pressure = "0" />
		<Point X = "335" Y = "141" T = "0" Pressure = "0" />
		<Point X = "334" Y = "141" T = "0" Pressure = "0" />
		<Point X = "332" Y = "140" T = "0" Pressure = "0" />
		<Point X = "331" Y = "140" T = "0" Pressure = "0" />
		<Point X = "329" Y = "140" T = "0" Pressure = "0" />
		<Point X = "328" Y = "141" T = "0" Pressure = "0" />
	</Stroke>
</Gesture>
