<?xml version="1.0" encoding="utf-8" standalone="yes"?>
<Gesture Name = "b">
	<Stroke>
		<Point X = "204" Y = "53" T = "0" Pressure = "0" />
		<Point X = "204" Y = "55" T = "0" Pressure = "0" />
		<Point X = "204" Y = "58" T = "0" Pressure = "0" />
		<Point X = "204" Y = "61" T = "0" Pressure = "0" />
		<Point X = "204" Y = "64" T = "0" Pressure = "0" />
		<Point X = "204" Y = "67" T = "0" Pressure = "0" />
		<Point X = "204" Y = "71" T = "0" Pressure = "0" />
		<Point X = "204" Y = "74" T = "0" Pressure = "0" />
		<Point X = "204" Y = "78" T = "0" Pressure = "0" />
		<Point X = "204" Y = "82" T = "0" Pressure = "0" />
		<Point X = "204" Y = "87" T = "0" Pressure = "0" />
		<Point X = "204" Y = "91" T = "0" Pressure = "0" />
		<Point X = "204" Y = "95" T = "0" Pressure = "0" />
		<Point X = "204" Y = "98" T = "0" Pressure = "0" />
		<Point X = "204" Y = "101" T = "0" Pressure = "0" />
		<Point X = "204" Y = "105" T = "0" Pressure = "0" />
		<Point X = "204" Y = "108" T = "0" Pressure = "0" />
		<Point X = "204" Y = "112" T = "0" Pressure = "0" />
		<Point X = "204" Y = "117" T = "0" Pressure = "0" />
		<Point X = "204" Y = "120" T = "0" Pressure = "0" />
		<Point X = "204" Y = "124" T = "0" Pressure = "0" />
		<Point X = "204" Y = "127" T = "0" Pressure = "0" />
		<Point X = "204" Y = "129" T = "0" Pressure = "0" />
		<Point X = "204" Y = "132" T = "0" Pressure = "0" />
		<Point X = "204" Y = "134" T = "0" Pressure = "0" />
		<Point X = "204" Y = "136" T = "0" Pressure = "0" />
		<Point X = "204" Y = "138" T = "0" Pressure = "0" />
		<Point X = "204" Y = "139" T = "0" Pressure = "0" />
		<Point X = "204" Y = "142" T = "0" Pressure = "0" />
		<Point X = "204" Y = "143" T = "0" Pressure = "0" />
		<Point X = "204" Y = "146" T = "0" Pressure = "0" />
		<Point X = "204" Y = "149" T = "0" Pressure = "0" />
		<Point X = "204" Y = "150" T = "0" Pressure = "0" />
		<Point X = "205" Y = "154" T = "0" Pressure = "0" />
		<Point X = "205" Y = "157" T = "0" Pressure = "0" />
		<Point X = "205" Y = "160" T = "0" Pressure = "0" />
		<Point X = "205" Y = "163" T = "0" Pressure = "0" />
		<Point X = "205" Y = "167" T = "0" Pressure = "0" />
		<Point X = "205" Y = "171" T = "0" Pressure = "0" />
		<Point X = "205" Y = "173" T = "0" Pressure = "0" />
		<Point X = "205" Y = "176" T = "0" Pressure = "0" />
		<Point X = "205" Y = "177" T = "0" Pressure = "0" />
		<Point X = "205" Y = "178" T = "0" Pressure = "0" />
		<Point X = "205" Y = "180" T = "0" Pressure = "0" />
		<Point X = "205" Y = "181" T = "0" Pressure = "0" />
		<Point X = "205" Y = "182" T = "0" Pressure = "0" />
		<Point X = "205" Y = "183" T = "0" Pressure = "0" />
		<Point X = "205" Y = "184" T = "0" Pressure = "0" />
		<Point X = "205" Y = "186" T = "0" Pressure = "0" />
		<Point X = "205" Y = "189" T = "0" Pressure = "0" />
		<Point X = "205" Y = "191" T = "0" Pressure = "0" />
		<Point X = "205" Y = "194" T = "0" Pressure = "0" />
		<Point X = "206" Y = "195" T = "0" Pressure = "0" />
		<Point X = "206" Y = "197" T = "0" Pressure = "0" />
		<Point X = "206" Y = "199" T = "0" Pressure = "0" />
		<Point X = "207" Y = "200" T = "0" Pressure = "0" />
		<Point X = "207" Y = "201" T = "0" Pressure = "0" />
		<Point X = "208" Y = "202" T = "0" Pressure = "0" />
		<Point X = "208" Y = "203" T = "0" Pressure = "0" />
		<Point X = "208" Y = "204" T = "0" Pressure = "0" />
		<Point X = "209" Y = "205" T = "0" Pressure = "0" />
		<Point X = "209" Y = "206" T = "0" Pressure = "0" />
		<Point X = "209" Y = "207" T = "0" Pressure = "0" />
		<Point X = "210" Y = "208" T = "0" Pressure = "0" />
		<Point X = "210" Y = "209" T = "0" Pressure = "0" />
		<Point X = "211" Y = "211" T = "0" Pressure = "0" />
		<Point X = "212" Y = "211" T = "0" Pressure = "0" />
		<Point X = "212" Y = "213" T = "0" Pressure = "0" />
		<Point X = "212" Y = "214" T = "0" Pressure = "0" />
		<Point X = "215" Y = "217" T = "0" Pressure = "0" />
		<Point X = "215" Y = "218" T = "0" Pressure = "0" />
		<Point X = "216" Y = "219" T = "0" Pressure = "0" />
		<Point X = "217" Y = "221" T = "0" Pressure = "0" />
		<Point X = "219" Y = "222" T = "0" Pressure = "0" />
		<Point X = "221" Y = "225" T = "0" Pressure = "0" />
		<Point X = "222" Y = "226" T = "0" Pressure = "0" />
		<Point X = "225" Y = "226" T = "0" Pressure = "0" />
		<Point X = "226" Y = "228" T = "0" Pressure = "0" />
		<Point X = "228" Y = "228" T = "0" Pressure = "0" />
		<Point X = "229" Y = "229" T = "0" Pressure = "0" />
		<Point X = "230" Y = "229" T = "0" Pressure = "0" />
		<Point X = "232" Y = "230" T = "0" Pressure = "0" />
		<Point X = "233" Y = "230" T = "0" Pressure = "0" />
		<Point X = "233" Y = "231" T = "0" Pressure = "0" />
		<Point X = "234" Y = "231" T = "0" Pressure = "0" />
		<Point X = "236" Y = "231" T = "0" Pressure = "0" />
		<Point X = "237" Y = "231" T = "0" Pressure = "0" />
		<Point X = "239" Y = "231" T = "0" Pressure = "0" />
		<Point X = "242" Y = "231" T = "0" Pressure = "0" />
		<Point X = "245" Y = "232" T = "0" Pressure = "0" />
		<Point X = "246" Y = "232" T = "0" Pressure = "0" />
		<Point X = "248" Y = "232" T = "0" Pressure = "0" />
		<Point X = "250" Y = "232" T = "0" Pressure = "0" />
		<Point X = "252" Y = "232" T = "0" Pressure = "0" />
		<Point X = "253" Y = "232" T = "0" Pressure = "0" />
		<Point X = "255" Y = "232" T = "0" Pressure = "0" />
		<Point X = "258" Y = "232" T = "0" Pressure = "0" />
		<Point X = "259" Y = "231" T = "0" Pressure = "0" />
		<Point X = "261" Y = "230" T = "0" Pressure = "0" />
		<Point X = "263" Y = "229" T = "0" Pressure = "0" />
		<Point X = "264" Y = "228" T = "0" Pressure = "0" />
		<Point X = "265" Y = "228" T = "0" Pressure = "0" />
		<Point X = "266" Y = "227" T = "0" Pressure = "0" />
		<Point X = "267" Y = "226" T = "0" Pressure = "0" />
		<Point X = "268" Y = "225" T = "0" Pressure = "0" />
		<Point X = "270" Y = "223" T = "0" Pressure = "0" />
		<Point X = "271" Y = "223" T = "0" Pressure = "0" />
		<Point X = "273" Y = "220" T = "0" Pressure = "0" />
		<Point X = "275" Y = "218" T = "0" Pressure = "0" />
		<Point X = "275" Y = "216" T = "0" Pressure = "0" />
		<Point X = "277" Y = "213" T = "0" Pressure = "0" />
		<Point X = "278" Y = "210" T = "0" Pressure = "0" />
		<Point X = "278" Y = "209" T = "0" Pressure = "0" />
		<Point X = "278" Y = "208" T = "0" Pressure = "0" />
		<Point X = "278" Y = "206" T = "0" Pressure = "0" />
		<Point X = "278" Y = "204" T = "0" Pressure = "0" />
		<Point X = "278" Y = "203" T = "0" Pressure = "0" />
		<Point X = "278" Y = "200" T = "0" Pressure = "0" />
		<Point X = "278" Y = "199" T = "0" Pressure = "0" />
		<Point X = "278" Y = "198" T = "0" Pressure = "0" />
		<Point X = "278" Y = "197" T = "0" Pressure = "0" />
		<Point X = "278" Y = "196" T = "0" Pressure = "0" />
		<Point X = "278" Y = "194" T = "0" Pressure = "0" />
		<Point X = "278" Y = "192" T = "0" Pressure = "0" />
		<Point X = "278" Y = "190" T = "0" Pressure = "0" />
		<Point X = "278" Y = "189" T = "0" Pressure = "0" />
		<Point X = "278" Y = "187" T = "0" Pressure = "0" />
		<Point X = "277" Y = "186" T = "0" Pressure = "0" />
		<Point X = "277" Y = "184" T = "0" Pressure = "0" />
		<Point X = "275" Y = "182" T = "0" Pressure = "0" />
		<Point X = "274" Y = "181" T = "0" Pressure = "0" />
		<Point X = "273" Y = "179" T = "0" Pressure = "0" />
		<Point X = "272" Y = "179" T = "0" Pressure = "0" />
		<Point X = "272" Y = "178" T = "0" Pressure = "0" />
		<Point X = "270" Y = "177" T = "0" Pressure = "0" />
		<Point X = "270" Y = "176" T = "0" Pressure = "0" />
		<Point X = "268" Y = "176" T = "0" Pressure = "0" />
		<Point X = "267" Y = "174" T = "0" Pressure = "0" />
		<Point X = "266" Y = "173" T = "0" Pressure = "0" />
		<Point X = "264" Y = "172" T = "0" Pressure = "0" />
		<Point X = "264" Y = "171" T = "0" Pressure = "0" />
		<Point X = "262" Y = "170" T = "0" Pressure = "0" />
		<Point X = "261" Y = "169" T = "0" Pressure = "0" />
		<Point X = "259" Y = "168" T = "0" Pressure = "0" />
		<Point X = "258" Y = "167" T = "0" Pressure = "0" />
		<Point X = "256" Y = "166" T = "0" Pressure = "0" />
		<Point X = "256" Y = "165" T = "0" Pressure = "0" />
		<Point X = "255" Y = "165" T = "0" Pressure = "0" />
		<Point X = "253" Y = "165" T = "0" Pressure = "0" />
		<Point X = "251" Y = "165" T = "0" Pressure = "0" />
		<Point X = "250" Y = "165" T = "0" Pressure = "0" />
		<Point X = "248" Y = "165" T = "0" Pressure = "0" />
		<Point X = "247" Y = "165" T = "0" Pressure = "0" />
		<Point X = "245" Y = "164" T = "0" Pressure = "0" />
		<Point X = "243" Y = "164" T = "0" Pressure = "0" />
		<Point X = "241" Y = "164" T = "0" Pressure = "0" />
		<Point X = "240" Y = "164" T = "0" Pressure = "0" />
		<Point X = "239" Y = "164" T = "0" Pressure = "0" />
		<Point X = "237" Y = "164" T = "0" Pressure = "0" />
		<Point X = "235" Y = "164" T = "0" Pressure = "0" />
		<Point X = "234" Y = "164" T = "0" Pressure = "0" />
		<Point X = "233" Y = "164" T = "0" Pressure = "0" />
		<Point X = "232" Y = "164" T = "0" Pressure = "0" />
		<Point X = "231" Y = "164" T = "0" Pressure = "0" />
		<Point X = "230" Y = "164" T = "0" Pressure = "0" />
		<Point X = "229" Y = "164" T = "0" Pressure = "0" />
		<Point X = "228" Y = "164" T = "0" Pressure = "0" />
		<Point X = "226" Y = "164" T = "0" Pressure = "0" />
		<Point X = "225" Y = "164" T = "0" Pressure = "0" />
		<Point X = "224" Y = "164" T = "0" Pressure = "0" />
		<Point X = "223" Y = "164" T = "0" Pressure = "0" />
		<Point X = "222" Y = "164" T = "0" Pressure = "0" />
		<Point X = "221" Y = "164" T = "0" Pressure = "0" />
		<Point X = "219" Y = "164" T = "0" Pressure = "0" />
		<Point X = "218" Y = "164" T = "0" Pressure = "0" />
		<Point X = "216" Y = "164" T = "0" Pressure = "0" />
		<Point X = "215" Y = "164" T = "0" Pressure = "0" />
		<Point X = "214" Y = "164" T = "0" Pressure = "0" />
		<Point X = "213" Y = "164" T = "0" Pressure = "0" />
		<Point X = "212" Y = "164" T = "0" Pressure = "0" />
		<Point X = "211" Y = "164" T = "0" Pressure = "0" />
		<Point X = "210" Y = "164" T = "0" Pressure = "0" />
		<Point X = "209" Y = "164" T = "0" Pressure = "0" />
		<Point X = "208" Y = "164" T = "0" Pressure = "0" />
		<Point X = "207" Y = "164" T = "0" Pressure = "0" />
	</Stroke>
</Gesture>
