<?xml version="1.0" encoding="utf-8" standalone="yes"?>
<Gesture Name = "b">
	<Stroke>
		<Point X = "149" Y = "66" T = "0" Pressure = "0" />
		<Point X = "149" Y = "67" T = "0" Pressure = "0" />
		<Point X = "149" Y = "68" T = "0" Pressure = "0" />
		<Point X = "149" Y = "69" T = "0" Pressure = "0" />
		<Point X = "149" Y = "71" T = "0" Pressure = "0" />
		<Point X = "149" Y = "73" T = "0" Pressure = "0" />
		<Point X = "149" Y = "74" T = "0" Pressure = "0" />
		<Point X = "149" Y = "76" T = "0" Pressure = "0" />
		<Point X = "149" Y = "77" T = "0" Pressure = "0" />
		<Point X = "149" Y = "78" T = "0" Pressure = "0" />
		<Point X = "149" Y = "79" T = "0" Pressure = "0" />
		<Point X = "149" Y = "81" T = "0" Pressure = "0" />
		<Point X = "149" Y = "83" T = "0" Pressure = "0" />
		<Point X = "149" Y = "84" T = "0" Pressure = "0" />
		<Point X = "149" Y = "86" T = "0" Pressure = "0" />
		<Point X = "149" Y = "87" T = "0" Pressure = "0" />
		<Point X = "149" Y = "89" T = "0" Pressure = "0" />
		<Point X = "149" Y = "90" T = "0" Pressure = "0" />
		<Point X = "149" Y = "91" T = "0" Pressure = "0" />
		<Point X = "149" Y = "92" T = "0" Pressure = "0" />
		<Point X = "149" Y = "94" T = "0" Pressure = "0" />
		<Point X = "149" Y = "96" T = "0" Pressure = "0" />
		<Point X = "149" Y = "98" T = "0" Pressure = "0" />
		<Point X = "149" Y = "100" T = "0" Pressure = "0" />
		<Point X = "149" Y = "101" T = "0" Pressure = "0" />
		<Point X = "149" Y = "103" T = "0" Pressure = "0" />
		<Point X = "149" Y = "104" T = "0" Pressure = "0" />
		<Point X = "149" Y = "106" T = "0" Pressure = "0" />
		<Point X = "149" Y = "107" T = "0" Pressure = "0" />
		<Point X = "149" Y = "108" T = "0" Pressure = "0" />
		<Point X = "149" Y = "110" T = "0" Pressure = "0" />
		<Point X = "149" Y = "113" T = "0" Pressure = "0" />
		<Point X = "149" Y = "114" T = "0" Pressure = "0" />
		<Point X = "149" Y = "117" T = "0" Pressure = "0" />
		<Point X = "149" Y = "118" T = "0" Pressure = "0" />
		<Point X = "149" Y = "120" T = "0" Pressure = "0" />
		<Point X = "149" Y = "121" T = "0" Pressure = "0" />
		<Point X = "149" Y = "123" T = "0" Pressure = "0" />
		<Point X = "149" Y = "124" T = "0" Pressure = "0" />
		<Point X = "148" Y = "125" T = "0" Pressure = "0" />
		<Point X = "148" Y = "128" T = "0" Pressure = "0" />
		<Point X = "148" Y = "130" T = "0" Pressure = "0" />
		<Point X = "148" Y = "132" T = "0" Pressure = "0" />
		<Point X = "148" Y = "134" T = "0" Pressure = "0" />
		<Point X = "148" Y = "135" T = "0" Pressure = "0" />
		<Point X = "148" Y = "137" T = "0" Pressure = "0" />
		<Point X = "148" Y = "138" T = "0" Pressure = "0" />
		<Point X = "148" Y = "140" T = "0" Pressure = "0" />
		<Point X = "148" Y = "141" T = "0" Pressure = "0" />
		<Point X = "148" Y = "142" T = "0" Pressure = "0" />
		<Point X = "148" Y = "144" T = "0" Pressure = "0" />
		<Point X = "148" Y = "145" T = "0" Pressure = "0" />
		<Point X = "148" Y = "146" T = "0" Pressure = "0" />
		<Point X = "148" Y = "148" T = "0" Pressure = "0" />
		<Point X = "148" Y = "150" T = "0" Pressure = "0" />
		<Point X = "148" Y = "152" T = "0" Pressure = "0" />
		<Point X = "148" Y = "154" T = "0" Pressure = "0" />
		<Point X = "148" Y = "158" T = "0" Pressure = "0" />
		<Point X = "148" Y = "160" T = "0" Pressure = "0" />
		<Point X = "148" Y = "164" T = "0" Pressure = "0" />
		<Point X = "148" Y = "167" T = "0" Pressure = "0" />
		<Point X = "148" Y = "169" T = "0" Pressure = "0" />
		<Point X = "148" Y = "171" T = "0" Pressure = "0" />
		<Point X = "148" Y = "173" T = "0" Pressure = "0" />
		<Point X = "148" Y = "175" T = "0" Pressure = "0" />
		<Point X = "148" Y = "176" T = "0" Pressure = "0" />
		<Point X = "148" Y = "177" T = "0" Pressure = "0" />
		<Point X = "148" Y = "179" T = "0" Pressure = "0" />
		<Point X = "148" Y = "180" T = "0" Pressure = "0" />
		<Point X = "148" Y = "181" T = "0" Pressure = "0" />
		<Point X = "148" Y = "184" T = "0" Pressure = "0" />
		<Point X = "148" Y = "186" T = "0" Pressure = "0" />
		<Point X = "148" Y = "188" T = "0" Pressure = "0" />
		<Point X = "148" Y = "191" T = "0" Pressure = "0" />
		<Point X = "148" Y = "194" T = "0" Pressure = "0" />
		<Point X = "148" Y = "196" T = "0" Pressure = "0" />
		<Point X = "148" Y = "199" T = "0" Pressure = "0" />
		<Point X = "148" Y = "201" T = "0" Pressure = "0" />
		<Point X = "148" Y = "203" T = "0" Pressure = "0" />
		<Point X = "148" Y = "205" T = "0" Pressure = "0" />
		<Point X = "148" Y = "206" T = "0" Pressure = "0" />
		<Point X = "148" Y = "208" T = "0" Pressure = "0" />
		<Point X = "148" Y = "211" T = "0" Pressure = "0" />
		<Point X = "149" Y = "213" T = "0" Pressure = "0" />
		<Point X = "149" Y = "214" T = "0" Pressure = "0" />
		<Point X = "150" Y = "216" T = "0" Pressure = "0" />
		<Point X = "150" Y = "221" T = "0" Pressure = "0" />
		<Point X = "150" Y = "222" T = "0" Pressure = "0" />
		<Point X = "151" Y = "225" T = "0" Pressure = "0" />
		<Point X = "153" Y = "228" T = "0" Pressure = "0" />
		<Point X = "153" Y = "233" T = "0" Pressure = "0" />
		<Point X = "153" Y = "236" T = "0" Pressure = "0" />
		<Point X = "154" Y = "237" T = "0" Pressure = "0" />
		<Point X = "154" Y = "241" T = "0" Pressure = "0" />
		<Point X = "154" Y = "243" T = "0" Pressure = "0" />
		<Point X = "154" Y = "245" T = "0" Pressure = "0" />
		<Point X = "155" Y = "247" T = "0" Pressure = "0" />
		<Point X = "155" Y = "248" T = "0" Pressure = "0" />
		<Point X = "155" Y = "249" T = "0" Pressure = "0" />
		<Point X = "155" Y = "250" T = "0" Pressure = "0" />
		<Point X = "156" Y = "251" T = "0" Pressure = "0" />
		<Point X = "157" Y = "252" T = "0" Pressure = "0" />
		<Point X = "158" Y = "253" T = "0" Pressure = "0" />
		<Point X = "158" Y = "254" T = "0" Pressure = "0" />
		<Point X = "159" Y = "256" T = "0" Pressure = "0" />
		<Point X = "160" Y = "258" T = "0" Pressure = "0" />
		<Point X = "162" Y = "261" T = "0" Pressure = "0" />
		<Point X = "164" Y = "264" T = "0" Pressure = "0" />
		<Point X = "166" Y = "266" T = "0" Pressure = "0" />
		<Point X = "169" Y = "269" T = "0" Pressure = "0" />
		<Point X = "170" Y = "272" T = "0" Pressure = "0" />
		<Point X = "172" Y = "274" T = "0" Pressure = "0" />
		<Point X = "172" Y = "275" T = "0" Pressure = "0" />
		<Point X = "173" Y = "275" T = "0" Pressure = "0" />
		<Point X = "174" Y = "276" T = "0" Pressure = "0" />
		<Point X = "174" Y = "277" T = "0" Pressure = "0" />
		<Point X = "175" Y = "278" T = "0" Pressure = "0" />
		<Point X = "176" Y = "278" T = "0" Pressure = "0" />
		<Point X = "180" Y = "280" T = "0" Pressure = "0" />
		<Point X = "183" Y = "281" T = "0" Pressure = "0" />
		<Point X = "186" Y = "282" T = "0" Pressure = "0" />
		<Point X = "187" Y = "282" T = "0" Pressure = "0" />
		<Point X = "188" Y = "282" T = "0" Pressure = "0" />
		<Point X = "189" Y = "284" T = "0" Pressure = "0" />
		<Point X = "190" Y = "284" T = "0" Pressure = "0" />
		<Point X = "191" Y = "284" T = "0" Pressure = "0" />
		<Point X = "193" Y = "284" T = "0" Pressure = "0" />
		<Point X = "196" Y = "284" T = "0" Pressure = "0" />
		<Point X = "200" Y = "284" T = "0" Pressure = "0" />
		<Point X = "202" Y = "284" T = "0" Pressure = "0" />
		<Point X = "205" Y = "284" T = "0" Pressure = "0" />
		<Point X = "207" Y = "284" T = "0" Pressure = "0" />
		<Point X = "209" Y = "283" T = "0" Pressure = "0" />
		<Point X = "210" Y = "282" T = "0" Pressure = "0" />
		<Point X = "214" Y = "279" T = "0" Pressure = "0" />
		<Point X = "216" Y = "278" T = "0" Pressure = "0" />
		<Point X = "217" Y = "276" T = "0" Pressure = "0" />
		<Point X = "221" Y = "274" T = "0" Pressure = "0" />
		<Point X = "224" Y = "272" T = "0" Pressure = "0" />
		<Point X = "229" Y = "269" T = "0" Pressure = "0" />
		<Point X = "231" Y = "267" T = "0" Pressure = "0" />
		<Point X = "232" Y = "266" T = "0" Pressure = "0" />
		<Point X = "233" Y = "265" T = "0" Pressure = "0" />
		<Point X = "235" Y = "263" T = "0" Pressure = "0" />
		<Point X = "236" Y = "262" T = "0" Pressure = "0" />
		<Point X = "237" Y = "261" T = "0" Pressure = "0" />
		<Point X = "238" Y = "260" T = "0" Pressure = "0" />
		<Point X = "238" Y = "258" T = "0" Pressure = "0" />
		<Point X = "238" Y = "257" T = "0" Pressure = "0" />
		<Point X = "238" Y = "253" T = "0" Pressure = "0" />
		<Point X = "238" Y = "251" T = "0" Pressure = "0" />
		<Point X = "238" Y = "249" T = "0" Pressure = "0" />
		<Point X = "238" Y = "246" T = "0" Pressure = "0" />
		<Point X = "238" Y = "243" T = "0" Pressure = "0" />
		<Point X = "238" Y = "240" T = "0" Pressure = "0" />
		<Point X = "238" Y = "239" T = "0" Pressure = "0" />
		<Point X = "238" Y = "236" T = "0" Pressure = "0" />
		<Point X = "238" Y = "232" T = "0" Pressure = "0" />
		<Point X = "238" Y = "230" T = "0" Pressure = "0" />
		<Point X = "238" Y = "227" T = "0" Pressure = "0" />
		<Point X = "238" Y = "224" T = "0" Pressure = "0" />
		<Point X = "238" Y = "221" T = "0" Pressure = "0" />
		<Point X = "238" Y = "219" T = "0" Pressure = "0" />
		<Point X = "236" Y = "215" T = "0" Pressure = "0" />
		<Point X = "236" Y = "213" T = "0" Pressure = "0" />
		<Point X = "234" Y = "211" T = "0" Pressure = "0" />
		<Point X = "234" Y = "209" T = "0" Pressure = "0" />
		<Point X = "233" Y = "208" T = "0" Pressure = "0" />
		<Point X = "232" Y = "207" T = "0" Pressure = "0" />
		<Point X = "231" Y = "206" T = "0" Pressure = "0" />
		<Point X = "230" Y = "204" T = "0" Pressure = "0" />
		<Point X = "229" Y = "204" T = "0" Pressure = "0" />
		<Point X = "228" Y = "204" T = "0" Pressure = "0" />
		<Point X = "227" Y = "204" T = "0" Pressure = "0" />
		<Point X = "224" Y = "202" T = "0" Pressure = "0" />
		<Point X = "223" Y = "202" T = "0" Pressure = "0" />
		<Point X = "222" Y = "202" T = "0" Pressure = "0" />
		<Point X = "221" Y = "201" T = "0" Pressure = "0" />
		<Point X = "220" Y = "201" T = "0" Pressure = "0" />
		<Point X = "219" Y = "200" T = "0" Pressure = "0" />
		<Point X = "218" Y = "200" T = "0" Pressure = "0" />
		<Point X = "217" Y = "200" T = "0" Pressure = "0" />
		<Point X = "216" Y = "200" T = "0" Pressure = "0" />
		<Point X = "213" Y = "200" T = "0" Pressure = "0" />
		<Point X = "213" Y = "199" T = "0" Pressure = "0" />
		<Point X = "211" Y = "199" T = "0" Pressure = "0" />
		<Point X = "210" Y = "198" T = "0" Pressure = "0" />
		<Point X = "207" Y = "198" T = "0" Pressure = "0" />
		<Point X = "205" Y = "198" T = "0" Pressure = "0" />
		<Point X = "203" Y = "198" T = "0" Pressure = "0" />
		<Point X = "202" Y = "198" T = "0" Pressure = "0" />
		<Point X = "200" Y = "198" T = "0" Pressure = "0" />
		<Point X = "199" Y = "197" T = "0" Pressure = "0" />
		<Point X = "198" Y = "197" T = "0" Pressure = "0" />
		<Point X = "196" Y = "197" T = "0" Pressure = "0" />
		<Point X = "195" Y = "197" T = "0" Pressure = "0" />
		<Point X = "194" Y = "197" T = "0" Pressure = "0" />
		<Point X = "193" Y = "197" T = "0" Pressure = "0" />
		<Point X = "191" Y = "197" T = "0" Pressure = "0" />
		<Point X = "190" Y = "197" T = "0" Pressure = "0" />
		<Point X = "189" Y = "197" T = "0" Pressure = "0" />
		<Point X = "188" Y = "197" T = "0" Pressure = "0" />
		<Point X = "187" Y = "197" T = "0" Pressure = "0" />
		<Point X = "186" Y = "197" T = "0" Pressure = "0" />
		<Point X = "185" Y = "197" T = "0" Pressure = "0" />
		<Point X = "183" Y = "197" T = "0" Pressure = "0" />
		<Point X = "181" Y = "197" T = "0" Pressure = "0" />
		<Point X = "180" Y = "197" T = "0" Pressure = "0" />
		<Point X = "179" Y = "197" T = "0" Pressure = "0" />
		<Point X = "178" Y = "197" T = "0" Pressure = "0" />
		<Point X = "177" Y = "197" T = "0" Pressure = "0" />
		<Point X = "176" Y = "197" T = "0" Pressure = "0" />
		<Point X = "174" Y = "197" T = "0" Pressure = "0" />
		<Point X = "173" Y = "197" T = "0" Pressure = "0" />
		<Point X = "172" Y = "197" T = "0" Pressure = "0" />
		<Point X = "171" Y = "197" T = "0" Pressure = "0" />
		<Point X = "170" Y = "197" T = "0" Pressure = "0" />
		<Point X = "169" Y = "198" T = "0" Pressure = "0" />
		<Point X = "168" Y = "198" T = "0" Pressure = "0" />
		<Point X = "167" Y = "198" T = "0" Pressure = "0" />
		<Point X = "166" Y = "198" T = "0" Pressure = "0" />
		<Point X = "165" Y = "198" T = "0" Pressure = "0" />
		<Point X = "164" Y = "199" T = "0" Pressure = "0" />
		<Point X = "163" Y = "199" T = "0" Pressure = "0" />
		<Point X = "162" Y = "199" T = "0" Pressure = "0" />
		<Point X = "160" Y = "201" T = "0" Pressure = "0" />
		<Point X = "158" Y = "201" T = "0" Pressure = "0" />
		<Point X = "157" Y = "202" T = "0" Pressure = "0" />
		<Point X = "156" Y = "202" T = "0" Pressure = "0" />
		<Point X = "155" Y = "202" T = "0" Pressure = "0" />
		<Point X = "154" Y = "203" T = "0" Pressure = "0" />
		<Point X = "153" Y = "204" T = "0" Pressure = "0" />
		<Point X = "152" Y = "204" T = "0" Pressure = "0" />
	</Stroke>
</Gesture>
