<?xml version="1.0" encoding="utf-8" standalone="yes"?>
<Gesture Name = "b">
	<Stroke>
		<Point X = "292" Y = "73" T = "0" Pressure = "0" />
		<Point X = "292" Y = "76" T = "0" Pressure = "0" />
		<Point X = "291" Y = "79" T = "0" Pressure = "0" />
		<Point X = "291" Y = "80" T = "0" Pressure = "0" />
		<Point X = "291" Y = "84" T = "0" Pressure = "0" />
		<Point X = "291" Y = "87" T = "0" Pressure = "0" />
		<Point X = "291" Y = "90" T = "0" Pressure = "0" />
		<Point X = "291" Y = "92" T = "0" Pressure = "0" />
		<Point X = "291" Y = "95" T = "0" Pressure = "0" />
		<Point X = "291" Y = "98" T = "0" Pressure = "0" />
		<Point X = "290" Y = "102" T = "0" Pressure = "0" />
		<Point X = "289" Y = "105" T = "0" Pressure = "0" />
		<Point X = "288" Y = "107" T = "0" Pressure = "0" />
		<Point X = "288" Y = "111" T = "0" Pressure = "0" />
		<Point X = "287" Y = "116" T = "0" Pressure = "0" />
		<Point X = "287" Y = "120" T = "0" Pressure = "0" />
		<Point X = "287" Y = "124" T = "0" Pressure = "0" />
		<Point X = "287" Y = "127" T = "0" Pressure = "0" />
		<Point X = "287" Y = "131" T = "0" Pressure = "0" />
		<Point X = "287" Y = "134" T = "0" Pressure = "0" />
		<Point X = "287" Y = "136" T = "0" Pressure = "0" />
		<Point X = "287" Y = "138" T = "0" Pressure = "0" />
		<Point X = "287" Y = "139" T = "0" Pressure = "0" />
		<Point X = "285" Y = "142" T = "0" Pressure = "0" />
		<Point X = "285" Y = "145" T = "0" Pressure = "0" />
		<Point X = "285" Y = "146" T = "0" Pressure = "0" />
		<Point X = "285" Y = "148" T = "0" Pressure = "0" />
		<Point X = "285" Y = "152" T = "0" Pressure = "0" />
		<Point X = "284" Y = "155" T = "0" Pressure = "0" />
		<Point X = "284" Y = "158" T = "0" Pressure = "0" />
		<Point X = "284" Y = "162" T = "0" Pressure = "0" />
		<Point X = "284" Y = "165" T = "0" Pressure = "0" />
		<Point X = "284" Y = "169" T = "0" Pressure = "0" />
		<Point X = "284" Y = "172" T = "0" Pressure = "0" />
		<Point X = "284" Y = "176" T = "0" Pressure = "0" />
		<Point X = "284" Y = "178" T = "0" Pressure = "0" />
		<Point X = "284" Y = "181" T = "0" Pressure = "0" />
		<Point X = "283" Y = "184" T = "0" Pressure = "0" />
		<Point X = "283" Y = "186" T = "0" Pressure = "0" />
		<Point X = "283" Y = "189" T = "0" Pressure = "0" />
		<Point X = "283" Y = "193" T = "0" Pressure = "0" />
		<Point X = "283" Y = "196" T = "0" Pressure = "0" />
		<Point X = "283" Y = "199" T = "0" Pressure = "0" />
		<Point X = "283" Y = "200" T = "0" Pressure = "0" />
		<Point X = "283" Y = "203" T = "0" Pressure = "0" />
		<Point X = "283" Y = "207" T = "0" Pressure = "0" />
		<Point X = "283" Y = "208" T = "0" Pressure = "0" />
		<Point X = "283" Y = "211" T = "0" Pressure = "0" />
		<Point X = "283" Y = "214" T = "0" Pressure = "0" />
		<Point X = "283" Y = "215" T = "0" Pressure = "0" />
		<Point X = "283" Y = "218" T = "0" Pressure = "0" />
		<Point X = "283" Y = "221" T = "0" Pressure = "0" />
		<Point X = "283" Y = "224" T = "0" Pressure = "0" />
		<Point X = "283" Y = "226" T = "0" Pressure = "0" />
		<Point X = "283" Y = "228" T = "0" Pressure = "0" />
		<Point X = "283" Y = "230" T = "0" Pressure = "0" />
		<Point X = "283" Y = "232" T = "0" Pressure = "0" />
		<Point X = "283" Y = "234" T = "0" Pressure = "0" />
		<Point X = "283" Y = "236" T = "0" Pressure = "0" />
		<Point X = "283" Y = "238" T = "0" Pressure = "0" />
		<Point X = "283" Y = "239" T = "0" Pressure = "0" />
		<Point X = "284" Y = "241" T = "0" Pressure = "0" />
		<Point X = "285" Y = "243" T = "0" Pressure = "0" />
		<Point X = "285" Y = "244" T = "0" Pressure = "0" />
		<Point X = "286" Y = "247" T = "0" Pressure = "0" />
		<Point X = "288" Y = "249" T = "0" Pressure = "0" />
		<Point X = "289" Y = "251" T = "0" Pressure = "0" />
		<Point X = "290" Y = "254" T = "0" Pressure = "0" />
		<Point X = "292" Y = "256" T = "0" Pressure = "0" />
		<Point X = "293" Y = "257" T = "0" Pressure = "0" />
		<Point X = "295" Y = "261" T = "0" Pressure = "0" />
		<Point X = "296" Y = "262" T = "0" Pressure = "0" />
		<Point X = "298" Y = "264" T = "0" Pressure = "0" />
		<Point X = "301" Y = "266" T = "0" Pressure = "0" />
		<Point X = "302" Y = "266" T = "0" Pressure = "0" />
		<Point X = "304" Y = "266" T = "0" Pressure = "0" />
		<Point X = "305" Y = "267" T = "0" Pressure = "0" />
		<Point X = "307" Y = "268" T = "0" Pressure = "0" />
		<Point X = "309" Y = "269" T = "0" Pressure = "0" />
		<Point X = "310" Y = "269" T = "0" Pressure = "0" />
		<Point X = "311" Y = "269" T = "0" Pressure = "0" />
		<Point X = "313" Y = "269" T = "0" Pressure = "0" />
		<Point X = "314" Y = "269" T = "0" Pressure = "0" />
		<Point X = "316" Y = "269" T = "0" Pressure = "0" />
		<Point X = "317" Y = "269" T = "0" Pressure = "0" />
		<Point X = "320" Y = "269" T = "0" Pressure = "0" />
		<Point X = "321" Y = "269" T = "0" Pressure = "0" />
		<Point X = "322" Y = "269" T = "0" Pressure = "0" />
		<Point X = "323" Y = "269" T = "0" Pressure = "0" />
		<Point X = "324" Y = "269" T = "0" Pressure = "0" />
		<Point X = "325" Y = "269" T = "0" Pressure = "0" />
		<Point X = "327" Y = "269" T = "0" Pressure = "0" />
		<Point X = "329" Y = "269" T = "0" Pressure = "0" />
		<Point X = "330" Y = "269" T = "0" Pressure = "0" />
		<Point X = "333" Y = "269" T = "0" Pressure = "0" />
		<Point X = "334" Y = "268" T = "0" Pressure = "0" />
		<Point X = "335" Y = "268" T = "0" Pressure = "0" />
		<Point X = "337" Y = "268" T = "0" Pressure = "0" />
		<Point X = "339" Y = "268" T = "0" Pressure = "0" />
		<Point X = "341" Y = "267" T = "0" Pressure = "0" />
		<Point X = "342" Y = "267" T = "0" Pressure = "0" />
		<Point X = "343" Y = "266" T = "0" Pressure = "0" />
		<Point X = "344" Y = "266" T = "0" Pressure = "0" />
		<Point X = "346" Y = "265" T = "0" Pressure = "0" />
		<Point X = "347" Y = "265" T = "0" Pressure = "0" />
		<Point X = "349" Y = "263" T = "0" Pressure = "0" />
		<Point X = "350" Y = "263" T = "0" Pressure = "0" />
		<Point X = "350" Y = "262" T = "0" Pressure = "0" />
		<Point X = "352" Y = "262" T = "0" Pressure = "0" />
		<Point X = "353" Y = "261" T = "0" Pressure = "0" />
		<Point X = "353" Y = "260" T = "0" Pressure = "0" />
		<Point X = "354" Y = "260" T = "0" Pressure = "0" />
		<Point X = "354" Y = "259" T = "0" Pressure = "0" />
		<Point X = "354" Y = "257" T = "0" Pressure = "0" />
		<Point X = "355" Y = "257" T = "0" Pressure = "0" />
		<Point X = "355" Y = "256" T = "0" Pressure = "0" />
		<Point X = "355" Y = "255" T = "0" Pressure = "0" />
		<Point X = "355" Y = "254" T = "0" Pressure = "0" />
		<Point X = "355" Y = "251" T = "0" Pressure = "0" />
		<Point X = "355" Y = "250" T = "0" Pressure = "0" />
		<Point X = "355" Y = "248" T = "0" Pressure = "0" />
		<Point X = "355" Y = "247" T = "0" Pressure = "0" />
		<Point X = "355" Y = "245" T = "0" Pressure = "0" />
		<Point X = "355" Y = "244" T = "0" Pressure = "0" />
		<Point X = "353" Y = "242" T = "0" Pressure = "0" />
		<Point X = "353" Y = "241" T = "0" Pressure = "0" />
		<Point X = "353" Y = "240" T = "0" Pressure = "0" />
		<Point X = "352" Y = "238" T = "0" Pressure = "0" />
		<Point X = "350" Y = "236" T = "0" Pressure = "0" />
		<Point X = "349" Y = "235" T = "0" Pressure = "0" />
		<Point X = "348" Y = "234" T = "0" Pressure = "0" />
		<Point X = "346" Y = "232" T = "0" Pressure = "0" />
		<Point X = "346" Y = "231" T = "0" Pressure = "0" />
		<Point X = "345" Y = "230" T = "0" Pressure = "0" />
		<Point X = "345" Y = "229" T = "0" Pressure = "0" />
		<Point X = "343" Y = "228" T = "0" Pressure = "0" />
		<Point X = "343" Y = "227" T = "0" Pressure = "0" />
		<Point X = "342" Y = "227" T = "0" Pressure = "0" />
		<Point X = "340" Y = "226" T = "0" Pressure = "0" />
		<Point X = "339" Y = "225" T = "0" Pressure = "0" />
		<Point X = "337" Y = "225" T = "0" Pressure = "0" />
		<Point X = "336" Y = "224" T = "0" Pressure = "0" />
		<Point X = "335" Y = "223" T = "0" Pressure = "0" />
		<Point X = "335" Y = "222" T = "0" Pressure = "0" />
		<Point X = "333" Y = "221" T = "0" Pressure = "0" />
		<Point X = "332" Y = "221" T = "0" Pressure = "0" />
		<Point X = "331" Y = "220" T = "0" Pressure = "0" />
		<Point X = "328" Y = "219" T = "0" Pressure = "0" />
		<Point X = "326" Y = "218" T = "0" Pressure = "0" />
		<Point X = "325" Y = "217" T = "0" Pressure = "0" />
		<Point X = "323" Y = "217" T = "0" Pressure = "0" />
		<Point X = "322" Y = "217" T = "0" Pressure = "0" />
		<Point X = "320" Y = "217" T = "0" Pressure = "0" />
		<Point X = "319" Y = "217" T = "0" Pressure = "0" />
		<Point X = "317" Y = "217" T = "0" Pressure = "0" />
		<Point X = "315" Y = "217" T = "0" Pressure = "0" />
		<Point X = "313" Y = "216" T = "0" Pressure = "0" />
		<Point X = "312" Y = "216" T = "0" Pressure = "0" />
		<Point X = "310" Y = "216" T = "0" Pressure = "0" />
		<Point X = "309" Y = "216" T = "0" Pressure = "0" />
		<Point X = "307" Y = "216" T = "0" Pressure = "0" />
		<Point X = "306" Y = "216" T = "0" Pressure = "0" />
		<Point X = "304" Y = "216" T = "0" Pressure = "0" />
		<Point X = "303" Y = "216" T = "0" Pressure = "0" />
		<Point X = "301" Y = "216" T = "0" Pressure = "0" />
		<Point X = "299" Y = "216" T = "0" Pressure = "0" />
		<Point X = "297" Y = "216" T = "0" Pressure = "0" />
		<Point X = "296" Y = "216" T = "0" Pressure = "0" />
		<Point X = "295" Y = "216" T = "0" Pressure = "0" />
		<Point X = "294" Y = "216" T = "0" Pressure = "0" />
		<Point X = "293" Y = "216" T = "0" Pressure = "0" />
		<Point X = "292" Y = "216" T = "0" Pressure = "0" />
		<Point X = "291" Y = "216" T = "0" Pressure = "0" />
		<Point X = "290" Y = "216" T = "0" Pressure = "0" />
		<Point X = "289" Y = "216" T = "0" Pressure = "0" />
		<Point X = "288" Y = "216" T = "0" Pressure = "0" />
		<Point X = "287" Y = "216" T = "0" Pressure = "0" />
		<Point X = "286" Y = "216" T = "0" Pressure = "0" />
		<Point X = "284" Y = "216" T = "0" Pressure = "0" />
		<Point X = "283" Y = "216" T = "0" Pressure = "0" />
		<Point X = "282" Y = "216" T = "0" Pressure = "0" />
	</Stroke>
</Gesture>
