<?xml version="1.0" encoding="utf-8" standalone="yes"?>
<Gesture Name = "b">
	<Stroke>
		<Point X = "35" Y = "35" T = "0" Pressure = "0" />
		<Point X = "35" Y = "36" T = "0" Pressure = "0" />
		<Point X = "35" Y = "37" T = "0" Pressure = "0" />
		<Point X = "35" Y = "39" T = "0" Pressure = "0" />
		<Point X = "35" Y = "40" T = "0" Pressure = "0" />
		<Point X = "35" Y = "42" T = "0" Pressure = "0" />
		<Point X = "35" Y = "44" T = "0" Pressure = "0" />
		<Point X = "35" Y = "47" T = "0" Pressure = "0" />
		<Point X = "35" Y = "49" T = "0" Pressure = "0" />
		<Point X = "35" Y = "51" T = "0" Pressure = "0" />
		<Point X = "35" Y = "54" T = "0" Pressure = "0" />
		<Point X = "35" Y = "57" T = "0" Pressure = "0" />
		<Point X = "35" Y = "58" T = "0" Pressure = "0" />
		<Point X = "35" Y = "62" T = "0" Pressure = "0" />
		<Point X = "35" Y = "65" T = "0" Pressure = "0" />
		<Point X = "35" Y = "66" T = "0" Pressure = "0" />
		<Point X = "35" Y = "68" T = "0" Pressure = "0" />
		<Point X = "35" Y = "69" T = "0" Pressure = "0" />
		<Point X = "35" Y = "71" T = "0" Pressure = "0" />
		<Point X = "35" Y = "73" T = "0" Pressure = "0" />
		<Point X = "35" Y = "74" T = "0" Pressure = "0" />
		<Point X = "35" Y = "76" T = "0" Pressure = "0" />
		<Point X = "35" Y = "78" T = "0" Pressure = "0" />
		<Point X = "35" Y = "81" T = "0" Pressure = "0" />
		<Point X = "35" Y = "83" T = "0" Pressure = "0" />
		<Point X = "35" Y = "88" T = "0" Pressure = "0" />
		<Point X = "35" Y = "92" T = "0" Pressure = "0" />
		<Point X = "35" Y = "96" T = "0" Pressure = "0" />
		<Point X = "35" Y = "99" T = "0" Pressure = "0" />
		<Point X = "35" Y = "102" T = "0" Pressure = "0" />
		<Point X = "35" Y = "103" T = "0" Pressure = "0" />
		<Point X = "35" Y = "106" T = "0" Pressure = "0" />
		<Point X = "35" Y = "107" T = "0" Pressure = "0" />
		<Point X = "35" Y = "109" T = "0" Pressure = "0" />
		<Point X = "35" Y = "110" T = "0" Pressure = "0" />
		<Point X = "35" Y = "114" T = "0" Pressure = "0" />
		<Point X = "35" Y = "116" T = "0" Pressure = "0" />
		<Point X = "35" Y = "117" T = "0" Pressure = "0" />
		<Point X = "35" Y = "118" T = "0" Pressure = "0" />
		<Point X = "35" Y = "120" T = "0" Pressure = "0" />
		<Point X = "35" Y = "121" T = "0" Pressure = "0" />
		<Point X = "35" Y = "123" T = "0" Pressure = "0" />
		<Point X = "35" Y = "124" T = "0" Pressure = "0" />
		<Point X = "35" Y = "127" T = "0" Pressure = "0" />
		<Point X = "37" Y = "129" T = "0" Pressure = "0" />
		<Point X = "38" Y = "132" T = "0" Pressure = "0" />
		<Point X = "38" Y = "135" T = "0" Pressure = "0" />
		<Point X = "40" Y = "141" T = "0" Pressure = "0" />
		<Point X = "41" Y = "143" T = "0" Pressure = "0" />
		<Point X = "42" Y = "147" T = "0" Pressure = "0" />
		<Point X = "43" Y = "149" T = "0" Pressure = "0" />
		<Point X = "43" Y = "153" T = "0" Pressure = "0" />
		<Point X = "44" Y = "155" T = "0" Pressure = "0" />
		<Point X = "45" Y = "156" T = "0" Pressure = "0" />
		<Point X = "45" Y = "158" T = "0" Pressure = "0" />
		<Point X = "47" Y = "160" T = "0" Pressure = "0" />
		<Point X = "48" Y = "161" T = "0" Pressure = "0" />
		<Point X = "51" Y = "164" T = "0" Pressure = "0" />
		<Point X = "54" Y = "165" T = "0" Pressure = "0" />
		<Point X = "57" Y = "167" T = "0" Pressure = "0" />
		<Point X = "61" Y = "169" T = "0" Pressure = "0" />
		<Point X = "64" Y = "169" T = "0" Pressure = "0" />
		<Point X = "67" Y = "170" T = "0" Pressure = "0" />
		<Point X = "68" Y = "170" T = "0" Pressure = "0" />
		<Point X = "71" Y = "170" T = "0" Pressure = "0" />
		<Point X = "73" Y = "170" T = "0" Pressure = "0" />
		<Point X = "75" Y = "170" T = "0" Pressure = "0" />
		<Point X = "77" Y = "170" T = "0" Pressure = "0" />
		<Point X = "78" Y = "170" T = "0" Pressure = "0" />
		<Point X = "81" Y = "170" T = "0" Pressure = "0" />
		<Point X = "84" Y = "170" T = "0" Pressure = "0" />
		<Point X = "86" Y = "170" T = "0" Pressure = "0" />
		<Point X = "90" Y = "170" T = "0" Pressure = "0" />
		<Point X = "91" Y = "170" T = "0" Pressure = "0" />
		<Point X = "93" Y = "170" T = "0" Pressure = "0" />
		<Point X = "94" Y = "169" T = "0" Pressure = "0" />
		<Point X = "96" Y = "168" T = "0" Pressure = "0" />
		<Point X = "97" Y = "166" T = "0" Pressure = "0" />
		<Point X = "99" Y = "164" T = "0" Pressure = "0" />
		<Point X = "101" Y = "162" T = "0" Pressure = "0" />
		<Point X = "102" Y = "160" T = "0" Pressure = "0" />
		<Point X = "102" Y = "159" T = "0" Pressure = "0" />
		<Point X = "103" Y = "155" T = "0" Pressure = "0" />
		<Point X = "103" Y = "152" T = "0" Pressure = "0" />
		<Point X = "105" Y = "150" T = "0" Pressure = "0" />
		<Point X = "105" Y = "149" T = "0" Pressure = "0" />
		<Point X = "105" Y = "146" T = "0" Pressure = "0" />
		<Point X = "105" Y = "144" T = "0" Pressure = "0" />
		<Point X = "105" Y = "142" T = "0" Pressure = "0" />
		<Point X = "104" Y = "141" T = "0" Pressure = "0" />
		<Point X = "103" Y = "139" T = "0" Pressure = "0" />
		<Point X = "103" Y = "137" T = "0" Pressure = "0" />
		<Point X = "102" Y = "134" T = "0" Pressure = "0" />
		<Point X = "101" Y = "132" T = "0" Pressure = "0" />
		<Point X = "101" Y = "129" T = "0" Pressure = "0" />
		<Point X = "100" Y = "126" T = "0" Pressure = "0" />
		<Point X = "100" Y = "123" T = "0" Pressure = "0" />
		<Point X = "100" Y = "122" T = "0" Pressure = "0" />
		<Point X = "98" Y = "120" T = "0" Pressure = "0" />
		<Point X = "97" Y = "118" T = "0" Pressure = "0" />
		<Point X = "96" Y = "116" T = "0" Pressure = "0" />
		<Point X = "95" Y = "115" T = "0" Pressure = "0" />
		<Point X = "92" Y = "114" T = "0" Pressure = "0" />
		<Point X = "90" Y = "114" T = "0" Pressure = "0" />
		<Point X = "88" Y = "113" T = "0" Pressure = "0" />
		<Point X = "86" Y = "113" T = "0" Pressure = "0" />
		<Point X = "84" Y = "113" T = "0" Pressure = "0" />
		<Point X = "82" Y = "113" T = "0" Pressure = "0" />
		<Point X = "79" Y = "113" T = "0" Pressure = "0" />
		<Point X = "78" Y = "113" T = "0" Pressure = "0" />
		<Point X = "76" Y = "113" T = "0" Pressure = "0" />
		<Point X = "74" Y = "113" T = "0" Pressure = "0" />
		<Point X = "72" Y = "113" T = "0" Pressure = "0" />
		<Point X = "70" Y = "113" T = "0" Pressure = "0" />
		<Point X = "67" Y = "113" T = "0" Pressure = "0" />
		<Point X = "64" Y = "113" T = "0" Pressure = "0" />
		<Point X = "62" Y = "113" T = "0" Pressure = "0" />
		<Point X = "59" Y = "113" T = "0" Pressure = "0" />
		<Point X = "58" Y = "113" T = "0" Pressure = "0" />
		<Point X = "56" Y = "113" T = "0" Pressure = "0" />
		<Point X = "55" Y = "115" T = "0" Pressure = "0" />
		<Point X = "54" Y = "115" T = "0" Pressure = "0" />
		<Point X = "54" Y = "116" T = "0" Pressure = "0" />
		<Point X = "52" Y = "116" T = "0" Pressure = "0" />
		<Point X = "51" Y = "117" T = "0" Pressure = "0" />
		<Point X = "51" Y = "118" T = "0" Pressure = "0" />
		<Point X = "50" Y = "119" T = "0" Pressure = "0" />
		<Point X = "49" Y = "120" T = "0" Pressure = "0" />
		<Point X = "47" Y = "122" T = "0" Pressure = "0" />
		<Point X = "46" Y = "124" T = "0" Pressure = "0" />
		<Point X = "45" Y = "125" T = "0" Pressure = "0" />
		<Point X = "44" Y = "126" T = "0" Pressure = "0" />
		<Point X = "44" Y = "127" T = "0" Pressure = "0" />
		<Point X = "43" Y = "127" T = "0" Pressure = "0" />
		<Point X = "43" Y = "128" T = "0" Pressure = "0" />
		<Point X = "42" Y = "128" T = "0" Pressure = "0" />
		<Point X = "41" Y = "129" T = "0" Pressure = "0" />
		<Point X = "41" Y = "130" T = "0" Pressure = "0" />
		<Point X = "41" Y = "131" T = "0" Pressure = "0" />
		<Point X = "41" Y = "132" T = "0" Pressure = "0" />
		<Point X = "40" Y = "133" T = "0" Pressure = "0" />
		<Point X = "40" Y = "134" T = "0" Pressure = "0" />
		<Point X = "39" Y = "134" T = "0" Pressure = "0" />
		<Point X = "38" Y = "135" T = "0" Pressure = "0" />
	</Stroke>
</Gesture>
