<?xml version="1.0" encoding="utf-8" standalone="yes"?>
<Gesture Name = "b">
	<Stroke>
		<Point X = "393" Y = "135" T = "0" Pressure = "0" />
		<Point X = "393" Y = "138" T = "0" Pressure = "0" />
		<Point X = "392" Y = "142" T = "0" Pressure = "0" />
		<Point X = "392" Y = "146" T = "0" Pressure = "0" />
		<Point X = "391" Y = "151" T = "0" Pressure = "0" />
		<Point X = "391" Y = "157" T = "0" Pressure = "0" />
		<Point X = "389" Y = "161" T = "0" Pressure = "0" />
		<Point X = "388" Y = "167" T = "0" Pressure = "0" />
		<Point X = "387" Y = "171" T = "0" Pressure = "0" />
		<Point X = "386" Y = "178" T = "0" Pressure = "0" />
		<Point X = "386" Y = "185" T = "0" Pressure = "0" />
		<Point X = "386" Y = "191" T = "0" Pressure = "0" />
		<Point X = "386" Y = "196" T = "0" Pressure = "0" />
		<Point X = "386" Y = "200" T = "0" Pressure = "0" />
		<Point X = "386" Y = "205" T = "0" Pressure = "0" />
		<Point X = "386" Y = "208" T = "0" Pressure = "0" />
		<Point X = "386" Y = "211" T = "0" Pressure = "0" />
		<Point X = "386" Y = "216" T = "0" Pressure = "0" />
		<Point X = "384" Y = "219" T = "0" Pressure = "0" />
		<Point X = "384" Y = "224" T = "0" Pressure = "0" />
		<Point X = "383" Y = "227" T = "0" Pressure = "0" />
		<Point X = "383" Y = "230" T = "0" Pressure = "0" />
		<Point X = "382" Y = "235" T = "0" Pressure = "0" />
		<Point X = "382" Y = "239" T = "0" Pressure = "0" />
		<Point X = "382" Y = "244" T = "0" Pressure = "0" />
		<Point X = "382" Y = "249" T = "0" Pressure = "0" />
		<Point X = "382" Y = "255" T = "0" Pressure = "0" />
		<Point X = "382" Y = "260" T = "0" Pressure = "0" />
		<Point X = "382" Y = "267" T = "0" Pressure = "0" />
		<Point X = "382" Y = "274" T = "0" Pressure = "0" />
		<Point X = "382" Y = "280" T = "0" Pressure = "0" />
		<Point X = "382" Y = "284" T = "0" Pressure = "0" />
		<Point X = "382" Y = "288" T = "0" Pressure = "0" />
		<Point X = "382" Y = "292" T = "0" Pressure = "0" />
		<Point X = "382" Y = "295" T = "0" Pressure = "0" />
		<Point X = "382" Y = "297" T = "0" Pressure = "0" />
		<Point X = "382" Y = "299" T = "0" Pressure = "0" />
		<Point X = "382" Y = "301" T = "0" Pressure = "0" />
		<Point X = "384" Y = "303" T = "0" Pressure = "0" />
		<Point X = "385" Y = "306" T = "0" Pressure = "0" />
		<Point X = "386" Y = "307" T = "0" Pressure = "0" />
		<Point X = "387" Y = "309" T = "0" Pressure = "0" />
		<Point X = "388" Y = "311" T = "0" Pressure = "0" />
		<Point X = "389" Y = "311" T = "0" Pressure = "0" />
		<Point X = "389" Y = "313" T = "0" Pressure = "0" />
		<Point X = "391" Y = "314" T = "0" Pressure = "0" />
		<Point X = "391" Y = "315" T = "0" Pressure = "0" />
		<Point X = "393" Y = "317" T = "0" Pressure = "0" />
		<Point X = "394" Y = "318" T = "0" Pressure = "0" />
		<Point X = "396" Y = "320" T = "0" Pressure = "0" />
		<Point X = "397" Y = "321" T = "0" Pressure = "0" />
		<Point X = "401" Y = "322" T = "0" Pressure = "0" />
		<Point X = "403" Y = "322" T = "0" Pressure = "0" />
		<Point X = "407" Y = "324" T = "0" Pressure = "0" />
		<Point X = "412" Y = "325" T = "0" Pressure = "0" />
		<Point X = "417" Y = "325" T = "0" Pressure = "0" />
		<Point X = "420" Y = "325" T = "0" Pressure = "0" />
		<Point X = "423" Y = "325" T = "0" Pressure = "0" />
		<Point X = "425" Y = "326" T = "0" Pressure = "0" />
		<Point X = "427" Y = "326" T = "0" Pressure = "0" />
		<Point X = "428" Y = "326" T = "0" Pressure = "0" />
		<Point X = "429" Y = "326" T = "0" Pressure = "0" />
		<Point X = "430" Y = "326" T = "0" Pressure = "0" />
		<Point X = "431" Y = "326" T = "0" Pressure = "0" />
		<Point X = "432" Y = "326" T = "0" Pressure = "0" />
		<Point X = "433" Y = "326" T = "0" Pressure = "0" />
		<Point X = "434" Y = "326" T = "0" Pressure = "0" />
		<Point X = "434" Y = "325" T = "0" Pressure = "0" />
		<Point X = "434" Y = "324" T = "0" Pressure = "0" />
		<Point X = "436" Y = "320" T = "0" Pressure = "0" />
		<Point X = "437" Y = "317" T = "0" Pressure = "0" />
		<Point X = "438" Y = "313" T = "0" Pressure = "0" />
		<Point X = "438" Y = "311" T = "0" Pressure = "0" />
		<Point X = "438" Y = "310" T = "0" Pressure = "0" />
		<Point X = "438" Y = "307" T = "0" Pressure = "0" />
		<Point X = "438" Y = "305" T = "0" Pressure = "0" />
		<Point X = "438" Y = "302" T = "0" Pressure = "0" />
		<Point X = "438" Y = "301" T = "0" Pressure = "0" />
		<Point X = "438" Y = "298" T = "0" Pressure = "0" />
		<Point X = "438" Y = "297" T = "0" Pressure = "0" />
		<Point X = "438" Y = "295" T = "0" Pressure = "0" />
		<Point X = "438" Y = "293" T = "0" Pressure = "0" />
		<Point X = "438" Y = "291" T = "0" Pressure = "0" />
		<Point X = "438" Y = "289" T = "0" Pressure = "0" />
		<Point X = "438" Y = "288" T = "0" Pressure = "0" />
		<Point X = "436" Y = "286" T = "0" Pressure = "0" />
		<Point X = "436" Y = "284" T = "0" Pressure = "0" />
		<Point X = "435" Y = "284" T = "0" Pressure = "0" />
		<Point X = "434" Y = "284" T = "0" Pressure = "0" />
		<Point X = "433" Y = "284" T = "0" Pressure = "0" />
		<Point X = "429" Y = "283" T = "0" Pressure = "0" />
		<Point X = "426" Y = "280" T = "0" Pressure = "0" />
		<Point X = "422" Y = "278" T = "0" Pressure = "0" />
		<Point X = "420" Y = "277" T = "0" Pressure = "0" />
		<Point X = "417" Y = "275" T = "0" Pressure = "0" />
		<Point X = "416" Y = "274" T = "0" Pressure = "0" />
		<Point X = "415" Y = "274" T = "0" Pressure = "0" />
		<Point X = "414" Y = "274" T = "0" Pressure = "0" />
		<Point X = "413" Y = "274" T = "0" Pressure = "0" />
		<Point X = "413" Y = "273" T = "0" Pressure = "0" />
		<Point X = "411" Y = "273" T = "0" Pressure = "0" />
		<Point X = "410" Y = "273" T = "0" Pressure = "0" />
		<Point X = "408" Y = "272" T = "0" Pressure = "0" />
		<Point X = "406" Y = "272" T = "0" Pressure = "0" />
		<Point X = "403" Y = "272" T = "0" Pressure = "0" />
		<Point X = "402" Y = "272" T = "0" Pressure = "0" />
		<Point X = "401" Y = "272" T = "0" Pressure = "0" />
		<Point X = "400" Y = "272" T = "0" Pressure = "0" />
		<Point X = "399" Y = "272" T = "0" Pressure = "0" />
		<Point X = "398" Y = "272" T = "0" Pressure = "0" />
		<Point X = "397" Y = "272" T = "0" Pressure = "0" />
		<Point X = "396" Y = "272" T = "0" Pressure = "0" />
		<Point X = "395" Y = "272" T = "0" Pressure = "0" />
		<Point X = "394" Y = "272" T = "0" Pressure = "0" />
		<Point X = "391" Y = "273" T = "0" Pressure = "0" />
		<Point X = "390" Y = "273" T = "0" Pressure = "0" />
		<Point X = "389" Y = "273" T = "0" Pressure = "0" />
		<Point X = "388" Y = "274" T = "0" Pressure = "0" />
		<Point X = "387" Y = "274" T = "0" Pressure = "0" />
		<Point X = "386" Y = "274" T = "0" Pressure = "0" />
		<Point X = "385" Y = "274" T = "0" Pressure = "0" />
		<Point X = "385" Y = "275" T = "0" Pressure = "0" />
		<Point X = "384" Y = "275" T = "0" Pressure = "0" />
		<Point X = "384" Y = "276" T = "0" Pressure = "0" />
	</Stroke>
</Gesture>
