<?xml version="1.0" encoding="utf-8" standalone="yes"?>
<Gesture Name = "b">
	<Stroke>
		<Point X = "70" Y = "79" T = "0" Pressure = "0" />
		<Point X = "70" Y = "80" T = "0" Pressure = "0" />
		<Point X = "70" Y = "83" T = "0" Pressure = "0" />
		<Point X = "70" Y = "85" T = "0" Pressure = "0" />
		<Point X = "70" Y = "88" T = "0" Pressure = "0" />
		<Point X = "70" Y = "91" T = "0" Pressure = "0" />
		<Point X = "70" Y = "98" T = "0" Pressure = "0" />
		<Point X = "70" Y = "104" T = "0" Pressure = "0" />
		<Point X = "70" Y = "110" T = "0" Pressure = "0" />
		<Point X = "70" Y = "118" T = "0" Pressure = "0" />
		<Point X = "70" Y = "124" T = "0" Pressure = "0" />
		<Point X = "70" Y = "129" T = "0" Pressure = "0" />
		<Point X = "70" Y = "134" T = "0" Pressure = "0" />
		<Point X = "70" Y = "138" T = "0" Pressure = "0" />
		<Point X = "69" Y = "143" T = "0" Pressure = "0" />
		<Point X = "69" Y = "147" T = "0" Pressure = "0" />
		<Point X = "68" Y = "151" T = "0" Pressure = "0" />
		<Point X = "68" Y = "155" T = "0" Pressure = "0" />
		<Point X = "68" Y = "161" T = "0" Pressure = "0" />
		<Point X = "68" Y = "166" T = "0" Pressure = "0" />
		<Point X = "68" Y = "173" T = "0" Pressure = "0" />
		<Point X = "68" Y = "179" T = "0" Pressure = "0" />
		<Point X = "68" Y = "187" T = "0" Pressure = "0" />
		<Point X = "68" Y = "192" T = "0" Pressure = "0" />
		<Point X = "68" Y = "198" T = "0" Pressure = "0" />
		<Point X = "68" Y = "202" T = "0" Pressure = "0" />
		<Point X = "68" Y = "205" T = "0" Pressure = "0" />
		<Point X = "68" Y = "208" T = "0" Pressure = "0" />
		<Point X = "68" Y = "211" T = "0" Pressure = "0" />
		<Point X = "68" Y = "213" T = "0" Pressure = "0" />
		<Point X = "68" Y = "217" T = "0" Pressure = "0" />
		<Point X = "68" Y = "221" T = "0" Pressure = "0" />
		<Point X = "68" Y = "225" T = "0" Pressure = "0" />
		<Point X = "68" Y = "229" T = "0" Pressure = "0" />
		<Point X = "69" Y = "235" T = "0" Pressure = "0" />
		<Point X = "70" Y = "238" T = "0" Pressure = "0" />
		<Point X = "72" Y = "243" T = "0" Pressure = "0" />
		<Point X = "75" Y = "246" T = "0" Pressure = "0" />
		<Point X = "76" Y = "249" T = "0" Pressure = "0" />
		<Point X = "79" Y = "252" T = "0" Pressure = "0" />
		<Point X = "81" Y = "253" T = "0" Pressure = "0" />
		<Point X = "85" Y = "256" T = "0" Pressure = "0" />
		<Point X = "89" Y = "257" T = "0" Pressure = "0" />
		<Point X = "94" Y = "259" T = "0" Pressure = "0" />
		<Point X = "100" Y = "260" T = "0" Pressure = "0" />
		<Point X = "103" Y = "261" T = "0" Pressure = "0" />
		<Point X = "108" Y = "261" T = "0" Pressure = "0" />
		<Point X = "112" Y = "261" T = "0" Pressure = "0" />
		<Point X = "116" Y = "261" T = "0" Pressure = "0" />
		<Point X = "120" Y = "261" T = "0" Pressure = "0" />
		<Point X = "125" Y = "261" T = "0" Pressure = "0" />
		<Point X = "129" Y = "261" T = "0" Pressure = "0" />
		<Point X = "131" Y = "261" T = "0" Pressure = "0" />
		<Point X = "133" Y = "261" T = "0" Pressure = "0" />
		<Point X = "136" Y = "261" T = "0" Pressure = "0" />
		<Point X = "138" Y = "260" T = "0" Pressure = "0" />
		<Point X = "142" Y = "259" T = "0" Pressure = "0" />
		<Point X = "144" Y = "259" T = "0" Pressure = "0" />
		<Point X = "147" Y = "258" T = "0" Pressure = "0" />
		<Point X = "148" Y = "258" T = "0" Pressure = "0" />
		<Point X = "150" Y = "256" T = "0" Pressure = "0" />
		<Point X = "151" Y = "256" T = "0" Pressure = "0" />
		<Point X = "152" Y = "253" T = "0" Pressure = "0" />
		<Point X = "153" Y = "253" T = "0" Pressure = "0" />
		<Point X = "153" Y = "252" T = "0" Pressure = "0" />
		<Point X = "153" Y = "250" T = "0" Pressure = "0" />
		<Point X = "154" Y = "249" T = "0" Pressure = "0" />
		<Point X = "155" Y = "246" T = "0" Pressure = "0" />
		<Point X = "155" Y = "245" T = "0" Pressure = "0" />
		<Point X = "155" Y = "244" T = "0" Pressure = "0" />
		<Point X = "156" Y = "241" T = "0" Pressure = "0" />
		<Point X = "156" Y = "239" T = "0" Pressure = "0" />
		<Point X = "156" Y = "237" T = "0" Pressure = "0" />
		<Point X = "156" Y = "234" T = "0" Pressure = "0" />
		<Point X = "156" Y = "231" T = "0" Pressure = "0" />
		<Point X = "156" Y = "227" T = "0" Pressure = "0" />
		<Point X = "156" Y = "222" T = "0" Pressure = "0" />
		<Point X = "154" Y = "219" T = "0" Pressure = "0" />
		<Point X = "153" Y = "217" T = "0" Pressure = "0" />
		<Point X = "151" Y = "216" T = "0" Pressure = "0" />
		<Point X = "150" Y = "214" T = "0" Pressure = "0" />
		<Point X = "149" Y = "213" T = "0" Pressure = "0" />
		<Point X = "147" Y = "212" T = "0" Pressure = "0" />
		<Point X = "147" Y = "211" T = "0" Pressure = "0" />
		<Point X = "145" Y = "211" T = "0" Pressure = "0" />
		<Point X = "142" Y = "210" T = "0" Pressure = "0" />
		<Point X = "139" Y = "208" T = "0" Pressure = "0" />
		<Point X = "137" Y = "207" T = "0" Pressure = "0" />
		<Point X = "131" Y = "203" T = "0" Pressure = "0" />
		<Point X = "128" Y = "202" T = "0" Pressure = "0" />
		<Point X = "123" Y = "199" T = "0" Pressure = "0" />
		<Point X = "120" Y = "198" T = "0" Pressure = "0" />
		<Point X = "118" Y = "197" T = "0" Pressure = "0" />
		<Point X = "115" Y = "196" T = "0" Pressure = "0" />
		<Point X = "115" Y = "195" T = "0" Pressure = "0" />
		<Point X = "113" Y = "195" T = "0" Pressure = "0" />
		<Point X = "112" Y = "195" T = "0" Pressure = "0" />
		<Point X = "111" Y = "195" T = "0" Pressure = "0" />
		<Point X = "110" Y = "195" T = "0" Pressure = "0" />
		<Point X = "109" Y = "195" T = "0" Pressure = "0" />
		<Point X = "107" Y = "195" T = "0" Pressure = "0" />
		<Point X = "106" Y = "195" T = "0" Pressure = "0" />
		<Point X = "105" Y = "195" T = "0" Pressure = "0" />
		<Point X = "102" Y = "195" T = "0" Pressure = "0" />
		<Point X = "100" Y = "195" T = "0" Pressure = "0" />
		<Point X = "97" Y = "195" T = "0" Pressure = "0" />
		<Point X = "95" Y = "195" T = "0" Pressure = "0" />
		<Point X = "94" Y = "195" T = "0" Pressure = "0" />
		<Point X = "93" Y = "195" T = "0" Pressure = "0" />
		<Point X = "92" Y = "195" T = "0" Pressure = "0" />
		<Point X = "91" Y = "195" T = "0" Pressure = "0" />
		<Point X = "90" Y = "195" T = "0" Pressure = "0" />
		<Point X = "89" Y = "195" T = "0" Pressure = "0" />
		<Point X = "88" Y = "195" T = "0" Pressure = "0" />
		<Point X = "86" Y = "195" T = "0" Pressure = "0" />
		<Point X = "85" Y = "195" T = "0" Pressure = "0" />
		<Point X = "84" Y = "195" T = "0" Pressure = "0" />
		<Point X = "83" Y = "195" T = "0" Pressure = "0" />
		<Point X = "82" Y = "195" T = "0" Pressure = "0" />
		<Point X = "81" Y = "195" T = "0" Pressure = "0" />
		<Point X = "80" Y = "195" T = "0" Pressure = "0" />
		<Point X = "79" Y = "195" T = "0" Pressure = "0" />
		<Point X = "79" Y = "196" T = "0" Pressure = "0" />
		<Point X = "78" Y = "196" T = "0" Pressure = "0" />
		<Point X = "76" Y = "197" T = "0" Pressure = "0" />
		<Point X = "74" Y = "198" T = "0" Pressure = "0" />
		<Point X = "73" Y = "199" T = "0" Pressure = "0" />
		<Point X = "72" Y = "199" T = "0" Pressure = "0" />
		<Point X = "72" Y = "200" T = "0" Pressure = "0" />
		<Point X = "72" Y = "201" T = "0" Pressure = "0" />
		<Point X = "72" Y = "202" T = "0" Pressure = "0" />
	</Stroke>
</Gesture>
