<?xml version="1.0" encoding="utf-8" standalone="yes"?>
<Gesture Name = "b">
	<Stroke>
		<Point X = "241" Y = "87" T = "0" Pressure = "0" />
		<Point X = "241" Y = "89" T = "0" Pressure = "0" />
		<Point X = "241" Y = "92" T = "0" Pressure = "0" />
		<Point X = "242" Y = "95" T = "0" Pressure = "0" />
		<Point X = "242" Y = "99" T = "0" Pressure = "0" />
		<Point X = "242" Y = "103" T = "0" Pressure = "0" />
		<Point X = "242" Y = "107" T = "0" Pressure = "0" />
		<Point X = "242" Y = "113" T = "0" Pressure = "0" />
		<Point X = "242" Y = "116" T = "0" Pressure = "0" />
		<Point X = "242" Y = "118" T = "0" Pressure = "0" />
		<Point X = "242" Y = "121" T = "0" Pressure = "0" />
		<Point X = "242" Y = "124" T = "0" Pressure = "0" />
		<Point X = "242" Y = "126" T = "0" Pressure = "0" />
		<Point X = "242" Y = "129" T = "0" Pressure = "0" />
		<Point X = "242" Y = "132" T = "0" Pressure = "0" />
		<Point X = "242" Y = "135" T = "0" Pressure = "0" />
		<Point X = "241" Y = "140" T = "0" Pressure = "0" />
		<Point X = "239" Y = "143" T = "0" Pressure = "0" />
		<Point X = "239" Y = "146" T = "0" Pressure = "0" />
		<Point X = "237" Y = "148" T = "0" Pressure = "0" />
		<Point X = "237" Y = "151" T = "0" Pressure = "0" />
		<Point X = "236" Y = "153" T = "0" Pressure = "0" />
		<Point X = "235" Y = "153" T = "0" Pressure = "0" />
		<Point X = "235" Y = "155" T = "0" Pressure = "0" />
		<Point X = "234" Y = "157" T = "0" Pressure = "0" />
		<Point X = "234" Y = "158" T = "0" Pressure = "0" />
		<Point X = "233" Y = "160" T = "0" Pressure = "0" />
		<Point X = "233" Y = "163" T = "0" Pressure = "0" />
		<Point X = "232" Y = "166" T = "0" Pressure = "0" />
		<Point X = "232" Y = "167" T = "0" Pressure = "0" />
		<Point X = "232" Y = "170" T = "0" Pressure = "0" />
		<Point X = "230" Y = "173" T = "0" Pressure = "0" />
		<Point X = "229" Y = "176" T = "0" Pressure = "0" />
		<Point X = "229" Y = "179" T = "0" Pressure = "0" />
		<Point X = "229" Y = "182" T = "0" Pressure = "0" />
		<Point X = "229" Y = "183" T = "0" Pressure = "0" />
		<Point X = "228" Y = "185" T = "0" Pressure = "0" />
		<Point X = "226" Y = "187" T = "0" Pressure = "0" />
		<Point X = "226" Y = "189" T = "0" Pressure = "0" />
		<Point X = "226" Y = "190" T = "0" Pressure = "0" />
		<Point X = "226" Y = "193" T = "0" Pressure = "0" />
		<Point X = "226" Y = "194" T = "0" Pressure = "0" />
		<Point X = "226" Y = "196" T = "0" Pressure = "0" />
		<Point X = "226" Y = "197" T = "0" Pressure = "0" />
		<Point X = "226" Y = "200" T = "0" Pressure = "0" />
		<Point X = "226" Y = "203" T = "0" Pressure = "0" />
		<Point X = "226" Y = "207" T = "0" Pressure = "0" />
		<Point X = "226" Y = "209" T = "0" Pressure = "0" />
		<Point X = "226" Y = "212" T = "0" Pressure = "0" />
		<Point X = "226" Y = "215" T = "0" Pressure = "0" />
		<Point X = "226" Y = "216" T = "0" Pressure = "0" />
		<Point X = "226" Y = "218" T = "0" Pressure = "0" />
		<Point X = "226" Y = "220" T = "0" Pressure = "0" />
		<Point X = "226" Y = "223" T = "0" Pressure = "0" />
		<Point X = "226" Y = "225" T = "0" Pressure = "0" />
		<Point X = "226" Y = "227" T = "0" Pressure = "0" />
		<Point X = "226" Y = "230" T = "0" Pressure = "0" />
		<Point X = "226" Y = "231" T = "0" Pressure = "0" />
		<Point X = "226" Y = "234" T = "0" Pressure = "0" />
		<Point X = "226" Y = "236" T = "0" Pressure = "0" />
		<Point X = "226" Y = "238" T = "0" Pressure = "0" />
		<Point X = "226" Y = "239" T = "0" Pressure = "0" />
		<Point X = "226" Y = "241" T = "0" Pressure = "0" />
		<Point X = "226" Y = "244" T = "0" Pressure = "0" />
		<Point X = "226" Y = "245" T = "0" Pressure = "0" />
		<Point X = "226" Y = "247" T = "0" Pressure = "0" />
		<Point X = "227" Y = "248" T = "0" Pressure = "0" />
		<Point X = "227" Y = "251" T = "0" Pressure = "0" />
		<Point X = "227" Y = "252" T = "0" Pressure = "0" />
		<Point X = "229" Y = "256" T = "0" Pressure = "0" />
		<Point X = "229" Y = "258" T = "0" Pressure = "0" />
		<Point X = "230" Y = "259" T = "0" Pressure = "0" />
		<Point X = "230" Y = "261" T = "0" Pressure = "0" />
		<Point X = "231" Y = "263" T = "0" Pressure = "0" />
		<Point X = "231" Y = "265" T = "0" Pressure = "0" />
		<Point X = "233" Y = "266" T = "0" Pressure = "0" />
		<Point X = "233" Y = "268" T = "0" Pressure = "0" />
		<Point X = "234" Y = "269" T = "0" Pressure = "0" />
		<Point X = "235" Y = "271" T = "0" Pressure = "0" />
		<Point X = "235" Y = "272" T = "0" Pressure = "0" />
		<Point X = "236" Y = "273" T = "0" Pressure = "0" />
		<Point X = "238" Y = "275" T = "0" Pressure = "0" />
		<Point X = "239" Y = "278" T = "0" Pressure = "0" />
		<Point X = "241" Y = "280" T = "0" Pressure = "0" />
		<Point X = "242" Y = "282" T = "0" Pressure = "0" />
		<Point X = "244" Y = "285" T = "0" Pressure = "0" />
		<Point X = "245" Y = "286" T = "0" Pressure = "0" />
		<Point X = "246" Y = "289" T = "0" Pressure = "0" />
		<Point X = "247" Y = "290" T = "0" Pressure = "0" />
		<Point X = "248" Y = "291" T = "0" Pressure = "0" />
		<Point X = "249" Y = "292" T = "0" Pressure = "0" />
		<Point X = "250" Y = "293" T = "0" Pressure = "0" />
		<Point X = "251" Y = "294" T = "0" Pressure = "0" />
		<Point X = "252" Y = "294" T = "0" Pressure = "0" />
		<Point X = "254" Y = "294" T = "0" Pressure = "0" />
		<Point X = "257" Y = "294" T = "0" Pressure = "0" />
		<Point X = "261" Y = "294" T = "0" Pressure = "0" />
		<Point X = "265" Y = "294" T = "0" Pressure = "0" />
		<Point X = "268" Y = "293" T = "0" Pressure = "0" />
		<Point X = "273" Y = "291" T = "0" Pressure = "0" />
		<Point X = "275" Y = "289" T = "0" Pressure = "0" />
		<Point X = "277" Y = "288" T = "0" Pressure = "0" />
		<Point X = "281" Y = "286" T = "0" Pressure = "0" />
		<Point X = "282" Y = "285" T = "0" Pressure = "0" />
		<Point X = "284" Y = "284" T = "0" Pressure = "0" />
		<Point X = "286" Y = "283" T = "0" Pressure = "0" />
		<Point X = "287" Y = "282" T = "0" Pressure = "0" />
		<Point X = "289" Y = "282" T = "0" Pressure = "0" />
		<Point X = "291" Y = "279" T = "0" Pressure = "0" />
		<Point X = "293" Y = "279" T = "0" Pressure = "0" />
		<Point X = "295" Y = "278" T = "0" Pressure = "0" />
		<Point X = "297" Y = "277" T = "0" Pressure = "0" />
		<Point X = "298" Y = "276" T = "0" Pressure = "0" />
		<Point X = "300" Y = "275" T = "0" Pressure = "0" />
		<Point X = "301" Y = "275" T = "0" Pressure = "0" />
		<Point X = "301" Y = "274" T = "0" Pressure = "0" />
		<Point X = "303" Y = "273" T = "0" Pressure = "0" />
		<Point X = "304" Y = "272" T = "0" Pressure = "0" />
		<Point X = "305" Y = "270" T = "0" Pressure = "0" />
		<Point X = "306" Y = "269" T = "0" Pressure = "0" />
		<Point X = "307" Y = "268" T = "0" Pressure = "0" />
		<Point X = "307" Y = "267" T = "0" Pressure = "0" />
		<Point X = "307" Y = "266" T = "0" Pressure = "0" />
		<Point X = "307" Y = "265" T = "0" Pressure = "0" />
		<Point X = "308" Y = "263" T = "0" Pressure = "0" />
		<Point X = "308" Y = "262" T = "0" Pressure = "0" />
		<Point X = "308" Y = "261" T = "0" Pressure = "0" />
		<Point X = "308" Y = "260" T = "0" Pressure = "0" />
		<Point X = "308" Y = "259" T = "0" Pressure = "0" />
		<Point X = "308" Y = "257" T = "0" Pressure = "0" />
		<Point X = "306" Y = "255" T = "0" Pressure = "0" />
		<Point X = "304" Y = "252" T = "0" Pressure = "0" />
		<Point X = "303" Y = "249" T = "0" Pressure = "0" />
		<Point X = "301" Y = "248" T = "0" Pressure = "0" />
		<Point X = "300" Y = "246" T = "0" Pressure = "0" />
		<Point X = "300" Y = "244" T = "0" Pressure = "0" />
		<Point X = "299" Y = "244" T = "0" Pressure = "0" />
		<Point X = "299" Y = "243" T = "0" Pressure = "0" />
		<Point X = "298" Y = "243" T = "0" Pressure = "0" />
		<Point X = "296" Y = "243" T = "0" Pressure = "0" />
		<Point X = "295" Y = "242" T = "0" Pressure = "0" />
		<Point X = "293" Y = "242" T = "0" Pressure = "0" />
		<Point X = "292" Y = "241" T = "0" Pressure = "0" />
		<Point X = "290" Y = "241" T = "0" Pressure = "0" />
		<Point X = "288" Y = "240" T = "0" Pressure = "0" />
		<Point X = "286" Y = "240" T = "0" Pressure = "0" />
		<Point X = "285" Y = "240" T = "0" Pressure = "0" />
		<Point X = "284" Y = "238" T = "0" Pressure = "0" />
		<Point X = "282" Y = "238" T = "0" Pressure = "0" />
		<Point X = "281" Y = "237" T = "0" Pressure = "0" />
		<Point X = "280" Y = "236" T = "0" Pressure = "0" />
		<Point X = "279" Y = "236" T = "0" Pressure = "0" />
		<Point X = "278" Y = "236" T = "0" Pressure = "0" />
		<Point X = "275" Y = "236" T = "0" Pressure = "0" />
		<Point X = "275" Y = "235" T = "0" Pressure = "0" />
		<Point X = "274" Y = "235" T = "0" Pressure = "0" />
		<Point X = "272" Y = "234" T = "0" Pressure = "0" />
		<Point X = "270" Y = "234" T = "0" Pressure = "0" />
		<Point X = "269" Y = "234" T = "0" Pressure = "0" />
		<Point X = "267" Y = "233" T = "0" Pressure = "0" />
		<Point X = "265" Y = "231" T = "0" Pressure = "0" />
		<Point X = "261" Y = "231" T = "0" Pressure = "0" />
		<Point X = "260" Y = "231" T = "0" Pressure = "0" />
		<Point X = "259" Y = "231" T = "0" Pressure = "0" />
		<Point X = "258" Y = "231" T = "0" Pressure = "0" />
		<Point X = "257" Y = "231" T = "0" Pressure = "0" />
		<Point X = "256" Y = "231" T = "0" Pressure = "0" />
		<Point X = "255" Y = "231" T = "0" Pressure = "0" />
		<Point X = "254" Y = "231" T = "0" Pressure = "0" />
		<Point X = "253" Y = "231" T = "0" Pressure = "0" />
		<Point X = "252" Y = "231" T = "0" Pressure = "0" />
		<Point X = "251" Y = "231" T = "0" Pressure = "0" />
		<Point X = "250" Y = "231" T = "0" Pressure = "0" />
		<Point X = "249" Y = "231" T = "0" Pressure = "0" />
		<Point X = "248" Y = "231" T = "0" Pressure = "0" />
		<Point X = "247" Y = "231" T = "0" Pressure = "0" />
		<Point X = "246" Y = "231" T = "0" Pressure = "0" />
		<Point X = "245" Y = "231" T = "0" Pressure = "0" />
		<Point X = "244" Y = "231" T = "0" Pressure = "0" />
		<Point X = "243" Y = "231" T = "0" Pressure = "0" />
		<Point X = "241" Y = "231" T = "0" Pressure = "0" />
		<Point X = "240" Y = "231" T = "0" Pressure = "0" />
		<Point X = "238" Y = "231" T = "0" Pressure = "0" />
		<Point X = "237" Y = "231" T = "0" Pressure = "0" />
		<Point X = "236" Y = "231" T = "0" Pressure = "0" />
		<Point X = "234" Y = "231" T = "0" Pressure = "0" />
		<Point X = "233" Y = "232" T = "0" Pressure = "0" />
		<Point X = "232" Y = "232" T = "0" Pressure = "0" />
		<Point X = "231" Y = "233" T = "0" Pressure = "0" />
		<Point X = "230" Y = "233" T = "0" Pressure = "0" />
		<Point X = "229" Y = "234" T = "0" Pressure = "0" />
		<Point X = "228" Y = "234" T = "0" Pressure = "0" />
		<Point X = "227" Y = "234" T = "0" Pressure = "0" />
		<Point X = "225" Y = "234" T = "0" Pressure = "0" />
	</Stroke>
</Gesture>
