<?xml version="1.0" encoding="utf-8" standalone="yes"?>
<Gesture Name = "b">
	<Stroke>
		<Point X = "219" Y = "41" T = "0" Pressure = "0" />
		<Point X = "219" Y = "45" T = "0" Pressure = "0" />
		<Point X = "219" Y = "51" T = "0" Pressure = "0" />
		<Point X = "219" Y = "55" T = "0" Pressure = "0" />
		<Point X = "219" Y = "61" T = "0" Pressure = "0" />
		<Point X = "219" Y = "65" T = "0" Pressure = "0" />
		<Point X = "219" Y = "69" T = "0" Pressure = "0" />
		<Point X = "219" Y = "75" T = "0" Pressure = "0" />
		<Point X = "219" Y = "79" T = "0" Pressure = "0" />
		<Point X = "219" Y = "83" T = "0" Pressure = "0" />
		<Point X = "219" Y = "90" T = "0" Pressure = "0" />
		<Point X = "219" Y = "96" T = "0" Pressure = "0" />
		<Point X = "219" Y = "100" T = "0" Pressure = "0" />
		<Point X = "219" Y = "108" T = "0" Pressure = "0" />
		<Point X = "219" Y = "115" T = "0" Pressure = "0" />
		<Point X = "218" Y = "121" T = "0" Pressure = "0" />
		<Point X = "217" Y = "128" T = "0" Pressure = "0" />
		<Point X = "217" Y = "135" T = "0" Pressure = "0" />
		<Point X = "217" Y = "142" T = "0" Pressure = "0" />
		<Point X = "217" Y = "149" T = "0" Pressure = "0" />
		<Point X = "217" Y = "151" T = "0" Pressure = "0" />
		<Point X = "217" Y = "155" T = "0" Pressure = "0" />
		<Point X = "217" Y = "159" T = "0" Pressure = "0" />
		<Point X = "217" Y = "162" T = "0" Pressure = "0" />
		<Point X = "217" Y = "165" T = "0" Pressure = "0" />
		<Point X = "217" Y = "166" T = "0" Pressure = "0" />
		<Point X = "217" Y = "170" T = "0" Pressure = "0" />
		<Point X = "217" Y = "172" T = "0" Pressure = "0" />
		<Point X = "217" Y = "174" T = "0" Pressure = "0" />
		<Point X = "217" Y = "176" T = "0" Pressure = "0" />
		<Point X = "217" Y = "179" T = "0" Pressure = "0" />
		<Point X = "218" Y = "181" T = "0" Pressure = "0" />
		<Point X = "220" Y = "184" T = "0" Pressure = "0" />
		<Point X = "223" Y = "188" T = "0" Pressure = "0" />
		<Point X = "224" Y = "190" T = "0" Pressure = "0" />
		<Point X = "226" Y = "193" T = "0" Pressure = "0" />
		<Point X = "228" Y = "195" T = "0" Pressure = "0" />
		<Point X = "230" Y = "198" T = "0" Pressure = "0" />
		<Point X = "231" Y = "199" T = "0" Pressure = "0" />
		<Point X = "233" Y = "201" T = "0" Pressure = "0" />
		<Point X = "235" Y = "202" T = "0" Pressure = "0" />
		<Point X = "239" Y = "204" T = "0" Pressure = "0" />
		<Point X = "242" Y = "205" T = "0" Pressure = "0" />
		<Point X = "246" Y = "206" T = "0" Pressure = "0" />
		<Point X = "250" Y = "206" T = "0" Pressure = "0" />
		<Point X = "254" Y = "206" T = "0" Pressure = "0" />
		<Point X = "258" Y = "207" T = "0" Pressure = "0" />
		<Point X = "261" Y = "209" T = "0" Pressure = "0" />
		<Point X = "263" Y = "209" T = "0" Pressure = "0" />
		<Point X = "264" Y = "209" T = "0" Pressure = "0" />
		<Point X = "267" Y = "209" T = "0" Pressure = "0" />
		<Point X = "269" Y = "209" T = "0" Pressure = "0" />
		<Point X = "271" Y = "209" T = "0" Pressure = "0" />
		<Point X = "273" Y = "208" T = "0" Pressure = "0" />
		<Point X = "276" Y = "205" T = "0" Pressure = "0" />
		<Point X = "280" Y = "201" T = "0" Pressure = "0" />
		<Point X = "283" Y = "198" T = "0" Pressure = "0" />
		<Point X = "285" Y = "195" T = "0" Pressure = "0" />
		<Point X = "288" Y = "192" T = "0" Pressure = "0" />
		<Point X = "290" Y = "187" T = "0" Pressure = "0" />
		<Point X = "291" Y = "184" T = "0" Pressure = "0" />
		<Point X = "292" Y = "181" T = "0" Pressure = "0" />
		<Point X = "293" Y = "178" T = "0" Pressure = "0" />
		<Point X = "294" Y = "174" T = "0" Pressure = "0" />
		<Point X = "295" Y = "171" T = "0" Pressure = "0" />
		<Point X = "296" Y = "168" T = "0" Pressure = "0" />
		<Point X = "297" Y = "166" T = "0" Pressure = "0" />
		<Point X = "297" Y = "163" T = "0" Pressure = "0" />
		<Point X = "297" Y = "159" T = "0" Pressure = "0" />
		<Point X = "297" Y = "156" T = "0" Pressure = "0" />
		<Point X = "297" Y = "152" T = "0" Pressure = "0" />
		<Point X = "297" Y = "150" T = "0" Pressure = "0" />
		<Point X = "297" Y = "146" T = "0" Pressure = "0" />
		<Point X = "295" Y = "144" T = "0" Pressure = "0" />
		<Point X = "294" Y = "139" T = "0" Pressure = "0" />
		<Point X = "292" Y = "138" T = "0" Pressure = "0" />
		<Point X = "288" Y = "136" T = "0" Pressure = "0" />
		<Point X = "287" Y = "135" T = "0" Pressure = "0" />
		<Point X = "284" Y = "135" T = "0" Pressure = "0" />
		<Point X = "281" Y = "135" T = "0" Pressure = "0" />
		<Point X = "279" Y = "135" T = "0" Pressure = "0" />
		<Point X = "276" Y = "135" T = "0" Pressure = "0" />
		<Point X = "273" Y = "135" T = "0" Pressure = "0" />
		<Point X = "270" Y = "134" T = "0" Pressure = "0" />
		<Point X = "265" Y = "133" T = "0" Pressure = "0" />
		<Point X = "262" Y = "133" T = "0" Pressure = "0" />
		<Point X = "258" Y = "131" T = "0" Pressure = "0" />
		<Point X = "257" Y = "131" T = "0" Pressure = "0" />
		<Point X = "254" Y = "131" T = "0" Pressure = "0" />
		<Point X = "253" Y = "131" T = "0" Pressure = "0" />
		<Point X = "252" Y = "131" T = "0" Pressure = "0" />
		<Point X = "250" Y = "131" T = "0" Pressure = "0" />
		<Point X = "249" Y = "131" T = "0" Pressure = "0" />
		<Point X = "247" Y = "131" T = "0" Pressure = "0" />
		<Point X = "246" Y = "131" T = "0" Pressure = "0" />
		<Point X = "244" Y = "131" T = "0" Pressure = "0" />
		<Point X = "243" Y = "131" T = "0" Pressure = "0" />
		<Point X = "242" Y = "131" T = "0" Pressure = "0" />
		<Point X = "240" Y = "132" T = "0" Pressure = "0" />
		<Point X = "240" Y = "133" T = "0" Pressure = "0" />
		<Point X = "238" Y = "134" T = "0" Pressure = "0" />
		<Point X = "237" Y = "135" T = "0" Pressure = "0" />
		<Point X = "236" Y = "135" T = "0" Pressure = "0" />
		<Point X = "235" Y = "136" T = "0" Pressure = "0" />
		<Point X = "234" Y = "137" T = "0" Pressure = "0" />
		<Point X = "233" Y = "138" T = "0" Pressure = "0" />
		<Point X = "232" Y = "138" T = "0" Pressure = "0" />
		<Point X = "232" Y = "139" T = "0" Pressure = "0" />
		<Point X = "232" Y = "140" T = "0" Pressure = "0" />
		<Point X = "231" Y = "141" T = "0" Pressure = "0" />
		<Point X = "230" Y = "142" T = "0" Pressure = "0" />
		<Point X = "230" Y = "143" T = "0" Pressure = "0" />
		<Point X = "229" Y = "143" T = "0" Pressure = "0" />
		<Point X = "228" Y = "143" T = "0" Pressure = "0" />
		<Point X = "228" Y = "144" T = "0" Pressure = "0" />
		<Point X = "226" Y = "144" T = "0" Pressure = "0" />
		<Point X = "226" Y = "145" T = "0" Pressure = "0" />
		<Point X = "225" Y = "146" T = "0" Pressure = "0" />
		<Point X = "224" Y = "147" T = "0" Pressure = "0" />
		<Point X = "223" Y = "149" T = "0" Pressure = "0" />
		<Point X = "222" Y = "149" T = "0" Pressure = "0" />
		<Point X = "221" Y = "150" T = "0" Pressure = "0" />
		<Point X = "221" Y = "151" T = "0" Pressure = "0" />
		<Point X = "220" Y = "153" T = "0" Pressure = "0" />
		<Point X = "220" Y = "154" T = "0" Pressure = "0" />
		<Point X = "219" Y = "155" T = "0" Pressure = "0" />
		<Point X = "218" Y = "156" T = "0" Pressure = "0" />
		<Point X = "218" Y = "157" T = "0" Pressure = "0" />
		<Point X = "218" Y = "158" T = "0" Pressure = "0" />
		<Point X = "217" Y = "158" T = "0" Pressure = "0" />
		<Point X = "216" Y = "159" T = "0" Pressure = "0" />
		<Point X = "215" Y = "160" T = "0" Pressure = "0" />
	</Stroke>
</Gesture>
