<?xml version="1.0" encoding="utf-8" standalone="yes"?>
<Gesture Name = "b">
	<Stroke>
		<Point X = "80" Y = "92" T = "0" Pressure = "0" />
		<Point X = "79" Y = "97" T = "0" Pressure = "0" />
		<Point X = "79" Y = "102" T = "0" Pressure = "0" />
		<Point X = "78" Y = "107" T = "0" Pressure = "0" />
		<Point X = "77" Y = "114" T = "0" Pressure = "0" />
		<Point X = "75" Y = "122" T = "0" Pressure = "0" />
		<Point X = "74" Y = "133" T = "0" Pressure = "0" />
		<Point X = "73" Y = "142" T = "0" Pressure = "0" />
		<Point X = "72" Y = "155" T = "0" Pressure = "0" />
		<Point X = "69" Y = "166" T = "0" Pressure = "0" />
		<Point X = "67" Y = "177" T = "0" Pressure = "0" />
		<Point X = "66" Y = "186" T = "0" Pressure = "0" />
		<Point X = "66" Y = "196" T = "0" Pressure = "0" />
		<Point X = "64" Y = "203" T = "0" Pressure = "0" />
		<Point X = "63" Y = "211" T = "0" Pressure = "0" />
		<Point X = "63" Y = "218" T = "0" Pressure = "0" />
		<Point X = "63" Y = "223" T = "0" Pressure = "0" />
		<Point X = "63" Y = "227" T = "0" Pressure = "0" />
		<Point X = "63" Y = "229" T = "0" Pressure = "0" />
		<Point X = "63" Y = "230" T = "0" Pressure = "0" />
		<Point X = "63" Y = "233" T = "0" Pressure = "0" />
		<Point X = "64" Y = "235" T = "0" Pressure = "0" />
		<Point X = "65" Y = "237" T = "0" Pressure = "0" />
		<Point X = "67" Y = "241" T = "0" Pressure = "0" />
		<Point X = "69" Y = "244" T = "0" Pressure = "0" />
		<Point X = "73" Y = "248" T = "0" Pressure = "0" />
		<Point X = "76" Y = "253" T = "0" Pressure = "0" />
		<Point X = "78" Y = "255" T = "0" Pressure = "0" />
		<Point X = "81" Y = "259" T = "0" Pressure = "0" />
		<Point X = "84" Y = "262" T = "0" Pressure = "0" />
		<Point X = "86" Y = "265" T = "0" Pressure = "0" />
		<Point X = "89" Y = "267" T = "0" Pressure = "0" />
		<Point X = "90" Y = "268" T = "0" Pressure = "0" />
		<Point X = "92" Y = "268" T = "0" Pressure = "0" />
		<Point X = "95" Y = "268" T = "0" Pressure = "0" />
		<Point X = "97" Y = "268" T = "0" Pressure = "0" />
		<Point X = "99" Y = "268" T = "0" Pressure = "0" />
		<Point X = "100" Y = "268" T = "0" Pressure = "0" />
		<Point X = "102" Y = "268" T = "0" Pressure = "0" />
		<Point X = "103" Y = "268" T = "0" Pressure = "0" />
		<Point X = "105" Y = "268" T = "0" Pressure = "0" />
		<Point X = "106" Y = "268" T = "0" Pressure = "0" />
		<Point X = "108" Y = "266" T = "0" Pressure = "0" />
		<Point X = "108" Y = "263" T = "0" Pressure = "0" />
		<Point X = "109" Y = "259" T = "0" Pressure = "0" />
		<Point X = "110" Y = "256" T = "0" Pressure = "0" />
		<Point X = "111" Y = "253" T = "0" Pressure = "0" />
		<Point X = "111" Y = "247" T = "0" Pressure = "0" />
		<Point X = "111" Y = "242" T = "0" Pressure = "0" />
		<Point X = "111" Y = "236" T = "0" Pressure = "0" />
		<Point X = "111" Y = "230" T = "0" Pressure = "0" />
		<Point X = "111" Y = "227" T = "0" Pressure = "0" />
		<Point X = "111" Y = "223" T = "0" Pressure = "0" />
		<Point X = "111" Y = "220" T = "0" Pressure = "0" />
		<Point X = "111" Y = "218" T = "0" Pressure = "0" />
		<Point X = "111" Y = "217" T = "0" Pressure = "0" />
		<Point X = "111" Y = "216" T = "0" Pressure = "0" />
		<Point X = "111" Y = "215" T = "0" Pressure = "0" />
		<Point X = "111" Y = "214" T = "0" Pressure = "0" />
		<Point X = "109" Y = "213" T = "0" Pressure = "0" />
		<Point X = "107" Y = "212" T = "0" Pressure = "0" />
		<Point X = "102" Y = "210" T = "0" Pressure = "0" />
		<Point X = "99" Y = "210" T = "0" Pressure = "0" />
		<Point X = "97" Y = "209" T = "0" Pressure = "0" />
		<Point X = "94" Y = "209" T = "0" Pressure = "0" />
		<Point X = "91" Y = "209" T = "0" Pressure = "0" />
		<Point X = "89" Y = "208" T = "0" Pressure = "0" />
		<Point X = "87" Y = "208" T = "0" Pressure = "0" />
		<Point X = "86" Y = "208" T = "0" Pressure = "0" />
		<Point X = "85" Y = "208" T = "0" Pressure = "0" />
		<Point X = "83" Y = "208" T = "0" Pressure = "0" />
		<Point X = "81" Y = "208" T = "0" Pressure = "0" />
		<Point X = "80" Y = "208" T = "0" Pressure = "0" />
		<Point X = "77" Y = "208" T = "0" Pressure = "0" />
		<Point X = "75" Y = "209" T = "0" Pressure = "0" />
		<Point X = "74" Y = "210" T = "0" Pressure = "0" />
		<Point X = "72" Y = "210" T = "0" Pressure = "0" />
		<Point X = "71" Y = "211" T = "0" Pressure = "0" />
		<Point X = "70" Y = "211" T = "0" Pressure = "0" />
		<Point X = "69" Y = "213" T = "0" Pressure = "0" />
		<Point X = "68" Y = "213" T = "0" Pressure = "0" />
		<Point X = "67" Y = "215" T = "0" Pressure = "0" />
		<Point X = "67" Y = "216" T = "0" Pressure = "0" />
		<Point X = "66" Y = "216" T = "0" Pressure = "0" />
		<Point X = "65" Y = "217" T = "0" Pressure = "0" />
		<Point X = "65" Y = "218" T = "0" Pressure = "0" />
		<Point X = "65" Y = "219" T = "0" Pressure = "0" />
		<Point X = "64" Y = "220" T = "0" Pressure = "0" />
		<Point X = "62" Y = "221" T = "0" Pressure = "0" />
		<Point X = "62" Y = "222" T = "0" Pressure = "0" />
		<Point X = "61" Y = "222" T = "0" Pressure = "0" />
	</Stroke>
</Gesture>
