<?xml version="1.0" encoding="utf-8" standalone="yes"?>
<Gesture Name = "b">
	<Stroke>
		<Point X = "44" Y = "69" T = "0" Pressure = "0" />
		<Point X = "43" Y = "70" T = "0" Pressure = "0" />
		<Point X = "43" Y = "71" T = "0" Pressure = "0" />
		<Point X = "43" Y = "74" T = "0" Pressure = "0" />
		<Point X = "43" Y = "76" T = "0" Pressure = "0" />
		<Point X = "43" Y = "77" T = "0" Pressure = "0" />
		<Point X = "43" Y = "80" T = "0" Pressure = "0" />
		<Point X = "43" Y = "82" T = "0" Pressure = "0" />
		<Point X = "43" Y = "84" T = "0" Pressure = "0" />
		<Point X = "43" Y = "86" T = "0" Pressure = "0" />
		<Point X = "45" Y = "89" T = "0" Pressure = "0" />
		<Point X = "45" Y = "93" T = "0" Pressure = "0" />
		<Point X = "46" Y = "97" T = "0" Pressure = "0" />
		<Point X = "46" Y = "99" T = "0" Pressure = "0" />
		<Point X = "46" Y = "103" T = "0" Pressure = "0" />
		<Point X = "46" Y = "107" T = "0" Pressure = "0" />
		<Point X = "46" Y = "110" T = "0" Pressure = "0" />
		<Point X = "46" Y = "113" T = "0" Pressure = "0" />
		<Point X = "46" Y = "116" T = "0" Pressure = "0" />
		<Point X = "46" Y = "120" T = "0" Pressure = "0" />
		<Point X = "46" Y = "124" T = "0" Pressure = "0" />
		<Point X = "46" Y = "125" T = "0" Pressure = "0" />
		<Point X = "46" Y = "128" T = "0" Pressure = "0" />
		<Point X = "46" Y = "131" T = "0" Pressure = "0" />
		<Point X = "46" Y = "134" T = "0" Pressure = "0" />
		<Point X = "46" Y = "135" T = "0" Pressure = "0" />
		<Point X = "46" Y = "138" T = "0" Pressure = "0" />
		<Point X = "46" Y = "143" T = "0" Pressure = "0" />
		<Point X = "46" Y = "146" T = "0" Pressure = "0" />
		<Point X = "46" Y = "150" T = "0" Pressure = "0" />
		<Point X = "46" Y = "153" T = "0" Pressure = "0" />
		<Point X = "46" Y = "158" T = "0" Pressure = "0" />
		<Point X = "46" Y = "160" T = "0" Pressure = "0" />
		<Point X = "46" Y = "164" T = "0" Pressure = "0" />
		<Point X = "46" Y = "168" T = "0" Pressure = "0" />
		<Point X = "46" Y = "171" T = "0" Pressure = "0" />
		<Point X = "46" Y = "175" T = "0" Pressure = "0" />
		<Point X = "46" Y = "178" T = "0" Pressure = "0" />
		<Point X = "46" Y = "180" T = "0" Pressure = "0" />
		<Point X = "46" Y = "183" T = "0" Pressure = "0" />
		<Point X = "46" Y = "186" T = "0" Pressure = "0" />
		<Point X = "46" Y = "189" T = "0" Pressure = "0" />
		<Point X = "46" Y = "192" T = "0" Pressure = "0" />
		<Point X = "46" Y = "195" T = "0" Pressure = "0" />
		<Point X = "46" Y = "197" T = "0" Pressure = "0" />
		<Point X = "46" Y = "199" T = "0" Pressure = "0" />
		<Point X = "46" Y = "201" T = "0" Pressure = "0" />
		<Point X = "46" Y = "202" T = "0" Pressure = "0" />
		<Point X = "46" Y = "205" T = "0" Pressure = "0" />
		<Point X = "46" Y = "207" T = "0" Pressure = "0" />
		<Point X = "46" Y = "209" T = "0" Pressure = "0" />
		<Point X = "46" Y = "212" T = "0" Pressure = "0" />
		<Point X = "46" Y = "215" T = "0" Pressure = "0" />
		<Point X = "48" Y = "217" T = "0" Pressure = "0" />
		<Point X = "48" Y = "220" T = "0" Pressure = "0" />
		<Point X = "49" Y = "223" T = "0" Pressure = "0" />
		<Point X = "49" Y = "225" T = "0" Pressure = "0" />
		<Point X = "50" Y = "228" T = "0" Pressure = "0" />
		<Point X = "50" Y = "230" T = "0" Pressure = "0" />
		<Point X = "50" Y = "231" T = "0" Pressure = "0" />
		<Point X = "52" Y = "233" T = "0" Pressure = "0" />
		<Point X = "52" Y = "234" T = "0" Pressure = "0" />
		<Point X = "52" Y = "235" T = "0" Pressure = "0" />
		<Point X = "53" Y = "237" T = "0" Pressure = "0" />
		<Point X = "54" Y = "239" T = "0" Pressure = "0" />
		<Point X = "55" Y = "242" T = "0" Pressure = "0" />
		<Point X = "57" Y = "244" T = "0" Pressure = "0" />
		<Point X = "59" Y = "246" T = "0" Pressure = "0" />
		<Point X = "60" Y = "247" T = "0" Pressure = "0" />
		<Point X = "62" Y = "250" T = "0" Pressure = "0" />
		<Point X = "63" Y = "250" T = "0" Pressure = "0" />
		<Point X = "64" Y = "252" T = "0" Pressure = "0" />
		<Point X = "66" Y = "254" T = "0" Pressure = "0" />
		<Point X = "67" Y = "255" T = "0" Pressure = "0" />
		<Point X = "69" Y = "256" T = "0" Pressure = "0" />
		<Point X = "72" Y = "258" T = "0" Pressure = "0" />
		<Point X = "74" Y = "259" T = "0" Pressure = "0" />
		<Point X = "75" Y = "260" T = "0" Pressure = "0" />
		<Point X = "76" Y = "261" T = "0" Pressure = "0" />
		<Point X = "78" Y = "261" T = "0" Pressure = "0" />
		<Point X = "79" Y = "261" T = "0" Pressure = "0" />
		<Point X = "81" Y = "261" T = "0" Pressure = "0" />
		<Point X = "84" Y = "261" T = "0" Pressure = "0" />
		<Point X = "87" Y = "263" T = "0" Pressure = "0" />
		<Point X = "89" Y = "263" T = "0" Pressure = "0" />
		<Point X = "92" Y = "264" T = "0" Pressure = "0" />
		<Point X = "95" Y = "264" T = "0" Pressure = "0" />
		<Point X = "97" Y = "264" T = "0" Pressure = "0" />
		<Point X = "98" Y = "264" T = "0" Pressure = "0" />
		<Point X = "99" Y = "264" T = "0" Pressure = "0" />
		<Point X = "100" Y = "264" T = "0" Pressure = "0" />
		<Point X = "102" Y = "264" T = "0" Pressure = "0" />
		<Point X = "102" Y = "263" T = "0" Pressure = "0" />
		<Point X = "103" Y = "263" T = "0" Pressure = "0" />
		<Point X = "104" Y = "263" T = "0" Pressure = "0" />
		<Point X = "105" Y = "262" T = "0" Pressure = "0" />
		<Point X = "107" Y = "261" T = "0" Pressure = "0" />
		<Point X = "108" Y = "259" T = "0" Pressure = "0" />
		<Point X = "110" Y = "258" T = "0" Pressure = "0" />
		<Point X = "112" Y = "256" T = "0" Pressure = "0" />
		<Point X = "113" Y = "255" T = "0" Pressure = "0" />
		<Point X = "114" Y = "254" T = "0" Pressure = "0" />
		<Point X = "115" Y = "253" T = "0" Pressure = "0" />
		<Point X = "116" Y = "252" T = "0" Pressure = "0" />
		<Point X = "118" Y = "250" T = "0" Pressure = "0" />
		<Point X = "119" Y = "249" T = "0" Pressure = "0" />
		<Point X = "120" Y = "248" T = "0" Pressure = "0" />
		<Point X = "120" Y = "247" T = "0" Pressure = "0" />
		<Point X = "122" Y = "246" T = "0" Pressure = "0" />
		<Point X = "122" Y = "245" T = "0" Pressure = "0" />
		<Point X = "123" Y = "244" T = "0" Pressure = "0" />
		<Point X = "123" Y = "243" T = "0" Pressure = "0" />
		<Point X = "125" Y = "241" T = "0" Pressure = "0" />
		<Point X = "125" Y = "240" T = "0" Pressure = "0" />
		<Point X = "126" Y = "238" T = "0" Pressure = "0" />
		<Point X = "126" Y = "237" T = "0" Pressure = "0" />
		<Point X = "126" Y = "235" T = "0" Pressure = "0" />
		<Point X = "126" Y = "234" T = "0" Pressure = "0" />
		<Point X = "126" Y = "232" T = "0" Pressure = "0" />
		<Point X = "126" Y = "231" T = "0" Pressure = "0" />
		<Point X = "126" Y = "230" T = "0" Pressure = "0" />
		<Point X = "126" Y = "228" T = "0" Pressure = "0" />
		<Point X = "126" Y = "226" T = "0" Pressure = "0" />
		<Point X = "125" Y = "225" T = "0" Pressure = "0" />
		<Point X = "125" Y = "224" T = "0" Pressure = "0" />
		<Point X = "124" Y = "224" T = "0" Pressure = "0" />
		<Point X = "124" Y = "222" T = "0" Pressure = "0" />
		<Point X = "123" Y = "221" T = "0" Pressure = "0" />
		<Point X = "121" Y = "219" T = "0" Pressure = "0" />
		<Point X = "119" Y = "217" T = "0" Pressure = "0" />
		<Point X = "118" Y = "216" T = "0" Pressure = "0" />
		<Point X = "118" Y = "214" T = "0" Pressure = "0" />
		<Point X = "117" Y = "214" T = "0" Pressure = "0" />
		<Point X = "116" Y = "212" T = "0" Pressure = "0" />
		<Point X = "113" Y = "212" T = "0" Pressure = "0" />
		<Point X = "112" Y = "211" T = "0" Pressure = "0" />
		<Point X = "111" Y = "210" T = "0" Pressure = "0" />
		<Point X = "108" Y = "208" T = "0" Pressure = "0" />
		<Point X = "107" Y = "207" T = "0" Pressure = "0" />
		<Point X = "106" Y = "207" T = "0" Pressure = "0" />
		<Point X = "105" Y = "206" T = "0" Pressure = "0" />
		<Point X = "104" Y = "206" T = "0" Pressure = "0" />
		<Point X = "103" Y = "206" T = "0" Pressure = "0" />
		<Point X = "102" Y = "205" T = "0" Pressure = "0" />
		<Point X = "100" Y = "205" T = "0" Pressure = "0" />
		<Point X = "99" Y = "205" T = "0" Pressure = "0" />
		<Point X = "98" Y = "205" T = "0" Pressure = "0" />
		<Point X = "96" Y = "204" T = "0" Pressure = "0" />
		<Point X = "94" Y = "204" T = "0" Pressure = "0" />
		<Point X = "92" Y = "203" T = "0" Pressure = "0" />
		<Point X = "90" Y = "203" T = "0" Pressure = "0" />
		<Point X = "89" Y = "203" T = "0" Pressure = "0" />
		<Point X = "88" Y = "202" T = "0" Pressure = "0" />
		<Point X = "86" Y = "202" T = "0" Pressure = "0" />
		<Point X = "85" Y = "202" T = "0" Pressure = "0" />
		<Point X = "85" Y = "201" T = "0" Pressure = "0" />
		<Point X = "84" Y = "201" T = "0" Pressure = "0" />
		<Point X = "83" Y = "201" T = "0" Pressure = "0" />
		<Point X = "82" Y = "201" T = "0" Pressure = "0" />
		<Point X = "81" Y = "201" T = "0" Pressure = "0" />
		<Point X = "80" Y = "201" T = "0" Pressure = "0" />
		<Point X = "80" Y = "200" T = "0" Pressure = "0" />
		<Point X = "79" Y = "200" T = "0" Pressure = "0" />
		<Point X = "78" Y = "200" T = "0" Pressure = "0" />
		<Point X = "77" Y = "200" T = "0" Pressure = "0" />
		<Point X = "76" Y = "200" T = "0" Pressure = "0" />
		<Point X = "75" Y = "200" T = "0" Pressure = "0" />
		<Point X = "74" Y = "200" T = "0" Pressure = "0" />
		<Point X = "73" Y = "200" T = "0" Pressure = "0" />
		<Point X = "72" Y = "200" T = "0" Pressure = "0" />
		<Point X = "71" Y = "200" T = "0" Pressure = "0" />
		<Point X = "70" Y = "200" T = "0" Pressure = "0" />
		<Point X = "69" Y = "200" T = "0" Pressure = "0" />
		<Point X = "68" Y = "200" T = "0" Pressure = "0" />
		<Point X = "66" Y = "200" T = "0" Pressure = "0" />
		<Point X = "65" Y = "200" T = "0" Pressure = "0" />
		<Point X = "63" Y = "200" T = "0" Pressure = "0" />
		<Point X = "61" Y = "200" T = "0" Pressure = "0" />
		<Point X = "60" Y = "201" T = "0" Pressure = "0" />
		<Point X = "59" Y = "201" T = "0" Pressure = "0" />
		<Point X = "58" Y = "201" T = "0" Pressure = "0" />
		<Point X = "57" Y = "201" T = "0" Pressure = "0" />
		<Point X = "56" Y = "201" T = "0" Pressure = "0" />
		<Point X = "55" Y = "201" T = "0" Pressure = "0" />
		<Point X = "54" Y = "201" T = "0" Pressure = "0" />
		<Point X = "53" Y = "201" T = "0" Pressure = "0" />
		<Point X = "52" Y = "201" T = "0" Pressure = "0" />
		<Point X = "51" Y = "201" T = "0" Pressure = "0" />
		<Point X = "51" Y = "202" T = "0" Pressure = "0" />
		<Point X = "50" Y = "202" T = "0" Pressure = "0" />
		<Point X = "49" Y = "202" T = "0" Pressure = "0" />
		<Point X = "48" Y = "203" T = "0" Pressure = "0" />
		<Point X = "47" Y = "203" T = "0" Pressure = "0" />
	</Stroke>
</Gesture>
