<?xml version="1.0" encoding="utf-8" standalone="yes"?>
<Gesture Name = "b">
	<Stroke>
		<Point X = "41" Y = "65" T = "0" Pressure = "0" />
		<Point X = "41" Y = "69" T = "0" Pressure = "0" />
		<Point X = "41" Y = "72" T = "0" Pressure = "0" />
		<Point X = "41" Y = "76" T = "0" Pressure = "0" />
		<Point X = "41" Y = "82" T = "0" Pressure = "0" />
		<Point X = "41" Y = "86" T = "0" Pressure = "0" />
		<Point X = "41" Y = "93" T = "0" Pressure = "0" />
		<Point X = "41" Y = "101" T = "0" Pressure = "0" />
		<Point X = "41" Y = "111" T = "0" Pressure = "0" />
		<Point X = "41" Y = "123" T = "0" Pressure = "0" />
		<Point X = "41" Y = "135" T = "0" Pressure = "0" />
		<Point X = "41" Y = "149" T = "0" Pressure = "0" />
		<Point X = "41" Y = "161" T = "0" Pressure = "0" />
		<Point X = "41" Y = "172" T = "0" Pressure = "0" />
		<Point X = "41" Y = "181" T = "0" Pressure = "0" />
		<Point X = "41" Y = "187" T = "0" Pressure = "0" />
		<Point X = "41" Y = "190" T = "0" Pressure = "0" />
		<Point X = "40" Y = "196" T = "0" Pressure = "0" />
		<Point X = "40" Y = "198" T = "0" Pressure = "0" />
		<Point X = "40" Y = "202" T = "0" Pressure = "0" />
		<Point X = "39" Y = "205" T = "0" Pressure = "0" />
		<Point X = "39" Y = "211" T = "0" Pressure = "0" />
		<Point X = "39" Y = "216" T = "0" Pressure = "0" />
		<Point X = "39" Y = "222" T = "0" Pressure = "0" />
		<Point X = "39" Y = "227" T = "0" Pressure = "0" />
		<Point X = "39" Y = "232" T = "0" Pressure = "0" />
		<Point X = "39" Y = "236" T = "0" Pressure = "0" />
		<Point X = "39" Y = "240" T = "0" Pressure = "0" />
		<Point X = "39" Y = "243" T = "0" Pressure = "0" />
		<Point X = "41" Y = "248" T = "0" Pressure = "0" />
		<Point X = "42" Y = "251" T = "0" Pressure = "0" />
		<Point X = "42" Y = "253" T = "0" Pressure = "0" />
		<Point X = "45" Y = "257" T = "0" Pressure = "0" />
		<Point X = "46" Y = "258" T = "0" Pressure = "0" />
		<Point X = "47" Y = "259" T = "0" Pressure = "0" />
		<Point X = "50" Y = "263" T = "0" Pressure = "0" />
		<Point X = "52" Y = "264" T = "0" Pressure = "0" />
		<Point X = "54" Y = "264" T = "0" Pressure = "0" />
		<Point X = "57" Y = "266" T = "0" Pressure = "0" />
		<Point X = "60" Y = "267" T = "0" Pressure = "0" />
		<Point X = "61" Y = "267" T = "0" Pressure = "0" />
		<Point X = "63" Y = "267" T = "0" Pressure = "0" />
		<Point X = "65" Y = "267" T = "0" Pressure = "0" />
		<Point X = "68" Y = "267" T = "0" Pressure = "0" />
		<Point X = "72" Y = "267" T = "0" Pressure = "0" />
		<Point X = "78" Y = "267" T = "0" Pressure = "0" />
		<Point X = "83" Y = "265" T = "0" Pressure = "0" />
		<Point X = "90" Y = "262" T = "0" Pressure = "0" />
		<Point X = "96" Y = "259" T = "0" Pressure = "0" />
		<Point X = "100" Y = "256" T = "0" Pressure = "0" />
		<Point X = "102" Y = "255" T = "0" Pressure = "0" />
		<Point X = "105" Y = "252" T = "0" Pressure = "0" />
		<Point X = "107" Y = "251" T = "0" Pressure = "0" />
		<Point X = "109" Y = "249" T = "0" Pressure = "0" />
		<Point X = "111" Y = "248" T = "0" Pressure = "0" />
		<Point X = "112" Y = "245" T = "0" Pressure = "0" />
		<Point X = "114" Y = "241" T = "0" Pressure = "0" />
		<Point X = "115" Y = "240" T = "0" Pressure = "0" />
		<Point X = "116" Y = "235" T = "0" Pressure = "0" />
		<Point X = "117" Y = "233" T = "0" Pressure = "0" />
		<Point X = "118" Y = "229" T = "0" Pressure = "0" />
		<Point X = "119" Y = "224" T = "0" Pressure = "0" />
		<Point X = "119" Y = "220" T = "0" Pressure = "0" />
		<Point X = "119" Y = "216" T = "0" Pressure = "0" />
		<Point X = "119" Y = "213" T = "0" Pressure = "0" />
		<Point X = "119" Y = "211" T = "0" Pressure = "0" />
		<Point X = "119" Y = "207" T = "0" Pressure = "0" />
		<Point X = "117" Y = "205" T = "0" Pressure = "0" />
		<Point X = "112" Y = "200" T = "0" Pressure = "0" />
		<Point X = "111" Y = "199" T = "0" Pressure = "0" />
		<Point X = "107" Y = "198" T = "0" Pressure = "0" />
		<Point X = "102" Y = "197" T = "0" Pressure = "0" />
		<Point X = "97" Y = "194" T = "0" Pressure = "0" />
		<Point X = "93" Y = "193" T = "0" Pressure = "0" />
		<Point X = "90" Y = "192" T = "0" Pressure = "0" />
		<Point X = "87" Y = "192" T = "0" Pressure = "0" />
		<Point X = "82" Y = "190" T = "0" Pressure = "0" />
		<Point X = "77" Y = "189" T = "0" Pressure = "0" />
		<Point X = "72" Y = "188" T = "0" Pressure = "0" />
		<Point X = "67" Y = "188" T = "0" Pressure = "0" />
		<Point X = "64" Y = "188" T = "0" Pressure = "0" />
		<Point X = "61" Y = "188" T = "0" Pressure = "0" />
		<Point X = "60" Y = "188" T = "0" Pressure = "0" />
		<Point X = "58" Y = "188" T = "0" Pressure = "0" />
		<Point X = "57" Y = "188" T = "0" Pressure = "0" />
		<Point X = "56" Y = "188" T = "0" Pressure = "0" />
		<Point X = "55" Y = "189" T = "0" Pressure = "0" />
		<Point X = "54" Y = "189" T = "0" Pressure = "0" />
		<Point X = "53" Y = "189" T = "0" Pressure = "0" />
		<Point X = "53" Y = "190" T = "0" Pressure = "0" />
		<Point X = "52" Y = "190" T = "0" Pressure = "0" />
		<Point X = "51" Y = "190" T = "0" Pressure = "0" />
		<Point X = "49" Y = "192" T = "0" Pressure = "0" />
		<Point X = "48" Y = "193" T = "0" Pressure = "0" />
		<Point X = "47" Y = "194" T = "0" Pressure = "0" />
		<Point X = "43" Y = "196" T = "0" Pressure = "0" />
		<Point X = "43" Y = "197" T = "0" Pressure = "0" />
		<Point X = "40" Y = "199" T = "0" Pressure = "0" />
		<Point X = "39" Y = "199" T = "0" Pressure = "0" />
		<Point X = "38" Y = "200" T = "0" Pressure = "0" />
		<Point X = "38" Y = "201" T = "0" Pressure = "0" />
	</Stroke>
</Gesture>
