<?xml version="1.0" encoding="utf-8" standalone="yes"?>
<Gesture Name = "b">
	<Stroke>
		<Point X = "28" Y = "23" T = "0" Pressure = "0" />
		<Point X = "28" Y = "26" T = "0" Pressure = "0" />
		<Point X = "29" Y = "30" T = "0" Pressure = "0" />
		<Point X = "31" Y = "35" T = "0" Pressure = "0" />
		<Point X = "32" Y = "38" T = "0" Pressure = "0" />
		<Point X = "32" Y = "42" T = "0" Pressure = "0" />
		<Point X = "32" Y = "45" T = "0" Pressure = "0" />
		<Point X = "32" Y = "51" T = "0" Pressure = "0" />
		<Point X = "33" Y = "55" T = "0" Pressure = "0" />
		<Point X = "33" Y = "60" T = "0" Pressure = "0" />
		<Point X = "33" Y = "64" T = "0" Pressure = "0" />
		<Point X = "33" Y = "68" T = "0" Pressure = "0" />
		<Point X = "33" Y = "72" T = "0" Pressure = "0" />
		<Point X = "33" Y = "78" T = "0" Pressure = "0" />
		<Point X = "33" Y = "85" T = "0" Pressure = "0" />
		<Point X = "33" Y = "90" T = "0" Pressure = "0" />
		<Point X = "33" Y = "96" T = "0" Pressure = "0" />
		<Point X = "33" Y = "101" T = "0" Pressure = "0" />
		<Point X = "33" Y = "107" T = "0" Pressure = "0" />
		<Point X = "33" Y = "114" T = "0" Pressure = "0" />
		<Point X = "33" Y = "120" T = "0" Pressure = "0" />
		<Point X = "33" Y = "125" T = "0" Pressure = "0" />
		<Point X = "33" Y = "132" T = "0" Pressure = "0" />
		<Point X = "33" Y = "136" T = "0" Pressure = "0" />
		<Point X = "33" Y = "143" T = "0" Pressure = "0" />
		<Point X = "33" Y = "147" T = "0" Pressure = "0" />
		<Point X = "33" Y = "152" T = "0" Pressure = "0" />
		<Point X = "33" Y = "156" T = "0" Pressure = "0" />
		<Point X = "33" Y = "159" T = "0" Pressure = "0" />
		<Point X = "33" Y = "162" T = "0" Pressure = "0" />
		<Point X = "33" Y = "164" T = "0" Pressure = "0" />
		<Point X = "33" Y = "166" T = "0" Pressure = "0" />
		<Point X = "33" Y = "168" T = "0" Pressure = "0" />
		<Point X = "35" Y = "170" T = "0" Pressure = "0" />
		<Point X = "35" Y = "171" T = "0" Pressure = "0" />
		<Point X = "36" Y = "173" T = "0" Pressure = "0" />
		<Point X = "37" Y = "175" T = "0" Pressure = "0" />
		<Point X = "38" Y = "178" T = "0" Pressure = "0" />
		<Point X = "39" Y = "179" T = "0" Pressure = "0" />
		<Point X = "40" Y = "181" T = "0" Pressure = "0" />
		<Point X = "42" Y = "183" T = "0" Pressure = "0" />
		<Point X = "45" Y = "187" T = "0" Pressure = "0" />
		<Point X = "46" Y = "187" T = "0" Pressure = "0" />
		<Point X = "49" Y = "189" T = "0" Pressure = "0" />
		<Point X = "50" Y = "190" T = "0" Pressure = "0" />
		<Point X = "52" Y = "190" T = "0" Pressure = "0" />
		<Point X = "54" Y = "191" T = "0" Pressure = "0" />
		<Point X = "57" Y = "191" T = "0" Pressure = "0" />
		<Point X = "60" Y = "193" T = "0" Pressure = "0" />
		<Point X = "64" Y = "193" T = "0" Pressure = "0" />
		<Point X = "67" Y = "193" T = "0" Pressure = "0" />
		<Point X = "70" Y = "193" T = "0" Pressure = "0" />
		<Point X = "74" Y = "193" T = "0" Pressure = "0" />
		<Point X = "77" Y = "193" T = "0" Pressure = "0" />
		<Point X = "80" Y = "193" T = "0" Pressure = "0" />
		<Point X = "82" Y = "193" T = "0" Pressure = "0" />
		<Point X = "84" Y = "193" T = "0" Pressure = "0" />
		<Point X = "85" Y = "193" T = "0" Pressure = "0" />
		<Point X = "86" Y = "193" T = "0" Pressure = "0" />
		<Point X = "87" Y = "193" T = "0" Pressure = "0" />
		<Point X = "88" Y = "193" T = "0" Pressure = "0" />
		<Point X = "88" Y = "192" T = "0" Pressure = "0" />
		<Point X = "89" Y = "191" T = "0" Pressure = "0" />
		<Point X = "90" Y = "190" T = "0" Pressure = "0" />
		<Point X = "91" Y = "185" T = "0" Pressure = "0" />
		<Point X = "91" Y = "181" T = "0" Pressure = "0" />
		<Point X = "91" Y = "177" T = "0" Pressure = "0" />
		<Point X = "91" Y = "173" T = "0" Pressure = "0" />
		<Point X = "91" Y = "169" T = "0" Pressure = "0" />
		<Point X = "91" Y = "165" T = "0" Pressure = "0" />
		<Point X = "91" Y = "162" T = "0" Pressure = "0" />
		<Point X = "91" Y = "160" T = "0" Pressure = "0" />
		<Point X = "91" Y = "158" T = "0" Pressure = "0" />
		<Point X = "91" Y = "157" T = "0" Pressure = "0" />
		<Point X = "91" Y = "155" T = "0" Pressure = "0" />
		<Point X = "91" Y = "151" T = "0" Pressure = "0" />
		<Point X = "91" Y = "150" T = "0" Pressure = "0" />
		<Point X = "91" Y = "147" T = "0" Pressure = "0" />
		<Point X = "91" Y = "146" T = "0" Pressure = "0" />
		<Point X = "91" Y = "143" T = "0" Pressure = "0" />
		<Point X = "91" Y = "141" T = "0" Pressure = "0" />
		<Point X = "90" Y = "140" T = "0" Pressure = "0" />
		<Point X = "90" Y = "138" T = "0" Pressure = "0" />
		<Point X = "90" Y = "137" T = "0" Pressure = "0" />
		<Point X = "90" Y = "135" T = "0" Pressure = "0" />
		<Point X = "89" Y = "134" T = "0" Pressure = "0" />
		<Point X = "87" Y = "132" T = "0" Pressure = "0" />
		<Point X = "84" Y = "129" T = "0" Pressure = "0" />
		<Point X = "82" Y = "127" T = "0" Pressure = "0" />
		<Point X = "78" Y = "125" T = "0" Pressure = "0" />
		<Point X = "77" Y = "124" T = "0" Pressure = "0" />
		<Point X = "76" Y = "124" T = "0" Pressure = "0" />
		<Point X = "75" Y = "124" T = "0" Pressure = "0" />
		<Point X = "73" Y = "122" T = "0" Pressure = "0" />
		<Point X = "72" Y = "122" T = "0" Pressure = "0" />
		<Point X = "71" Y = "122" T = "0" Pressure = "0" />
		<Point X = "70" Y = "122" T = "0" Pressure = "0" />
		<Point X = "68" Y = "122" T = "0" Pressure = "0" />
		<Point X = "66" Y = "122" T = "0" Pressure = "0" />
		<Point X = "63" Y = "122" T = "0" Pressure = "0" />
		<Point X = "61" Y = "122" T = "0" Pressure = "0" />
		<Point X = "59" Y = "122" T = "0" Pressure = "0" />
		<Point X = "58" Y = "122" T = "0" Pressure = "0" />
		<Point X = "57" Y = "122" T = "0" Pressure = "0" />
		<Point X = "56" Y = "122" T = "0" Pressure = "0" />
		<Point X = "55" Y = "122" T = "0" Pressure = "0" />
		<Point X = "54" Y = "122" T = "0" Pressure = "0" />
		<Point X = "52" Y = "122" T = "0" Pressure = "0" />
		<Point X = "51" Y = "122" T = "0" Pressure = "0" />
		<Point X = "50" Y = "122" T = "0" Pressure = "0" />
		<Point X = "49" Y = "122" T = "0" Pressure = "0" />
		<Point X = "49" Y = "123" T = "0" Pressure = "0" />
		<Point X = "48" Y = "123" T = "0" Pressure = "0" />
		<Point X = "46" Y = "124" T = "0" Pressure = "0" />
		<Point X = "45" Y = "125" T = "0" Pressure = "0" />
		<Point X = "44" Y = "125" T = "0" Pressure = "0" />
		<Point X = "43" Y = "125" T = "0" Pressure = "0" />
		<Point X = "42" Y = "125" T = "0" Pressure = "0" />
		<Point X = "41" Y = "126" T = "0" Pressure = "0" />
		<Point X = "40" Y = "126" T = "0" Pressure = "0" />
		<Point X = "40" Y = "127" T = "0" Pressure = "0" />
		<Point X = "39" Y = "127" T = "0" Pressure = "0" />
		<Point X = "38" Y = "128" T = "0" Pressure = "0" />
		<Point X = "37" Y = "128" T = "0" Pressure = "0" />
		<Point X = "36" Y = "128" T = "0" Pressure = "0" />
		<Point X = "35" Y = "128" T = "0" Pressure = "0" />
		<Point X = "34" Y = "129" T = "0" Pressure = "0" />
		<Point X = "34" Y = "130" T = "0" Pressure = "0" />
	</Stroke>
</Gesture>
