<?xml version="1.0" encoding="utf-8" standalone="yes"?>
<Gesture Name = "b">
	<Stroke>
		<Point X = "276" Y = "46" T = "0" Pressure = "0" />
		<Point X = "276" Y = "49" T = "0" Pressure = "0" />
		<Point X = "278" Y = "55" T = "0" Pressure = "0" />
		<Point X = "278" Y = "59" T = "0" Pressure = "0" />
		<Point X = "278" Y = "65" T = "0" Pressure = "0" />
		<Point X = "279" Y = "69" T = "0" Pressure = "0" />
		<Point X = "280" Y = "74" T = "0" Pressure = "0" />
		<Point X = "280" Y = "78" T = "0" Pressure = "0" />
		<Point X = "281" Y = "82" T = "0" Pressure = "0" />
		<Point X = "282" Y = "84" T = "0" Pressure = "0" />
		<Point X = "282" Y = "86" T = "0" Pressure = "0" />
		<Point X = "282" Y = "88" T = "0" Pressure = "0" />
		<Point X = "282" Y = "90" T = "0" Pressure = "0" />
		<Point X = "282" Y = "92" T = "0" Pressure = "0" />
		<Point X = "282" Y = "93" T = "0" Pressure = "0" />
		<Point X = "282" Y = "94" T = "0" Pressure = "0" />
		<Point X = "282" Y = "95" T = "0" Pressure = "0" />
		<Point X = "282" Y = "96" T = "0" Pressure = "0" />
		<Point X = "282" Y = "97" T = "0" Pressure = "0" />
		<Point X = "282" Y = "100" T = "0" Pressure = "0" />
		<Point X = "282" Y = "103" T = "0" Pressure = "0" />
		<Point X = "282" Y = "105" T = "0" Pressure = "0" />
		<Point X = "282" Y = "107" T = "0" Pressure = "0" />
		<Point X = "282" Y = "110" T = "0" Pressure = "0" />
		<Point X = "282" Y = "113" T = "0" Pressure = "0" />
		<Point X = "282" Y = "117" T = "0" Pressure = "0" />
		<Point X = "282" Y = "120" T = "0" Pressure = "0" />
		<Point X = "282" Y = "122" T = "0" Pressure = "0" />
		<Point X = "282" Y = "126" T = "0" Pressure = "0" />
		<Point X = "281" Y = "128" T = "0" Pressure = "0" />
		<Point X = "281" Y = "129" T = "0" Pressure = "0" />
		<Point X = "281" Y = "131" T = "0" Pressure = "0" />
		<Point X = "281" Y = "132" T = "0" Pressure = "0" />
		<Point X = "281" Y = "133" T = "0" Pressure = "0" />
		<Point X = "281" Y = "135" T = "0" Pressure = "0" />
		<Point X = "281" Y = "137" T = "0" Pressure = "0" />
		<Point X = "281" Y = "139" T = "0" Pressure = "0" />
		<Point X = "281" Y = "140" T = "0" Pressure = "0" />
		<Point X = "281" Y = "143" T = "0" Pressure = "0" />
		<Point X = "281" Y = "145" T = "0" Pressure = "0" />
		<Point X = "281" Y = "147" T = "0" Pressure = "0" />
		<Point X = "281" Y = "149" T = "0" Pressure = "0" />
		<Point X = "281" Y = "151" T = "0" Pressure = "0" />
		<Point X = "278" Y = "154" T = "0" Pressure = "0" />
		<Point X = "278" Y = "157" T = "0" Pressure = "0" />
		<Point X = "278" Y = "159" T = "0" Pressure = "0" />
		<Point X = "278" Y = "162" T = "0" Pressure = "0" />
		<Point X = "277" Y = "165" T = "0" Pressure = "0" />
		<Point X = "277" Y = "166" T = "0" Pressure = "0" />
		<Point X = "277" Y = "169" T = "0" Pressure = "0" />
		<Point X = "277" Y = "172" T = "0" Pressure = "0" />
		<Point X = "277" Y = "174" T = "0" Pressure = "0" />
		<Point X = "277" Y = "176" T = "0" Pressure = "0" />
		<Point X = "277" Y = "177" T = "0" Pressure = "0" />
		<Point X = "277" Y = "179" T = "0" Pressure = "0" />
		<Point X = "277" Y = "180" T = "0" Pressure = "0" />
		<Point X = "277" Y = "181" T = "0" Pressure = "0" />
		<Point X = "277" Y = "182" T = "0" Pressure = "0" />
		<Point X = "277" Y = "184" T = "0" Pressure = "0" />
		<Point X = "277" Y = "185" T = "0" Pressure = "0" />
		<Point X = "277" Y = "187" T = "0" Pressure = "0" />
		<Point X = "277" Y = "189" T = "0" Pressure = "0" />
		<Point X = "278" Y = "192" T = "0" Pressure = "0" />
		<Point X = "278" Y = "193" T = "0" Pressure = "0" />
		<Point X = "279" Y = "195" T = "0" Pressure = "0" />
		<Point X = "280" Y = "197" T = "0" Pressure = "0" />
		<Point X = "282" Y = "198" T = "0" Pressure = "0" />
		<Point X = "283" Y = "200" T = "0" Pressure = "0" />
		<Point X = "285" Y = "200" T = "0" Pressure = "0" />
		<Point X = "286" Y = "201" T = "0" Pressure = "0" />
		<Point X = "288" Y = "201" T = "0" Pressure = "0" />
		<Point X = "289" Y = "201" T = "0" Pressure = "0" />
		<Point X = "292" Y = "201" T = "0" Pressure = "0" />
		<Point X = "295" Y = "202" T = "0" Pressure = "0" />
		<Point X = "297" Y = "203" T = "0" Pressure = "0" />
		<Point X = "300" Y = "204" T = "0" Pressure = "0" />
		<Point X = "303" Y = "205" T = "0" Pressure = "0" />
		<Point X = "306" Y = "205" T = "0" Pressure = "0" />
		<Point X = "308" Y = "206" T = "0" Pressure = "0" />
		<Point X = "308" Y = "207" T = "0" Pressure = "0" />
		<Point X = "309" Y = "207" T = "0" Pressure = "0" />
		<Point X = "309" Y = "208" T = "0" Pressure = "0" />
		<Point X = "310" Y = "208" T = "0" Pressure = "0" />
		<Point X = "311" Y = "208" T = "0" Pressure = "0" />
		<Point X = "312" Y = "210" T = "0" Pressure = "0" />
		<Point X = "314" Y = "210" T = "0" Pressure = "0" />
		<Point X = "316" Y = "211" T = "0" Pressure = "0" />
		<Point X = "318" Y = "211" T = "0" Pressure = "0" />
		<Point X = "320" Y = "211" T = "0" Pressure = "0" />
		<Point X = "321" Y = "212" T = "0" Pressure = "0" />
		<Point X = "324" Y = "212" T = "0" Pressure = "0" />
		<Point X = "325" Y = "212" T = "0" Pressure = "0" />
		<Point X = "327" Y = "212" T = "0" Pressure = "0" />
		<Point X = "329" Y = "212" T = "0" Pressure = "0" />
		<Point X = "330" Y = "212" T = "0" Pressure = "0" />
		<Point X = "331" Y = "212" T = "0" Pressure = "0" />
		<Point X = "334" Y = "212" T = "0" Pressure = "0" />
		<Point X = "335" Y = "211" T = "0" Pressure = "0" />
		<Point X = "337" Y = "211" T = "0" Pressure = "0" />
		<Point X = "337" Y = "210" T = "0" Pressure = "0" />
		<Point X = "339" Y = "209" T = "0" Pressure = "0" />
		<Point X = "341" Y = "208" T = "0" Pressure = "0" />
		<Point X = "342" Y = "207" T = "0" Pressure = "0" />
		<Point X = "343" Y = "206" T = "0" Pressure = "0" />
		<Point X = "345" Y = "204" T = "0" Pressure = "0" />
		<Point X = "346" Y = "203" T = "0" Pressure = "0" />
		<Point X = "348" Y = "200" T = "0" Pressure = "0" />
		<Point X = "349" Y = "197" T = "0" Pressure = "0" />
		<Point X = "350" Y = "195" T = "0" Pressure = "0" />
		<Point X = "352" Y = "193" T = "0" Pressure = "0" />
		<Point X = "353" Y = "190" T = "0" Pressure = "0" />
		<Point X = "353" Y = "188" T = "0" Pressure = "0" />
		<Point X = "354" Y = "185" T = "0" Pressure = "0" />
		<Point X = "355" Y = "184" T = "0" Pressure = "0" />
		<Point X = "355" Y = "181" T = "0" Pressure = "0" />
		<Point X = "356" Y = "180" T = "0" Pressure = "0" />
		<Point X = "356" Y = "178" T = "0" Pressure = "0" />
		<Point X = "356" Y = "177" T = "0" Pressure = "0" />
		<Point X = "356" Y = "174" T = "0" Pressure = "0" />
		<Point X = "356" Y = "173" T = "0" Pressure = "0" />
		<Point X = "356" Y = "172" T = "0" Pressure = "0" />
		<Point X = "356" Y = "170" T = "0" Pressure = "0" />
		<Point X = "356" Y = "168" T = "0" Pressure = "0" />
		<Point X = "356" Y = "167" T = "0" Pressure = "0" />
		<Point X = "356" Y = "165" T = "0" Pressure = "0" />
		<Point X = "356" Y = "163" T = "0" Pressure = "0" />
		<Point X = "355" Y = "161" T = "0" Pressure = "0" />
		<Point X = "354" Y = "159" T = "0" Pressure = "0" />
		<Point X = "354" Y = "158" T = "0" Pressure = "0" />
		<Point X = "352" Y = "157" T = "0" Pressure = "0" />
		<Point X = "351" Y = "155" T = "0" Pressure = "0" />
		<Point X = "348" Y = "151" T = "0" Pressure = "0" />
		<Point X = "347" Y = "150" T = "0" Pressure = "0" />
		<Point X = "343" Y = "147" T = "0" Pressure = "0" />
		<Point X = "341" Y = "146" T = "0" Pressure = "0" />
		<Point X = "339" Y = "145" T = "0" Pressure = "0" />
		<Point X = "338" Y = "145" T = "0" Pressure = "0" />
		<Point X = "337" Y = "144" T = "0" Pressure = "0" />
		<Point X = "336" Y = "144" T = "0" Pressure = "0" />
		<Point X = "335" Y = "144" T = "0" Pressure = "0" />
		<Point X = "333" Y = "144" T = "0" Pressure = "0" />
		<Point X = "332" Y = "144" T = "0" Pressure = "0" />
		<Point X = "331" Y = "144" T = "0" Pressure = "0" />
		<Point X = "328" Y = "143" T = "0" Pressure = "0" />
		<Point X = "326" Y = "143" T = "0" Pressure = "0" />
		<Point X = "325" Y = "143" T = "0" Pressure = "0" />
		<Point X = "323" Y = "141" T = "0" Pressure = "0" />
		<Point X = "321" Y = "141" T = "0" Pressure = "0" />
		<Point X = "319" Y = "141" T = "0" Pressure = "0" />
		<Point X = "317" Y = "141" T = "0" Pressure = "0" />
		<Point X = "316" Y = "141" T = "0" Pressure = "0" />
		<Point X = "314" Y = "141" T = "0" Pressure = "0" />
		<Point X = "313" Y = "141" T = "0" Pressure = "0" />
		<Point X = "311" Y = "141" T = "0" Pressure = "0" />
		<Point X = "310" Y = "140" T = "0" Pressure = "0" />
		<Point X = "308" Y = "140" T = "0" Pressure = "0" />
		<Point X = "307" Y = "140" T = "0" Pressure = "0" />
		<Point X = "306" Y = "140" T = "0" Pressure = "0" />
		<Point X = "304" Y = "140" T = "0" Pressure = "0" />
		<Point X = "303" Y = "140" T = "0" Pressure = "0" />
		<Point X = "301" Y = "140" T = "0" Pressure = "0" />
		<Point X = "300" Y = "140" T = "0" Pressure = "0" />
		<Point X = "299" Y = "140" T = "0" Pressure = "0" />
		<Point X = "298" Y = "140" T = "0" Pressure = "0" />
		<Point X = "297" Y = "140" T = "0" Pressure = "0" />
		<Point X = "296" Y = "139" T = "0" Pressure = "0" />
		<Point X = "295" Y = "139" T = "0" Pressure = "0" />
		<Point X = "294" Y = "139" T = "0" Pressure = "0" />
		<Point X = "293" Y = "139" T = "0" Pressure = "0" />
		<Point X = "292" Y = "139" T = "0" Pressure = "0" />
		<Point X = "291" Y = "139" T = "0" Pressure = "0" />
		<Point X = "290" Y = "139" T = "0" Pressure = "0" />
		<Point X = "289" Y = "139" T = "0" Pressure = "0" />
		<Point X = "288" Y = "139" T = "0" Pressure = "0" />
		<Point X = "287" Y = "139" T = "0" Pressure = "0" />
		<Point X = "286" Y = "139" T = "0" Pressure = "0" />
		<Point X = "285" Y = "139" T = "0" Pressure = "0" />
		<Point X = "284" Y = "139" T = "0" Pressure = "0" />
		<Point X = "283" Y = "139" T = "0" Pressure = "0" />
		<Point X = "282" Y = "139" T = "0" Pressure = "0" />
		<Point X = "281" Y = "139" T = "0" Pressure = "0" />
	</Stroke>
</Gesture>
