<?xml version="1.0" encoding="utf-8" standalone="yes"?>
<Gesture Name = "b">
	<Stroke>
		<Point X = "64" Y = "68" T = "0" Pressure = "0" />
		<Point X = "64" Y = "73" T = "0" Pressure = "0" />
		<Point X = "64" Y = "81" T = "0" Pressure = "0" />
		<Point X = "65" Y = "88" T = "0" Pressure = "0" />
		<Point X = "65" Y = "96" T = "0" Pressure = "0" />
		<Point X = "65" Y = "105" T = "0" Pressure = "0" />
		<Point X = "65" Y = "113" T = "0" Pressure = "0" />
		<Point X = "65" Y = "122" T = "0" Pressure = "0" />
		<Point X = "65" Y = "129" T = "0" Pressure = "0" />
		<Point X = "65" Y = "139" T = "0" Pressure = "0" />
		<Point X = "65" Y = "144" T = "0" Pressure = "0" />
		<Point X = "65" Y = "151" T = "0" Pressure = "0" />
		<Point X = "65" Y = "157" T = "0" Pressure = "0" />
		<Point X = "65" Y = "164" T = "0" Pressure = "0" />
		<Point X = "65" Y = "173" T = "0" Pressure = "0" />
		<Point X = "65" Y = "180" T = "0" Pressure = "0" />
		<Point X = "65" Y = "188" T = "0" Pressure = "0" />
		<Point X = "65" Y = "198" T = "0" Pressure = "0" />
		<Point X = "65" Y = "209" T = "0" Pressure = "0" />
		<Point X = "65" Y = "218" T = "0" Pressure = "0" />
		<Point X = "65" Y = "228" T = "0" Pressure = "0" />
		<Point X = "65" Y = "236" T = "0" Pressure = "0" />
		<Point X = "65" Y = "242" T = "0" Pressure = "0" />
		<Point X = "65" Y = "245" T = "0" Pressure = "0" />
		<Point X = "65" Y = "249" T = "0" Pressure = "0" />
		<Point X = "65" Y = "252" T = "0" Pressure = "0" />
		<Point X = "65" Y = "253" T = "0" Pressure = "0" />
		<Point X = "65" Y = "256" T = "0" Pressure = "0" />
		<Point X = "65" Y = "258" T = "0" Pressure = "0" />
		<Point X = "66" Y = "260" T = "0" Pressure = "0" />
		<Point X = "67" Y = "262" T = "0" Pressure = "0" />
		<Point X = "68" Y = "264" T = "0" Pressure = "0" />
		<Point X = "70" Y = "267" T = "0" Pressure = "0" />
		<Point X = "71" Y = "268" T = "0" Pressure = "0" />
		<Point X = "72" Y = "269" T = "0" Pressure = "0" />
		<Point X = "74" Y = "271" T = "0" Pressure = "0" />
		<Point X = "75" Y = "273" T = "0" Pressure = "0" />
		<Point X = "77" Y = "274" T = "0" Pressure = "0" />
		<Point X = "78" Y = "275" T = "0" Pressure = "0" />
		<Point X = "80" Y = "276" T = "0" Pressure = "0" />
		<Point X = "83" Y = "276" T = "0" Pressure = "0" />
		<Point X = "86" Y = "277" T = "0" Pressure = "0" />
		<Point X = "89" Y = "278" T = "0" Pressure = "0" />
		<Point X = "92" Y = "278" T = "0" Pressure = "0" />
		<Point X = "95" Y = "278" T = "0" Pressure = "0" />
		<Point X = "99" Y = "278" T = "0" Pressure = "0" />
		<Point X = "101" Y = "278" T = "0" Pressure = "0" />
		<Point X = "108" Y = "278" T = "0" Pressure = "0" />
		<Point X = "113" Y = "278" T = "0" Pressure = "0" />
		<Point X = "119" Y = "278" T = "0" Pressure = "0" />
		<Point X = "124" Y = "278" T = "0" Pressure = "0" />
		<Point X = "129" Y = "278" T = "0" Pressure = "0" />
		<Point X = "132" Y = "278" T = "0" Pressure = "0" />
		<Point X = "134" Y = "278" T = "0" Pressure = "0" />
		<Point X = "135" Y = "278" T = "0" Pressure = "0" />
		<Point X = "136" Y = "277" T = "0" Pressure = "0" />
		<Point X = "138" Y = "276" T = "0" Pressure = "0" />
		<Point X = "139" Y = "274" T = "0" Pressure = "0" />
		<Point X = "139" Y = "271" T = "0" Pressure = "0" />
		<Point X = "140" Y = "270" T = "0" Pressure = "0" />
		<Point X = "143" Y = "266" T = "0" Pressure = "0" />
		<Point X = "143" Y = "263" T = "0" Pressure = "0" />
		<Point X = "144" Y = "262" T = "0" Pressure = "0" />
		<Point X = "146" Y = "257" T = "0" Pressure = "0" />
		<Point X = "147" Y = "255" T = "0" Pressure = "0" />
		<Point X = "147" Y = "254" T = "0" Pressure = "0" />
		<Point X = "147" Y = "252" T = "0" Pressure = "0" />
		<Point X = "148" Y = "248" T = "0" Pressure = "0" />
		<Point X = "148" Y = "244" T = "0" Pressure = "0" />
		<Point X = "148" Y = "242" T = "0" Pressure = "0" />
		<Point X = "148" Y = "238" T = "0" Pressure = "0" />
		<Point X = "148" Y = "234" T = "0" Pressure = "0" />
		<Point X = "146" Y = "226" T = "0" Pressure = "0" />
		<Point X = "145" Y = "222" T = "0" Pressure = "0" />
		<Point X = "143" Y = "217" T = "0" Pressure = "0" />
		<Point X = "142" Y = "215" T = "0" Pressure = "0" />
		<Point X = "141" Y = "214" T = "0" Pressure = "0" />
		<Point X = "141" Y = "213" T = "0" Pressure = "0" />
		<Point X = "140" Y = "213" T = "0" Pressure = "0" />
		<Point X = "140" Y = "212" T = "0" Pressure = "0" />
		<Point X = "139" Y = "211" T = "0" Pressure = "0" />
		<Point X = "138" Y = "210" T = "0" Pressure = "0" />
		<Point X = "136" Y = "209" T = "0" Pressure = "0" />
		<Point X = "134" Y = "209" T = "0" Pressure = "0" />
		<Point X = "131" Y = "208" T = "0" Pressure = "0" />
		<Point X = "126" Y = "206" T = "0" Pressure = "0" />
		<Point X = "123" Y = "205" T = "0" Pressure = "0" />
		<Point X = "121" Y = "204" T = "0" Pressure = "0" />
		<Point X = "118" Y = "204" T = "0" Pressure = "0" />
		<Point X = "115" Y = "204" T = "0" Pressure = "0" />
		<Point X = "111" Y = "202" T = "0" Pressure = "0" />
		<Point X = "108" Y = "201" T = "0" Pressure = "0" />
		<Point X = "105" Y = "200" T = "0" Pressure = "0" />
		<Point X = "103" Y = "200" T = "0" Pressure = "0" />
		<Point X = "101" Y = "200" T = "0" Pressure = "0" />
		<Point X = "98" Y = "198" T = "0" Pressure = "0" />
		<Point X = "96" Y = "198" T = "0" Pressure = "0" />
		<Point X = "96" Y = "197" T = "0" Pressure = "0" />
		<Point X = "94" Y = "197" T = "0" Pressure = "0" />
		<Point X = "92" Y = "197" T = "0" Pressure = "0" />
		<Point X = "91" Y = "197" T = "0" Pressure = "0" />
		<Point X = "90" Y = "197" T = "0" Pressure = "0" />
		<Point X = "88" Y = "197" T = "0" Pressure = "0" />
		<Point X = "86" Y = "197" T = "0" Pressure = "0" />
		<Point X = "85" Y = "197" T = "0" Pressure = "0" />
		<Point X = "84" Y = "197" T = "0" Pressure = "0" />
		<Point X = "83" Y = "197" T = "0" Pressure = "0" />
		<Point X = "82" Y = "198" T = "0" Pressure = "0" />
		<Point X = "81" Y = "199" T = "0" Pressure = "0" />
		<Point X = "79" Y = "200" T = "0" Pressure = "0" />
		<Point X = "78" Y = "201" T = "0" Pressure = "0" />
		<Point X = "77" Y = "201" T = "0" Pressure = "0" />
		<Point X = "75" Y = "203" T = "0" Pressure = "0" />
		<Point X = "74" Y = "203" T = "0" Pressure = "0" />
		<Point X = "73" Y = "205" T = "0" Pressure = "0" />
		<Point X = "72" Y = "205" T = "0" Pressure = "0" />
		<Point X = "71" Y = "207" T = "0" Pressure = "0" />
		<Point X = "70" Y = "207" T = "0" Pressure = "0" />
		<Point X = "69" Y = "208" T = "0" Pressure = "0" />
		<Point X = "69" Y = "209" T = "0" Pressure = "0" />
		<Point X = "66" Y = "209" T = "0" Pressure = "0" />
		<Point X = "65" Y = "210" T = "0" Pressure = "0" />
		<Point X = "63" Y = "212" T = "0" Pressure = "0" />
		<Point X = "63" Y = "213" T = "0" Pressure = "0" />
		<Point X = "62" Y = "213" T = "0" Pressure = "0" />
	</Stroke>
</Gesture>
