<?xml version="1.0" encoding="utf-8" standalone="yes"?>
<Gesture Name = "b">
	<Stroke>
		<Point X = "353" Y = "37" T = "0" Pressure = "0" />
		<Point X = "353" Y = "38" T = "0" Pressure = "0" />
		<Point X = "353" Y = "41" T = "0" Pressure = "0" />
		<Point X = "353" Y = "43" T = "0" Pressure = "0" />
		<Point X = "353" Y = "45" T = "0" Pressure = "0" />
		<Point X = "353" Y = "46" T = "0" Pressure = "0" />
		<Point X = "353" Y = "49" T = "0" Pressure = "0" />
		<Point X = "353" Y = "50" T = "0" Pressure = "0" />
		<Point X = "353" Y = "52" T = "0" Pressure = "0" />
		<Point X = "353" Y = "53" T = "0" Pressure = "0" />
		<Point X = "352" Y = "56" T = "0" Pressure = "0" />
		<Point X = "352" Y = "57" T = "0" Pressure = "0" />
		<Point X = "352" Y = "60" T = "0" Pressure = "0" />
		<Point X = "352" Y = "64" T = "0" Pressure = "0" />
		<Point X = "352" Y = "68" T = "0" Pressure = "0" />
		<Point X = "352" Y = "73" T = "0" Pressure = "0" />
		<Point X = "352" Y = "78" T = "0" Pressure = "0" />
		<Point X = "352" Y = "85" T = "0" Pressure = "0" />
		<Point X = "352" Y = "92" T = "0" Pressure = "0" />
		<Point X = "352" Y = "98" T = "0" Pressure = "0" />
		<Point X = "352" Y = "102" T = "0" Pressure = "0" />
		<Point X = "352" Y = "106" T = "0" Pressure = "0" />
		<Point X = "352" Y = "108" T = "0" Pressure = "0" />
		<Point X = "352" Y = "111" T = "0" Pressure = "0" />
		<Point X = "352" Y = "113" T = "0" Pressure = "0" />
		<Point X = "352" Y = "115" T = "0" Pressure = "0" />
		<Point X = "352" Y = "116" T = "0" Pressure = "0" />
		<Point X = "352" Y = "118" T = "0" Pressure = "0" />
		<Point X = "352" Y = "120" T = "0" Pressure = "0" />
		<Point X = "352" Y = "123" T = "0" Pressure = "0" />
		<Point X = "352" Y = "126" T = "0" Pressure = "0" />
		<Point X = "352" Y = "130" T = "0" Pressure = "0" />
		<Point X = "352" Y = "134" T = "0" Pressure = "0" />
		<Point X = "352" Y = "137" T = "0" Pressure = "0" />
		<Point X = "352" Y = "140" T = "0" Pressure = "0" />
		<Point X = "352" Y = "143" T = "0" Pressure = "0" />
		<Point X = "351" Y = "146" T = "0" Pressure = "0" />
		<Point X = "351" Y = "148" T = "0" Pressure = "0" />
		<Point X = "349" Y = "149" T = "0" Pressure = "0" />
		<Point X = "349" Y = "150" T = "0" Pressure = "0" />
		<Point X = "349" Y = "153" T = "0" Pressure = "0" />
		<Point X = "349" Y = "154" T = "0" Pressure = "0" />
		<Point X = "349" Y = "156" T = "0" Pressure = "0" />
		<Point X = "349" Y = "157" T = "0" Pressure = "0" />
		<Point X = "349" Y = "159" T = "0" Pressure = "0" />
		<Point X = "349" Y = "161" T = "0" Pressure = "0" />
		<Point X = "349" Y = "163" T = "0" Pressure = "0" />
		<Point X = "349" Y = "164" T = "0" Pressure = "0" />
		<Point X = "350" Y = "166" T = "0" Pressure = "0" />
		<Point X = "350" Y = "167" T = "0" Pressure = "0" />
		<Point X = "350" Y = "168" T = "0" Pressure = "0" />
		<Point X = "350" Y = "169" T = "0" Pressure = "0" />
		<Point X = "350" Y = "170" T = "0" Pressure = "0" />
		<Point X = "353" Y = "174" T = "0" Pressure = "0" />
		<Point X = "353" Y = "175" T = "0" Pressure = "0" />
		<Point X = "356" Y = "179" T = "0" Pressure = "0" />
		<Point X = "359" Y = "183" T = "0" Pressure = "0" />
		<Point X = "360" Y = "184" T = "0" Pressure = "0" />
		<Point X = "362" Y = "187" T = "0" Pressure = "0" />
		<Point X = "364" Y = "187" T = "0" Pressure = "0" />
		<Point X = "365" Y = "188" T = "0" Pressure = "0" />
		<Point X = "368" Y = "190" T = "0" Pressure = "0" />
		<Point X = "372" Y = "191" T = "0" Pressure = "0" />
		<Point X = "375" Y = "191" T = "0" Pressure = "0" />
		<Point X = "377" Y = "192" T = "0" Pressure = "0" />
		<Point X = "381" Y = "194" T = "0" Pressure = "0" />
		<Point X = "383" Y = "194" T = "0" Pressure = "0" />
		<Point X = "385" Y = "194" T = "0" Pressure = "0" />
		<Point X = "387" Y = "194" T = "0" Pressure = "0" />
		<Point X = "388" Y = "194" T = "0" Pressure = "0" />
		<Point X = "391" Y = "194" T = "0" Pressure = "0" />
		<Point X = "392" Y = "194" T = "0" Pressure = "0" />
		<Point X = "394" Y = "194" T = "0" Pressure = "0" />
		<Point X = "396" Y = "193" T = "0" Pressure = "0" />
		<Point X = "397" Y = "193" T = "0" Pressure = "0" />
		<Point X = "399" Y = "191" T = "0" Pressure = "0" />
		<Point X = "401" Y = "190" T = "0" Pressure = "0" />
		<Point X = "402" Y = "189" T = "0" Pressure = "0" />
		<Point X = "404" Y = "188" T = "0" Pressure = "0" />
		<Point X = "405" Y = "187" T = "0" Pressure = "0" />
		<Point X = "406" Y = "185" T = "0" Pressure = "0" />
		<Point X = "408" Y = "184" T = "0" Pressure = "0" />
		<Point X = "409" Y = "182" T = "0" Pressure = "0" />
		<Point X = "410" Y = "181" T = "0" Pressure = "0" />
		<Point X = "410" Y = "179" T = "0" Pressure = "0" />
		<Point X = "411" Y = "176" T = "0" Pressure = "0" />
		<Point X = "411" Y = "172" T = "0" Pressure = "0" />
		<Point X = "411" Y = "168" T = "0" Pressure = "0" />
		<Point X = "411" Y = "164" T = "0" Pressure = "0" />
		<Point X = "411" Y = "161" T = "0" Pressure = "0" />
		<Point X = "411" Y = "157" T = "0" Pressure = "0" />
		<Point X = "411" Y = "156" T = "0" Pressure = "0" />
		<Point X = "411" Y = "153" T = "0" Pressure = "0" />
		<Point X = "411" Y = "151" T = "0" Pressure = "0" />
		<Point X = "410" Y = "148" T = "0" Pressure = "0" />
		<Point X = "408" Y = "145" T = "0" Pressure = "0" />
		<Point X = "408" Y = "144" T = "0" Pressure = "0" />
		<Point X = "406" Y = "141" T = "0" Pressure = "0" />
		<Point X = "405" Y = "141" T = "0" Pressure = "0" />
		<Point X = "404" Y = "139" T = "0" Pressure = "0" />
		<Point X = "402" Y = "137" T = "0" Pressure = "0" />
		<Point X = "400" Y = "135" T = "0" Pressure = "0" />
		<Point X = "398" Y = "132" T = "0" Pressure = "0" />
		<Point X = "396" Y = "130" T = "0" Pressure = "0" />
		<Point X = "394" Y = "129" T = "0" Pressure = "0" />
		<Point X = "391" Y = "128" T = "0" Pressure = "0" />
		<Point X = "389" Y = "127" T = "0" Pressure = "0" />
		<Point X = "387" Y = "127" T = "0" Pressure = "0" />
		<Point X = "387" Y = "126" T = "0" Pressure = "0" />
		<Point X = "386" Y = "126" T = "0" Pressure = "0" />
		<Point X = "385" Y = "126" T = "0" Pressure = "0" />
		<Point X = "384" Y = "126" T = "0" Pressure = "0" />
		<Point X = "383" Y = "126" T = "0" Pressure = "0" />
		<Point X = "381" Y = "126" T = "0" Pressure = "0" />
		<Point X = "380" Y = "126" T = "0" Pressure = "0" />
		<Point X = "378" Y = "126" T = "0" Pressure = "0" />
		<Point X = "376" Y = "126" T = "0" Pressure = "0" />
		<Point X = "374" Y = "126" T = "0" Pressure = "0" />
		<Point X = "373" Y = "126" T = "0" Pressure = "0" />
		<Point X = "372" Y = "126" T = "0" Pressure = "0" />
		<Point X = "370" Y = "126" T = "0" Pressure = "0" />
		<Point X = "368" Y = "126" T = "0" Pressure = "0" />
		<Point X = "367" Y = "126" T = "0" Pressure = "0" />
		<Point X = "365" Y = "126" T = "0" Pressure = "0" />
		<Point X = "363" Y = "126" T = "0" Pressure = "0" />
		<Point X = "361" Y = "126" T = "0" Pressure = "0" />
		<Point X = "360" Y = "127" T = "0" Pressure = "0" />
		<Point X = "359" Y = "127" T = "0" Pressure = "0" />
		<Point X = "358" Y = "128" T = "0" Pressure = "0" />
		<Point X = "357" Y = "129" T = "0" Pressure = "0" />
		<Point X = "356" Y = "130" T = "0" Pressure = "0" />
		<Point X = "355" Y = "130" T = "0" Pressure = "0" />
		<Point X = "354" Y = "131" T = "0" Pressure = "0" />
		<Point X = "353" Y = "131" T = "0" Pressure = "0" />
		<Point X = "351" Y = "132" T = "0" Pressure = "0" />
		<Point X = "351" Y = "133" T = "0" Pressure = "0" />
	</Stroke>
</Gesture>
