<?xml version="1.0" encoding="utf-8" standalone="yes"?>
<Gesture Name = "b">
	<Stroke>
		<Point X = "197" Y = "107" T = "0" Pressure = "0" />
		<Point X = "197" Y = "110" T = "0" Pressure = "0" />
		<Point X = "197" Y = "114" T = "0" Pressure = "0" />
		<Point X = "197" Y = "118" T = "0" Pressure = "0" />
		<Point X = "197" Y = "123" T = "0" Pressure = "0" />
		<Point X = "197" Y = "128" T = "0" Pressure = "0" />
		<Point X = "197" Y = "136" T = "0" Pressure = "0" />
		<Point X = "197" Y = "143" T = "0" Pressure = "0" />
		<Point X = "197" Y = "154" T = "0" Pressure = "0" />
		<Point X = "197" Y = "164" T = "0" Pressure = "0" />
		<Point X = "197" Y = "175" T = "0" Pressure = "0" />
		<Point X = "197" Y = "184" T = "0" Pressure = "0" />
		<Point X = "197" Y = "194" T = "0" Pressure = "0" />
		<Point X = "197" Y = "202" T = "0" Pressure = "0" />
		<Point X = "196" Y = "208" T = "0" Pressure = "0" />
		<Point X = "195" Y = "211" T = "0" Pressure = "0" />
		<Point X = "195" Y = "215" T = "0" Pressure = "0" />
		<Point X = "195" Y = "218" T = "0" Pressure = "0" />
		<Point X = "195" Y = "223" T = "0" Pressure = "0" />
		<Point X = "195" Y = "226" T = "0" Pressure = "0" />
		<Point X = "195" Y = "232" T = "0" Pressure = "0" />
		<Point X = "195" Y = "240" T = "0" Pressure = "0" />
		<Point X = "195" Y = "244" T = "0" Pressure = "0" />
		<Point X = "195" Y = "250" T = "0" Pressure = "0" />
		<Point X = "195" Y = "255" T = "0" Pressure = "0" />
		<Point X = "193" Y = "261" T = "0" Pressure = "0" />
		<Point X = "193" Y = "267" T = "0" Pressure = "0" />
		<Point X = "193" Y = "271" T = "0" Pressure = "0" />
		<Point X = "193" Y = "273" T = "0" Pressure = "0" />
		<Point X = "193" Y = "276" T = "0" Pressure = "0" />
		<Point X = "193" Y = "279" T = "0" Pressure = "0" />
		<Point X = "193" Y = "280" T = "0" Pressure = "0" />
		<Point X = "193" Y = "283" T = "0" Pressure = "0" />
		<Point X = "193" Y = "287" T = "0" Pressure = "0" />
		<Point X = "193" Y = "289" T = "0" Pressure = "0" />
		<Point X = "193" Y = "290" T = "0" Pressure = "0" />
		<Point X = "195" Y = "292" T = "0" Pressure = "0" />
		<Point X = "195" Y = "294" T = "0" Pressure = "0" />
		<Point X = "197" Y = "296" T = "0" Pressure = "0" />
		<Point X = "198" Y = "297" T = "0" Pressure = "0" />
		<Point X = "199" Y = "299" T = "0" Pressure = "0" />
		<Point X = "201" Y = "300" T = "0" Pressure = "0" />
		<Point X = "202" Y = "302" T = "0" Pressure = "0" />
		<Point X = "203" Y = "303" T = "0" Pressure = "0" />
		<Point X = "205" Y = "303" T = "0" Pressure = "0" />
		<Point X = "207" Y = "305" T = "0" Pressure = "0" />
		<Point X = "210" Y = "306" T = "0" Pressure = "0" />
		<Point X = "215" Y = "307" T = "0" Pressure = "0" />
		<Point X = "217" Y = "307" T = "0" Pressure = "0" />
		<Point X = "220" Y = "307" T = "0" Pressure = "0" />
		<Point X = "221" Y = "307" T = "0" Pressure = "0" />
		<Point X = "223" Y = "307" T = "0" Pressure = "0" />
		<Point X = "225" Y = "307" T = "0" Pressure = "0" />
		<Point X = "227" Y = "307" T = "0" Pressure = "0" />
		<Point X = "229" Y = "307" T = "0" Pressure = "0" />
		<Point X = "231" Y = "307" T = "0" Pressure = "0" />
		<Point X = "235" Y = "307" T = "0" Pressure = "0" />
		<Point X = "239" Y = "305" T = "0" Pressure = "0" />
		<Point X = "244" Y = "303" T = "0" Pressure = "0" />
		<Point X = "247" Y = "301" T = "0" Pressure = "0" />
		<Point X = "250" Y = "299" T = "0" Pressure = "0" />
		<Point X = "253" Y = "296" T = "0" Pressure = "0" />
		<Point X = "255" Y = "295" T = "0" Pressure = "0" />
		<Point X = "257" Y = "293" T = "0" Pressure = "0" />
		<Point X = "258" Y = "291" T = "0" Pressure = "0" />
		<Point X = "260" Y = "289" T = "0" Pressure = "0" />
		<Point X = "260" Y = "286" T = "0" Pressure = "0" />
		<Point X = "261" Y = "285" T = "0" Pressure = "0" />
		<Point X = "261" Y = "284" T = "0" Pressure = "0" />
		<Point X = "261" Y = "283" T = "0" Pressure = "0" />
		<Point X = "261" Y = "282" T = "0" Pressure = "0" />
		<Point X = "261" Y = "281" T = "0" Pressure = "0" />
		<Point X = "261" Y = "279" T = "0" Pressure = "0" />
		<Point X = "261" Y = "277" T = "0" Pressure = "0" />
		<Point X = "261" Y = "275" T = "0" Pressure = "0" />
		<Point X = "259" Y = "272" T = "0" Pressure = "0" />
		<Point X = "258" Y = "271" T = "0" Pressure = "0" />
		<Point X = "254" Y = "267" T = "0" Pressure = "0" />
		<Point X = "252" Y = "265" T = "0" Pressure = "0" />
		<Point X = "250" Y = "263" T = "0" Pressure = "0" />
		<Point X = "249" Y = "262" T = "0" Pressure = "0" />
		<Point X = "247" Y = "260" T = "0" Pressure = "0" />
		<Point X = "245" Y = "259" T = "0" Pressure = "0" />
		<Point X = "244" Y = "259" T = "0" Pressure = "0" />
		<Point X = "242" Y = "259" T = "0" Pressure = "0" />
		<Point X = "241" Y = "259" T = "0" Pressure = "0" />
		<Point X = "238" Y = "257" T = "0" Pressure = "0" />
		<Point X = "237" Y = "256" T = "0" Pressure = "0" />
		<Point X = "234" Y = "256" T = "0" Pressure = "0" />
		<Point X = "229" Y = "255" T = "0" Pressure = "0" />
		<Point X = "226" Y = "253" T = "0" Pressure = "0" />
		<Point X = "223" Y = "252" T = "0" Pressure = "0" />
		<Point X = "221" Y = "252" T = "0" Pressure = "0" />
		<Point X = "218" Y = "251" T = "0" Pressure = "0" />
		<Point X = "217" Y = "251" T = "0" Pressure = "0" />
		<Point X = "216" Y = "251" T = "0" Pressure = "0" />
		<Point X = "214" Y = "251" T = "0" Pressure = "0" />
		<Point X = "213" Y = "251" T = "0" Pressure = "0" />
		<Point X = "212" Y = "251" T = "0" Pressure = "0" />
		<Point X = "211" Y = "251" T = "0" Pressure = "0" />
		<Point X = "209" Y = "251" T = "0" Pressure = "0" />
		<Point X = "208" Y = "251" T = "0" Pressure = "0" />
		<Point X = "207" Y = "251" T = "0" Pressure = "0" />
		<Point X = "206" Y = "251" T = "0" Pressure = "0" />
		<Point X = "204" Y = "251" T = "0" Pressure = "0" />
		<Point X = "203" Y = "252" T = "0" Pressure = "0" />
		<Point X = "202" Y = "253" T = "0" Pressure = "0" />
		<Point X = "200" Y = "254" T = "0" Pressure = "0" />
		<Point X = "200" Y = "255" T = "0" Pressure = "0" />
		<Point X = "198" Y = "255" T = "0" Pressure = "0" />
		<Point X = "198" Y = "256" T = "0" Pressure = "0" />
		<Point X = "198" Y = "257" T = "0" Pressure = "0" />
		<Point X = "197" Y = "258" T = "0" Pressure = "0" />
		<Point X = "196" Y = "259" T = "0" Pressure = "0" />
		<Point X = "196" Y = "260" T = "0" Pressure = "0" />
		<Point X = "195" Y = "261" T = "0" Pressure = "0" />
		<Point X = "195" Y = "262" T = "0" Pressure = "0" />
		<Point X = "195" Y = "263" T = "0" Pressure = "0" />
	</Stroke>
</Gesture>
