<?xml version="1.0" encoding="utf-8" standalone="yes"?>
<Gesture Name = "b">
	<Stroke>
		<Point X = "35" Y = "63" T = "0" Pressure = "0" />
		<Point X = "34" Y = "64" T = "0" Pressure = "0" />
		<Point X = "34" Y = "68" T = "0" Pressure = "0" />
		<Point X = "34" Y = "71" T = "0" Pressure = "0" />
		<Point X = "33" Y = "74" T = "0" Pressure = "0" />
		<Point X = "33" Y = "77" T = "0" Pressure = "0" />
		<Point X = "33" Y = "79" T = "0" Pressure = "0" />
		<Point X = "33" Y = "81" T = "0" Pressure = "0" />
		<Point X = "33" Y = "82" T = "0" Pressure = "0" />
		<Point X = "33" Y = "83" T = "0" Pressure = "0" />
		<Point X = "33" Y = "85" T = "0" Pressure = "0" />
		<Point X = "33" Y = "86" T = "0" Pressure = "0" />
		<Point X = "33" Y = "87" T = "0" Pressure = "0" />
		<Point X = "33" Y = "88" T = "0" Pressure = "0" />
		<Point X = "32" Y = "89" T = "0" Pressure = "0" />
		<Point X = "31" Y = "90" T = "0" Pressure = "0" />
		<Point X = "31" Y = "92" T = "0" Pressure = "0" />
		<Point X = "30" Y = "94" T = "0" Pressure = "0" />
		<Point X = "30" Y = "96" T = "0" Pressure = "0" />
		<Point X = "30" Y = "99" T = "0" Pressure = "0" />
		<Point X = "29" Y = "103" T = "0" Pressure = "0" />
		<Point X = "29" Y = "108" T = "0" Pressure = "0" />
		<Point X = "27" Y = "112" T = "0" Pressure = "0" />
		<Point X = "26" Y = "115" T = "0" Pressure = "0" />
		<Point X = "26" Y = "120" T = "0" Pressure = "0" />
		<Point X = "26" Y = "124" T = "0" Pressure = "0" />
		<Point X = "26" Y = "126" T = "0" Pressure = "0" />
		<Point X = "25" Y = "129" T = "0" Pressure = "0" />
		<Point X = "24" Y = "132" T = "0" Pressure = "0" />
		<Point X = "23" Y = "132" T = "0" Pressure = "0" />
		<Point X = "23" Y = "134" T = "0" Pressure = "0" />
		<Point X = "22" Y = "136" T = "0" Pressure = "0" />
		<Point X = "22" Y = "138" T = "0" Pressure = "0" />
		<Point X = "21" Y = "140" T = "0" Pressure = "0" />
		<Point X = "21" Y = "144" T = "0" Pressure = "0" />
		<Point X = "21" Y = "148" T = "0" Pressure = "0" />
		<Point X = "21" Y = "153" T = "0" Pressure = "0" />
		<Point X = "21" Y = "157" T = "0" Pressure = "0" />
		<Point X = "21" Y = "161" T = "0" Pressure = "0" />
		<Point X = "21" Y = "163" T = "0" Pressure = "0" />
		<Point X = "21" Y = "165" T = "0" Pressure = "0" />
		<Point X = "21" Y = "168" T = "0" Pressure = "0" />
		<Point X = "21" Y = "170" T = "0" Pressure = "0" />
		<Point X = "21" Y = "171" T = "0" Pressure = "0" />
		<Point X = "21" Y = "174" T = "0" Pressure = "0" />
		<Point X = "21" Y = "175" T = "0" Pressure = "0" />
		<Point X = "21" Y = "178" T = "0" Pressure = "0" />
		<Point X = "21" Y = "182" T = "0" Pressure = "0" />
		<Point X = "21" Y = "183" T = "0" Pressure = "0" />
		<Point X = "21" Y = "186" T = "0" Pressure = "0" />
		<Point X = "21" Y = "189" T = "0" Pressure = "0" />
		<Point X = "21" Y = "190" T = "0" Pressure = "0" />
		<Point X = "21" Y = "192" T = "0" Pressure = "0" />
		<Point X = "21" Y = "193" T = "0" Pressure = "0" />
		<Point X = "21" Y = "194" T = "0" Pressure = "0" />
		<Point X = "21" Y = "195" T = "0" Pressure = "0" />
		<Point X = "21" Y = "197" T = "0" Pressure = "0" />
		<Point X = "21" Y = "200" T = "0" Pressure = "0" />
		<Point X = "22" Y = "203" T = "0" Pressure = "0" />
		<Point X = "22" Y = "204" T = "0" Pressure = "0" />
		<Point X = "23" Y = "206" T = "0" Pressure = "0" />
		<Point X = "24" Y = "209" T = "0" Pressure = "0" />
		<Point X = "25" Y = "212" T = "0" Pressure = "0" />
		<Point X = "27" Y = "214" T = "0" Pressure = "0" />
		<Point X = "28" Y = "217" T = "0" Pressure = "0" />
		<Point X = "30" Y = "220" T = "0" Pressure = "0" />
		<Point X = "31" Y = "221" T = "0" Pressure = "0" />
		<Point X = "31" Y = "222" T = "0" Pressure = "0" />
		<Point X = "32" Y = "224" T = "0" Pressure = "0" />
		<Point X = "33" Y = "225" T = "0" Pressure = "0" />
		<Point X = "35" Y = "227" T = "0" Pressure = "0" />
		<Point X = "38" Y = "229" T = "0" Pressure = "0" />
		<Point X = "38" Y = "231" T = "0" Pressure = "0" />
		<Point X = "40" Y = "232" T = "0" Pressure = "0" />
		<Point X = "42" Y = "234" T = "0" Pressure = "0" />
		<Point X = "43" Y = "234" T = "0" Pressure = "0" />
		<Point X = "44" Y = "236" T = "0" Pressure = "0" />
		<Point X = "46" Y = "237" T = "0" Pressure = "0" />
		<Point X = "48" Y = "239" T = "0" Pressure = "0" />
		<Point X = "49" Y = "239" T = "0" Pressure = "0" />
		<Point X = "50" Y = "240" T = "0" Pressure = "0" />
		<Point X = "51" Y = "241" T = "0" Pressure = "0" />
		<Point X = "52" Y = "241" T = "0" Pressure = "0" />
		<Point X = "53" Y = "241" T = "0" Pressure = "0" />
		<Point X = "55" Y = "241" T = "0" Pressure = "0" />
		<Point X = "57" Y = "241" T = "0" Pressure = "0" />
		<Point X = "59" Y = "241" T = "0" Pressure = "0" />
		<Point X = "61" Y = "241" T = "0" Pressure = "0" />
		<Point X = "62" Y = "241" T = "0" Pressure = "0" />
		<Point X = "65" Y = "241" T = "0" Pressure = "0" />
		<Point X = "67" Y = "239" T = "0" Pressure = "0" />
		<Point X = "68" Y = "239" T = "0" Pressure = "0" />
		<Point X = "69" Y = "239" T = "0" Pressure = "0" />
		<Point X = "70" Y = "239" T = "0" Pressure = "0" />
		<Point X = "72" Y = "238" T = "0" Pressure = "0" />
		<Point X = "74" Y = "238" T = "0" Pressure = "0" />
		<Point X = "75" Y = "237" T = "0" Pressure = "0" />
		<Point X = "79" Y = "235" T = "0" Pressure = "0" />
		<Point X = "79" Y = "234" T = "0" Pressure = "0" />
		<Point X = "82" Y = "233" T = "0" Pressure = "0" />
		<Point X = "84" Y = "232" T = "0" Pressure = "0" />
		<Point X = "84" Y = "231" T = "0" Pressure = "0" />
		<Point X = "85" Y = "230" T = "0" Pressure = "0" />
		<Point X = "85" Y = "229" T = "0" Pressure = "0" />
		<Point X = "86" Y = "229" T = "0" Pressure = "0" />
		<Point X = "86" Y = "228" T = "0" Pressure = "0" />
		<Point X = "87" Y = "225" T = "0" Pressure = "0" />
		<Point X = "87" Y = "223" T = "0" Pressure = "0" />
		<Point X = "88" Y = "221" T = "0" Pressure = "0" />
		<Point X = "89" Y = "219" T = "0" Pressure = "0" />
		<Point X = "90" Y = "218" T = "0" Pressure = "0" />
		<Point X = "90" Y = "215" T = "0" Pressure = "0" />
		<Point X = "92" Y = "213" T = "0" Pressure = "0" />
		<Point X = "92" Y = "211" T = "0" Pressure = "0" />
		<Point X = "93" Y = "209" T = "0" Pressure = "0" />
		<Point X = "93" Y = "207" T = "0" Pressure = "0" />
		<Point X = "93" Y = "206" T = "0" Pressure = "0" />
		<Point X = "94" Y = "205" T = "0" Pressure = "0" />
		<Point X = "94" Y = "204" T = "0" Pressure = "0" />
		<Point X = "94" Y = "202" T = "0" Pressure = "0" />
		<Point X = "94" Y = "201" T = "0" Pressure = "0" />
		<Point X = "94" Y = "199" T = "0" Pressure = "0" />
		<Point X = "94" Y = "197" T = "0" Pressure = "0" />
		<Point X = "94" Y = "195" T = "0" Pressure = "0" />
		<Point X = "94" Y = "194" T = "0" Pressure = "0" />
		<Point X = "94" Y = "193" T = "0" Pressure = "0" />
		<Point X = "94" Y = "192" T = "0" Pressure = "0" />
		<Point X = "94" Y = "191" T = "0" Pressure = "0" />
		<Point X = "94" Y = "190" T = "0" Pressure = "0" />
		<Point X = "94" Y = "189" T = "0" Pressure = "0" />
		<Point X = "94" Y = "187" T = "0" Pressure = "0" />
		<Point X = "93" Y = "187" T = "0" Pressure = "0" />
		<Point X = "92" Y = "186" T = "0" Pressure = "0" />
		<Point X = "91" Y = "186" T = "0" Pressure = "0" />
		<Point X = "90" Y = "186" T = "0" Pressure = "0" />
		<Point X = "89" Y = "186" T = "0" Pressure = "0" />
		<Point X = "87" Y = "186" T = "0" Pressure = "0" />
		<Point X = "86" Y = "185" T = "0" Pressure = "0" />
		<Point X = "84" Y = "185" T = "0" Pressure = "0" />
		<Point X = "83" Y = "184" T = "0" Pressure = "0" />
		<Point X = "80" Y = "183" T = "0" Pressure = "0" />
		<Point X = "75" Y = "182" T = "0" Pressure = "0" />
		<Point X = "73" Y = "181" T = "0" Pressure = "0" />
		<Point X = "72" Y = "181" T = "0" Pressure = "0" />
		<Point X = "72" Y = "180" T = "0" Pressure = "0" />
		<Point X = "71" Y = "180" T = "0" Pressure = "0" />
		<Point X = "68" Y = "180" T = "0" Pressure = "0" />
		<Point X = "67" Y = "180" T = "0" Pressure = "0" />
		<Point X = "65" Y = "180" T = "0" Pressure = "0" />
		<Point X = "63" Y = "179" T = "0" Pressure = "0" />
		<Point X = "59" Y = "177" T = "0" Pressure = "0" />
		<Point X = "57" Y = "176" T = "0" Pressure = "0" />
		<Point X = "54" Y = "176" T = "0" Pressure = "0" />
		<Point X = "52" Y = "176" T = "0" Pressure = "0" />
		<Point X = "51" Y = "176" T = "0" Pressure = "0" />
		<Point X = "50" Y = "175" T = "0" Pressure = "0" />
		<Point X = "49" Y = "175" T = "0" Pressure = "0" />
		<Point X = "48" Y = "175" T = "0" Pressure = "0" />
		<Point X = "46" Y = "175" T = "0" Pressure = "0" />
		<Point X = "44" Y = "175" T = "0" Pressure = "0" />
		<Point X = "42" Y = "175" T = "0" Pressure = "0" />
		<Point X = "41" Y = "175" T = "0" Pressure = "0" />
		<Point X = "40" Y = "175" T = "0" Pressure = "0" />
		<Point X = "39" Y = "175" T = "0" Pressure = "0" />
		<Point X = "38" Y = "175" T = "0" Pressure = "0" />
		<Point X = "37" Y = "175" T = "0" Pressure = "0" />
		<Point X = "36" Y = "175" T = "0" Pressure = "0" />
		<Point X = "35" Y = "175" T = "0" Pressure = "0" />
		<Point X = "34" Y = "175" T = "0" Pressure = "0" />
		<Point X = "33" Y = "175" T = "0" Pressure = "0" />
		<Point X = "32" Y = "175" T = "0" Pressure = "0" />
		<Point X = "31" Y = "175" T = "0" Pressure = "0" />
		<Point X = "30" Y = "175" T = "0" Pressure = "0" />
		<Point X = "29" Y = "175" T = "0" Pressure = "0" />
		<Point X = "28" Y = "175" T = "0" Pressure = "0" />
		<Point X = "27" Y = "175" T = "0" Pressure = "0" />
		<Point X = "26" Y = "175" T = "0" Pressure = "0" />
		<Point X = "25" Y = "176" T = "0" Pressure = "0" />
		<Point X = "24" Y = "176" T = "0" Pressure = "0" />
		<Point X = "23" Y = "176" T = "0" Pressure = "0" />
		<Point X = "22" Y = "176" T = "0" Pressure = "0" />
		<Point X = "21" Y = "176" T = "0" Pressure = "0" />
	</Stroke>
</Gesture>
