<?xml version="1.0" encoding="utf-8" standalone="yes"?>
<Gesture Name = "b">
	<Stroke>
		<Point X = "258" Y = "91" T = "0" Pressure = "0" />
		<Point X = "258" Y = "92" T = "0" Pressure = "0" />
		<Point X = "258" Y = "94" T = "0" Pressure = "0" />
		<Point X = "258" Y = "97" T = "0" Pressure = "0" />
		<Point X = "258" Y = "100" T = "0" Pressure = "0" />
		<Point X = "257" Y = "105" T = "0" Pressure = "0" />
		<Point X = "257" Y = "109" T = "0" Pressure = "0" />
		<Point X = "255" Y = "115" T = "0" Pressure = "0" />
		<Point X = "253" Y = "121" T = "0" Pressure = "0" />
		<Point X = "251" Y = "127" T = "0" Pressure = "0" />
		<Point X = "250" Y = "134" T = "0" Pressure = "0" />
		<Point X = "247" Y = "141" T = "0" Pressure = "0" />
		<Point X = "246" Y = "148" T = "0" Pressure = "0" />
		<Point X = "244" Y = "154" T = "0" Pressure = "0" />
		<Point X = "242" Y = "158" T = "0" Pressure = "0" />
		<Point X = "241" Y = "162" T = "0" Pressure = "0" />
		<Point X = "240" Y = "167" T = "0" Pressure = "0" />
		<Point X = "239" Y = "170" T = "0" Pressure = "0" />
		<Point X = "239" Y = "171" T = "0" Pressure = "0" />
		<Point X = "239" Y = "173" T = "0" Pressure = "0" />
		<Point X = "239" Y = "175" T = "0" Pressure = "0" />
		<Point X = "239" Y = "177" T = "0" Pressure = "0" />
		<Point X = "239" Y = "178" T = "0" Pressure = "0" />
		<Point X = "239" Y = "179" T = "0" Pressure = "0" />
		<Point X = "239" Y = "180" T = "0" Pressure = "0" />
		<Point X = "239" Y = "181" T = "0" Pressure = "0" />
		<Point X = "239" Y = "183" T = "0" Pressure = "0" />
		<Point X = "239" Y = "184" T = "0" Pressure = "0" />
		<Point X = "238" Y = "187" T = "0" Pressure = "0" />
		<Point X = "238" Y = "188" T = "0" Pressure = "0" />
		<Point X = "238" Y = "191" T = "0" Pressure = "0" />
		<Point X = "237" Y = "196" T = "0" Pressure = "0" />
		<Point X = "237" Y = "200" T = "0" Pressure = "0" />
		<Point X = "237" Y = "203" T = "0" Pressure = "0" />
		<Point X = "237" Y = "207" T = "0" Pressure = "0" />
		<Point X = "237" Y = "210" T = "0" Pressure = "0" />
		<Point X = "237" Y = "211" T = "0" Pressure = "0" />
		<Point X = "237" Y = "214" T = "0" Pressure = "0" />
		<Point X = "237" Y = "215" T = "0" Pressure = "0" />
		<Point X = "237" Y = "217" T = "0" Pressure = "0" />
		<Point X = "237" Y = "218" T = "0" Pressure = "0" />
		<Point X = "237" Y = "220" T = "0" Pressure = "0" />
		<Point X = "237" Y = "222" T = "0" Pressure = "0" />
		<Point X = "237" Y = "224" T = "0" Pressure = "0" />
		<Point X = "237" Y = "225" T = "0" Pressure = "0" />
		<Point X = "237" Y = "228" T = "0" Pressure = "0" />
		<Point X = "237" Y = "232" T = "0" Pressure = "0" />
		<Point X = "237" Y = "236" T = "0" Pressure = "0" />
		<Point X = "237" Y = "239" T = "0" Pressure = "0" />
		<Point X = "237" Y = "241" T = "0" Pressure = "0" />
		<Point X = "237" Y = "244" T = "0" Pressure = "0" />
		<Point X = "237" Y = "245" T = "0" Pressure = "0" />
		<Point X = "238" Y = "248" T = "0" Pressure = "0" />
		<Point X = "239" Y = "250" T = "0" Pressure = "0" />
		<Point X = "239" Y = "252" T = "0" Pressure = "0" />
		<Point X = "240" Y = "254" T = "0" Pressure = "0" />
		<Point X = "241" Y = "256" T = "0" Pressure = "0" />
		<Point X = "243" Y = "257" T = "0" Pressure = "0" />
		<Point X = "245" Y = "260" T = "0" Pressure = "0" />
		<Point X = "246" Y = "260" T = "0" Pressure = "0" />
		<Point X = "248" Y = "261" T = "0" Pressure = "0" />
		<Point X = "251" Y = "263" T = "0" Pressure = "0" />
		<Point X = "253" Y = "264" T = "0" Pressure = "0" />
		<Point X = "254" Y = "265" T = "0" Pressure = "0" />
		<Point X = "256" Y = "265" T = "0" Pressure = "0" />
		<Point X = "258" Y = "266" T = "0" Pressure = "0" />
		<Point X = "259" Y = "266" T = "0" Pressure = "0" />
		<Point X = "262" Y = "267" T = "0" Pressure = "0" />
		<Point X = "264" Y = "267" T = "0" Pressure = "0" />
		<Point X = "267" Y = "268" T = "0" Pressure = "0" />
		<Point X = "270" Y = "268" T = "0" Pressure = "0" />
		<Point X = "272" Y = "268" T = "0" Pressure = "0" />
		<Point X = "275" Y = "268" T = "0" Pressure = "0" />
		<Point X = "278" Y = "268" T = "0" Pressure = "0" />
		<Point X = "280" Y = "268" T = "0" Pressure = "0" />
		<Point X = "283" Y = "268" T = "0" Pressure = "0" />
		<Point X = "285" Y = "268" T = "0" Pressure = "0" />
		<Point X = "286" Y = "268" T = "0" Pressure = "0" />
		<Point X = "288" Y = "268" T = "0" Pressure = "0" />
		<Point X = "290" Y = "268" T = "0" Pressure = "0" />
		<Point X = "292" Y = "268" T = "0" Pressure = "0" />
		<Point X = "293" Y = "268" T = "0" Pressure = "0" />
		<Point X = "295" Y = "267" T = "0" Pressure = "0" />
		<Point X = "297" Y = "266" T = "0" Pressure = "0" />
		<Point X = "297" Y = "265" T = "0" Pressure = "0" />
		<Point X = "299" Y = "264" T = "0" Pressure = "0" />
		<Point X = "301" Y = "263" T = "0" Pressure = "0" />
		<Point X = "303" Y = "261" T = "0" Pressure = "0" />
		<Point X = "304" Y = "259" T = "0" Pressure = "0" />
		<Point X = "305" Y = "257" T = "0" Pressure = "0" />
		<Point X = "306" Y = "256" T = "0" Pressure = "0" />
		<Point X = "306" Y = "254" T = "0" Pressure = "0" />
		<Point X = "306" Y = "253" T = "0" Pressure = "0" />
		<Point X = "307" Y = "251" T = "0" Pressure = "0" />
		<Point X = "307" Y = "248" T = "0" Pressure = "0" />
		<Point X = "307" Y = "246" T = "0" Pressure = "0" />
		<Point X = "307" Y = "242" T = "0" Pressure = "0" />
		<Point X = "307" Y = "239" T = "0" Pressure = "0" />
		<Point X = "307" Y = "236" T = "0" Pressure = "0" />
		<Point X = "307" Y = "235" T = "0" Pressure = "0" />
		<Point X = "307" Y = "232" T = "0" Pressure = "0" />
		<Point X = "307" Y = "230" T = "0" Pressure = "0" />
		<Point X = "305" Y = "227" T = "0" Pressure = "0" />
		<Point X = "304" Y = "227" T = "0" Pressure = "0" />
		<Point X = "304" Y = "226" T = "0" Pressure = "0" />
		<Point X = "301" Y = "223" T = "0" Pressure = "0" />
		<Point X = "299" Y = "222" T = "0" Pressure = "0" />
		<Point X = "295" Y = "220" T = "0" Pressure = "0" />
		<Point X = "294" Y = "219" T = "0" Pressure = "0" />
		<Point X = "292" Y = "219" T = "0" Pressure = "0" />
		<Point X = "292" Y = "218" T = "0" Pressure = "0" />
		<Point X = "290" Y = "217" T = "0" Pressure = "0" />
		<Point X = "288" Y = "216" T = "0" Pressure = "0" />
		<Point X = "285" Y = "216" T = "0" Pressure = "0" />
		<Point X = "283" Y = "216" T = "0" Pressure = "0" />
		<Point X = "280" Y = "215" T = "0" Pressure = "0" />
		<Point X = "275" Y = "213" T = "0" Pressure = "0" />
		<Point X = "272" Y = "212" T = "0" Pressure = "0" />
		<Point X = "266" Y = "211" T = "0" Pressure = "0" />
		<Point X = "259" Y = "208" T = "0" Pressure = "0" />
		<Point X = "252" Y = "207" T = "0" Pressure = "0" />
		<Point X = "248" Y = "207" T = "0" Pressure = "0" />
		<Point X = "245" Y = "207" T = "0" Pressure = "0" />
		<Point X = "243" Y = "206" T = "0" Pressure = "0" />
		<Point X = "240" Y = "206" T = "0" Pressure = "0" />
		<Point X = "239" Y = "206" T = "0" Pressure = "0" />
		<Point X = "238" Y = "206" T = "0" Pressure = "0" />
		<Point X = "237" Y = "206" T = "0" Pressure = "0" />
		<Point X = "236" Y = "206" T = "0" Pressure = "0" />
		<Point X = "235" Y = "207" T = "0" Pressure = "0" />
		<Point X = "233" Y = "207" T = "0" Pressure = "0" />
		<Point X = "232" Y = "208" T = "0" Pressure = "0" />
		<Point X = "231" Y = "208" T = "0" Pressure = "0" />
		<Point X = "230" Y = "209" T = "0" Pressure = "0" />
	</Stroke>
</Gesture>
