<?xml version="1.0" encoding="utf-8" standalone="yes"?>
<Gesture Name = "b">
	<Stroke>
		<Point X = "33" Y = "44" T = "0" Pressure = "0" />
		<Point X = "33" Y = "45" T = "0" Pressure = "0" />
		<Point X = "33" Y = "46" T = "0" Pressure = "0" />
		<Point X = "33" Y = "48" T = "0" Pressure = "0" />
		<Point X = "33" Y = "53" T = "0" Pressure = "0" />
		<Point X = "33" Y = "58" T = "0" Pressure = "0" />
		<Point X = "33" Y = "64" T = "0" Pressure = "0" />
		<Point X = "33" Y = "72" T = "0" Pressure = "0" />
		<Point X = "33" Y = "79" T = "0" Pressure = "0" />
		<Point X = "33" Y = "83" T = "0" Pressure = "0" />
		<Point X = "33" Y = "91" T = "0" Pressure = "0" />
		<Point X = "33" Y = "97" T = "0" Pressure = "0" />
		<Point X = "33" Y = "101" T = "0" Pressure = "0" />
		<Point X = "33" Y = "104" T = "0" Pressure = "0" />
		<Point X = "33" Y = "108" T = "0" Pressure = "0" />
		<Point X = "33" Y = "110" T = "0" Pressure = "0" />
		<Point X = "33" Y = "113" T = "0" Pressure = "0" />
		<Point X = "35" Y = "117" T = "0" Pressure = "0" />
		<Point X = "36" Y = "120" T = "0" Pressure = "0" />
		<Point X = "37" Y = "124" T = "0" Pressure = "0" />
		<Point X = "37" Y = "126" T = "0" Pressure = "0" />
		<Point X = "37" Y = "130" T = "0" Pressure = "0" />
		<Point X = "39" Y = "134" T = "0" Pressure = "0" />
		<Point X = "40" Y = "137" T = "0" Pressure = "0" />
		<Point X = "40" Y = "140" T = "0" Pressure = "0" />
		<Point X = "40" Y = "143" T = "0" Pressure = "0" />
		<Point X = "40" Y = "146" T = "0" Pressure = "0" />
		<Point X = "40" Y = "150" T = "0" Pressure = "0" />
		<Point X = "40" Y = "155" T = "0" Pressure = "0" />
		<Point X = "41" Y = "162" T = "0" Pressure = "0" />
		<Point X = "42" Y = "167" T = "0" Pressure = "0" />
		<Point X = "44" Y = "173" T = "0" Pressure = "0" />
		<Point X = "46" Y = "179" T = "0" Pressure = "0" />
		<Point X = "47" Y = "182" T = "0" Pressure = "0" />
		<Point X = "49" Y = "187" T = "0" Pressure = "0" />
		<Point X = "50" Y = "188" T = "0" Pressure = "0" />
		<Point X = "51" Y = "190" T = "0" Pressure = "0" />
		<Point X = "51" Y = "191" T = "0" Pressure = "0" />
		<Point X = "52" Y = "191" T = "0" Pressure = "0" />
		<Point X = "53" Y = "193" T = "0" Pressure = "0" />
		<Point X = "55" Y = "194" T = "0" Pressure = "0" />
		<Point X = "56" Y = "194" T = "0" Pressure = "0" />
		<Point X = "59" Y = "195" T = "0" Pressure = "0" />
		<Point X = "61" Y = "195" T = "0" Pressure = "0" />
		<Point X = "63" Y = "195" T = "0" Pressure = "0" />
		<Point X = "64" Y = "195" T = "0" Pressure = "0" />
		<Point X = "67" Y = "195" T = "0" Pressure = "0" />
		<Point X = "69" Y = "195" T = "0" Pressure = "0" />
		<Point X = "71" Y = "195" T = "0" Pressure = "0" />
		<Point X = "72" Y = "195" T = "0" Pressure = "0" />
		<Point X = "73" Y = "195" T = "0" Pressure = "0" />
		<Point X = "75" Y = "195" T = "0" Pressure = "0" />
		<Point X = "79" Y = "193" T = "0" Pressure = "0" />
		<Point X = "80" Y = "191" T = "0" Pressure = "0" />
		<Point X = "83" Y = "189" T = "0" Pressure = "0" />
		<Point X = "83" Y = "188" T = "0" Pressure = "0" />
		<Point X = "85" Y = "184" T = "0" Pressure = "0" />
		<Point X = "86" Y = "181" T = "0" Pressure = "0" />
		<Point X = "87" Y = "178" T = "0" Pressure = "0" />
		<Point X = "87" Y = "175" T = "0" Pressure = "0" />
		<Point X = "89" Y = "173" T = "0" Pressure = "0" />
		<Point X = "89" Y = "169" T = "0" Pressure = "0" />
		<Point X = "90" Y = "166" T = "0" Pressure = "0" />
		<Point X = "90" Y = "165" T = "0" Pressure = "0" />
		<Point X = "90" Y = "163" T = "0" Pressure = "0" />
		<Point X = "90" Y = "161" T = "0" Pressure = "0" />
		<Point X = "90" Y = "160" T = "0" Pressure = "0" />
		<Point X = "90" Y = "159" T = "0" Pressure = "0" />
		<Point X = "90" Y = "157" T = "0" Pressure = "0" />
		<Point X = "90" Y = "156" T = "0" Pressure = "0" />
		<Point X = "90" Y = "153" T = "0" Pressure = "0" />
		<Point X = "90" Y = "152" T = "0" Pressure = "0" />
		<Point X = "90" Y = "151" T = "0" Pressure = "0" />
		<Point X = "89" Y = "150" T = "0" Pressure = "0" />
		<Point X = "89" Y = "148" T = "0" Pressure = "0" />
		<Point X = "88" Y = "147" T = "0" Pressure = "0" />
		<Point X = "86" Y = "145" T = "0" Pressure = "0" />
		<Point X = "85" Y = "145" T = "0" Pressure = "0" />
		<Point X = "82" Y = "144" T = "0" Pressure = "0" />
		<Point X = "79" Y = "144" T = "0" Pressure = "0" />
		<Point X = "76" Y = "142" T = "0" Pressure = "0" />
		<Point X = "74" Y = "141" T = "0" Pressure = "0" />
		<Point X = "72" Y = "141" T = "0" Pressure = "0" />
		<Point X = "70" Y = "141" T = "0" Pressure = "0" />
		<Point X = "68" Y = "141" T = "0" Pressure = "0" />
		<Point X = "67" Y = "141" T = "0" Pressure = "0" />
		<Point X = "64" Y = "141" T = "0" Pressure = "0" />
		<Point X = "63" Y = "141" T = "0" Pressure = "0" />
		<Point X = "62" Y = "141" T = "0" Pressure = "0" />
		<Point X = "61" Y = "141" T = "0" Pressure = "0" />
		<Point X = "60" Y = "141" T = "0" Pressure = "0" />
		<Point X = "58" Y = "141" T = "0" Pressure = "0" />
		<Point X = "57" Y = "141" T = "0" Pressure = "0" />
		<Point X = "56" Y = "141" T = "0" Pressure = "0" />
		<Point X = "54" Y = "141" T = "0" Pressure = "0" />
		<Point X = "53" Y = "142" T = "0" Pressure = "0" />
		<Point X = "52" Y = "142" T = "0" Pressure = "0" />
		<Point X = "52" Y = "143" T = "0" Pressure = "0" />
		<Point X = "51" Y = "143" T = "0" Pressure = "0" />
		<Point X = "50" Y = "143" T = "0" Pressure = "0" />
		<Point X = "49" Y = "144" T = "0" Pressure = "0" />
		<Point X = "48" Y = "145" T = "0" Pressure = "0" />
		<Point X = "47" Y = "145" T = "0" Pressure = "0" />
		<Point X = "46" Y = "146" T = "0" Pressure = "0" />
		<Point X = "45" Y = "147" T = "0" Pressure = "0" />
		<Point X = "44" Y = "147" T = "0" Pressure = "0" />
		<Point X = "44" Y = "148" T = "0" Pressure = "0" />
		<Point X = "43" Y = "148" T = "0" Pressure = "0" />
		<Point X = "42" Y = "149" T = "0" Pressure = "0" />
		<Point X = "42" Y = "150" T = "0" Pressure = "0" />
	</Stroke>
</Gesture>
