<?xml version="1.0" encoding="utf-8" standalone="yes"?>
<Gesture Name = "b">
	<Stroke>
		<Point X = "92" Y = "89" T = "0" Pressure = "0" />
		<Point X = "92" Y = "94" T = "0" Pressure = "0" />
		<Point X = "92" Y = "100" T = "0" Pressure = "0" />
		<Point X = "90" Y = "111" T = "0" Pressure = "0" />
		<Point X = "90" Y = "121" T = "0" Pressure = "0" />
		<Point X = "86" Y = "132" T = "0" Pressure = "0" />
		<Point X = "86" Y = "147" T = "0" Pressure = "0" />
		<Point X = "86" Y = "157" T = "0" Pressure = "0" />
		<Point X = "86" Y = "166" T = "0" Pressure = "0" />
		<Point X = "86" Y = "173" T = "0" Pressure = "0" />
		<Point X = "86" Y = "179" T = "0" Pressure = "0" />
		<Point X = "86" Y = "182" T = "0" Pressure = "0" />
		<Point X = "86" Y = "183" T = "0" Pressure = "0" />
		<Point X = "86" Y = "185" T = "0" Pressure = "0" />
		<Point X = "86" Y = "186" T = "0" Pressure = "0" />
		<Point X = "86" Y = "188" T = "0" Pressure = "0" />
		<Point X = "86" Y = "190" T = "0" Pressure = "0" />
		<Point X = "86" Y = "194" T = "0" Pressure = "0" />
		<Point X = "87" Y = "198" T = "0" Pressure = "0" />
		<Point X = "88" Y = "203" T = "0" Pressure = "0" />
		<Point X = "88" Y = "206" T = "0" Pressure = "0" />
		<Point X = "88" Y = "209" T = "0" Pressure = "0" />
		<Point X = "89" Y = "211" T = "0" Pressure = "0" />
		<Point X = "89" Y = "214" T = "0" Pressure = "0" />
		<Point X = "90" Y = "218" T = "0" Pressure = "0" />
		<Point X = "91" Y = "221" T = "0" Pressure = "0" />
		<Point X = "92" Y = "222" T = "0" Pressure = "0" />
		<Point X = "94" Y = "226" T = "0" Pressure = "0" />
		<Point X = "96" Y = "231" T = "0" Pressure = "0" />
		<Point X = "99" Y = "236" T = "0" Pressure = "0" />
		<Point X = "102" Y = "241" T = "0" Pressure = "0" />
		<Point X = "106" Y = "247" T = "0" Pressure = "0" />
		<Point X = "109" Y = "252" T = "0" Pressure = "0" />
		<Point X = "113" Y = "257" T = "0" Pressure = "0" />
		<Point X = "117" Y = "259" T = "0" Pressure = "0" />
		<Point X = "119" Y = "262" T = "0" Pressure = "0" />
		<Point X = "121" Y = "264" T = "0" Pressure = "0" />
		<Point X = "124" Y = "266" T = "0" Pressure = "0" />
		<Point X = "126" Y = "267" T = "0" Pressure = "0" />
		<Point X = "127" Y = "268" T = "0" Pressure = "0" />
		<Point X = "129" Y = "268" T = "0" Pressure = "0" />
		<Point X = "130" Y = "268" T = "0" Pressure = "0" />
		<Point X = "132" Y = "268" T = "0" Pressure = "0" />
		<Point X = "134" Y = "269" T = "0" Pressure = "0" />
		<Point X = "137" Y = "269" T = "0" Pressure = "0" />
		<Point X = "141" Y = "269" T = "0" Pressure = "0" />
		<Point X = "145" Y = "269" T = "0" Pressure = "0" />
		<Point X = "151" Y = "269" T = "0" Pressure = "0" />
		<Point X = "154" Y = "269" T = "0" Pressure = "0" />
		<Point X = "157" Y = "269" T = "0" Pressure = "0" />
		<Point X = "160" Y = "269" T = "0" Pressure = "0" />
		<Point X = "161" Y = "269" T = "0" Pressure = "0" />
		<Point X = "163" Y = "267" T = "0" Pressure = "0" />
		<Point X = "165" Y = "266" T = "0" Pressure = "0" />
		<Point X = "166" Y = "265" T = "0" Pressure = "0" />
		<Point X = "166" Y = "264" T = "0" Pressure = "0" />
		<Point X = "168" Y = "261" T = "0" Pressure = "0" />
		<Point X = "169" Y = "259" T = "0" Pressure = "0" />
		<Point X = "169" Y = "255" T = "0" Pressure = "0" />
		<Point X = "169" Y = "251" T = "0" Pressure = "0" />
		<Point X = "169" Y = "248" T = "0" Pressure = "0" />
		<Point X = "169" Y = "245" T = "0" Pressure = "0" />
		<Point X = "169" Y = "240" T = "0" Pressure = "0" />
		<Point X = "169" Y = "239" T = "0" Pressure = "0" />
		<Point X = "168" Y = "238" T = "0" Pressure = "0" />
		<Point X = "167" Y = "236" T = "0" Pressure = "0" />
		<Point X = "167" Y = "234" T = "0" Pressure = "0" />
		<Point X = "165" Y = "233" T = "0" Pressure = "0" />
		<Point X = "164" Y = "231" T = "0" Pressure = "0" />
		<Point X = "162" Y = "229" T = "0" Pressure = "0" />
		<Point X = "161" Y = "228" T = "0" Pressure = "0" />
		<Point X = "158" Y = "228" T = "0" Pressure = "0" />
		<Point X = "156" Y = "225" T = "0" Pressure = "0" />
		<Point X = "154" Y = "224" T = "0" Pressure = "0" />
		<Point X = "150" Y = "224" T = "0" Pressure = "0" />
		<Point X = "147" Y = "222" T = "0" Pressure = "0" />
		<Point X = "144" Y = "220" T = "0" Pressure = "0" />
		<Point X = "141" Y = "220" T = "0" Pressure = "0" />
		<Point X = "139" Y = "220" T = "0" Pressure = "0" />
		<Point X = "137" Y = "218" T = "0" Pressure = "0" />
		<Point X = "136" Y = "217" T = "0" Pressure = "0" />
		<Point X = "135" Y = "217" T = "0" Pressure = "0" />
		<Point X = "134" Y = "217" T = "0" Pressure = "0" />
		<Point X = "132" Y = "217" T = "0" Pressure = "0" />
		<Point X = "131" Y = "217" T = "0" Pressure = "0" />
		<Point X = "130" Y = "217" T = "0" Pressure = "0" />
		<Point X = "128" Y = "217" T = "0" Pressure = "0" />
		<Point X = "127" Y = "217" T = "0" Pressure = "0" />
		<Point X = "126" Y = "217" T = "0" Pressure = "0" />
		<Point X = "124" Y = "217" T = "0" Pressure = "0" />
		<Point X = "122" Y = "217" T = "0" Pressure = "0" />
		<Point X = "121" Y = "217" T = "0" Pressure = "0" />
		<Point X = "119" Y = "217" T = "0" Pressure = "0" />
		<Point X = "116" Y = "217" T = "0" Pressure = "0" />
		<Point X = "115" Y = "217" T = "0" Pressure = "0" />
		<Point X = "114" Y = "217" T = "0" Pressure = "0" />
		<Point X = "113" Y = "217" T = "0" Pressure = "0" />
		<Point X = "112" Y = "217" T = "0" Pressure = "0" />
		<Point X = "111" Y = "217" T = "0" Pressure = "0" />
		<Point X = "111" Y = "218" T = "0" Pressure = "0" />
		<Point X = "110" Y = "218" T = "0" Pressure = "0" />
		<Point X = "110" Y = "219" T = "0" Pressure = "0" />
		<Point X = "108" Y = "220" T = "0" Pressure = "0" />
		<Point X = "108" Y = "221" T = "0" Pressure = "0" />
		<Point X = "107" Y = "221" T = "0" Pressure = "0" />
		<Point X = "107" Y = "222" T = "0" Pressure = "0" />
		<Point X = "105" Y = "223" T = "0" Pressure = "0" />
		<Point X = "105" Y = "224" T = "0" Pressure = "0" />
		<Point X = "104" Y = "224" T = "0" Pressure = "0" />
		<Point X = "103" Y = "226" T = "0" Pressure = "0" />
		<Point X = "102" Y = "227" T = "0" Pressure = "0" />
		<Point X = "102" Y = "228" T = "0" Pressure = "0" />
		<Point X = "102" Y = "229" T = "0" Pressure = "0" />
		<Point X = "101" Y = "229" T = "0" Pressure = "0" />
		<Point X = "100" Y = "230" T = "0" Pressure = "0" />
	</Stroke>
</Gesture>
