<?xml version="1.0" encoding="utf-8" standalone="yes"?>
<Gesture Name = "b">
	<Stroke>
		<Point X = "292" Y = "43" T = "0" Pressure = "0" />
		<Point X = "290" Y = "48" T = "0" Pressure = "0" />
		<Point X = "290" Y = "51" T = "0" Pressure = "0" />
		<Point X = "288" Y = "57" T = "0" Pressure = "0" />
		<Point X = "285" Y = "63" T = "0" Pressure = "0" />
		<Point X = "283" Y = "71" T = "0" Pressure = "0" />
		<Point X = "279" Y = "80" T = "0" Pressure = "0" />
		<Point X = "278" Y = "88" T = "0" Pressure = "0" />
		<Point X = "277" Y = "98" T = "0" Pressure = "0" />
		<Point X = "275" Y = "109" T = "0" Pressure = "0" />
		<Point X = "274" Y = "119" T = "0" Pressure = "0" />
		<Point X = "273" Y = "131" T = "0" Pressure = "0" />
		<Point X = "272" Y = "141" T = "0" Pressure = "0" />
		<Point X = "270" Y = "149" T = "0" Pressure = "0" />
		<Point X = "269" Y = "158" T = "0" Pressure = "0" />
		<Point X = "268" Y = "163" T = "0" Pressure = "0" />
		<Point X = "267" Y = "168" T = "0" Pressure = "0" />
		<Point X = "267" Y = "172" T = "0" Pressure = "0" />
		<Point X = "265" Y = "178" T = "0" Pressure = "0" />
		<Point X = "265" Y = "182" T = "0" Pressure = "0" />
		<Point X = "265" Y = "189" T = "0" Pressure = "0" />
		<Point X = "265" Y = "194" T = "0" Pressure = "0" />
		<Point X = "265" Y = "200" T = "0" Pressure = "0" />
		<Point X = "265" Y = "207" T = "0" Pressure = "0" />
		<Point X = "265" Y = "215" T = "0" Pressure = "0" />
		<Point X = "265" Y = "225" T = "0" Pressure = "0" />
		<Point X = "265" Y = "234" T = "0" Pressure = "0" />
		<Point X = "265" Y = "242" T = "0" Pressure = "0" />
		<Point X = "265" Y = "251" T = "0" Pressure = "0" />
		<Point X = "265" Y = "258" T = "0" Pressure = "0" />
		<Point X = "265" Y = "263" T = "0" Pressure = "0" />
		<Point X = "265" Y = "265" T = "0" Pressure = "0" />
		<Point X = "265" Y = "269" T = "0" Pressure = "0" />
		<Point X = "266" Y = "270" T = "0" Pressure = "0" />
		<Point X = "268" Y = "272" T = "0" Pressure = "0" />
		<Point X = "268" Y = "274" T = "0" Pressure = "0" />
		<Point X = "269" Y = "274" T = "0" Pressure = "0" />
		<Point X = "269" Y = "275" T = "0" Pressure = "0" />
		<Point X = "271" Y = "277" T = "0" Pressure = "0" />
		<Point X = "275" Y = "279" T = "0" Pressure = "0" />
		<Point X = "277" Y = "280" T = "0" Pressure = "0" />
		<Point X = "280" Y = "285" T = "0" Pressure = "0" />
		<Point X = "282" Y = "289" T = "0" Pressure = "0" />
		<Point X = "284" Y = "292" T = "0" Pressure = "0" />
		<Point X = "287" Y = "295" T = "0" Pressure = "0" />
		<Point X = "290" Y = "298" T = "0" Pressure = "0" />
		<Point X = "291" Y = "298" T = "0" Pressure = "0" />
		<Point X = "294" Y = "301" T = "0" Pressure = "0" />
		<Point X = "297" Y = "302" T = "0" Pressure = "0" />
		<Point X = "300" Y = "302" T = "0" Pressure = "0" />
		<Point X = "301" Y = "303" T = "0" Pressure = "0" />
		<Point X = "304" Y = "303" T = "0" Pressure = "0" />
		<Point X = "307" Y = "303" T = "0" Pressure = "0" />
		<Point X = "309" Y = "303" T = "0" Pressure = "0" />
		<Point X = "312" Y = "303" T = "0" Pressure = "0" />
		<Point X = "315" Y = "303" T = "0" Pressure = "0" />
		<Point X = "316" Y = "303" T = "0" Pressure = "0" />
		<Point X = "319" Y = "303" T = "0" Pressure = "0" />
		<Point X = "323" Y = "303" T = "0" Pressure = "0" />
		<Point X = "327" Y = "300" T = "0" Pressure = "0" />
		<Point X = "328" Y = "300" T = "0" Pressure = "0" />
		<Point X = "331" Y = "299" T = "0" Pressure = "0" />
		<Point X = "335" Y = "296" T = "0" Pressure = "0" />
		<Point X = "336" Y = "296" T = "0" Pressure = "0" />
		<Point X = "338" Y = "295" T = "0" Pressure = "0" />
		<Point X = "339" Y = "294" T = "0" Pressure = "0" />
		<Point X = "340" Y = "293" T = "0" Pressure = "0" />
		<Point X = "340" Y = "292" T = "0" Pressure = "0" />
		<Point X = "342" Y = "290" T = "0" Pressure = "0" />
		<Point X = "342" Y = "288" T = "0" Pressure = "0" />
		<Point X = "343" Y = "287" T = "0" Pressure = "0" />
		<Point X = "344" Y = "284" T = "0" Pressure = "0" />
		<Point X = "345" Y = "282" T = "0" Pressure = "0" />
		<Point X = "347" Y = "281" T = "0" Pressure = "0" />
		<Point X = "348" Y = "279" T = "0" Pressure = "0" />
		<Point X = "349" Y = "277" T = "0" Pressure = "0" />
		<Point X = "350" Y = "275" T = "0" Pressure = "0" />
		<Point X = "351" Y = "272" T = "0" Pressure = "0" />
		<Point X = "351" Y = "270" T = "0" Pressure = "0" />
		<Point X = "351" Y = "267" T = "0" Pressure = "0" />
		<Point X = "351" Y = "264" T = "0" Pressure = "0" />
		<Point X = "351" Y = "261" T = "0" Pressure = "0" />
		<Point X = "351" Y = "258" T = "0" Pressure = "0" />
		<Point X = "351" Y = "254" T = "0" Pressure = "0" />
		<Point X = "349" Y = "248" T = "0" Pressure = "0" />
		<Point X = "344" Y = "239" T = "0" Pressure = "0" />
		<Point X = "341" Y = "234" T = "0" Pressure = "0" />
		<Point X = "338" Y = "229" T = "0" Pressure = "0" />
		<Point X = "335" Y = "225" T = "0" Pressure = "0" />
		<Point X = "334" Y = "222" T = "0" Pressure = "0" />
		<Point X = "333" Y = "222" T = "0" Pressure = "0" />
		<Point X = "333" Y = "220" T = "0" Pressure = "0" />
		<Point X = "331" Y = "220" T = "0" Pressure = "0" />
		<Point X = "331" Y = "219" T = "0" Pressure = "0" />
		<Point X = "329" Y = "218" T = "0" Pressure = "0" />
		<Point X = "328" Y = "218" T = "0" Pressure = "0" />
		<Point X = "326" Y = "217" T = "0" Pressure = "0" />
		<Point X = "323" Y = "215" T = "0" Pressure = "0" />
		<Point X = "321" Y = "214" T = "0" Pressure = "0" />
		<Point X = "317" Y = "211" T = "0" Pressure = "0" />
		<Point X = "316" Y = "211" T = "0" Pressure = "0" />
		<Point X = "315" Y = "210" T = "0" Pressure = "0" />
		<Point X = "313" Y = "209" T = "0" Pressure = "0" />
		<Point X = "312" Y = "208" T = "0" Pressure = "0" />
		<Point X = "311" Y = "208" T = "0" Pressure = "0" />
		<Point X = "310" Y = "208" T = "0" Pressure = "0" />
		<Point X = "308" Y = "208" T = "0" Pressure = "0" />
		<Point X = "307" Y = "208" T = "0" Pressure = "0" />
		<Point X = "305" Y = "208" T = "0" Pressure = "0" />
		<Point X = "302" Y = "208" T = "0" Pressure = "0" />
		<Point X = "301" Y = "208" T = "0" Pressure = "0" />
		<Point X = "299" Y = "209" T = "0" Pressure = "0" />
		<Point X = "297" Y = "211" T = "0" Pressure = "0" />
		<Point X = "295" Y = "211" T = "0" Pressure = "0" />
		<Point X = "294" Y = "212" T = "0" Pressure = "0" />
		<Point X = "290" Y = "213" T = "0" Pressure = "0" />
		<Point X = "288" Y = "214" T = "0" Pressure = "0" />
		<Point X = "286" Y = "214" T = "0" Pressure = "0" />
		<Point X = "284" Y = "215" T = "0" Pressure = "0" />
		<Point X = "282" Y = "216" T = "0" Pressure = "0" />
		<Point X = "281" Y = "216" T = "0" Pressure = "0" />
		<Point X = "280" Y = "216" T = "0" Pressure = "0" />
		<Point X = "278" Y = "216" T = "0" Pressure = "0" />
		<Point X = "277" Y = "216" T = "0" Pressure = "0" />
		<Point X = "276" Y = "216" T = "0" Pressure = "0" />
		<Point X = "274" Y = "216" T = "0" Pressure = "0" />
		<Point X = "271" Y = "218" T = "0" Pressure = "0" />
		<Point X = "269" Y = "219" T = "0" Pressure = "0" />
		<Point X = "266" Y = "220" T = "0" Pressure = "0" />
		<Point X = "265" Y = "220" T = "0" Pressure = "0" />
		<Point X = "264" Y = "221" T = "0" Pressure = "0" />
		<Point X = "263" Y = "221" T = "0" Pressure = "0" />
		<Point X = "263" Y = "222" T = "0" Pressure = "0" />
		<Point X = "262" Y = "222" T = "0" Pressure = "0" />
		<Point X = "261" Y = "223" T = "0" Pressure = "0" />
	</Stroke>
</Gesture>
