<?xml version="1.0" encoding="utf-8" standalone="yes"?>
<Gesture Name = "b">
	<Stroke>
		<Point X = "295" Y = "81" T = "0" Pressure = "0" />
		<Point X = "295" Y = "87" T = "0" Pressure = "0" />
		<Point X = "295" Y = "93" T = "0" Pressure = "0" />
		<Point X = "294" Y = "101" T = "0" Pressure = "0" />
		<Point X = "293" Y = "108" T = "0" Pressure = "0" />
		<Point X = "293" Y = "116" T = "0" Pressure = "0" />
		<Point X = "293" Y = "123" T = "0" Pressure = "0" />
		<Point X = "293" Y = "131" T = "0" Pressure = "0" />
		<Point X = "292" Y = "137" T = "0" Pressure = "0" />
		<Point X = "292" Y = "145" T = "0" Pressure = "0" />
		<Point X = "292" Y = "156" T = "0" Pressure = "0" />
		<Point X = "290" Y = "164" T = "0" Pressure = "0" />
		<Point X = "289" Y = "177" T = "0" Pressure = "0" />
		<Point X = "287" Y = "189" T = "0" Pressure = "0" />
		<Point X = "285" Y = "201" T = "0" Pressure = "0" />
		<Point X = "283" Y = "214" T = "0" Pressure = "0" />
		<Point X = "283" Y = "226" T = "0" Pressure = "0" />
		<Point X = "283" Y = "239" T = "0" Pressure = "0" />
		<Point X = "283" Y = "252" T = "0" Pressure = "0" />
		<Point X = "283" Y = "263" T = "0" Pressure = "0" />
		<Point X = "283" Y = "272" T = "0" Pressure = "0" />
		<Point X = "283" Y = "280" T = "0" Pressure = "0" />
		<Point X = "283" Y = "285" T = "0" Pressure = "0" />
		<Point X = "284" Y = "288" T = "0" Pressure = "0" />
		<Point X = "285" Y = "291" T = "0" Pressure = "0" />
		<Point X = "285" Y = "293" T = "0" Pressure = "0" />
		<Point X = "286" Y = "295" T = "0" Pressure = "0" />
		<Point X = "287" Y = "296" T = "0" Pressure = "0" />
		<Point X = "288" Y = "298" T = "0" Pressure = "0" />
		<Point X = "289" Y = "299" T = "0" Pressure = "0" />
		<Point X = "292" Y = "301" T = "0" Pressure = "0" />
		<Point X = "293" Y = "303" T = "0" Pressure = "0" />
		<Point X = "295" Y = "304" T = "0" Pressure = "0" />
		<Point X = "298" Y = "306" T = "0" Pressure = "0" />
		<Point X = "300" Y = "307" T = "0" Pressure = "0" />
		<Point X = "303" Y = "307" T = "0" Pressure = "0" />
		<Point X = "307" Y = "308" T = "0" Pressure = "0" />
		<Point X = "313" Y = "310" T = "0" Pressure = "0" />
		<Point X = "316" Y = "310" T = "0" Pressure = "0" />
		<Point X = "320" Y = "311" T = "0" Pressure = "0" />
		<Point X = "321" Y = "311" T = "0" Pressure = "0" />
		<Point X = "323" Y = "311" T = "0" Pressure = "0" />
		<Point X = "324" Y = "311" T = "0" Pressure = "0" />
		<Point X = "325" Y = "311" T = "0" Pressure = "0" />
		<Point X = "326" Y = "311" T = "0" Pressure = "0" />
		<Point X = "327" Y = "311" T = "0" Pressure = "0" />
		<Point X = "328" Y = "311" T = "0" Pressure = "0" />
		<Point X = "330" Y = "310" T = "0" Pressure = "0" />
		<Point X = "331" Y = "309" T = "0" Pressure = "0" />
		<Point X = "332" Y = "308" T = "0" Pressure = "0" />
		<Point X = "334" Y = "305" T = "0" Pressure = "0" />
		<Point X = "334" Y = "304" T = "0" Pressure = "0" />
		<Point X = "336" Y = "300" T = "0" Pressure = "0" />
		<Point X = "338" Y = "299" T = "0" Pressure = "0" />
		<Point X = "338" Y = "297" T = "0" Pressure = "0" />
		<Point X = "338" Y = "294" T = "0" Pressure = "0" />
		<Point X = "338" Y = "292" T = "0" Pressure = "0" />
		<Point X = "338" Y = "289" T = "0" Pressure = "0" />
		<Point X = "338" Y = "286" T = "0" Pressure = "0" />
		<Point X = "338" Y = "284" T = "0" Pressure = "0" />
		<Point X = "338" Y = "281" T = "0" Pressure = "0" />
		<Point X = "338" Y = "279" T = "0" Pressure = "0" />
		<Point X = "338" Y = "277" T = "0" Pressure = "0" />
		<Point X = "338" Y = "274" T = "0" Pressure = "0" />
		<Point X = "338" Y = "273" T = "0" Pressure = "0" />
		<Point X = "338" Y = "271" T = "0" Pressure = "0" />
		<Point X = "338" Y = "270" T = "0" Pressure = "0" />
		<Point X = "337" Y = "269" T = "0" Pressure = "0" />
		<Point X = "337" Y = "268" T = "0" Pressure = "0" />
		<Point X = "336" Y = "267" T = "0" Pressure = "0" />
		<Point X = "335" Y = "267" T = "0" Pressure = "0" />
		<Point X = "334" Y = "267" T = "0" Pressure = "0" />
		<Point X = "332" Y = "266" T = "0" Pressure = "0" />
		<Point X = "328" Y = "264" T = "0" Pressure = "0" />
		<Point X = "322" Y = "262" T = "0" Pressure = "0" />
		<Point X = "321" Y = "262" T = "0" Pressure = "0" />
		<Point X = "320" Y = "262" T = "0" Pressure = "0" />
		<Point X = "319" Y = "262" T = "0" Pressure = "0" />
		<Point X = "318" Y = "262" T = "0" Pressure = "0" />
		<Point X = "317" Y = "262" T = "0" Pressure = "0" />
		<Point X = "316" Y = "262" T = "0" Pressure = "0" />
		<Point X = "314" Y = "262" T = "0" Pressure = "0" />
		<Point X = "312" Y = "262" T = "0" Pressure = "0" />
		<Point X = "309" Y = "262" T = "0" Pressure = "0" />
		<Point X = "308" Y = "262" T = "0" Pressure = "0" />
		<Point X = "306" Y = "262" T = "0" Pressure = "0" />
		<Point X = "304" Y = "262" T = "0" Pressure = "0" />
		<Point X = "303" Y = "262" T = "0" Pressure = "0" />
		<Point X = "302" Y = "262" T = "0" Pressure = "0" />
		<Point X = "301" Y = "262" T = "0" Pressure = "0" />
		<Point X = "300" Y = "262" T = "0" Pressure = "0" />
		<Point X = "299" Y = "262" T = "0" Pressure = "0" />
		<Point X = "298" Y = "262" T = "0" Pressure = "0" />
		<Point X = "297" Y = "262" T = "0" Pressure = "0" />
		<Point X = "296" Y = "262" T = "0" Pressure = "0" />
		<Point X = "295" Y = "262" T = "0" Pressure = "0" />
		<Point X = "292" Y = "264" T = "0" Pressure = "0" />
		<Point X = "290" Y = "266" T = "0" Pressure = "0" />
		<Point X = "288" Y = "267" T = "0" Pressure = "0" />
		<Point X = "286" Y = "268" T = "0" Pressure = "0" />
		<Point X = "285" Y = "269" T = "0" Pressure = "0" />
		<Point X = "283" Y = "270" T = "0" Pressure = "0" />
		<Point X = "282" Y = "271" T = "0" Pressure = "0" />
		<Point X = "281" Y = "272" T = "0" Pressure = "0" />
		<Point X = "281" Y = "273" T = "0" Pressure = "0" />
		<Point X = "280" Y = "273" T = "0" Pressure = "0" />
		<Point X = "279" Y = "274" T = "0" Pressure = "0" />
		<Point X = "278" Y = "276" T = "0" Pressure = "0" />
		<Point X = "278" Y = "277" T = "0" Pressure = "0" />
	</Stroke>
</Gesture>
