<?xml version="1.0" encoding="utf-8" standalone="yes"?>
<Gesture Name = "b">
	<Stroke>
		<Point X = "80" Y = "43" T = "0" Pressure = "0" />
		<Point X = "80" Y = "45" T = "0" Pressure = "0" />
		<Point X = "80" Y = "49" T = "0" Pressure = "0" />
		<Point X = "80" Y = "52" T = "0" Pressure = "0" />
		<Point X = "80" Y = "59" T = "0" Pressure = "0" />
		<Point X = "80" Y = "64" T = "0" Pressure = "0" />
		<Point X = "80" Y = "71" T = "0" Pressure = "0" />
		<Point X = "80" Y = "78" T = "0" Pressure = "0" />
		<Point X = "80" Y = "86" T = "0" Pressure = "0" />
		<Point X = "80" Y = "94" T = "0" Pressure = "0" />
		<Point X = "80" Y = "103" T = "0" Pressure = "0" />
		<Point X = "80" Y = "112" T = "0" Pressure = "0" />
		<Point X = "80" Y = "120" T = "0" Pressure = "0" />
		<Point X = "80" Y = "130" T = "0" Pressure = "0" />
		<Point X = "81" Y = "137" T = "0" Pressure = "0" />
		<Point X = "84" Y = "144" T = "0" Pressure = "0" />
		<Point X = "86" Y = "152" T = "0" Pressure = "0" />
		<Point X = "89" Y = "159" T = "0" Pressure = "0" />
		<Point X = "92" Y = "165" T = "0" Pressure = "0" />
		<Point X = "94" Y = "170" T = "0" Pressure = "0" />
		<Point X = "95" Y = "173" T = "0" Pressure = "0" />
		<Point X = "96" Y = "175" T = "0" Pressure = "0" />
		<Point X = "98" Y = "181" T = "0" Pressure = "0" />
		<Point X = "99" Y = "183" T = "0" Pressure = "0" />
		<Point X = "101" Y = "187" T = "0" Pressure = "0" />
		<Point X = "105" Y = "191" T = "0" Pressure = "0" />
		<Point X = "108" Y = "196" T = "0" Pressure = "0" />
		<Point X = "112" Y = "198" T = "0" Pressure = "0" />
		<Point X = "117" Y = "202" T = "0" Pressure = "0" />
		<Point X = "119" Y = "205" T = "0" Pressure = "0" />
		<Point X = "123" Y = "207" T = "0" Pressure = "0" />
		<Point X = "128" Y = "210" T = "0" Pressure = "0" />
		<Point X = "131" Y = "212" T = "0" Pressure = "0" />
		<Point X = "136" Y = "215" T = "0" Pressure = "0" />
		<Point X = "140" Y = "217" T = "0" Pressure = "0" />
		<Point X = "143" Y = "218" T = "0" Pressure = "0" />
		<Point X = "145" Y = "219" T = "0" Pressure = "0" />
		<Point X = "148" Y = "219" T = "0" Pressure = "0" />
		<Point X = "151" Y = "220" T = "0" Pressure = "0" />
		<Point X = "152" Y = "220" T = "0" Pressure = "0" />
		<Point X = "154" Y = "220" T = "0" Pressure = "0" />
		<Point X = "158" Y = "220" T = "0" Pressure = "0" />
		<Point X = "162" Y = "219" T = "0" Pressure = "0" />
		<Point X = "164" Y = "218" T = "0" Pressure = "0" />
		<Point X = "168" Y = "217" T = "0" Pressure = "0" />
		<Point X = "169" Y = "217" T = "0" Pressure = "0" />
		<Point X = "172" Y = "217" T = "0" Pressure = "0" />
		<Point X = "174" Y = "215" T = "0" Pressure = "0" />
		<Point X = "176" Y = "214" T = "0" Pressure = "0" />
		<Point X = "178" Y = "212" T = "0" Pressure = "0" />
		<Point X = "179" Y = "211" T = "0" Pressure = "0" />
		<Point X = "180" Y = "208" T = "0" Pressure = "0" />
		<Point X = "180" Y = "205" T = "0" Pressure = "0" />
		<Point X = "180" Y = "202" T = "0" Pressure = "0" />
		<Point X = "182" Y = "199" T = "0" Pressure = "0" />
		<Point X = "182" Y = "195" T = "0" Pressure = "0" />
		<Point X = "182" Y = "193" T = "0" Pressure = "0" />
		<Point X = "182" Y = "188" T = "0" Pressure = "0" />
		<Point X = "182" Y = "182" T = "0" Pressure = "0" />
		<Point X = "180" Y = "178" T = "0" Pressure = "0" />
		<Point X = "177" Y = "174" T = "0" Pressure = "0" />
		<Point X = "176" Y = "170" T = "0" Pressure = "0" />
		<Point X = "172" Y = "167" T = "0" Pressure = "0" />
		<Point X = "169" Y = "163" T = "0" Pressure = "0" />
		<Point X = "167" Y = "161" T = "0" Pressure = "0" />
		<Point X = "165" Y = "158" T = "0" Pressure = "0" />
		<Point X = "161" Y = "155" T = "0" Pressure = "0" />
		<Point X = "155" Y = "153" T = "0" Pressure = "0" />
		<Point X = "153" Y = "151" T = "0" Pressure = "0" />
		<Point X = "148" Y = "150" T = "0" Pressure = "0" />
		<Point X = "146" Y = "149" T = "0" Pressure = "0" />
		<Point X = "143" Y = "149" T = "0" Pressure = "0" />
		<Point X = "140" Y = "149" T = "0" Pressure = "0" />
		<Point X = "138" Y = "149" T = "0" Pressure = "0" />
		<Point X = "136" Y = "149" T = "0" Pressure = "0" />
		<Point X = "134" Y = "149" T = "0" Pressure = "0" />
		<Point X = "131" Y = "149" T = "0" Pressure = "0" />
		<Point X = "129" Y = "149" T = "0" Pressure = "0" />
		<Point X = "126" Y = "149" T = "0" Pressure = "0" />
		<Point X = "124" Y = "149" T = "0" Pressure = "0" />
		<Point X = "122" Y = "149" T = "0" Pressure = "0" />
		<Point X = "120" Y = "149" T = "0" Pressure = "0" />
		<Point X = "118" Y = "149" T = "0" Pressure = "0" />
		<Point X = "115" Y = "151" T = "0" Pressure = "0" />
		<Point X = "113" Y = "152" T = "0" Pressure = "0" />
		<Point X = "110" Y = "152" T = "0" Pressure = "0" />
		<Point X = "109" Y = "153" T = "0" Pressure = "0" />
		<Point X = "105" Y = "155" T = "0" Pressure = "0" />
		<Point X = "102" Y = "156" T = "0" Pressure = "0" />
		<Point X = "100" Y = "157" T = "0" Pressure = "0" />
		<Point X = "99" Y = "157" T = "0" Pressure = "0" />
		<Point X = "99" Y = "158" T = "0" Pressure = "0" />
		<Point X = "98" Y = "159" T = "0" Pressure = "0" />
		<Point X = "96" Y = "159" T = "0" Pressure = "0" />
		<Point X = "95" Y = "160" T = "0" Pressure = "0" />
		<Point X = "95" Y = "161" T = "0" Pressure = "0" />
		<Point X = "94" Y = "162" T = "0" Pressure = "0" />
		<Point X = "94" Y = "163" T = "0" Pressure = "0" />
		<Point X = "94" Y = "165" T = "0" Pressure = "0" />
		<Point X = "93" Y = "166" T = "0" Pressure = "0" />
		<Point X = "93" Y = "167" T = "0" Pressure = "0" />
		<Point X = "93" Y = "168" T = "0" Pressure = "0" />
	</Stroke>
</Gesture>
