<?xml version="1.0" encoding="utf-8" standalone="yes"?>
<Gesture Name = "b">
	<Stroke>
		<Point X = "310" Y = "90" T = "0" Pressure = "0" />
		<Point X = "310" Y = "92" T = "0" Pressure = "0" />
		<Point X = "310" Y = "94" T = "0" Pressure = "0" />
		<Point X = "311" Y = "96" T = "0" Pressure = "0" />
		<Point X = "311" Y = "98" T = "0" Pressure = "0" />
		<Point X = "311" Y = "101" T = "0" Pressure = "0" />
		<Point X = "311" Y = "103" T = "0" Pressure = "0" />
		<Point X = "311" Y = "106" T = "0" Pressure = "0" />
		<Point X = "311" Y = "109" T = "0" Pressure = "0" />
		<Point X = "311" Y = "111" T = "0" Pressure = "0" />
		<Point X = "311" Y = "115" T = "0" Pressure = "0" />
		<Point X = "311" Y = "117" T = "0" Pressure = "0" />
		<Point X = "311" Y = "120" T = "0" Pressure = "0" />
		<Point X = "311" Y = "122" T = "0" Pressure = "0" />
		<Point X = "311" Y = "125" T = "0" Pressure = "0" />
		<Point X = "311" Y = "126" T = "0" Pressure = "0" />
		<Point X = "311" Y = "129" T = "0" Pressure = "0" />
		<Point X = "311" Y = "132" T = "0" Pressure = "0" />
		<Point X = "311" Y = "136" T = "0" Pressure = "0" />
		<Point X = "311" Y = "140" T = "0" Pressure = "0" />
		<Point X = "311" Y = "146" T = "0" Pressure = "0" />
		<Point X = "311" Y = "150" T = "0" Pressure = "0" />
		<Point X = "311" Y = "154" T = "0" Pressure = "0" />
		<Point X = "311" Y = "157" T = "0" Pressure = "0" />
		<Point X = "311" Y = "159" T = "0" Pressure = "0" />
		<Point X = "311" Y = "162" T = "0" Pressure = "0" />
		<Point X = "311" Y = "164" T = "0" Pressure = "0" />
		<Point X = "311" Y = "166" T = "0" Pressure = "0" />
		<Point X = "311" Y = "168" T = "0" Pressure = "0" />
		<Point X = "311" Y = "170" T = "0" Pressure = "0" />
		<Point X = "311" Y = "173" T = "0" Pressure = "0" />
		<Point X = "311" Y = "175" T = "0" Pressure = "0" />
		<Point X = "311" Y = "177" T = "0" Pressure = "0" />
		<Point X = "311" Y = "180" T = "0" Pressure = "0" />
		<Point X = "311" Y = "183" T = "0" Pressure = "0" />
		<Point X = "311" Y = "186" T = "0" Pressure = "0" />
		<Point X = "311" Y = "188" T = "0" Pressure = "0" />
		<Point X = "311" Y = "193" T = "0" Pressure = "0" />
		<Point X = "311" Y = "196" T = "0" Pressure = "0" />
		<Point X = "312" Y = "199" T = "0" Pressure = "0" />
		<Point X = "312" Y = "200" T = "0" Pressure = "0" />
		<Point X = "312" Y = "202" T = "0" Pressure = "0" />
		<Point X = "312" Y = "204" T = "0" Pressure = "0" />
		<Point X = "312" Y = "205" T = "0" Pressure = "0" />
		<Point X = "312" Y = "207" T = "0" Pressure = "0" />
		<Point X = "312" Y = "209" T = "0" Pressure = "0" />
		<Point X = "313" Y = "211" T = "0" Pressure = "0" />
		<Point X = "313" Y = "213" T = "0" Pressure = "0" />
		<Point X = "314" Y = "214" T = "0" Pressure = "0" />
		<Point X = "314" Y = "215" T = "0" Pressure = "0" />
		<Point X = "314" Y = "217" T = "0" Pressure = "0" />
		<Point X = "314" Y = "218" T = "0" Pressure = "0" />
		<Point X = "314" Y = "219" T = "0" Pressure = "0" />
		<Point X = "314" Y = "220" T = "0" Pressure = "0" />
		<Point X = "314" Y = "221" T = "0" Pressure = "0" />
		<Point X = "314" Y = "222" T = "0" Pressure = "0" />
		<Point X = "314" Y = "225" T = "0" Pressure = "0" />
		<Point X = "316" Y = "226" T = "0" Pressure = "0" />
		<Point X = "316" Y = "228" T = "0" Pressure = "0" />
		<Point X = "316" Y = "229" T = "0" Pressure = "0" />
		<Point X = "317" Y = "231" T = "0" Pressure = "0" />
		<Point X = "317" Y = "232" T = "0" Pressure = "0" />
		<Point X = "319" Y = "233" T = "0" Pressure = "0" />
		<Point X = "320" Y = "237" T = "0" Pressure = "0" />
		<Point X = "321" Y = "237" T = "0" Pressure = "0" />
		<Point X = "322" Y = "239" T = "0" Pressure = "0" />
		<Point X = "323" Y = "240" T = "0" Pressure = "0" />
		<Point X = "324" Y = "242" T = "0" Pressure = "0" />
		<Point X = "326" Y = "244" T = "0" Pressure = "0" />
		<Point X = "326" Y = "245" T = "0" Pressure = "0" />
		<Point X = "327" Y = "246" T = "0" Pressure = "0" />
		<Point X = "327" Y = "247" T = "0" Pressure = "0" />
		<Point X = "328" Y = "248" T = "0" Pressure = "0" />
		<Point X = "330" Y = "249" T = "0" Pressure = "0" />
		<Point X = "330" Y = "250" T = "0" Pressure = "0" />
		<Point X = "331" Y = "250" T = "0" Pressure = "0" />
		<Point X = "332" Y = "252" T = "0" Pressure = "0" />
		<Point X = "333" Y = "252" T = "0" Pressure = "0" />
		<Point X = "333" Y = "253" T = "0" Pressure = "0" />
		<Point X = "334" Y = "254" T = "0" Pressure = "0" />
		<Point X = "336" Y = "254" T = "0" Pressure = "0" />
		<Point X = "339" Y = "254" T = "0" Pressure = "0" />
		<Point X = "340" Y = "255" T = "0" Pressure = "0" />
		<Point X = "342" Y = "256" T = "0" Pressure = "0" />
		<Point X = "343" Y = "256" T = "0" Pressure = "0" />
		<Point X = "345" Y = "256" T = "0" Pressure = "0" />
		<Point X = "347" Y = "256" T = "0" Pressure = "0" />
		<Point X = "349" Y = "256" T = "0" Pressure = "0" />
		<Point X = "351" Y = "256" T = "0" Pressure = "0" />
		<Point X = "353" Y = "257" T = "0" Pressure = "0" />
		<Point X = "355" Y = "257" T = "0" Pressure = "0" />
		<Point X = "356" Y = "257" T = "0" Pressure = "0" />
		<Point X = "357" Y = "257" T = "0" Pressure = "0" />
		<Point X = "359" Y = "257" T = "0" Pressure = "0" />
		<Point X = "360" Y = "257" T = "0" Pressure = "0" />
		<Point X = "361" Y = "257" T = "0" Pressure = "0" />
		<Point X = "364" Y = "257" T = "0" Pressure = "0" />
		<Point X = "366" Y = "257" T = "0" Pressure = "0" />
		<Point X = "371" Y = "257" T = "0" Pressure = "0" />
		<Point X = "372" Y = "257" T = "0" Pressure = "0" />
		<Point X = "374" Y = "257" T = "0" Pressure = "0" />
		<Point X = "375" Y = "257" T = "0" Pressure = "0" />
		<Point X = "376" Y = "257" T = "0" Pressure = "0" />
		<Point X = "377" Y = "256" T = "0" Pressure = "0" />
		<Point X = "378" Y = "255" T = "0" Pressure = "0" />
		<Point X = "378" Y = "254" T = "0" Pressure = "0" />
		<Point X = "379" Y = "253" T = "0" Pressure = "0" />
		<Point X = "380" Y = "253" T = "0" Pressure = "0" />
		<Point X = "381" Y = "251" T = "0" Pressure = "0" />
		<Point X = "382" Y = "251" T = "0" Pressure = "0" />
		<Point X = "382" Y = "250" T = "0" Pressure = "0" />
		<Point X = "383" Y = "248" T = "0" Pressure = "0" />
		<Point X = "384" Y = "245" T = "0" Pressure = "0" />
		<Point X = "386" Y = "244" T = "0" Pressure = "0" />
		<Point X = "386" Y = "243" T = "0" Pressure = "0" />
		<Point X = "386" Y = "241" T = "0" Pressure = "0" />
		<Point X = "386" Y = "240" T = "0" Pressure = "0" />
		<Point X = "386" Y = "238" T = "0" Pressure = "0" />
		<Point X = "386" Y = "237" T = "0" Pressure = "0" />
		<Point X = "386" Y = "235" T = "0" Pressure = "0" />
		<Point X = "386" Y = "234" T = "0" Pressure = "0" />
		<Point X = "386" Y = "232" T = "0" Pressure = "0" />
		<Point X = "387" Y = "230" T = "0" Pressure = "0" />
		<Point X = "388" Y = "229" T = "0" Pressure = "0" />
		<Point X = "388" Y = "228" T = "0" Pressure = "0" />
		<Point X = "388" Y = "226" T = "0" Pressure = "0" />
		<Point X = "388" Y = "225" T = "0" Pressure = "0" />
		<Point X = "388" Y = "223" T = "0" Pressure = "0" />
		<Point X = "388" Y = "221" T = "0" Pressure = "0" />
		<Point X = "388" Y = "220" T = "0" Pressure = "0" />
		<Point X = "388" Y = "217" T = "0" Pressure = "0" />
		<Point X = "386" Y = "214" T = "0" Pressure = "0" />
		<Point X = "385" Y = "213" T = "0" Pressure = "0" />
		<Point X = "384" Y = "212" T = "0" Pressure = "0" />
		<Point X = "383" Y = "210" T = "0" Pressure = "0" />
		<Point X = "382" Y = "209" T = "0" Pressure = "0" />
		<Point X = "381" Y = "208" T = "0" Pressure = "0" />
		<Point X = "380" Y = "207" T = "0" Pressure = "0" />
		<Point X = "379" Y = "206" T = "0" Pressure = "0" />
		<Point X = "377" Y = "204" T = "0" Pressure = "0" />
		<Point X = "375" Y = "203" T = "0" Pressure = "0" />
		<Point X = "375" Y = "202" T = "0" Pressure = "0" />
		<Point X = "373" Y = "202" T = "0" Pressure = "0" />
		<Point X = "372" Y = "201" T = "0" Pressure = "0" />
		<Point X = "371" Y = "200" T = "0" Pressure = "0" />
		<Point X = "369" Y = "200" T = "0" Pressure = "0" />
		<Point X = "367" Y = "198" T = "0" Pressure = "0" />
		<Point X = "366" Y = "197" T = "0" Pressure = "0" />
		<Point X = "365" Y = "196" T = "0" Pressure = "0" />
		<Point X = "364" Y = "196" T = "0" Pressure = "0" />
		<Point X = "363" Y = "196" T = "0" Pressure = "0" />
		<Point X = "362" Y = "196" T = "0" Pressure = "0" />
		<Point X = "360" Y = "196" T = "0" Pressure = "0" />
		<Point X = "358" Y = "196" T = "0" Pressure = "0" />
		<Point X = "356" Y = "196" T = "0" Pressure = "0" />
		<Point X = "355" Y = "196" T = "0" Pressure = "0" />
		<Point X = "353" Y = "196" T = "0" Pressure = "0" />
		<Point X = "352" Y = "194" T = "0" Pressure = "0" />
		<Point X = "350" Y = "194" T = "0" Pressure = "0" />
		<Point X = "349" Y = "194" T = "0" Pressure = "0" />
		<Point X = "348" Y = "194" T = "0" Pressure = "0" />
		<Point X = "347" Y = "194" T = "0" Pressure = "0" />
		<Point X = "346" Y = "194" T = "0" Pressure = "0" />
		<Point X = "345" Y = "194" T = "0" Pressure = "0" />
		<Point X = "344" Y = "194" T = "0" Pressure = "0" />
		<Point X = "342" Y = "194" T = "0" Pressure = "0" />
		<Point X = "341" Y = "194" T = "0" Pressure = "0" />
		<Point X = "340" Y = "194" T = "0" Pressure = "0" />
		<Point X = "339" Y = "194" T = "0" Pressure = "0" />
		<Point X = "338" Y = "194" T = "0" Pressure = "0" />
		<Point X = "337" Y = "194" T = "0" Pressure = "0" />
		<Point X = "336" Y = "195" T = "0" Pressure = "0" />
		<Point X = "334" Y = "195" T = "0" Pressure = "0" />
		<Point X = "333" Y = "195" T = "0" Pressure = "0" />
		<Point X = "331" Y = "195" T = "0" Pressure = "0" />
		<Point X = "329" Y = "197" T = "0" Pressure = "0" />
		<Point X = "327" Y = "197" T = "0" Pressure = "0" />
		<Point X = "326" Y = "197" T = "0" Pressure = "0" />
		<Point X = "324" Y = "197" T = "0" Pressure = "0" />
		<Point X = "322" Y = "197" T = "0" Pressure = "0" />
		<Point X = "321" Y = "198" T = "0" Pressure = "0" />
		<Point X = "320" Y = "198" T = "0" Pressure = "0" />
		<Point X = "319" Y = "198" T = "0" Pressure = "0" />
		<Point X = "317" Y = "198" T = "0" Pressure = "0" />
		<Point X = "315" Y = "200" T = "0" Pressure = "0" />
		<Point X = "314" Y = "200" T = "0" Pressure = "0" />
		<Point X = "312" Y = "200" T = "0" Pressure = "0" />
		<Point X = "311" Y = "200" T = "0" Pressure = "0" />
	</Stroke>
</Gesture>
