<?xml version="1.0" encoding="utf-8" standalone="yes"?>
<Gesture Name = "b">
	<Stroke>
		<Point X = "319" Y = "95" T = "0" Pressure = "0" />
		<Point X = "319" Y = "98" T = "0" Pressure = "0" />
		<Point X = "318" Y = "100" T = "0" Pressure = "0" />
		<Point X = "317" Y = "105" T = "0" Pressure = "0" />
		<Point X = "316" Y = "108" T = "0" Pressure = "0" />
		<Point X = "316" Y = "112" T = "0" Pressure = "0" />
		<Point X = "316" Y = "118" T = "0" Pressure = "0" />
		<Point X = "315" Y = "125" T = "0" Pressure = "0" />
		<Point X = "314" Y = "131" T = "0" Pressure = "0" />
		<Point X = "314" Y = "136" T = "0" Pressure = "0" />
		<Point X = "312" Y = "142" T = "0" Pressure = "0" />
		<Point X = "312" Y = "145" T = "0" Pressure = "0" />
		<Point X = "312" Y = "150" T = "0" Pressure = "0" />
		<Point X = "312" Y = "153" T = "0" Pressure = "0" />
		<Point X = "312" Y = "157" T = "0" Pressure = "0" />
		<Point X = "312" Y = "161" T = "0" Pressure = "0" />
		<Point X = "312" Y = "165" T = "0" Pressure = "0" />
		<Point X = "312" Y = "168" T = "0" Pressure = "0" />
		<Point X = "312" Y = "173" T = "0" Pressure = "0" />
		<Point X = "312" Y = "177" T = "0" Pressure = "0" />
		<Point X = "312" Y = "182" T = "0" Pressure = "0" />
		<Point X = "312" Y = "187" T = "0" Pressure = "0" />
		<Point X = "312" Y = "192" T = "0" Pressure = "0" />
		<Point X = "313" Y = "197" T = "0" Pressure = "0" />
		<Point X = "315" Y = "202" T = "0" Pressure = "0" />
		<Point X = "316" Y = "206" T = "0" Pressure = "0" />
		<Point X = "316" Y = "212" T = "0" Pressure = "0" />
		<Point X = "317" Y = "215" T = "0" Pressure = "0" />
		<Point X = "320" Y = "222" T = "0" Pressure = "0" />
		<Point X = "320" Y = "227" T = "0" Pressure = "0" />
		<Point X = "321" Y = "229" T = "0" Pressure = "0" />
		<Point X = "322" Y = "232" T = "0" Pressure = "0" />
		<Point X = "322" Y = "234" T = "0" Pressure = "0" />
		<Point X = "322" Y = "236" T = "0" Pressure = "0" />
		<Point X = "324" Y = "237" T = "0" Pressure = "0" />
		<Point X = "324" Y = "238" T = "0" Pressure = "0" />
		<Point X = "325" Y = "240" T = "0" Pressure = "0" />
		<Point X = "326" Y = "240" T = "0" Pressure = "0" />
		<Point X = "328" Y = "242" T = "0" Pressure = "0" />
		<Point X = "329" Y = "242" T = "0" Pressure = "0" />
		<Point X = "332" Y = "242" T = "0" Pressure = "0" />
		<Point X = "332" Y = "243" T = "0" Pressure = "0" />
		<Point X = "334" Y = "243" T = "0" Pressure = "0" />
		<Point X = "335" Y = "243" T = "0" Pressure = "0" />
		<Point X = "337" Y = "243" T = "0" Pressure = "0" />
		<Point X = "339" Y = "243" T = "0" Pressure = "0" />
		<Point X = "341" Y = "243" T = "0" Pressure = "0" />
		<Point X = "342" Y = "243" T = "0" Pressure = "0" />
		<Point X = "344" Y = "243" T = "0" Pressure = "0" />
		<Point X = "346" Y = "243" T = "0" Pressure = "0" />
		<Point X = "349" Y = "242" T = "0" Pressure = "0" />
		<Point X = "350" Y = "240" T = "0" Pressure = "0" />
		<Point X = "353" Y = "238" T = "0" Pressure = "0" />
		<Point X = "353" Y = "237" T = "0" Pressure = "0" />
		<Point X = "357" Y = "235" T = "0" Pressure = "0" />
		<Point X = "359" Y = "234" T = "0" Pressure = "0" />
		<Point X = "360" Y = "233" T = "0" Pressure = "0" />
		<Point X = "361" Y = "233" T = "0" Pressure = "0" />
		<Point X = "363" Y = "232" T = "0" Pressure = "0" />
		<Point X = "363" Y = "231" T = "0" Pressure = "0" />
		<Point X = "364" Y = "230" T = "0" Pressure = "0" />
		<Point X = "365" Y = "229" T = "0" Pressure = "0" />
		<Point X = "366" Y = "226" T = "0" Pressure = "0" />
		<Point X = "366" Y = "224" T = "0" Pressure = "0" />
		<Point X = "367" Y = "224" T = "0" Pressure = "0" />
		<Point X = "367" Y = "223" T = "0" Pressure = "0" />
		<Point X = "367" Y = "221" T = "0" Pressure = "0" />
		<Point X = "367" Y = "219" T = "0" Pressure = "0" />
		<Point X = "367" Y = "218" T = "0" Pressure = "0" />
		<Point X = "367" Y = "217" T = "0" Pressure = "0" />
		<Point X = "367" Y = "216" T = "0" Pressure = "0" />
		<Point X = "367" Y = "214" T = "0" Pressure = "0" />
		<Point X = "367" Y = "212" T = "0" Pressure = "0" />
		<Point X = "367" Y = "211" T = "0" Pressure = "0" />
		<Point X = "367" Y = "210" T = "0" Pressure = "0" />
		<Point X = "365" Y = "207" T = "0" Pressure = "0" />
		<Point X = "364" Y = "207" T = "0" Pressure = "0" />
		<Point X = "363" Y = "205" T = "0" Pressure = "0" />
		<Point X = "362" Y = "205" T = "0" Pressure = "0" />
		<Point X = "361" Y = "204" T = "0" Pressure = "0" />
		<Point X = "359" Y = "204" T = "0" Pressure = "0" />
		<Point X = "357" Y = "203" T = "0" Pressure = "0" />
		<Point X = "356" Y = "203" T = "0" Pressure = "0" />
		<Point X = "354" Y = "201" T = "0" Pressure = "0" />
		<Point X = "353" Y = "201" T = "0" Pressure = "0" />
		<Point X = "351" Y = "201" T = "0" Pressure = "0" />
		<Point X = "350" Y = "200" T = "0" Pressure = "0" />
		<Point X = "348" Y = "200" T = "0" Pressure = "0" />
		<Point X = "345" Y = "200" T = "0" Pressure = "0" />
		<Point X = "343" Y = "200" T = "0" Pressure = "0" />
		<Point X = "342" Y = "199" T = "0" Pressure = "0" />
		<Point X = "338" Y = "199" T = "0" Pressure = "0" />
		<Point X = "336" Y = "198" T = "0" Pressure = "0" />
		<Point X = "335" Y = "198" T = "0" Pressure = "0" />
		<Point X = "334" Y = "198" T = "0" Pressure = "0" />
		<Point X = "332" Y = "198" T = "0" Pressure = "0" />
		<Point X = "331" Y = "198" T = "0" Pressure = "0" />
		<Point X = "329" Y = "198" T = "0" Pressure = "0" />
		<Point X = "327" Y = "198" T = "0" Pressure = "0" />
		<Point X = "326" Y = "198" T = "0" Pressure = "0" />
		<Point X = "325" Y = "198" T = "0" Pressure = "0" />
		<Point X = "324" Y = "198" T = "0" Pressure = "0" />
		<Point X = "323" Y = "198" T = "0" Pressure = "0" />
		<Point X = "322" Y = "198" T = "0" Pressure = "0" />
		<Point X = "321" Y = "198" T = "0" Pressure = "0" />
		<Point X = "320" Y = "198" T = "0" Pressure = "0" />
		<Point X = "319" Y = "198" T = "0" Pressure = "0" />
		<Point X = "318" Y = "198" T = "0" Pressure = "0" />
		<Point X = "317" Y = "198" T = "0" Pressure = "0" />
		<Point X = "316" Y = "198" T = "0" Pressure = "0" />
		<Point X = "315" Y = "198" T = "0" Pressure = "0" />
	</Stroke>
</Gesture>
