<?xml version="1.0" encoding="utf-8" standalone="yes"?>
<Gesture Name = "b">
	<Stroke>
		<Point X = "58" Y = "133" T = "0" Pressure = "0" />
		<Point X = "58" Y = "135" T = "0" Pressure = "0" />
		<Point X = "58" Y = "136" T = "0" Pressure = "0" />
		<Point X = "58" Y = "139" T = "0" Pressure = "0" />
		<Point X = "59" Y = "142" T = "0" Pressure = "0" />
		<Point X = "59" Y = "145" T = "0" Pressure = "0" />
		<Point X = "59" Y = "149" T = "0" Pressure = "0" />
		<Point X = "59" Y = "153" T = "0" Pressure = "0" />
		<Point X = "59" Y = "160" T = "0" Pressure = "0" />
		<Point X = "59" Y = "165" T = "0" Pressure = "0" />
		<Point X = "59" Y = "171" T = "0" Pressure = "0" />
		<Point X = "59" Y = "178" T = "0" Pressure = "0" />
		<Point X = "59" Y = "185" T = "0" Pressure = "0" />
		<Point X = "56" Y = "195" T = "0" Pressure = "0" />
		<Point X = "56" Y = "202" T = "0" Pressure = "0" />
		<Point X = "56" Y = "207" T = "0" Pressure = "0" />
		<Point X = "56" Y = "210" T = "0" Pressure = "0" />
		<Point X = "56" Y = "212" T = "0" Pressure = "0" />
		<Point X = "56" Y = "213" T = "0" Pressure = "0" />
		<Point X = "56" Y = "215" T = "0" Pressure = "0" />
		<Point X = "57" Y = "216" T = "0" Pressure = "0" />
		<Point X = "57" Y = "217" T = "0" Pressure = "0" />
		<Point X = "57" Y = "219" T = "0" Pressure = "0" />
		<Point X = "57" Y = "220" T = "0" Pressure = "0" />
		<Point X = "57" Y = "222" T = "0" Pressure = "0" />
		<Point X = "57" Y = "224" T = "0" Pressure = "0" />
		<Point X = "57" Y = "226" T = "0" Pressure = "0" />
		<Point X = "57" Y = "227" T = "0" Pressure = "0" />
		<Point X = "57" Y = "229" T = "0" Pressure = "0" />
		<Point X = "57" Y = "232" T = "0" Pressure = "0" />
		<Point X = "57" Y = "235" T = "0" Pressure = "0" />
		<Point X = "57" Y = "237" T = "0" Pressure = "0" />
		<Point X = "60" Y = "242" T = "0" Pressure = "0" />
		<Point X = "60" Y = "244" T = "0" Pressure = "0" />
		<Point X = "61" Y = "248" T = "0" Pressure = "0" />
		<Point X = "61" Y = "250" T = "0" Pressure = "0" />
		<Point X = "61" Y = "251" T = "0" Pressure = "0" />
		<Point X = "62" Y = "253" T = "0" Pressure = "0" />
		<Point X = "62" Y = "256" T = "0" Pressure = "0" />
		<Point X = "63" Y = "257" T = "0" Pressure = "0" />
		<Point X = "64" Y = "259" T = "0" Pressure = "0" />
		<Point X = "65" Y = "262" T = "0" Pressure = "0" />
		<Point X = "65" Y = "265" T = "0" Pressure = "0" />
		<Point X = "65" Y = "268" T = "0" Pressure = "0" />
		<Point X = "65" Y = "271" T = "0" Pressure = "0" />
		<Point X = "65" Y = "273" T = "0" Pressure = "0" />
		<Point X = "67" Y = "278" T = "0" Pressure = "0" />
		<Point X = "67" Y = "279" T = "0" Pressure = "0" />
		<Point X = "68" Y = "281" T = "0" Pressure = "0" />
		<Point X = "68" Y = "282" T = "0" Pressure = "0" />
		<Point X = "69" Y = "283" T = "0" Pressure = "0" />
		<Point X = "69" Y = "284" T = "0" Pressure = "0" />
		<Point X = "69" Y = "285" T = "0" Pressure = "0" />
		<Point X = "71" Y = "288" T = "0" Pressure = "0" />
		<Point X = "72" Y = "288" T = "0" Pressure = "0" />
		<Point X = "73" Y = "289" T = "0" Pressure = "0" />
		<Point X = "74" Y = "290" T = "0" Pressure = "0" />
		<Point X = "75" Y = "290" T = "0" Pressure = "0" />
		<Point X = "75" Y = "291" T = "0" Pressure = "0" />
		<Point X = "77" Y = "291" T = "0" Pressure = "0" />
		<Point X = "78" Y = "291" T = "0" Pressure = "0" />
		<Point X = "80" Y = "291" T = "0" Pressure = "0" />
		<Point X = "81" Y = "291" T = "0" Pressure = "0" />
		<Point X = "83" Y = "291" T = "0" Pressure = "0" />
		<Point X = "85" Y = "291" T = "0" Pressure = "0" />
		<Point X = "87" Y = "291" T = "0" Pressure = "0" />
		<Point X = "88" Y = "291" T = "0" Pressure = "0" />
		<Point X = "92" Y = "291" T = "0" Pressure = "0" />
		<Point X = "93" Y = "288" T = "0" Pressure = "0" />
		<Point X = "96" Y = "286" T = "0" Pressure = "0" />
		<Point X = "98" Y = "283" T = "0" Pressure = "0" />
		<Point X = "99" Y = "281" T = "0" Pressure = "0" />
		<Point X = "100" Y = "280" T = "0" Pressure = "0" />
		<Point X = "100" Y = "278" T = "0" Pressure = "0" />
		<Point X = "102" Y = "276" T = "0" Pressure = "0" />
		<Point X = "102" Y = "275" T = "0" Pressure = "0" />
		<Point X = "102" Y = "272" T = "0" Pressure = "0" />
		<Point X = "102" Y = "270" T = "0" Pressure = "0" />
		<Point X = "102" Y = "266" T = "0" Pressure = "0" />
		<Point X = "102" Y = "263" T = "0" Pressure = "0" />
		<Point X = "102" Y = "260" T = "0" Pressure = "0" />
		<Point X = "102" Y = "256" T = "0" Pressure = "0" />
		<Point X = "102" Y = "255" T = "0" Pressure = "0" />
		<Point X = "101" Y = "254" T = "0" Pressure = "0" />
		<Point X = "101" Y = "253" T = "0" Pressure = "0" />
		<Point X = "100" Y = "252" T = "0" Pressure = "0" />
		<Point X = "99" Y = "251" T = "0" Pressure = "0" />
		<Point X = "98" Y = "250" T = "0" Pressure = "0" />
		<Point X = "96" Y = "250" T = "0" Pressure = "0" />
		<Point X = "93" Y = "248" T = "0" Pressure = "0" />
		<Point X = "91" Y = "247" T = "0" Pressure = "0" />
		<Point X = "89" Y = "246" T = "0" Pressure = "0" />
		<Point X = "88" Y = "245" T = "0" Pressure = "0" />
		<Point X = "86" Y = "244" T = "0" Pressure = "0" />
		<Point X = "84" Y = "244" T = "0" Pressure = "0" />
		<Point X = "82" Y = "244" T = "0" Pressure = "0" />
		<Point X = "81" Y = "244" T = "0" Pressure = "0" />
		<Point X = "79" Y = "244" T = "0" Pressure = "0" />
		<Point X = "78" Y = "244" T = "0" Pressure = "0" />
		<Point X = "77" Y = "244" T = "0" Pressure = "0" />
		<Point X = "76" Y = "244" T = "0" Pressure = "0" />
		<Point X = "74" Y = "244" T = "0" Pressure = "0" />
		<Point X = "72" Y = "244" T = "0" Pressure = "0" />
		<Point X = "71" Y = "244" T = "0" Pressure = "0" />
		<Point X = "70" Y = "244" T = "0" Pressure = "0" />
		<Point X = "69" Y = "244" T = "0" Pressure = "0" />
		<Point X = "68" Y = "244" T = "0" Pressure = "0" />
		<Point X = "67" Y = "244" T = "0" Pressure = "0" />
		<Point X = "66" Y = "244" T = "0" Pressure = "0" />
		<Point X = "65" Y = "244" T = "0" Pressure = "0" />
		<Point X = "64" Y = "244" T = "0" Pressure = "0" />
		<Point X = "63" Y = "244" T = "0" Pressure = "0" />
		<Point X = "62" Y = "244" T = "0" Pressure = "0" />
		<Point X = "61" Y = "244" T = "0" Pressure = "0" />
	</Stroke>
</Gesture>
