<?xml version="1.0" encoding="utf-8" standalone="yes"?>
<Gesture Name = "b">
	<Stroke>
		<Point X = "21" Y = "31" T = "0" Pressure = "0" />
		<Point X = "21" Y = "32" T = "0" Pressure = "0" />
		<Point X = "21" Y = "35" T = "0" Pressure = "0" />
		<Point X = "21" Y = "37" T = "0" Pressure = "0" />
		<Point X = "21" Y = "38" T = "0" Pressure = "0" />
		<Point X = "21" Y = "41" T = "0" Pressure = "0" />
		<Point X = "21" Y = "45" T = "0" Pressure = "0" />
		<Point X = "21" Y = "48" T = "0" Pressure = "0" />
		<Point X = "21" Y = "52" T = "0" Pressure = "0" />
		<Point X = "21" Y = "57" T = "0" Pressure = "0" />
		<Point X = "21" Y = "60" T = "0" Pressure = "0" />
		<Point X = "21" Y = "64" T = "0" Pressure = "0" />
		<Point X = "21" Y = "66" T = "0" Pressure = "0" />
		<Point X = "21" Y = "68" T = "0" Pressure = "0" />
		<Point X = "21" Y = "71" T = "0" Pressure = "0" />
		<Point X = "22" Y = "72" T = "0" Pressure = "0" />
		<Point X = "22" Y = "75" T = "0" Pressure = "0" />
		<Point X = "22" Y = "76" T = "0" Pressure = "0" />
		<Point X = "22" Y = "78" T = "0" Pressure = "0" />
		<Point X = "23" Y = "79" T = "0" Pressure = "0" />
		<Point X = "23" Y = "82" T = "0" Pressure = "0" />
		<Point X = "23" Y = "83" T = "0" Pressure = "0" />
		<Point X = "23" Y = "86" T = "0" Pressure = "0" />
		<Point X = "23" Y = "89" T = "0" Pressure = "0" />
		<Point X = "25" Y = "91" T = "0" Pressure = "0" />
		<Point X = "25" Y = "94" T = "0" Pressure = "0" />
		<Point X = "25" Y = "98" T = "0" Pressure = "0" />
		<Point X = "25" Y = "101" T = "0" Pressure = "0" />
		<Point X = "25" Y = "103" T = "0" Pressure = "0" />
		<Point X = "25" Y = "106" T = "0" Pressure = "0" />
		<Point X = "25" Y = "109" T = "0" Pressure = "0" />
		<Point X = "25" Y = "110" T = "0" Pressure = "0" />
		<Point X = "26" Y = "113" T = "0" Pressure = "0" />
		<Point X = "26" Y = "116" T = "0" Pressure = "0" />
		<Point X = "27" Y = "119" T = "0" Pressure = "0" />
		<Point X = "27" Y = "120" T = "0" Pressure = "0" />
		<Point X = "27" Y = "121" T = "0" Pressure = "0" />
		<Point X = "27" Y = "123" T = "0" Pressure = "0" />
		<Point X = "27" Y = "124" T = "0" Pressure = "0" />
		<Point X = "27" Y = "125" T = "0" Pressure = "0" />
		<Point X = "27" Y = "126" T = "0" Pressure = "0" />
		<Point X = "29" Y = "128" T = "0" Pressure = "0" />
		<Point X = "29" Y = "130" T = "0" Pressure = "0" />
		<Point X = "29" Y = "131" T = "0" Pressure = "0" />
		<Point X = "30" Y = "134" T = "0" Pressure = "0" />
		<Point X = "31" Y = "135" T = "0" Pressure = "0" />
		<Point X = "32" Y = "138" T = "0" Pressure = "0" />
		<Point X = "33" Y = "140" T = "0" Pressure = "0" />
		<Point X = "34" Y = "143" T = "0" Pressure = "0" />
		<Point X = "34" Y = "145" T = "0" Pressure = "0" />
		<Point X = "35" Y = "146" T = "0" Pressure = "0" />
		<Point X = "35" Y = "147" T = "0" Pressure = "0" />
		<Point X = "37" Y = "148" T = "0" Pressure = "0" />
		<Point X = "37" Y = "149" T = "0" Pressure = "0" />
		<Point X = "38" Y = "150" T = "0" Pressure = "0" />
		<Point X = "40" Y = "152" T = "0" Pressure = "0" />
		<Point X = "42" Y = "152" T = "0" Pressure = "0" />
		<Point X = "43" Y = "152" T = "0" Pressure = "0" />
		<Point X = "45" Y = "152" T = "0" Pressure = "0" />
		<Point X = "46" Y = "152" T = "0" Pressure = "0" />
		<Point X = "47" Y = "152" T = "0" Pressure = "0" />
		<Point X = "48" Y = "152" T = "0" Pressure = "0" />
		<Point X = "49" Y = "152" T = "0" Pressure = "0" />
		<Point X = "50" Y = "152" T = "0" Pressure = "0" />
		<Point X = "52" Y = "152" T = "0" Pressure = "0" />
		<Point X = "53" Y = "152" T = "0" Pressure = "0" />
		<Point X = "54" Y = "152" T = "0" Pressure = "0" />
		<Point X = "56" Y = "151" T = "0" Pressure = "0" />
		<Point X = "57" Y = "151" T = "0" Pressure = "0" />
		<Point X = "59" Y = "150" T = "0" Pressure = "0" />
		<Point X = "60" Y = "150" T = "0" Pressure = "0" />
		<Point X = "62" Y = "148" T = "0" Pressure = "0" />
		<Point X = "63" Y = "148" T = "0" Pressure = "0" />
		<Point X = "64" Y = "147" T = "0" Pressure = "0" />
		<Point X = "64" Y = "146" T = "0" Pressure = "0" />
		<Point X = "64" Y = "145" T = "0" Pressure = "0" />
		<Point X = "64" Y = "143" T = "0" Pressure = "0" />
		<Point X = "64" Y = "142" T = "0" Pressure = "0" />
		<Point X = "64" Y = "140" T = "0" Pressure = "0" />
		<Point X = "64" Y = "139" T = "0" Pressure = "0" />
		<Point X = "65" Y = "138" T = "0" Pressure = "0" />
		<Point X = "65" Y = "137" T = "0" Pressure = "0" />
		<Point X = "66" Y = "136" T = "0" Pressure = "0" />
		<Point X = "66" Y = "135" T = "0" Pressure = "0" />
		<Point X = "66" Y = "133" T = "0" Pressure = "0" />
		<Point X = "66" Y = "132" T = "0" Pressure = "0" />
		<Point X = "66" Y = "131" T = "0" Pressure = "0" />
		<Point X = "66" Y = "130" T = "0" Pressure = "0" />
		<Point X = "66" Y = "129" T = "0" Pressure = "0" />
		<Point X = "66" Y = "128" T = "0" Pressure = "0" />
		<Point X = "66" Y = "127" T = "0" Pressure = "0" />
		<Point X = "66" Y = "126" T = "0" Pressure = "0" />
		<Point X = "66" Y = "125" T = "0" Pressure = "0" />
		<Point X = "66" Y = "124" T = "0" Pressure = "0" />
		<Point X = "66" Y = "123" T = "0" Pressure = "0" />
		<Point X = "66" Y = "122" T = "0" Pressure = "0" />
		<Point X = "66" Y = "121" T = "0" Pressure = "0" />
		<Point X = "64" Y = "118" T = "0" Pressure = "0" />
		<Point X = "62" Y = "116" T = "0" Pressure = "0" />
		<Point X = "61" Y = "115" T = "0" Pressure = "0" />
		<Point X = "58" Y = "112" T = "0" Pressure = "0" />
		<Point X = "55" Y = "110" T = "0" Pressure = "0" />
		<Point X = "52" Y = "109" T = "0" Pressure = "0" />
		<Point X = "51" Y = "108" T = "0" Pressure = "0" />
		<Point X = "50" Y = "108" T = "0" Pressure = "0" />
		<Point X = "49" Y = "108" T = "0" Pressure = "0" />
		<Point X = "48" Y = "108" T = "0" Pressure = "0" />
		<Point X = "47" Y = "108" T = "0" Pressure = "0" />
		<Point X = "46" Y = "108" T = "0" Pressure = "0" />
		<Point X = "45" Y = "108" T = "0" Pressure = "0" />
		<Point X = "44" Y = "108" T = "0" Pressure = "0" />
		<Point X = "43" Y = "108" T = "0" Pressure = "0" />
		<Point X = "42" Y = "108" T = "0" Pressure = "0" />
		<Point X = "41" Y = "108" T = "0" Pressure = "0" />
		<Point X = "40" Y = "108" T = "0" Pressure = "0" />
		<Point X = "39" Y = "108" T = "0" Pressure = "0" />
		<Point X = "38" Y = "108" T = "0" Pressure = "0" />
		<Point X = "37" Y = "108" T = "0" Pressure = "0" />
		<Point X = "36" Y = "108" T = "0" Pressure = "0" />
		<Point X = "35" Y = "108" T = "0" Pressure = "0" />
		<Point X = "34" Y = "108" T = "0" Pressure = "0" />
		<Point X = "33" Y = "108" T = "0" Pressure = "0" />
		<Point X = "32" Y = "108" T = "0" Pressure = "0" />
		<Point X = "31" Y = "109" T = "0" Pressure = "0" />
		<Point X = "30" Y = "109" T = "0" Pressure = "0" />
		<Point X = "30" Y = "110" T = "0" Pressure = "0" />
		<Point X = "29" Y = "110" T = "0" Pressure = "0" />
		<Point X = "28" Y = "110" T = "0" Pressure = "0" />
	</Stroke>
</Gesture>
