<?xml version="1.0" encoding="utf-8" standalone="yes"?>
<Gesture Name = "b">
	<Stroke>
		<Point X = "312" Y = "85" T = "0" Pressure = "0" />
		<Point X = "312" Y = "87" T = "0" Pressure = "0" />
		<Point X = "312" Y = "88" T = "0" Pressure = "0" />
		<Point X = "312" Y = "89" T = "0" Pressure = "0" />
		<Point X = "312" Y = "90" T = "0" Pressure = "0" />
		<Point X = "312" Y = "91" T = "0" Pressure = "0" />
		<Point X = "312" Y = "92" T = "0" Pressure = "0" />
		<Point X = "312" Y = "94" T = "0" Pressure = "0" />
		<Point X = "312" Y = "97" T = "0" Pressure = "0" />
		<Point X = "312" Y = "102" T = "0" Pressure = "0" />
		<Point X = "312" Y = "106" T = "0" Pressure = "0" />
		<Point X = "312" Y = "110" T = "0" Pressure = "0" />
		<Point X = "312" Y = "116" T = "0" Pressure = "0" />
		<Point X = "312" Y = "120" T = "0" Pressure = "0" />
		<Point X = "312" Y = "124" T = "0" Pressure = "0" />
		<Point X = "312" Y = "127" T = "0" Pressure = "0" />
		<Point X = "311" Y = "130" T = "0" Pressure = "0" />
		<Point X = "311" Y = "133" T = "0" Pressure = "0" />
		<Point X = "311" Y = "136" T = "0" Pressure = "0" />
		<Point X = "310" Y = "139" T = "0" Pressure = "0" />
		<Point X = "310" Y = "142" T = "0" Pressure = "0" />
		<Point X = "310" Y = "146" T = "0" Pressure = "0" />
		<Point X = "310" Y = "150" T = "0" Pressure = "0" />
		<Point X = "310" Y = "156" T = "0" Pressure = "0" />
		<Point X = "310" Y = "161" T = "0" Pressure = "0" />
		<Point X = "310" Y = "168" T = "0" Pressure = "0" />
		<Point X = "310" Y = "172" T = "0" Pressure = "0" />
		<Point X = "310" Y = "174" T = "0" Pressure = "0" />
		<Point X = "310" Y = "181" T = "0" Pressure = "0" />
		<Point X = "309" Y = "183" T = "0" Pressure = "0" />
		<Point X = "308" Y = "184" T = "0" Pressure = "0" />
		<Point X = "308" Y = "186" T = "0" Pressure = "0" />
		<Point X = "308" Y = "187" T = "0" Pressure = "0" />
		<Point X = "307" Y = "188" T = "0" Pressure = "0" />
		<Point X = "307" Y = "190" T = "0" Pressure = "0" />
		<Point X = "307" Y = "192" T = "0" Pressure = "0" />
		<Point X = "307" Y = "193" T = "0" Pressure = "0" />
		<Point X = "306" Y = "196" T = "0" Pressure = "0" />
		<Point X = "306" Y = "199" T = "0" Pressure = "0" />
		<Point X = "306" Y = "201" T = "0" Pressure = "0" />
		<Point X = "306" Y = "203" T = "0" Pressure = "0" />
		<Point X = "305" Y = "207" T = "0" Pressure = "0" />
		<Point X = "305" Y = "208" T = "0" Pressure = "0" />
		<Point X = "305" Y = "210" T = "0" Pressure = "0" />
		<Point X = "305" Y = "211" T = "0" Pressure = "0" />
		<Point X = "305" Y = "212" T = "0" Pressure = "0" />
		<Point X = "305" Y = "215" T = "0" Pressure = "0" />
		<Point X = "305" Y = "217" T = "0" Pressure = "0" />
		<Point X = "305" Y = "218" T = "0" Pressure = "0" />
		<Point X = "305" Y = "220" T = "0" Pressure = "0" />
		<Point X = "305" Y = "221" T = "0" Pressure = "0" />
		<Point X = "305" Y = "223" T = "0" Pressure = "0" />
		<Point X = "305" Y = "225" T = "0" Pressure = "0" />
		<Point X = "305" Y = "228" T = "0" Pressure = "0" />
		<Point X = "305" Y = "229" T = "0" Pressure = "0" />
		<Point X = "305" Y = "233" T = "0" Pressure = "0" />
		<Point X = "305" Y = "236" T = "0" Pressure = "0" />
		<Point X = "305" Y = "238" T = "0" Pressure = "0" />
		<Point X = "305" Y = "241" T = "0" Pressure = "0" />
		<Point X = "305" Y = "243" T = "0" Pressure = "0" />
		<Point X = "306" Y = "244" T = "0" Pressure = "0" />
		<Point X = "308" Y = "247" T = "0" Pressure = "0" />
		<Point X = "308" Y = "250" T = "0" Pressure = "0" />
		<Point X = "308" Y = "252" T = "0" Pressure = "0" />
		<Point X = "309" Y = "254" T = "0" Pressure = "0" />
		<Point X = "312" Y = "257" T = "0" Pressure = "0" />
		<Point X = "312" Y = "259" T = "0" Pressure = "0" />
		<Point X = "313" Y = "261" T = "0" Pressure = "0" />
		<Point X = "314" Y = "263" T = "0" Pressure = "0" />
		<Point X = "316" Y = "267" T = "0" Pressure = "0" />
		<Point X = "318" Y = "268" T = "0" Pressure = "0" />
		<Point X = "320" Y = "271" T = "0" Pressure = "0" />
		<Point X = "321" Y = "271" T = "0" Pressure = "0" />
		<Point X = "322" Y = "273" T = "0" Pressure = "0" />
		<Point X = "323" Y = "274" T = "0" Pressure = "0" />
		<Point X = "325" Y = "275" T = "0" Pressure = "0" />
		<Point X = "327" Y = "275" T = "0" Pressure = "0" />
		<Point X = "330" Y = "277" T = "0" Pressure = "0" />
		<Point X = "331" Y = "277" T = "0" Pressure = "0" />
		<Point X = "333" Y = "277" T = "0" Pressure = "0" />
		<Point X = "336" Y = "277" T = "0" Pressure = "0" />
		<Point X = "337" Y = "277" T = "0" Pressure = "0" />
		<Point X = "340" Y = "277" T = "0" Pressure = "0" />
		<Point X = "343" Y = "277" T = "0" Pressure = "0" />
		<Point X = "345" Y = "277" T = "0" Pressure = "0" />
		<Point X = "347" Y = "277" T = "0" Pressure = "0" />
		<Point X = "349" Y = "277" T = "0" Pressure = "0" />
		<Point X = "351" Y = "277" T = "0" Pressure = "0" />
		<Point X = "354" Y = "277" T = "0" Pressure = "0" />
		<Point X = "356" Y = "276" T = "0" Pressure = "0" />
		<Point X = "359" Y = "274" T = "0" Pressure = "0" />
		<Point X = "360" Y = "272" T = "0" Pressure = "0" />
		<Point X = "364" Y = "269" T = "0" Pressure = "0" />
		<Point X = "365" Y = "266" T = "0" Pressure = "0" />
		<Point X = "368" Y = "264" T = "0" Pressure = "0" />
		<Point X = "369" Y = "262" T = "0" Pressure = "0" />
		<Point X = "371" Y = "260" T = "0" Pressure = "0" />
		<Point X = "375" Y = "259" T = "0" Pressure = "0" />
		<Point X = "377" Y = "257" T = "0" Pressure = "0" />
		<Point X = "378" Y = "256" T = "0" Pressure = "0" />
		<Point X = "378" Y = "255" T = "0" Pressure = "0" />
		<Point X = "378" Y = "254" T = "0" Pressure = "0" />
		<Point X = "378" Y = "252" T = "0" Pressure = "0" />
		<Point X = "378" Y = "250" T = "0" Pressure = "0" />
		<Point X = "377" Y = "248" T = "0" Pressure = "0" />
		<Point X = "374" Y = "246" T = "0" Pressure = "0" />
		<Point X = "371" Y = "244" T = "0" Pressure = "0" />
		<Point X = "369" Y = "242" T = "0" Pressure = "0" />
		<Point X = "367" Y = "239" T = "0" Pressure = "0" />
		<Point X = "365" Y = "236" T = "0" Pressure = "0" />
		<Point X = "363" Y = "234" T = "0" Pressure = "0" />
		<Point X = "362" Y = "231" T = "0" Pressure = "0" />
		<Point X = "360" Y = "229" T = "0" Pressure = "0" />
		<Point X = "358" Y = "228" T = "0" Pressure = "0" />
		<Point X = "357" Y = "227" T = "0" Pressure = "0" />
		<Point X = "355" Y = "226" T = "0" Pressure = "0" />
		<Point X = "352" Y = "225" T = "0" Pressure = "0" />
		<Point X = "351" Y = "223" T = "0" Pressure = "0" />
		<Point X = "348" Y = "222" T = "0" Pressure = "0" />
		<Point X = "346" Y = "220" T = "0" Pressure = "0" />
		<Point X = "345" Y = "220" T = "0" Pressure = "0" />
		<Point X = "345" Y = "219" T = "0" Pressure = "0" />
		<Point X = "344" Y = "219" T = "0" Pressure = "0" />
		<Point X = "342" Y = "219" T = "0" Pressure = "0" />
		<Point X = "340" Y = "218" T = "0" Pressure = "0" />
		<Point X = "339" Y = "218" T = "0" Pressure = "0" />
		<Point X = "338" Y = "217" T = "0" Pressure = "0" />
		<Point X = "336" Y = "216" T = "0" Pressure = "0" />
		<Point X = "335" Y = "216" T = "0" Pressure = "0" />
		<Point X = "334" Y = "216" T = "0" Pressure = "0" />
		<Point X = "332" Y = "216" T = "0" Pressure = "0" />
		<Point X = "331" Y = "216" T = "0" Pressure = "0" />
		<Point X = "329" Y = "216" T = "0" Pressure = "0" />
		<Point X = "328" Y = "216" T = "0" Pressure = "0" />
		<Point X = "326" Y = "216" T = "0" Pressure = "0" />
		<Point X = "325" Y = "216" T = "0" Pressure = "0" />
		<Point X = "324" Y = "216" T = "0" Pressure = "0" />
		<Point X = "323" Y = "216" T = "0" Pressure = "0" />
		<Point X = "322" Y = "216" T = "0" Pressure = "0" />
		<Point X = "321" Y = "216" T = "0" Pressure = "0" />
		<Point X = "320" Y = "216" T = "0" Pressure = "0" />
		<Point X = "319" Y = "216" T = "0" Pressure = "0" />
		<Point X = "318" Y = "216" T = "0" Pressure = "0" />
		<Point X = "317" Y = "216" T = "0" Pressure = "0" />
		<Point X = "316" Y = "216" T = "0" Pressure = "0" />
		<Point X = "315" Y = "216" T = "0" Pressure = "0" />
		<Point X = "314" Y = "216" T = "0" Pressure = "0" />
		<Point X = "313" Y = "216" T = "0" Pressure = "0" />
		<Point X = "312" Y = "216" T = "0" Pressure = "0" />
		<Point X = "311" Y = "216" T = "0" Pressure = "0" />
		<Point X = "310" Y = "216" T = "0" Pressure = "0" />
		<Point X = "309" Y = "216" T = "0" Pressure = "0" />
		<Point X = "309" Y = "217" T = "0" Pressure = "0" />
		<Point X = "308" Y = "217" T = "0" Pressure = "0" />
		<Point X = "307" Y = "217" T = "0" Pressure = "0" />
		<Point X = "305" Y = "217" T = "0" Pressure = "0" />
		<Point X = "304" Y = "217" T = "0" Pressure = "0" />
		<Point X = "303" Y = "217" T = "0" Pressure = "0" />
	</Stroke>
</Gesture>
