<?xml version="1.0" encoding="utf-8" standalone="yes"?>
<Gesture Name = "b">
	<Stroke>
		<Point X = "282" Y = "68" T = "0" Pressure = "0" />
		<Point X = "282" Y = "69" T = "0" Pressure = "0" />
		<Point X = "282" Y = "70" T = "0" Pressure = "0" />
		<Point X = "282" Y = "71" T = "0" Pressure = "0" />
		<Point X = "282" Y = "74" T = "0" Pressure = "0" />
		<Point X = "282" Y = "75" T = "0" Pressure = "0" />
		<Point X = "282" Y = "77" T = "0" Pressure = "0" />
		<Point X = "282" Y = "78" T = "0" Pressure = "0" />
		<Point X = "281" Y = "82" T = "0" Pressure = "0" />
		<Point X = "280" Y = "82" T = "0" Pressure = "0" />
		<Point X = "280" Y = "85" T = "0" Pressure = "0" />
		<Point X = "280" Y = "86" T = "0" Pressure = "0" />
		<Point X = "280" Y = "88" T = "0" Pressure = "0" />
		<Point X = "280" Y = "91" T = "0" Pressure = "0" />
		<Point X = "279" Y = "93" T = "0" Pressure = "0" />
		<Point X = "278" Y = "96" T = "0" Pressure = "0" />
		<Point X = "278" Y = "97" T = "0" Pressure = "0" />
		<Point X = "277" Y = "100" T = "0" Pressure = "0" />
		<Point X = "277" Y = "101" T = "0" Pressure = "0" />
		<Point X = "277" Y = "104" T = "0" Pressure = "0" />
		<Point X = "277" Y = "105" T = "0" Pressure = "0" />
		<Point X = "277" Y = "107" T = "0" Pressure = "0" />
		<Point X = "277" Y = "110" T = "0" Pressure = "0" />
		<Point X = "277" Y = "111" T = "0" Pressure = "0" />
		<Point X = "277" Y = "113" T = "0" Pressure = "0" />
		<Point X = "277" Y = "114" T = "0" Pressure = "0" />
		<Point X = "277" Y = "117" T = "0" Pressure = "0" />
		<Point X = "277" Y = "118" T = "0" Pressure = "0" />
		<Point X = "277" Y = "120" T = "0" Pressure = "0" />
		<Point X = "277" Y = "121" T = "0" Pressure = "0" />
		<Point X = "277" Y = "122" T = "0" Pressure = "0" />
		<Point X = "276" Y = "124" T = "0" Pressure = "0" />
		<Point X = "276" Y = "127" T = "0" Pressure = "0" />
		<Point X = "276" Y = "128" T = "0" Pressure = "0" />
		<Point X = "275" Y = "132" T = "0" Pressure = "0" />
		<Point X = "275" Y = "135" T = "0" Pressure = "0" />
		<Point X = "275" Y = "136" T = "0" Pressure = "0" />
		<Point X = "274" Y = "139" T = "0" Pressure = "0" />
		<Point X = "274" Y = "140" T = "0" Pressure = "0" />
		<Point X = "274" Y = "143" T = "0" Pressure = "0" />
		<Point X = "274" Y = "145" T = "0" Pressure = "0" />
		<Point X = "274" Y = "147" T = "0" Pressure = "0" />
		<Point X = "274" Y = "149" T = "0" Pressure = "0" />
		<Point X = "274" Y = "152" T = "0" Pressure = "0" />
		<Point X = "273" Y = "155" T = "0" Pressure = "0" />
		<Point X = "273" Y = "157" T = "0" Pressure = "0" />
		<Point X = "273" Y = "160" T = "0" Pressure = "0" />
		<Point X = "273" Y = "161" T = "0" Pressure = "0" />
		<Point X = "272" Y = "162" T = "0" Pressure = "0" />
		<Point X = "272" Y = "164" T = "0" Pressure = "0" />
		<Point X = "272" Y = "165" T = "0" Pressure = "0" />
		<Point X = "272" Y = "167" T = "0" Pressure = "0" />
		<Point X = "271" Y = "169" T = "0" Pressure = "0" />
		<Point X = "271" Y = "171" T = "0" Pressure = "0" />
		<Point X = "271" Y = "172" T = "0" Pressure = "0" />
		<Point X = "271" Y = "173" T = "0" Pressure = "0" />
		<Point X = "271" Y = "174" T = "0" Pressure = "0" />
		<Point X = "271" Y = "175" T = "0" Pressure = "0" />
		<Point X = "271" Y = "177" T = "0" Pressure = "0" />
		<Point X = "271" Y = "178" T = "0" Pressure = "0" />
		<Point X = "271" Y = "181" T = "0" Pressure = "0" />
		<Point X = "271" Y = "182" T = "0" Pressure = "0" />
		<Point X = "271" Y = "184" T = "0" Pressure = "0" />
		<Point X = "271" Y = "185" T = "0" Pressure = "0" />
		<Point X = "269" Y = "189" T = "0" Pressure = "0" />
		<Point X = "269" Y = "190" T = "0" Pressure = "0" />
		<Point X = "269" Y = "192" T = "0" Pressure = "0" />
		<Point X = "268" Y = "195" T = "0" Pressure = "0" />
		<Point X = "268" Y = "196" T = "0" Pressure = "0" />
		<Point X = "268" Y = "198" T = "0" Pressure = "0" />
		<Point X = "268" Y = "199" T = "0" Pressure = "0" />
		<Point X = "268" Y = "202" T = "0" Pressure = "0" />
		<Point X = "268" Y = "204" T = "0" Pressure = "0" />
		<Point X = "268" Y = "205" T = "0" Pressure = "0" />
		<Point X = "268" Y = "208" T = "0" Pressure = "0" />
		<Point X = "268" Y = "210" T = "0" Pressure = "0" />
		<Point X = "268" Y = "212" T = "0" Pressure = "0" />
		<Point X = "268" Y = "213" T = "0" Pressure = "0" />
		<Point X = "268" Y = "215" T = "0" Pressure = "0" />
		<Point X = "268" Y = "217" T = "0" Pressure = "0" />
		<Point X = "268" Y = "219" T = "0" Pressure = "0" />
		<Point X = "268" Y = "220" T = "0" Pressure = "0" />
		<Point X = "268" Y = "222" T = "0" Pressure = "0" />
		<Point X = "268" Y = "223" T = "0" Pressure = "0" />
		<Point X = "268" Y = "225" T = "0" Pressure = "0" />
		<Point X = "268" Y = "226" T = "0" Pressure = "0" />
		<Point X = "269" Y = "227" T = "0" Pressure = "0" />
		<Point X = "269" Y = "229" T = "0" Pressure = "0" />
		<Point X = "269" Y = "232" T = "0" Pressure = "0" />
		<Point X = "269" Y = "233" T = "0" Pressure = "0" />
		<Point X = "270" Y = "234" T = "0" Pressure = "0" />
		<Point X = "271" Y = "238" T = "0" Pressure = "0" />
		<Point X = "272" Y = "239" T = "0" Pressure = "0" />
		<Point X = "272" Y = "240" T = "0" Pressure = "0" />
		<Point X = "272" Y = "241" T = "0" Pressure = "0" />
		<Point X = "273" Y = "244" T = "0" Pressure = "0" />
		<Point X = "275" Y = "246" T = "0" Pressure = "0" />
		<Point X = "276" Y = "248" T = "0" Pressure = "0" />
		<Point X = "276" Y = "251" T = "0" Pressure = "0" />
		<Point X = "279" Y = "253" T = "0" Pressure = "0" />
		<Point X = "280" Y = "255" T = "0" Pressure = "0" />
		<Point X = "281" Y = "257" T = "0" Pressure = "0" />
		<Point X = "283" Y = "259" T = "0" Pressure = "0" />
		<Point X = "284" Y = "260" T = "0" Pressure = "0" />
		<Point X = "285" Y = "260" T = "0" Pressure = "0" />
		<Point X = "286" Y = "261" T = "0" Pressure = "0" />
		<Point X = "286" Y = "262" T = "0" Pressure = "0" />
		<Point X = "287" Y = "262" T = "0" Pressure = "0" />
		<Point X = "287" Y = "263" T = "0" Pressure = "0" />
		<Point X = "288" Y = "263" T = "0" Pressure = "0" />
		<Point X = "289" Y = "263" T = "0" Pressure = "0" />
		<Point X = "290" Y = "263" T = "0" Pressure = "0" />
		<Point X = "293" Y = "263" T = "0" Pressure = "0" />
		<Point X = "295" Y = "263" T = "0" Pressure = "0" />
		<Point X = "298" Y = "263" T = "0" Pressure = "0" />
		<Point X = "300" Y = "263" T = "0" Pressure = "0" />
		<Point X = "304" Y = "265" T = "0" Pressure = "0" />
		<Point X = "307" Y = "265" T = "0" Pressure = "0" />
		<Point X = "308" Y = "265" T = "0" Pressure = "0" />
		<Point X = "311" Y = "265" T = "0" Pressure = "0" />
		<Point X = "314" Y = "265" T = "0" Pressure = "0" />
		<Point X = "315" Y = "265" T = "0" Pressure = "0" />
		<Point X = "318" Y = "265" T = "0" Pressure = "0" />
		<Point X = "321" Y = "265" T = "0" Pressure = "0" />
		<Point X = "322" Y = "265" T = "0" Pressure = "0" />
		<Point X = "325" Y = "265" T = "0" Pressure = "0" />
		<Point X = "326" Y = "265" T = "0" Pressure = "0" />
		<Point X = "327" Y = "265" T = "0" Pressure = "0" />
		<Point X = "328" Y = "265" T = "0" Pressure = "0" />
		<Point X = "329" Y = "265" T = "0" Pressure = "0" />
		<Point X = "330" Y = "265" T = "0" Pressure = "0" />
		<Point X = "332" Y = "265" T = "0" Pressure = "0" />
		<Point X = "333" Y = "265" T = "0" Pressure = "0" />
		<Point X = "334" Y = "265" T = "0" Pressure = "0" />
		<Point X = "335" Y = "265" T = "0" Pressure = "0" />
		<Point X = "336" Y = "265" T = "0" Pressure = "0" />
		<Point X = "337" Y = "265" T = "0" Pressure = "0" />
		<Point X = "338" Y = "265" T = "0" Pressure = "0" />
		<Point X = "338" Y = "264" T = "0" Pressure = "0" />
		<Point X = "340" Y = "262" T = "0" Pressure = "0" />
		<Point X = "342" Y = "261" T = "0" Pressure = "0" />
		<Point X = "344" Y = "260" T = "0" Pressure = "0" />
		<Point X = "346" Y = "258" T = "0" Pressure = "0" />
		<Point X = "347" Y = "257" T = "0" Pressure = "0" />
		<Point X = "349" Y = "256" T = "0" Pressure = "0" />
		<Point X = "349" Y = "255" T = "0" Pressure = "0" />
		<Point X = "349" Y = "253" T = "0" Pressure = "0" />
		<Point X = "350" Y = "251" T = "0" Pressure = "0" />
		<Point X = "350" Y = "249" T = "0" Pressure = "0" />
		<Point X = "351" Y = "248" T = "0" Pressure = "0" />
		<Point X = "352" Y = "245" T = "0" Pressure = "0" />
		<Point X = "352" Y = "244" T = "0" Pressure = "0" />
		<Point X = "352" Y = "243" T = "0" Pressure = "0" />
		<Point X = "352" Y = "242" T = "0" Pressure = "0" />
		<Point X = "352" Y = "240" T = "0" Pressure = "0" />
		<Point X = "352" Y = "239" T = "0" Pressure = "0" />
		<Point X = "352" Y = "237" T = "0" Pressure = "0" />
		<Point X = "351" Y = "235" T = "0" Pressure = "0" />
		<Point X = "348" Y = "231" T = "0" Pressure = "0" />
		<Point X = "347" Y = "228" T = "0" Pressure = "0" />
		<Point X = "346" Y = "227" T = "0" Pressure = "0" />
		<Point X = "345" Y = "226" T = "0" Pressure = "0" />
		<Point X = "344" Y = "223" T = "0" Pressure = "0" />
		<Point X = "343" Y = "222" T = "0" Pressure = "0" />
		<Point X = "343" Y = "221" T = "0" Pressure = "0" />
		<Point X = "341" Y = "220" T = "0" Pressure = "0" />
		<Point X = "340" Y = "218" T = "0" Pressure = "0" />
		<Point X = "339" Y = "217" T = "0" Pressure = "0" />
		<Point X = "339" Y = "216" T = "0" Pressure = "0" />
		<Point X = "338" Y = "214" T = "0" Pressure = "0" />
		<Point X = "337" Y = "214" T = "0" Pressure = "0" />
		<Point X = "337" Y = "213" T = "0" Pressure = "0" />
		<Point X = "336" Y = "212" T = "0" Pressure = "0" />
		<Point X = "335" Y = "211" T = "0" Pressure = "0" />
		<Point X = "334" Y = "210" T = "0" Pressure = "0" />
		<Point X = "332" Y = "209" T = "0" Pressure = "0" />
		<Point X = "330" Y = "207" T = "0" Pressure = "0" />
		<Point X = "328" Y = "206" T = "0" Pressure = "0" />
		<Point X = "327" Y = "206" T = "0" Pressure = "0" />
		<Point X = "325" Y = "206" T = "0" Pressure = "0" />
		<Point X = "324" Y = "206" T = "0" Pressure = "0" />
		<Point X = "322" Y = "206" T = "0" Pressure = "0" />
		<Point X = "320" Y = "205" T = "0" Pressure = "0" />
		<Point X = "319" Y = "205" T = "0" Pressure = "0" />
		<Point X = "318" Y = "205" T = "0" Pressure = "0" />
		<Point X = "317" Y = "205" T = "0" Pressure = "0" />
		<Point X = "316" Y = "205" T = "0" Pressure = "0" />
		<Point X = "315" Y = "205" T = "0" Pressure = "0" />
		<Point X = "314" Y = "205" T = "0" Pressure = "0" />
		<Point X = "313" Y = "205" T = "0" Pressure = "0" />
		<Point X = "311" Y = "205" T = "0" Pressure = "0" />
		<Point X = "309" Y = "205" T = "0" Pressure = "0" />
		<Point X = "308" Y = "205" T = "0" Pressure = "0" />
		<Point X = "307" Y = "205" T = "0" Pressure = "0" />
		<Point X = "306" Y = "205" T = "0" Pressure = "0" />
		<Point X = "305" Y = "205" T = "0" Pressure = "0" />
		<Point X = "302" Y = "205" T = "0" Pressure = "0" />
		<Point X = "301" Y = "205" T = "0" Pressure = "0" />
		<Point X = "299" Y = "205" T = "0" Pressure = "0" />
		<Point X = "298" Y = "205" T = "0" Pressure = "0" />
		<Point X = "296" Y = "205" T = "0" Pressure = "0" />
		<Point X = "294" Y = "205" T = "0" Pressure = "0" />
		<Point X = "292" Y = "205" T = "0" Pressure = "0" />
		<Point X = "290" Y = "205" T = "0" Pressure = "0" />
		<Point X = "289" Y = "205" T = "0" Pressure = "0" />
		<Point X = "288" Y = "205" T = "0" Pressure = "0" />
		<Point X = "287" Y = "205" T = "0" Pressure = "0" />
		<Point X = "286" Y = "205" T = "0" Pressure = "0" />
		<Point X = "285" Y = "205" T = "0" Pressure = "0" />
		<Point X = "284" Y = "205" T = "0" Pressure = "0" />
		<Point X = "283" Y = "205" T = "0" Pressure = "0" />
		<Point X = "282" Y = "205" T = "0" Pressure = "0" />
		<Point X = "281" Y = "205" T = "0" Pressure = "0" />
		<Point X = "280" Y = "205" T = "0" Pressure = "0" />
		<Point X = "279" Y = "205" T = "0" Pressure = "0" />
		<Point X = "278" Y = "205" T = "0" Pressure = "0" />
		<Point X = "276" Y = "205" T = "0" Pressure = "0" />
		<Point X = "276" Y = "206" T = "0" Pressure = "0" />
		<Point X = "274" Y = "207" T = "0" Pressure = "0" />
		<Point X = "273" Y = "207" T = "0" Pressure = "0" />
		<Point X = "271" Y = "207" T = "0" Pressure = "0" />
		<Point X = "270" Y = "208" T = "0" Pressure = "0" />
	</Stroke>
</Gesture>
