<?xml version="1.0" encoding="utf-8" standalone="yes"?>
<Gesture Name = "b">
	<Stroke>
		<Point X = "317" Y = "66" T = "0" Pressure = "0" />
		<Point X = "317" Y = "67" T = "0" Pressure = "0" />
		<Point X = "317" Y = "70" T = "0" Pressure = "0" />
		<Point X = "317" Y = "73" T = "0" Pressure = "0" />
		<Point X = "317" Y = "75" T = "0" Pressure = "0" />
		<Point X = "317" Y = "78" T = "0" Pressure = "0" />
		<Point X = "317" Y = "83" T = "0" Pressure = "0" />
		<Point X = "317" Y = "90" T = "0" Pressure = "0" />
		<Point X = "317" Y = "94" T = "0" Pressure = "0" />
		<Point X = "316" Y = "99" T = "0" Pressure = "0" />
		<Point X = "314" Y = "107" T = "0" Pressure = "0" />
		<Point X = "313" Y = "114" T = "0" Pressure = "0" />
		<Point X = "312" Y = "121" T = "0" Pressure = "0" />
		<Point X = "311" Y = "130" T = "0" Pressure = "0" />
		<Point X = "310" Y = "137" T = "0" Pressure = "0" />
		<Point X = "309" Y = "142" T = "0" Pressure = "0" />
		<Point X = "308" Y = "151" T = "0" Pressure = "0" />
		<Point X = "307" Y = "156" T = "0" Pressure = "0" />
		<Point X = "306" Y = "163" T = "0" Pressure = "0" />
		<Point X = "306" Y = "172" T = "0" Pressure = "0" />
		<Point X = "306" Y = "177" T = "0" Pressure = "0" />
		<Point X = "306" Y = "185" T = "0" Pressure = "0" />
		<Point X = "306" Y = "190" T = "0" Pressure = "0" />
		<Point X = "306" Y = "195" T = "0" Pressure = "0" />
		<Point X = "306" Y = "199" T = "0" Pressure = "0" />
		<Point X = "306" Y = "203" T = "0" Pressure = "0" />
		<Point X = "305" Y = "207" T = "0" Pressure = "0" />
		<Point X = "305" Y = "210" T = "0" Pressure = "0" />
		<Point X = "305" Y = "214" T = "0" Pressure = "0" />
		<Point X = "305" Y = "216" T = "0" Pressure = "0" />
		<Point X = "305" Y = "218" T = "0" Pressure = "0" />
		<Point X = "305" Y = "221" T = "0" Pressure = "0" />
		<Point X = "305" Y = "223" T = "0" Pressure = "0" />
		<Point X = "305" Y = "227" T = "0" Pressure = "0" />
		<Point X = "305" Y = "229" T = "0" Pressure = "0" />
		<Point X = "305" Y = "231" T = "0" Pressure = "0" />
		<Point X = "305" Y = "234" T = "0" Pressure = "0" />
		<Point X = "305" Y = "238" T = "0" Pressure = "0" />
		<Point X = "305" Y = "241" T = "0" Pressure = "0" />
		<Point X = "305" Y = "245" T = "0" Pressure = "0" />
		<Point X = "305" Y = "249" T = "0" Pressure = "0" />
		<Point X = "305" Y = "251" T = "0" Pressure = "0" />
		<Point X = "305" Y = "254" T = "0" Pressure = "0" />
		<Point X = "305" Y = "257" T = "0" Pressure = "0" />
		<Point X = "305" Y = "261" T = "0" Pressure = "0" />
		<Point X = "305" Y = "262" T = "0" Pressure = "0" />
		<Point X = "306" Y = "266" T = "0" Pressure = "0" />
		<Point X = "309" Y = "269" T = "0" Pressure = "0" />
		<Point X = "309" Y = "270" T = "0" Pressure = "0" />
		<Point X = "310" Y = "271" T = "0" Pressure = "0" />
		<Point X = "313" Y = "273" T = "0" Pressure = "0" />
		<Point X = "315" Y = "273" T = "0" Pressure = "0" />
		<Point X = "318" Y = "273" T = "0" Pressure = "0" />
		<Point X = "321" Y = "274" T = "0" Pressure = "0" />
		<Point X = "323" Y = "274" T = "0" Pressure = "0" />
		<Point X = "326" Y = "274" T = "0" Pressure = "0" />
		<Point X = "328" Y = "274" T = "0" Pressure = "0" />
		<Point X = "331" Y = "274" T = "0" Pressure = "0" />
		<Point X = "335" Y = "275" T = "0" Pressure = "0" />
		<Point X = "339" Y = "275" T = "0" Pressure = "0" />
		<Point X = "343" Y = "278" T = "0" Pressure = "0" />
		<Point X = "344" Y = "278" T = "0" Pressure = "0" />
		<Point X = "347" Y = "279" T = "0" Pressure = "0" />
		<Point X = "348" Y = "281" T = "0" Pressure = "0" />
		<Point X = "349" Y = "281" T = "0" Pressure = "0" />
		<Point X = "351" Y = "281" T = "0" Pressure = "0" />
		<Point X = "351" Y = "280" T = "0" Pressure = "0" />
		<Point X = "353" Y = "278" T = "0" Pressure = "0" />
		<Point X = "355" Y = "276" T = "0" Pressure = "0" />
		<Point X = "356" Y = "274" T = "0" Pressure = "0" />
		<Point X = "358" Y = "272" T = "0" Pressure = "0" />
		<Point X = "358" Y = "270" T = "0" Pressure = "0" />
		<Point X = "359" Y = "266" T = "0" Pressure = "0" />
		<Point X = "359" Y = "263" T = "0" Pressure = "0" />
		<Point X = "359" Y = "260" T = "0" Pressure = "0" />
		<Point X = "359" Y = "258" T = "0" Pressure = "0" />
		<Point X = "359" Y = "255" T = "0" Pressure = "0" />
		<Point X = "359" Y = "252" T = "0" Pressure = "0" />
		<Point X = "359" Y = "251" T = "0" Pressure = "0" />
		<Point X = "359" Y = "248" T = "0" Pressure = "0" />
		<Point X = "359" Y = "245" T = "0" Pressure = "0" />
		<Point X = "359" Y = "244" T = "0" Pressure = "0" />
		<Point X = "359" Y = "242" T = "0" Pressure = "0" />
		<Point X = "359" Y = "240" T = "0" Pressure = "0" />
		<Point X = "359" Y = "237" T = "0" Pressure = "0" />
		<Point X = "358" Y = "236" T = "0" Pressure = "0" />
		<Point X = "357" Y = "233" T = "0" Pressure = "0" />
		<Point X = "355" Y = "231" T = "0" Pressure = "0" />
		<Point X = "353" Y = "229" T = "0" Pressure = "0" />
		<Point X = "350" Y = "226" T = "0" Pressure = "0" />
		<Point X = "346" Y = "223" T = "0" Pressure = "0" />
		<Point X = "344" Y = "221" T = "0" Pressure = "0" />
		<Point X = "339" Y = "219" T = "0" Pressure = "0" />
		<Point X = "337" Y = "216" T = "0" Pressure = "0" />
		<Point X = "336" Y = "216" T = "0" Pressure = "0" />
		<Point X = "333" Y = "215" T = "0" Pressure = "0" />
		<Point X = "332" Y = "215" T = "0" Pressure = "0" />
		<Point X = "330" Y = "215" T = "0" Pressure = "0" />
		<Point X = "329" Y = "215" T = "0" Pressure = "0" />
		<Point X = "326" Y = "215" T = "0" Pressure = "0" />
		<Point X = "324" Y = "215" T = "0" Pressure = "0" />
		<Point X = "322" Y = "215" T = "0" Pressure = "0" />
		<Point X = "319" Y = "215" T = "0" Pressure = "0" />
		<Point X = "318" Y = "215" T = "0" Pressure = "0" />
		<Point X = "317" Y = "215" T = "0" Pressure = "0" />
		<Point X = "316" Y = "215" T = "0" Pressure = "0" />
		<Point X = "315" Y = "215" T = "0" Pressure = "0" />
		<Point X = "313" Y = "215" T = "0" Pressure = "0" />
		<Point X = "312" Y = "215" T = "0" Pressure = "0" />
		<Point X = "310" Y = "216" T = "0" Pressure = "0" />
		<Point X = "309" Y = "217" T = "0" Pressure = "0" />
		<Point X = "308" Y = "218" T = "0" Pressure = "0" />
		<Point X = "307" Y = "219" T = "0" Pressure = "0" />
		<Point X = "306" Y = "220" T = "0" Pressure = "0" />
		<Point X = "305" Y = "220" T = "0" Pressure = "0" />
		<Point X = "304" Y = "221" T = "0" Pressure = "0" />
		<Point X = "303" Y = "222" T = "0" Pressure = "0" />
	</Stroke>
</Gesture>
