<?xml version="1.0" encoding="utf-8" standalone="yes"?>
<Gesture Name = "b">
	<Stroke>
		<Point X = "56" Y = "69" T = "0" Pressure = "0" />
		<Point X = "56" Y = "71" T = "0" Pressure = "0" />
		<Point X = "56" Y = "74" T = "0" Pressure = "0" />
		<Point X = "56" Y = "77" T = "0" Pressure = "0" />
		<Point X = "56" Y = "82" T = "0" Pressure = "0" />
		<Point X = "56" Y = "89" T = "0" Pressure = "0" />
		<Point X = "56" Y = "96" T = "0" Pressure = "0" />
		<Point X = "56" Y = "104" T = "0" Pressure = "0" />
		<Point X = "56" Y = "114" T = "0" Pressure = "0" />
		<Point X = "56" Y = "123" T = "0" Pressure = "0" />
		<Point X = "53" Y = "133" T = "0" Pressure = "0" />
		<Point X = "52" Y = "144" T = "0" Pressure = "0" />
		<Point X = "50" Y = "156" T = "0" Pressure = "0" />
		<Point X = "48" Y = "169" T = "0" Pressure = "0" />
		<Point X = "47" Y = "181" T = "0" Pressure = "0" />
		<Point X = "47" Y = "195" T = "0" Pressure = "0" />
		<Point X = "47" Y = "207" T = "0" Pressure = "0" />
		<Point X = "47" Y = "216" T = "0" Pressure = "0" />
		<Point X = "47" Y = "222" T = "0" Pressure = "0" />
		<Point X = "47" Y = "227" T = "0" Pressure = "0" />
		<Point X = "47" Y = "232" T = "0" Pressure = "0" />
		<Point X = "47" Y = "237" T = "0" Pressure = "0" />
		<Point X = "47" Y = "241" T = "0" Pressure = "0" />
		<Point X = "47" Y = "246" T = "0" Pressure = "0" />
		<Point X = "47" Y = "250" T = "0" Pressure = "0" />
		<Point X = "48" Y = "253" T = "0" Pressure = "0" />
		<Point X = "51" Y = "258" T = "0" Pressure = "0" />
		<Point X = "53" Y = "262" T = "0" Pressure = "0" />
		<Point X = "57" Y = "267" T = "0" Pressure = "0" />
		<Point X = "59" Y = "268" T = "0" Pressure = "0" />
		<Point X = "61" Y = "270" T = "0" Pressure = "0" />
		<Point X = "64" Y = "272" T = "0" Pressure = "0" />
		<Point X = "66" Y = "273" T = "0" Pressure = "0" />
		<Point X = "69" Y = "274" T = "0" Pressure = "0" />
		<Point X = "72" Y = "275" T = "0" Pressure = "0" />
		<Point X = "74" Y = "275" T = "0" Pressure = "0" />
		<Point X = "78" Y = "276" T = "0" Pressure = "0" />
		<Point X = "82" Y = "277" T = "0" Pressure = "0" />
		<Point X = "90" Y = "279" T = "0" Pressure = "0" />
		<Point X = "98" Y = "280" T = "0" Pressure = "0" />
		<Point X = "106" Y = "281" T = "0" Pressure = "0" />
		<Point X = "116" Y = "282" T = "0" Pressure = "0" />
		<Point X = "122" Y = "282" T = "0" Pressure = "0" />
		<Point X = "128" Y = "282" T = "0" Pressure = "0" />
		<Point X = "135" Y = "282" T = "0" Pressure = "0" />
		<Point X = "136" Y = "282" T = "0" Pressure = "0" />
		<Point X = "139" Y = "282" T = "0" Pressure = "0" />
		<Point X = "144" Y = "279" T = "0" Pressure = "0" />
		<Point X = "145" Y = "279" T = "0" Pressure = "0" />
		<Point X = "148" Y = "277" T = "0" Pressure = "0" />
		<Point X = "150" Y = "275" T = "0" Pressure = "0" />
		<Point X = "152" Y = "273" T = "0" Pressure = "0" />
		<Point X = "154" Y = "271" T = "0" Pressure = "0" />
		<Point X = "155" Y = "268" T = "0" Pressure = "0" />
		<Point X = "155" Y = "265" T = "0" Pressure = "0" />
		<Point X = "156" Y = "260" T = "0" Pressure = "0" />
		<Point X = "156" Y = "257" T = "0" Pressure = "0" />
		<Point X = "156" Y = "255" T = "0" Pressure = "0" />
		<Point X = "156" Y = "251" T = "0" Pressure = "0" />
		<Point X = "154" Y = "245" T = "0" Pressure = "0" />
		<Point X = "149" Y = "236" T = "0" Pressure = "0" />
		<Point X = "142" Y = "230" T = "0" Pressure = "0" />
		<Point X = "137" Y = "225" T = "0" Pressure = "0" />
		<Point X = "131" Y = "220" T = "0" Pressure = "0" />
		<Point X = "127" Y = "216" T = "0" Pressure = "0" />
		<Point X = "124" Y = "214" T = "0" Pressure = "0" />
		<Point X = "120" Y = "212" T = "0" Pressure = "0" />
		<Point X = "118" Y = "211" T = "0" Pressure = "0" />
		<Point X = "116" Y = "210" T = "0" Pressure = "0" />
		<Point X = "114" Y = "209" T = "0" Pressure = "0" />
		<Point X = "112" Y = "209" T = "0" Pressure = "0" />
		<Point X = "110" Y = "209" T = "0" Pressure = "0" />
		<Point X = "109" Y = "209" T = "0" Pressure = "0" />
		<Point X = "107" Y = "209" T = "0" Pressure = "0" />
		<Point X = "104" Y = "209" T = "0" Pressure = "0" />
		<Point X = "101" Y = "209" T = "0" Pressure = "0" />
		<Point X = "97" Y = "209" T = "0" Pressure = "0" />
		<Point X = "94" Y = "209" T = "0" Pressure = "0" />
		<Point X = "90" Y = "208" T = "0" Pressure = "0" />
		<Point X = "88" Y = "208" T = "0" Pressure = "0" />
		<Point X = "86" Y = "208" T = "0" Pressure = "0" />
		<Point X = "85" Y = "208" T = "0" Pressure = "0" />
		<Point X = "84" Y = "208" T = "0" Pressure = "0" />
		<Point X = "83" Y = "208" T = "0" Pressure = "0" />
		<Point X = "81" Y = "208" T = "0" Pressure = "0" />
		<Point X = "80" Y = "209" T = "0" Pressure = "0" />
		<Point X = "78" Y = "210" T = "0" Pressure = "0" />
		<Point X = "75" Y = "212" T = "0" Pressure = "0" />
		<Point X = "72" Y = "214" T = "0" Pressure = "0" />
		<Point X = "67" Y = "217" T = "0" Pressure = "0" />
		<Point X = "65" Y = "217" T = "0" Pressure = "0" />
		<Point X = "64" Y = "218" T = "0" Pressure = "0" />
		<Point X = "62" Y = "219" T = "0" Pressure = "0" />
		<Point X = "61" Y = "221" T = "0" Pressure = "0" />
		<Point X = "60" Y = "221" T = "0" Pressure = "0" />
		<Point X = "60" Y = "222" T = "0" Pressure = "0" />
		<Point X = "59" Y = "222" T = "0" Pressure = "0" />
		<Point X = "58" Y = "223" T = "0" Pressure = "0" />
		<Point X = "57" Y = "223" T = "0" Pressure = "0" />
		<Point X = "56" Y = "224" T = "0" Pressure = "0" />
		<Point X = "55" Y = "225" T = "0" Pressure = "0" />
		<Point X = "54" Y = "225" T = "0" Pressure = "0" />
		<Point X = "53" Y = "226" T = "0" Pressure = "0" />
		<Point X = "52" Y = "227" T = "0" Pressure = "0" />
		<Point X = "52" Y = "228" T = "0" Pressure = "0" />
		<Point X = "52" Y = "229" T = "0" Pressure = "0" />
		<Point X = "52" Y = "230" T = "0" Pressure = "0" />
		<Point X = "52" Y = "231" T = "0" Pressure = "0" />
		<Point X = "52" Y = "232" T = "0" Pressure = "0" />
		<Point X = "52" Y = "233" T = "0" Pressure = "0" />
		<Point X = "52" Y = "234" T = "0" Pressure = "0" />
		<Point X = "52" Y = "235" T = "0" Pressure = "0" />
	</Stroke>
</Gesture>
