<?xml version="1.0" encoding="utf-8" standalone="yes"?>
<Gesture Name = "b">
	<Stroke>
		<Point X = "258" Y = "68" T = "0" Pressure = "0" />
		<Point X = "258" Y = "69" T = "0" Pressure = "0" />
		<Point X = "258" Y = "72" T = "0" Pressure = "0" />
		<Point X = "259" Y = "77" T = "0" Pressure = "0" />
		<Point X = "260" Y = "81" T = "0" Pressure = "0" />
		<Point X = "260" Y = "87" T = "0" Pressure = "0" />
		<Point X = "260" Y = "95" T = "0" Pressure = "0" />
		<Point X = "260" Y = "101" T = "0" Pressure = "0" />
		<Point X = "260" Y = "106" T = "0" Pressure = "0" />
		<Point X = "260" Y = "113" T = "0" Pressure = "0" />
		<Point X = "260" Y = "115" T = "0" Pressure = "0" />
		<Point X = "260" Y = "119" T = "0" Pressure = "0" />
		<Point X = "260" Y = "125" T = "0" Pressure = "0" />
		<Point X = "259" Y = "130" T = "0" Pressure = "0" />
		<Point X = "258" Y = "137" T = "0" Pressure = "0" />
		<Point X = "258" Y = "142" T = "0" Pressure = "0" />
		<Point X = "258" Y = "148" T = "0" Pressure = "0" />
		<Point X = "258" Y = "155" T = "0" Pressure = "0" />
		<Point X = "258" Y = "159" T = "0" Pressure = "0" />
		<Point X = "258" Y = "161" T = "0" Pressure = "0" />
		<Point X = "258" Y = "164" T = "0" Pressure = "0" />
		<Point X = "258" Y = "167" T = "0" Pressure = "0" />
		<Point X = "258" Y = "170" T = "0" Pressure = "0" />
		<Point X = "258" Y = "172" T = "0" Pressure = "0" />
		<Point X = "258" Y = "175" T = "0" Pressure = "0" />
		<Point X = "258" Y = "178" T = "0" Pressure = "0" />
		<Point X = "258" Y = "179" T = "0" Pressure = "0" />
		<Point X = "258" Y = "182" T = "0" Pressure = "0" />
		<Point X = "258" Y = "185" T = "0" Pressure = "0" />
		<Point X = "258" Y = "187" T = "0" Pressure = "0" />
		<Point X = "258" Y = "191" T = "0" Pressure = "0" />
		<Point X = "258" Y = "194" T = "0" Pressure = "0" />
		<Point X = "258" Y = "198" T = "0" Pressure = "0" />
		<Point X = "258" Y = "202" T = "0" Pressure = "0" />
		<Point X = "258" Y = "205" T = "0" Pressure = "0" />
		<Point X = "258" Y = "206" T = "0" Pressure = "0" />
		<Point X = "258" Y = "209" T = "0" Pressure = "0" />
		<Point X = "258" Y = "210" T = "0" Pressure = "0" />
		<Point X = "258" Y = "212" T = "0" Pressure = "0" />
		<Point X = "258" Y = "214" T = "0" Pressure = "0" />
		<Point X = "258" Y = "216" T = "0" Pressure = "0" />
		<Point X = "258" Y = "217" T = "0" Pressure = "0" />
		<Point X = "258" Y = "219" T = "0" Pressure = "0" />
		<Point X = "258" Y = "220" T = "0" Pressure = "0" />
		<Point X = "258" Y = "222" T = "0" Pressure = "0" />
		<Point X = "258" Y = "223" T = "0" Pressure = "0" />
		<Point X = "258" Y = "226" T = "0" Pressure = "0" />
		<Point X = "258" Y = "228" T = "0" Pressure = "0" />
		<Point X = "258" Y = "230" T = "0" Pressure = "0" />
		<Point X = "259" Y = "234" T = "0" Pressure = "0" />
		<Point X = "259" Y = "236" T = "0" Pressure = "0" />
		<Point X = "260" Y = "239" T = "0" Pressure = "0" />
		<Point X = "262" Y = "243" T = "0" Pressure = "0" />
		<Point X = "262" Y = "244" T = "0" Pressure = "0" />
		<Point X = "264" Y = "247" T = "0" Pressure = "0" />
		<Point X = "265" Y = "249" T = "0" Pressure = "0" />
		<Point X = "266" Y = "250" T = "0" Pressure = "0" />
		<Point X = "266" Y = "251" T = "0" Pressure = "0" />
		<Point X = "269" Y = "252" T = "0" Pressure = "0" />
		<Point X = "270" Y = "254" T = "0" Pressure = "0" />
		<Point X = "271" Y = "254" T = "0" Pressure = "0" />
		<Point X = "274" Y = "254" T = "0" Pressure = "0" />
		<Point X = "276" Y = "255" T = "0" Pressure = "0" />
		<Point X = "279" Y = "255" T = "0" Pressure = "0" />
		<Point X = "281" Y = "255" T = "0" Pressure = "0" />
		<Point X = "285" Y = "257" T = "0" Pressure = "0" />
		<Point X = "288" Y = "257" T = "0" Pressure = "0" />
		<Point X = "291" Y = "258" T = "0" Pressure = "0" />
		<Point X = "292" Y = "258" T = "0" Pressure = "0" />
		<Point X = "294" Y = "258" T = "0" Pressure = "0" />
		<Point X = "295" Y = "258" T = "0" Pressure = "0" />
		<Point X = "296" Y = "258" T = "0" Pressure = "0" />
		<Point X = "297" Y = "258" T = "0" Pressure = "0" />
		<Point X = "298" Y = "258" T = "0" Pressure = "0" />
		<Point X = "300" Y = "258" T = "0" Pressure = "0" />
		<Point X = "302" Y = "258" T = "0" Pressure = "0" />
		<Point X = "304" Y = "257" T = "0" Pressure = "0" />
		<Point X = "305" Y = "257" T = "0" Pressure = "0" />
		<Point X = "307" Y = "256" T = "0" Pressure = "0" />
		<Point X = "308" Y = "256" T = "0" Pressure = "0" />
		<Point X = "309" Y = "256" T = "0" Pressure = "0" />
		<Point X = "311" Y = "256" T = "0" Pressure = "0" />
		<Point X = "312" Y = "254" T = "0" Pressure = "0" />
		<Point X = "314" Y = "254" T = "0" Pressure = "0" />
		<Point X = "315" Y = "253" T = "0" Pressure = "0" />
		<Point X = "316" Y = "252" T = "0" Pressure = "0" />
		<Point X = "319" Y = "251" T = "0" Pressure = "0" />
		<Point X = "321" Y = "249" T = "0" Pressure = "0" />
		<Point X = "322" Y = "248" T = "0" Pressure = "0" />
		<Point X = "324" Y = "247" T = "0" Pressure = "0" />
		<Point X = "325" Y = "245" T = "0" Pressure = "0" />
		<Point X = "327" Y = "245" T = "0" Pressure = "0" />
		<Point X = "329" Y = "242" T = "0" Pressure = "0" />
		<Point X = "330" Y = "242" T = "0" Pressure = "0" />
		<Point X = "333" Y = "239" T = "0" Pressure = "0" />
		<Point X = "334" Y = "238" T = "0" Pressure = "0" />
		<Point X = "335" Y = "238" T = "0" Pressure = "0" />
		<Point X = "336" Y = "236" T = "0" Pressure = "0" />
		<Point X = "336" Y = "235" T = "0" Pressure = "0" />
		<Point X = "338" Y = "233" T = "0" Pressure = "0" />
		<Point X = "338" Y = "232" T = "0" Pressure = "0" />
		<Point X = "340" Y = "229" T = "0" Pressure = "0" />
		<Point X = "340" Y = "228" T = "0" Pressure = "0" />
		<Point X = "340" Y = "227" T = "0" Pressure = "0" />
		<Point X = "340" Y = "226" T = "0" Pressure = "0" />
		<Point X = "340" Y = "224" T = "0" Pressure = "0" />
		<Point X = "340" Y = "222" T = "0" Pressure = "0" />
		<Point X = "340" Y = "220" T = "0" Pressure = "0" />
		<Point X = "339" Y = "218" T = "0" Pressure = "0" />
		<Point X = "338" Y = "218" T = "0" Pressure = "0" />
		<Point X = "336" Y = "215" T = "0" Pressure = "0" />
		<Point X = "333" Y = "214" T = "0" Pressure = "0" />
		<Point X = "331" Y = "213" T = "0" Pressure = "0" />
		<Point X = "329" Y = "212" T = "0" Pressure = "0" />
		<Point X = "325" Y = "210" T = "0" Pressure = "0" />
		<Point X = "322" Y = "207" T = "0" Pressure = "0" />
		<Point X = "319" Y = "207" T = "0" Pressure = "0" />
		<Point X = "314" Y = "204" T = "0" Pressure = "0" />
		<Point X = "310" Y = "202" T = "0" Pressure = "0" />
		<Point X = "306" Y = "199" T = "0" Pressure = "0" />
		<Point X = "303" Y = "199" T = "0" Pressure = "0" />
		<Point X = "300" Y = "198" T = "0" Pressure = "0" />
		<Point X = "299" Y = "198" T = "0" Pressure = "0" />
		<Point X = "296" Y = "198" T = "0" Pressure = "0" />
		<Point X = "293" Y = "198" T = "0" Pressure = "0" />
		<Point X = "289" Y = "197" T = "0" Pressure = "0" />
		<Point X = "285" Y = "195" T = "0" Pressure = "0" />
		<Point X = "283" Y = "195" T = "0" Pressure = "0" />
		<Point X = "280" Y = "194" T = "0" Pressure = "0" />
		<Point X = "277" Y = "194" T = "0" Pressure = "0" />
		<Point X = "275" Y = "194" T = "0" Pressure = "0" />
		<Point X = "273" Y = "193" T = "0" Pressure = "0" />
		<Point X = "272" Y = "193" T = "0" Pressure = "0" />
		<Point X = "271" Y = "193" T = "0" Pressure = "0" />
		<Point X = "270" Y = "193" T = "0" Pressure = "0" />
		<Point X = "269" Y = "193" T = "0" Pressure = "0" />
		<Point X = "267" Y = "193" T = "0" Pressure = "0" />
		<Point X = "266" Y = "193" T = "0" Pressure = "0" />
		<Point X = "264" Y = "193" T = "0" Pressure = "0" />
		<Point X = "263" Y = "194" T = "0" Pressure = "0" />
		<Point X = "261" Y = "195" T = "0" Pressure = "0" />
	</Stroke>
</Gesture>
