<?xml version="1.0" encoding="utf-8" standalone="yes"?>
<Gesture Name = "b">
	<Stroke>
		<Point X = "55" Y = "60" T = "0" Pressure = "0" />
		<Point X = "55" Y = "62" T = "0" Pressure = "0" />
		<Point X = "55" Y = "64" T = "0" Pressure = "0" />
		<Point X = "55" Y = "66" T = "0" Pressure = "0" />
		<Point X = "55" Y = "69" T = "0" Pressure = "0" />
		<Point X = "55" Y = "72" T = "0" Pressure = "0" />
		<Point X = "55" Y = "75" T = "0" Pressure = "0" />
		<Point X = "55" Y = "77" T = "0" Pressure = "0" />
		<Point X = "55" Y = "80" T = "0" Pressure = "0" />
		<Point X = "53" Y = "86" T = "0" Pressure = "0" />
		<Point X = "50" Y = "93" T = "0" Pressure = "0" />
		<Point X = "49" Y = "96" T = "0" Pressure = "0" />
		<Point X = "48" Y = "99" T = "0" Pressure = "0" />
		<Point X = "47" Y = "104" T = "0" Pressure = "0" />
		<Point X = "45" Y = "108" T = "0" Pressure = "0" />
		<Point X = "44" Y = "113" T = "0" Pressure = "0" />
		<Point X = "44" Y = "117" T = "0" Pressure = "0" />
		<Point X = "43" Y = "121" T = "0" Pressure = "0" />
		<Point X = "43" Y = "126" T = "0" Pressure = "0" />
		<Point X = "43" Y = "129" T = "0" Pressure = "0" />
		<Point X = "43" Y = "132" T = "0" Pressure = "0" />
		<Point X = "42" Y = "136" T = "0" Pressure = "0" />
		<Point X = "41" Y = "137" T = "0" Pressure = "0" />
		<Point X = "41" Y = "139" T = "0" Pressure = "0" />
		<Point X = "41" Y = "141" T = "0" Pressure = "0" />
		<Point X = "41" Y = "143" T = "0" Pressure = "0" />
		<Point X = "41" Y = "146" T = "0" Pressure = "0" />
		<Point X = "40" Y = "148" T = "0" Pressure = "0" />
		<Point X = "40" Y = "151" T = "0" Pressure = "0" />
		<Point X = "39" Y = "154" T = "0" Pressure = "0" />
		<Point X = "37" Y = "158" T = "0" Pressure = "0" />
		<Point X = "36" Y = "162" T = "0" Pressure = "0" />
		<Point X = "36" Y = "165" T = "0" Pressure = "0" />
		<Point X = "35" Y = "169" T = "0" Pressure = "0" />
		<Point X = "33" Y = "172" T = "0" Pressure = "0" />
		<Point X = "32" Y = "178" T = "0" Pressure = "0" />
		<Point X = "32" Y = "182" T = "0" Pressure = "0" />
		<Point X = "32" Y = "190" T = "0" Pressure = "0" />
		<Point X = "32" Y = "196" T = "0" Pressure = "0" />
		<Point X = "32" Y = "201" T = "0" Pressure = "0" />
		<Point X = "32" Y = "208" T = "0" Pressure = "0" />
		<Point X = "32" Y = "212" T = "0" Pressure = "0" />
		<Point X = "32" Y = "217" T = "0" Pressure = "0" />
		<Point X = "32" Y = "219" T = "0" Pressure = "0" />
		<Point X = "32" Y = "223" T = "0" Pressure = "0" />
		<Point X = "31" Y = "226" T = "0" Pressure = "0" />
		<Point X = "31" Y = "229" T = "0" Pressure = "0" />
		<Point X = "31" Y = "230" T = "0" Pressure = "0" />
		<Point X = "31" Y = "234" T = "0" Pressure = "0" />
		<Point X = "31" Y = "237" T = "0" Pressure = "0" />
		<Point X = "31" Y = "240" T = "0" Pressure = "0" />
		<Point X = "31" Y = "244" T = "0" Pressure = "0" />
		<Point X = "31" Y = "248" T = "0" Pressure = "0" />
		<Point X = "31" Y = "251" T = "0" Pressure = "0" />
		<Point X = "31" Y = "253" T = "0" Pressure = "0" />
		<Point X = "31" Y = "256" T = "0" Pressure = "0" />
		<Point X = "31" Y = "257" T = "0" Pressure = "0" />
		<Point X = "31" Y = "259" T = "0" Pressure = "0" />
		<Point X = "31" Y = "260" T = "0" Pressure = "0" />
		<Point X = "31" Y = "263" T = "0" Pressure = "0" />
		<Point X = "31" Y = "266" T = "0" Pressure = "0" />
		<Point X = "31" Y = "267" T = "0" Pressure = "0" />
		<Point X = "31" Y = "270" T = "0" Pressure = "0" />
		<Point X = "31" Y = "271" T = "0" Pressure = "0" />
		<Point X = "32" Y = "274" T = "0" Pressure = "0" />
		<Point X = "33" Y = "274" T = "0" Pressure = "0" />
		<Point X = "33" Y = "275" T = "0" Pressure = "0" />
		<Point X = "34" Y = "277" T = "0" Pressure = "0" />
		<Point X = "35" Y = "277" T = "0" Pressure = "0" />
		<Point X = "36" Y = "278" T = "0" Pressure = "0" />
		<Point X = "38" Y = "278" T = "0" Pressure = "0" />
		<Point X = "40" Y = "278" T = "0" Pressure = "0" />
		<Point X = "42" Y = "279" T = "0" Pressure = "0" />
		<Point X = "44" Y = "281" T = "0" Pressure = "0" />
		<Point X = "47" Y = "283" T = "0" Pressure = "0" />
		<Point X = "50" Y = "286" T = "0" Pressure = "0" />
		<Point X = "55" Y = "287" T = "0" Pressure = "0" />
		<Point X = "59" Y = "290" T = "0" Pressure = "0" />
		<Point X = "63" Y = "292" T = "0" Pressure = "0" />
		<Point X = "66" Y = "293" T = "0" Pressure = "0" />
		<Point X = "69" Y = "295" T = "0" Pressure = "0" />
		<Point X = "72" Y = "296" T = "0" Pressure = "0" />
		<Point X = "75" Y = "298" T = "0" Pressure = "0" />
		<Point X = "77" Y = "298" T = "0" Pressure = "0" />
		<Point X = "80" Y = "299" T = "0" Pressure = "0" />
		<Point X = "81" Y = "299" T = "0" Pressure = "0" />
		<Point X = "83" Y = "299" T = "0" Pressure = "0" />
		<Point X = "85" Y = "299" T = "0" Pressure = "0" />
		<Point X = "87" Y = "299" T = "0" Pressure = "0" />
		<Point X = "88" Y = "299" T = "0" Pressure = "0" />
		<Point X = "90" Y = "299" T = "0" Pressure = "0" />
		<Point X = "92" Y = "299" T = "0" Pressure = "0" />
		<Point X = "94" Y = "298" T = "0" Pressure = "0" />
		<Point X = "96" Y = "298" T = "0" Pressure = "0" />
		<Point X = "97" Y = "297" T = "0" Pressure = "0" />
		<Point X = "98" Y = "295" T = "0" Pressure = "0" />
		<Point X = "101" Y = "295" T = "0" Pressure = "0" />
		<Point X = "102" Y = "293" T = "0" Pressure = "0" />
		<Point X = "104" Y = "292" T = "0" Pressure = "0" />
		<Point X = "106" Y = "291" T = "0" Pressure = "0" />
		<Point X = "109" Y = "287" T = "0" Pressure = "0" />
		<Point X = "111" Y = "286" T = "0" Pressure = "0" />
		<Point X = "112" Y = "284" T = "0" Pressure = "0" />
		<Point X = "114" Y = "280" T = "0" Pressure = "0" />
		<Point X = "115" Y = "279" T = "0" Pressure = "0" />
		<Point X = "116" Y = "276" T = "0" Pressure = "0" />
		<Point X = "117" Y = "274" T = "0" Pressure = "0" />
		<Point X = "118" Y = "272" T = "0" Pressure = "0" />
		<Point X = "118" Y = "269" T = "0" Pressure = "0" />
		<Point X = "118" Y = "268" T = "0" Pressure = "0" />
		<Point X = "118" Y = "265" T = "0" Pressure = "0" />
		<Point X = "118" Y = "263" T = "0" Pressure = "0" />
		<Point X = "118" Y = "261" T = "0" Pressure = "0" />
		<Point X = "118" Y = "260" T = "0" Pressure = "0" />
		<Point X = "118" Y = "258" T = "0" Pressure = "0" />
		<Point X = "118" Y = "256" T = "0" Pressure = "0" />
		<Point X = "118" Y = "253" T = "0" Pressure = "0" />
		<Point X = "118" Y = "251" T = "0" Pressure = "0" />
		<Point X = "118" Y = "250" T = "0" Pressure = "0" />
		<Point X = "118" Y = "247" T = "0" Pressure = "0" />
		<Point X = "118" Y = "244" T = "0" Pressure = "0" />
		<Point X = "118" Y = "243" T = "0" Pressure = "0" />
		<Point X = "117" Y = "240" T = "0" Pressure = "0" />
		<Point X = "116" Y = "238" T = "0" Pressure = "0" />
		<Point X = "116" Y = "235" T = "0" Pressure = "0" />
		<Point X = "115" Y = "234" T = "0" Pressure = "0" />
		<Point X = "113" Y = "231" T = "0" Pressure = "0" />
		<Point X = "112" Y = "228" T = "0" Pressure = "0" />
		<Point X = "111" Y = "226" T = "0" Pressure = "0" />
		<Point X = "109" Y = "225" T = "0" Pressure = "0" />
		<Point X = "108" Y = "223" T = "0" Pressure = "0" />
		<Point X = "107" Y = "223" T = "0" Pressure = "0" />
		<Point X = "105" Y = "221" T = "0" Pressure = "0" />
		<Point X = "105" Y = "220" T = "0" Pressure = "0" />
		<Point X = "103" Y = "219" T = "0" Pressure = "0" />
		<Point X = "101" Y = "219" T = "0" Pressure = "0" />
		<Point X = "99" Y = "219" T = "0" Pressure = "0" />
		<Point X = "98" Y = "218" T = "0" Pressure = "0" />
		<Point X = "97" Y = "217" T = "0" Pressure = "0" />
		<Point X = "96" Y = "217" T = "0" Pressure = "0" />
		<Point X = "95" Y = "216" T = "0" Pressure = "0" />
		<Point X = "94" Y = "216" T = "0" Pressure = "0" />
		<Point X = "91" Y = "215" T = "0" Pressure = "0" />
		<Point X = "89" Y = "215" T = "0" Pressure = "0" />
		<Point X = "85" Y = "213" T = "0" Pressure = "0" />
		<Point X = "83" Y = "212" T = "0" Pressure = "0" />
		<Point X = "81" Y = "212" T = "0" Pressure = "0" />
		<Point X = "80" Y = "212" T = "0" Pressure = "0" />
		<Point X = "78" Y = "211" T = "0" Pressure = "0" />
		<Point X = "76" Y = "211" T = "0" Pressure = "0" />
		<Point X = "75" Y = "210" T = "0" Pressure = "0" />
		<Point X = "74" Y = "210" T = "0" Pressure = "0" />
		<Point X = "73" Y = "210" T = "0" Pressure = "0" />
		<Point X = "72" Y = "210" T = "0" Pressure = "0" />
		<Point X = "70" Y = "209" T = "0" Pressure = "0" />
		<Point X = "67" Y = "209" T = "0" Pressure = "0" />
		<Point X = "65" Y = "209" T = "0" Pressure = "0" />
		<Point X = "64" Y = "209" T = "0" Pressure = "0" />
		<Point X = "61" Y = "209" T = "0" Pressure = "0" />
		<Point X = "60" Y = "209" T = "0" Pressure = "0" />
		<Point X = "58" Y = "209" T = "0" Pressure = "0" />
		<Point X = "57" Y = "209" T = "0" Pressure = "0" />
		<Point X = "54" Y = "209" T = "0" Pressure = "0" />
		<Point X = "53" Y = "209" T = "0" Pressure = "0" />
		<Point X = "51" Y = "209" T = "0" Pressure = "0" />
		<Point X = "50" Y = "209" T = "0" Pressure = "0" />
		<Point X = "48" Y = "209" T = "0" Pressure = "0" />
		<Point X = "47" Y = "209" T = "0" Pressure = "0" />
		<Point X = "46" Y = "209" T = "0" Pressure = "0" />
		<Point X = "45" Y = "209" T = "0" Pressure = "0" />
		<Point X = "44" Y = "209" T = "0" Pressure = "0" />
		<Point X = "42" Y = "209" T = "0" Pressure = "0" />
		<Point X = "41" Y = "209" T = "0" Pressure = "0" />
		<Point X = "40" Y = "209" T = "0" Pressure = "0" />
		<Point X = "39" Y = "209" T = "0" Pressure = "0" />
		<Point X = "38" Y = "209" T = "0" Pressure = "0" />
		<Point X = "36" Y = "209" T = "0" Pressure = "0" />
		<Point X = "35" Y = "210" T = "0" Pressure = "0" />
		<Point X = "34" Y = "210" T = "0" Pressure = "0" />
		<Point X = "32" Y = "211" T = "0" Pressure = "0" />
		<Point X = "31" Y = "212" T = "0" Pressure = "0" />
	</Stroke>
</Gesture>
