<?xml version="1.0" encoding="utf-8" standalone="yes"?>
<Gesture Name = "b">
	<Stroke>
		<Point X = "333" Y = "49" T = "0" Pressure = "0" />
		<Point X = "331" Y = "57" T = "0" Pressure = "0" />
		<Point X = "329" Y = "65" T = "0" Pressure = "0" />
		<Point X = "329" Y = "75" T = "0" Pressure = "0" />
		<Point X = "328" Y = "86" T = "0" Pressure = "0" />
		<Point X = "326" Y = "98" T = "0" Pressure = "0" />
		<Point X = "323" Y = "109" T = "0" Pressure = "0" />
		<Point X = "323" Y = "120" T = "0" Pressure = "0" />
		<Point X = "323" Y = "131" T = "0" Pressure = "0" />
		<Point X = "323" Y = "142" T = "0" Pressure = "0" />
		<Point X = "322" Y = "150" T = "0" Pressure = "0" />
		<Point X = "322" Y = "156" T = "0" Pressure = "0" />
		<Point X = "322" Y = "161" T = "0" Pressure = "0" />
		<Point X = "322" Y = "167" T = "0" Pressure = "0" />
		<Point X = "322" Y = "172" T = "0" Pressure = "0" />
		<Point X = "322" Y = "178" T = "0" Pressure = "0" />
		<Point X = "322" Y = "182" T = "0" Pressure = "0" />
		<Point X = "322" Y = "188" T = "0" Pressure = "0" />
		<Point X = "322" Y = "192" T = "0" Pressure = "0" />
		<Point X = "321" Y = "198" T = "0" Pressure = "0" />
		<Point X = "320" Y = "206" T = "0" Pressure = "0" />
		<Point X = "318" Y = "211" T = "0" Pressure = "0" />
		<Point X = "317" Y = "216" T = "0" Pressure = "0" />
		<Point X = "317" Y = "225" T = "0" Pressure = "0" />
		<Point X = "317" Y = "229" T = "0" Pressure = "0" />
		<Point X = "317" Y = "235" T = "0" Pressure = "0" />
		<Point X = "317" Y = "240" T = "0" Pressure = "0" />
		<Point X = "317" Y = "243" T = "0" Pressure = "0" />
		<Point X = "317" Y = "246" T = "0" Pressure = "0" />
		<Point X = "317" Y = "249" T = "0" Pressure = "0" />
		<Point X = "318" Y = "252" T = "0" Pressure = "0" />
		<Point X = "319" Y = "255" T = "0" Pressure = "0" />
		<Point X = "319" Y = "258" T = "0" Pressure = "0" />
		<Point X = "322" Y = "260" T = "0" Pressure = "0" />
		<Point X = "323" Y = "262" T = "0" Pressure = "0" />
		<Point X = "325" Y = "264" T = "0" Pressure = "0" />
		<Point X = "326" Y = "266" T = "0" Pressure = "0" />
		<Point X = "329" Y = "267" T = "0" Pressure = "0" />
		<Point X = "333" Y = "267" T = "0" Pressure = "0" />
		<Point X = "334" Y = "268" T = "0" Pressure = "0" />
		<Point X = "337" Y = "268" T = "0" Pressure = "0" />
		<Point X = "339" Y = "268" T = "0" Pressure = "0" />
		<Point X = "342" Y = "269" T = "0" Pressure = "0" />
		<Point X = "343" Y = "269" T = "0" Pressure = "0" />
		<Point X = "344" Y = "269" T = "0" Pressure = "0" />
		<Point X = "345" Y = "269" T = "0" Pressure = "0" />
		<Point X = "347" Y = "269" T = "0" Pressure = "0" />
		<Point X = "348" Y = "269" T = "0" Pressure = "0" />
		<Point X = "351" Y = "269" T = "0" Pressure = "0" />
		<Point X = "356" Y = "269" T = "0" Pressure = "0" />
		<Point X = "364" Y = "267" T = "0" Pressure = "0" />
		<Point X = "371" Y = "267" T = "0" Pressure = "0" />
		<Point X = "376" Y = "266" T = "0" Pressure = "0" />
		<Point X = "380" Y = "265" T = "0" Pressure = "0" />
		<Point X = "383" Y = "264" T = "0" Pressure = "0" />
		<Point X = "384" Y = "264" T = "0" Pressure = "0" />
		<Point X = "386" Y = "262" T = "0" Pressure = "0" />
		<Point X = "386" Y = "261" T = "0" Pressure = "0" />
		<Point X = "387" Y = "258" T = "0" Pressure = "0" />
		<Point X = "387" Y = "255" T = "0" Pressure = "0" />
		<Point X = "387" Y = "252" T = "0" Pressure = "0" />
		<Point X = "387" Y = "250" T = "0" Pressure = "0" />
		<Point X = "387" Y = "247" T = "0" Pressure = "0" />
		<Point X = "387" Y = "245" T = "0" Pressure = "0" />
		<Point X = "387" Y = "243" T = "0" Pressure = "0" />
		<Point X = "388" Y = "240" T = "0" Pressure = "0" />
		<Point X = "388" Y = "239" T = "0" Pressure = "0" />
		<Point X = "388" Y = "237" T = "0" Pressure = "0" />
		<Point X = "388" Y = "236" T = "0" Pressure = "0" />
		<Point X = "388" Y = "234" T = "0" Pressure = "0" />
		<Point X = "388" Y = "233" T = "0" Pressure = "0" />
		<Point X = "388" Y = "232" T = "0" Pressure = "0" />
		<Point X = "388" Y = "230" T = "0" Pressure = "0" />
		<Point X = "388" Y = "229" T = "0" Pressure = "0" />
		<Point X = "388" Y = "227" T = "0" Pressure = "0" />
		<Point X = "388" Y = "224" T = "0" Pressure = "0" />
		<Point X = "385" Y = "220" T = "0" Pressure = "0" />
		<Point X = "384" Y = "217" T = "0" Pressure = "0" />
		<Point X = "380" Y = "213" T = "0" Pressure = "0" />
		<Point X = "376" Y = "210" T = "0" Pressure = "0" />
		<Point X = "374" Y = "206" T = "0" Pressure = "0" />
		<Point X = "372" Y = "204" T = "0" Pressure = "0" />
		<Point X = "371" Y = "201" T = "0" Pressure = "0" />
		<Point X = "370" Y = "200" T = "0" Pressure = "0" />
		<Point X = "369" Y = "200" T = "0" Pressure = "0" />
		<Point X = "367" Y = "200" T = "0" Pressure = "0" />
		<Point X = "365" Y = "200" T = "0" Pressure = "0" />
		<Point X = "363" Y = "200" T = "0" Pressure = "0" />
		<Point X = "362" Y = "200" T = "0" Pressure = "0" />
		<Point X = "359" Y = "200" T = "0" Pressure = "0" />
		<Point X = "356" Y = "200" T = "0" Pressure = "0" />
		<Point X = "355" Y = "200" T = "0" Pressure = "0" />
		<Point X = "353" Y = "200" T = "0" Pressure = "0" />
		<Point X = "352" Y = "200" T = "0" Pressure = "0" />
		<Point X = "350" Y = "200" T = "0" Pressure = "0" />
		<Point X = "348" Y = "200" T = "0" Pressure = "0" />
		<Point X = "347" Y = "201" T = "0" Pressure = "0" />
		<Point X = "346" Y = "201" T = "0" Pressure = "0" />
		<Point X = "344" Y = "201" T = "0" Pressure = "0" />
		<Point X = "342" Y = "202" T = "0" Pressure = "0" />
		<Point X = "341" Y = "203" T = "0" Pressure = "0" />
		<Point X = "339" Y = "203" T = "0" Pressure = "0" />
		<Point X = "338" Y = "203" T = "0" Pressure = "0" />
		<Point X = "336" Y = "203" T = "0" Pressure = "0" />
		<Point X = "335" Y = "203" T = "0" Pressure = "0" />
		<Point X = "334" Y = "204" T = "0" Pressure = "0" />
		<Point X = "333" Y = "204" T = "0" Pressure = "0" />
		<Point X = "331" Y = "205" T = "0" Pressure = "0" />
		<Point X = "330" Y = "205" T = "0" Pressure = "0" />
		<Point X = "329" Y = "206" T = "0" Pressure = "0" />
		<Point X = "328" Y = "206" T = "0" Pressure = "0" />
		<Point X = "327" Y = "206" T = "0" Pressure = "0" />
		<Point X = "326" Y = "206" T = "0" Pressure = "0" />
		<Point X = "325" Y = "206" T = "0" Pressure = "0" />
		<Point X = "325" Y = "207" T = "0" Pressure = "0" />
		<Point X = "324" Y = "207" T = "0" Pressure = "0" />
		<Point X = "323" Y = "208" T = "0" Pressure = "0" />
		<Point X = "322" Y = "209" T = "0" Pressure = "0" />
		<Point X = "321" Y = "210" T = "0" Pressure = "0" />
		<Point X = "320" Y = "211" T = "0" Pressure = "0" />
		<Point X = "319" Y = "212" T = "0" Pressure = "0" />
		<Point X = "319" Y = "213" T = "0" Pressure = "0" />
		<Point X = "318" Y = "214" T = "0" Pressure = "0" />
	</Stroke>
</Gesture>
