<?xml version="1.0" encoding="utf-8" standalone="yes"?>
<Gesture Name = "b">
	<Stroke>
		<Point X = "185" Y = "58" T = "0" Pressure = "0" />
		<Point X = "183" Y = "62" T = "0" Pressure = "0" />
		<Point X = "182" Y = "67" T = "0" Pressure = "0" />
		<Point X = "180" Y = "73" T = "0" Pressure = "0" />
		<Point X = "179" Y = "81" T = "0" Pressure = "0" />
		<Point X = "179" Y = "86" T = "0" Pressure = "0" />
		<Point X = "178" Y = "96" T = "0" Pressure = "0" />
		<Point X = "177" Y = "104" T = "0" Pressure = "0" />
		<Point X = "177" Y = "113" T = "0" Pressure = "0" />
		<Point X = "177" Y = "122" T = "0" Pressure = "0" />
		<Point X = "177" Y = "132" T = "0" Pressure = "0" />
		<Point X = "177" Y = "137" T = "0" Pressure = "0" />
		<Point X = "177" Y = "143" T = "0" Pressure = "0" />
		<Point X = "175" Y = "148" T = "0" Pressure = "0" />
		<Point X = "174" Y = "151" T = "0" Pressure = "0" />
		<Point X = "174" Y = "155" T = "0" Pressure = "0" />
		<Point X = "173" Y = "158" T = "0" Pressure = "0" />
		<Point X = "173" Y = "164" T = "0" Pressure = "0" />
		<Point X = "173" Y = "167" T = "0" Pressure = "0" />
		<Point X = "173" Y = "172" T = "0" Pressure = "0" />
		<Point X = "173" Y = "176" T = "0" Pressure = "0" />
		<Point X = "173" Y = "180" T = "0" Pressure = "0" />
		<Point X = "173" Y = "186" T = "0" Pressure = "0" />
		<Point X = "173" Y = "191" T = "0" Pressure = "0" />
		<Point X = "173" Y = "197" T = "0" Pressure = "0" />
		<Point X = "173" Y = "203" T = "0" Pressure = "0" />
		<Point X = "173" Y = "207" T = "0" Pressure = "0" />
		<Point X = "173" Y = "209" T = "0" Pressure = "0" />
		<Point X = "173" Y = "212" T = "0" Pressure = "0" />
		<Point X = "173" Y = "216" T = "0" Pressure = "0" />
		<Point X = "173" Y = "219" T = "0" Pressure = "0" />
		<Point X = "173" Y = "223" T = "0" Pressure = "0" />
		<Point X = "173" Y = "226" T = "0" Pressure = "0" />
		<Point X = "173" Y = "228" T = "0" Pressure = "0" />
		<Point X = "173" Y = "232" T = "0" Pressure = "0" />
		<Point X = "173" Y = "235" T = "0" Pressure = "0" />
		<Point X = "173" Y = "238" T = "0" Pressure = "0" />
		<Point X = "174" Y = "239" T = "0" Pressure = "0" />
		<Point X = "176" Y = "242" T = "0" Pressure = "0" />
		<Point X = "176" Y = "245" T = "0" Pressure = "0" />
		<Point X = "176" Y = "250" T = "0" Pressure = "0" />
		<Point X = "178" Y = "252" T = "0" Pressure = "0" />
		<Point X = "180" Y = "257" T = "0" Pressure = "0" />
		<Point X = "180" Y = "260" T = "0" Pressure = "0" />
		<Point X = "182" Y = "264" T = "0" Pressure = "0" />
		<Point X = "183" Y = "266" T = "0" Pressure = "0" />
		<Point X = "185" Y = "269" T = "0" Pressure = "0" />
		<Point X = "186" Y = "272" T = "0" Pressure = "0" />
		<Point X = "190" Y = "275" T = "0" Pressure = "0" />
		<Point X = "192" Y = "278" T = "0" Pressure = "0" />
		<Point X = "197" Y = "282" T = "0" Pressure = "0" />
		<Point X = "200" Y = "283" T = "0" Pressure = "0" />
		<Point X = "201" Y = "283" T = "0" Pressure = "0" />
		<Point X = "202" Y = "284" T = "0" Pressure = "0" />
		<Point X = "203" Y = "284" T = "0" Pressure = "0" />
		<Point X = "204" Y = "284" T = "0" Pressure = "0" />
		<Point X = "205" Y = "284" T = "0" Pressure = "0" />
		<Point X = "206" Y = "284" T = "0" Pressure = "0" />
		<Point X = "207" Y = "284" T = "0" Pressure = "0" />
		<Point X = "209" Y = "284" T = "0" Pressure = "0" />
		<Point X = "212" Y = "282" T = "0" Pressure = "0" />
		<Point X = "214" Y = "281" T = "0" Pressure = "0" />
		<Point X = "216" Y = "280" T = "0" Pressure = "0" />
		<Point X = "219" Y = "277" T = "0" Pressure = "0" />
		<Point X = "220" Y = "276" T = "0" Pressure = "0" />
		<Point X = "223" Y = "274" T = "0" Pressure = "0" />
		<Point X = "224" Y = "273" T = "0" Pressure = "0" />
		<Point X = "226" Y = "271" T = "0" Pressure = "0" />
		<Point X = "228" Y = "270" T = "0" Pressure = "0" />
		<Point X = "229" Y = "269" T = "0" Pressure = "0" />
		<Point X = "230" Y = "268" T = "0" Pressure = "0" />
		<Point X = "233" Y = "267" T = "0" Pressure = "0" />
		<Point X = "233" Y = "266" T = "0" Pressure = "0" />
		<Point X = "235" Y = "265" T = "0" Pressure = "0" />
		<Point X = "236" Y = "263" T = "0" Pressure = "0" />
		<Point X = "237" Y = "262" T = "0" Pressure = "0" />
		<Point X = "239" Y = "261" T = "0" Pressure = "0" />
		<Point X = "240" Y = "259" T = "0" Pressure = "0" />
		<Point X = "241" Y = "258" T = "0" Pressure = "0" />
		<Point X = "242" Y = "257" T = "0" Pressure = "0" />
		<Point X = "243" Y = "255" T = "0" Pressure = "0" />
		<Point X = "244" Y = "254" T = "0" Pressure = "0" />
		<Point X = "244" Y = "252" T = "0" Pressure = "0" />
		<Point X = "244" Y = "250" T = "0" Pressure = "0" />
		<Point X = "244" Y = "249" T = "0" Pressure = "0" />
		<Point X = "244" Y = "246" T = "0" Pressure = "0" />
		<Point X = "244" Y = "243" T = "0" Pressure = "0" />
		<Point X = "244" Y = "242" T = "0" Pressure = "0" />
		<Point X = "244" Y = "240" T = "0" Pressure = "0" />
		<Point X = "244" Y = "236" T = "0" Pressure = "0" />
		<Point X = "241" Y = "234" T = "0" Pressure = "0" />
		<Point X = "240" Y = "233" T = "0" Pressure = "0" />
		<Point X = "238" Y = "230" T = "0" Pressure = "0" />
		<Point X = "237" Y = "230" T = "0" Pressure = "0" />
		<Point X = "234" Y = "227" T = "0" Pressure = "0" />
		<Point X = "233" Y = "226" T = "0" Pressure = "0" />
		<Point X = "231" Y = "224" T = "0" Pressure = "0" />
		<Point X = "231" Y = "223" T = "0" Pressure = "0" />
		<Point X = "229" Y = "222" T = "0" Pressure = "0" />
		<Point X = "228" Y = "221" T = "0" Pressure = "0" />
		<Point X = "227" Y = "220" T = "0" Pressure = "0" />
		<Point X = "227" Y = "219" T = "0" Pressure = "0" />
		<Point X = "225" Y = "218" T = "0" Pressure = "0" />
		<Point X = "224" Y = "217" T = "0" Pressure = "0" />
		<Point X = "224" Y = "216" T = "0" Pressure = "0" />
		<Point X = "222" Y = "214" T = "0" Pressure = "0" />
		<Point X = "221" Y = "214" T = "0" Pressure = "0" />
		<Point X = "220" Y = "213" T = "0" Pressure = "0" />
		<Point X = "218" Y = "213" T = "0" Pressure = "0" />
		<Point X = "215" Y = "212" T = "0" Pressure = "0" />
		<Point X = "213" Y = "211" T = "0" Pressure = "0" />
		<Point X = "211" Y = "210" T = "0" Pressure = "0" />
		<Point X = "210" Y = "210" T = "0" Pressure = "0" />
		<Point X = "209" Y = "210" T = "0" Pressure = "0" />
		<Point X = "208" Y = "210" T = "0" Pressure = "0" />
		<Point X = "207" Y = "210" T = "0" Pressure = "0" />
		<Point X = "205" Y = "210" T = "0" Pressure = "0" />
		<Point X = "203" Y = "210" T = "0" Pressure = "0" />
		<Point X = "202" Y = "210" T = "0" Pressure = "0" />
		<Point X = "200" Y = "210" T = "0" Pressure = "0" />
		<Point X = "199" Y = "210" T = "0" Pressure = "0" />
		<Point X = "197" Y = "210" T = "0" Pressure = "0" />
		<Point X = "196" Y = "210" T = "0" Pressure = "0" />
		<Point X = "195" Y = "210" T = "0" Pressure = "0" />
		<Point X = "195" Y = "211" T = "0" Pressure = "0" />
		<Point X = "194" Y = "211" T = "0" Pressure = "0" />
		<Point X = "193" Y = "211" T = "0" Pressure = "0" />
		<Point X = "192" Y = "211" T = "0" Pressure = "0" />
		<Point X = "191" Y = "211" T = "0" Pressure = "0" />
		<Point X = "190" Y = "211" T = "0" Pressure = "0" />
		<Point X = "189" Y = "211" T = "0" Pressure = "0" />
		<Point X = "188" Y = "211" T = "0" Pressure = "0" />
		<Point X = "187" Y = "211" T = "0" Pressure = "0" />
		<Point X = "186" Y = "212" T = "0" Pressure = "0" />
		<Point X = "185" Y = "212" T = "0" Pressure = "0" />
		<Point X = "183" Y = "213" T = "0" Pressure = "0" />
		<Point X = "182" Y = "214" T = "0" Pressure = "0" />
		<Point X = "181" Y = "214" T = "0" Pressure = "0" />
		<Point X = "180" Y = "214" T = "0" Pressure = "0" />
		<Point X = "179" Y = "215" T = "0" Pressure = "0" />
		<Point X = "178" Y = "215" T = "0" Pressure = "0" />
		<Point X = "176" Y = "216" T = "0" Pressure = "0" />
		<Point X = "175" Y = "217" T = "0" Pressure = "0" />
		<Point X = "174" Y = "218" T = "0" Pressure = "0" />
		<Point X = "174" Y = "219" T = "0" Pressure = "0" />
		<Point X = "174" Y = "220" T = "0" Pressure = "0" />
	</Stroke>
</Gesture>
