<?xml version="1.0" encoding="utf-8" standalone="yes"?>
<Gesture Name = "b">
	<Stroke>
		<Point X = "320" Y = "60" T = "0" Pressure = "0" />
		<Point X = "320" Y = "63" T = "0" Pressure = "0" />
		<Point X = "320" Y = "68" T = "0" Pressure = "0" />
		<Point X = "320" Y = "74" T = "0" Pressure = "0" />
		<Point X = "320" Y = "78" T = "0" Pressure = "0" />
		<Point X = "320" Y = "85" T = "0" Pressure = "0" />
		<Point X = "320" Y = "87" T = "0" Pressure = "0" />
		<Point X = "320" Y = "91" T = "0" Pressure = "0" />
		<Point X = "320" Y = "94" T = "0" Pressure = "0" />
		<Point X = "320" Y = "97" T = "0" Pressure = "0" />
		<Point X = "320" Y = "100" T = "0" Pressure = "0" />
		<Point X = "320" Y = "102" T = "0" Pressure = "0" />
		<Point X = "320" Y = "105" T = "0" Pressure = "0" />
		<Point X = "320" Y = "108" T = "0" Pressure = "0" />
		<Point X = "319" Y = "110" T = "0" Pressure = "0" />
		<Point X = "318" Y = "117" T = "0" Pressure = "0" />
		<Point X = "316" Y = "121" T = "0" Pressure = "0" />
		<Point X = "316" Y = "127" T = "0" Pressure = "0" />
		<Point X = "315" Y = "134" T = "0" Pressure = "0" />
		<Point X = "314" Y = "141" T = "0" Pressure = "0" />
		<Point X = "314" Y = "146" T = "0" Pressure = "0" />
		<Point X = "314" Y = "152" T = "0" Pressure = "0" />
		<Point X = "314" Y = "156" T = "0" Pressure = "0" />
		<Point X = "314" Y = "159" T = "0" Pressure = "0" />
		<Point X = "313" Y = "161" T = "0" Pressure = "0" />
		<Point X = "313" Y = "162" T = "0" Pressure = "0" />
		<Point X = "312" Y = "164" T = "0" Pressure = "0" />
		<Point X = "311" Y = "166" T = "0" Pressure = "0" />
		<Point X = "311" Y = "168" T = "0" Pressure = "0" />
		<Point X = "311" Y = "169" T = "0" Pressure = "0" />
		<Point X = "311" Y = "170" T = "0" Pressure = "0" />
		<Point X = "311" Y = "173" T = "0" Pressure = "0" />
		<Point X = "311" Y = "175" T = "0" Pressure = "0" />
		<Point X = "311" Y = "178" T = "0" Pressure = "0" />
		<Point X = "311" Y = "180" T = "0" Pressure = "0" />
		<Point X = "311" Y = "181" T = "0" Pressure = "0" />
		<Point X = "311" Y = "183" T = "0" Pressure = "0" />
		<Point X = "311" Y = "185" T = "0" Pressure = "0" />
		<Point X = "311" Y = "188" T = "0" Pressure = "0" />
		<Point X = "311" Y = "192" T = "0" Pressure = "0" />
		<Point X = "311" Y = "196" T = "0" Pressure = "0" />
		<Point X = "311" Y = "199" T = "0" Pressure = "0" />
		<Point X = "311" Y = "201" T = "0" Pressure = "0" />
		<Point X = "311" Y = "203" T = "0" Pressure = "0" />
		<Point X = "311" Y = "206" T = "0" Pressure = "0" />
		<Point X = "312" Y = "208" T = "0" Pressure = "0" />
		<Point X = "312" Y = "209" T = "0" Pressure = "0" />
		<Point X = "313" Y = "211" T = "0" Pressure = "0" />
		<Point X = "315" Y = "212" T = "0" Pressure = "0" />
		<Point X = "316" Y = "214" T = "0" Pressure = "0" />
		<Point X = "317" Y = "214" T = "0" Pressure = "0" />
		<Point X = "319" Y = "216" T = "0" Pressure = "0" />
		<Point X = "320" Y = "218" T = "0" Pressure = "0" />
		<Point X = "322" Y = "220" T = "0" Pressure = "0" />
		<Point X = "323" Y = "222" T = "0" Pressure = "0" />
		<Point X = "326" Y = "227" T = "0" Pressure = "0" />
		<Point X = "327" Y = "230" T = "0" Pressure = "0" />
		<Point X = "328" Y = "231" T = "0" Pressure = "0" />
		<Point X = "331" Y = "235" T = "0" Pressure = "0" />
		<Point X = "333" Y = "239" T = "0" Pressure = "0" />
		<Point X = "335" Y = "243" T = "0" Pressure = "0" />
		<Point X = "337" Y = "248" T = "0" Pressure = "0" />
		<Point X = "339" Y = "250" T = "0" Pressure = "0" />
		<Point X = "340" Y = "251" T = "0" Pressure = "0" />
		<Point X = "343" Y = "254" T = "0" Pressure = "0" />
		<Point X = "344" Y = "255" T = "0" Pressure = "0" />
		<Point X = "346" Y = "256" T = "0" Pressure = "0" />
		<Point X = "347" Y = "256" T = "0" Pressure = "0" />
		<Point X = "349" Y = "257" T = "0" Pressure = "0" />
		<Point X = "350" Y = "257" T = "0" Pressure = "0" />
		<Point X = "352" Y = "257" T = "0" Pressure = "0" />
		<Point X = "353" Y = "257" T = "0" Pressure = "0" />
		<Point X = "354" Y = "257" T = "0" Pressure = "0" />
		<Point X = "355" Y = "257" T = "0" Pressure = "0" />
		<Point X = "356" Y = "257" T = "0" Pressure = "0" />
		<Point X = "357" Y = "257" T = "0" Pressure = "0" />
		<Point X = "358" Y = "257" T = "0" Pressure = "0" />
		<Point X = "359" Y = "257" T = "0" Pressure = "0" />
		<Point X = "361" Y = "257" T = "0" Pressure = "0" />
		<Point X = "362" Y = "257" T = "0" Pressure = "0" />
		<Point X = "365" Y = "257" T = "0" Pressure = "0" />
		<Point X = "366" Y = "257" T = "0" Pressure = "0" />
		<Point X = "369" Y = "257" T = "0" Pressure = "0" />
		<Point X = "371" Y = "257" T = "0" Pressure = "0" />
		<Point X = "375" Y = "256" T = "0" Pressure = "0" />
		<Point X = "376" Y = "255" T = "0" Pressure = "0" />
		<Point X = "378" Y = "253" T = "0" Pressure = "0" />
		<Point X = "383" Y = "250" T = "0" Pressure = "0" />
		<Point X = "384" Y = "249" T = "0" Pressure = "0" />
		<Point X = "386" Y = "247" T = "0" Pressure = "0" />
		<Point X = "387" Y = "246" T = "0" Pressure = "0" />
		<Point X = "388" Y = "243" T = "0" Pressure = "0" />
		<Point X = "388" Y = "241" T = "0" Pressure = "0" />
		<Point X = "389" Y = "240" T = "0" Pressure = "0" />
		<Point X = "390" Y = "238" T = "0" Pressure = "0" />
		<Point X = "390" Y = "237" T = "0" Pressure = "0" />
		<Point X = "390" Y = "235" T = "0" Pressure = "0" />
		<Point X = "390" Y = "234" T = "0" Pressure = "0" />
		<Point X = "390" Y = "233" T = "0" Pressure = "0" />
		<Point X = "392" Y = "232" T = "0" Pressure = "0" />
		<Point X = "392" Y = "230" T = "0" Pressure = "0" />
		<Point X = "392" Y = "227" T = "0" Pressure = "0" />
		<Point X = "392" Y = "226" T = "0" Pressure = "0" />
		<Point X = "393" Y = "224" T = "0" Pressure = "0" />
		<Point X = "394" Y = "222" T = "0" Pressure = "0" />
		<Point X = "394" Y = "220" T = "0" Pressure = "0" />
		<Point X = "394" Y = "219" T = "0" Pressure = "0" />
		<Point X = "394" Y = "217" T = "0" Pressure = "0" />
		<Point X = "394" Y = "215" T = "0" Pressure = "0" />
		<Point X = "394" Y = "213" T = "0" Pressure = "0" />
		<Point X = "394" Y = "212" T = "0" Pressure = "0" />
		<Point X = "394" Y = "211" T = "0" Pressure = "0" />
		<Point X = "394" Y = "209" T = "0" Pressure = "0" />
		<Point X = "394" Y = "208" T = "0" Pressure = "0" />
		<Point X = "394" Y = "207" T = "0" Pressure = "0" />
		<Point X = "394" Y = "206" T = "0" Pressure = "0" />
		<Point X = "393" Y = "206" T = "0" Pressure = "0" />
		<Point X = "390" Y = "205" T = "0" Pressure = "0" />
		<Point X = "388" Y = "204" T = "0" Pressure = "0" />
		<Point X = "387" Y = "204" T = "0" Pressure = "0" />
		<Point X = "385" Y = "203" T = "0" Pressure = "0" />
		<Point X = "382" Y = "201" T = "0" Pressure = "0" />
		<Point X = "381" Y = "201" T = "0" Pressure = "0" />
		<Point X = "378" Y = "199" T = "0" Pressure = "0" />
		<Point X = "377" Y = "198" T = "0" Pressure = "0" />
		<Point X = "376" Y = "198" T = "0" Pressure = "0" />
		<Point X = "374" Y = "196" T = "0" Pressure = "0" />
		<Point X = "372" Y = "195" T = "0" Pressure = "0" />
		<Point X = "370" Y = "195" T = "0" Pressure = "0" />
		<Point X = "368" Y = "195" T = "0" Pressure = "0" />
		<Point X = "365" Y = "195" T = "0" Pressure = "0" />
		<Point X = "362" Y = "195" T = "0" Pressure = "0" />
		<Point X = "361" Y = "195" T = "0" Pressure = "0" />
		<Point X = "358" Y = "195" T = "0" Pressure = "0" />
		<Point X = "357" Y = "195" T = "0" Pressure = "0" />
		<Point X = "355" Y = "195" T = "0" Pressure = "0" />
		<Point X = "354" Y = "195" T = "0" Pressure = "0" />
		<Point X = "351" Y = "195" T = "0" Pressure = "0" />
		<Point X = "350" Y = "195" T = "0" Pressure = "0" />
		<Point X = "348" Y = "195" T = "0" Pressure = "0" />
		<Point X = "346" Y = "196" T = "0" Pressure = "0" />
		<Point X = "345" Y = "196" T = "0" Pressure = "0" />
		<Point X = "344" Y = "196" T = "0" Pressure = "0" />
		<Point X = "343" Y = "197" T = "0" Pressure = "0" />
		<Point X = "342" Y = "197" T = "0" Pressure = "0" />
		<Point X = "341" Y = "197" T = "0" Pressure = "0" />
		<Point X = "338" Y = "198" T = "0" Pressure = "0" />
		<Point X = "337" Y = "199" T = "0" Pressure = "0" />
		<Point X = "336" Y = "199" T = "0" Pressure = "0" />
		<Point X = "335" Y = "199" T = "0" Pressure = "0" />
		<Point X = "334" Y = "199" T = "0" Pressure = "0" />
		<Point X = "332" Y = "200" T = "0" Pressure = "0" />
		<Point X = "330" Y = "200" T = "0" Pressure = "0" />
		<Point X = "329" Y = "200" T = "0" Pressure = "0" />
		<Point X = "327" Y = "201" T = "0" Pressure = "0" />
		<Point X = "326" Y = "201" T = "0" Pressure = "0" />
		<Point X = "325" Y = "201" T = "0" Pressure = "0" />
		<Point X = "325" Y = "202" T = "0" Pressure = "0" />
		<Point X = "324" Y = "202" T = "0" Pressure = "0" />
		<Point X = "323" Y = "202" T = "0" Pressure = "0" />
		<Point X = "322" Y = "202" T = "0" Pressure = "0" />
		<Point X = "322" Y = "203" T = "0" Pressure = "0" />
		<Point X = "321" Y = "203" T = "0" Pressure = "0" />
		<Point X = "320" Y = "203" T = "0" Pressure = "0" />
		<Point X = "319" Y = "203" T = "0" Pressure = "0" />
		<Point X = "319" Y = "204" T = "0" Pressure = "0" />
		<Point X = "318" Y = "204" T = "0" Pressure = "0" />
		<Point X = "317" Y = "204" T = "0" Pressure = "0" />
		<Point X = "316" Y = "204" T = "0" Pressure = "0" />
		<Point X = "315" Y = "204" T = "0" Pressure = "0" />
		<Point X = "315" Y = "205" T = "0" Pressure = "0" />
		<Point X = "314" Y = "205" T = "0" Pressure = "0" />
	</Stroke>
</Gesture>
