<?xml version="1.0" encoding="utf-8" standalone="yes"?>
<Gesture Name = "b">
	<Stroke>
		<Point X = "64" Y = "46" T = "0" Pressure = "0" />
		<Point X = "64" Y = "49" T = "0" Pressure = "0" />
		<Point X = "64" Y = "53" T = "0" Pressure = "0" />
		<Point X = "64" Y = "58" T = "0" Pressure = "0" />
		<Point X = "64" Y = "62" T = "0" Pressure = "0" />
		<Point X = "64" Y = "65" T = "0" Pressure = "0" />
		<Point X = "64" Y = "68" T = "0" Pressure = "0" />
		<Point X = "64" Y = "72" T = "0" Pressure = "0" />
		<Point X = "64" Y = "74" T = "0" Pressure = "0" />
		<Point X = "64" Y = "78" T = "0" Pressure = "0" />
		<Point X = "63" Y = "81" T = "0" Pressure = "0" />
		<Point X = "63" Y = "84" T = "0" Pressure = "0" />
		<Point X = "62" Y = "89" T = "0" Pressure = "0" />
		<Point X = "62" Y = "92" T = "0" Pressure = "0" />
		<Point X = "60" Y = "96" T = "0" Pressure = "0" />
		<Point X = "60" Y = "98" T = "0" Pressure = "0" />
		<Point X = "60" Y = "105" T = "0" Pressure = "0" />
		<Point X = "60" Y = "107" T = "0" Pressure = "0" />
		<Point X = "60" Y = "111" T = "0" Pressure = "0" />
		<Point X = "60" Y = "114" T = "0" Pressure = "0" />
		<Point X = "60" Y = "116" T = "0" Pressure = "0" />
		<Point X = "60" Y = "118" T = "0" Pressure = "0" />
		<Point X = "60" Y = "121" T = "0" Pressure = "0" />
		<Point X = "60" Y = "124" T = "0" Pressure = "0" />
		<Point X = "60" Y = "126" T = "0" Pressure = "0" />
		<Point X = "60" Y = "128" T = "0" Pressure = "0" />
		<Point X = "60" Y = "131" T = "0" Pressure = "0" />
		<Point X = "60" Y = "133" T = "0" Pressure = "0" />
		<Point X = "60" Y = "136" T = "0" Pressure = "0" />
		<Point X = "60" Y = "139" T = "0" Pressure = "0" />
		<Point X = "60" Y = "143" T = "0" Pressure = "0" />
		<Point X = "60" Y = "148" T = "0" Pressure = "0" />
		<Point X = "60" Y = "153" T = "0" Pressure = "0" />
		<Point X = "60" Y = "159" T = "0" Pressure = "0" />
		<Point X = "60" Y = "166" T = "0" Pressure = "0" />
		<Point X = "60" Y = "171" T = "0" Pressure = "0" />
		<Point X = "60" Y = "175" T = "0" Pressure = "0" />
		<Point X = "60" Y = "178" T = "0" Pressure = "0" />
		<Point X = "60" Y = "183" T = "0" Pressure = "0" />
		<Point X = "60" Y = "187" T = "0" Pressure = "0" />
		<Point X = "60" Y = "191" T = "0" Pressure = "0" />
		<Point X = "60" Y = "197" T = "0" Pressure = "0" />
		<Point X = "60" Y = "202" T = "0" Pressure = "0" />
		<Point X = "60" Y = "208" T = "0" Pressure = "0" />
		<Point X = "60" Y = "216" T = "0" Pressure = "0" />
		<Point X = "60" Y = "221" T = "0" Pressure = "0" />
		<Point X = "60" Y = "226" T = "0" Pressure = "0" />
		<Point X = "60" Y = "231" T = "0" Pressure = "0" />
		<Point X = "60" Y = "234" T = "0" Pressure = "0" />
		<Point X = "60" Y = "238" T = "0" Pressure = "0" />
		<Point X = "60" Y = "241" T = "0" Pressure = "0" />
		<Point X = "60" Y = "246" T = "0" Pressure = "0" />
		<Point X = "60" Y = "247" T = "0" Pressure = "0" />
		<Point X = "60" Y = "249" T = "0" Pressure = "0" />
		<Point X = "60" Y = "250" T = "0" Pressure = "0" />
		<Point X = "60" Y = "251" T = "0" Pressure = "0" />
		<Point X = "60" Y = "252" T = "0" Pressure = "0" />
		<Point X = "60" Y = "253" T = "0" Pressure = "0" />
		<Point X = "61" Y = "253" T = "0" Pressure = "0" />
		<Point X = "63" Y = "256" T = "0" Pressure = "0" />
		<Point X = "65" Y = "257" T = "0" Pressure = "0" />
		<Point X = "68" Y = "259" T = "0" Pressure = "0" />
		<Point X = "72" Y = "261" T = "0" Pressure = "0" />
		<Point X = "78" Y = "264" T = "0" Pressure = "0" />
		<Point X = "83" Y = "266" T = "0" Pressure = "0" />
		<Point X = "86" Y = "267" T = "0" Pressure = "0" />
		<Point X = "95" Y = "270" T = "0" Pressure = "0" />
		<Point X = "99" Y = "270" T = "0" Pressure = "0" />
		<Point X = "103" Y = "270" T = "0" Pressure = "0" />
		<Point X = "109" Y = "270" T = "0" Pressure = "0" />
		<Point X = "113" Y = "270" T = "0" Pressure = "0" />
		<Point X = "117" Y = "270" T = "0" Pressure = "0" />
		<Point X = "120" Y = "270" T = "0" Pressure = "0" />
		<Point X = "125" Y = "269" T = "0" Pressure = "0" />
		<Point X = "128" Y = "269" T = "0" Pressure = "0" />
		<Point X = "130" Y = "268" T = "0" Pressure = "0" />
		<Point X = "133" Y = "266" T = "0" Pressure = "0" />
		<Point X = "134" Y = "266" T = "0" Pressure = "0" />
		<Point X = "134" Y = "265" T = "0" Pressure = "0" />
		<Point X = "135" Y = "265" T = "0" Pressure = "0" />
		<Point X = "136" Y = "264" T = "0" Pressure = "0" />
		<Point X = "138" Y = "263" T = "0" Pressure = "0" />
		<Point X = "139" Y = "262" T = "0" Pressure = "0" />
		<Point X = "140" Y = "262" T = "0" Pressure = "0" />
		<Point X = "143" Y = "259" T = "0" Pressure = "0" />
		<Point X = "145" Y = "257" T = "0" Pressure = "0" />
		<Point X = "145" Y = "255" T = "0" Pressure = "0" />
		<Point X = "146" Y = "253" T = "0" Pressure = "0" />
		<Point X = "148" Y = "251" T = "0" Pressure = "0" />
		<Point X = "148" Y = "248" T = "0" Pressure = "0" />
		<Point X = "148" Y = "244" T = "0" Pressure = "0" />
		<Point X = "148" Y = "240" T = "0" Pressure = "0" />
		<Point X = "148" Y = "237" T = "0" Pressure = "0" />
		<Point X = "148" Y = "235" T = "0" Pressure = "0" />
		<Point X = "148" Y = "232" T = "0" Pressure = "0" />
		<Point X = "148" Y = "230" T = "0" Pressure = "0" />
		<Point X = "147" Y = "228" T = "0" Pressure = "0" />
		<Point X = "146" Y = "226" T = "0" Pressure = "0" />
		<Point X = "145" Y = "226" T = "0" Pressure = "0" />
		<Point X = "145" Y = "224" T = "0" Pressure = "0" />
		<Point X = "143" Y = "223" T = "0" Pressure = "0" />
		<Point X = "143" Y = "222" T = "0" Pressure = "0" />
		<Point X = "141" Y = "219" T = "0" Pressure = "0" />
		<Point X = "139" Y = "217" T = "0" Pressure = "0" />
		<Point X = "137" Y = "215" T = "0" Pressure = "0" />
		<Point X = "134" Y = "213" T = "0" Pressure = "0" />
		<Point X = "131" Y = "211" T = "0" Pressure = "0" />
		<Point X = "129" Y = "209" T = "0" Pressure = "0" />
		<Point X = "127" Y = "207" T = "0" Pressure = "0" />
		<Point X = "125" Y = "206" T = "0" Pressure = "0" />
		<Point X = "124" Y = "206" T = "0" Pressure = "0" />
		<Point X = "120" Y = "206" T = "0" Pressure = "0" />
		<Point X = "118" Y = "206" T = "0" Pressure = "0" />
		<Point X = "116" Y = "205" T = "0" Pressure = "0" />
		<Point X = "114" Y = "205" T = "0" Pressure = "0" />
		<Point X = "111" Y = "205" T = "0" Pressure = "0" />
		<Point X = "109" Y = "205" T = "0" Pressure = "0" />
		<Point X = "106" Y = "205" T = "0" Pressure = "0" />
		<Point X = "105" Y = "204" T = "0" Pressure = "0" />
		<Point X = "103" Y = "204" T = "0" Pressure = "0" />
		<Point X = "101" Y = "204" T = "0" Pressure = "0" />
		<Point X = "100" Y = "204" T = "0" Pressure = "0" />
		<Point X = "99" Y = "204" T = "0" Pressure = "0" />
		<Point X = "97" Y = "204" T = "0" Pressure = "0" />
		<Point X = "96" Y = "204" T = "0" Pressure = "0" />
		<Point X = "95" Y = "204" T = "0" Pressure = "0" />
		<Point X = "93" Y = "204" T = "0" Pressure = "0" />
		<Point X = "92" Y = "204" T = "0" Pressure = "0" />
		<Point X = "90" Y = "204" T = "0" Pressure = "0" />
		<Point X = "88" Y = "204" T = "0" Pressure = "0" />
		<Point X = "85" Y = "204" T = "0" Pressure = "0" />
		<Point X = "83" Y = "204" T = "0" Pressure = "0" />
		<Point X = "79" Y = "204" T = "0" Pressure = "0" />
		<Point X = "78" Y = "204" T = "0" Pressure = "0" />
		<Point X = "75" Y = "204" T = "0" Pressure = "0" />
		<Point X = "73" Y = "204" T = "0" Pressure = "0" />
		<Point X = "72" Y = "204" T = "0" Pressure = "0" />
		<Point X = "71" Y = "204" T = "0" Pressure = "0" />
		<Point X = "70" Y = "204" T = "0" Pressure = "0" />
		<Point X = "69" Y = "204" T = "0" Pressure = "0" />
		<Point X = "68" Y = "204" T = "0" Pressure = "0" />
		<Point X = "67" Y = "204" T = "0" Pressure = "0" />
		<Point X = "66" Y = "204" T = "0" Pressure = "0" />
		<Point X = "65" Y = "204" T = "0" Pressure = "0" />
		<Point X = "63" Y = "205" T = "0" Pressure = "0" />
		<Point X = "61" Y = "206" T = "0" Pressure = "0" />
		<Point X = "61" Y = "207" T = "0" Pressure = "0" />
	</Stroke>
</Gesture>
