<?xml version="1.0" encoding="utf-8" standalone="yes"?>
<Gesture Name = "b">
	<Stroke>
		<Point X = "39" Y = "66" T = "0" Pressure = "0" />
		<Point X = "39" Y = "70" T = "0" Pressure = "0" />
		<Point X = "37" Y = "76" T = "0" Pressure = "0" />
		<Point X = "37" Y = "83" T = "0" Pressure = "0" />
		<Point X = "36" Y = "90" T = "0" Pressure = "0" />
		<Point X = "35" Y = "97" T = "0" Pressure = "0" />
		<Point X = "34" Y = "106" T = "0" Pressure = "0" />
		<Point X = "34" Y = "112" T = "0" Pressure = "0" />
		<Point X = "32" Y = "120" T = "0" Pressure = "0" />
		<Point X = "32" Y = "127" T = "0" Pressure = "0" />
		<Point X = "32" Y = "132" T = "0" Pressure = "0" />
		<Point X = "32" Y = "138" T = "0" Pressure = "0" />
		<Point X = "32" Y = "142" T = "0" Pressure = "0" />
		<Point X = "32" Y = "146" T = "0" Pressure = "0" />
		<Point X = "32" Y = "150" T = "0" Pressure = "0" />
		<Point X = "32" Y = "155" T = "0" Pressure = "0" />
		<Point X = "32" Y = "159" T = "0" Pressure = "0" />
		<Point X = "32" Y = "163" T = "0" Pressure = "0" />
		<Point X = "32" Y = "167" T = "0" Pressure = "0" />
		<Point X = "32" Y = "171" T = "0" Pressure = "0" />
		<Point X = "32" Y = "176" T = "0" Pressure = "0" />
		<Point X = "32" Y = "180" T = "0" Pressure = "0" />
		<Point X = "32" Y = "183" T = "0" Pressure = "0" />
		<Point X = "32" Y = "187" T = "0" Pressure = "0" />
		<Point X = "32" Y = "189" T = "0" Pressure = "0" />
		<Point X = "32" Y = "191" T = "0" Pressure = "0" />
		<Point X = "32" Y = "194" T = "0" Pressure = "0" />
		<Point X = "32" Y = "197" T = "0" Pressure = "0" />
		<Point X = "32" Y = "201" T = "0" Pressure = "0" />
		<Point X = "32" Y = "202" T = "0" Pressure = "0" />
		<Point X = "32" Y = "205" T = "0" Pressure = "0" />
		<Point X = "32" Y = "209" T = "0" Pressure = "0" />
		<Point X = "32" Y = "212" T = "0" Pressure = "0" />
		<Point X = "32" Y = "214" T = "0" Pressure = "0" />
		<Point X = "32" Y = "219" T = "0" Pressure = "0" />
		<Point X = "32" Y = "223" T = "0" Pressure = "0" />
		<Point X = "32" Y = "227" T = "0" Pressure = "0" />
		<Point X = "32" Y = "230" T = "0" Pressure = "0" />
		<Point X = "32" Y = "233" T = "0" Pressure = "0" />
		<Point X = "32" Y = "236" T = "0" Pressure = "0" />
		<Point X = "32" Y = "237" T = "0" Pressure = "0" />
		<Point X = "32" Y = "238" T = "0" Pressure = "0" />
		<Point X = "32" Y = "240" T = "0" Pressure = "0" />
		<Point X = "33" Y = "242" T = "0" Pressure = "0" />
		<Point X = "35" Y = "244" T = "0" Pressure = "0" />
		<Point X = "35" Y = "245" T = "0" Pressure = "0" />
		<Point X = "36" Y = "247" T = "0" Pressure = "0" />
		<Point X = "37" Y = "248" T = "0" Pressure = "0" />
		<Point X = "38" Y = "250" T = "0" Pressure = "0" />
		<Point X = "39" Y = "251" T = "0" Pressure = "0" />
		<Point X = "40" Y = "252" T = "0" Pressure = "0" />
		<Point X = "41" Y = "254" T = "0" Pressure = "0" />
		<Point X = "42" Y = "256" T = "0" Pressure = "0" />
		<Point X = "43" Y = "257" T = "0" Pressure = "0" />
		<Point X = "44" Y = "259" T = "0" Pressure = "0" />
		<Point X = "46" Y = "262" T = "0" Pressure = "0" />
		<Point X = "47" Y = "263" T = "0" Pressure = "0" />
		<Point X = "49" Y = "264" T = "0" Pressure = "0" />
		<Point X = "53" Y = "266" T = "0" Pressure = "0" />
		<Point X = "55" Y = "266" T = "0" Pressure = "0" />
		<Point X = "58" Y = "267" T = "0" Pressure = "0" />
		<Point X = "61" Y = "268" T = "0" Pressure = "0" />
		<Point X = "64" Y = "270" T = "0" Pressure = "0" />
		<Point X = "67" Y = "270" T = "0" Pressure = "0" />
		<Point X = "70" Y = "270" T = "0" Pressure = "0" />
		<Point X = "73" Y = "270" T = "0" Pressure = "0" />
		<Point X = "76" Y = "270" T = "0" Pressure = "0" />
		<Point X = "78" Y = "270" T = "0" Pressure = "0" />
		<Point X = "80" Y = "270" T = "0" Pressure = "0" />
		<Point X = "81" Y = "270" T = "0" Pressure = "0" />
		<Point X = "83" Y = "270" T = "0" Pressure = "0" />
		<Point X = "84" Y = "270" T = "0" Pressure = "0" />
		<Point X = "86" Y = "270" T = "0" Pressure = "0" />
		<Point X = "87" Y = "270" T = "0" Pressure = "0" />
		<Point X = "88" Y = "270" T = "0" Pressure = "0" />
		<Point X = "90" Y = "270" T = "0" Pressure = "0" />
		<Point X = "91" Y = "270" T = "0" Pressure = "0" />
		<Point X = "93" Y = "270" T = "0" Pressure = "0" />
		<Point X = "95" Y = "267" T = "0" Pressure = "0" />
		<Point X = "97" Y = "266" T = "0" Pressure = "0" />
		<Point X = "99" Y = "265" T = "0" Pressure = "0" />
		<Point X = "101" Y = "263" T = "0" Pressure = "0" />
		<Point X = "103" Y = "262" T = "0" Pressure = "0" />
		<Point X = "104" Y = "260" T = "0" Pressure = "0" />
		<Point X = "106" Y = "257" T = "0" Pressure = "0" />
		<Point X = "106" Y = "254" T = "0" Pressure = "0" />
		<Point X = "106" Y = "252" T = "0" Pressure = "0" />
		<Point X = "107" Y = "250" T = "0" Pressure = "0" />
		<Point X = "109" Y = "247" T = "0" Pressure = "0" />
		<Point X = "109" Y = "245" T = "0" Pressure = "0" />
		<Point X = "109" Y = "244" T = "0" Pressure = "0" />
		<Point X = "110" Y = "242" T = "0" Pressure = "0" />
		<Point X = "110" Y = "241" T = "0" Pressure = "0" />
		<Point X = "110" Y = "240" T = "0" Pressure = "0" />
		<Point X = "110" Y = "238" T = "0" Pressure = "0" />
		<Point X = "110" Y = "235" T = "0" Pressure = "0" />
		<Point X = "110" Y = "232" T = "0" Pressure = "0" />
		<Point X = "110" Y = "230" T = "0" Pressure = "0" />
		<Point X = "110" Y = "229" T = "0" Pressure = "0" />
		<Point X = "110" Y = "227" T = "0" Pressure = "0" />
		<Point X = "110" Y = "225" T = "0" Pressure = "0" />
		<Point X = "110" Y = "224" T = "0" Pressure = "0" />
		<Point X = "110" Y = "223" T = "0" Pressure = "0" />
		<Point X = "110" Y = "221" T = "0" Pressure = "0" />
		<Point X = "110" Y = "219" T = "0" Pressure = "0" />
		<Point X = "110" Y = "217" T = "0" Pressure = "0" />
		<Point X = "110" Y = "215" T = "0" Pressure = "0" />
		<Point X = "108" Y = "211" T = "0" Pressure = "0" />
		<Point X = "107" Y = "207" T = "0" Pressure = "0" />
		<Point X = "104" Y = "203" T = "0" Pressure = "0" />
		<Point X = "104" Y = "202" T = "0" Pressure = "0" />
		<Point X = "102" Y = "199" T = "0" Pressure = "0" />
		<Point X = "100" Y = "198" T = "0" Pressure = "0" />
		<Point X = "97" Y = "196" T = "0" Pressure = "0" />
		<Point X = "96" Y = "196" T = "0" Pressure = "0" />
		<Point X = "94" Y = "196" T = "0" Pressure = "0" />
		<Point X = "93" Y = "195" T = "0" Pressure = "0" />
		<Point X = "90" Y = "194" T = "0" Pressure = "0" />
		<Point X = "87" Y = "193" T = "0" Pressure = "0" />
		<Point X = "85" Y = "193" T = "0" Pressure = "0" />
		<Point X = "82" Y = "192" T = "0" Pressure = "0" />
		<Point X = "80" Y = "192" T = "0" Pressure = "0" />
		<Point X = "79" Y = "192" T = "0" Pressure = "0" />
		<Point X = "76" Y = "192" T = "0" Pressure = "0" />
		<Point X = "75" Y = "191" T = "0" Pressure = "0" />
		<Point X = "74" Y = "191" T = "0" Pressure = "0" />
		<Point X = "72" Y = "191" T = "0" Pressure = "0" />
		<Point X = "71" Y = "191" T = "0" Pressure = "0" />
		<Point X = "70" Y = "191" T = "0" Pressure = "0" />
		<Point X = "69" Y = "190" T = "0" Pressure = "0" />
		<Point X = "68" Y = "189" T = "0" Pressure = "0" />
		<Point X = "67" Y = "189" T = "0" Pressure = "0" />
		<Point X = "66" Y = "189" T = "0" Pressure = "0" />
		<Point X = "65" Y = "189" T = "0" Pressure = "0" />
		<Point X = "64" Y = "189" T = "0" Pressure = "0" />
		<Point X = "62" Y = "189" T = "0" Pressure = "0" />
		<Point X = "61" Y = "190" T = "0" Pressure = "0" />
		<Point X = "60" Y = "190" T = "0" Pressure = "0" />
		<Point X = "59" Y = "190" T = "0" Pressure = "0" />
		<Point X = "57" Y = "190" T = "0" Pressure = "0" />
		<Point X = "56" Y = "191" T = "0" Pressure = "0" />
		<Point X = "55" Y = "192" T = "0" Pressure = "0" />
		<Point X = "53" Y = "192" T = "0" Pressure = "0" />
		<Point X = "52" Y = "192" T = "0" Pressure = "0" />
		<Point X = "50" Y = "192" T = "0" Pressure = "0" />
		<Point X = "49" Y = "192" T = "0" Pressure = "0" />
		<Point X = "47" Y = "192" T = "0" Pressure = "0" />
		<Point X = "46" Y = "192" T = "0" Pressure = "0" />
		<Point X = "44" Y = "193" T = "0" Pressure = "0" />
		<Point X = "43" Y = "193" T = "0" Pressure = "0" />
		<Point X = "41" Y = "193" T = "0" Pressure = "0" />
		<Point X = "40" Y = "193" T = "0" Pressure = "0" />
		<Point X = "38" Y = "193" T = "0" Pressure = "0" />
		<Point X = "37" Y = "195" T = "0" Pressure = "0" />
		<Point X = "35" Y = "196" T = "0" Pressure = "0" />
		<Point X = "34" Y = "196" T = "0" Pressure = "0" />
		<Point X = "33" Y = "196" T = "0" Pressure = "0" />
	</Stroke>
</Gesture>
