<?xml version="1.0" encoding="utf-8" standalone="yes"?>
<Gesture Name = "b">
	<Stroke>
		<Point X = "221" Y = "76" T = "0" Pressure = "0" />
		<Point X = "221" Y = "78" T = "0" Pressure = "0" />
		<Point X = "221" Y = "81" T = "0" Pressure = "0" />
		<Point X = "221" Y = "82" T = "0" Pressure = "0" />
		<Point X = "221" Y = "85" T = "0" Pressure = "0" />
		<Point X = "221" Y = "88" T = "0" Pressure = "0" />
		<Point X = "221" Y = "91" T = "0" Pressure = "0" />
		<Point X = "221" Y = "94" T = "0" Pressure = "0" />
		<Point X = "221" Y = "98" T = "0" Pressure = "0" />
		<Point X = "221" Y = "104" T = "0" Pressure = "0" />
		<Point X = "221" Y = "108" T = "0" Pressure = "0" />
		<Point X = "221" Y = "112" T = "0" Pressure = "0" />
		<Point X = "221" Y = "115" T = "0" Pressure = "0" />
		<Point X = "221" Y = "118" T = "0" Pressure = "0" />
		<Point X = "221" Y = "123" T = "0" Pressure = "0" />
		<Point X = "221" Y = "126" T = "0" Pressure = "0" />
		<Point X = "221" Y = "130" T = "0" Pressure = "0" />
		<Point X = "221" Y = "133" T = "0" Pressure = "0" />
		<Point X = "220" Y = "137" T = "0" Pressure = "0" />
		<Point X = "219" Y = "141" T = "0" Pressure = "0" />
		<Point X = "217" Y = "148" T = "0" Pressure = "0" />
		<Point X = "217" Y = "150" T = "0" Pressure = "0" />
		<Point X = "216" Y = "152" T = "0" Pressure = "0" />
		<Point X = "216" Y = "155" T = "0" Pressure = "0" />
		<Point X = "215" Y = "160" T = "0" Pressure = "0" />
		<Point X = "214" Y = "161" T = "0" Pressure = "0" />
		<Point X = "213" Y = "164" T = "0" Pressure = "0" />
		<Point X = "213" Y = "166" T = "0" Pressure = "0" />
		<Point X = "212" Y = "170" T = "0" Pressure = "0" />
		<Point X = "212" Y = "171" T = "0" Pressure = "0" />
		<Point X = "211" Y = "174" T = "0" Pressure = "0" />
		<Point X = "211" Y = "177" T = "0" Pressure = "0" />
		<Point X = "211" Y = "179" T = "0" Pressure = "0" />
		<Point X = "209" Y = "183" T = "0" Pressure = "0" />
		<Point X = "209" Y = "186" T = "0" Pressure = "0" />
		<Point X = "208" Y = "188" T = "0" Pressure = "0" />
		<Point X = "208" Y = "191" T = "0" Pressure = "0" />
		<Point X = "208" Y = "194" T = "0" Pressure = "0" />
		<Point X = "208" Y = "196" T = "0" Pressure = "0" />
		<Point X = "208" Y = "199" T = "0" Pressure = "0" />
		<Point X = "208" Y = "202" T = "0" Pressure = "0" />
		<Point X = "208" Y = "206" T = "0" Pressure = "0" />
		<Point X = "208" Y = "209" T = "0" Pressure = "0" />
		<Point X = "208" Y = "210" T = "0" Pressure = "0" />
		<Point X = "208" Y = "212" T = "0" Pressure = "0" />
		<Point X = "208" Y = "214" T = "0" Pressure = "0" />
		<Point X = "208" Y = "216" T = "0" Pressure = "0" />
		<Point X = "208" Y = "218" T = "0" Pressure = "0" />
		<Point X = "208" Y = "220" T = "0" Pressure = "0" />
		<Point X = "208" Y = "221" T = "0" Pressure = "0" />
		<Point X = "210" Y = "223" T = "0" Pressure = "0" />
		<Point X = "210" Y = "226" T = "0" Pressure = "0" />
		<Point X = "212" Y = "228" T = "0" Pressure = "0" />
		<Point X = "214" Y = "231" T = "0" Pressure = "0" />
		<Point X = "215" Y = "235" T = "0" Pressure = "0" />
		<Point X = "217" Y = "236" T = "0" Pressure = "0" />
		<Point X = "217" Y = "237" T = "0" Pressure = "0" />
		<Point X = "219" Y = "239" T = "0" Pressure = "0" />
		<Point X = "221" Y = "240" T = "0" Pressure = "0" />
		<Point X = "222" Y = "242" T = "0" Pressure = "0" />
		<Point X = "223" Y = "244" T = "0" Pressure = "0" />
		<Point X = "224" Y = "244" T = "0" Pressure = "0" />
		<Point X = "224" Y = "245" T = "0" Pressure = "0" />
		<Point X = "226" Y = "246" T = "0" Pressure = "0" />
		<Point X = "227" Y = "247" T = "0" Pressure = "0" />
		<Point X = "230" Y = "249" T = "0" Pressure = "0" />
		<Point X = "231" Y = "250" T = "0" Pressure = "0" />
		<Point X = "236" Y = "252" T = "0" Pressure = "0" />
		<Point X = "238" Y = "254" T = "0" Pressure = "0" />
		<Point X = "241" Y = "255" T = "0" Pressure = "0" />
		<Point X = "245" Y = "257" T = "0" Pressure = "0" />
		<Point X = "246" Y = "257" T = "0" Pressure = "0" />
		<Point X = "247" Y = "258" T = "0" Pressure = "0" />
		<Point X = "250" Y = "259" T = "0" Pressure = "0" />
		<Point X = "252" Y = "260" T = "0" Pressure = "0" />
		<Point X = "253" Y = "260" T = "0" Pressure = "0" />
		<Point X = "254" Y = "260" T = "0" Pressure = "0" />
		<Point X = "256" Y = "260" T = "0" Pressure = "0" />
		<Point X = "258" Y = "260" T = "0" Pressure = "0" />
		<Point X = "259" Y = "260" T = "0" Pressure = "0" />
		<Point X = "260" Y = "260" T = "0" Pressure = "0" />
		<Point X = "261" Y = "260" T = "0" Pressure = "0" />
		<Point X = "262" Y = "260" T = "0" Pressure = "0" />
		<Point X = "263" Y = "260" T = "0" Pressure = "0" />
		<Point X = "265" Y = "258" T = "0" Pressure = "0" />
		<Point X = "267" Y = "256" T = "0" Pressure = "0" />
		<Point X = "268" Y = "256" T = "0" Pressure = "0" />
		<Point X = "270" Y = "254" T = "0" Pressure = "0" />
		<Point X = "271" Y = "252" T = "0" Pressure = "0" />
		<Point X = "272" Y = "251" T = "0" Pressure = "0" />
		<Point X = "274" Y = "249" T = "0" Pressure = "0" />
		<Point X = "274" Y = "247" T = "0" Pressure = "0" />
		<Point X = "275" Y = "245" T = "0" Pressure = "0" />
		<Point X = "275" Y = "243" T = "0" Pressure = "0" />
		<Point X = "276" Y = "240" T = "0" Pressure = "0" />
		<Point X = "277" Y = "237" T = "0" Pressure = "0" />
		<Point X = "277" Y = "236" T = "0" Pressure = "0" />
		<Point X = "278" Y = "236" T = "0" Pressure = "0" />
		<Point X = "278" Y = "234" T = "0" Pressure = "0" />
		<Point X = "278" Y = "233" T = "0" Pressure = "0" />
		<Point X = "278" Y = "232" T = "0" Pressure = "0" />
		<Point X = "278" Y = "230" T = "0" Pressure = "0" />
		<Point X = "278" Y = "229" T = "0" Pressure = "0" />
		<Point X = "278" Y = "227" T = "0" Pressure = "0" />
		<Point X = "278" Y = "225" T = "0" Pressure = "0" />
		<Point X = "278" Y = "223" T = "0" Pressure = "0" />
		<Point X = "278" Y = "221" T = "0" Pressure = "0" />
		<Point X = "277" Y = "219" T = "0" Pressure = "0" />
		<Point X = "277" Y = "218" T = "0" Pressure = "0" />
		<Point X = "276" Y = "216" T = "0" Pressure = "0" />
		<Point X = "274" Y = "215" T = "0" Pressure = "0" />
		<Point X = "274" Y = "214" T = "0" Pressure = "0" />
		<Point X = "273" Y = "213" T = "0" Pressure = "0" />
		<Point X = "272" Y = "212" T = "0" Pressure = "0" />
		<Point X = "271" Y = "209" T = "0" Pressure = "0" />
		<Point X = "270" Y = "208" T = "0" Pressure = "0" />
		<Point X = "270" Y = "207" T = "0" Pressure = "0" />
		<Point X = "269" Y = "206" T = "0" Pressure = "0" />
		<Point X = "268" Y = "205" T = "0" Pressure = "0" />
		<Point X = "266" Y = "203" T = "0" Pressure = "0" />
		<Point X = "265" Y = "203" T = "0" Pressure = "0" />
		<Point X = "264" Y = "201" T = "0" Pressure = "0" />
		<Point X = "262" Y = "200" T = "0" Pressure = "0" />
		<Point X = "261" Y = "200" T = "0" Pressure = "0" />
		<Point X = "260" Y = "198" T = "0" Pressure = "0" />
		<Point X = "259" Y = "198" T = "0" Pressure = "0" />
		<Point X = "258" Y = "198" T = "0" Pressure = "0" />
		<Point X = "257" Y = "197" T = "0" Pressure = "0" />
		<Point X = "255" Y = "197" T = "0" Pressure = "0" />
		<Point X = "253" Y = "197" T = "0" Pressure = "0" />
		<Point X = "251" Y = "197" T = "0" Pressure = "0" />
		<Point X = "250" Y = "197" T = "0" Pressure = "0" />
		<Point X = "248" Y = "197" T = "0" Pressure = "0" />
		<Point X = "246" Y = "197" T = "0" Pressure = "0" />
		<Point X = "244" Y = "197" T = "0" Pressure = "0" />
		<Point X = "243" Y = "197" T = "0" Pressure = "0" />
		<Point X = "241" Y = "196" T = "0" Pressure = "0" />
		<Point X = "240" Y = "195" T = "0" Pressure = "0" />
		<Point X = "238" Y = "195" T = "0" Pressure = "0" />
		<Point X = "237" Y = "195" T = "0" Pressure = "0" />
		<Point X = "236" Y = "195" T = "0" Pressure = "0" />
		<Point X = "235" Y = "195" T = "0" Pressure = "0" />
		<Point X = "234" Y = "195" T = "0" Pressure = "0" />
		<Point X = "233" Y = "195" T = "0" Pressure = "0" />
		<Point X = "231" Y = "195" T = "0" Pressure = "0" />
		<Point X = "229" Y = "194" T = "0" Pressure = "0" />
		<Point X = "228" Y = "194" T = "0" Pressure = "0" />
		<Point X = "226" Y = "193" T = "0" Pressure = "0" />
		<Point X = "225" Y = "193" T = "0" Pressure = "0" />
		<Point X = "224" Y = "193" T = "0" Pressure = "0" />
		<Point X = "223" Y = "193" T = "0" Pressure = "0" />
		<Point X = "221" Y = "193" T = "0" Pressure = "0" />
		<Point X = "221" Y = "192" T = "0" Pressure = "0" />
		<Point X = "220" Y = "192" T = "0" Pressure = "0" />
		<Point X = "219" Y = "192" T = "0" Pressure = "0" />
		<Point X = "218" Y = "192" T = "0" Pressure = "0" />
		<Point X = "217" Y = "192" T = "0" Pressure = "0" />
		<Point X = "216" Y = "192" T = "0" Pressure = "0" />
		<Point X = "214" Y = "192" T = "0" Pressure = "0" />
		<Point X = "214" Y = "193" T = "0" Pressure = "0" />
		<Point X = "213" Y = "193" T = "0" Pressure = "0" />
		<Point X = "212" Y = "193" T = "0" Pressure = "0" />
		<Point X = "211" Y = "193" T = "0" Pressure = "0" />
		<Point X = "209" Y = "193" T = "0" Pressure = "0" />
	</Stroke>
</Gesture>
