<?xml version="1.0" encoding="utf-8" standalone="yes"?>
<Gesture Name = "b">
	<Stroke>
		<Point X = "142" Y = "32" T = "0" Pressure = "0" />
		<Point X = "142" Y = "33" T = "0" Pressure = "0" />
		<Point X = "142" Y = "35" T = "0" Pressure = "0" />
		<Point X = "142" Y = "36" T = "0" Pressure = "0" />
		<Point X = "141" Y = "37" T = "0" Pressure = "0" />
		<Point X = "141" Y = "39" T = "0" Pressure = "0" />
		<Point X = "141" Y = "40" T = "0" Pressure = "0" />
		<Point X = "141" Y = "41" T = "0" Pressure = "0" />
		<Point X = "141" Y = "42" T = "0" Pressure = "0" />
		<Point X = "141" Y = "43" T = "0" Pressure = "0" />
		<Point X = "141" Y = "44" T = "0" Pressure = "0" />
		<Point X = "141" Y = "45" T = "0" Pressure = "0" />
		<Point X = "141" Y = "47" T = "0" Pressure = "0" />
		<Point X = "141" Y = "48" T = "0" Pressure = "0" />
		<Point X = "141" Y = "50" T = "0" Pressure = "0" />
		<Point X = "141" Y = "51" T = "0" Pressure = "0" />
		<Point X = "141" Y = "53" T = "0" Pressure = "0" />
		<Point X = "141" Y = "54" T = "0" Pressure = "0" />
		<Point X = "141" Y = "56" T = "0" Pressure = "0" />
		<Point X = "141" Y = "57" T = "0" Pressure = "0" />
		<Point X = "141" Y = "58" T = "0" Pressure = "0" />
		<Point X = "141" Y = "59" T = "0" Pressure = "0" />
		<Point X = "141" Y = "60" T = "0" Pressure = "0" />
		<Point X = "141" Y = "61" T = "0" Pressure = "0" />
		<Point X = "141" Y = "62" T = "0" Pressure = "0" />
		<Point X = "141" Y = "63" T = "0" Pressure = "0" />
		<Point X = "141" Y = "64" T = "0" Pressure = "0" />
		<Point X = "141" Y = "65" T = "0" Pressure = "0" />
		<Point X = "141" Y = "66" T = "0" Pressure = "0" />
		<Point X = "141" Y = "67" T = "0" Pressure = "0" />
		<Point X = "141" Y = "68" T = "0" Pressure = "0" />
		<Point X = "141" Y = "69" T = "0" Pressure = "0" />
		<Point X = "141" Y = "70" T = "0" Pressure = "0" />
		<Point X = "141" Y = "71" T = "0" Pressure = "0" />
		<Point X = "141" Y = "72" T = "0" Pressure = "0" />
		<Point X = "140" Y = "72" T = "0" Pressure = "0" />
		<Point X = "140" Y = "73" T = "0" Pressure = "0" />
		<Point X = "140" Y = "74" T = "0" Pressure = "0" />
		<Point X = "140" Y = "75" T = "0" Pressure = "0" />
		<Point X = "140" Y = "76" T = "0" Pressure = "0" />
		<Point X = "140" Y = "77" T = "0" Pressure = "0" />
		<Point X = "140" Y = "78" T = "0" Pressure = "0" />
		<Point X = "140" Y = "80" T = "0" Pressure = "0" />
		<Point X = "139" Y = "81" T = "0" Pressure = "0" />
		<Point X = "139" Y = "82" T = "0" Pressure = "0" />
		<Point X = "139" Y = "83" T = "0" Pressure = "0" />
		<Point X = "139" Y = "84" T = "0" Pressure = "0" />
		<Point X = "139" Y = "85" T = "0" Pressure = "0" />
		<Point X = "139" Y = "86" T = "0" Pressure = "0" />
		<Point X = "138" Y = "87" T = "0" Pressure = "0" />
		<Point X = "138" Y = "88" T = "0" Pressure = "0" />
		<Point X = "138" Y = "89" T = "0" Pressure = "0" />
		<Point X = "138" Y = "90" T = "0" Pressure = "0" />
		<Point X = "138" Y = "91" T = "0" Pressure = "0" />
		<Point X = "138" Y = "92" T = "0" Pressure = "0" />
		<Point X = "138" Y = "93" T = "0" Pressure = "0" />
		<Point X = "138" Y = "94" T = "0" Pressure = "0" />
		<Point X = "138" Y = "95" T = "0" Pressure = "0" />
		<Point X = "138" Y = "96" T = "0" Pressure = "0" />
		<Point X = "138" Y = "97" T = "0" Pressure = "0" />
		<Point X = "138" Y = "98" T = "0" Pressure = "0" />
		<Point X = "138" Y = "99" T = "0" Pressure = "0" />
		<Point X = "138" Y = "100" T = "0" Pressure = "0" />
		<Point X = "138" Y = "101" T = "0" Pressure = "0" />
		<Point X = "138" Y = "102" T = "0" Pressure = "0" />
		<Point X = "137" Y = "103" T = "0" Pressure = "0" />
		<Point X = "137" Y = "104" T = "0" Pressure = "0" />
		<Point X = "137" Y = "106" T = "0" Pressure = "0" />
		<Point X = "137" Y = "107" T = "0" Pressure = "0" />
		<Point X = "137" Y = "108" T = "0" Pressure = "0" />
		<Point X = "137" Y = "109" T = "0" Pressure = "0" />
		<Point X = "137" Y = "110" T = "0" Pressure = "0" />
		<Point X = "137" Y = "111" T = "0" Pressure = "0" />
		<Point X = "137" Y = "112" T = "0" Pressure = "0" />
		<Point X = "137" Y = "113" T = "0" Pressure = "0" />
		<Point X = "137" Y = "114" T = "0" Pressure = "0" />
		<Point X = "137" Y = "115" T = "0" Pressure = "0" />
		<Point X = "137" Y = "116" T = "0" Pressure = "0" />
		<Point X = "137" Y = "117" T = "0" Pressure = "0" />
		<Point X = "137" Y = "118" T = "0" Pressure = "0" />
		<Point X = "137" Y = "119" T = "0" Pressure = "0" />
		<Point X = "137" Y = "120" T = "0" Pressure = "0" />
		<Point X = "137" Y = "121" T = "0" Pressure = "0" />
		<Point X = "137" Y = "122" T = "0" Pressure = "0" />
		<Point X = "137" Y = "123" T = "0" Pressure = "0" />
		<Point X = "137" Y = "124" T = "0" Pressure = "0" />
		<Point X = "137" Y = "125" T = "0" Pressure = "0" />
		<Point X = "137" Y = "126" T = "0" Pressure = "0" />
		<Point X = "137" Y = "127" T = "0" Pressure = "0" />
		<Point X = "137" Y = "128" T = "0" Pressure = "0" />
		<Point X = "137" Y = "130" T = "0" Pressure = "0" />
		<Point X = "137" Y = "131" T = "0" Pressure = "0" />
		<Point X = "137" Y = "132" T = "0" Pressure = "0" />
		<Point X = "137" Y = "133" T = "0" Pressure = "0" />
		<Point X = "137" Y = "135" T = "0" Pressure = "0" />
		<Point X = "137" Y = "136" T = "0" Pressure = "0" />
		<Point X = "137" Y = "137" T = "0" Pressure = "0" />
		<Point X = "137" Y = "138" T = "0" Pressure = "0" />
		<Point X = "137" Y = "139" T = "0" Pressure = "0" />
		<Point X = "137" Y = "141" T = "0" Pressure = "0" />
		<Point X = "137" Y = "142" T = "0" Pressure = "0" />
		<Point X = "136" Y = "143" T = "0" Pressure = "0" />
		<Point X = "135" Y = "144" T = "0" Pressure = "0" />
		<Point X = "135" Y = "145" T = "0" Pressure = "0" />
		<Point X = "135" Y = "147" T = "0" Pressure = "0" />
		<Point X = "135" Y = "148" T = "0" Pressure = "0" />
		<Point X = "135" Y = "150" T = "0" Pressure = "0" />
		<Point X = "135" Y = "151" T = "0" Pressure = "0" />
		<Point X = "135" Y = "153" T = "0" Pressure = "0" />
		<Point X = "135" Y = "154" T = "0" Pressure = "0" />
		<Point X = "135" Y = "156" T = "0" Pressure = "0" />
		<Point X = "135" Y = "157" T = "0" Pressure = "0" />
		<Point X = "135" Y = "158" T = "0" Pressure = "0" />
		<Point X = "135" Y = "159" T = "0" Pressure = "0" />
		<Point X = "135" Y = "160" T = "0" Pressure = "0" />
		<Point X = "135" Y = "161" T = "0" Pressure = "0" />
		<Point X = "135" Y = "163" T = "0" Pressure = "0" />
		<Point X = "135" Y = "165" T = "0" Pressure = "0" />
		<Point X = "135" Y = "166" T = "0" Pressure = "0" />
		<Point X = "134" Y = "166" T = "0" Pressure = "0" />
		<Point X = "134" Y = "167" T = "0" Pressure = "0" />
		<Point X = "134" Y = "168" T = "0" Pressure = "0" />
		<Point X = "134" Y = "169" T = "0" Pressure = "0" />
		<Point X = "134" Y = "170" T = "0" Pressure = "0" />
		<Point X = "134" Y = "171" T = "0" Pressure = "0" />
		<Point X = "134" Y = "172" T = "0" Pressure = "0" />
		<Point X = "134" Y = "173" T = "0" Pressure = "0" />
		<Point X = "134" Y = "174" T = "0" Pressure = "0" />
		<Point X = "134" Y = "176" T = "0" Pressure = "0" />
		<Point X = "134" Y = "177" T = "0" Pressure = "0" />
		<Point X = "134" Y = "178" T = "0" Pressure = "0" />
		<Point X = "134" Y = "179" T = "0" Pressure = "0" />
		<Point X = "134" Y = "180" T = "0" Pressure = "0" />
		<Point X = "134" Y = "181" T = "0" Pressure = "0" />
		<Point X = "134" Y = "182" T = "0" Pressure = "0" />
		<Point X = "134" Y = "183" T = "0" Pressure = "0" />
		<Point X = "134" Y = "184" T = "0" Pressure = "0" />
		<Point X = "134" Y = "185" T = "0" Pressure = "0" />
		<Point X = "134" Y = "187" T = "0" Pressure = "0" />
		<Point X = "134" Y = "188" T = "0" Pressure = "0" />
		<Point X = "134" Y = "190" T = "0" Pressure = "0" />
		<Point X = "134" Y = "191" T = "0" Pressure = "0" />
		<Point X = "134" Y = "192" T = "0" Pressure = "0" />
		<Point X = "135" Y = "194" T = "0" Pressure = "0" />
		<Point X = "135" Y = "195" T = "0" Pressure = "0" />
		<Point X = "135" Y = "196" T = "0" Pressure = "0" />
		<Point X = "135" Y = "197" T = "0" Pressure = "0" />
		<Point X = "135" Y = "198" T = "0" Pressure = "0" />
		<Point X = "135" Y = "199" T = "0" Pressure = "0" />
		<Point X = "135" Y = "200" T = "0" Pressure = "0" />
		<Point X = "136" Y = "201" T = "0" Pressure = "0" />
		<Point X = "136" Y = "202" T = "0" Pressure = "0" />
		<Point X = "136" Y = "203" T = "0" Pressure = "0" />
		<Point X = "137" Y = "204" T = "0" Pressure = "0" />
		<Point X = "137" Y = "205" T = "0" Pressure = "0" />
		<Point X = "137" Y = "207" T = "0" Pressure = "0" />
		<Point X = "137" Y = "208" T = "0" Pressure = "0" />
		<Point X = "137" Y = "209" T = "0" Pressure = "0" />
		<Point X = "137" Y = "210" T = "0" Pressure = "0" />
		<Point X = "137" Y = "212" T = "0" Pressure = "0" />
		<Point X = "136" Y = "214" T = "0" Pressure = "0" />
		<Point X = "136" Y = "215" T = "0" Pressure = "0" />
		<Point X = "135" Y = "216" T = "0" Pressure = "0" />
		<Point X = "135" Y = "217" T = "0" Pressure = "0" />
		<Point X = "134" Y = "218" T = "0" Pressure = "0" />
		<Point X = "134" Y = "221" T = "0" Pressure = "0" />
		<Point X = "134" Y = "222" T = "0" Pressure = "0" />
		<Point X = "134" Y = "223" T = "0" Pressure = "0" />
		<Point X = "134" Y = "225" T = "0" Pressure = "0" />
		<Point X = "134" Y = "226" T = "0" Pressure = "0" />
		<Point X = "134" Y = "228" T = "0" Pressure = "0" />
		<Point X = "134" Y = "229" T = "0" Pressure = "0" />
		<Point X = "134" Y = "230" T = "0" Pressure = "0" />
		<Point X = "134" Y = "232" T = "0" Pressure = "0" />
		<Point X = "134" Y = "234" T = "0" Pressure = "0" />
		<Point X = "134" Y = "236" T = "0" Pressure = "0" />
		<Point X = "134" Y = "238" T = "0" Pressure = "0" />
		<Point X = "134" Y = "239" T = "0" Pressure = "0" />
		<Point X = "134" Y = "241" T = "0" Pressure = "0" />
		<Point X = "134" Y = "242" T = "0" Pressure = "0" />
		<Point X = "134" Y = "244" T = "0" Pressure = "0" />
		<Point X = "134" Y = "245" T = "0" Pressure = "0" />
		<Point X = "134" Y = "247" T = "0" Pressure = "0" />
		<Point X = "134" Y = "248" T = "0" Pressure = "0" />
		<Point X = "134" Y = "249" T = "0" Pressure = "0" />
		<Point X = "134" Y = "250" T = "0" Pressure = "0" />
		<Point X = "134" Y = "251" T = "0" Pressure = "0" />
		<Point X = "134" Y = "253" T = "0" Pressure = "0" />
		<Point X = "134" Y = "254" T = "0" Pressure = "0" />
		<Point X = "134" Y = "255" T = "0" Pressure = "0" />
		<Point X = "134" Y = "257" T = "0" Pressure = "0" />
		<Point X = "134" Y = "258" T = "0" Pressure = "0" />
		<Point X = "134" Y = "259" T = "0" Pressure = "0" />
		<Point X = "134" Y = "260" T = "0" Pressure = "0" />
		<Point X = "134" Y = "261" T = "0" Pressure = "0" />
		<Point X = "134" Y = "263" T = "0" Pressure = "0" />
		<Point X = "134" Y = "264" T = "0" Pressure = "0" />
		<Point X = "134" Y = "265" T = "0" Pressure = "0" />
		<Point X = "134" Y = "267" T = "0" Pressure = "0" />
		<Point X = "134" Y = "269" T = "0" Pressure = "0" />
		<Point X = "134" Y = "270" T = "0" Pressure = "0" />
		<Point X = "134" Y = "272" T = "0" Pressure = "0" />
		<Point X = "134" Y = "273" T = "0" Pressure = "0" />
		<Point X = "134" Y = "275" T = "0" Pressure = "0" />
		<Point X = "134" Y = "277" T = "0" Pressure = "0" />
		<Point X = "134" Y = "278" T = "0" Pressure = "0" />
		<Point X = "134" Y = "279" T = "0" Pressure = "0" />
		<Point X = "134" Y = "281" T = "0" Pressure = "0" />
		<Point X = "134" Y = "282" T = "0" Pressure = "0" />
		<Point X = "134" Y = "283" T = "0" Pressure = "0" />
		<Point X = "134" Y = "284" T = "0" Pressure = "0" />
		<Point X = "134" Y = "285" T = "0" Pressure = "0" />
		<Point X = "134" Y = "286" T = "0" Pressure = "0" />
		<Point X = "134" Y = "287" T = "0" Pressure = "0" />
		<Point X = "135" Y = "289" T = "0" Pressure = "0" />
		<Point X = "135" Y = "291" T = "0" Pressure = "0" />
		<Point X = "135" Y = "292" T = "0" Pressure = "0" />
		<Point X = "135" Y = "294" T = "0" Pressure = "0" />
		<Point X = "135" Y = "295" T = "0" Pressure = "0" />
		<Point X = "135" Y = "297" T = "0" Pressure = "0" />
		<Point X = "136" Y = "297" T = "0" Pressure = "0" />
		<Point X = "136" Y = "298" T = "0" Pressure = "0" />
		<Point X = "136" Y = "300" T = "0" Pressure = "0" />
		<Point X = "137" Y = "300" T = "0" Pressure = "0" />
		<Point X = "137" Y = "301" T = "0" Pressure = "0" />
		<Point X = "138" Y = "303" T = "0" Pressure = "0" />
		<Point X = "138" Y = "304" T = "0" Pressure = "0" />
		<Point X = "139" Y = "304" T = "0" Pressure = "0" />
		<Point X = "139" Y = "305" T = "0" Pressure = "0" />
		<Point X = "139" Y = "306" T = "0" Pressure = "0" />
		<Point X = "139" Y = "307" T = "0" Pressure = "0" />
		<Point X = "139" Y = "308" T = "0" Pressure = "0" />
		<Point X = "139" Y = "310" T = "0" Pressure = "0" />
		<Point X = "139" Y = "311" T = "0" Pressure = "0" />
		<Point X = "139" Y = "312" T = "0" Pressure = "0" />
		<Point X = "139" Y = "313" T = "0" Pressure = "0" />
		<Point X = "139" Y = "314" T = "0" Pressure = "0" />
		<Point X = "139" Y = "315" T = "0" Pressure = "0" />
		<Point X = "139" Y = "316" T = "0" Pressure = "0" />
		<Point X = "139" Y = "317" T = "0" Pressure = "0" />
		<Point X = "139" Y = "318" T = "0" Pressure = "0" />
		<Point X = "139" Y = "319" T = "0" Pressure = "0" />
		<Point X = "139" Y = "320" T = "0" Pressure = "0" />
		<Point X = "139" Y = "322" T = "0" Pressure = "0" />
		<Point X = "140" Y = "323" T = "0" Pressure = "0" />
		<Point X = "141" Y = "325" T = "0" Pressure = "0" />
		<Point X = "142" Y = "326" T = "0" Pressure = "0" />
		<Point X = "143" Y = "327" T = "0" Pressure = "0" />
		<Point X = "143" Y = "328" T = "0" Pressure = "0" />
		<Point X = "145" Y = "329" T = "0" Pressure = "0" />
		<Point X = "147" Y = "329" T = "0" Pressure = "0" />
		<Point X = "148" Y = "329" T = "0" Pressure = "0" />
		<Point X = "149" Y = "330" T = "0" Pressure = "0" />
		<Point X = "150" Y = "331" T = "0" Pressure = "0" />
		<Point X = "150" Y = "332" T = "0" Pressure = "0" />
		<Point X = "152" Y = "332" T = "0" Pressure = "0" />
		<Point X = "153" Y = "332" T = "0" Pressure = "0" />
		<Point X = "154" Y = "333" T = "0" Pressure = "0" />
		<Point X = "155" Y = "333" T = "0" Pressure = "0" />
		<Point X = "157" Y = "334" T = "0" Pressure = "0" />
		<Point X = "158" Y = "334" T = "0" Pressure = "0" />
		<Point X = "159" Y = "334" T = "0" Pressure = "0" />
		<Point X = "160" Y = "334" T = "0" Pressure = "0" />
		<Point X = "161" Y = "334" T = "0" Pressure = "0" />
		<Point X = "162" Y = "334" T = "0" Pressure = "0" />
		<Point X = "163" Y = "334" T = "0" Pressure = "0" />
		<Point X = "164" Y = "334" T = "0" Pressure = "0" />
		<Point X = "165" Y = "334" T = "0" Pressure = "0" />
		<Point X = "166" Y = "334" T = "0" Pressure = "0" />
		<Point X = "168" Y = "334" T = "0" Pressure = "0" />
		<Point X = "169" Y = "334" T = "0" Pressure = "0" />
		<Point X = "170" Y = "334" T = "0" Pressure = "0" />
		<Point X = "171" Y = "334" T = "0" Pressure = "0" />
		<Point X = "172" Y = "334" T = "0" Pressure = "0" />
		<Point X = "174" Y = "334" T = "0" Pressure = "0" />
		<Point X = "175" Y = "334" T = "0" Pressure = "0" />
		<Point X = "176" Y = "334" T = "0" Pressure = "0" />
		<Point X = "177" Y = "334" T = "0" Pressure = "0" />
		<Point X = "178" Y = "334" T = "0" Pressure = "0" />
		<Point X = "179" Y = "334" T = "0" Pressure = "0" />
		<Point X = "180" Y = "334" T = "0" Pressure = "0" />
		<Point X = "181" Y = "334" T = "0" Pressure = "0" />
		<Point X = "182" Y = "334" T = "0" Pressure = "0" />
		<Point X = "183" Y = "333" T = "0" Pressure = "0" />
		<Point X = "184" Y = "333" T = "0" Pressure = "0" />
		<Point X = "185" Y = "333" T = "0" Pressure = "0" />
		<Point X = "187" Y = "333" T = "0" Pressure = "0" />
		<Point X = "188" Y = "333" T = "0" Pressure = "0" />
		<Point X = "189" Y = "333" T = "0" Pressure = "0" />
		<Point X = "191" Y = "333" T = "0" Pressure = "0" />
		<Point X = "192" Y = "333" T = "0" Pressure = "0" />
		<Point X = "193" Y = "333" T = "0" Pressure = "0" />
		<Point X = "194" Y = "333" T = "0" Pressure = "0" />
		<Point X = "195" Y = "333" T = "0" Pressure = "0" />
		<Point X = "197" Y = "333" T = "0" Pressure = "0" />
		<Point X = "198" Y = "333" T = "0" Pressure = "0" />
		<Point X = "200" Y = "333" T = "0" Pressure = "0" />
		<Point X = "201" Y = "333" T = "0" Pressure = "0" />
		<Point X = "203" Y = "333" T = "0" Pressure = "0" />
		<Point X = "204" Y = "333" T = "0" Pressure = "0" />
		<Point X = "206" Y = "333" T = "0" Pressure = "0" />
		<Point X = "207" Y = "333" T = "0" Pressure = "0" />
		<Point X = "209" Y = "333" T = "0" Pressure = "0" />
		<Point X = "210" Y = "333" T = "0" Pressure = "0" />
		<Point X = "212" Y = "333" T = "0" Pressure = "0" />
		<Point X = "214" Y = "333" T = "0" Pressure = "0" />
		<Point X = "217" Y = "333" T = "0" Pressure = "0" />
		<Point X = "218" Y = "333" T = "0" Pressure = "0" />
		<Point X = "219" Y = "332" T = "0" Pressure = "0" />
		<Point X = "220" Y = "332" T = "0" Pressure = "0" />
		<Point X = "221" Y = "332" T = "0" Pressure = "0" />
		<Point X = "222" Y = "332" T = "0" Pressure = "0" />
		<Point X = "223" Y = "332" T = "0" Pressure = "0" />
		<Point X = "223" Y = "331" T = "0" Pressure = "0" />
		<Point X = "224" Y = "331" T = "0" Pressure = "0" />
		<Point X = "225" Y = "331" T = "0" Pressure = "0" />
		<Point X = "226" Y = "330" T = "0" Pressure = "0" />
		<Point X = "227" Y = "330" T = "0" Pressure = "0" />
		<Point X = "229" Y = "330" T = "0" Pressure = "0" />
		<Point X = "230" Y = "328" T = "0" Pressure = "0" />
		<Point X = "232" Y = "328" T = "0" Pressure = "0" />
		<Point X = "234" Y = "327" T = "0" Pressure = "0" />
		<Point X = "235" Y = "327" T = "0" Pressure = "0" />
		<Point X = "235" Y = "326" T = "0" Pressure = "0" />
		<Point X = "236" Y = "326" T = "0" Pressure = "0" />
		<Point X = "237" Y = "325" T = "0" Pressure = "0" />
		<Point X = "238" Y = "324" T = "0" Pressure = "0" />
		<Point X = "238" Y = "323" T = "0" Pressure = "0" />
		<Point X = "239" Y = "322" T = "0" Pressure = "0" />
		<Point X = "241" Y = "321" T = "0" Pressure = "0" />
		<Point X = "241" Y = "319" T = "0" Pressure = "0" />
		<Point X = "242" Y = "319" T = "0" Pressure = "0" />
		<Point X = "242" Y = "318" T = "0" Pressure = "0" />
		<Point X = "244" Y = "317" T = "0" Pressure = "0" />
		<Point X = "246" Y = "317" T = "0" Pressure = "0" />
		<Point X = "246" Y = "316" T = "0" Pressure = "0" />
		<Point X = "247" Y = "316" T = "0" Pressure = "0" />
		<Point X = "247" Y = "315" T = "0" Pressure = "0" />
		<Point X = "249" Y = "314" T = "0" Pressure = "0" />
		<Point X = "249" Y = "313" T = "0" Pressure = "0" />
		<Point X = "251" Y = "313" T = "0" Pressure = "0" />
		<Point X = "251" Y = "312" T = "0" Pressure = "0" />
		<Point X = "252" Y = "312" T = "0" Pressure = "0" />
		<Point X = "252" Y = "311" T = "0" Pressure = "0" />
		<Point X = "253" Y = "310" T = "0" Pressure = "0" />
		<Point X = "254" Y = "309" T = "0" Pressure = "0" />
		<Point X = "255" Y = "308" T = "0" Pressure = "0" />
		<Point X = "256" Y = "306" T = "0" Pressure = "0" />
		<Point X = "257" Y = "306" T = "0" Pressure = "0" />
		<Point X = "257" Y = "305" T = "0" Pressure = "0" />
		<Point X = "259" Y = "304" T = "0" Pressure = "0" />
		<Point X = "259" Y = "303" T = "0" Pressure = "0" />
		<Point X = "259" Y = "302" T = "0" Pressure = "0" />
		<Point X = "260" Y = "302" T = "0" Pressure = "0" />
		<Point X = "261" Y = "300" T = "0" Pressure = "0" />
		<Point X = "262" Y = "299" T = "0" Pressure = "0" />
		<Point X = "263" Y = "298" T = "0" Pressure = "0" />
		<Point X = "263" Y = "296" T = "0" Pressure = "0" />
		<Point X = "264" Y = "295" T = "0" Pressure = "0" />
		<Point X = "265" Y = "294" T = "0" Pressure = "0" />
		<Point X = "266" Y = "293" T = "0" Pressure = "0" />
		<Point X = "266" Y = "292" T = "0" Pressure = "0" />
		<Point X = "267" Y = "291" T = "0" Pressure = "0" />
		<Point X = "268" Y = "290" T = "0" Pressure = "0" />
		<Point X = "268" Y = "288" T = "0" Pressure = "0" />
		<Point X = "269" Y = "286" T = "0" Pressure = "0" />
		<Point X = "270" Y = "284" T = "0" Pressure = "0" />
		<Point X = "270" Y = "283" T = "0" Pressure = "0" />
		<Point X = "270" Y = "281" T = "0" Pressure = "0" />
		<Point X = "271" Y = "281" T = "0" Pressure = "0" />
		<Point X = "271" Y = "280" T = "0" Pressure = "0" />
		<Point X = "271" Y = "278" T = "0" Pressure = "0" />
		<Point X = "271" Y = "277" T = "0" Pressure = "0" />
		<Point X = "271" Y = "275" T = "0" Pressure = "0" />
		<Point X = "271" Y = "274" T = "0" Pressure = "0" />
		<Point X = "271" Y = "272" T = "0" Pressure = "0" />
		<Point X = "271" Y = "271" T = "0" Pressure = "0" />
		<Point X = "270" Y = "270" T = "0" Pressure = "0" />
		<Point X = "270" Y = "269" T = "0" Pressure = "0" />
		<Point X = "270" Y = "268" T = "0" Pressure = "0" />
		<Point X = "270" Y = "267" T = "0" Pressure = "0" />
		<Point X = "270" Y = "266" T = "0" Pressure = "0" />
		<Point X = "270" Y = "265" T = "0" Pressure = "0" />
		<Point X = "270" Y = "264" T = "0" Pressure = "0" />
		<Point X = "270" Y = "263" T = "0" Pressure = "0" />
		<Point X = "269" Y = "262" T = "0" Pressure = "0" />
		<Point X = "269" Y = "261" T = "0" Pressure = "0" />
		<Point X = "269" Y = "259" T = "0" Pressure = "0" />
		<Point X = "269" Y = "258" T = "0" Pressure = "0" />
		<Point X = "268" Y = "257" T = "0" Pressure = "0" />
		<Point X = "268" Y = "256" T = "0" Pressure = "0" />
		<Point X = "267" Y = "256" T = "0" Pressure = "0" />
		<Point X = "267" Y = "255" T = "0" Pressure = "0" />
		<Point X = "267" Y = "254" T = "0" Pressure = "0" />
		<Point X = "267" Y = "253" T = "0" Pressure = "0" />
		<Point X = "267" Y = "252" T = "0" Pressure = "0" />
		<Point X = "266" Y = "250" T = "0" Pressure = "0" />
		<Point X = "265" Y = "248" T = "0" Pressure = "0" />
		<Point X = "264" Y = "247" T = "0" Pressure = "0" />
		<Point X = "263" Y = "244" T = "0" Pressure = "0" />
		<Point X = "263" Y = "242" T = "0" Pressure = "0" />
		<Point X = "261" Y = "241" T = "0" Pressure = "0" />
		<Point X = "261" Y = "240" T = "0" Pressure = "0" />
		<Point X = "261" Y = "239" T = "0" Pressure = "0" />
		<Point X = "260" Y = "237" T = "0" Pressure = "0" />
		<Point X = "259" Y = "236" T = "0" Pressure = "0" />
		<Point X = "258" Y = "234" T = "0" Pressure = "0" />
		<Point X = "257" Y = "234" T = "0" Pressure = "0" />
		<Point X = "257" Y = "233" T = "0" Pressure = "0" />
		<Point X = "256" Y = "233" T = "0" Pressure = "0" />
		<Point X = "255" Y = "231" T = "0" Pressure = "0" />
		<Point X = "254" Y = "231" T = "0" Pressure = "0" />
		<Point X = "254" Y = "230" T = "0" Pressure = "0" />
		<Point X = "253" Y = "229" T = "0" Pressure = "0" />
		<Point X = "251" Y = "228" T = "0" Pressure = "0" />
		<Point X = "251" Y = "227" T = "0" Pressure = "0" />
		<Point X = "250" Y = "226" T = "0" Pressure = "0" />
		<Point X = "249" Y = "226" T = "0" Pressure = "0" />
		<Point X = "247" Y = "224" T = "0" Pressure = "0" />
		<Point X = "246" Y = "224" T = "0" Pressure = "0" />
		<Point X = "245" Y = "223" T = "0" Pressure = "0" />
		<Point X = "244" Y = "223" T = "0" Pressure = "0" />
		<Point X = "242" Y = "222" T = "0" Pressure = "0" />
		<Point X = "242" Y = "221" T = "0" Pressure = "0" />
		<Point X = "241" Y = "221" T = "0" Pressure = "0" />
		<Point X = "239" Y = "221" T = "0" Pressure = "0" />
		<Point X = "239" Y = "220" T = "0" Pressure = "0" />
		<Point X = "238" Y = "220" T = "0" Pressure = "0" />
		<Point X = "237" Y = "220" T = "0" Pressure = "0" />
		<Point X = "235" Y = "218" T = "0" Pressure = "0" />
		<Point X = "234" Y = "217" T = "0" Pressure = "0" />
		<Point X = "233" Y = "217" T = "0" Pressure = "0" />
		<Point X = "232" Y = "217" T = "0" Pressure = "0" />
		<Point X = "232" Y = "216" T = "0" Pressure = "0" />
		<Point X = "230" Y = "216" T = "0" Pressure = "0" />
		<Point X = "228" Y = "215" T = "0" Pressure = "0" />
		<Point X = "227" Y = "214" T = "0" Pressure = "0" />
		<Point X = "226" Y = "214" T = "0" Pressure = "0" />
		<Point X = "225" Y = "214" T = "0" Pressure = "0" />
		<Point X = "224" Y = "214" T = "0" Pressure = "0" />
		<Point X = "223" Y = "214" T = "0" Pressure = "0" />
		<Point X = "222" Y = "213" T = "0" Pressure = "0" />
		<Point X = "221" Y = "213" T = "0" Pressure = "0" />
		<Point X = "220" Y = "213" T = "0" Pressure = "0" />
		<Point X = "218" Y = "212" T = "0" Pressure = "0" />
		<Point X = "217" Y = "211" T = "0" Pressure = "0" />
		<Point X = "216" Y = "211" T = "0" Pressure = "0" />
		<Point X = "215" Y = "210" T = "0" Pressure = "0" />
		<Point X = "214" Y = "210" T = "0" Pressure = "0" />
		<Point X = "213" Y = "210" T = "0" Pressure = "0" />
		<Point X = "212" Y = "210" T = "0" Pressure = "0" />
		<Point X = "211" Y = "210" T = "0" Pressure = "0" />
		<Point X = "209" Y = "209" T = "0" Pressure = "0" />
		<Point X = "208" Y = "209" T = "0" Pressure = "0" />
		<Point X = "208" Y = "208" T = "0" Pressure = "0" />
		<Point X = "207" Y = "208" T = "0" Pressure = "0" />
		<Point X = "206" Y = "208" T = "0" Pressure = "0" />
		<Point X = "205" Y = "208" T = "0" Pressure = "0" />
		<Point X = "204" Y = "207" T = "0" Pressure = "0" />
		<Point X = "202" Y = "207" T = "0" Pressure = "0" />
		<Point X = "201" Y = "207" T = "0" Pressure = "0" />
		<Point X = "199" Y = "207" T = "0" Pressure = "0" />
		<Point X = "198" Y = "207" T = "0" Pressure = "0" />
		<Point X = "196" Y = "207" T = "0" Pressure = "0" />
		<Point X = "195" Y = "207" T = "0" Pressure = "0" />
		<Point X = "192" Y = "207" T = "0" Pressure = "0" />
		<Point X = "189" Y = "207" T = "0" Pressure = "0" />
		<Point X = "187" Y = "207" T = "0" Pressure = "0" />
		<Point X = "185" Y = "207" T = "0" Pressure = "0" />
		<Point X = "184" Y = "207" T = "0" Pressure = "0" />
		<Point X = "182" Y = "207" T = "0" Pressure = "0" />
		<Point X = "181" Y = "207" T = "0" Pressure = "0" />
		<Point X = "179" Y = "207" T = "0" Pressure = "0" />
		<Point X = "178" Y = "207" T = "0" Pressure = "0" />
		<Point X = "176" Y = "207" T = "0" Pressure = "0" />
		<Point X = "174" Y = "207" T = "0" Pressure = "0" />
		<Point X = "172" Y = "207" T = "0" Pressure = "0" />
		<Point X = "171" Y = "207" T = "0" Pressure = "0" />
		<Point X = "170" Y = "207" T = "0" Pressure = "0" />
		<Point X = "169" Y = "207" T = "0" Pressure = "0" />
		<Point X = "167" Y = "207" T = "0" Pressure = "0" />
		<Point X = "166" Y = "207" T = "0" Pressure = "0" />
		<Point X = "165" Y = "207" T = "0" Pressure = "0" />
		<Point X = "163" Y = "207" T = "0" Pressure = "0" />
		<Point X = "162" Y = "207" T = "0" Pressure = "0" />
		<Point X = "160" Y = "207" T = "0" Pressure = "0" />
		<Point X = "159" Y = "207" T = "0" Pressure = "0" />
		<Point X = "157" Y = "207" T = "0" Pressure = "0" />
		<Point X = "156" Y = "207" T = "0" Pressure = "0" />
		<Point X = "154" Y = "207" T = "0" Pressure = "0" />
		<Point X = "153" Y = "207" T = "0" Pressure = "0" />
		<Point X = "151" Y = "207" T = "0" Pressure = "0" />
		<Point X = "150" Y = "207" T = "0" Pressure = "0" />
		<Point X = "149" Y = "207" T = "0" Pressure = "0" />
		<Point X = "148" Y = "207" T = "0" Pressure = "0" />
		<Point X = "147" Y = "207" T = "0" Pressure = "0" />
		<Point X = "145" Y = "207" T = "0" Pressure = "0" />
		<Point X = "144" Y = "207" T = "0" Pressure = "0" />
		<Point X = "142" Y = "207" T = "0" Pressure = "0" />
		<Point X = "141" Y = "207" T = "0" Pressure = "0" />
		<Point X = "139" Y = "207" T = "0" Pressure = "0" />
		<Point X = "138" Y = "207" T = "0" Pressure = "0" />
	</Stroke>
</Gesture>
