<?xml version="1.0" encoding="utf-8" standalone="yes"?>
<Gesture Name = "b">
	<Stroke>
		<Point X = "79" Y = "85" T = "0" Pressure = "0" />
		<Point X = "80" Y = "87" T = "0" Pressure = "0" />
		<Point X = "81" Y = "90" T = "0" Pressure = "0" />
		<Point X = "83" Y = "93" T = "0" Pressure = "0" />
		<Point X = "83" Y = "94" T = "0" Pressure = "0" />
		<Point X = "83" Y = "96" T = "0" Pressure = "0" />
		<Point X = "84" Y = "100" T = "0" Pressure = "0" />
		<Point X = "84" Y = "105" T = "0" Pressure = "0" />
		<Point X = "85" Y = "113" T = "0" Pressure = "0" />
		<Point X = "87" Y = "120" T = "0" Pressure = "0" />
		<Point X = "88" Y = "131" T = "0" Pressure = "0" />
		<Point X = "88" Y = "141" T = "0" Pressure = "0" />
		<Point X = "88" Y = "153" T = "0" Pressure = "0" />
		<Point X = "88" Y = "164" T = "0" Pressure = "0" />
		<Point X = "88" Y = "173" T = "0" Pressure = "0" />
		<Point X = "88" Y = "183" T = "0" Pressure = "0" />
		<Point X = "88" Y = "189" T = "0" Pressure = "0" />
		<Point X = "88" Y = "197" T = "0" Pressure = "0" />
		<Point X = "88" Y = "204" T = "0" Pressure = "0" />
		<Point X = "88" Y = "208" T = "0" Pressure = "0" />
		<Point X = "88" Y = "213" T = "0" Pressure = "0" />
		<Point X = "89" Y = "216" T = "0" Pressure = "0" />
		<Point X = "90" Y = "220" T = "0" Pressure = "0" />
		<Point X = "91" Y = "221" T = "0" Pressure = "0" />
		<Point X = "92" Y = "223" T = "0" Pressure = "0" />
		<Point X = "93" Y = "225" T = "0" Pressure = "0" />
		<Point X = "94" Y = "229" T = "0" Pressure = "0" />
		<Point X = "97" Y = "233" T = "0" Pressure = "0" />
		<Point X = "100" Y = "239" T = "0" Pressure = "0" />
		<Point X = "102" Y = "241" T = "0" Pressure = "0" />
		<Point X = "104" Y = "245" T = "0" Pressure = "0" />
		<Point X = "106" Y = "247" T = "0" Pressure = "0" />
		<Point X = "108" Y = "251" T = "0" Pressure = "0" />
		<Point X = "110" Y = "254" T = "0" Pressure = "0" />
		<Point X = "111" Y = "255" T = "0" Pressure = "0" />
		<Point X = "113" Y = "257" T = "0" Pressure = "0" />
		<Point X = "114" Y = "258" T = "0" Pressure = "0" />
		<Point X = "116" Y = "259" T = "0" Pressure = "0" />
		<Point X = "117" Y = "259" T = "0" Pressure = "0" />
		<Point X = "119" Y = "259" T = "0" Pressure = "0" />
		<Point X = "120" Y = "259" T = "0" Pressure = "0" />
		<Point X = "121" Y = "259" T = "0" Pressure = "0" />
		<Point X = "123" Y = "259" T = "0" Pressure = "0" />
		<Point X = "125" Y = "259" T = "0" Pressure = "0" />
		<Point X = "128" Y = "261" T = "0" Pressure = "0" />
		<Point X = "130" Y = "261" T = "0" Pressure = "0" />
		<Point X = "132" Y = "262" T = "0" Pressure = "0" />
		<Point X = "134" Y = "262" T = "0" Pressure = "0" />
		<Point X = "138" Y = "262" T = "0" Pressure = "0" />
		<Point X = "141" Y = "262" T = "0" Pressure = "0" />
		<Point X = "143" Y = "262" T = "0" Pressure = "0" />
		<Point X = "145" Y = "262" T = "0" Pressure = "0" />
		<Point X = "146" Y = "262" T = "0" Pressure = "0" />
		<Point X = "147" Y = "262" T = "0" Pressure = "0" />
		<Point X = "149" Y = "262" T = "0" Pressure = "0" />
		<Point X = "150" Y = "262" T = "0" Pressure = "0" />
		<Point X = "152" Y = "261" T = "0" Pressure = "0" />
		<Point X = "153" Y = "261" T = "0" Pressure = "0" />
		<Point X = "154" Y = "260" T = "0" Pressure = "0" />
		<Point X = "155" Y = "260" T = "0" Pressure = "0" />
		<Point X = "155" Y = "259" T = "0" Pressure = "0" />
		<Point X = "156" Y = "259" T = "0" Pressure = "0" />
		<Point X = "157" Y = "258" T = "0" Pressure = "0" />
		<Point X = "157" Y = "255" T = "0" Pressure = "0" />
		<Point X = "157" Y = "254" T = "0" Pressure = "0" />
		<Point X = "157" Y = "252" T = "0" Pressure = "0" />
		<Point X = "157" Y = "251" T = "0" Pressure = "0" />
		<Point X = "157" Y = "249" T = "0" Pressure = "0" />
		<Point X = "157" Y = "247" T = "0" Pressure = "0" />
		<Point X = "157" Y = "245" T = "0" Pressure = "0" />
		<Point X = "157" Y = "243" T = "0" Pressure = "0" />
		<Point X = "157" Y = "241" T = "0" Pressure = "0" />
		<Point X = "157" Y = "239" T = "0" Pressure = "0" />
		<Point X = "157" Y = "238" T = "0" Pressure = "0" />
		<Point X = "157" Y = "236" T = "0" Pressure = "0" />
		<Point X = "157" Y = "235" T = "0" Pressure = "0" />
		<Point X = "157" Y = "232" T = "0" Pressure = "0" />
		<Point X = "157" Y = "231" T = "0" Pressure = "0" />
		<Point X = "157" Y = "229" T = "0" Pressure = "0" />
		<Point X = "156" Y = "226" T = "0" Pressure = "0" />
		<Point X = "155" Y = "224" T = "0" Pressure = "0" />
		<Point X = "154" Y = "221" T = "0" Pressure = "0" />
		<Point X = "151" Y = "215" T = "0" Pressure = "0" />
		<Point X = "149" Y = "211" T = "0" Pressure = "0" />
		<Point X = "148" Y = "210" T = "0" Pressure = "0" />
		<Point X = "147" Y = "207" T = "0" Pressure = "0" />
		<Point X = "145" Y = "205" T = "0" Pressure = "0" />
		<Point X = "145" Y = "204" T = "0" Pressure = "0" />
		<Point X = "144" Y = "203" T = "0" Pressure = "0" />
		<Point X = "142" Y = "202" T = "0" Pressure = "0" />
		<Point X = "141" Y = "201" T = "0" Pressure = "0" />
		<Point X = "138" Y = "201" T = "0" Pressure = "0" />
		<Point X = "137" Y = "201" T = "0" Pressure = "0" />
		<Point X = "136" Y = "200" T = "0" Pressure = "0" />
		<Point X = "134" Y = "200" T = "0" Pressure = "0" />
		<Point X = "131" Y = "200" T = "0" Pressure = "0" />
		<Point X = "129" Y = "199" T = "0" Pressure = "0" />
		<Point X = "128" Y = "198" T = "0" Pressure = "0" />
		<Point X = "125" Y = "198" T = "0" Pressure = "0" />
		<Point X = "124" Y = "198" T = "0" Pressure = "0" />
		<Point X = "123" Y = "197" T = "0" Pressure = "0" />
		<Point X = "121" Y = "197" T = "0" Pressure = "0" />
		<Point X = "119" Y = "197" T = "0" Pressure = "0" />
		<Point X = "118" Y = "197" T = "0" Pressure = "0" />
		<Point X = "116" Y = "197" T = "0" Pressure = "0" />
		<Point X = "114" Y = "197" T = "0" Pressure = "0" />
		<Point X = "112" Y = "197" T = "0" Pressure = "0" />
		<Point X = "110" Y = "197" T = "0" Pressure = "0" />
		<Point X = "109" Y = "197" T = "0" Pressure = "0" />
		<Point X = "107" Y = "197" T = "0" Pressure = "0" />
		<Point X = "106" Y = "197" T = "0" Pressure = "0" />
		<Point X = "105" Y = "197" T = "0" Pressure = "0" />
		<Point X = "105" Y = "198" T = "0" Pressure = "0" />
		<Point X = "104" Y = "199" T = "0" Pressure = "0" />
		<Point X = "103" Y = "199" T = "0" Pressure = "0" />
		<Point X = "102" Y = "200" T = "0" Pressure = "0" />
		<Point X = "101" Y = "200" T = "0" Pressure = "0" />
		<Point X = "100" Y = "200" T = "0" Pressure = "0" />
		<Point X = "99" Y = "200" T = "0" Pressure = "0" />
		<Point X = "99" Y = "201" T = "0" Pressure = "0" />
		<Point X = "98" Y = "201" T = "0" Pressure = "0" />
		<Point X = "98" Y = "202" T = "0" Pressure = "0" />
		<Point X = "96" Y = "203" T = "0" Pressure = "0" />
		<Point X = "95" Y = "204" T = "0" Pressure = "0" />
		<Point X = "94" Y = "204" T = "0" Pressure = "0" />
		<Point X = "93" Y = "205" T = "0" Pressure = "0" />
		<Point X = "92" Y = "205" T = "0" Pressure = "0" />
		<Point X = "91" Y = "205" T = "0" Pressure = "0" />
		<Point X = "90" Y = "206" T = "0" Pressure = "0" />
		<Point X = "89" Y = "207" T = "0" Pressure = "0" />
		<Point X = "87" Y = "207" T = "0" Pressure = "0" />
		<Point X = "87" Y = "208" T = "0" Pressure = "0" />
	</Stroke>
</Gesture>
