<?xml version="1.0" encoding="utf-8" standalone="yes"?>
<Gesture Name = "b">
	<Stroke>
		<Point X = "275" Y = "52" T = "0" Pressure = "0" />
		<Point X = "275" Y = "56" T = "0" Pressure = "0" />
		<Point X = "275" Y = "59" T = "0" Pressure = "0" />
		<Point X = "275" Y = "65" T = "0" Pressure = "0" />
		<Point X = "273" Y = "69" T = "0" Pressure = "0" />
		<Point X = "273" Y = "73" T = "0" Pressure = "0" />
		<Point X = "273" Y = "78" T = "0" Pressure = "0" />
		<Point X = "272" Y = "82" T = "0" Pressure = "0" />
		<Point X = "271" Y = "88" T = "0" Pressure = "0" />
		<Point X = "269" Y = "95" T = "0" Pressure = "0" />
		<Point X = "266" Y = "102" T = "0" Pressure = "0" />
		<Point X = "266" Y = "111" T = "0" Pressure = "0" />
		<Point X = "265" Y = "120" T = "0" Pressure = "0" />
		<Point X = "263" Y = "130" T = "0" Pressure = "0" />
		<Point X = "262" Y = "141" T = "0" Pressure = "0" />
		<Point X = "262" Y = "152" T = "0" Pressure = "0" />
		<Point X = "262" Y = "160" T = "0" Pressure = "0" />
		<Point X = "262" Y = "170" T = "0" Pressure = "0" />
		<Point X = "262" Y = "181" T = "0" Pressure = "0" />
		<Point X = "262" Y = "189" T = "0" Pressure = "0" />
		<Point X = "262" Y = "194" T = "0" Pressure = "0" />
		<Point X = "262" Y = "199" T = "0" Pressure = "0" />
		<Point X = "262" Y = "201" T = "0" Pressure = "0" />
		<Point X = "262" Y = "204" T = "0" Pressure = "0" />
		<Point X = "262" Y = "205" T = "0" Pressure = "0" />
		<Point X = "262" Y = "206" T = "0" Pressure = "0" />
		<Point X = "262" Y = "208" T = "0" Pressure = "0" />
		<Point X = "263" Y = "208" T = "0" Pressure = "0" />
		<Point X = "266" Y = "210" T = "0" Pressure = "0" />
		<Point X = "270" Y = "213" T = "0" Pressure = "0" />
		<Point X = "275" Y = "216" T = "0" Pressure = "0" />
		<Point X = "278" Y = "218" T = "0" Pressure = "0" />
		<Point X = "280" Y = "220" T = "0" Pressure = "0" />
		<Point X = "283" Y = "222" T = "0" Pressure = "0" />
		<Point X = "284" Y = "223" T = "0" Pressure = "0" />
		<Point X = "287" Y = "225" T = "0" Pressure = "0" />
		<Point X = "289" Y = "226" T = "0" Pressure = "0" />
		<Point X = "292" Y = "226" T = "0" Pressure = "0" />
		<Point X = "294" Y = "226" T = "0" Pressure = "0" />
		<Point X = "296" Y = "226" T = "0" Pressure = "0" />
		<Point X = "298" Y = "226" T = "0" Pressure = "0" />
		<Point X = "300" Y = "226" T = "0" Pressure = "0" />
		<Point X = "301" Y = "226" T = "0" Pressure = "0" />
		<Point X = "303" Y = "226" T = "0" Pressure = "0" />
		<Point X = "304" Y = "226" T = "0" Pressure = "0" />
		<Point X = "306" Y = "225" T = "0" Pressure = "0" />
		<Point X = "308" Y = "224" T = "0" Pressure = "0" />
		<Point X = "310" Y = "224" T = "0" Pressure = "0" />
		<Point X = "312" Y = "222" T = "0" Pressure = "0" />
		<Point X = "315" Y = "220" T = "0" Pressure = "0" />
		<Point X = "316" Y = "218" T = "0" Pressure = "0" />
		<Point X = "317" Y = "216" T = "0" Pressure = "0" />
		<Point X = "319" Y = "213" T = "0" Pressure = "0" />
		<Point X = "321" Y = "207" T = "0" Pressure = "0" />
		<Point X = "321" Y = "204" T = "0" Pressure = "0" />
		<Point X = "321" Y = "201" T = "0" Pressure = "0" />
		<Point X = "321" Y = "198" T = "0" Pressure = "0" />
		<Point X = "321" Y = "195" T = "0" Pressure = "0" />
		<Point X = "321" Y = "192" T = "0" Pressure = "0" />
		<Point X = "321" Y = "189" T = "0" Pressure = "0" />
		<Point X = "321" Y = "188" T = "0" Pressure = "0" />
		<Point X = "320" Y = "184" T = "0" Pressure = "0" />
		<Point X = "318" Y = "181" T = "0" Pressure = "0" />
		<Point X = "317" Y = "179" T = "0" Pressure = "0" />
		<Point X = "314" Y = "177" T = "0" Pressure = "0" />
		<Point X = "312" Y = "174" T = "0" Pressure = "0" />
		<Point X = "310" Y = "172" T = "0" Pressure = "0" />
		<Point X = "306" Y = "170" T = "0" Pressure = "0" />
		<Point X = "303" Y = "168" T = "0" Pressure = "0" />
		<Point X = "300" Y = "167" T = "0" Pressure = "0" />
		<Point X = "298" Y = "165" T = "0" Pressure = "0" />
		<Point X = "296" Y = "165" T = "0" Pressure = "0" />
		<Point X = "295" Y = "164" T = "0" Pressure = "0" />
		<Point X = "291" Y = "163" T = "0" Pressure = "0" />
		<Point X = "288" Y = "163" T = "0" Pressure = "0" />
		<Point X = "286" Y = "163" T = "0" Pressure = "0" />
		<Point X = "285" Y = "163" T = "0" Pressure = "0" />
		<Point X = "284" Y = "163" T = "0" Pressure = "0" />
		<Point X = "282" Y = "163" T = "0" Pressure = "0" />
		<Point X = "281" Y = "163" T = "0" Pressure = "0" />
		<Point X = "279" Y = "163" T = "0" Pressure = "0" />
		<Point X = "278" Y = "163" T = "0" Pressure = "0" />
		<Point X = "277" Y = "163" T = "0" Pressure = "0" />
		<Point X = "276" Y = "163" T = "0" Pressure = "0" />
		<Point X = "274" Y = "164" T = "0" Pressure = "0" />
		<Point X = "273" Y = "164" T = "0" Pressure = "0" />
		<Point X = "272" Y = "164" T = "0" Pressure = "0" />
		<Point X = "272" Y = "165" T = "0" Pressure = "0" />
		<Point X = "271" Y = "165" T = "0" Pressure = "0" />
		<Point X = "270" Y = "165" T = "0" Pressure = "0" />
		<Point X = "269" Y = "165" T = "0" Pressure = "0" />
		<Point X = "269" Y = "166" T = "0" Pressure = "0" />
		<Point X = "268" Y = "166" T = "0" Pressure = "0" />
		<Point X = "266" Y = "167" T = "0" Pressure = "0" />
		<Point X = "265" Y = "167" T = "0" Pressure = "0" />
		<Point X = "265" Y = "168" T = "0" Pressure = "0" />
		<Point X = "264" Y = "168" T = "0" Pressure = "0" />
		<Point X = "263" Y = "168" T = "0" Pressure = "0" />
		<Point X = "263" Y = "169" T = "0" Pressure = "0" />
		<Point X = "261" Y = "170" T = "0" Pressure = "0" />
		<Point X = "259" Y = "171" T = "0" Pressure = "0" />
	</Stroke>
</Gesture>
