<?xml version="1.0" encoding="utf-8" standalone="yes"?>
<Gesture Name = "b">
	<Stroke>
		<Point X = "350" Y = "39" T = "0" Pressure = "0" />
		<Point X = "350" Y = "42" T = "0" Pressure = "0" />
		<Point X = "350" Y = "46" T = "0" Pressure = "0" />
		<Point X = "350" Y = "50" T = "0" Pressure = "0" />
		<Point X = "350" Y = "55" T = "0" Pressure = "0" />
		<Point X = "350" Y = "62" T = "0" Pressure = "0" />
		<Point X = "350" Y = "68" T = "0" Pressure = "0" />
		<Point X = "350" Y = "75" T = "0" Pressure = "0" />
		<Point X = "350" Y = "84" T = "0" Pressure = "0" />
		<Point X = "350" Y = "90" T = "0" Pressure = "0" />
		<Point X = "350" Y = "99" T = "0" Pressure = "0" />
		<Point X = "348" Y = "105" T = "0" Pressure = "0" />
		<Point X = "348" Y = "110" T = "0" Pressure = "0" />
		<Point X = "348" Y = "114" T = "0" Pressure = "0" />
		<Point X = "348" Y = "117" T = "0" Pressure = "0" />
		<Point X = "348" Y = "120" T = "0" Pressure = "0" />
		<Point X = "348" Y = "122" T = "0" Pressure = "0" />
		<Point X = "348" Y = "124" T = "0" Pressure = "0" />
		<Point X = "348" Y = "126" T = "0" Pressure = "0" />
		<Point X = "348" Y = "129" T = "0" Pressure = "0" />
		<Point X = "348" Y = "131" T = "0" Pressure = "0" />
		<Point X = "348" Y = "134" T = "0" Pressure = "0" />
		<Point X = "348" Y = "138" T = "0" Pressure = "0" />
		<Point X = "348" Y = "141" T = "0" Pressure = "0" />
		<Point X = "348" Y = "144" T = "0" Pressure = "0" />
		<Point X = "349" Y = "148" T = "0" Pressure = "0" />
		<Point X = "349" Y = "150" T = "0" Pressure = "0" />
		<Point X = "349" Y = "154" T = "0" Pressure = "0" />
		<Point X = "349" Y = "156" T = "0" Pressure = "0" />
		<Point X = "349" Y = "159" T = "0" Pressure = "0" />
		<Point X = "349" Y = "164" T = "0" Pressure = "0" />
		<Point X = "349" Y = "167" T = "0" Pressure = "0" />
		<Point X = "349" Y = "170" T = "0" Pressure = "0" />
		<Point X = "349" Y = "174" T = "0" Pressure = "0" />
		<Point X = "349" Y = "178" T = "0" Pressure = "0" />
		<Point X = "350" Y = "182" T = "0" Pressure = "0" />
		<Point X = "352" Y = "187" T = "0" Pressure = "0" />
		<Point X = "353" Y = "189" T = "0" Pressure = "0" />
		<Point X = "353" Y = "192" T = "0" Pressure = "0" />
		<Point X = "354" Y = "194" T = "0" Pressure = "0" />
		<Point X = "356" Y = "195" T = "0" Pressure = "0" />
		<Point X = "356" Y = "196" T = "0" Pressure = "0" />
		<Point X = "357" Y = "196" T = "0" Pressure = "0" />
		<Point X = "357" Y = "197" T = "0" Pressure = "0" />
		<Point X = "359" Y = "198" T = "0" Pressure = "0" />
		<Point X = "360" Y = "199" T = "0" Pressure = "0" />
		<Point X = "362" Y = "201" T = "0" Pressure = "0" />
		<Point X = "364" Y = "203" T = "0" Pressure = "0" />
		<Point X = "366" Y = "205" T = "0" Pressure = "0" />
		<Point X = "366" Y = "206" T = "0" Pressure = "0" />
		<Point X = "368" Y = "209" T = "0" Pressure = "0" />
		<Point X = "369" Y = "210" T = "0" Pressure = "0" />
		<Point X = "369" Y = "211" T = "0" Pressure = "0" />
		<Point X = "370" Y = "211" T = "0" Pressure = "0" />
		<Point X = "370" Y = "213" T = "0" Pressure = "0" />
		<Point X = "373" Y = "213" T = "0" Pressure = "0" />
		<Point X = "374" Y = "214" T = "0" Pressure = "0" />
		<Point X = "376" Y = "215" T = "0" Pressure = "0" />
		<Point X = "377" Y = "215" T = "0" Pressure = "0" />
		<Point X = "378" Y = "216" T = "0" Pressure = "0" />
		<Point X = "380" Y = "216" T = "0" Pressure = "0" />
		<Point X = "382" Y = "216" T = "0" Pressure = "0" />
		<Point X = "383" Y = "216" T = "0" Pressure = "0" />
		<Point X = "385" Y = "216" T = "0" Pressure = "0" />
		<Point X = "387" Y = "216" T = "0" Pressure = "0" />
		<Point X = "389" Y = "216" T = "0" Pressure = "0" />
		<Point X = "391" Y = "216" T = "0" Pressure = "0" />
		<Point X = "392" Y = "216" T = "0" Pressure = "0" />
		<Point X = "394" Y = "215" T = "0" Pressure = "0" />
		<Point X = "396" Y = "214" T = "0" Pressure = "0" />
		<Point X = "397" Y = "213" T = "0" Pressure = "0" />
		<Point X = "400" Y = "213" T = "0" Pressure = "0" />
		<Point X = "401" Y = "212" T = "0" Pressure = "0" />
		<Point X = "403" Y = "212" T = "0" Pressure = "0" />
		<Point X = "406" Y = "210" T = "0" Pressure = "0" />
		<Point X = "407" Y = "209" T = "0" Pressure = "0" />
		<Point X = "408" Y = "209" T = "0" Pressure = "0" />
		<Point X = "409" Y = "207" T = "0" Pressure = "0" />
		<Point X = "410" Y = "205" T = "0" Pressure = "0" />
		<Point X = "411" Y = "205" T = "0" Pressure = "0" />
		<Point X = "411" Y = "203" T = "0" Pressure = "0" />
		<Point X = "412" Y = "202" T = "0" Pressure = "0" />
		<Point X = "412" Y = "201" T = "0" Pressure = "0" />
		<Point X = "412" Y = "199" T = "0" Pressure = "0" />
		<Point X = "412" Y = "197" T = "0" Pressure = "0" />
		<Point X = "412" Y = "196" T = "0" Pressure = "0" />
		<Point X = "412" Y = "194" T = "0" Pressure = "0" />
		<Point X = "412" Y = "192" T = "0" Pressure = "0" />
		<Point X = "412" Y = "190" T = "0" Pressure = "0" />
		<Point X = "412" Y = "189" T = "0" Pressure = "0" />
		<Point X = "412" Y = "187" T = "0" Pressure = "0" />
		<Point X = "412" Y = "186" T = "0" Pressure = "0" />
		<Point X = "412" Y = "185" T = "0" Pressure = "0" />
		<Point X = "412" Y = "184" T = "0" Pressure = "0" />
		<Point X = "411" Y = "182" T = "0" Pressure = "0" />
		<Point X = "410" Y = "180" T = "0" Pressure = "0" />
		<Point X = "410" Y = "178" T = "0" Pressure = "0" />
		<Point X = "409" Y = "174" T = "0" Pressure = "0" />
		<Point X = "406" Y = "170" T = "0" Pressure = "0" />
		<Point X = "405" Y = "168" T = "0" Pressure = "0" />
		<Point X = "405" Y = "166" T = "0" Pressure = "0" />
		<Point X = "402" Y = "164" T = "0" Pressure = "0" />
		<Point X = "402" Y = "163" T = "0" Pressure = "0" />
		<Point X = "401" Y = "162" T = "0" Pressure = "0" />
		<Point X = "399" Y = "160" T = "0" Pressure = "0" />
		<Point X = "397" Y = "160" T = "0" Pressure = "0" />
		<Point X = "396" Y = "160" T = "0" Pressure = "0" />
		<Point X = "395" Y = "160" T = "0" Pressure = "0" />
		<Point X = "394" Y = "160" T = "0" Pressure = "0" />
		<Point X = "393" Y = "160" T = "0" Pressure = "0" />
		<Point X = "391" Y = "160" T = "0" Pressure = "0" />
		<Point X = "390" Y = "160" T = "0" Pressure = "0" />
		<Point X = "389" Y = "159" T = "0" Pressure = "0" />
		<Point X = "386" Y = "159" T = "0" Pressure = "0" />
		<Point X = "384" Y = "157" T = "0" Pressure = "0" />
		<Point X = "383" Y = "156" T = "0" Pressure = "0" />
		<Point X = "380" Y = "156" T = "0" Pressure = "0" />
		<Point X = "378" Y = "155" T = "0" Pressure = "0" />
		<Point X = "377" Y = "155" T = "0" Pressure = "0" />
		<Point X = "375" Y = "154" T = "0" Pressure = "0" />
		<Point X = "374" Y = "153" T = "0" Pressure = "0" />
		<Point X = "373" Y = "153" T = "0" Pressure = "0" />
		<Point X = "372" Y = "153" T = "0" Pressure = "0" />
		<Point X = "371" Y = "153" T = "0" Pressure = "0" />
		<Point X = "369" Y = "153" T = "0" Pressure = "0" />
		<Point X = "367" Y = "153" T = "0" Pressure = "0" />
		<Point X = "366" Y = "153" T = "0" Pressure = "0" />
		<Point X = "364" Y = "153" T = "0" Pressure = "0" />
		<Point X = "363" Y = "153" T = "0" Pressure = "0" />
		<Point X = "361" Y = "153" T = "0" Pressure = "0" />
		<Point X = "360" Y = "153" T = "0" Pressure = "0" />
		<Point X = "359" Y = "153" T = "0" Pressure = "0" />
		<Point X = "358" Y = "153" T = "0" Pressure = "0" />
		<Point X = "357" Y = "153" T = "0" Pressure = "0" />
		<Point X = "356" Y = "153" T = "0" Pressure = "0" />
		<Point X = "354" Y = "153" T = "0" Pressure = "0" />
		<Point X = "353" Y = "154" T = "0" Pressure = "0" />
		<Point X = "352" Y = "154" T = "0" Pressure = "0" />
		<Point X = "351" Y = "154" T = "0" Pressure = "0" />
		<Point X = "349" Y = "154" T = "0" Pressure = "0" />
		<Point X = "347" Y = "156" T = "0" Pressure = "0" />
	</Stroke>
</Gesture>
