<?xml version="1.0" encoding="utf-8" standalone="yes"?>
<Gesture Name = "b">
	<Stroke>
		<Point X = "264" Y = "23" T = "0" Pressure = "0" />
		<Point X = "264" Y = "28" T = "0" Pressure = "0" />
		<Point X = "264" Y = "33" T = "0" Pressure = "0" />
		<Point X = "264" Y = "37" T = "0" Pressure = "0" />
		<Point X = "264" Y = "42" T = "0" Pressure = "0" />
		<Point X = "264" Y = "46" T = "0" Pressure = "0" />
		<Point X = "264" Y = "51" T = "0" Pressure = "0" />
		<Point X = "263" Y = "57" T = "0" Pressure = "0" />
		<Point X = "263" Y = "60" T = "0" Pressure = "0" />
		<Point X = "262" Y = "66" T = "0" Pressure = "0" />
		<Point X = "260" Y = "70" T = "0" Pressure = "0" />
		<Point X = "260" Y = "76" T = "0" Pressure = "0" />
		<Point X = "260" Y = "80" T = "0" Pressure = "0" />
		<Point X = "260" Y = "84" T = "0" Pressure = "0" />
		<Point X = "259" Y = "89" T = "0" Pressure = "0" />
		<Point X = "258" Y = "94" T = "0" Pressure = "0" />
		<Point X = "258" Y = "97" T = "0" Pressure = "0" />
		<Point X = "258" Y = "101" T = "0" Pressure = "0" />
		<Point X = "258" Y = "104" T = "0" Pressure = "0" />
		<Point X = "256" Y = "109" T = "0" Pressure = "0" />
		<Point X = "256" Y = "111" T = "0" Pressure = "0" />
		<Point X = "256" Y = "115" T = "0" Pressure = "0" />
		<Point X = "256" Y = "118" T = "0" Pressure = "0" />
		<Point X = "256" Y = "122" T = "0" Pressure = "0" />
		<Point X = "256" Y = "125" T = "0" Pressure = "0" />
		<Point X = "256" Y = "128" T = "0" Pressure = "0" />
		<Point X = "256" Y = "132" T = "0" Pressure = "0" />
		<Point X = "256" Y = "134" T = "0" Pressure = "0" />
		<Point X = "256" Y = "135" T = "0" Pressure = "0" />
		<Point X = "256" Y = "138" T = "0" Pressure = "0" />
		<Point X = "256" Y = "140" T = "0" Pressure = "0" />
		<Point X = "256" Y = "143" T = "0" Pressure = "0" />
		<Point X = "256" Y = "146" T = "0" Pressure = "0" />
		<Point X = "256" Y = "150" T = "0" Pressure = "0" />
		<Point X = "256" Y = "153" T = "0" Pressure = "0" />
		<Point X = "256" Y = "157" T = "0" Pressure = "0" />
		<Point X = "256" Y = "159" T = "0" Pressure = "0" />
		<Point X = "256" Y = "162" T = "0" Pressure = "0" />
		<Point X = "258" Y = "165" T = "0" Pressure = "0" />
		<Point X = "260" Y = "166" T = "0" Pressure = "0" />
		<Point X = "261" Y = "170" T = "0" Pressure = "0" />
		<Point X = "264" Y = "173" T = "0" Pressure = "0" />
		<Point X = "266" Y = "176" T = "0" Pressure = "0" />
		<Point X = "268" Y = "180" T = "0" Pressure = "0" />
		<Point X = "270" Y = "182" T = "0" Pressure = "0" />
		<Point X = "272" Y = "186" T = "0" Pressure = "0" />
		<Point X = "274" Y = "187" T = "0" Pressure = "0" />
		<Point X = "275" Y = "189" T = "0" Pressure = "0" />
		<Point X = "276" Y = "189" T = "0" Pressure = "0" />
		<Point X = "276" Y = "190" T = "0" Pressure = "0" />
		<Point X = "278" Y = "190" T = "0" Pressure = "0" />
		<Point X = "281" Y = "190" T = "0" Pressure = "0" />
		<Point X = "284" Y = "190" T = "0" Pressure = "0" />
		<Point X = "287" Y = "190" T = "0" Pressure = "0" />
		<Point X = "289" Y = "190" T = "0" Pressure = "0" />
		<Point X = "290" Y = "190" T = "0" Pressure = "0" />
		<Point X = "292" Y = "190" T = "0" Pressure = "0" />
		<Point X = "295" Y = "189" T = "0" Pressure = "0" />
		<Point X = "297" Y = "189" T = "0" Pressure = "0" />
		<Point X = "298" Y = "189" T = "0" Pressure = "0" />
		<Point X = "301" Y = "188" T = "0" Pressure = "0" />
		<Point X = "303" Y = "186" T = "0" Pressure = "0" />
		<Point X = "305" Y = "186" T = "0" Pressure = "0" />
		<Point X = "307" Y = "185" T = "0" Pressure = "0" />
		<Point X = "310" Y = "184" T = "0" Pressure = "0" />
		<Point X = "312" Y = "183" T = "0" Pressure = "0" />
		<Point X = "312" Y = "182" T = "0" Pressure = "0" />
		<Point X = "313" Y = "182" T = "0" Pressure = "0" />
		<Point X = "314" Y = "181" T = "0" Pressure = "0" />
		<Point X = "315" Y = "181" T = "0" Pressure = "0" />
		<Point X = "315" Y = "180" T = "0" Pressure = "0" />
		<Point X = "316" Y = "178" T = "0" Pressure = "0" />
		<Point X = "316" Y = "176" T = "0" Pressure = "0" />
		<Point X = "316" Y = "173" T = "0" Pressure = "0" />
		<Point X = "316" Y = "171" T = "0" Pressure = "0" />
		<Point X = "316" Y = "168" T = "0" Pressure = "0" />
		<Point X = "316" Y = "165" T = "0" Pressure = "0" />
		<Point X = "316" Y = "161" T = "0" Pressure = "0" />
		<Point X = "316" Y = "159" T = "0" Pressure = "0" />
		<Point X = "316" Y = "157" T = "0" Pressure = "0" />
		<Point X = "316" Y = "156" T = "0" Pressure = "0" />
		<Point X = "316" Y = "154" T = "0" Pressure = "0" />
		<Point X = "316" Y = "153" T = "0" Pressure = "0" />
		<Point X = "316" Y = "152" T = "0" Pressure = "0" />
		<Point X = "314" Y = "150" T = "0" Pressure = "0" />
		<Point X = "310" Y = "148" T = "0" Pressure = "0" />
		<Point X = "306" Y = "145" T = "0" Pressure = "0" />
		<Point X = "301" Y = "143" T = "0" Pressure = "0" />
		<Point X = "297" Y = "140" T = "0" Pressure = "0" />
		<Point X = "294" Y = "139" T = "0" Pressure = "0" />
		<Point X = "292" Y = "136" T = "0" Pressure = "0" />
		<Point X = "291" Y = "136" T = "0" Pressure = "0" />
		<Point X = "289" Y = "134" T = "0" Pressure = "0" />
		<Point X = "287" Y = "133" T = "0" Pressure = "0" />
		<Point X = "285" Y = "132" T = "0" Pressure = "0" />
		<Point X = "283" Y = "131" T = "0" Pressure = "0" />
		<Point X = "282" Y = "130" T = "0" Pressure = "0" />
		<Point X = "279" Y = "129" T = "0" Pressure = "0" />
		<Point X = "278" Y = "128" T = "0" Pressure = "0" />
		<Point X = "275" Y = "128" T = "0" Pressure = "0" />
		<Point X = "274" Y = "128" T = "0" Pressure = "0" />
		<Point X = "272" Y = "128" T = "0" Pressure = "0" />
		<Point X = "270" Y = "128" T = "0" Pressure = "0" />
		<Point X = "269" Y = "128" T = "0" Pressure = "0" />
		<Point X = "268" Y = "128" T = "0" Pressure = "0" />
		<Point X = "267" Y = "128" T = "0" Pressure = "0" />
		<Point X = "266" Y = "128" T = "0" Pressure = "0" />
		<Point X = "265" Y = "128" T = "0" Pressure = "0" />
		<Point X = "264" Y = "128" T = "0" Pressure = "0" />
		<Point X = "263" Y = "128" T = "0" Pressure = "0" />
		<Point X = "262" Y = "128" T = "0" Pressure = "0" />
		<Point X = "261" Y = "128" T = "0" Pressure = "0" />
		<Point X = "260" Y = "128" T = "0" Pressure = "0" />
		<Point X = "259" Y = "128" T = "0" Pressure = "0" />
		<Point X = "258" Y = "128" T = "0" Pressure = "0" />
		<Point X = "257" Y = "128" T = "0" Pressure = "0" />
		<Point X = "256" Y = "129" T = "0" Pressure = "0" />
	</Stroke>
</Gesture>
