<?xml version="1.0" encoding="utf-8" standalone="yes"?>
<Gesture Name = "b">
	<Stroke>
		<Point X = "48" Y = "51" T = "0" Pressure = "0" />
		<Point X = "48" Y = "54" T = "0" Pressure = "0" />
		<Point X = "48" Y = "58" T = "0" Pressure = "0" />
		<Point X = "49" Y = "63" T = "0" Pressure = "0" />
		<Point X = "50" Y = "69" T = "0" Pressure = "0" />
		<Point X = "51" Y = "73" T = "0" Pressure = "0" />
		<Point X = "51" Y = "79" T = "0" Pressure = "0" />
		<Point X = "51" Y = "83" T = "0" Pressure = "0" />
		<Point X = "53" Y = "88" T = "0" Pressure = "0" />
		<Point X = "53" Y = "91" T = "0" Pressure = "0" />
		<Point X = "53" Y = "94" T = "0" Pressure = "0" />
		<Point X = "53" Y = "98" T = "0" Pressure = "0" />
		<Point X = "53" Y = "99" T = "0" Pressure = "0" />
		<Point X = "53" Y = "102" T = "0" Pressure = "0" />
		<Point X = "54" Y = "105" T = "0" Pressure = "0" />
		<Point X = "55" Y = "110" T = "0" Pressure = "0" />
		<Point X = "56" Y = "116" T = "0" Pressure = "0" />
		<Point X = "56" Y = "121" T = "0" Pressure = "0" />
		<Point X = "56" Y = "125" T = "0" Pressure = "0" />
		<Point X = "58" Y = "129" T = "0" Pressure = "0" />
		<Point X = "59" Y = "133" T = "0" Pressure = "0" />
		<Point X = "59" Y = "136" T = "0" Pressure = "0" />
		<Point X = "59" Y = "138" T = "0" Pressure = "0" />
		<Point X = "59" Y = "142" T = "0" Pressure = "0" />
		<Point X = "59" Y = "146" T = "0" Pressure = "0" />
		<Point X = "59" Y = "149" T = "0" Pressure = "0" />
		<Point X = "60" Y = "152" T = "0" Pressure = "0" />
		<Point X = "60" Y = "154" T = "0" Pressure = "0" />
		<Point X = "60" Y = "157" T = "0" Pressure = "0" />
		<Point X = "62" Y = "160" T = "0" Pressure = "0" />
		<Point X = "63" Y = "164" T = "0" Pressure = "0" />
		<Point X = "64" Y = "165" T = "0" Pressure = "0" />
		<Point X = "65" Y = "167" T = "0" Pressure = "0" />
		<Point X = "66" Y = "168" T = "0" Pressure = "0" />
		<Point X = "66" Y = "171" T = "0" Pressure = "0" />
		<Point X = "67" Y = "172" T = "0" Pressure = "0" />
		<Point X = "69" Y = "174" T = "0" Pressure = "0" />
		<Point X = "70" Y = "174" T = "0" Pressure = "0" />
		<Point X = "71" Y = "176" T = "0" Pressure = "0" />
		<Point X = "72" Y = "177" T = "0" Pressure = "0" />
		<Point X = "76" Y = "181" T = "0" Pressure = "0" />
		<Point X = "77" Y = "181" T = "0" Pressure = "0" />
		<Point X = "82" Y = "185" T = "0" Pressure = "0" />
		<Point X = "86" Y = "188" T = "0" Pressure = "0" />
		<Point X = "92" Y = "191" T = "0" Pressure = "0" />
		<Point X = "101" Y = "194" T = "0" Pressure = "0" />
		<Point X = "107" Y = "196" T = "0" Pressure = "0" />
		<Point X = "113" Y = "199" T = "0" Pressure = "0" />
		<Point X = "116" Y = "200" T = "0" Pressure = "0" />
		<Point X = "119" Y = "200" T = "0" Pressure = "0" />
		<Point X = "121" Y = "200" T = "0" Pressure = "0" />
		<Point X = "123" Y = "200" T = "0" Pressure = "0" />
		<Point X = "124" Y = "200" T = "0" Pressure = "0" />
		<Point X = "126" Y = "199" T = "0" Pressure = "0" />
		<Point X = "128" Y = "198" T = "0" Pressure = "0" />
		<Point X = "129" Y = "198" T = "0" Pressure = "0" />
		<Point X = "131" Y = "197" T = "0" Pressure = "0" />
		<Point X = "135" Y = "195" T = "0" Pressure = "0" />
		<Point X = "136" Y = "195" T = "0" Pressure = "0" />
		<Point X = "138" Y = "193" T = "0" Pressure = "0" />
		<Point X = "139" Y = "193" T = "0" Pressure = "0" />
		<Point X = "139" Y = "192" T = "0" Pressure = "0" />
		<Point X = "142" Y = "188" T = "0" Pressure = "0" />
		<Point X = "142" Y = "187" T = "0" Pressure = "0" />
		<Point X = "142" Y = "185" T = "0" Pressure = "0" />
		<Point X = "142" Y = "184" T = "0" Pressure = "0" />
		<Point X = "143" Y = "181" T = "0" Pressure = "0" />
		<Point X = "143" Y = "177" T = "0" Pressure = "0" />
		<Point X = "143" Y = "174" T = "0" Pressure = "0" />
		<Point X = "143" Y = "170" T = "0" Pressure = "0" />
		<Point X = "143" Y = "166" T = "0" Pressure = "0" />
		<Point X = "143" Y = "162" T = "0" Pressure = "0" />
		<Point X = "143" Y = "160" T = "0" Pressure = "0" />
		<Point X = "143" Y = "158" T = "0" Pressure = "0" />
		<Point X = "143" Y = "154" T = "0" Pressure = "0" />
		<Point X = "142" Y = "151" T = "0" Pressure = "0" />
		<Point X = "142" Y = "150" T = "0" Pressure = "0" />
		<Point X = "141" Y = "148" T = "0" Pressure = "0" />
		<Point X = "140" Y = "146" T = "0" Pressure = "0" />
		<Point X = "140" Y = "145" T = "0" Pressure = "0" />
		<Point X = "139" Y = "142" T = "0" Pressure = "0" />
		<Point X = "139" Y = "140" T = "0" Pressure = "0" />
		<Point X = "138" Y = "140" T = "0" Pressure = "0" />
		<Point X = "137" Y = "138" T = "0" Pressure = "0" />
		<Point X = "136" Y = "137" T = "0" Pressure = "0" />
		<Point X = "135" Y = "136" T = "0" Pressure = "0" />
		<Point X = "132" Y = "134" T = "0" Pressure = "0" />
		<Point X = "130" Y = "133" T = "0" Pressure = "0" />
		<Point X = "128" Y = "133" T = "0" Pressure = "0" />
		<Point X = "125" Y = "133" T = "0" Pressure = "0" />
		<Point X = "123" Y = "132" T = "0" Pressure = "0" />
		<Point X = "122" Y = "132" T = "0" Pressure = "0" />
		<Point X = "121" Y = "132" T = "0" Pressure = "0" />
		<Point X = "120" Y = "132" T = "0" Pressure = "0" />
		<Point X = "119" Y = "132" T = "0" Pressure = "0" />
		<Point X = "118" Y = "132" T = "0" Pressure = "0" />
		<Point X = "116" Y = "132" T = "0" Pressure = "0" />
		<Point X = "114" Y = "132" T = "0" Pressure = "0" />
		<Point X = "113" Y = "132" T = "0" Pressure = "0" />
		<Point X = "111" Y = "132" T = "0" Pressure = "0" />
		<Point X = "109" Y = "132" T = "0" Pressure = "0" />
		<Point X = "107" Y = "133" T = "0" Pressure = "0" />
		<Point X = "105" Y = "135" T = "0" Pressure = "0" />
		<Point X = "104" Y = "136" T = "0" Pressure = "0" />
		<Point X = "103" Y = "136" T = "0" Pressure = "0" />
		<Point X = "102" Y = "137" T = "0" Pressure = "0" />
		<Point X = "99" Y = "139" T = "0" Pressure = "0" />
		<Point X = "98" Y = "140" T = "0" Pressure = "0" />
		<Point X = "95" Y = "141" T = "0" Pressure = "0" />
		<Point X = "92" Y = "143" T = "0" Pressure = "0" />
		<Point X = "91" Y = "144" T = "0" Pressure = "0" />
		<Point X = "89" Y = "144" T = "0" Pressure = "0" />
		<Point X = "89" Y = "145" T = "0" Pressure = "0" />
		<Point X = "88" Y = "145" T = "0" Pressure = "0" />
		<Point X = "87" Y = "147" T = "0" Pressure = "0" />
		<Point X = "85" Y = "148" T = "0" Pressure = "0" />
		<Point X = "84" Y = "150" T = "0" Pressure = "0" />
		<Point X = "83" Y = "151" T = "0" Pressure = "0" />
		<Point X = "81" Y = "153" T = "0" Pressure = "0" />
		<Point X = "80" Y = "156" T = "0" Pressure = "0" />
		<Point X = "78" Y = "158" T = "0" Pressure = "0" />
		<Point X = "76" Y = "161" T = "0" Pressure = "0" />
		<Point X = "75" Y = "164" T = "0" Pressure = "0" />
		<Point X = "74" Y = "165" T = "0" Pressure = "0" />
		<Point X = "73" Y = "166" T = "0" Pressure = "0" />
		<Point X = "73" Y = "167" T = "0" Pressure = "0" />
		<Point X = "72" Y = "167" T = "0" Pressure = "0" />
		<Point X = "72" Y = "168" T = "0" Pressure = "0" />
		<Point X = "72" Y = "169" T = "0" Pressure = "0" />
		<Point X = "71" Y = "170" T = "0" Pressure = "0" />
		<Point X = "71" Y = "171" T = "0" Pressure = "0" />
		<Point X = "71" Y = "172" T = "0" Pressure = "0" />
		<Point X = "71" Y = "173" T = "0" Pressure = "0" />
		<Point X = "71" Y = "174" T = "0" Pressure = "0" />
		<Point X = "71" Y = "175" T = "0" Pressure = "0" />
		<Point X = "72" Y = "175" T = "0" Pressure = "0" />
	</Stroke>
</Gesture>
