<?xml version="1.0" encoding="utf-8" standalone="yes"?>
<Gesture Name = "b">
	<Stroke>
		<Point X = "368" Y = "125" T = "0" Pressure = "0" />
		<Point X = "368" Y = "126" T = "0" Pressure = "0" />
		<Point X = "368" Y = "128" T = "0" Pressure = "0" />
		<Point X = "368" Y = "129" T = "0" Pressure = "0" />
		<Point X = "368" Y = "132" T = "0" Pressure = "0" />
		<Point X = "368" Y = "134" T = "0" Pressure = "0" />
		<Point X = "368" Y = "136" T = "0" Pressure = "0" />
		<Point X = "369" Y = "137" T = "0" Pressure = "0" />
		<Point X = "369" Y = "140" T = "0" Pressure = "0" />
		<Point X = "370" Y = "143" T = "0" Pressure = "0" />
		<Point X = "370" Y = "147" T = "0" Pressure = "0" />
		<Point X = "370" Y = "148" T = "0" Pressure = "0" />
		<Point X = "370" Y = "151" T = "0" Pressure = "0" />
		<Point X = "370" Y = "154" T = "0" Pressure = "0" />
		<Point X = "370" Y = "156" T = "0" Pressure = "0" />
		<Point X = "370" Y = "158" T = "0" Pressure = "0" />
		<Point X = "370" Y = "160" T = "0" Pressure = "0" />
		<Point X = "370" Y = "162" T = "0" Pressure = "0" />
		<Point X = "370" Y = "163" T = "0" Pressure = "0" />
		<Point X = "370" Y = "164" T = "0" Pressure = "0" />
		<Point X = "370" Y = "165" T = "0" Pressure = "0" />
		<Point X = "370" Y = "166" T = "0" Pressure = "0" />
		<Point X = "370" Y = "168" T = "0" Pressure = "0" />
		<Point X = "370" Y = "171" T = "0" Pressure = "0" />
		<Point X = "372" Y = "173" T = "0" Pressure = "0" />
		<Point X = "372" Y = "176" T = "0" Pressure = "0" />
		<Point X = "372" Y = "177" T = "0" Pressure = "0" />
		<Point X = "372" Y = "179" T = "0" Pressure = "0" />
		<Point X = "373" Y = "181" T = "0" Pressure = "0" />
		<Point X = "373" Y = "183" T = "0" Pressure = "0" />
		<Point X = "373" Y = "185" T = "0" Pressure = "0" />
		<Point X = "373" Y = "186" T = "0" Pressure = "0" />
		<Point X = "373" Y = "187" T = "0" Pressure = "0" />
		<Point X = "373" Y = "188" T = "0" Pressure = "0" />
		<Point X = "374" Y = "189" T = "0" Pressure = "0" />
		<Point X = "375" Y = "190" T = "0" Pressure = "0" />
		<Point X = "376" Y = "190" T = "0" Pressure = "0" />
		<Point X = "378" Y = "191" T = "0" Pressure = "0" />
		<Point X = "380" Y = "192" T = "0" Pressure = "0" />
		<Point X = "382" Y = "194" T = "0" Pressure = "0" />
		<Point X = "383" Y = "196" T = "0" Pressure = "0" />
		<Point X = "383" Y = "197" T = "0" Pressure = "0" />
		<Point X = "384" Y = "197" T = "0" Pressure = "0" />
		<Point X = "385" Y = "199" T = "0" Pressure = "0" />
		<Point X = "386" Y = "200" T = "0" Pressure = "0" />
		<Point X = "387" Y = "201" T = "0" Pressure = "0" />
		<Point X = "388" Y = "202" T = "0" Pressure = "0" />
		<Point X = "390" Y = "204" T = "0" Pressure = "0" />
		<Point X = "392" Y = "205" T = "0" Pressure = "0" />
		<Point X = "393" Y = "205" T = "0" Pressure = "0" />
		<Point X = "394" Y = "205" T = "0" Pressure = "0" />
		<Point X = "396" Y = "205" T = "0" Pressure = "0" />
		<Point X = "396" Y = "206" T = "0" Pressure = "0" />
		<Point X = "399" Y = "206" T = "0" Pressure = "0" />
		<Point X = "401" Y = "206" T = "0" Pressure = "0" />
		<Point X = "403" Y = "206" T = "0" Pressure = "0" />
		<Point X = "405" Y = "207" T = "0" Pressure = "0" />
		<Point X = "406" Y = "207" T = "0" Pressure = "0" />
		<Point X = "408" Y = "207" T = "0" Pressure = "0" />
		<Point X = "409" Y = "207" T = "0" Pressure = "0" />
		<Point X = "410" Y = "207" T = "0" Pressure = "0" />
		<Point X = "411" Y = "207" T = "0" Pressure = "0" />
		<Point X = "413" Y = "207" T = "0" Pressure = "0" />
		<Point X = "414" Y = "207" T = "0" Pressure = "0" />
		<Point X = "415" Y = "207" T = "0" Pressure = "0" />
		<Point X = "416" Y = "205" T = "0" Pressure = "0" />
		<Point X = "417" Y = "205" T = "0" Pressure = "0" />
		<Point X = "418" Y = "203" T = "0" Pressure = "0" />
		<Point X = "419" Y = "203" T = "0" Pressure = "0" />
		<Point X = "419" Y = "202" T = "0" Pressure = "0" />
		<Point X = "421" Y = "201" T = "0" Pressure = "0" />
		<Point X = "421" Y = "200" T = "0" Pressure = "0" />
		<Point X = "421" Y = "199" T = "0" Pressure = "0" />
		<Point X = "422" Y = "198" T = "0" Pressure = "0" />
		<Point X = "423" Y = "196" T = "0" Pressure = "0" />
		<Point X = "423" Y = "194" T = "0" Pressure = "0" />
		<Point X = "423" Y = "193" T = "0" Pressure = "0" />
		<Point X = "423" Y = "191" T = "0" Pressure = "0" />
		<Point X = "424" Y = "190" T = "0" Pressure = "0" />
		<Point X = "424" Y = "189" T = "0" Pressure = "0" />
		<Point X = "424" Y = "187" T = "0" Pressure = "0" />
		<Point X = "424" Y = "186" T = "0" Pressure = "0" />
		<Point X = "424" Y = "185" T = "0" Pressure = "0" />
		<Point X = "424" Y = "183" T = "0" Pressure = "0" />
		<Point X = "424" Y = "181" T = "0" Pressure = "0" />
		<Point X = "424" Y = "180" T = "0" Pressure = "0" />
		<Point X = "424" Y = "178" T = "0" Pressure = "0" />
		<Point X = "424" Y = "177" T = "0" Pressure = "0" />
		<Point X = "423" Y = "176" T = "0" Pressure = "0" />
		<Point X = "422" Y = "175" T = "0" Pressure = "0" />
		<Point X = "421" Y = "175" T = "0" Pressure = "0" />
		<Point X = "421" Y = "174" T = "0" Pressure = "0" />
		<Point X = "419" Y = "174" T = "0" Pressure = "0" />
		<Point X = "419" Y = "173" T = "0" Pressure = "0" />
		<Point X = "416" Y = "172" T = "0" Pressure = "0" />
		<Point X = "415" Y = "172" T = "0" Pressure = "0" />
		<Point X = "412" Y = "171" T = "0" Pressure = "0" />
		<Point X = "409" Y = "170" T = "0" Pressure = "0" />
		<Point X = "408" Y = "170" T = "0" Pressure = "0" />
		<Point X = "406" Y = "169" T = "0" Pressure = "0" />
		<Point X = "404" Y = "169" T = "0" Pressure = "0" />
		<Point X = "402" Y = "169" T = "0" Pressure = "0" />
		<Point X = "400" Y = "169" T = "0" Pressure = "0" />
		<Point X = "398" Y = "167" T = "0" Pressure = "0" />
		<Point X = "396" Y = "167" T = "0" Pressure = "0" />
		<Point X = "393" Y = "167" T = "0" Pressure = "0" />
		<Point X = "392" Y = "167" T = "0" Pressure = "0" />
		<Point X = "391" Y = "167" T = "0" Pressure = "0" />
		<Point X = "389" Y = "167" T = "0" Pressure = "0" />
		<Point X = "388" Y = "167" T = "0" Pressure = "0" />
		<Point X = "386" Y = "167" T = "0" Pressure = "0" />
		<Point X = "385" Y = "167" T = "0" Pressure = "0" />
		<Point X = "384" Y = "167" T = "0" Pressure = "0" />
		<Point X = "383" Y = "167" T = "0" Pressure = "0" />
		<Point X = "382" Y = "167" T = "0" Pressure = "0" />
		<Point X = "381" Y = "167" T = "0" Pressure = "0" />
		<Point X = "379" Y = "167" T = "0" Pressure = "0" />
		<Point X = "378" Y = "167" T = "0" Pressure = "0" />
		<Point X = "377" Y = "167" T = "0" Pressure = "0" />
		<Point X = "376" Y = "167" T = "0" Pressure = "0" />
		<Point X = "375" Y = "167" T = "0" Pressure = "0" />
		<Point X = "374" Y = "167" T = "0" Pressure = "0" />
		<Point X = "373" Y = "167" T = "0" Pressure = "0" />
	</Stroke>
</Gesture>
