<?xml version="1.0" encoding="utf-8" standalone="yes"?>
<Gesture Name = "b">
	<Stroke>
		<Point X = "272" Y = "80" T = "0" Pressure = "0" />
		<Point X = "273" Y = "81" T = "0" Pressure = "0" />
		<Point X = "273" Y = "83" T = "0" Pressure = "0" />
		<Point X = "273" Y = "86" T = "0" Pressure = "0" />
		<Point X = "275" Y = "88" T = "0" Pressure = "0" />
		<Point X = "276" Y = "90" T = "0" Pressure = "0" />
		<Point X = "277" Y = "94" T = "0" Pressure = "0" />
		<Point X = "277" Y = "96" T = "0" Pressure = "0" />
		<Point X = "277" Y = "99" T = "0" Pressure = "0" />
		<Point X = "277" Y = "102" T = "0" Pressure = "0" />
		<Point X = "277" Y = "106" T = "0" Pressure = "0" />
		<Point X = "280" Y = "110" T = "0" Pressure = "0" />
		<Point X = "280" Y = "114" T = "0" Pressure = "0" />
		<Point X = "281" Y = "118" T = "0" Pressure = "0" />
		<Point X = "281" Y = "120" T = "0" Pressure = "0" />
		<Point X = "281" Y = "124" T = "0" Pressure = "0" />
		<Point X = "282" Y = "128" T = "0" Pressure = "0" />
		<Point X = "284" Y = "132" T = "0" Pressure = "0" />
		<Point X = "284" Y = "135" T = "0" Pressure = "0" />
		<Point X = "285" Y = "140" T = "0" Pressure = "0" />
		<Point X = "285" Y = "143" T = "0" Pressure = "0" />
		<Point X = "286" Y = "146" T = "0" Pressure = "0" />
		<Point X = "286" Y = "149" T = "0" Pressure = "0" />
		<Point X = "288" Y = "153" T = "0" Pressure = "0" />
		<Point X = "288" Y = "156" T = "0" Pressure = "0" />
		<Point X = "289" Y = "160" T = "0" Pressure = "0" />
		<Point X = "289" Y = "164" T = "0" Pressure = "0" />
		<Point X = "289" Y = "167" T = "0" Pressure = "0" />
		<Point X = "290" Y = "169" T = "0" Pressure = "0" />
		<Point X = "292" Y = "174" T = "0" Pressure = "0" />
		<Point X = "293" Y = "177" T = "0" Pressure = "0" />
		<Point X = "294" Y = "182" T = "0" Pressure = "0" />
		<Point X = "294" Y = "186" T = "0" Pressure = "0" />
		<Point X = "296" Y = "189" T = "0" Pressure = "0" />
		<Point X = "296" Y = "192" T = "0" Pressure = "0" />
		<Point X = "297" Y = "194" T = "0" Pressure = "0" />
		<Point X = "297" Y = "197" T = "0" Pressure = "0" />
		<Point X = "297" Y = "200" T = "0" Pressure = "0" />
		<Point X = "298" Y = "205" T = "0" Pressure = "0" />
		<Point X = "299" Y = "209" T = "0" Pressure = "0" />
		<Point X = "300" Y = "211" T = "0" Pressure = "0" />
		<Point X = "301" Y = "215" T = "0" Pressure = "0" />
		<Point X = "303" Y = "218" T = "0" Pressure = "0" />
		<Point X = "304" Y = "223" T = "0" Pressure = "0" />
		<Point X = "306" Y = "225" T = "0" Pressure = "0" />
		<Point X = "308" Y = "227" T = "0" Pressure = "0" />
		<Point X = "309" Y = "228" T = "0" Pressure = "0" />
		<Point X = "310" Y = "229" T = "0" Pressure = "0" />
		<Point X = "312" Y = "230" T = "0" Pressure = "0" />
		<Point X = "315" Y = "231" T = "0" Pressure = "0" />
		<Point X = "316" Y = "231" T = "0" Pressure = "0" />
		<Point X = "317" Y = "231" T = "0" Pressure = "0" />
		<Point X = "319" Y = "231" T = "0" Pressure = "0" />
		<Point X = "320" Y = "231" T = "0" Pressure = "0" />
		<Point X = "321" Y = "232" T = "0" Pressure = "0" />
		<Point X = "322" Y = "232" T = "0" Pressure = "0" />
		<Point X = "323" Y = "232" T = "0" Pressure = "0" />
		<Point X = "324" Y = "232" T = "0" Pressure = "0" />
		<Point X = "325" Y = "232" T = "0" Pressure = "0" />
		<Point X = "326" Y = "232" T = "0" Pressure = "0" />
		<Point X = "328" Y = "232" T = "0" Pressure = "0" />
		<Point X = "330" Y = "232" T = "0" Pressure = "0" />
		<Point X = "332" Y = "232" T = "0" Pressure = "0" />
		<Point X = "333" Y = "232" T = "0" Pressure = "0" />
		<Point X = "334" Y = "232" T = "0" Pressure = "0" />
		<Point X = "335" Y = "232" T = "0" Pressure = "0" />
		<Point X = "337" Y = "232" T = "0" Pressure = "0" />
		<Point X = "339" Y = "231" T = "0" Pressure = "0" />
		<Point X = "341" Y = "230" T = "0" Pressure = "0" />
		<Point X = "344" Y = "228" T = "0" Pressure = "0" />
		<Point X = "345" Y = "228" T = "0" Pressure = "0" />
		<Point X = "347" Y = "225" T = "0" Pressure = "0" />
		<Point X = "349" Y = "225" T = "0" Pressure = "0" />
		<Point X = "350" Y = "225" T = "0" Pressure = "0" />
		<Point X = "350" Y = "224" T = "0" Pressure = "0" />
		<Point X = "351" Y = "223" T = "0" Pressure = "0" />
		<Point X = "352" Y = "223" T = "0" Pressure = "0" />
		<Point X = "352" Y = "222" T = "0" Pressure = "0" />
		<Point X = "353" Y = "222" T = "0" Pressure = "0" />
		<Point X = "353" Y = "220" T = "0" Pressure = "0" />
		<Point X = "353" Y = "219" T = "0" Pressure = "0" />
		<Point X = "354" Y = "219" T = "0" Pressure = "0" />
		<Point X = "354" Y = "217" T = "0" Pressure = "0" />
		<Point X = "356" Y = "214" T = "0" Pressure = "0" />
		<Point X = "356" Y = "212" T = "0" Pressure = "0" />
		<Point X = "356" Y = "210" T = "0" Pressure = "0" />
		<Point X = "356" Y = "208" T = "0" Pressure = "0" />
		<Point X = "356" Y = "207" T = "0" Pressure = "0" />
		<Point X = "356" Y = "205" T = "0" Pressure = "0" />
		<Point X = "356" Y = "203" T = "0" Pressure = "0" />
		<Point X = "356" Y = "202" T = "0" Pressure = "0" />
		<Point X = "356" Y = "199" T = "0" Pressure = "0" />
		<Point X = "355" Y = "198" T = "0" Pressure = "0" />
		<Point X = "355" Y = "196" T = "0" Pressure = "0" />
		<Point X = "354" Y = "195" T = "0" Pressure = "0" />
		<Point X = "353" Y = "194" T = "0" Pressure = "0" />
		<Point X = "352" Y = "193" T = "0" Pressure = "0" />
		<Point X = "352" Y = "192" T = "0" Pressure = "0" />
		<Point X = "350" Y = "192" T = "0" Pressure = "0" />
		<Point X = "349" Y = "191" T = "0" Pressure = "0" />
		<Point X = "346" Y = "189" T = "0" Pressure = "0" />
		<Point X = "345" Y = "189" T = "0" Pressure = "0" />
		<Point X = "343" Y = "188" T = "0" Pressure = "0" />
		<Point X = "342" Y = "187" T = "0" Pressure = "0" />
		<Point X = "338" Y = "186" T = "0" Pressure = "0" />
		<Point X = "336" Y = "185" T = "0" Pressure = "0" />
		<Point X = "335" Y = "185" T = "0" Pressure = "0" />
		<Point X = "332" Y = "185" T = "0" Pressure = "0" />
		<Point X = "330" Y = "184" T = "0" Pressure = "0" />
		<Point X = "329" Y = "184" T = "0" Pressure = "0" />
		<Point X = "327" Y = "184" T = "0" Pressure = "0" />
		<Point X = "325" Y = "182" T = "0" Pressure = "0" />
		<Point X = "324" Y = "182" T = "0" Pressure = "0" />
		<Point X = "323" Y = "182" T = "0" Pressure = "0" />
		<Point X = "322" Y = "182" T = "0" Pressure = "0" />
		<Point X = "320" Y = "181" T = "0" Pressure = "0" />
		<Point X = "319" Y = "181" T = "0" Pressure = "0" />
		<Point X = "318" Y = "181" T = "0" Pressure = "0" />
		<Point X = "316" Y = "181" T = "0" Pressure = "0" />
		<Point X = "315" Y = "181" T = "0" Pressure = "0" />
		<Point X = "314" Y = "181" T = "0" Pressure = "0" />
		<Point X = "313" Y = "181" T = "0" Pressure = "0" />
		<Point X = "312" Y = "181" T = "0" Pressure = "0" />
		<Point X = "311" Y = "181" T = "0" Pressure = "0" />
		<Point X = "310" Y = "181" T = "0" Pressure = "0" />
		<Point X = "309" Y = "181" T = "0" Pressure = "0" />
		<Point X = "308" Y = "181" T = "0" Pressure = "0" />
		<Point X = "307" Y = "181" T = "0" Pressure = "0" />
		<Point X = "306" Y = "181" T = "0" Pressure = "0" />
		<Point X = "305" Y = "181" T = "0" Pressure = "0" />
		<Point X = "304" Y = "181" T = "0" Pressure = "0" />
		<Point X = "303" Y = "181" T = "0" Pressure = "0" />
		<Point X = "302" Y = "182" T = "0" Pressure = "0" />
		<Point X = "301" Y = "182" T = "0" Pressure = "0" />
		<Point X = "300" Y = "183" T = "0" Pressure = "0" />
		<Point X = "298" Y = "184" T = "0" Pressure = "0" />
		<Point X = "297" Y = "185" T = "0" Pressure = "0" />
		<Point X = "296" Y = "185" T = "0" Pressure = "0" />
		<Point X = "295" Y = "185" T = "0" Pressure = "0" />
	</Stroke>
</Gesture>
