<?xml version="1.0" encoding="utf-8" standalone="yes"?>
<Gesture Name = "l">
	<Stroke>
		<Point X = "199" Y = "77" T = "0" Pressure = "0" />
		<Point X = "199" Y = "79" T = "0" Pressure = "0" />
		<Point X = "199" Y = "82" T = "0" Pressure = "0" />
		<Point X = "199" Y = "83" T = "0" Pressure = "0" />
		<Point X = "199" Y = "87" T = "0" Pressure = "0" />
		<Point X = "200" Y = "94" T = "0" Pressure = "0" />
		<Point X = "201" Y = "100" T = "0" Pressure = "0" />
		<Point X = "202" Y = "107" T = "0" Pressure = "0" />
		<Point X = "205" Y = "114" T = "0" Pressure = "0" />
		<Point X = "206" Y = "119" T = "0" Pressure = "0" />
		<Point X = "207" Y = "123" T = "0" Pressure = "0" />
		<Point X = "207" Y = "126" T = "0" Pressure = "0" />
		<Point X = "209" Y = "130" T = "0" Pressure = "0" />
		<Point X = "210" Y = "133" T = "0" Pressure = "0" />
		<Point X = "210" Y = "135" T = "0" Pressure = "0" />
		<Point X = "211" Y = "137" T = "0" Pressure = "0" />
		<Point X = "211" Y = "139" T = "0" Pressure = "0" />
		<Point X = "211" Y = "141" T = "0" Pressure = "0" />
		<Point X = "211" Y = "142" T = "0" Pressure = "0" />
		<Point X = "211" Y = "144" T = "0" Pressure = "0" />
		<Point X = "211" Y = "146" T = "0" Pressure = "0" />
		<Point X = "211" Y = "148" T = "0" Pressure = "0" />
		<Point X = "211" Y = "150" T = "0" Pressure = "0" />
		<Point X = "211" Y = "153" T = "0" Pressure = "0" />
		<Point X = "211" Y = "155" T = "0" Pressure = "0" />
		<Point X = "211" Y = "158" T = "0" Pressure = "0" />
		<Point X = "211" Y = "159" T = "0" Pressure = "0" />
		<Point X = "211" Y = "161" T = "0" Pressure = "0" />
		<Point X = "211" Y = "162" T = "0" Pressure = "0" />
		<Point X = "211" Y = "163" T = "0" Pressure = "0" />
		<Point X = "211" Y = "164" T = "0" Pressure = "0" />
		<Point X = "211" Y = "165" T = "0" Pressure = "0" />
		<Point X = "211" Y = "167" T = "0" Pressure = "0" />
		<Point X = "211" Y = "169" T = "0" Pressure = "0" />
		<Point X = "211" Y = "172" T = "0" Pressure = "0" />
		<Point X = "211" Y = "175" T = "0" Pressure = "0" />
		<Point X = "211" Y = "179" T = "0" Pressure = "0" />
		<Point X = "211" Y = "183" T = "0" Pressure = "0" />
		<Point X = "213" Y = "188" T = "0" Pressure = "0" />
		<Point X = "213" Y = "191" T = "0" Pressure = "0" />
		<Point X = "213" Y = "193" T = "0" Pressure = "0" />
		<Point X = "213" Y = "196" T = "0" Pressure = "0" />
		<Point X = "214" Y = "199" T = "0" Pressure = "0" />
		<Point X = "214" Y = "201" T = "0" Pressure = "0" />
		<Point X = "214" Y = "204" T = "0" Pressure = "0" />
		<Point X = "215" Y = "208" T = "0" Pressure = "0" />
		<Point X = "215" Y = "211" T = "0" Pressure = "0" />
		<Point X = "215" Y = "216" T = "0" Pressure = "0" />
		<Point X = "215" Y = "220" T = "0" Pressure = "0" />
		<Point X = "215" Y = "223" T = "0" Pressure = "0" />
		<Point X = "215" Y = "225" T = "0" Pressure = "0" />
		<Point X = "215" Y = "226" T = "0" Pressure = "0" />
		<Point X = "215" Y = "227" T = "0" Pressure = "0" />
		<Point X = "215" Y = "228" T = "0" Pressure = "0" />
		<Point X = "215" Y = "230" T = "0" Pressure = "0" />
		<Point X = "215" Y = "231" T = "0" Pressure = "0" />
		<Point X = "215" Y = "234" T = "0" Pressure = "0" />
		<Point X = "215" Y = "237" T = "0" Pressure = "0" />
		<Point X = "214" Y = "239" T = "0" Pressure = "0" />
		<Point X = "214" Y = "241" T = "0" Pressure = "0" />
		<Point X = "214" Y = "242" T = "0" Pressure = "0" />
		<Point X = "217" Y = "242" T = "0" Pressure = "0" />
		<Point X = "220" Y = "241" T = "0" Pressure = "0" />
		<Point X = "226" Y = "240" T = "0" Pressure = "0" />
		<Point X = "231" Y = "239" T = "0" Pressure = "0" />
		<Point X = "237" Y = "238" T = "0" Pressure = "0" />
		<Point X = "241" Y = "238" T = "0" Pressure = "0" />
		<Point X = "246" Y = "236" T = "0" Pressure = "0" />
		<Point X = "250" Y = "235" T = "0" Pressure = "0" />
		<Point X = "255" Y = "235" T = "0" Pressure = "0" />
		<Point X = "257" Y = "234" T = "0" Pressure = "0" />
		<Point X = "259" Y = "232" T = "0" Pressure = "0" />
		<Point X = "261" Y = "230" T = "0" Pressure = "0" />
		<Point X = "261" Y = "229" T = "0" Pressure = "0" />
		<Point X = "261" Y = "228" T = "0" Pressure = "0" />
		<Point X = "262" Y = "227" T = "0" Pressure = "0" />
		<Point X = "262" Y = "228" T = "0" Pressure = "0" />
		<Point X = "262" Y = "229" T = "0" Pressure = "0" />
		<Point X = "262" Y = "230" T = "0" Pressure = "0" />
		<Point X = "262" Y = "231" T = "0" Pressure = "0" />
		<Point X = "263" Y = "232" T = "0" Pressure = "0" />
		<Point X = "264" Y = "232" T = "0" Pressure = "0" />
		<Point X = "264" Y = "233" T = "0" Pressure = "0" />
		<Point X = "265" Y = "233" T = "0" Pressure = "0" />
		<Point X = "267" Y = "233" T = "0" Pressure = "0" />
		<Point X = "268" Y = "233" T = "0" Pressure = "0" />
		<Point X = "270" Y = "233" T = "0" Pressure = "0" />
		<Point X = "271" Y = "233" T = "0" Pressure = "0" />
		<Point X = "272" Y = "234" T = "0" Pressure = "0" />
		<Point X = "273" Y = "235" T = "0" Pressure = "0" />
		<Point X = "275" Y = "237" T = "0" Pressure = "0" />
		<Point X = "277" Y = "239" T = "0" Pressure = "0" />
		<Point X = "278" Y = "239" T = "0" Pressure = "0" />
		<Point X = "279" Y = "239" T = "0" Pressure = "0" />
		<Point X = "280" Y = "239" T = "0" Pressure = "0" />
		<Point X = "283" Y = "239" T = "0" Pressure = "0" />
		<Point X = "284" Y = "239" T = "0" Pressure = "0" />
		<Point X = "285" Y = "238" T = "0" Pressure = "0" />
		<Point X = "286" Y = "238" T = "0" Pressure = "0" />
		<Point X = "287" Y = "238" T = "0" Pressure = "0" />
		<Point X = "288" Y = "237" T = "0" Pressure = "0" />
		<Point X = "289" Y = "237" T = "0" Pressure = "0" />
		<Point X = "290" Y = "237" T = "0" Pressure = "0" />
		<Point X = "291" Y = "237" T = "0" Pressure = "0" />
		<Point X = "292" Y = "237" T = "0" Pressure = "0" />
		<Point X = "293" Y = "237" T = "0" Pressure = "0" />
		<Point X = "294" Y = "237" T = "0" Pressure = "0" />
		<Point X = "295" Y = "237" T = "0" Pressure = "0" />
		<Point X = "296" Y = "237" T = "0" Pressure = "0" />
		<Point X = "297" Y = "237" T = "0" Pressure = "0" />
		<Point X = "298" Y = "237" T = "0" Pressure = "0" />
		<Point X = "299" Y = "237" T = "0" Pressure = "0" />
		<Point X = "301" Y = "237" T = "0" Pressure = "0" />
		<Point X = "303" Y = "237" T = "0" Pressure = "0" />
		<Point X = "305" Y = "237" T = "0" Pressure = "0" />
		<Point X = "306" Y = "237" T = "0" Pressure = "0" />
		<Point X = "307" Y = "237" T = "0" Pressure = "0" />
	</Stroke>
</Gesture>
