<?xml version="1.0" encoding="utf-8" standalone="yes"?>
<Gesture Name = "l">
	<Stroke>
		<Point X = "41" Y = "65" T = "0" Pressure = "0" />
		<Point X = "41" Y = "70" T = "0" Pressure = "0" />
		<Point X = "41" Y = "76" T = "0" Pressure = "0" />
		<Point X = "41" Y = "81" T = "0" Pressure = "0" />
		<Point X = "41" Y = "86" T = "0" Pressure = "0" />
		<Point X = "41" Y = "90" T = "0" Pressure = "0" />
		<Point X = "41" Y = "93" T = "0" Pressure = "0" />
		<Point X = "40" Y = "97" T = "0" Pressure = "0" />
		<Point X = "40" Y = "104" T = "0" Pressure = "0" />
		<Point X = "40" Y = "112" T = "0" Pressure = "0" />
		<Point X = "40" Y = "118" T = "0" Pressure = "0" />
		<Point X = "40" Y = "126" T = "0" Pressure = "0" />
		<Point X = "40" Y = "132" T = "0" Pressure = "0" />
		<Point X = "40" Y = "140" T = "0" Pressure = "0" />
		<Point X = "40" Y = "144" T = "0" Pressure = "0" />
		<Point X = "40" Y = "148" T = "0" Pressure = "0" />
		<Point X = "40" Y = "150" T = "0" Pressure = "0" />
		<Point X = "40" Y = "153" T = "0" Pressure = "0" />
		<Point X = "40" Y = "154" T = "0" Pressure = "0" />
		<Point X = "40" Y = "156" T = "0" Pressure = "0" />
		<Point X = "40" Y = "157" T = "0" Pressure = "0" />
		<Point X = "40" Y = "159" T = "0" Pressure = "0" />
		<Point X = "40" Y = "160" T = "0" Pressure = "0" />
		<Point X = "40" Y = "161" T = "0" Pressure = "0" />
		<Point X = "41" Y = "162" T = "0" Pressure = "0" />
		<Point X = "42" Y = "162" T = "0" Pressure = "0" />
		<Point X = "43" Y = "162" T = "0" Pressure = "0" />
		<Point X = "48" Y = "162" T = "0" Pressure = "0" />
		<Point X = "52" Y = "162" T = "0" Pressure = "0" />
		<Point X = "59" Y = "162" T = "0" Pressure = "0" />
		<Point X = "67" Y = "162" T = "0" Pressure = "0" />
		<Point X = "74" Y = "162" T = "0" Pressure = "0" />
		<Point X = "77" Y = "162" T = "0" Pressure = "0" />
		<Point X = "83" Y = "162" T = "0" Pressure = "0" />
		<Point X = "89" Y = "162" T = "0" Pressure = "0" />
		<Point X = "95" Y = "161" T = "0" Pressure = "0" />
		<Point X = "99" Y = "161" T = "0" Pressure = "0" />
		<Point X = "102" Y = "161" T = "0" Pressure = "0" />
		<Point X = "104" Y = "162" T = "0" Pressure = "0" />
		<Point X = "105" Y = "162" T = "0" Pressure = "0" />
		<Point X = "106" Y = "162" T = "0" Pressure = "0" />
		<Point X = "107" Y = "163" T = "0" Pressure = "0" />
		<Point X = "109" Y = "163" T = "0" Pressure = "0" />
		<Point X = "112" Y = "164" T = "0" Pressure = "0" />
		<Point X = "116" Y = "167" T = "0" Pressure = "0" />
		<Point X = "125" Y = "169" T = "0" Pressure = "0" />
		<Point X = "131" Y = "173" T = "0" Pressure = "0" />
		<Point X = "135" Y = "175" T = "0" Pressure = "0" />
		<Point X = "136" Y = "175" T = "0" Pressure = "0" />
		<Point X = "137" Y = "175" T = "0" Pressure = "0" />
		<Point X = "138" Y = "175" T = "0" Pressure = "0" />
	</Stroke>
</Gesture>
