<?xml version="1.0" encoding="utf-8" standalone="yes"?>
<Gesture Name = "l">
	<Stroke>
		<Point X = "271" Y = "87" T = "0" Pressure = "0" />
		<Point X = "271" Y = "89" T = "0" Pressure = "0" />
		<Point X = "271" Y = "95" T = "0" Pressure = "0" />
		<Point X = "271" Y = "101" T = "0" Pressure = "0" />
		<Point X = "271" Y = "111" T = "0" Pressure = "0" />
		<Point X = "271" Y = "121" T = "0" Pressure = "0" />
		<Point X = "271" Y = "132" T = "0" Pressure = "0" />
		<Point X = "271" Y = "141" T = "0" Pressure = "0" />
		<Point X = "272" Y = "152" T = "0" Pressure = "0" />
		<Point X = "272" Y = "161" T = "0" Pressure = "0" />
		<Point X = "272" Y = "172" T = "0" Pressure = "0" />
		<Point X = "272" Y = "183" T = "0" Pressure = "0" />
		<Point X = "272" Y = "192" T = "0" Pressure = "0" />
		<Point X = "272" Y = "199" T = "0" Pressure = "0" />
		<Point X = "272" Y = "204" T = "0" Pressure = "0" />
		<Point X = "272" Y = "207" T = "0" Pressure = "0" />
		<Point X = "271" Y = "210" T = "0" Pressure = "0" />
		<Point X = "270" Y = "212" T = "0" Pressure = "0" />
		<Point X = "270" Y = "215" T = "0" Pressure = "0" />
		<Point X = "269" Y = "217" T = "0" Pressure = "0" />
		<Point X = "269" Y = "218" T = "0" Pressure = "0" />
		<Point X = "270" Y = "218" T = "0" Pressure = "0" />
		<Point X = "271" Y = "218" T = "0" Pressure = "0" />
		<Point X = "272" Y = "218" T = "0" Pressure = "0" />
		<Point X = "274" Y = "218" T = "0" Pressure = "0" />
		<Point X = "276" Y = "218" T = "0" Pressure = "0" />
		<Point X = "280" Y = "218" T = "0" Pressure = "0" />
		<Point X = "285" Y = "218" T = "0" Pressure = "0" />
		<Point X = "294" Y = "219" T = "0" Pressure = "0" />
		<Point X = "304" Y = "222" T = "0" Pressure = "0" />
		<Point X = "313" Y = "223" T = "0" Pressure = "0" />
		<Point X = "323" Y = "224" T = "0" Pressure = "0" />
		<Point X = "331" Y = "224" T = "0" Pressure = "0" />
		<Point X = "337" Y = "224" T = "0" Pressure = "0" />
		<Point X = "341" Y = "224" T = "0" Pressure = "0" />
		<Point X = "343" Y = "224" T = "0" Pressure = "0" />
		<Point X = "345" Y = "224" T = "0" Pressure = "0" />
		<Point X = "347" Y = "224" T = "0" Pressure = "0" />
		<Point X = "348" Y = "224" T = "0" Pressure = "0" />
		<Point X = "349" Y = "224" T = "0" Pressure = "0" />
		<Point X = "350" Y = "225" T = "0" Pressure = "0" />
		<Point X = "350" Y = "226" T = "0" Pressure = "0" />
		<Point X = "349" Y = "226" T = "0" Pressure = "0" />
		<Point X = "348" Y = "226" T = "0" Pressure = "0" />
	</Stroke>
</Gesture>
