<?xml version="1.0" encoding="utf-8" standalone="yes"?>
<Gesture Name = "l">
	<Stroke>
		<Point X = "24" Y = "35" T = "0" Pressure = "0" />
		<Point X = "25" Y = "38" T = "0" Pressure = "0" />
		<Point X = "26" Y = "41" T = "0" Pressure = "0" />
		<Point X = "28" Y = "43" T = "0" Pressure = "0" />
		<Point X = "29" Y = "45" T = "0" Pressure = "0" />
		<Point X = "29" Y = "47" T = "0" Pressure = "0" />
		<Point X = "30" Y = "49" T = "0" Pressure = "0" />
		<Point X = "30" Y = "52" T = "0" Pressure = "0" />
		<Point X = "32" Y = "56" T = "0" Pressure = "0" />
		<Point X = "32" Y = "59" T = "0" Pressure = "0" />
		<Point X = "32" Y = "64" T = "0" Pressure = "0" />
		<Point X = "33" Y = "70" T = "0" Pressure = "0" />
		<Point X = "33" Y = "80" T = "0" Pressure = "0" />
		<Point X = "33" Y = "89" T = "0" Pressure = "0" />
		<Point X = "33" Y = "100" T = "0" Pressure = "0" />
		<Point X = "35" Y = "111" T = "0" Pressure = "0" />
		<Point X = "37" Y = "121" T = "0" Pressure = "0" />
		<Point X = "39" Y = "127" T = "0" Pressure = "0" />
		<Point X = "41" Y = "133" T = "0" Pressure = "0" />
		<Point X = "42" Y = "136" T = "0" Pressure = "0" />
		<Point X = "42" Y = "140" T = "0" Pressure = "0" />
		<Point X = "43" Y = "143" T = "0" Pressure = "0" />
		<Point X = "43" Y = "146" T = "0" Pressure = "0" />
		<Point X = "43" Y = "149" T = "0" Pressure = "0" />
		<Point X = "43" Y = "156" T = "0" Pressure = "0" />
		<Point X = "44" Y = "161" T = "0" Pressure = "0" />
		<Point X = "46" Y = "165" T = "0" Pressure = "0" />
		<Point X = "46" Y = "168" T = "0" Pressure = "0" />
		<Point X = "47" Y = "172" T = "0" Pressure = "0" />
		<Point X = "48" Y = "175" T = "0" Pressure = "0" />
		<Point X = "48" Y = "181" T = "0" Pressure = "0" />
		<Point X = "49" Y = "185" T = "0" Pressure = "0" />
		<Point X = "50" Y = "190" T = "0" Pressure = "0" />
		<Point X = "51" Y = "194" T = "0" Pressure = "0" />
		<Point X = "51" Y = "197" T = "0" Pressure = "0" />
		<Point X = "52" Y = "198" T = "0" Pressure = "0" />
		<Point X = "52" Y = "200" T = "0" Pressure = "0" />
		<Point X = "52" Y = "202" T = "0" Pressure = "0" />
		<Point X = "52" Y = "205" T = "0" Pressure = "0" />
		<Point X = "52" Y = "208" T = "0" Pressure = "0" />
		<Point X = "52" Y = "212" T = "0" Pressure = "0" />
		<Point X = "52" Y = "217" T = "0" Pressure = "0" />
		<Point X = "52" Y = "224" T = "0" Pressure = "0" />
		<Point X = "52" Y = "231" T = "0" Pressure = "0" />
		<Point X = "52" Y = "239" T = "0" Pressure = "0" />
		<Point X = "52" Y = "245" T = "0" Pressure = "0" />
		<Point X = "52" Y = "249" T = "0" Pressure = "0" />
		<Point X = "52" Y = "252" T = "0" Pressure = "0" />
		<Point X = "52" Y = "253" T = "0" Pressure = "0" />
		<Point X = "52" Y = "255" T = "0" Pressure = "0" />
		<Point X = "52" Y = "257" T = "0" Pressure = "0" />
		<Point X = "52" Y = "259" T = "0" Pressure = "0" />
		<Point X = "53" Y = "261" T = "0" Pressure = "0" />
		<Point X = "53" Y = "264" T = "0" Pressure = "0" />
		<Point X = "53" Y = "267" T = "0" Pressure = "0" />
		<Point X = "53" Y = "268" T = "0" Pressure = "0" />
		<Point X = "53" Y = "271" T = "0" Pressure = "0" />
		<Point X = "53" Y = "274" T = "0" Pressure = "0" />
		<Point X = "53" Y = "275" T = "0" Pressure = "0" />
		<Point X = "53" Y = "276" T = "0" Pressure = "0" />
		<Point X = "53" Y = "277" T = "0" Pressure = "0" />
		<Point X = "52" Y = "278" T = "0" Pressure = "0" />
		<Point X = "52" Y = "279" T = "0" Pressure = "0" />
		<Point X = "51" Y = "280" T = "0" Pressure = "0" />
		<Point X = "51" Y = "281" T = "0" Pressure = "0" />
		<Point X = "51" Y = "282" T = "0" Pressure = "0" />
		<Point X = "51" Y = "284" T = "0" Pressure = "0" />
		<Point X = "51" Y = "285" T = "0" Pressure = "0" />
		<Point X = "51" Y = "287" T = "0" Pressure = "0" />
		<Point X = "51" Y = "288" T = "0" Pressure = "0" />
		<Point X = "51" Y = "290" T = "0" Pressure = "0" />
		<Point X = "51" Y = "291" T = "0" Pressure = "0" />
		<Point X = "51" Y = "293" T = "0" Pressure = "0" />
		<Point X = "51" Y = "294" T = "0" Pressure = "0" />
		<Point X = "51" Y = "295" T = "0" Pressure = "0" />
		<Point X = "51" Y = "297" T = "0" Pressure = "0" />
		<Point X = "51" Y = "299" T = "0" Pressure = "0" />
		<Point X = "51" Y = "300" T = "0" Pressure = "0" />
		<Point X = "51" Y = "301" T = "0" Pressure = "0" />
		<Point X = "52" Y = "301" T = "0" Pressure = "0" />
		<Point X = "53" Y = "302" T = "0" Pressure = "0" />
		<Point X = "54" Y = "303" T = "0" Pressure = "0" />
		<Point X = "55" Y = "305" T = "0" Pressure = "0" />
		<Point X = "57" Y = "308" T = "0" Pressure = "0" />
		<Point X = "58" Y = "308" T = "0" Pressure = "0" />
		<Point X = "59" Y = "309" T = "0" Pressure = "0" />
		<Point X = "60" Y = "309" T = "0" Pressure = "0" />
		<Point X = "61" Y = "309" T = "0" Pressure = "0" />
		<Point X = "63" Y = "309" T = "0" Pressure = "0" />
		<Point X = "65" Y = "311" T = "0" Pressure = "0" />
		<Point X = "67" Y = "312" T = "0" Pressure = "0" />
		<Point X = "71" Y = "313" T = "0" Pressure = "0" />
		<Point X = "80" Y = "316" T = "0" Pressure = "0" />
		<Point X = "91" Y = "318" T = "0" Pressure = "0" />
		<Point X = "102" Y = "319" T = "0" Pressure = "0" />
		<Point X = "117" Y = "321" T = "0" Pressure = "0" />
		<Point X = "130" Y = "324" T = "0" Pressure = "0" />
		<Point X = "140" Y = "327" T = "0" Pressure = "0" />
		<Point X = "149" Y = "328" T = "0" Pressure = "0" />
		<Point X = "157" Y = "330" T = "0" Pressure = "0" />
		<Point X = "164" Y = "333" T = "0" Pressure = "0" />
		<Point X = "171" Y = "335" T = "0" Pressure = "0" />
		<Point X = "181" Y = "338" T = "0" Pressure = "0" />
		<Point X = "195" Y = "341" T = "0" Pressure = "0" />
		<Point X = "212" Y = "343" T = "0" Pressure = "0" />
		<Point X = "226" Y = "346" T = "0" Pressure = "0" />
		<Point X = "241" Y = "347" T = "0" Pressure = "0" />
		<Point X = "252" Y = "349" T = "0" Pressure = "0" />
		<Point X = "262" Y = "350" T = "0" Pressure = "0" />
		<Point X = "267" Y = "351" T = "0" Pressure = "0" />
		<Point X = "274" Y = "352" T = "0" Pressure = "0" />
		<Point X = "277" Y = "352" T = "0" Pressure = "0" />
		<Point X = "282" Y = "354" T = "0" Pressure = "0" />
		<Point X = "284" Y = "354" T = "0" Pressure = "0" />
		<Point X = "288" Y = "354" T = "0" Pressure = "0" />
		<Point X = "294" Y = "353" T = "0" Pressure = "0" />
		<Point X = "298" Y = "353" T = "0" Pressure = "0" />
		<Point X = "304" Y = "352" T = "0" Pressure = "0" />
		<Point X = "308" Y = "352" T = "0" Pressure = "0" />
		<Point X = "314" Y = "352" T = "0" Pressure = "0" />
		<Point X = "323" Y = "352" T = "0" Pressure = "0" />
		<Point X = "333" Y = "352" T = "0" Pressure = "0" />
		<Point X = "340" Y = "352" T = "0" Pressure = "0" />
		<Point X = "347" Y = "352" T = "0" Pressure = "0" />
		<Point X = "352" Y = "352" T = "0" Pressure = "0" />
		<Point X = "357" Y = "352" T = "0" Pressure = "0" />
		<Point X = "358" Y = "352" T = "0" Pressure = "0" />
		<Point X = "360" Y = "352" T = "0" Pressure = "0" />
		<Point X = "361" Y = "352" T = "0" Pressure = "0" />
		<Point X = "364" Y = "352" T = "0" Pressure = "0" />
		<Point X = "366" Y = "352" T = "0" Pressure = "0" />
		<Point X = "368" Y = "352" T = "0" Pressure = "0" />
		<Point X = "370" Y = "352" T = "0" Pressure = "0" />
		<Point X = "375" Y = "352" T = "0" Pressure = "0" />
		<Point X = "378" Y = "350" T = "0" Pressure = "0" />
		<Point X = "380" Y = "349" T = "0" Pressure = "0" />
		<Point X = "384" Y = "349" T = "0" Pressure = "0" />
		<Point X = "387" Y = "349" T = "0" Pressure = "0" />
		<Point X = "392" Y = "348" T = "0" Pressure = "0" />
		<Point X = "395" Y = "348" T = "0" Pressure = "0" />
		<Point X = "397" Y = "346" T = "0" Pressure = "0" />
		<Point X = "398" Y = "346" T = "0" Pressure = "0" />
		<Point X = "399" Y = "345" T = "0" Pressure = "0" />
		<Point X = "401" Y = "345" T = "0" Pressure = "0" />
		<Point X = "405" Y = "345" T = "0" Pressure = "0" />
		<Point X = "407" Y = "345" T = "0" Pressure = "0" />
		<Point X = "410" Y = "345" T = "0" Pressure = "0" />
		<Point X = "414" Y = "345" T = "0" Pressure = "0" />
		<Point X = "417" Y = "345" T = "0" Pressure = "0" />
		<Point X = "419" Y = "345" T = "0" Pressure = "0" />
		<Point X = "420" Y = "345" T = "0" Pressure = "0" />
	</Stroke>
</Gesture>
