<?xml version="1.0" encoding="utf-8" standalone="yes"?>
<Gesture Name = "l">
	<Stroke>
		<Point X = "352" Y = "79" T = "0" Pressure = "0" />
		<Point X = "352" Y = "80" T = "0" Pressure = "0" />
		<Point X = "352" Y = "81" T = "0" Pressure = "0" />
		<Point X = "352" Y = "83" T = "0" Pressure = "0" />
		<Point X = "352" Y = "85" T = "0" Pressure = "0" />
		<Point X = "352" Y = "87" T = "0" Pressure = "0" />
		<Point X = "352" Y = "88" T = "0" Pressure = "0" />
		<Point X = "352" Y = "90" T = "0" Pressure = "0" />
		<Point X = "352" Y = "91" T = "0" Pressure = "0" />
		<Point X = "352" Y = "93" T = "0" Pressure = "0" />
		<Point X = "352" Y = "95" T = "0" Pressure = "0" />
		<Point X = "351" Y = "97" T = "0" Pressure = "0" />
		<Point X = "348" Y = "101" T = "0" Pressure = "0" />
		<Point X = "348" Y = "103" T = "0" Pressure = "0" />
		<Point X = "347" Y = "106" T = "0" Pressure = "0" />
		<Point X = "344" Y = "111" T = "0" Pressure = "0" />
		<Point X = "343" Y = "114" T = "0" Pressure = "0" />
		<Point X = "343" Y = "118" T = "0" Pressure = "0" />
		<Point X = "342" Y = "120" T = "0" Pressure = "0" />
		<Point X = "342" Y = "123" T = "0" Pressure = "0" />
		<Point X = "341" Y = "123" T = "0" Pressure = "0" />
		<Point X = "340" Y = "125" T = "0" Pressure = "0" />
		<Point X = "340" Y = "126" T = "0" Pressure = "0" />
		<Point X = "340" Y = "129" T = "0" Pressure = "0" />
		<Point X = "340" Y = "130" T = "0" Pressure = "0" />
		<Point X = "340" Y = "133" T = "0" Pressure = "0" />
		<Point X = "340" Y = "136" T = "0" Pressure = "0" />
		<Point X = "340" Y = "137" T = "0" Pressure = "0" />
		<Point X = "340" Y = "140" T = "0" Pressure = "0" />
		<Point X = "339" Y = "141" T = "0" Pressure = "0" />
		<Point X = "339" Y = "143" T = "0" Pressure = "0" />
		<Point X = "338" Y = "144" T = "0" Pressure = "0" />
		<Point X = "338" Y = "145" T = "0" Pressure = "0" />
		<Point X = "338" Y = "146" T = "0" Pressure = "0" />
		<Point X = "338" Y = "147" T = "0" Pressure = "0" />
		<Point X = "338" Y = "149" T = "0" Pressure = "0" />
		<Point X = "338" Y = "152" T = "0" Pressure = "0" />
		<Point X = "338" Y = "155" T = "0" Pressure = "0" />
		<Point X = "338" Y = "157" T = "0" Pressure = "0" />
		<Point X = "338" Y = "160" T = "0" Pressure = "0" />
		<Point X = "338" Y = "161" T = "0" Pressure = "0" />
		<Point X = "337" Y = "163" T = "0" Pressure = "0" />
		<Point X = "337" Y = "164" T = "0" Pressure = "0" />
		<Point X = "336" Y = "164" T = "0" Pressure = "0" />
		<Point X = "336" Y = "165" T = "0" Pressure = "0" />
		<Point X = "336" Y = "166" T = "0" Pressure = "0" />
		<Point X = "336" Y = "167" T = "0" Pressure = "0" />
		<Point X = "336" Y = "168" T = "0" Pressure = "0" />
		<Point X = "336" Y = "169" T = "0" Pressure = "0" />
		<Point X = "336" Y = "171" T = "0" Pressure = "0" />
		<Point X = "336" Y = "173" T = "0" Pressure = "0" />
		<Point X = "336" Y = "174" T = "0" Pressure = "0" />
		<Point X = "337" Y = "176" T = "0" Pressure = "0" />
		<Point X = "338" Y = "176" T = "0" Pressure = "0" />
		<Point X = "338" Y = "177" T = "0" Pressure = "0" />
		<Point X = "339" Y = "177" T = "0" Pressure = "0" />
		<Point X = "340" Y = "177" T = "0" Pressure = "0" />
		<Point X = "341" Y = "177" T = "0" Pressure = "0" />
		<Point X = "342" Y = "177" T = "0" Pressure = "0" />
		<Point X = "343" Y = "177" T = "0" Pressure = "0" />
		<Point X = "345" Y = "177" T = "0" Pressure = "0" />
		<Point X = "347" Y = "177" T = "0" Pressure = "0" />
		<Point X = "350" Y = "177" T = "0" Pressure = "0" />
		<Point X = "354" Y = "177" T = "0" Pressure = "0" />
		<Point X = "358" Y = "177" T = "0" Pressure = "0" />
		<Point X = "362" Y = "177" T = "0" Pressure = "0" />
		<Point X = "364" Y = "177" T = "0" Pressure = "0" />
		<Point X = "367" Y = "177" T = "0" Pressure = "0" />
		<Point X = "367" Y = "178" T = "0" Pressure = "0" />
		<Point X = "368" Y = "178" T = "0" Pressure = "0" />
		<Point X = "370" Y = "179" T = "0" Pressure = "0" />
		<Point X = "372" Y = "179" T = "0" Pressure = "0" />
		<Point X = "373" Y = "179" T = "0" Pressure = "0" />
		<Point X = "374" Y = "179" T = "0" Pressure = "0" />
		<Point X = "376" Y = "180" T = "0" Pressure = "0" />
		<Point X = "377" Y = "180" T = "0" Pressure = "0" />
		<Point X = "380" Y = "176" T = "0" Pressure = "0" />
	</Stroke>
</Gesture>
