<?xml version="1.0" encoding="utf-8" standalone="yes"?>
<Gesture Name = "l">
	<Stroke>
		<Point X = "302" Y = "49" T = "0" Pressure = "0" />
		<Point X = "302" Y = "50" T = "0" Pressure = "0" />
		<Point X = "302" Y = "53" T = "0" Pressure = "0" />
		<Point X = "302" Y = "55" T = "0" Pressure = "0" />
		<Point X = "303" Y = "59" T = "0" Pressure = "0" />
		<Point X = "304" Y = "62" T = "0" Pressure = "0" />
		<Point X = "307" Y = "68" T = "0" Pressure = "0" />
		<Point X = "308" Y = "77" T = "0" Pressure = "0" />
		<Point X = "308" Y = "86" T = "0" Pressure = "0" />
		<Point X = "308" Y = "94" T = "0" Pressure = "0" />
		<Point X = "308" Y = "105" T = "0" Pressure = "0" />
		<Point X = "308" Y = "115" T = "0" Pressure = "0" />
		<Point X = "308" Y = "126" T = "0" Pressure = "0" />
		<Point X = "309" Y = "135" T = "0" Pressure = "0" />
		<Point X = "309" Y = "145" T = "0" Pressure = "0" />
		<Point X = "311" Y = "153" T = "0" Pressure = "0" />
		<Point X = "312" Y = "159" T = "0" Pressure = "0" />
		<Point X = "312" Y = "161" T = "0" Pressure = "0" />
		<Point X = "312" Y = "163" T = "0" Pressure = "0" />
		<Point X = "312" Y = "164" T = "0" Pressure = "0" />
		<Point X = "314" Y = "164" T = "0" Pressure = "0" />
		<Point X = "315" Y = "164" T = "0" Pressure = "0" />
		<Point X = "317" Y = "164" T = "0" Pressure = "0" />
		<Point X = "319" Y = "164" T = "0" Pressure = "0" />
		<Point X = "323" Y = "164" T = "0" Pressure = "0" />
		<Point X = "326" Y = "164" T = "0" Pressure = "0" />
		<Point X = "331" Y = "164" T = "0" Pressure = "0" />
		<Point X = "339" Y = "164" T = "0" Pressure = "0" />
		<Point X = "349" Y = "164" T = "0" Pressure = "0" />
		<Point X = "358" Y = "164" T = "0" Pressure = "0" />
		<Point X = "368" Y = "164" T = "0" Pressure = "0" />
		<Point X = "373" Y = "164" T = "0" Pressure = "0" />
		<Point X = "376" Y = "164" T = "0" Pressure = "0" />
		<Point X = "377" Y = "164" T = "0" Pressure = "0" />
		<Point X = "378" Y = "164" T = "0" Pressure = "0" />
		<Point X = "379" Y = "164" T = "0" Pressure = "0" />
	</Stroke>
</Gesture>
