<?xml version="1.0" encoding="utf-8" standalone="yes"?>
<Gesture Name = "l">
	<Stroke>
		<Point X = "36" Y = "74" T = "0" Pressure = "0" />
		<Point X = "36" Y = "80" T = "0" Pressure = "0" />
		<Point X = "36" Y = "90" T = "0" Pressure = "0" />
		<Point X = "36" Y = "96" T = "0" Pressure = "0" />
		<Point X = "36" Y = "106" T = "0" Pressure = "0" />
		<Point X = "36" Y = "113" T = "0" Pressure = "0" />
		<Point X = "36" Y = "123" T = "0" Pressure = "0" />
		<Point X = "36" Y = "131" T = "0" Pressure = "0" />
		<Point X = "36" Y = "138" T = "0" Pressure = "0" />
		<Point X = "36" Y = "146" T = "0" Pressure = "0" />
		<Point X = "36" Y = "153" T = "0" Pressure = "0" />
		<Point X = "36" Y = "157" T = "0" Pressure = "0" />
		<Point X = "36" Y = "161" T = "0" Pressure = "0" />
		<Point X = "36" Y = "167" T = "0" Pressure = "0" />
		<Point X = "36" Y = "170" T = "0" Pressure = "0" />
		<Point X = "36" Y = "177" T = "0" Pressure = "0" />
		<Point X = "38" Y = "184" T = "0" Pressure = "0" />
		<Point X = "39" Y = "195" T = "0" Pressure = "0" />
		<Point X = "39" Y = "204" T = "0" Pressure = "0" />
		<Point X = "39" Y = "211" T = "0" Pressure = "0" />
		<Point X = "39" Y = "216" T = "0" Pressure = "0" />
		<Point X = "39" Y = "219" T = "0" Pressure = "0" />
		<Point X = "39" Y = "220" T = "0" Pressure = "0" />
		<Point X = "39" Y = "221" T = "0" Pressure = "0" />
		<Point X = "39" Y = "222" T = "0" Pressure = "0" />
		<Point X = "40" Y = "222" T = "0" Pressure = "0" />
		<Point X = "41" Y = "222" T = "0" Pressure = "0" />
		<Point X = "42" Y = "222" T = "0" Pressure = "0" />
		<Point X = "44" Y = "222" T = "0" Pressure = "0" />
		<Point X = "46" Y = "222" T = "0" Pressure = "0" />
		<Point X = "49" Y = "222" T = "0" Pressure = "0" />
		<Point X = "53" Y = "222" T = "0" Pressure = "0" />
		<Point X = "57" Y = "222" T = "0" Pressure = "0" />
		<Point X = "66" Y = "224" T = "0" Pressure = "0" />
		<Point X = "74" Y = "226" T = "0" Pressure = "0" />
		<Point X = "84" Y = "227" T = "0" Pressure = "0" />
		<Point X = "91" Y = "227" T = "0" Pressure = "0" />
		<Point X = "96" Y = "227" T = "0" Pressure = "0" />
		<Point X = "100" Y = "227" T = "0" Pressure = "0" />
		<Point X = "105" Y = "227" T = "0" Pressure = "0" />
		<Point X = "109" Y = "227" T = "0" Pressure = "0" />
		<Point X = "111" Y = "227" T = "0" Pressure = "0" />
		<Point X = "114" Y = "227" T = "0" Pressure = "0" />
		<Point X = "117" Y = "227" T = "0" Pressure = "0" />
		<Point X = "120" Y = "227" T = "0" Pressure = "0" />
		<Point X = "121" Y = "227" T = "0" Pressure = "0" />
		<Point X = "122" Y = "227" T = "0" Pressure = "0" />
	</Stroke>
</Gesture>
