<?xml version="1.0" encoding="utf-8" standalone="yes"?>
<Gesture Name = "l">
	<Stroke>
		<Point X = "26" Y = "30" T = "0" Pressure = "0" />
		<Point X = "26" Y = "33" T = "0" Pressure = "0" />
		<Point X = "26" Y = "37" T = "0" Pressure = "0" />
		<Point X = "26" Y = "42" T = "0" Pressure = "0" />
		<Point X = "26" Y = "49" T = "0" Pressure = "0" />
		<Point X = "26" Y = "57" T = "0" Pressure = "0" />
		<Point X = "26" Y = "70" T = "0" Pressure = "0" />
		<Point X = "26" Y = "84" T = "0" Pressure = "0" />
		<Point X = "26" Y = "98" T = "0" Pressure = "0" />
		<Point X = "26" Y = "110" T = "0" Pressure = "0" />
		<Point X = "26" Y = "121" T = "0" Pressure = "0" />
		<Point X = "26" Y = "129" T = "0" Pressure = "0" />
		<Point X = "26" Y = "132" T = "0" Pressure = "0" />
		<Point X = "26" Y = "134" T = "0" Pressure = "0" />
		<Point X = "26" Y = "136" T = "0" Pressure = "0" />
		<Point X = "27" Y = "137" T = "0" Pressure = "0" />
		<Point X = "27" Y = "140" T = "0" Pressure = "0" />
		<Point X = "30" Y = "143" T = "0" Pressure = "0" />
		<Point X = "31" Y = "144" T = "0" Pressure = "0" />
		<Point X = "33" Y = "146" T = "0" Pressure = "0" />
		<Point X = "33" Y = "147" T = "0" Pressure = "0" />
		<Point X = "34" Y = "148" T = "0" Pressure = "0" />
		<Point X = "35" Y = "148" T = "0" Pressure = "0" />
		<Point X = "36" Y = "148" T = "0" Pressure = "0" />
		<Point X = "36" Y = "147" T = "0" Pressure = "0" />
		<Point X = "37" Y = "147" T = "0" Pressure = "0" />
		<Point X = "38" Y = "147" T = "0" Pressure = "0" />
		<Point X = "41" Y = "147" T = "0" Pressure = "0" />
		<Point X = "44" Y = "147" T = "0" Pressure = "0" />
		<Point X = "48" Y = "147" T = "0" Pressure = "0" />
		<Point X = "53" Y = "147" T = "0" Pressure = "0" />
		<Point X = "61" Y = "147" T = "0" Pressure = "0" />
		<Point X = "66" Y = "147" T = "0" Pressure = "0" />
		<Point X = "68" Y = "147" T = "0" Pressure = "0" />
		<Point X = "71" Y = "147" T = "0" Pressure = "0" />
		<Point X = "73" Y = "147" T = "0" Pressure = "0" />
		<Point X = "74" Y = "147" T = "0" Pressure = "0" />
		<Point X = "77" Y = "147" T = "0" Pressure = "0" />
		<Point X = "81" Y = "147" T = "0" Pressure = "0" />
		<Point X = "87" Y = "147" T = "0" Pressure = "0" />
		<Point X = "93" Y = "147" T = "0" Pressure = "0" />
		<Point X = "96" Y = "147" T = "0" Pressure = "0" />
		<Point X = "99" Y = "147" T = "0" Pressure = "0" />
		<Point X = "100" Y = "147" T = "0" Pressure = "0" />
	</Stroke>
</Gesture>
