<?xml version="1.0" encoding="utf-8" standalone="yes"?>
<Gesture Name = "l">
	<Stroke>
		<Point X = "107" Y = "77" T = "0" Pressure = "0" />
		<Point X = "108" Y = "80" T = "0" Pressure = "0" />
		<Point X = "108" Y = "82" T = "0" Pressure = "0" />
		<Point X = "108" Y = "85" T = "0" Pressure = "0" />
		<Point X = "108" Y = "88" T = "0" Pressure = "0" />
		<Point X = "108" Y = "90" T = "0" Pressure = "0" />
		<Point X = "108" Y = "93" T = "0" Pressure = "0" />
		<Point X = "108" Y = "98" T = "0" Pressure = "0" />
		<Point X = "108" Y = "107" T = "0" Pressure = "0" />
		<Point X = "108" Y = "115" T = "0" Pressure = "0" />
		<Point X = "108" Y = "124" T = "0" Pressure = "0" />
		<Point X = "111" Y = "135" T = "0" Pressure = "0" />
		<Point X = "112" Y = "145" T = "0" Pressure = "0" />
		<Point X = "113" Y = "156" T = "0" Pressure = "0" />
		<Point X = "114" Y = "166" T = "0" Pressure = "0" />
		<Point X = "116" Y = "173" T = "0" Pressure = "0" />
		<Point X = "117" Y = "181" T = "0" Pressure = "0" />
		<Point X = "118" Y = "186" T = "0" Pressure = "0" />
		<Point X = "118" Y = "190" T = "0" Pressure = "0" />
		<Point X = "118" Y = "193" T = "0" Pressure = "0" />
		<Point X = "118" Y = "197" T = "0" Pressure = "0" />
		<Point X = "118" Y = "199" T = "0" Pressure = "0" />
		<Point X = "118" Y = "203" T = "0" Pressure = "0" />
		<Point X = "118" Y = "206" T = "0" Pressure = "0" />
		<Point X = "118" Y = "210" T = "0" Pressure = "0" />
		<Point X = "118" Y = "214" T = "0" Pressure = "0" />
		<Point X = "118" Y = "218" T = "0" Pressure = "0" />
		<Point X = "118" Y = "221" T = "0" Pressure = "0" />
		<Point X = "118" Y = "225" T = "0" Pressure = "0" />
		<Point X = "117" Y = "228" T = "0" Pressure = "0" />
		<Point X = "116" Y = "231" T = "0" Pressure = "0" />
		<Point X = "116" Y = "235" T = "0" Pressure = "0" />
		<Point X = "116" Y = "237" T = "0" Pressure = "0" />
		<Point X = "116" Y = "241" T = "0" Pressure = "0" />
		<Point X = "115" Y = "247" T = "0" Pressure = "0" />
		<Point X = "115" Y = "252" T = "0" Pressure = "0" />
		<Point X = "115" Y = "258" T = "0" Pressure = "0" />
		<Point X = "115" Y = "265" T = "0" Pressure = "0" />
		<Point X = "115" Y = "272" T = "0" Pressure = "0" />
		<Point X = "115" Y = "275" T = "0" Pressure = "0" />
		<Point X = "115" Y = "278" T = "0" Pressure = "0" />
		<Point X = "115" Y = "279" T = "0" Pressure = "0" />
		<Point X = "114" Y = "280" T = "0" Pressure = "0" />
		<Point X = "113" Y = "280" T = "0" Pressure = "0" />
		<Point X = "113" Y = "281" T = "0" Pressure = "0" />
		<Point X = "113" Y = "282" T = "0" Pressure = "0" />
		<Point X = "114" Y = "282" T = "0" Pressure = "0" />
		<Point X = "117" Y = "282" T = "0" Pressure = "0" />
		<Point X = "122" Y = "282" T = "0" Pressure = "0" />
		<Point X = "130" Y = "282" T = "0" Pressure = "0" />
		<Point X = "137" Y = "282" T = "0" Pressure = "0" />
		<Point X = "145" Y = "282" T = "0" Pressure = "0" />
		<Point X = "152" Y = "282" T = "0" Pressure = "0" />
		<Point X = "163" Y = "282" T = "0" Pressure = "0" />
		<Point X = "173" Y = "282" T = "0" Pressure = "0" />
		<Point X = "182" Y = "282" T = "0" Pressure = "0" />
		<Point X = "188" Y = "282" T = "0" Pressure = "0" />
		<Point X = "193" Y = "282" T = "0" Pressure = "0" />
		<Point X = "196" Y = "282" T = "0" Pressure = "0" />
		<Point X = "200" Y = "282" T = "0" Pressure = "0" />
		<Point X = "202" Y = "282" T = "0" Pressure = "0" />
		<Point X = "203" Y = "282" T = "0" Pressure = "0" />
		<Point X = "207" Y = "282" T = "0" Pressure = "0" />
		<Point X = "212" Y = "282" T = "0" Pressure = "0" />
		<Point X = "219" Y = "282" T = "0" Pressure = "0" />
		<Point X = "227" Y = "283" T = "0" Pressure = "0" />
		<Point X = "237" Y = "284" T = "0" Pressure = "0" />
		<Point X = "243" Y = "286" T = "0" Pressure = "0" />
		<Point X = "249" Y = "286" T = "0" Pressure = "0" />
		<Point X = "255" Y = "286" T = "0" Pressure = "0" />
		<Point X = "257" Y = "286" T = "0" Pressure = "0" />
		<Point X = "258" Y = "286" T = "0" Pressure = "0" />
		<Point X = "261" Y = "286" T = "0" Pressure = "0" />
		<Point X = "265" Y = "286" T = "0" Pressure = "0" />
		<Point X = "268" Y = "286" T = "0" Pressure = "0" />
		<Point X = "272" Y = "286" T = "0" Pressure = "0" />
		<Point X = "274" Y = "286" T = "0" Pressure = "0" />
		<Point X = "275" Y = "286" T = "0" Pressure = "0" />
	</Stroke>
</Gesture>
