<?xml version="1.0" encoding="utf-8" standalone="yes"?>
<Gesture Name = "l">
	<Stroke>
		<Point X = "61" Y = "159" T = "0" Pressure = "0" />
		<Point X = "61" Y = "160" T = "0" Pressure = "0" />
		<Point X = "61" Y = "162" T = "0" Pressure = "0" />
		<Point X = "61" Y = "165" T = "0" Pressure = "0" />
		<Point X = "60" Y = "170" T = "0" Pressure = "0" />
		<Point X = "58" Y = "178" T = "0" Pressure = "0" />
		<Point X = "57" Y = "192" T = "0" Pressure = "0" />
		<Point X = "54" Y = "206" T = "0" Pressure = "0" />
		<Point X = "52" Y = "223" T = "0" Pressure = "0" />
		<Point X = "49" Y = "242" T = "0" Pressure = "0" />
		<Point X = "49" Y = "254" T = "0" Pressure = "0" />
		<Point X = "49" Y = "265" T = "0" Pressure = "0" />
		<Point X = "49" Y = "272" T = "0" Pressure = "0" />
		<Point X = "49" Y = "276" T = "0" Pressure = "0" />
		<Point X = "49" Y = "278" T = "0" Pressure = "0" />
		<Point X = "49" Y = "280" T = "0" Pressure = "0" />
		<Point X = "49" Y = "281" T = "0" Pressure = "0" />
		<Point X = "49" Y = "284" T = "0" Pressure = "0" />
		<Point X = "49" Y = "285" T = "0" Pressure = "0" />
		<Point X = "49" Y = "286" T = "0" Pressure = "0" />
		<Point X = "49" Y = "287" T = "0" Pressure = "0" />
		<Point X = "50" Y = "287" T = "0" Pressure = "0" />
		<Point X = "51" Y = "287" T = "0" Pressure = "0" />
		<Point X = "52" Y = "287" T = "0" Pressure = "0" />
		<Point X = "54" Y = "287" T = "0" Pressure = "0" />
		<Point X = "62" Y = "289" T = "0" Pressure = "0" />
		<Point X = "79" Y = "294" T = "0" Pressure = "0" />
		<Point X = "96" Y = "300" T = "0" Pressure = "0" />
		<Point X = "109" Y = "303" T = "0" Pressure = "0" />
		<Point X = "119" Y = "307" T = "0" Pressure = "0" />
		<Point X = "125" Y = "310" T = "0" Pressure = "0" />
		<Point X = "129" Y = "311" T = "0" Pressure = "0" />
		<Point X = "133" Y = "314" T = "0" Pressure = "0" />
		<Point X = "135" Y = "315" T = "0" Pressure = "0" />
		<Point X = "136" Y = "315" T = "0" Pressure = "0" />
		<Point X = "137" Y = "315" T = "0" Pressure = "0" />
	</Stroke>
</Gesture>
