<?xml version="1.0" encoding="utf-8" standalone="yes"?>
<Gesture Name = "l">
	<Stroke>
		<Point X = "12" Y = "41" T = "0" Pressure = "0" />
		<Point X = "14" Y = "45" T = "0" Pressure = "0" />
		<Point X = "15" Y = "47" T = "0" Pressure = "0" />
		<Point X = "16" Y = "49" T = "0" Pressure = "0" />
		<Point X = "16" Y = "50" T = "0" Pressure = "0" />
		<Point X = "16" Y = "51" T = "0" Pressure = "0" />
		<Point X = "18" Y = "53" T = "0" Pressure = "0" />
		<Point X = "18" Y = "54" T = "0" Pressure = "0" />
		<Point X = "18" Y = "58" T = "0" Pressure = "0" />
		<Point X = "18" Y = "62" T = "0" Pressure = "0" />
		<Point X = "18" Y = "65" T = "0" Pressure = "0" />
		<Point X = "18" Y = "69" T = "0" Pressure = "0" />
		<Point X = "18" Y = "75" T = "0" Pressure = "0" />
		<Point X = "18" Y = "79" T = "0" Pressure = "0" />
		<Point X = "18" Y = "87" T = "0" Pressure = "0" />
		<Point X = "18" Y = "93" T = "0" Pressure = "0" />
		<Point X = "18" Y = "97" T = "0" Pressure = "0" />
		<Point X = "18" Y = "101" T = "0" Pressure = "0" />
		<Point X = "18" Y = "107" T = "0" Pressure = "0" />
		<Point X = "18" Y = "114" T = "0" Pressure = "0" />
		<Point X = "18" Y = "118" T = "0" Pressure = "0" />
		<Point X = "18" Y = "124" T = "0" Pressure = "0" />
		<Point X = "18" Y = "129" T = "0" Pressure = "0" />
		<Point X = "18" Y = "131" T = "0" Pressure = "0" />
		<Point X = "18" Y = "133" T = "0" Pressure = "0" />
		<Point X = "18" Y = "137" T = "0" Pressure = "0" />
		<Point X = "18" Y = "138" T = "0" Pressure = "0" />
		<Point X = "18" Y = "139" T = "0" Pressure = "0" />
		<Point X = "18" Y = "140" T = "0" Pressure = "0" />
		<Point X = "18" Y = "141" T = "0" Pressure = "0" />
		<Point X = "18" Y = "142" T = "0" Pressure = "0" />
		<Point X = "19" Y = "142" T = "0" Pressure = "0" />
		<Point X = "21" Y = "142" T = "0" Pressure = "0" />
		<Point X = "24" Y = "142" T = "0" Pressure = "0" />
		<Point X = "26" Y = "142" T = "0" Pressure = "0" />
		<Point X = "28" Y = "142" T = "0" Pressure = "0" />
		<Point X = "31" Y = "142" T = "0" Pressure = "0" />
		<Point X = "32" Y = "142" T = "0" Pressure = "0" />
		<Point X = "35" Y = "141" T = "0" Pressure = "0" />
		<Point X = "38" Y = "141" T = "0" Pressure = "0" />
		<Point X = "42" Y = "141" T = "0" Pressure = "0" />
		<Point X = "45" Y = "141" T = "0" Pressure = "0" />
		<Point X = "50" Y = "141" T = "0" Pressure = "0" />
		<Point X = "55" Y = "141" T = "0" Pressure = "0" />
		<Point X = "62" Y = "141" T = "0" Pressure = "0" />
		<Point X = "72" Y = "141" T = "0" Pressure = "0" />
		<Point X = "81" Y = "141" T = "0" Pressure = "0" />
		<Point X = "89" Y = "141" T = "0" Pressure = "0" />
		<Point X = "96" Y = "141" T = "0" Pressure = "0" />
		<Point X = "102" Y = "143" T = "0" Pressure = "0" />
		<Point X = "103" Y = "143" T = "0" Pressure = "0" />
	</Stroke>
</Gesture>
