<?xml version="1.0" encoding="utf-8" standalone="yes"?>
<Gesture Name = "l">
	<Stroke>
		<Point X = "29" Y = "195" T = "0" Pressure = "0" />
		<Point X = "29" Y = "204" T = "0" Pressure = "0" />
		<Point X = "30" Y = "211" T = "0" Pressure = "0" />
		<Point X = "32" Y = "217" T = "0" Pressure = "0" />
		<Point X = "33" Y = "220" T = "0" Pressure = "0" />
		<Point X = "34" Y = "224" T = "0" Pressure = "0" />
		<Point X = "34" Y = "227" T = "0" Pressure = "0" />
		<Point X = "34" Y = "233" T = "0" Pressure = "0" />
		<Point X = "34" Y = "238" T = "0" Pressure = "0" />
		<Point X = "34" Y = "246" T = "0" Pressure = "0" />
		<Point X = "34" Y = "253" T = "0" Pressure = "0" />
		<Point X = "35" Y = "262" T = "0" Pressure = "0" />
		<Point X = "35" Y = "267" T = "0" Pressure = "0" />
		<Point X = "36" Y = "273" T = "0" Pressure = "0" />
		<Point X = "36" Y = "280" T = "0" Pressure = "0" />
		<Point X = "36" Y = "285" T = "0" Pressure = "0" />
		<Point X = "36" Y = "290" T = "0" Pressure = "0" />
		<Point X = "36" Y = "294" T = "0" Pressure = "0" />
		<Point X = "36" Y = "297" T = "0" Pressure = "0" />
		<Point X = "36" Y = "299" T = "0" Pressure = "0" />
		<Point X = "36" Y = "302" T = "0" Pressure = "0" />
		<Point X = "34" Y = "307" T = "0" Pressure = "0" />
		<Point X = "32" Y = "311" T = "0" Pressure = "0" />
		<Point X = "32" Y = "314" T = "0" Pressure = "0" />
		<Point X = "31" Y = "316" T = "0" Pressure = "0" />
		<Point X = "30" Y = "317" T = "0" Pressure = "0" />
		<Point X = "33" Y = "317" T = "0" Pressure = "0" />
		<Point X = "36" Y = "317" T = "0" Pressure = "0" />
		<Point X = "40" Y = "317" T = "0" Pressure = "0" />
		<Point X = "45" Y = "317" T = "0" Pressure = "0" />
		<Point X = "49" Y = "315" T = "0" Pressure = "0" />
		<Point X = "53" Y = "315" T = "0" Pressure = "0" />
		<Point X = "60" Y = "314" T = "0" Pressure = "0" />
		<Point X = "66" Y = "314" T = "0" Pressure = "0" />
		<Point X = "69" Y = "314" T = "0" Pressure = "0" />
		<Point X = "72" Y = "314" T = "0" Pressure = "0" />
		<Point X = "76" Y = "314" T = "0" Pressure = "0" />
		<Point X = "77" Y = "314" T = "0" Pressure = "0" />
		<Point X = "79" Y = "314" T = "0" Pressure = "0" />
		<Point X = "81" Y = "314" T = "0" Pressure = "0" />
		<Point X = "82" Y = "314" T = "0" Pressure = "0" />
		<Point X = "83" Y = "314" T = "0" Pressure = "0" />
		<Point X = "84" Y = "314" T = "0" Pressure = "0" />
		<Point X = "85" Y = "314" T = "0" Pressure = "0" />
		<Point X = "86" Y = "314" T = "0" Pressure = "0" />
		<Point X = "87" Y = "314" T = "0" Pressure = "0" />
		<Point X = "89" Y = "313" T = "0" Pressure = "0" />
		<Point X = "90" Y = "313" T = "0" Pressure = "0" />
		<Point X = "91" Y = "313" T = "0" Pressure = "0" />
		<Point X = "93" Y = "313" T = "0" Pressure = "0" />
	</Stroke>
</Gesture>
