<?xml version="1.0" encoding="utf-8" standalone="yes"?>
<Gesture Name = "l">
	<Stroke>
		<Point X = "156" Y = "155" T = "0" Pressure = "0" />
		<Point X = "156" Y = "158" T = "0" Pressure = "0" />
		<Point X = "156" Y = "162" T = "0" Pressure = "0" />
		<Point X = "156" Y = "167" T = "0" Pressure = "0" />
		<Point X = "156" Y = "174" T = "0" Pressure = "0" />
		<Point X = "156" Y = "180" T = "0" Pressure = "0" />
		<Point X = "156" Y = "185" T = "0" Pressure = "0" />
		<Point X = "156" Y = "191" T = "0" Pressure = "0" />
		<Point X = "156" Y = "198" T = "0" Pressure = "0" />
		<Point X = "156" Y = "202" T = "0" Pressure = "0" />
		<Point X = "156" Y = "206" T = "0" Pressure = "0" />
		<Point X = "156" Y = "211" T = "0" Pressure = "0" />
		<Point X = "157" Y = "213" T = "0" Pressure = "0" />
		<Point X = "157" Y = "217" T = "0" Pressure = "0" />
		<Point X = "158" Y = "220" T = "0" Pressure = "0" />
		<Point X = "159" Y = "225" T = "0" Pressure = "0" />
		<Point X = "160" Y = "227" T = "0" Pressure = "0" />
		<Point X = "160" Y = "228" T = "0" Pressure = "0" />
		<Point X = "160" Y = "229" T = "0" Pressure = "0" />
		<Point X = "160" Y = "231" T = "0" Pressure = "0" />
		<Point X = "160" Y = "233" T = "0" Pressure = "0" />
		<Point X = "160" Y = "235" T = "0" Pressure = "0" />
		<Point X = "160" Y = "237" T = "0" Pressure = "0" />
		<Point X = "160" Y = "238" T = "0" Pressure = "0" />
		<Point X = "160" Y = "239" T = "0" Pressure = "0" />
		<Point X = "160" Y = "241" T = "0" Pressure = "0" />
		<Point X = "160" Y = "244" T = "0" Pressure = "0" />
		<Point X = "161" Y = "245" T = "0" Pressure = "0" />
		<Point X = "161" Y = "247" T = "0" Pressure = "0" />
		<Point X = "162" Y = "249" T = "0" Pressure = "0" />
		<Point X = "162" Y = "251" T = "0" Pressure = "0" />
		<Point X = "162" Y = "253" T = "0" Pressure = "0" />
		<Point X = "162" Y = "256" T = "0" Pressure = "0" />
		<Point X = "162" Y = "258" T = "0" Pressure = "0" />
		<Point X = "162" Y = "259" T = "0" Pressure = "0" />
		<Point X = "163" Y = "260" T = "0" Pressure = "0" />
		<Point X = "163" Y = "261" T = "0" Pressure = "0" />
		<Point X = "163" Y = "262" T = "0" Pressure = "0" />
		<Point X = "163" Y = "263" T = "0" Pressure = "0" />
		<Point X = "163" Y = "264" T = "0" Pressure = "0" />
		<Point X = "163" Y = "265" T = "0" Pressure = "0" />
		<Point X = "164" Y = "266" T = "0" Pressure = "0" />
		<Point X = "164" Y = "267" T = "0" Pressure = "0" />
		<Point X = "164" Y = "268" T = "0" Pressure = "0" />
		<Point X = "164" Y = "269" T = "0" Pressure = "0" />
		<Point X = "164" Y = "270" T = "0" Pressure = "0" />
		<Point X = "165" Y = "271" T = "0" Pressure = "0" />
		<Point X = "167" Y = "271" T = "0" Pressure = "0" />
		<Point X = "174" Y = "271" T = "0" Pressure = "0" />
		<Point X = "182" Y = "271" T = "0" Pressure = "0" />
		<Point X = "190" Y = "271" T = "0" Pressure = "0" />
		<Point X = "200" Y = "271" T = "0" Pressure = "0" />
		<Point X = "208" Y = "271" T = "0" Pressure = "0" />
		<Point X = "216" Y = "271" T = "0" Pressure = "0" />
		<Point X = "220" Y = "271" T = "0" Pressure = "0" />
		<Point X = "224" Y = "271" T = "0" Pressure = "0" />
		<Point X = "225" Y = "271" T = "0" Pressure = "0" />
		<Point X = "228" Y = "271" T = "0" Pressure = "0" />
		<Point X = "231" Y = "271" T = "0" Pressure = "0" />
		<Point X = "235" Y = "271" T = "0" Pressure = "0" />
		<Point X = "240" Y = "271" T = "0" Pressure = "0" />
		<Point X = "246" Y = "271" T = "0" Pressure = "0" />
		<Point X = "250" Y = "271" T = "0" Pressure = "0" />
		<Point X = "254" Y = "271" T = "0" Pressure = "0" />
		<Point X = "257" Y = "271" T = "0" Pressure = "0" />
		<Point X = "259" Y = "271" T = "0" Pressure = "0" />
		<Point X = "261" Y = "271" T = "0" Pressure = "0" />
		<Point X = "262" Y = "271" T = "0" Pressure = "0" />
	</Stroke>
</Gesture>
