<?xml version="1.0" encoding="utf-8" standalone="yes"?>
<Gesture Name = "l">
	<Stroke>
		<Point X = "34" Y = "135" T = "0" Pressure = "0" />
		<Point X = "34" Y = "138" T = "0" Pressure = "0" />
		<Point X = "34" Y = "141" T = "0" Pressure = "0" />
		<Point X = "33" Y = "145" T = "0" Pressure = "0" />
		<Point X = "33" Y = "152" T = "0" Pressure = "0" />
		<Point X = "32" Y = "158" T = "0" Pressure = "0" />
		<Point X = "30" Y = "165" T = "0" Pressure = "0" />
		<Point X = "30" Y = "173" T = "0" Pressure = "0" />
		<Point X = "30" Y = "180" T = "0" Pressure = "0" />
		<Point X = "30" Y = "187" T = "0" Pressure = "0" />
		<Point X = "30" Y = "192" T = "0" Pressure = "0" />
		<Point X = "30" Y = "198" T = "0" Pressure = "0" />
		<Point X = "30" Y = "203" T = "0" Pressure = "0" />
		<Point X = "30" Y = "208" T = "0" Pressure = "0" />
		<Point X = "31" Y = "210" T = "0" Pressure = "0" />
		<Point X = "31" Y = "211" T = "0" Pressure = "0" />
		<Point X = "31" Y = "214" T = "0" Pressure = "0" />
		<Point X = "31" Y = "215" T = "0" Pressure = "0" />
		<Point X = "31" Y = "216" T = "0" Pressure = "0" />
		<Point X = "31" Y = "218" T = "0" Pressure = "0" />
		<Point X = "31" Y = "219" T = "0" Pressure = "0" />
		<Point X = "31" Y = "220" T = "0" Pressure = "0" />
		<Point X = "32" Y = "220" T = "0" Pressure = "0" />
		<Point X = "33" Y = "220" T = "0" Pressure = "0" />
		<Point X = "35" Y = "220" T = "0" Pressure = "0" />
		<Point X = "37" Y = "220" T = "0" Pressure = "0" />
		<Point X = "40" Y = "220" T = "0" Pressure = "0" />
		<Point X = "43" Y = "219" T = "0" Pressure = "0" />
		<Point X = "50" Y = "219" T = "0" Pressure = "0" />
		<Point X = "56" Y = "219" T = "0" Pressure = "0" />
		<Point X = "65" Y = "219" T = "0" Pressure = "0" />
		<Point X = "73" Y = "221" T = "0" Pressure = "0" />
		<Point X = "79" Y = "222" T = "0" Pressure = "0" />
		<Point X = "85" Y = "223" T = "0" Pressure = "0" />
		<Point X = "89" Y = "223" T = "0" Pressure = "0" />
		<Point X = "91" Y = "223" T = "0" Pressure = "0" />
		<Point X = "93" Y = "223" T = "0" Pressure = "0" />
		<Point X = "94" Y = "223" T = "0" Pressure = "0" />
		<Point X = "95" Y = "223" T = "0" Pressure = "0" />
		<Point X = "96" Y = "223" T = "0" Pressure = "0" />
	</Stroke>
</Gesture>
