<?xml version="1.0" encoding="utf-8" standalone="yes"?>
<Gesture Name = "l">
	<Stroke>
		<Point X = "306" Y = "75" T = "0" Pressure = "0" />
		<Point X = "306" Y = "79" T = "0" Pressure = "0" />
		<Point X = "306" Y = "83" T = "0" Pressure = "0" />
		<Point X = "306" Y = "86" T = "0" Pressure = "0" />
		<Point X = "306" Y = "89" T = "0" Pressure = "0" />
		<Point X = "305" Y = "94" T = "0" Pressure = "0" />
		<Point X = "305" Y = "99" T = "0" Pressure = "0" />
		<Point X = "304" Y = "107" T = "0" Pressure = "0" />
		<Point X = "304" Y = "118" T = "0" Pressure = "0" />
		<Point X = "304" Y = "129" T = "0" Pressure = "0" />
		<Point X = "304" Y = "140" T = "0" Pressure = "0" />
		<Point X = "304" Y = "150" T = "0" Pressure = "0" />
		<Point X = "304" Y = "157" T = "0" Pressure = "0" />
		<Point X = "304" Y = "163" T = "0" Pressure = "0" />
		<Point X = "302" Y = "170" T = "0" Pressure = "0" />
		<Point X = "301" Y = "176" T = "0" Pressure = "0" />
		<Point X = "299" Y = "182" T = "0" Pressure = "0" />
		<Point X = "297" Y = "188" T = "0" Pressure = "0" />
		<Point X = "296" Y = "191" T = "0" Pressure = "0" />
		<Point X = "296" Y = "193" T = "0" Pressure = "0" />
		<Point X = "296" Y = "194" T = "0" Pressure = "0" />
		<Point X = "296" Y = "195" T = "0" Pressure = "0" />
		<Point X = "295" Y = "197" T = "0" Pressure = "0" />
		<Point X = "294" Y = "199" T = "0" Pressure = "0" />
		<Point X = "294" Y = "200" T = "0" Pressure = "0" />
		<Point X = "294" Y = "201" T = "0" Pressure = "0" />
		<Point X = "294" Y = "202" T = "0" Pressure = "0" />
		<Point X = "294" Y = "203" T = "0" Pressure = "0" />
		<Point X = "294" Y = "204" T = "0" Pressure = "0" />
		<Point X = "294" Y = "206" T = "0" Pressure = "0" />
		<Point X = "293" Y = "207" T = "0" Pressure = "0" />
		<Point X = "293" Y = "209" T = "0" Pressure = "0" />
		<Point X = "293" Y = "211" T = "0" Pressure = "0" />
		<Point X = "293" Y = "214" T = "0" Pressure = "0" />
		<Point X = "293" Y = "219" T = "0" Pressure = "0" />
		<Point X = "293" Y = "222" T = "0" Pressure = "0" />
		<Point X = "293" Y = "223" T = "0" Pressure = "0" />
		<Point X = "293" Y = "225" T = "0" Pressure = "0" />
		<Point X = "293" Y = "226" T = "0" Pressure = "0" />
		<Point X = "293" Y = "227" T = "0" Pressure = "0" />
		<Point X = "293" Y = "229" T = "0" Pressure = "0" />
		<Point X = "293" Y = "232" T = "0" Pressure = "0" />
		<Point X = "293" Y = "236" T = "0" Pressure = "0" />
		<Point X = "294" Y = "239" T = "0" Pressure = "0" />
		<Point X = "294" Y = "244" T = "0" Pressure = "0" />
		<Point X = "295" Y = "246" T = "0" Pressure = "0" />
		<Point X = "295" Y = "249" T = "0" Pressure = "0" />
		<Point X = "297" Y = "250" T = "0" Pressure = "0" />
		<Point X = "298" Y = "250" T = "0" Pressure = "0" />
		<Point X = "299" Y = "250" T = "0" Pressure = "0" />
		<Point X = "300" Y = "250" T = "0" Pressure = "0" />
		<Point X = "303" Y = "250" T = "0" Pressure = "0" />
		<Point X = "305" Y = "250" T = "0" Pressure = "0" />
		<Point X = "308" Y = "250" T = "0" Pressure = "0" />
		<Point X = "311" Y = "250" T = "0" Pressure = "0" />
		<Point X = "314" Y = "252" T = "0" Pressure = "0" />
		<Point X = "318" Y = "252" T = "0" Pressure = "0" />
		<Point X = "324" Y = "253" T = "0" Pressure = "0" />
		<Point X = "330" Y = "253" T = "0" Pressure = "0" />
		<Point X = "334" Y = "253" T = "0" Pressure = "0" />
		<Point X = "338" Y = "253" T = "0" Pressure = "0" />
		<Point X = "342" Y = "253" T = "0" Pressure = "0" />
		<Point X = "344" Y = "253" T = "0" Pressure = "0" />
		<Point X = "347" Y = "253" T = "0" Pressure = "0" />
		<Point X = "348" Y = "253" T = "0" Pressure = "0" />
		<Point X = "349" Y = "253" T = "0" Pressure = "0" />
		<Point X = "350" Y = "253" T = "0" Pressure = "0" />
		<Point X = "352" Y = "254" T = "0" Pressure = "0" />
		<Point X = "353" Y = "254" T = "0" Pressure = "0" />
		<Point X = "355" Y = "254" T = "0" Pressure = "0" />
		<Point X = "356" Y = "254" T = "0" Pressure = "0" />
		<Point X = "361" Y = "255" T = "0" Pressure = "0" />
		<Point X = "364" Y = "256" T = "0" Pressure = "0" />
		<Point X = "368" Y = "256" T = "0" Pressure = "0" />
		<Point X = "372" Y = "257" T = "0" Pressure = "0" />
		<Point X = "377" Y = "257" T = "0" Pressure = "0" />
		<Point X = "379" Y = "257" T = "0" Pressure = "0" />
	</Stroke>
</Gesture>
