<?xml version="1.0" encoding="utf-8" standalone="yes"?>
<Gesture Name = "l">
	<Stroke>
		<Point X = "238" Y = "46" T = "0" Pressure = "0" />
		<Point X = "238" Y = "49" T = "0" Pressure = "0" />
		<Point X = "238" Y = "53" T = "0" Pressure = "0" />
		<Point X = "238" Y = "58" T = "0" Pressure = "0" />
		<Point X = "238" Y = "64" T = "0" Pressure = "0" />
		<Point X = "239" Y = "70" T = "0" Pressure = "0" />
		<Point X = "240" Y = "75" T = "0" Pressure = "0" />
		<Point X = "240" Y = "82" T = "0" Pressure = "0" />
		<Point X = "241" Y = "89" T = "0" Pressure = "0" />
		<Point X = "241" Y = "96" T = "0" Pressure = "0" />
		<Point X = "241" Y = "104" T = "0" Pressure = "0" />
		<Point X = "241" Y = "113" T = "0" Pressure = "0" />
		<Point X = "241" Y = "122" T = "0" Pressure = "0" />
		<Point X = "241" Y = "130" T = "0" Pressure = "0" />
		<Point X = "241" Y = "140" T = "0" Pressure = "0" />
		<Point X = "241" Y = "146" T = "0" Pressure = "0" />
		<Point X = "241" Y = "154" T = "0" Pressure = "0" />
		<Point X = "241" Y = "158" T = "0" Pressure = "0" />
		<Point X = "241" Y = "161" T = "0" Pressure = "0" />
		<Point X = "241" Y = "162" T = "0" Pressure = "0" />
		<Point X = "241" Y = "163" T = "0" Pressure = "0" />
		<Point X = "242" Y = "164" T = "0" Pressure = "0" />
		<Point X = "243" Y = "164" T = "0" Pressure = "0" />
		<Point X = "245" Y = "164" T = "0" Pressure = "0" />
		<Point X = "246" Y = "164" T = "0" Pressure = "0" />
		<Point X = "248" Y = "164" T = "0" Pressure = "0" />
		<Point X = "250" Y = "164" T = "0" Pressure = "0" />
		<Point X = "254" Y = "164" T = "0" Pressure = "0" />
		<Point X = "260" Y = "164" T = "0" Pressure = "0" />
		<Point X = "264" Y = "164" T = "0" Pressure = "0" />
		<Point X = "268" Y = "164" T = "0" Pressure = "0" />
		<Point X = "272" Y = "164" T = "0" Pressure = "0" />
		<Point X = "277" Y = "164" T = "0" Pressure = "0" />
		<Point X = "281" Y = "164" T = "0" Pressure = "0" />
		<Point X = "285" Y = "164" T = "0" Pressure = "0" />
		<Point X = "289" Y = "164" T = "0" Pressure = "0" />
		<Point X = "292" Y = "164" T = "0" Pressure = "0" />
		<Point X = "293" Y = "164" T = "0" Pressure = "0" />
		<Point X = "295" Y = "164" T = "0" Pressure = "0" />
		<Point X = "296" Y = "164" T = "0" Pressure = "0" />
	</Stroke>
</Gesture>
