<?xml version="1.0" encoding="utf-8" standalone="yes"?>
<Gesture Name = "l">
	<Stroke>
		<Point X = "74" Y = "91" T = "0" Pressure = "0" />
		<Point X = "74" Y = "94" T = "0" Pressure = "0" />
		<Point X = "74" Y = "96" T = "0" Pressure = "0" />
		<Point X = "74" Y = "100" T = "0" Pressure = "0" />
		<Point X = "72" Y = "107" T = "0" Pressure = "0" />
		<Point X = "72" Y = "109" T = "0" Pressure = "0" />
		<Point X = "72" Y = "112" T = "0" Pressure = "0" />
		<Point X = "72" Y = "116" T = "0" Pressure = "0" />
		<Point X = "72" Y = "121" T = "0" Pressure = "0" />
		<Point X = "74" Y = "127" T = "0" Pressure = "0" />
		<Point X = "76" Y = "134" T = "0" Pressure = "0" />
		<Point X = "78" Y = "140" T = "0" Pressure = "0" />
		<Point X = "79" Y = "147" T = "0" Pressure = "0" />
		<Point X = "83" Y = "157" T = "0" Pressure = "0" />
		<Point X = "85" Y = "165" T = "0" Pressure = "0" />
		<Point X = "88" Y = "174" T = "0" Pressure = "0" />
		<Point X = "89" Y = "182" T = "0" Pressure = "0" />
		<Point X = "90" Y = "188" T = "0" Pressure = "0" />
		<Point X = "90" Y = "193" T = "0" Pressure = "0" />
		<Point X = "90" Y = "200" T = "0" Pressure = "0" />
		<Point X = "90" Y = "204" T = "0" Pressure = "0" />
		<Point X = "90" Y = "206" T = "0" Pressure = "0" />
		<Point X = "91" Y = "210" T = "0" Pressure = "0" />
		<Point X = "91" Y = "211" T = "0" Pressure = "0" />
		<Point X = "91" Y = "213" T = "0" Pressure = "0" />
		<Point X = "91" Y = "216" T = "0" Pressure = "0" />
		<Point X = "91" Y = "218" T = "0" Pressure = "0" />
		<Point X = "91" Y = "221" T = "0" Pressure = "0" />
		<Point X = "91" Y = "225" T = "0" Pressure = "0" />
		<Point X = "91" Y = "228" T = "0" Pressure = "0" />
		<Point X = "91" Y = "231" T = "0" Pressure = "0" />
		<Point X = "92" Y = "233" T = "0" Pressure = "0" />
		<Point X = "92" Y = "235" T = "0" Pressure = "0" />
		<Point X = "93" Y = "235" T = "0" Pressure = "0" />
		<Point X = "94" Y = "235" T = "0" Pressure = "0" />
		<Point X = "95" Y = "235" T = "0" Pressure = "0" />
		<Point X = "96" Y = "235" T = "0" Pressure = "0" />
		<Point X = "98" Y = "235" T = "0" Pressure = "0" />
		<Point X = "104" Y = "236" T = "0" Pressure = "0" />
		<Point X = "112" Y = "237" T = "0" Pressure = "0" />
		<Point X = "124" Y = "238" T = "0" Pressure = "0" />
		<Point X = "137" Y = "238" T = "0" Pressure = "0" />
		<Point X = "151" Y = "238" T = "0" Pressure = "0" />
		<Point X = "165" Y = "241" T = "0" Pressure = "0" />
		<Point X = "180" Y = "241" T = "0" Pressure = "0" />
		<Point X = "194" Y = "241" T = "0" Pressure = "0" />
		<Point X = "209" Y = "242" T = "0" Pressure = "0" />
		<Point X = "221" Y = "242" T = "0" Pressure = "0" />
		<Point X = "230" Y = "242" T = "0" Pressure = "0" />
		<Point X = "237" Y = "242" T = "0" Pressure = "0" />
		<Point X = "245" Y = "242" T = "0" Pressure = "0" />
		<Point X = "252" Y = "242" T = "0" Pressure = "0" />
		<Point X = "261" Y = "242" T = "0" Pressure = "0" />
		<Point X = "270" Y = "242" T = "0" Pressure = "0" />
		<Point X = "280" Y = "242" T = "0" Pressure = "0" />
		<Point X = "288" Y = "242" T = "0" Pressure = "0" />
		<Point X = "296" Y = "243" T = "0" Pressure = "0" />
		<Point X = "300" Y = "243" T = "0" Pressure = "0" />
		<Point X = "301" Y = "243" T = "0" Pressure = "0" />
		<Point X = "301" Y = "244" T = "0" Pressure = "0" />
		<Point X = "301" Y = "245" T = "0" Pressure = "0" />
		<Point X = "301" Y = "246" T = "0" Pressure = "0" />
		<Point X = "301" Y = "247" T = "0" Pressure = "0" />
		<Point X = "303" Y = "249" T = "0" Pressure = "0" />
		<Point X = "310" Y = "250" T = "0" Pressure = "0" />
	</Stroke>
</Gesture>
