<?xml version="1.0" encoding="utf-8" standalone="yes"?>
<Gesture Name = "l">
	<Stroke>
		<Point X = "16" Y = "29" T = "0" Pressure = "0" />
		<Point X = "16" Y = "31" T = "0" Pressure = "0" />
		<Point X = "17" Y = "36" T = "0" Pressure = "0" />
		<Point X = "19" Y = "42" T = "0" Pressure = "0" />
		<Point X = "21" Y = "52" T = "0" Pressure = "0" />
		<Point X = "22" Y = "60" T = "0" Pressure = "0" />
		<Point X = "23" Y = "72" T = "0" Pressure = "0" />
		<Point X = "25" Y = "87" T = "0" Pressure = "0" />
		<Point X = "28" Y = "103" T = "0" Pressure = "0" />
		<Point X = "29" Y = "117" T = "0" Pressure = "0" />
		<Point X = "29" Y = "129" T = "0" Pressure = "0" />
		<Point X = "29" Y = "138" T = "0" Pressure = "0" />
		<Point X = "29" Y = "147" T = "0" Pressure = "0" />
		<Point X = "29" Y = "151" T = "0" Pressure = "0" />
		<Point X = "29" Y = "153" T = "0" Pressure = "0" />
		<Point X = "29" Y = "154" T = "0" Pressure = "0" />
		<Point X = "30" Y = "155" T = "0" Pressure = "0" />
		<Point X = "31" Y = "155" T = "0" Pressure = "0" />
		<Point X = "32" Y = "155" T = "0" Pressure = "0" />
		<Point X = "36" Y = "154" T = "0" Pressure = "0" />
		<Point X = "39" Y = "152" T = "0" Pressure = "0" />
		<Point X = "43" Y = "151" T = "0" Pressure = "0" />
		<Point X = "46" Y = "151" T = "0" Pressure = "0" />
		<Point X = "49" Y = "151" T = "0" Pressure = "0" />
		<Point X = "53" Y = "151" T = "0" Pressure = "0" />
		<Point X = "57" Y = "151" T = "0" Pressure = "0" />
		<Point X = "61" Y = "151" T = "0" Pressure = "0" />
		<Point X = "66" Y = "151" T = "0" Pressure = "0" />
		<Point X = "71" Y = "151" T = "0" Pressure = "0" />
		<Point X = "77" Y = "151" T = "0" Pressure = "0" />
		<Point X = "81" Y = "151" T = "0" Pressure = "0" />
		<Point X = "82" Y = "151" T = "0" Pressure = "0" />
		<Point X = "84" Y = "151" T = "0" Pressure = "0" />
		<Point X = "86" Y = "151" T = "0" Pressure = "0" />
		<Point X = "89" Y = "151" T = "0" Pressure = "0" />
		<Point X = "91" Y = "151" T = "0" Pressure = "0" />
		<Point X = "92" Y = "151" T = "0" Pressure = "0" />
		<Point X = "93" Y = "151" T = "0" Pressure = "0" />
		<Point X = "93" Y = "150" T = "0" Pressure = "0" />
	</Stroke>
</Gesture>
