<?xml version="1.0" encoding="utf-8" standalone="yes"?>
<Gesture Name = "l">
	<Stroke>
		<Point X = "267" Y = "84" T = "0" Pressure = "0" />
		<Point X = "267" Y = "87" T = "0" Pressure = "0" />
		<Point X = "267" Y = "91" T = "0" Pressure = "0" />
		<Point X = "267" Y = "95" T = "0" Pressure = "0" />
		<Point X = "267" Y = "101" T = "0" Pressure = "0" />
		<Point X = "267" Y = "110" T = "0" Pressure = "0" />
		<Point X = "267" Y = "120" T = "0" Pressure = "0" />
		<Point X = "267" Y = "128" T = "0" Pressure = "0" />
		<Point X = "267" Y = "137" T = "0" Pressure = "0" />
		<Point X = "265" Y = "146" T = "0" Pressure = "0" />
		<Point X = "264" Y = "152" T = "0" Pressure = "0" />
		<Point X = "262" Y = "158" T = "0" Pressure = "0" />
		<Point X = "260" Y = "163" T = "0" Pressure = "0" />
		<Point X = "260" Y = "168" T = "0" Pressure = "0" />
		<Point X = "257" Y = "175" T = "0" Pressure = "0" />
		<Point X = "257" Y = "181" T = "0" Pressure = "0" />
		<Point X = "256" Y = "188" T = "0" Pressure = "0" />
		<Point X = "256" Y = "192" T = "0" Pressure = "0" />
		<Point X = "255" Y = "199" T = "0" Pressure = "0" />
		<Point X = "254" Y = "201" T = "0" Pressure = "0" />
		<Point X = "254" Y = "204" T = "0" Pressure = "0" />
		<Point X = "253" Y = "207" T = "0" Pressure = "0" />
		<Point X = "253" Y = "208" T = "0" Pressure = "0" />
		<Point X = "253" Y = "210" T = "0" Pressure = "0" />
		<Point X = "253" Y = "211" T = "0" Pressure = "0" />
		<Point X = "254" Y = "211" T = "0" Pressure = "0" />
		<Point X = "255" Y = "211" T = "0" Pressure = "0" />
		<Point X = "257" Y = "211" T = "0" Pressure = "0" />
		<Point X = "259" Y = "211" T = "0" Pressure = "0" />
		<Point X = "261" Y = "211" T = "0" Pressure = "0" />
		<Point X = "262" Y = "211" T = "0" Pressure = "0" />
		<Point X = "265" Y = "211" T = "0" Pressure = "0" />
		<Point X = "271" Y = "212" T = "0" Pressure = "0" />
		<Point X = "280" Y = "213" T = "0" Pressure = "0" />
		<Point X = "291" Y = "217" T = "0" Pressure = "0" />
		<Point X = "303" Y = "221" T = "0" Pressure = "0" />
		<Point X = "315" Y = "222" T = "0" Pressure = "0" />
		<Point X = "325" Y = "223" T = "0" Pressure = "0" />
		<Point X = "329" Y = "223" T = "0" Pressure = "0" />
		<Point X = "334" Y = "223" T = "0" Pressure = "0" />
		<Point X = "338" Y = "223" T = "0" Pressure = "0" />
		<Point X = "342" Y = "223" T = "0" Pressure = "0" />
		<Point X = "345" Y = "223" T = "0" Pressure = "0" />
		<Point X = "348" Y = "224" T = "0" Pressure = "0" />
		<Point X = "350" Y = "224" T = "0" Pressure = "0" />
		<Point X = "352" Y = "225" T = "0" Pressure = "0" />
		<Point X = "353" Y = "225" T = "0" Pressure = "0" />
		<Point X = "355" Y = "225" T = "0" Pressure = "0" />
	</Stroke>
</Gesture>
