<?xml version="1.0" encoding="utf-8" standalone="yes"?>
<Gesture Name = "l">
	<Stroke>
		<Point X = "220" Y = "56" T = "0" Pressure = "0" />
		<Point X = "220" Y = "59" T = "0" Pressure = "0" />
		<Point X = "220" Y = "62" T = "0" Pressure = "0" />
		<Point X = "220" Y = "63" T = "0" Pressure = "0" />
		<Point X = "221" Y = "69" T = "0" Pressure = "0" />
		<Point X = "223" Y = "70" T = "0" Pressure = "0" />
		<Point X = "223" Y = "74" T = "0" Pressure = "0" />
		<Point X = "223" Y = "78" T = "0" Pressure = "0" />
		<Point X = "223" Y = "83" T = "0" Pressure = "0" />
		<Point X = "223" Y = "86" T = "0" Pressure = "0" />
		<Point X = "223" Y = "92" T = "0" Pressure = "0" />
		<Point X = "223" Y = "96" T = "0" Pressure = "0" />
		<Point X = "223" Y = "103" T = "0" Pressure = "0" />
		<Point X = "223" Y = "110" T = "0" Pressure = "0" />
		<Point X = "223" Y = "114" T = "0" Pressure = "0" />
		<Point X = "223" Y = "118" T = "0" Pressure = "0" />
		<Point X = "223" Y = "121" T = "0" Pressure = "0" />
		<Point X = "223" Y = "123" T = "0" Pressure = "0" />
		<Point X = "223" Y = "126" T = "0" Pressure = "0" />
		<Point X = "223" Y = "127" T = "0" Pressure = "0" />
		<Point X = "224" Y = "131" T = "0" Pressure = "0" />
		<Point X = "224" Y = "136" T = "0" Pressure = "0" />
		<Point X = "226" Y = "140" T = "0" Pressure = "0" />
		<Point X = "228" Y = "147" T = "0" Pressure = "0" />
		<Point X = "228" Y = "154" T = "0" Pressure = "0" />
		<Point X = "229" Y = "160" T = "0" Pressure = "0" />
		<Point X = "231" Y = "166" T = "0" Pressure = "0" />
		<Point X = "231" Y = "169" T = "0" Pressure = "0" />
		<Point X = "231" Y = "171" T = "0" Pressure = "0" />
		<Point X = "231" Y = "172" T = "0" Pressure = "0" />
		<Point X = "231" Y = "173" T = "0" Pressure = "0" />
		<Point X = "231" Y = "175" T = "0" Pressure = "0" />
		<Point X = "231" Y = "178" T = "0" Pressure = "0" />
		<Point X = "231" Y = "182" T = "0" Pressure = "0" />
		<Point X = "231" Y = "186" T = "0" Pressure = "0" />
		<Point X = "231" Y = "192" T = "0" Pressure = "0" />
		<Point X = "231" Y = "196" T = "0" Pressure = "0" />
		<Point X = "231" Y = "199" T = "0" Pressure = "0" />
		<Point X = "231" Y = "200" T = "0" Pressure = "0" />
		<Point X = "232" Y = "201" T = "0" Pressure = "0" />
		<Point X = "233" Y = "201" T = "0" Pressure = "0" />
		<Point X = "234" Y = "201" T = "0" Pressure = "0" />
		<Point X = "235" Y = "200" T = "0" Pressure = "0" />
		<Point X = "237" Y = "199" T = "0" Pressure = "0" />
		<Point X = "240" Y = "199" T = "0" Pressure = "0" />
		<Point X = "244" Y = "199" T = "0" Pressure = "0" />
		<Point X = "248" Y = "199" T = "0" Pressure = "0" />
		<Point X = "250" Y = "199" T = "0" Pressure = "0" />
		<Point X = "254" Y = "199" T = "0" Pressure = "0" />
		<Point X = "259" Y = "199" T = "0" Pressure = "0" />
		<Point X = "260" Y = "199" T = "0" Pressure = "0" />
		<Point X = "262" Y = "197" T = "0" Pressure = "0" />
		<Point X = "262" Y = "196" T = "0" Pressure = "0" />
		<Point X = "262" Y = "195" T = "0" Pressure = "0" />
		<Point X = "262" Y = "193" T = "0" Pressure = "0" />
		<Point X = "263" Y = "193" T = "0" Pressure = "0" />
		<Point X = "264" Y = "193" T = "0" Pressure = "0" />
		<Point X = "265" Y = "193" T = "0" Pressure = "0" />
		<Point X = "267" Y = "193" T = "0" Pressure = "0" />
		<Point X = "270" Y = "193" T = "0" Pressure = "0" />
		<Point X = "273" Y = "193" T = "0" Pressure = "0" />
		<Point X = "275" Y = "192" T = "0" Pressure = "0" />
		<Point X = "278" Y = "192" T = "0" Pressure = "0" />
		<Point X = "281" Y = "192" T = "0" Pressure = "0" />
		<Point X = "282" Y = "190" T = "0" Pressure = "0" />
		<Point X = "283" Y = "190" T = "0" Pressure = "0" />
		<Point X = "285" Y = "190" T = "0" Pressure = "0" />
		<Point X = "288" Y = "189" T = "0" Pressure = "0" />
		<Point X = "289" Y = "189" T = "0" Pressure = "0" />
		<Point X = "292" Y = "189" T = "0" Pressure = "0" />
		<Point X = "293" Y = "189" T = "0" Pressure = "0" />
		<Point X = "295" Y = "189" T = "0" Pressure = "0" />
	</Stroke>
</Gesture>
