<?xml version="1.0" encoding="utf-8" standalone="yes"?>
<Gesture Name = "l">
	<Stroke>
		<Point X = "21" Y = "12" T = "0" Pressure = "0" />
		<Point X = "21" Y = "13" T = "0" Pressure = "0" />
		<Point X = "21" Y = "14" T = "0" Pressure = "0" />
		<Point X = "21" Y = "15" T = "0" Pressure = "0" />
		<Point X = "22" Y = "17" T = "0" Pressure = "0" />
		<Point X = "22" Y = "19" T = "0" Pressure = "0" />
		<Point X = "23" Y = "21" T = "0" Pressure = "0" />
		<Point X = "25" Y = "24" T = "0" Pressure = "0" />
		<Point X = "26" Y = "28" T = "0" Pressure = "0" />
		<Point X = "26" Y = "32" T = "0" Pressure = "0" />
		<Point X = "26" Y = "36" T = "0" Pressure = "0" />
		<Point X = "26" Y = "38" T = "0" Pressure = "0" />
		<Point X = "27" Y = "42" T = "0" Pressure = "0" />
		<Point X = "28" Y = "46" T = "0" Pressure = "0" />
		<Point X = "29" Y = "49" T = "0" Pressure = "0" />
		<Point X = "29" Y = "52" T = "0" Pressure = "0" />
		<Point X = "29" Y = "54" T = "0" Pressure = "0" />
		<Point X = "29" Y = "57" T = "0" Pressure = "0" />
		<Point X = "29" Y = "60" T = "0" Pressure = "0" />
		<Point X = "29" Y = "61" T = "0" Pressure = "0" />
		<Point X = "29" Y = "65" T = "0" Pressure = "0" />
		<Point X = "29" Y = "70" T = "0" Pressure = "0" />
		<Point X = "29" Y = "74" T = "0" Pressure = "0" />
		<Point X = "29" Y = "77" T = "0" Pressure = "0" />
		<Point X = "29" Y = "80" T = "0" Pressure = "0" />
		<Point X = "29" Y = "83" T = "0" Pressure = "0" />
		<Point X = "29" Y = "85" T = "0" Pressure = "0" />
		<Point X = "29" Y = "87" T = "0" Pressure = "0" />
		<Point X = "29" Y = "88" T = "0" Pressure = "0" />
		<Point X = "29" Y = "90" T = "0" Pressure = "0" />
		<Point X = "29" Y = "91" T = "0" Pressure = "0" />
		<Point X = "28" Y = "95" T = "0" Pressure = "0" />
		<Point X = "28" Y = "96" T = "0" Pressure = "0" />
		<Point X = "28" Y = "97" T = "0" Pressure = "0" />
		<Point X = "26" Y = "101" T = "0" Pressure = "0" />
		<Point X = "26" Y = "102" T = "0" Pressure = "0" />
		<Point X = "26" Y = "103" T = "0" Pressure = "0" />
		<Point X = "26" Y = "104" T = "0" Pressure = "0" />
		<Point X = "26" Y = "105" T = "0" Pressure = "0" />
		<Point X = "25" Y = "106" T = "0" Pressure = "0" />
		<Point X = "25" Y = "107" T = "0" Pressure = "0" />
		<Point X = "25" Y = "108" T = "0" Pressure = "0" />
		<Point X = "25" Y = "109" T = "0" Pressure = "0" />
		<Point X = "25" Y = "110" T = "0" Pressure = "0" />
		<Point X = "25" Y = "111" T = "0" Pressure = "0" />
		<Point X = "25" Y = "112" T = "0" Pressure = "0" />
		<Point X = "25" Y = "113" T = "0" Pressure = "0" />
		<Point X = "25" Y = "114" T = "0" Pressure = "0" />
		<Point X = "26" Y = "114" T = "0" Pressure = "0" />
		<Point X = "29" Y = "114" T = "0" Pressure = "0" />
		<Point X = "32" Y = "114" T = "0" Pressure = "0" />
		<Point X = "35" Y = "115" T = "0" Pressure = "0" />
		<Point X = "41" Y = "116" T = "0" Pressure = "0" />
		<Point X = "45" Y = "118" T = "0" Pressure = "0" />
		<Point X = "55" Y = "119" T = "0" Pressure = "0" />
		<Point X = "67" Y = "119" T = "0" Pressure = "0" />
		<Point X = "75" Y = "119" T = "0" Pressure = "0" />
		<Point X = "85" Y = "119" T = "0" Pressure = "0" />
		<Point X = "90" Y = "119" T = "0" Pressure = "0" />
		<Point X = "95" Y = "119" T = "0" Pressure = "0" />
		<Point X = "98" Y = "119" T = "0" Pressure = "0" />
		<Point X = "100" Y = "118" T = "0" Pressure = "0" />
		<Point X = "101" Y = "118" T = "0" Pressure = "0" />
		<Point X = "102" Y = "118" T = "0" Pressure = "0" />
		<Point X = "103" Y = "118" T = "0" Pressure = "0" />
		<Point X = "104" Y = "118" T = "0" Pressure = "0" />
		<Point X = "105" Y = "117" T = "0" Pressure = "0" />
	</Stroke>
</Gesture>
