<?xml version="1.0" encoding="utf-8" standalone="yes"?>
<Gesture Name = "l">
	<Stroke>
		<Point X = "325" Y = "33" T = "0" Pressure = "0" />
		<Point X = "327" Y = "36" T = "0" Pressure = "0" />
		<Point X = "327" Y = "39" T = "0" Pressure = "0" />
		<Point X = "327" Y = "46" T = "0" Pressure = "0" />
		<Point X = "328" Y = "53" T = "0" Pressure = "0" />
		<Point X = "328" Y = "62" T = "0" Pressure = "0" />
		<Point X = "328" Y = "76" T = "0" Pressure = "0" />
		<Point X = "328" Y = "90" T = "0" Pressure = "0" />
		<Point X = "331" Y = "105" T = "0" Pressure = "0" />
		<Point X = "332" Y = "117" T = "0" Pressure = "0" />
		<Point X = "332" Y = "127" T = "0" Pressure = "0" />
		<Point X = "332" Y = "136" T = "0" Pressure = "0" />
		<Point X = "332" Y = "145" T = "0" Pressure = "0" />
		<Point X = "332" Y = "153" T = "0" Pressure = "0" />
		<Point X = "331" Y = "160" T = "0" Pressure = "0" />
		<Point X = "331" Y = "165" T = "0" Pressure = "0" />
		<Point X = "330" Y = "169" T = "0" Pressure = "0" />
		<Point X = "329" Y = "173" T = "0" Pressure = "0" />
		<Point X = "327" Y = "178" T = "0" Pressure = "0" />
		<Point X = "325" Y = "184" T = "0" Pressure = "0" />
		<Point X = "323" Y = "190" T = "0" Pressure = "0" />
		<Point X = "322" Y = "192" T = "0" Pressure = "0" />
		<Point X = "321" Y = "196" T = "0" Pressure = "0" />
		<Point X = "320" Y = "198" T = "0" Pressure = "0" />
		<Point X = "320" Y = "199" T = "0" Pressure = "0" />
		<Point X = "321" Y = "199" T = "0" Pressure = "0" />
		<Point X = "322" Y = "199" T = "0" Pressure = "0" />
		<Point X = "323" Y = "199" T = "0" Pressure = "0" />
		<Point X = "325" Y = "199" T = "0" Pressure = "0" />
		<Point X = "328" Y = "199" T = "0" Pressure = "0" />
		<Point X = "332" Y = "199" T = "0" Pressure = "0" />
		<Point X = "337" Y = "199" T = "0" Pressure = "0" />
		<Point X = "348" Y = "199" T = "0" Pressure = "0" />
		<Point X = "365" Y = "199" T = "0" Pressure = "0" />
		<Point X = "385" Y = "199" T = "0" Pressure = "0" />
		<Point X = "400" Y = "201" T = "0" Pressure = "0" />
		<Point X = "415" Y = "204" T = "0" Pressure = "0" />
		<Point X = "425" Y = "205" T = "0" Pressure = "0" />
		<Point X = "431" Y = "206" T = "0" Pressure = "0" />
		<Point X = "435" Y = "206" T = "0" Pressure = "0" />
		<Point X = "436" Y = "206" T = "0" Pressure = "0" />
		<Point X = "437" Y = "206" T = "0" Pressure = "0" />
		<Point X = "438" Y = "206" T = "0" Pressure = "0" />
		<Point X = "439" Y = "206" T = "0" Pressure = "0" />
		<Point X = "441" Y = "206" T = "0" Pressure = "0" />
		<Point X = "442" Y = "206" T = "0" Pressure = "0" />
		<Point X = "443" Y = "206" T = "0" Pressure = "0" />
		<Point X = "444" Y = "206" T = "0" Pressure = "0" />
		<Point X = "445" Y = "207" T = "0" Pressure = "0" />
		<Point X = "446" Y = "208" T = "0" Pressure = "0" />
		<Point X = "447" Y = "208" T = "0" Pressure = "0" />
		<Point X = "447" Y = "209" T = "0" Pressure = "0" />
		<Point X = "445" Y = "209" T = "0" Pressure = "0" />
	</Stroke>
</Gesture>
