<?xml version="1.0" encoding="utf-8" standalone="yes"?>
<Gesture Name = "l">
	<Stroke>
		<Point X = "25" Y = "46" T = "0" Pressure = "0" />
		<Point X = "25" Y = "47" T = "0" Pressure = "0" />
		<Point X = "27" Y = "49" T = "0" Pressure = "0" />
		<Point X = "28" Y = "55" T = "0" Pressure = "0" />
		<Point X = "28" Y = "59" T = "0" Pressure = "0" />
		<Point X = "28" Y = "65" T = "0" Pressure = "0" />
		<Point X = "28" Y = "72" T = "0" Pressure = "0" />
		<Point X = "28" Y = "77" T = "0" Pressure = "0" />
		<Point X = "29" Y = "83" T = "0" Pressure = "0" />
		<Point X = "30" Y = "92" T = "0" Pressure = "0" />
		<Point X = "30" Y = "100" T = "0" Pressure = "0" />
		<Point X = "32" Y = "108" T = "0" Pressure = "0" />
		<Point X = "32" Y = "114" T = "0" Pressure = "0" />
		<Point X = "32" Y = "122" T = "0" Pressure = "0" />
		<Point X = "32" Y = "126" T = "0" Pressure = "0" />
		<Point X = "32" Y = "130" T = "0" Pressure = "0" />
		<Point X = "32" Y = "135" T = "0" Pressure = "0" />
		<Point X = "32" Y = "136" T = "0" Pressure = "0" />
		<Point X = "32" Y = "139" T = "0" Pressure = "0" />
		<Point X = "32" Y = "140" T = "0" Pressure = "0" />
		<Point X = "32" Y = "142" T = "0" Pressure = "0" />
		<Point X = "32" Y = "143" T = "0" Pressure = "0" />
		<Point X = "32" Y = "146" T = "0" Pressure = "0" />
		<Point X = "32" Y = "147" T = "0" Pressure = "0" />
		<Point X = "32" Y = "148" T = "0" Pressure = "0" />
		<Point X = "32" Y = "149" T = "0" Pressure = "0" />
		<Point X = "35" Y = "149" T = "0" Pressure = "0" />
		<Point X = "39" Y = "149" T = "0" Pressure = "0" />
		<Point X = "46" Y = "149" T = "0" Pressure = "0" />
		<Point X = "56" Y = "149" T = "0" Pressure = "0" />
		<Point X = "68" Y = "150" T = "0" Pressure = "0" />
		<Point X = "78" Y = "152" T = "0" Pressure = "0" />
		<Point X = "90" Y = "154" T = "0" Pressure = "0" />
		<Point X = "98" Y = "154" T = "0" Pressure = "0" />
		<Point X = "105" Y = "154" T = "0" Pressure = "0" />
		<Point X = "111" Y = "154" T = "0" Pressure = "0" />
		<Point X = "118" Y = "154" T = "0" Pressure = "0" />
		<Point X = "122" Y = "154" T = "0" Pressure = "0" />
		<Point X = "124" Y = "154" T = "0" Pressure = "0" />
		<Point X = "126" Y = "154" T = "0" Pressure = "0" />
		<Point X = "127" Y = "154" T = "0" Pressure = "0" />
		<Point X = "129" Y = "154" T = "0" Pressure = "0" />
	</Stroke>
</Gesture>
