<?xml version="1.0" encoding="utf-8" standalone="yes"?>
<Gesture Name = "l">
	<Stroke>
		<Point X = "28" Y = "48" T = "0" Pressure = "0" />
		<Point X = "28" Y = "52" T = "0" Pressure = "0" />
		<Point X = "28" Y = "56" T = "0" Pressure = "0" />
		<Point X = "28" Y = "62" T = "0" Pressure = "0" />
		<Point X = "28" Y = "67" T = "0" Pressure = "0" />
		<Point X = "28" Y = "73" T = "0" Pressure = "0" />
		<Point X = "28" Y = "80" T = "0" Pressure = "0" />
		<Point X = "28" Y = "86" T = "0" Pressure = "0" />
		<Point X = "28" Y = "91" T = "0" Pressure = "0" />
		<Point X = "28" Y = "95" T = "0" Pressure = "0" />
		<Point X = "28" Y = "100" T = "0" Pressure = "0" />
		<Point X = "28" Y = "104" T = "0" Pressure = "0" />
		<Point X = "28" Y = "109" T = "0" Pressure = "0" />
		<Point X = "28" Y = "114" T = "0" Pressure = "0" />
		<Point X = "28" Y = "121" T = "0" Pressure = "0" />
		<Point X = "28" Y = "129" T = "0" Pressure = "0" />
		<Point X = "28" Y = "138" T = "0" Pressure = "0" />
		<Point X = "28" Y = "147" T = "0" Pressure = "0" />
		<Point X = "28" Y = "157" T = "0" Pressure = "0" />
		<Point X = "28" Y = "162" T = "0" Pressure = "0" />
		<Point X = "28" Y = "165" T = "0" Pressure = "0" />
		<Point X = "28" Y = "168" T = "0" Pressure = "0" />
		<Point X = "28" Y = "169" T = "0" Pressure = "0" />
		<Point X = "28" Y = "170" T = "0" Pressure = "0" />
		<Point X = "28" Y = "171" T = "0" Pressure = "0" />
		<Point X = "28" Y = "172" T = "0" Pressure = "0" />
		<Point X = "28" Y = "173" T = "0" Pressure = "0" />
		<Point X = "28" Y = "175" T = "0" Pressure = "0" />
		<Point X = "28" Y = "176" T = "0" Pressure = "0" />
		<Point X = "28" Y = "179" T = "0" Pressure = "0" />
		<Point X = "28" Y = "180" T = "0" Pressure = "0" />
		<Point X = "28" Y = "183" T = "0" Pressure = "0" />
		<Point X = "28" Y = "184" T = "0" Pressure = "0" />
		<Point X = "28" Y = "185" T = "0" Pressure = "0" />
		<Point X = "28" Y = "186" T = "0" Pressure = "0" />
		<Point X = "28" Y = "188" T = "0" Pressure = "0" />
		<Point X = "28" Y = "190" T = "0" Pressure = "0" />
		<Point X = "28" Y = "192" T = "0" Pressure = "0" />
		<Point X = "29" Y = "193" T = "0" Pressure = "0" />
		<Point X = "29" Y = "196" T = "0" Pressure = "0" />
		<Point X = "29" Y = "198" T = "0" Pressure = "0" />
		<Point X = "29" Y = "200" T = "0" Pressure = "0" />
		<Point X = "29" Y = "203" T = "0" Pressure = "0" />
		<Point X = "29" Y = "204" T = "0" Pressure = "0" />
		<Point X = "29" Y = "206" T = "0" Pressure = "0" />
		<Point X = "29" Y = "207" T = "0" Pressure = "0" />
		<Point X = "29" Y = "209" T = "0" Pressure = "0" />
		<Point X = "29" Y = "210" T = "0" Pressure = "0" />
		<Point X = "30" Y = "210" T = "0" Pressure = "0" />
		<Point X = "33" Y = "210" T = "0" Pressure = "0" />
		<Point X = "34" Y = "210" T = "0" Pressure = "0" />
		<Point X = "37" Y = "210" T = "0" Pressure = "0" />
		<Point X = "40" Y = "210" T = "0" Pressure = "0" />
		<Point X = "42" Y = "210" T = "0" Pressure = "0" />
		<Point X = "46" Y = "210" T = "0" Pressure = "0" />
		<Point X = "50" Y = "210" T = "0" Pressure = "0" />
		<Point X = "55" Y = "210" T = "0" Pressure = "0" />
		<Point X = "64" Y = "210" T = "0" Pressure = "0" />
		<Point X = "70" Y = "210" T = "0" Pressure = "0" />
		<Point X = "79" Y = "210" T = "0" Pressure = "0" />
		<Point X = "86" Y = "210" T = "0" Pressure = "0" />
		<Point X = "94" Y = "210" T = "0" Pressure = "0" />
		<Point X = "103" Y = "210" T = "0" Pressure = "0" />
		<Point X = "111" Y = "211" T = "0" Pressure = "0" />
		<Point X = "116" Y = "212" T = "0" Pressure = "0" />
		<Point X = "118" Y = "212" T = "0" Pressure = "0" />
	</Stroke>
</Gesture>
