<?xml version="1.0" encoding="utf-8" standalone="yes"?>
<Gesture Name = "l">
	<Stroke>
		<Point X = "298" Y = "38" T = "0" Pressure = "0" />
		<Point X = "298" Y = "41" T = "0" Pressure = "0" />
		<Point X = "299" Y = "44" T = "0" Pressure = "0" />
		<Point X = "299" Y = "48" T = "0" Pressure = "0" />
		<Point X = "300" Y = "55" T = "0" Pressure = "0" />
		<Point X = "302" Y = "62" T = "0" Pressure = "0" />
		<Point X = "303" Y = "69" T = "0" Pressure = "0" />
		<Point X = "303" Y = "78" T = "0" Pressure = "0" />
		<Point X = "303" Y = "82" T = "0" Pressure = "0" />
		<Point X = "303" Y = "87" T = "0" Pressure = "0" />
		<Point X = "303" Y = "93" T = "0" Pressure = "0" />
		<Point X = "303" Y = "97" T = "0" Pressure = "0" />
		<Point X = "303" Y = "101" T = "0" Pressure = "0" />
		<Point X = "303" Y = "107" T = "0" Pressure = "0" />
		<Point X = "303" Y = "110" T = "0" Pressure = "0" />
		<Point X = "303" Y = "114" T = "0" Pressure = "0" />
		<Point X = "303" Y = "117" T = "0" Pressure = "0" />
		<Point X = "303" Y = "121" T = "0" Pressure = "0" />
		<Point X = "303" Y = "123" T = "0" Pressure = "0" />
		<Point X = "303" Y = "124" T = "0" Pressure = "0" />
		<Point X = "304" Y = "124" T = "0" Pressure = "0" />
		<Point X = "305" Y = "124" T = "0" Pressure = "0" />
		<Point X = "306" Y = "124" T = "0" Pressure = "0" />
		<Point X = "308" Y = "124" T = "0" Pressure = "0" />
		<Point X = "314" Y = "124" T = "0" Pressure = "0" />
		<Point X = "321" Y = "124" T = "0" Pressure = "0" />
		<Point X = "329" Y = "124" T = "0" Pressure = "0" />
		<Point X = "335" Y = "124" T = "0" Pressure = "0" />
		<Point X = "339" Y = "124" T = "0" Pressure = "0" />
		<Point X = "345" Y = "122" T = "0" Pressure = "0" />
		<Point X = "347" Y = "122" T = "0" Pressure = "0" />
		<Point X = "349" Y = "121" T = "0" Pressure = "0" />
		<Point X = "350" Y = "121" T = "0" Pressure = "0" />
		<Point X = "352" Y = "121" T = "0" Pressure = "0" />
		<Point X = "353" Y = "121" T = "0" Pressure = "0" />
		<Point X = "355" Y = "120" T = "0" Pressure = "0" />
		<Point X = "356" Y = "120" T = "0" Pressure = "0" />
		<Point X = "357" Y = "120" T = "0" Pressure = "0" />
		<Point X = "358" Y = "120" T = "0" Pressure = "0" />
		<Point X = "360" Y = "120" T = "0" Pressure = "0" />
		<Point X = "361" Y = "120" T = "0" Pressure = "0" />
		<Point X = "362" Y = "120" T = "0" Pressure = "0" />
		<Point X = "363" Y = "120" T = "0" Pressure = "0" />
		<Point X = "364" Y = "120" T = "0" Pressure = "0" />
		<Point X = "365" Y = "120" T = "0" Pressure = "0" />
		<Point X = "366" Y = "120" T = "0" Pressure = "0" />
	</Stroke>
</Gesture>
