<?xml version="1.0" encoding="utf-8" standalone="yes"?>
<Gesture Name = "l">
	<Stroke>
		<Point X = "265" Y = "48" T = "0" Pressure = "0" />
		<Point X = "265" Y = "51" T = "0" Pressure = "0" />
		<Point X = "266" Y = "56" T = "0" Pressure = "0" />
		<Point X = "267" Y = "64" T = "0" Pressure = "0" />
		<Point X = "268" Y = "71" T = "0" Pressure = "0" />
		<Point X = "268" Y = "81" T = "0" Pressure = "0" />
		<Point X = "268" Y = "89" T = "0" Pressure = "0" />
		<Point X = "268" Y = "96" T = "0" Pressure = "0" />
		<Point X = "268" Y = "106" T = "0" Pressure = "0" />
		<Point X = "268" Y = "115" T = "0" Pressure = "0" />
		<Point X = "268" Y = "126" T = "0" Pressure = "0" />
		<Point X = "268" Y = "137" T = "0" Pressure = "0" />
		<Point X = "268" Y = "147" T = "0" Pressure = "0" />
		<Point X = "268" Y = "155" T = "0" Pressure = "0" />
		<Point X = "268" Y = "163" T = "0" Pressure = "0" />
		<Point X = "268" Y = "171" T = "0" Pressure = "0" />
		<Point X = "268" Y = "179" T = "0" Pressure = "0" />
		<Point X = "268" Y = "188" T = "0" Pressure = "0" />
		<Point X = "268" Y = "196" T = "0" Pressure = "0" />
		<Point X = "268" Y = "201" T = "0" Pressure = "0" />
		<Point X = "268" Y = "208" T = "0" Pressure = "0" />
		<Point X = "268" Y = "212" T = "0" Pressure = "0" />
		<Point X = "268" Y = "214" T = "0" Pressure = "0" />
		<Point X = "269" Y = "215" T = "0" Pressure = "0" />
		<Point X = "271" Y = "215" T = "0" Pressure = "0" />
		<Point X = "273" Y = "215" T = "0" Pressure = "0" />
		<Point X = "275" Y = "215" T = "0" Pressure = "0" />
		<Point X = "278" Y = "215" T = "0" Pressure = "0" />
		<Point X = "280" Y = "215" T = "0" Pressure = "0" />
		<Point X = "287" Y = "215" T = "0" Pressure = "0" />
		<Point X = "295" Y = "215" T = "0" Pressure = "0" />
		<Point X = "308" Y = "215" T = "0" Pressure = "0" />
		<Point X = "321" Y = "215" T = "0" Pressure = "0" />
		<Point X = "333" Y = "215" T = "0" Pressure = "0" />
		<Point X = "344" Y = "215" T = "0" Pressure = "0" />
		<Point X = "348" Y = "215" T = "0" Pressure = "0" />
		<Point X = "352" Y = "215" T = "0" Pressure = "0" />
		<Point X = "353" Y = "215" T = "0" Pressure = "0" />
		<Point X = "354" Y = "215" T = "0" Pressure = "0" />
	</Stroke>
</Gesture>
