<?xml version="1.0" encoding="utf-8" standalone="yes"?>
<Gesture Name = "l">
	<Stroke>
		<Point X = "299" Y = "50" T = "0" Pressure = "0" />
		<Point X = "299" Y = "53" T = "0" Pressure = "0" />
		<Point X = "301" Y = "55" T = "0" Pressure = "0" />
		<Point X = "302" Y = "60" T = "0" Pressure = "0" />
		<Point X = "302" Y = "63" T = "0" Pressure = "0" />
		<Point X = "302" Y = "66" T = "0" Pressure = "0" />
		<Point X = "302" Y = "69" T = "0" Pressure = "0" />
		<Point X = "302" Y = "73" T = "0" Pressure = "0" />
		<Point X = "302" Y = "77" T = "0" Pressure = "0" />
		<Point X = "302" Y = "84" T = "0" Pressure = "0" />
		<Point X = "302" Y = "91" T = "0" Pressure = "0" />
		<Point X = "302" Y = "103" T = "0" Pressure = "0" />
		<Point X = "302" Y = "111" T = "0" Pressure = "0" />
		<Point X = "302" Y = "121" T = "0" Pressure = "0" />
		<Point X = "302" Y = "130" T = "0" Pressure = "0" />
		<Point X = "302" Y = "137" T = "0" Pressure = "0" />
		<Point X = "302" Y = "144" T = "0" Pressure = "0" />
		<Point X = "302" Y = "150" T = "0" Pressure = "0" />
		<Point X = "302" Y = "155" T = "0" Pressure = "0" />
		<Point X = "302" Y = "160" T = "0" Pressure = "0" />
		<Point X = "302" Y = "164" T = "0" Pressure = "0" />
		<Point X = "302" Y = "167" T = "0" Pressure = "0" />
		<Point X = "302" Y = "168" T = "0" Pressure = "0" />
		<Point X = "302" Y = "170" T = "0" Pressure = "0" />
		<Point X = "302" Y = "171" T = "0" Pressure = "0" />
		<Point X = "302" Y = "172" T = "0" Pressure = "0" />
		<Point X = "302" Y = "174" T = "0" Pressure = "0" />
		<Point X = "302" Y = "175" T = "0" Pressure = "0" />
		<Point X = "302" Y = "176" T = "0" Pressure = "0" />
		<Point X = "302" Y = "178" T = "0" Pressure = "0" />
		<Point X = "302" Y = "181" T = "0" Pressure = "0" />
		<Point X = "303" Y = "183" T = "0" Pressure = "0" />
		<Point X = "303" Y = "184" T = "0" Pressure = "0" />
		<Point X = "303" Y = "185" T = "0" Pressure = "0" />
		<Point X = "303" Y = "188" T = "0" Pressure = "0" />
		<Point X = "303" Y = "189" T = "0" Pressure = "0" />
		<Point X = "303" Y = "190" T = "0" Pressure = "0" />
		<Point X = "303" Y = "191" T = "0" Pressure = "0" />
		<Point X = "303" Y = "192" T = "0" Pressure = "0" />
		<Point X = "304" Y = "193" T = "0" Pressure = "0" />
		<Point X = "305" Y = "194" T = "0" Pressure = "0" />
		<Point X = "306" Y = "194" T = "0" Pressure = "0" />
		<Point X = "307" Y = "194" T = "0" Pressure = "0" />
		<Point X = "309" Y = "194" T = "0" Pressure = "0" />
		<Point X = "312" Y = "194" T = "0" Pressure = "0" />
		<Point X = "315" Y = "194" T = "0" Pressure = "0" />
		<Point X = "318" Y = "194" T = "0" Pressure = "0" />
		<Point X = "322" Y = "194" T = "0" Pressure = "0" />
		<Point X = "328" Y = "194" T = "0" Pressure = "0" />
		<Point X = "335" Y = "195" T = "0" Pressure = "0" />
		<Point X = "343" Y = "195" T = "0" Pressure = "0" />
		<Point X = "349" Y = "195" T = "0" Pressure = "0" />
		<Point X = "352" Y = "195" T = "0" Pressure = "0" />
		<Point X = "356" Y = "195" T = "0" Pressure = "0" />
		<Point X = "357" Y = "195" T = "0" Pressure = "0" />
		<Point X = "359" Y = "195" T = "0" Pressure = "0" />
		<Point X = "360" Y = "195" T = "0" Pressure = "0" />
		<Point X = "362" Y = "195" T = "0" Pressure = "0" />
	</Stroke>
</Gesture>
