<?xml version="1.0" encoding="utf-8" standalone="yes"?>
<Gesture Name = "l">
	<Stroke>
		<Point X = "60" Y = "40" T = "0" Pressure = "0" />
		<Point X = "61" Y = "43" T = "0" Pressure = "0" />
		<Point X = "64" Y = "49" T = "0" Pressure = "0" />
		<Point X = "65" Y = "51" T = "0" Pressure = "0" />
		<Point X = "65" Y = "54" T = "0" Pressure = "0" />
		<Point X = "65" Y = "57" T = "0" Pressure = "0" />
		<Point X = "65" Y = "59" T = "0" Pressure = "0" />
		<Point X = "65" Y = "63" T = "0" Pressure = "0" />
		<Point X = "65" Y = "72" T = "0" Pressure = "0" />
		<Point X = "65" Y = "82" T = "0" Pressure = "0" />
		<Point X = "65" Y = "95" T = "0" Pressure = "0" />
		<Point X = "65" Y = "110" T = "0" Pressure = "0" />
		<Point X = "65" Y = "125" T = "0" Pressure = "0" />
		<Point X = "65" Y = "140" T = "0" Pressure = "0" />
		<Point X = "65" Y = "155" T = "0" Pressure = "0" />
		<Point X = "66" Y = "169" T = "0" Pressure = "0" />
		<Point X = "67" Y = "180" T = "0" Pressure = "0" />
		<Point X = "69" Y = "191" T = "0" Pressure = "0" />
		<Point X = "71" Y = "199" T = "0" Pressure = "0" />
		<Point X = "72" Y = "205" T = "0" Pressure = "0" />
		<Point X = "74" Y = "210" T = "0" Pressure = "0" />
		<Point X = "75" Y = "211" T = "0" Pressure = "0" />
		<Point X = "75" Y = "212" T = "0" Pressure = "0" />
		<Point X = "75" Y = "213" T = "0" Pressure = "0" />
		<Point X = "78" Y = "213" T = "0" Pressure = "0" />
		<Point X = "86" Y = "213" T = "0" Pressure = "0" />
		<Point X = "96" Y = "213" T = "0" Pressure = "0" />
		<Point X = "110" Y = "216" T = "0" Pressure = "0" />
		<Point X = "126" Y = "220" T = "0" Pressure = "0" />
		<Point X = "143" Y = "225" T = "0" Pressure = "0" />
		<Point X = "167" Y = "228" T = "0" Pressure = "0" />
		<Point X = "191" Y = "233" T = "0" Pressure = "0" />
		<Point X = "216" Y = "233" T = "0" Pressure = "0" />
		<Point X = "236" Y = "233" T = "0" Pressure = "0" />
		<Point X = "253" Y = "233" T = "0" Pressure = "0" />
		<Point X = "266" Y = "233" T = "0" Pressure = "0" />
		<Point X = "276" Y = "233" T = "0" Pressure = "0" />
		<Point X = "282" Y = "233" T = "0" Pressure = "0" />
		<Point X = "284" Y = "232" T = "0" Pressure = "0" />
		<Point X = "285" Y = "231" T = "0" Pressure = "0" />
	</Stroke>
</Gesture>
