<?xml version="1.0" encoding="utf-8" standalone="yes"?>
<Gesture Name = "l">
	<Stroke>
		<Point X = "202" Y = "88" T = "0" Pressure = "0" />
		<Point X = "202" Y = "89" T = "0" Pressure = "0" />
		<Point X = "202" Y = "92" T = "0" Pressure = "0" />
		<Point X = "202" Y = "94" T = "0" Pressure = "0" />
		<Point X = "202" Y = "95" T = "0" Pressure = "0" />
		<Point X = "202" Y = "100" T = "0" Pressure = "0" />
		<Point X = "202" Y = "103" T = "0" Pressure = "0" />
		<Point X = "202" Y = "106" T = "0" Pressure = "0" />
		<Point X = "202" Y = "108" T = "0" Pressure = "0" />
		<Point X = "202" Y = "111" T = "0" Pressure = "0" />
		<Point X = "202" Y = "114" T = "0" Pressure = "0" />
		<Point X = "202" Y = "118" T = "0" Pressure = "0" />
		<Point X = "202" Y = "124" T = "0" Pressure = "0" />
		<Point X = "202" Y = "129" T = "0" Pressure = "0" />
		<Point X = "202" Y = "136" T = "0" Pressure = "0" />
		<Point X = "202" Y = "143" T = "0" Pressure = "0" />
		<Point X = "202" Y = "151" T = "0" Pressure = "0" />
		<Point X = "202" Y = "158" T = "0" Pressure = "0" />
		<Point X = "202" Y = "164" T = "0" Pressure = "0" />
		<Point X = "202" Y = "168" T = "0" Pressure = "0" />
		<Point X = "204" Y = "173" T = "0" Pressure = "0" />
		<Point X = "204" Y = "177" T = "0" Pressure = "0" />
		<Point X = "204" Y = "179" T = "0" Pressure = "0" />
		<Point X = "204" Y = "180" T = "0" Pressure = "0" />
		<Point X = "204" Y = "182" T = "0" Pressure = "0" />
		<Point X = "204" Y = "183" T = "0" Pressure = "0" />
		<Point X = "204" Y = "184" T = "0" Pressure = "0" />
		<Point X = "204" Y = "185" T = "0" Pressure = "0" />
		<Point X = "204" Y = "186" T = "0" Pressure = "0" />
		<Point X = "204" Y = "187" T = "0" Pressure = "0" />
		<Point X = "204" Y = "188" T = "0" Pressure = "0" />
		<Point X = "204" Y = "190" T = "0" Pressure = "0" />
		<Point X = "204" Y = "192" T = "0" Pressure = "0" />
		<Point X = "204" Y = "195" T = "0" Pressure = "0" />
		<Point X = "204" Y = "197" T = "0" Pressure = "0" />
		<Point X = "204" Y = "201" T = "0" Pressure = "0" />
		<Point X = "204" Y = "204" T = "0" Pressure = "0" />
		<Point X = "204" Y = "207" T = "0" Pressure = "0" />
		<Point X = "204" Y = "208" T = "0" Pressure = "0" />
		<Point X = "204" Y = "209" T = "0" Pressure = "0" />
		<Point X = "205" Y = "209" T = "0" Pressure = "0" />
		<Point X = "207" Y = "209" T = "0" Pressure = "0" />
		<Point X = "210" Y = "207" T = "0" Pressure = "0" />
		<Point X = "214" Y = "207" T = "0" Pressure = "0" />
		<Point X = "221" Y = "206" T = "0" Pressure = "0" />
		<Point X = "227" Y = "206" T = "0" Pressure = "0" />
		<Point X = "235" Y = "206" T = "0" Pressure = "0" />
		<Point X = "241" Y = "206" T = "0" Pressure = "0" />
		<Point X = "245" Y = "205" T = "0" Pressure = "0" />
		<Point X = "247" Y = "205" T = "0" Pressure = "0" />
		<Point X = "248" Y = "205" T = "0" Pressure = "0" />
		<Point X = "249" Y = "205" T = "0" Pressure = "0" />
	</Stroke>
</Gesture>
