<?xml version="1.0" encoding="utf-8" standalone="yes"?>
<Gesture Name = "l">
	<Stroke>
		<Point X = "352" Y = "109" T = "0" Pressure = "0" />
		<Point X = "354" Y = "113" T = "0" Pressure = "0" />
		<Point X = "357" Y = "116" T = "0" Pressure = "0" />
		<Point X = "357" Y = "121" T = "0" Pressure = "0" />
		<Point X = "360" Y = "124" T = "0" Pressure = "0" />
		<Point X = "361" Y = "130" T = "0" Pressure = "0" />
		<Point X = "362" Y = "136" T = "0" Pressure = "0" />
		<Point X = "365" Y = "144" T = "0" Pressure = "0" />
		<Point X = "366" Y = "154" T = "0" Pressure = "0" />
		<Point X = "367" Y = "165" T = "0" Pressure = "0" />
		<Point X = "370" Y = "174" T = "0" Pressure = "0" />
		<Point X = "371" Y = "182" T = "0" Pressure = "0" />
		<Point X = "371" Y = "186" T = "0" Pressure = "0" />
		<Point X = "371" Y = "189" T = "0" Pressure = "0" />
		<Point X = "371" Y = "190" T = "0" Pressure = "0" />
		<Point X = "371" Y = "191" T = "0" Pressure = "0" />
		<Point X = "371" Y = "193" T = "0" Pressure = "0" />
		<Point X = "371" Y = "196" T = "0" Pressure = "0" />
		<Point X = "371" Y = "197" T = "0" Pressure = "0" />
		<Point X = "371" Y = "200" T = "0" Pressure = "0" />
		<Point X = "371" Y = "202" T = "0" Pressure = "0" />
		<Point X = "372" Y = "205" T = "0" Pressure = "0" />
		<Point X = "373" Y = "206" T = "0" Pressure = "0" />
		<Point X = "374" Y = "209" T = "0" Pressure = "0" />
		<Point X = "374" Y = "210" T = "0" Pressure = "0" />
		<Point X = "374" Y = "211" T = "0" Pressure = "0" />
		<Point X = "375" Y = "213" T = "0" Pressure = "0" />
		<Point X = "376" Y = "216" T = "0" Pressure = "0" />
		<Point X = "376" Y = "219" T = "0" Pressure = "0" />
		<Point X = "377" Y = "224" T = "0" Pressure = "0" />
		<Point X = "378" Y = "228" T = "0" Pressure = "0" />
		<Point X = "379" Y = "233" T = "0" Pressure = "0" />
		<Point X = "380" Y = "235" T = "0" Pressure = "0" />
		<Point X = "380" Y = "236" T = "0" Pressure = "0" />
		<Point X = "380" Y = "237" T = "0" Pressure = "0" />
		<Point X = "381" Y = "237" T = "0" Pressure = "0" />
		<Point X = "382" Y = "236" T = "0" Pressure = "0" />
		<Point X = "384" Y = "236" T = "0" Pressure = "0" />
		<Point X = "385" Y = "236" T = "0" Pressure = "0" />
		<Point X = "389" Y = "235" T = "0" Pressure = "0" />
		<Point X = "397" Y = "233" T = "0" Pressure = "0" />
		<Point X = "404" Y = "232" T = "0" Pressure = "0" />
		<Point X = "411" Y = "231" T = "0" Pressure = "0" />
		<Point X = "419" Y = "230" T = "0" Pressure = "0" />
		<Point X = "425" Y = "229" T = "0" Pressure = "0" />
		<Point X = "429" Y = "229" T = "0" Pressure = "0" />
		<Point X = "432" Y = "229" T = "0" Pressure = "0" />
		<Point X = "434" Y = "227" T = "0" Pressure = "0" />
		<Point X = "435" Y = "227" T = "0" Pressure = "0" />
		<Point X = "436" Y = "227" T = "0" Pressure = "0" />
		<Point X = "437" Y = "227" T = "0" Pressure = "0" />
	</Stroke>
</Gesture>
