<?xml version="1.0" encoding="utf-8" standalone="yes"?>
<Gesture Name = "l">
	<Stroke>
		<Point X = "251" Y = "41" T = "0" Pressure = "0" />
		<Point X = "251" Y = "44" T = "0" Pressure = "0" />
		<Point X = "251" Y = "47" T = "0" Pressure = "0" />
		<Point X = "251" Y = "51" T = "0" Pressure = "0" />
		<Point X = "251" Y = "57" T = "0" Pressure = "0" />
		<Point X = "251" Y = "64" T = "0" Pressure = "0" />
		<Point X = "252" Y = "73" T = "0" Pressure = "0" />
		<Point X = "256" Y = "83" T = "0" Pressure = "0" />
		<Point X = "259" Y = "93" T = "0" Pressure = "0" />
		<Point X = "260" Y = "99" T = "0" Pressure = "0" />
		<Point X = "261" Y = "106" T = "0" Pressure = "0" />
		<Point X = "264" Y = "113" T = "0" Pressure = "0" />
		<Point X = "264" Y = "120" T = "0" Pressure = "0" />
		<Point X = "264" Y = "128" T = "0" Pressure = "0" />
		<Point X = "264" Y = "137" T = "0" Pressure = "0" />
		<Point X = "264" Y = "147" T = "0" Pressure = "0" />
		<Point X = "264" Y = "160" T = "0" Pressure = "0" />
		<Point X = "264" Y = "172" T = "0" Pressure = "0" />
		<Point X = "264" Y = "185" T = "0" Pressure = "0" />
		<Point X = "264" Y = "198" T = "0" Pressure = "0" />
		<Point X = "264" Y = "207" T = "0" Pressure = "0" />
		<Point X = "264" Y = "217" T = "0" Pressure = "0" />
		<Point X = "264" Y = "220" T = "0" Pressure = "0" />
		<Point X = "264" Y = "221" T = "0" Pressure = "0" />
		<Point X = "265" Y = "222" T = "0" Pressure = "0" />
		<Point X = "266" Y = "222" T = "0" Pressure = "0" />
		<Point X = "267" Y = "222" T = "0" Pressure = "0" />
		<Point X = "268" Y = "222" T = "0" Pressure = "0" />
		<Point X = "271" Y = "222" T = "0" Pressure = "0" />
		<Point X = "273" Y = "222" T = "0" Pressure = "0" />
		<Point X = "277" Y = "222" T = "0" Pressure = "0" />
		<Point X = "281" Y = "221" T = "0" Pressure = "0" />
		<Point X = "286" Y = "221" T = "0" Pressure = "0" />
		<Point X = "295" Y = "221" T = "0" Pressure = "0" />
		<Point X = "311" Y = "221" T = "0" Pressure = "0" />
		<Point X = "331" Y = "221" T = "0" Pressure = "0" />
		<Point X = "348" Y = "221" T = "0" Pressure = "0" />
		<Point X = "360" Y = "221" T = "0" Pressure = "0" />
		<Point X = "368" Y = "221" T = "0" Pressure = "0" />
		<Point X = "370" Y = "221" T = "0" Pressure = "0" />
		<Point X = "372" Y = "221" T = "0" Pressure = "0" />
	</Stroke>
</Gesture>
