<?xml version="1.0" encoding="utf-8" standalone="yes"?>
<Gesture Name = "l">
	<Stroke>
		<Point X = "47" Y = "76" T = "0" Pressure = "0" />
		<Point X = "47" Y = "82" T = "0" Pressure = "0" />
		<Point X = "47" Y = "88" T = "0" Pressure = "0" />
		<Point X = "47" Y = "94" T = "0" Pressure = "0" />
		<Point X = "47" Y = "102" T = "0" Pressure = "0" />
		<Point X = "47" Y = "109" T = "0" Pressure = "0" />
		<Point X = "47" Y = "118" T = "0" Pressure = "0" />
		<Point X = "47" Y = "129" T = "0" Pressure = "0" />
		<Point X = "47" Y = "140" T = "0" Pressure = "0" />
		<Point X = "46" Y = "151" T = "0" Pressure = "0" />
		<Point X = "45" Y = "162" T = "0" Pressure = "0" />
		<Point X = "45" Y = "171" T = "0" Pressure = "0" />
		<Point X = "45" Y = "180" T = "0" Pressure = "0" />
		<Point X = "45" Y = "187" T = "0" Pressure = "0" />
		<Point X = "45" Y = "193" T = "0" Pressure = "0" />
		<Point X = "45" Y = "199" T = "0" Pressure = "0" />
		<Point X = "48" Y = "208" T = "0" Pressure = "0" />
		<Point X = "49" Y = "214" T = "0" Pressure = "0" />
		<Point X = "50" Y = "219" T = "0" Pressure = "0" />
		<Point X = "52" Y = "223" T = "0" Pressure = "0" />
		<Point X = "52" Y = "227" T = "0" Pressure = "0" />
		<Point X = "52" Y = "229" T = "0" Pressure = "0" />
		<Point X = "52" Y = "230" T = "0" Pressure = "0" />
		<Point X = "52" Y = "231" T = "0" Pressure = "0" />
		<Point X = "54" Y = "231" T = "0" Pressure = "0" />
		<Point X = "59" Y = "231" T = "0" Pressure = "0" />
		<Point X = "66" Y = "231" T = "0" Pressure = "0" />
		<Point X = "76" Y = "231" T = "0" Pressure = "0" />
		<Point X = "84" Y = "234" T = "0" Pressure = "0" />
		<Point X = "97" Y = "236" T = "0" Pressure = "0" />
		<Point X = "109" Y = "237" T = "0" Pressure = "0" />
		<Point X = "127" Y = "241" T = "0" Pressure = "0" />
		<Point X = "143" Y = "244" T = "0" Pressure = "0" />
		<Point X = "158" Y = "246" T = "0" Pressure = "0" />
		<Point X = "171" Y = "247" T = "0" Pressure = "0" />
		<Point X = "180" Y = "247" T = "0" Pressure = "0" />
		<Point X = "186" Y = "247" T = "0" Pressure = "0" />
		<Point X = "190" Y = "247" T = "0" Pressure = "0" />
		<Point X = "193" Y = "247" T = "0" Pressure = "0" />
		<Point X = "195" Y = "247" T = "0" Pressure = "0" />
		<Point X = "197" Y = "247" T = "0" Pressure = "0" />
		<Point X = "198" Y = "247" T = "0" Pressure = "0" />
	</Stroke>
</Gesture>
