<?xml version="1.0" encoding="utf-8" standalone="yes"?>
<Gesture Name = "l">
	<Stroke>
		<Point X = "59" Y = "90" T = "0" Pressure = "0" />
		<Point X = "59" Y = "91" T = "0" Pressure = "0" />
		<Point X = "59" Y = "94" T = "0" Pressure = "0" />
		<Point X = "61" Y = "97" T = "0" Pressure = "0" />
		<Point X = "62" Y = "99" T = "0" Pressure = "0" />
		<Point X = "63" Y = "101" T = "0" Pressure = "0" />
		<Point X = "63" Y = "106" T = "0" Pressure = "0" />
		<Point X = "63" Y = "110" T = "0" Pressure = "0" />
		<Point X = "63" Y = "114" T = "0" Pressure = "0" />
		<Point X = "65" Y = "120" T = "0" Pressure = "0" />
		<Point X = "66" Y = "124" T = "0" Pressure = "0" />
		<Point X = "66" Y = "130" T = "0" Pressure = "0" />
		<Point X = "69" Y = "136" T = "0" Pressure = "0" />
		<Point X = "70" Y = "143" T = "0" Pressure = "0" />
		<Point X = "73" Y = "150" T = "0" Pressure = "0" />
		<Point X = "73" Y = "159" T = "0" Pressure = "0" />
		<Point X = "75" Y = "168" T = "0" Pressure = "0" />
		<Point X = "76" Y = "181" T = "0" Pressure = "0" />
		<Point X = "76" Y = "193" T = "0" Pressure = "0" />
		<Point X = "76" Y = "205" T = "0" Pressure = "0" />
		<Point X = "76" Y = "216" T = "0" Pressure = "0" />
		<Point X = "76" Y = "223" T = "0" Pressure = "0" />
		<Point X = "76" Y = "227" T = "0" Pressure = "0" />
		<Point X = "76" Y = "228" T = "0" Pressure = "0" />
		<Point X = "76" Y = "229" T = "0" Pressure = "0" />
		<Point X = "79" Y = "229" T = "0" Pressure = "0" />
		<Point X = "88" Y = "229" T = "0" Pressure = "0" />
		<Point X = "97" Y = "229" T = "0" Pressure = "0" />
		<Point X = "104" Y = "229" T = "0" Pressure = "0" />
		<Point X = "114" Y = "228" T = "0" Pressure = "0" />
		<Point X = "121" Y = "227" T = "0" Pressure = "0" />
		<Point X = "130" Y = "227" T = "0" Pressure = "0" />
		<Point X = "140" Y = "227" T = "0" Pressure = "0" />
		<Point X = "151" Y = "227" T = "0" Pressure = "0" />
		<Point X = "163" Y = "227" T = "0" Pressure = "0" />
		<Point X = "173" Y = "227" T = "0" Pressure = "0" />
		<Point X = "178" Y = "228" T = "0" Pressure = "0" />
		<Point X = "182" Y = "228" T = "0" Pressure = "0" />
		<Point X = "183" Y = "229" T = "0" Pressure = "0" />
	</Stroke>
</Gesture>
