<?xml version="1.0" encoding="utf-8" standalone="yes"?>
<Gesture Name = "l">
	<Stroke>
		<Point X = "153" Y = "101" T = "0" Pressure = "0" />
		<Point X = "153" Y = "104" T = "0" Pressure = "0" />
		<Point X = "153" Y = "106" T = "0" Pressure = "0" />
		<Point X = "153" Y = "111" T = "0" Pressure = "0" />
		<Point X = "155" Y = "112" T = "0" Pressure = "0" />
		<Point X = "155" Y = "114" T = "0" Pressure = "0" />
		<Point X = "155" Y = "117" T = "0" Pressure = "0" />
		<Point X = "156" Y = "123" T = "0" Pressure = "0" />
		<Point X = "156" Y = "129" T = "0" Pressure = "0" />
		<Point X = "156" Y = "138" T = "0" Pressure = "0" />
		<Point X = "156" Y = "150" T = "0" Pressure = "0" />
		<Point X = "156" Y = "162" T = "0" Pressure = "0" />
		<Point X = "156" Y = "172" T = "0" Pressure = "0" />
		<Point X = "156" Y = "183" T = "0" Pressure = "0" />
		<Point X = "156" Y = "188" T = "0" Pressure = "0" />
		<Point X = "156" Y = "192" T = "0" Pressure = "0" />
		<Point X = "156" Y = "194" T = "0" Pressure = "0" />
		<Point X = "155" Y = "197" T = "0" Pressure = "0" />
		<Point X = "154" Y = "198" T = "0" Pressure = "0" />
		<Point X = "154" Y = "199" T = "0" Pressure = "0" />
		<Point X = "154" Y = "201" T = "0" Pressure = "0" />
		<Point X = "154" Y = "202" T = "0" Pressure = "0" />
		<Point X = "154" Y = "203" T = "0" Pressure = "0" />
		<Point X = "154" Y = "204" T = "0" Pressure = "0" />
		<Point X = "154" Y = "205" T = "0" Pressure = "0" />
		<Point X = "154" Y = "206" T = "0" Pressure = "0" />
		<Point X = "155" Y = "206" T = "0" Pressure = "0" />
		<Point X = "156" Y = "206" T = "0" Pressure = "0" />
		<Point X = "157" Y = "206" T = "0" Pressure = "0" />
		<Point X = "158" Y = "206" T = "0" Pressure = "0" />
		<Point X = "159" Y = "206" T = "0" Pressure = "0" />
		<Point X = "162" Y = "208" T = "0" Pressure = "0" />
		<Point X = "164" Y = "208" T = "0" Pressure = "0" />
		<Point X = "167" Y = "208" T = "0" Pressure = "0" />
		<Point X = "169" Y = "208" T = "0" Pressure = "0" />
		<Point X = "174" Y = "208" T = "0" Pressure = "0" />
		<Point X = "182" Y = "209" T = "0" Pressure = "0" />
		<Point X = "189" Y = "210" T = "0" Pressure = "0" />
		<Point X = "196" Y = "211" T = "0" Pressure = "0" />
		<Point X = "204" Y = "213" T = "0" Pressure = "0" />
		<Point X = "212" Y = "214" T = "0" Pressure = "0" />
		<Point X = "217" Y = "215" T = "0" Pressure = "0" />
		<Point X = "225" Y = "218" T = "0" Pressure = "0" />
		<Point X = "232" Y = "220" T = "0" Pressure = "0" />
		<Point X = "239" Y = "221" T = "0" Pressure = "0" />
		<Point X = "245" Y = "223" T = "0" Pressure = "0" />
		<Point X = "249" Y = "223" T = "0" Pressure = "0" />
		<Point X = "253" Y = "224" T = "0" Pressure = "0" />
		<Point X = "256" Y = "224" T = "0" Pressure = "0" />
		<Point X = "257" Y = "224" T = "0" Pressure = "0" />
		<Point X = "258" Y = "224" T = "0" Pressure = "0" />
		<Point X = "259" Y = "224" T = "0" Pressure = "0" />
		<Point X = "260" Y = "224" T = "0" Pressure = "0" />
		<Point X = "261" Y = "224" T = "0" Pressure = "0" />
		<Point X = "262" Y = "224" T = "0" Pressure = "0" />
		<Point X = "263" Y = "224" T = "0" Pressure = "0" />
	</Stroke>
</Gesture>
