<?xml version="1.0" encoding="utf-8" standalone="yes"?>
<Gesture Name = "l">
	<Stroke>
		<Point X = "40" Y = "46" T = "0" Pressure = "0" />
		<Point X = "40" Y = "47" T = "0" Pressure = "0" />
		<Point X = "40" Y = "49" T = "0" Pressure = "0" />
		<Point X = "40" Y = "50" T = "0" Pressure = "0" />
		<Point X = "40" Y = "53" T = "0" Pressure = "0" />
		<Point X = "40" Y = "55" T = "0" Pressure = "0" />
		<Point X = "40" Y = "60" T = "0" Pressure = "0" />
		<Point X = "40" Y = "64" T = "0" Pressure = "0" />
		<Point X = "40" Y = "68" T = "0" Pressure = "0" />
		<Point X = "40" Y = "72" T = "0" Pressure = "0" />
		<Point X = "40" Y = "79" T = "0" Pressure = "0" />
		<Point X = "40" Y = "83" T = "0" Pressure = "0" />
		<Point X = "40" Y = "88" T = "0" Pressure = "0" />
		<Point X = "40" Y = "90" T = "0" Pressure = "0" />
		<Point X = "40" Y = "94" T = "0" Pressure = "0" />
		<Point X = "40" Y = "101" T = "0" Pressure = "0" />
		<Point X = "40" Y = "106" T = "0" Pressure = "0" />
		<Point X = "40" Y = "116" T = "0" Pressure = "0" />
		<Point X = "38" Y = "124" T = "0" Pressure = "0" />
		<Point X = "37" Y = "133" T = "0" Pressure = "0" />
		<Point X = "36" Y = "141" T = "0" Pressure = "0" />
		<Point X = "36" Y = "148" T = "0" Pressure = "0" />
		<Point X = "36" Y = "155" T = "0" Pressure = "0" />
		<Point X = "36" Y = "162" T = "0" Pressure = "0" />
		<Point X = "36" Y = "166" T = "0" Pressure = "0" />
		<Point X = "36" Y = "170" T = "0" Pressure = "0" />
		<Point X = "36" Y = "172" T = "0" Pressure = "0" />
		<Point X = "36" Y = "177" T = "0" Pressure = "0" />
		<Point X = "34" Y = "182" T = "0" Pressure = "0" />
		<Point X = "34" Y = "187" T = "0" Pressure = "0" />
		<Point X = "33" Y = "192" T = "0" Pressure = "0" />
		<Point X = "33" Y = "198" T = "0" Pressure = "0" />
		<Point X = "32" Y = "204" T = "0" Pressure = "0" />
		<Point X = "32" Y = "208" T = "0" Pressure = "0" />
		<Point X = "32" Y = "212" T = "0" Pressure = "0" />
		<Point X = "32" Y = "214" T = "0" Pressure = "0" />
		<Point X = "31" Y = "217" T = "0" Pressure = "0" />
		<Point X = "31" Y = "219" T = "0" Pressure = "0" />
		<Point X = "31" Y = "220" T = "0" Pressure = "0" />
		<Point X = "29" Y = "223" T = "0" Pressure = "0" />
		<Point X = "28" Y = "224" T = "0" Pressure = "0" />
		<Point X = "28" Y = "225" T = "0" Pressure = "0" />
		<Point X = "29" Y = "225" T = "0" Pressure = "0" />
		<Point X = "30" Y = "225" T = "0" Pressure = "0" />
		<Point X = "32" Y = "225" T = "0" Pressure = "0" />
		<Point X = "38" Y = "225" T = "0" Pressure = "0" />
		<Point X = "46" Y = "225" T = "0" Pressure = "0" />
		<Point X = "57" Y = "225" T = "0" Pressure = "0" />
		<Point X = "68" Y = "225" T = "0" Pressure = "0" />
		<Point X = "77" Y = "225" T = "0" Pressure = "0" />
		<Point X = "85" Y = "225" T = "0" Pressure = "0" />
		<Point X = "91" Y = "225" T = "0" Pressure = "0" />
		<Point X = "93" Y = "223" T = "0" Pressure = "0" />
		<Point X = "95" Y = "222" T = "0" Pressure = "0" />
	</Stroke>
</Gesture>
