<?xml version="1.0" encoding="utf-8" standalone="yes"?>
<Gesture Name = "l">
	<Stroke>
		<Point X = "41" Y = "37" T = "0" Pressure = "0" />
		<Point X = "41" Y = "41" T = "0" Pressure = "0" />
		<Point X = "42" Y = "49" T = "0" Pressure = "0" />
		<Point X = "43" Y = "57" T = "0" Pressure = "0" />
		<Point X = "43" Y = "64" T = "0" Pressure = "0" />
		<Point X = "43" Y = "73" T = "0" Pressure = "0" />
		<Point X = "43" Y = "83" T = "0" Pressure = "0" />
		<Point X = "43" Y = "93" T = "0" Pressure = "0" />
		<Point X = "42" Y = "101" T = "0" Pressure = "0" />
		<Point X = "41" Y = "109" T = "0" Pressure = "0" />
		<Point X = "40" Y = "116" T = "0" Pressure = "0" />
		<Point X = "40" Y = "123" T = "0" Pressure = "0" />
		<Point X = "39" Y = "128" T = "0" Pressure = "0" />
		<Point X = "37" Y = "132" T = "0" Pressure = "0" />
		<Point X = "37" Y = "137" T = "0" Pressure = "0" />
		<Point X = "37" Y = "138" T = "0" Pressure = "0" />
		<Point X = "39" Y = "138" T = "0" Pressure = "0" />
		<Point X = "44" Y = "138" T = "0" Pressure = "0" />
		<Point X = "48" Y = "138" T = "0" Pressure = "0" />
		<Point X = "54" Y = "138" T = "0" Pressure = "0" />
		<Point X = "58" Y = "138" T = "0" Pressure = "0" />
		<Point X = "62" Y = "138" T = "0" Pressure = "0" />
		<Point X = "68" Y = "138" T = "0" Pressure = "0" />
		<Point X = "71" Y = "138" T = "0" Pressure = "0" />
		<Point X = "74" Y = "138" T = "0" Pressure = "0" />
		<Point X = "77" Y = "138" T = "0" Pressure = "0" />
		<Point X = "81" Y = "138" T = "0" Pressure = "0" />
		<Point X = "86" Y = "138" T = "0" Pressure = "0" />
		<Point X = "89" Y = "138" T = "0" Pressure = "0" />
		<Point X = "90" Y = "138" T = "0" Pressure = "0" />
		<Point X = "93" Y = "138" T = "0" Pressure = "0" />
		<Point X = "94" Y = "138" T = "0" Pressure = "0" />
		<Point X = "95" Y = "139" T = "0" Pressure = "0" />
		<Point X = "97" Y = "140" T = "0" Pressure = "0" />
	</Stroke>
</Gesture>
