<?xml version="1.0" encoding="utf-8" standalone="yes"?>
<Gesture Name = "l">
	<Stroke>
		<Point X = "90" Y = "100" T = "0" Pressure = "0" />
		<Point X = "90" Y = "104" T = "0" Pressure = "0" />
		<Point X = "90" Y = "108" T = "0" Pressure = "0" />
		<Point X = "90" Y = "113" T = "0" Pressure = "0" />
		<Point X = "90" Y = "117" T = "0" Pressure = "0" />
		<Point X = "90" Y = "123" T = "0" Pressure = "0" />
		<Point X = "90" Y = "127" T = "0" Pressure = "0" />
		<Point X = "90" Y = "131" T = "0" Pressure = "0" />
		<Point X = "90" Y = "141" T = "0" Pressure = "0" />
		<Point X = "90" Y = "150" T = "0" Pressure = "0" />
		<Point X = "90" Y = "163" T = "0" Pressure = "0" />
		<Point X = "90" Y = "175" T = "0" Pressure = "0" />
		<Point X = "90" Y = "184" T = "0" Pressure = "0" />
		<Point X = "90" Y = "191" T = "0" Pressure = "0" />
		<Point X = "90" Y = "198" T = "0" Pressure = "0" />
		<Point X = "90" Y = "200" T = "0" Pressure = "0" />
		<Point X = "90" Y = "202" T = "0" Pressure = "0" />
		<Point X = "90" Y = "203" T = "0" Pressure = "0" />
		<Point X = "90" Y = "205" T = "0" Pressure = "0" />
		<Point X = "90" Y = "206" T = "0" Pressure = "0" />
		<Point X = "90" Y = "207" T = "0" Pressure = "0" />
		<Point X = "90" Y = "208" T = "0" Pressure = "0" />
		<Point X = "91" Y = "209" T = "0" Pressure = "0" />
		<Point X = "92" Y = "209" T = "0" Pressure = "0" />
		<Point X = "93" Y = "209" T = "0" Pressure = "0" />
		<Point X = "95" Y = "209" T = "0" Pressure = "0" />
		<Point X = "98" Y = "209" T = "0" Pressure = "0" />
		<Point X = "104" Y = "209" T = "0" Pressure = "0" />
		<Point X = "112" Y = "209" T = "0" Pressure = "0" />
		<Point X = "119" Y = "209" T = "0" Pressure = "0" />
		<Point X = "126" Y = "209" T = "0" Pressure = "0" />
		<Point X = "132" Y = "209" T = "0" Pressure = "0" />
		<Point X = "138" Y = "209" T = "0" Pressure = "0" />
		<Point X = "144" Y = "209" T = "0" Pressure = "0" />
		<Point X = "148" Y = "209" T = "0" Pressure = "0" />
		<Point X = "151" Y = "210" T = "0" Pressure = "0" />
		<Point X = "152" Y = "210" T = "0" Pressure = "0" />
		<Point X = "154" Y = "210" T = "0" Pressure = "0" />
		<Point X = "155" Y = "210" T = "0" Pressure = "0" />
		<Point X = "156" Y = "210" T = "0" Pressure = "0" />
		<Point X = "156" Y = "211" T = "0" Pressure = "0" />
	</Stroke>
</Gesture>
