<?xml version="1.0" encoding="utf-8" standalone="yes"?>
<Gesture Name = "l">
	<Stroke>
		<Point X = "382" Y = "51" T = "0" Pressure = "0" />
		<Point X = "382" Y = "54" T = "0" Pressure = "0" />
		<Point X = "385" Y = "57" T = "0" Pressure = "0" />
		<Point X = "386" Y = "60" T = "0" Pressure = "0" />
		<Point X = "386" Y = "61" T = "0" Pressure = "0" />
		<Point X = "386" Y = "63" T = "0" Pressure = "0" />
		<Point X = "386" Y = "66" T = "0" Pressure = "0" />
		<Point X = "386" Y = "68" T = "0" Pressure = "0" />
		<Point X = "386" Y = "71" T = "0" Pressure = "0" />
		<Point X = "386" Y = "74" T = "0" Pressure = "0" />
		<Point X = "386" Y = "78" T = "0" Pressure = "0" />
		<Point X = "386" Y = "81" T = "0" Pressure = "0" />
		<Point X = "386" Y = "85" T = "0" Pressure = "0" />
		<Point X = "386" Y = "89" T = "0" Pressure = "0" />
		<Point X = "386" Y = "93" T = "0" Pressure = "0" />
		<Point X = "386" Y = "96" T = "0" Pressure = "0" />
		<Point X = "386" Y = "98" T = "0" Pressure = "0" />
		<Point X = "386" Y = "99" T = "0" Pressure = "0" />
		<Point X = "387" Y = "99" T = "0" Pressure = "0" />
		<Point X = "388" Y = "99" T = "0" Pressure = "0" />
		<Point X = "391" Y = "99" T = "0" Pressure = "0" />
		<Point X = "392" Y = "99" T = "0" Pressure = "0" />
		<Point X = "395" Y = "99" T = "0" Pressure = "0" />
		<Point X = "398" Y = "98" T = "0" Pressure = "0" />
		<Point X = "400" Y = "98" T = "0" Pressure = "0" />
		<Point X = "403" Y = "98" T = "0" Pressure = "0" />
		<Point X = "406" Y = "98" T = "0" Pressure = "0" />
		<Point X = "407" Y = "97" T = "0" Pressure = "0" />
		<Point X = "409" Y = "97" T = "0" Pressure = "0" />
		<Point X = "410" Y = "97" T = "0" Pressure = "0" />
		<Point X = "412" Y = "97" T = "0" Pressure = "0" />
		<Point X = "413" Y = "97" T = "0" Pressure = "0" />
		<Point X = "414" Y = "97" T = "0" Pressure = "0" />
		<Point X = "415" Y = "97" T = "0" Pressure = "0" />
	</Stroke>
</Gesture>
