<?xml version="1.0" encoding="utf-8" standalone="yes"?>
<Gesture Name = "l">
	<Stroke>
		<Point X = "30" Y = "168" T = "0" Pressure = "0" />
		<Point X = "30" Y = "172" T = "0" Pressure = "0" />
		<Point X = "30" Y = "177" T = "0" Pressure = "0" />
		<Point X = "30" Y = "181" T = "0" Pressure = "0" />
		<Point X = "30" Y = "188" T = "0" Pressure = "0" />
		<Point X = "30" Y = "190" T = "0" Pressure = "0" />
		<Point X = "30" Y = "195" T = "0" Pressure = "0" />
		<Point X = "30" Y = "199" T = "0" Pressure = "0" />
		<Point X = "30" Y = "202" T = "0" Pressure = "0" />
		<Point X = "30" Y = "206" T = "0" Pressure = "0" />
		<Point X = "30" Y = "211" T = "0" Pressure = "0" />
		<Point X = "30" Y = "218" T = "0" Pressure = "0" />
		<Point X = "29" Y = "226" T = "0" Pressure = "0" />
		<Point X = "26" Y = "234" T = "0" Pressure = "0" />
		<Point X = "25" Y = "243" T = "0" Pressure = "0" />
		<Point X = "24" Y = "251" T = "0" Pressure = "0" />
		<Point X = "24" Y = "260" T = "0" Pressure = "0" />
		<Point X = "24" Y = "266" T = "0" Pressure = "0" />
		<Point X = "24" Y = "269" T = "0" Pressure = "0" />
		<Point X = "24" Y = "270" T = "0" Pressure = "0" />
		<Point X = "25" Y = "270" T = "0" Pressure = "0" />
		<Point X = "28" Y = "271" T = "0" Pressure = "0" />
		<Point X = "32" Y = "272" T = "0" Pressure = "0" />
		<Point X = "37" Y = "272" T = "0" Pressure = "0" />
		<Point X = "42" Y = "274" T = "0" Pressure = "0" />
		<Point X = "50" Y = "275" T = "0" Pressure = "0" />
		<Point X = "59" Y = "276" T = "0" Pressure = "0" />
		<Point X = "66" Y = "277" T = "0" Pressure = "0" />
		<Point X = "71" Y = "277" T = "0" Pressure = "0" />
		<Point X = "76" Y = "279" T = "0" Pressure = "0" />
		<Point X = "80" Y = "279" T = "0" Pressure = "0" />
		<Point X = "83" Y = "279" T = "0" Pressure = "0" />
		<Point X = "87" Y = "279" T = "0" Pressure = "0" />
		<Point X = "90" Y = "279" T = "0" Pressure = "0" />
		<Point X = "94" Y = "279" T = "0" Pressure = "0" />
		<Point X = "102" Y = "279" T = "0" Pressure = "0" />
		<Point X = "107" Y = "279" T = "0" Pressure = "0" />
		<Point X = "113" Y = "279" T = "0" Pressure = "0" />
		<Point X = "117" Y = "280" T = "0" Pressure = "0" />
		<Point X = "122" Y = "284" T = "0" Pressure = "0" />
		<Point X = "125" Y = "285" T = "0" Pressure = "0" />
		<Point X = "126" Y = "285" T = "0" Pressure = "0" />
		<Point X = "127" Y = "285" T = "0" Pressure = "0" />
		<Point X = "128" Y = "285" T = "0" Pressure = "0" />
		<Point X = "129" Y = "286" T = "0" Pressure = "0" />
		<Point X = "131" Y = "286" T = "0" Pressure = "0" />
		<Point X = "133" Y = "286" T = "0" Pressure = "0" />
		<Point X = "134" Y = "286" T = "0" Pressure = "0" />
	</Stroke>
</Gesture>
