<?xml version="1.0" encoding="utf-8" standalone="yes"?>
<Gesture Name = "l">
	<Stroke>
		<Point X = "110" Y = "158" T = "0" Pressure = "0" />
		<Point X = "110" Y = "160" T = "0" Pressure = "0" />
		<Point X = "110" Y = "161" T = "0" Pressure = "0" />
		<Point X = "110" Y = "166" T = "0" Pressure = "0" />
		<Point X = "111" Y = "173" T = "0" Pressure = "0" />
		<Point X = "114" Y = "182" T = "0" Pressure = "0" />
		<Point X = "114" Y = "191" T = "0" Pressure = "0" />
		<Point X = "115" Y = "204" T = "0" Pressure = "0" />
		<Point X = "115" Y = "217" T = "0" Pressure = "0" />
		<Point X = "115" Y = "230" T = "0" Pressure = "0" />
		<Point X = "115" Y = "243" T = "0" Pressure = "0" />
		<Point X = "115" Y = "257" T = "0" Pressure = "0" />
		<Point X = "113" Y = "268" T = "0" Pressure = "0" />
		<Point X = "112" Y = "275" T = "0" Pressure = "0" />
		<Point X = "112" Y = "278" T = "0" Pressure = "0" />
		<Point X = "112" Y = "279" T = "0" Pressure = "0" />
		<Point X = "112" Y = "280" T = "0" Pressure = "0" />
		<Point X = "112" Y = "281" T = "0" Pressure = "0" />
		<Point X = "112" Y = "284" T = "0" Pressure = "0" />
		<Point X = "112" Y = "285" T = "0" Pressure = "0" />
		<Point X = "112" Y = "286" T = "0" Pressure = "0" />
		<Point X = "113" Y = "286" T = "0" Pressure = "0" />
		<Point X = "116" Y = "286" T = "0" Pressure = "0" />
		<Point X = "119" Y = "286" T = "0" Pressure = "0" />
		<Point X = "121" Y = "286" T = "0" Pressure = "0" />
		<Point X = "125" Y = "286" T = "0" Pressure = "0" />
		<Point X = "127" Y = "286" T = "0" Pressure = "0" />
		<Point X = "129" Y = "286" T = "0" Pressure = "0" />
		<Point X = "132" Y = "286" T = "0" Pressure = "0" />
		<Point X = "133" Y = "286" T = "0" Pressure = "0" />
		<Point X = "135" Y = "286" T = "0" Pressure = "0" />
		<Point X = "137" Y = "286" T = "0" Pressure = "0" />
		<Point X = "142" Y = "284" T = "0" Pressure = "0" />
		<Point X = "147" Y = "284" T = "0" Pressure = "0" />
		<Point X = "153" Y = "284" T = "0" Pressure = "0" />
		<Point X = "157" Y = "284" T = "0" Pressure = "0" />
		<Point X = "161" Y = "284" T = "0" Pressure = "0" />
		<Point X = "167" Y = "284" T = "0" Pressure = "0" />
		<Point X = "172" Y = "284" T = "0" Pressure = "0" />
		<Point X = "175" Y = "284" T = "0" Pressure = "0" />
		<Point X = "180" Y = "284" T = "0" Pressure = "0" />
		<Point X = "182" Y = "284" T = "0" Pressure = "0" />
		<Point X = "183" Y = "284" T = "0" Pressure = "0" />
		<Point X = "185" Y = "284" T = "0" Pressure = "0" />
		<Point X = "188" Y = "284" T = "0" Pressure = "0" />
		<Point X = "190" Y = "284" T = "0" Pressure = "0" />
		<Point X = "194" Y = "284" T = "0" Pressure = "0" />
		<Point X = "198" Y = "284" T = "0" Pressure = "0" />
		<Point X = "202" Y = "284" T = "0" Pressure = "0" />
		<Point X = "207" Y = "284" T = "0" Pressure = "0" />
		<Point X = "210" Y = "285" T = "0" Pressure = "0" />
		<Point X = "212" Y = "286" T = "0" Pressure = "0" />
		<Point X = "215" Y = "287" T = "0" Pressure = "0" />
		<Point X = "218" Y = "287" T = "0" Pressure = "0" />
		<Point X = "219" Y = "287" T = "0" Pressure = "0" />
		<Point X = "222" Y = "288" T = "0" Pressure = "0" />
		<Point X = "228" Y = "289" T = "0" Pressure = "0" />
		<Point X = "238" Y = "292" T = "0" Pressure = "0" />
		<Point X = "245" Y = "293" T = "0" Pressure = "0" />
		<Point X = "252" Y = "293" T = "0" Pressure = "0" />
		<Point X = "256" Y = "294" T = "0" Pressure = "0" />
		<Point X = "257" Y = "294" T = "0" Pressure = "0" />
		<Point X = "259" Y = "294" T = "0" Pressure = "0" />
		<Point X = "260" Y = "294" T = "0" Pressure = "0" />
		<Point X = "264" Y = "295" T = "0" Pressure = "0" />
		<Point X = "269" Y = "297" T = "0" Pressure = "0" />
		<Point X = "275" Y = "297" T = "0" Pressure = "0" />
		<Point X = "279" Y = "298" T = "0" Pressure = "0" />
		<Point X = "282" Y = "298" T = "0" Pressure = "0" />
		<Point X = "284" Y = "298" T = "0" Pressure = "0" />
		<Point X = "285" Y = "298" T = "0" Pressure = "0" />
		<Point X = "286" Y = "298" T = "0" Pressure = "0" />
		<Point X = "287" Y = "298" T = "0" Pressure = "0" />
		<Point X = "288" Y = "298" T = "0" Pressure = "0" />
		<Point X = "289" Y = "299" T = "0" Pressure = "0" />
		<Point X = "290" Y = "299" T = "0" Pressure = "0" />
		<Point X = "292" Y = "299" T = "0" Pressure = "0" />
		<Point X = "293" Y = "299" T = "0" Pressure = "0" />
	</Stroke>
</Gesture>
