<?xml version="1.0" encoding="utf-8" standalone="yes"?>
<Gesture Name = "l">
	<Stroke>
		<Point X = "353" Y = "229" T = "0" Pressure = "0" />
		<Point X = "354" Y = "234" T = "0" Pressure = "0" />
		<Point X = "355" Y = "240" T = "0" Pressure = "0" />
		<Point X = "357" Y = "247" T = "0" Pressure = "0" />
		<Point X = "359" Y = "252" T = "0" Pressure = "0" />
		<Point X = "361" Y = "255" T = "0" Pressure = "0" />
		<Point X = "361" Y = "259" T = "0" Pressure = "0" />
		<Point X = "363" Y = "265" T = "0" Pressure = "0" />
		<Point X = "364" Y = "271" T = "0" Pressure = "0" />
		<Point X = "365" Y = "281" T = "0" Pressure = "0" />
		<Point X = "367" Y = "290" T = "0" Pressure = "0" />
		<Point X = "369" Y = "300" T = "0" Pressure = "0" />
		<Point X = "369" Y = "306" T = "0" Pressure = "0" />
		<Point X = "369" Y = "314" T = "0" Pressure = "0" />
		<Point X = "369" Y = "319" T = "0" Pressure = "0" />
		<Point X = "369" Y = "324" T = "0" Pressure = "0" />
		<Point X = "369" Y = "327" T = "0" Pressure = "0" />
		<Point X = "369" Y = "328" T = "0" Pressure = "0" />
		<Point X = "369" Y = "329" T = "0" Pressure = "0" />
		<Point X = "369" Y = "330" T = "0" Pressure = "0" />
		<Point X = "370" Y = "330" T = "0" Pressure = "0" />
		<Point X = "372" Y = "330" T = "0" Pressure = "0" />
		<Point X = "373" Y = "330" T = "0" Pressure = "0" />
		<Point X = "377" Y = "330" T = "0" Pressure = "0" />
		<Point X = "380" Y = "330" T = "0" Pressure = "0" />
		<Point X = "384" Y = "330" T = "0" Pressure = "0" />
		<Point X = "390" Y = "330" T = "0" Pressure = "0" />
		<Point X = "394" Y = "330" T = "0" Pressure = "0" />
		<Point X = "397" Y = "330" T = "0" Pressure = "0" />
		<Point X = "401" Y = "330" T = "0" Pressure = "0" />
		<Point X = "405" Y = "330" T = "0" Pressure = "0" />
		<Point X = "408" Y = "330" T = "0" Pressure = "0" />
		<Point X = "413" Y = "330" T = "0" Pressure = "0" />
		<Point X = "416" Y = "330" T = "0" Pressure = "0" />
		<Point X = "420" Y = "330" T = "0" Pressure = "0" />
		<Point X = "422" Y = "330" T = "0" Pressure = "0" />
		<Point X = "424" Y = "330" T = "0" Pressure = "0" />
		<Point X = "426" Y = "329" T = "0" Pressure = "0" />
		<Point X = "427" Y = "329" T = "0" Pressure = "0" />
		<Point X = "428" Y = "329" T = "0" Pressure = "0" />
	</Stroke>
</Gesture>
