<?xml version="1.0" encoding="utf-8" standalone="yes"?>
<Gesture Name = "l">
	<Stroke>
		<Point X = "348" Y = "63" T = "0" Pressure = "0" />
		<Point X = "348" Y = "66" T = "0" Pressure = "0" />
		<Point X = "348" Y = "67" T = "0" Pressure = "0" />
		<Point X = "348" Y = "70" T = "0" Pressure = "0" />
		<Point X = "348" Y = "71" T = "0" Pressure = "0" />
		<Point X = "348" Y = "73" T = "0" Pressure = "0" />
		<Point X = "348" Y = "75" T = "0" Pressure = "0" />
		<Point X = "348" Y = "79" T = "0" Pressure = "0" />
		<Point X = "348" Y = "82" T = "0" Pressure = "0" />
		<Point X = "348" Y = "87" T = "0" Pressure = "0" />
		<Point X = "349" Y = "93" T = "0" Pressure = "0" />
		<Point X = "350" Y = "99" T = "0" Pressure = "0" />
		<Point X = "351" Y = "104" T = "0" Pressure = "0" />
		<Point X = "352" Y = "109" T = "0" Pressure = "0" />
		<Point X = "352" Y = "113" T = "0" Pressure = "0" />
		<Point X = "352" Y = "116" T = "0" Pressure = "0" />
		<Point X = "352" Y = "118" T = "0" Pressure = "0" />
		<Point X = "352" Y = "121" T = "0" Pressure = "0" />
		<Point X = "352" Y = "127" T = "0" Pressure = "0" />
		<Point X = "352" Y = "135" T = "0" Pressure = "0" />
		<Point X = "352" Y = "142" T = "0" Pressure = "0" />
		<Point X = "352" Y = "151" T = "0" Pressure = "0" />
		<Point X = "352" Y = "162" T = "0" Pressure = "0" />
		<Point X = "355" Y = "172" T = "0" Pressure = "0" />
		<Point X = "356" Y = "179" T = "0" Pressure = "0" />
		<Point X = "356" Y = "182" T = "0" Pressure = "0" />
		<Point X = "356" Y = "185" T = "0" Pressure = "0" />
		<Point X = "356" Y = "186" T = "0" Pressure = "0" />
		<Point X = "356" Y = "188" T = "0" Pressure = "0" />
		<Point X = "355" Y = "188" T = "0" Pressure = "0" />
		<Point X = "355" Y = "189" T = "0" Pressure = "0" />
		<Point X = "354" Y = "190" T = "0" Pressure = "0" />
		<Point X = "356" Y = "190" T = "0" Pressure = "0" />
		<Point X = "359" Y = "190" T = "0" Pressure = "0" />
		<Point X = "362" Y = "190" T = "0" Pressure = "0" />
		<Point X = "364" Y = "190" T = "0" Pressure = "0" />
		<Point X = "368" Y = "190" T = "0" Pressure = "0" />
		<Point X = "375" Y = "190" T = "0" Pressure = "0" />
		<Point X = "382" Y = "190" T = "0" Pressure = "0" />
		<Point X = "386" Y = "190" T = "0" Pressure = "0" />
		<Point X = "391" Y = "190" T = "0" Pressure = "0" />
		<Point X = "396" Y = "190" T = "0" Pressure = "0" />
		<Point X = "400" Y = "190" T = "0" Pressure = "0" />
		<Point X = "407" Y = "190" T = "0" Pressure = "0" />
		<Point X = "412" Y = "190" T = "0" Pressure = "0" />
		<Point X = "418" Y = "192" T = "0" Pressure = "0" />
		<Point X = "424" Y = "193" T = "0" Pressure = "0" />
		<Point X = "426" Y = "193" T = "0" Pressure = "0" />
		<Point X = "427" Y = "193" T = "0" Pressure = "0" />
	</Stroke>
</Gesture>
