<?xml version="1.0" encoding="utf-8" standalone="yes"?>
<Gesture Name = "l">
	<Stroke>
		<Point X = "37" Y = "57" T = "0" Pressure = "0" />
		<Point X = "38" Y = "60" T = "0" Pressure = "0" />
		<Point X = "40" Y = "65" T = "0" Pressure = "0" />
		<Point X = "42" Y = "69" T = "0" Pressure = "0" />
		<Point X = "42" Y = "74" T = "0" Pressure = "0" />
		<Point X = "43" Y = "80" T = "0" Pressure = "0" />
		<Point X = "43" Y = "87" T = "0" Pressure = "0" />
		<Point X = "43" Y = "90" T = "0" Pressure = "0" />
		<Point X = "43" Y = "94" T = "0" Pressure = "0" />
		<Point X = "42" Y = "98" T = "0" Pressure = "0" />
		<Point X = "41" Y = "102" T = "0" Pressure = "0" />
		<Point X = "41" Y = "106" T = "0" Pressure = "0" />
		<Point X = "40" Y = "110" T = "0" Pressure = "0" />
		<Point X = "40" Y = "114" T = "0" Pressure = "0" />
		<Point X = "40" Y = "119" T = "0" Pressure = "0" />
		<Point X = "40" Y = "124" T = "0" Pressure = "0" />
		<Point X = "40" Y = "132" T = "0" Pressure = "0" />
		<Point X = "40" Y = "139" T = "0" Pressure = "0" />
		<Point X = "40" Y = "148" T = "0" Pressure = "0" />
		<Point X = "40" Y = "155" T = "0" Pressure = "0" />
		<Point X = "42" Y = "162" T = "0" Pressure = "0" />
		<Point X = "42" Y = "166" T = "0" Pressure = "0" />
		<Point X = "42" Y = "168" T = "0" Pressure = "0" />
		<Point X = "42" Y = "170" T = "0" Pressure = "0" />
		<Point X = "42" Y = "171" T = "0" Pressure = "0" />
		<Point X = "44" Y = "176" T = "0" Pressure = "0" />
		<Point X = "44" Y = "179" T = "0" Pressure = "0" />
		<Point X = "45" Y = "184" T = "0" Pressure = "0" />
		<Point X = "45" Y = "188" T = "0" Pressure = "0" />
		<Point X = "45" Y = "192" T = "0" Pressure = "0" />
		<Point X = "46" Y = "196" T = "0" Pressure = "0" />
		<Point X = "46" Y = "198" T = "0" Pressure = "0" />
		<Point X = "47" Y = "199" T = "0" Pressure = "0" />
		<Point X = "48" Y = "201" T = "0" Pressure = "0" />
		<Point X = "48" Y = "203" T = "0" Pressure = "0" />
		<Point X = "50" Y = "205" T = "0" Pressure = "0" />
		<Point X = "50" Y = "207" T = "0" Pressure = "0" />
		<Point X = "51" Y = "209" T = "0" Pressure = "0" />
		<Point X = "51" Y = "210" T = "0" Pressure = "0" />
		<Point X = "51" Y = "211" T = "0" Pressure = "0" />
		<Point X = "51" Y = "212" T = "0" Pressure = "0" />
		<Point X = "51" Y = "213" T = "0" Pressure = "0" />
		<Point X = "51" Y = "214" T = "0" Pressure = "0" />
		<Point X = "51" Y = "215" T = "0" Pressure = "0" />
		<Point X = "51" Y = "217" T = "0" Pressure = "0" />
		<Point X = "51" Y = "220" T = "0" Pressure = "0" />
		<Point X = "51" Y = "221" T = "0" Pressure = "0" />
		<Point X = "51" Y = "222" T = "0" Pressure = "0" />
		<Point X = "52" Y = "223" T = "0" Pressure = "0" />
		<Point X = "53" Y = "223" T = "0" Pressure = "0" />
		<Point X = "56" Y = "223" T = "0" Pressure = "0" />
		<Point X = "58" Y = "223" T = "0" Pressure = "0" />
		<Point X = "63" Y = "223" T = "0" Pressure = "0" />
		<Point X = "66" Y = "223" T = "0" Pressure = "0" />
		<Point X = "73" Y = "223" T = "0" Pressure = "0" />
		<Point X = "81" Y = "223" T = "0" Pressure = "0" />
		<Point X = "92" Y = "223" T = "0" Pressure = "0" />
		<Point X = "100" Y = "223" T = "0" Pressure = "0" />
		<Point X = "107" Y = "223" T = "0" Pressure = "0" />
		<Point X = "110" Y = "223" T = "0" Pressure = "0" />
		<Point X = "111" Y = "223" T = "0" Pressure = "0" />
		<Point X = "113" Y = "223" T = "0" Pressure = "0" />
		<Point X = "117" Y = "222" T = "0" Pressure = "0" />
		<Point X = "121" Y = "221" T = "0" Pressure = "0" />
		<Point X = "126" Y = "218" T = "0" Pressure = "0" />
		<Point X = "131" Y = "217" T = "0" Pressure = "0" />
		<Point X = "135" Y = "216" T = "0" Pressure = "0" />
		<Point X = "139" Y = "215" T = "0" Pressure = "0" />
		<Point X = "142" Y = "214" T = "0" Pressure = "0" />
		<Point X = "145" Y = "212" T = "0" Pressure = "0" />
		<Point X = "147" Y = "212" T = "0" Pressure = "0" />
	</Stroke>
</Gesture>
