<?xml version="1.0" encoding="utf-8" standalone="yes"?>
<Gesture Name = "l">
	<Stroke>
		<Point X = "242" Y = "67" T = "0" Pressure = "0" />
		<Point X = "243" Y = "70" T = "0" Pressure = "0" />
		<Point X = "244" Y = "75" T = "0" Pressure = "0" />
		<Point X = "245" Y = "79" T = "0" Pressure = "0" />
		<Point X = "248" Y = "85" T = "0" Pressure = "0" />
		<Point X = "249" Y = "91" T = "0" Pressure = "0" />
		<Point X = "252" Y = "98" T = "0" Pressure = "0" />
		<Point X = "253" Y = "104" T = "0" Pressure = "0" />
		<Point X = "254" Y = "111" T = "0" Pressure = "0" />
		<Point X = "257" Y = "121" T = "0" Pressure = "0" />
		<Point X = "259" Y = "130" T = "0" Pressure = "0" />
		<Point X = "260" Y = "140" T = "0" Pressure = "0" />
		<Point X = "260" Y = "154" T = "0" Pressure = "0" />
		<Point X = "260" Y = "166" T = "0" Pressure = "0" />
		<Point X = "260" Y = "175" T = "0" Pressure = "0" />
		<Point X = "260" Y = "182" T = "0" Pressure = "0" />
		<Point X = "260" Y = "186" T = "0" Pressure = "0" />
		<Point X = "260" Y = "189" T = "0" Pressure = "0" />
		<Point X = "260" Y = "191" T = "0" Pressure = "0" />
		<Point X = "259" Y = "195" T = "0" Pressure = "0" />
		<Point X = "258" Y = "198" T = "0" Pressure = "0" />
		<Point X = "258" Y = "200" T = "0" Pressure = "0" />
		<Point X = "258" Y = "203" T = "0" Pressure = "0" />
		<Point X = "258" Y = "205" T = "0" Pressure = "0" />
		<Point X = "257" Y = "207" T = "0" Pressure = "0" />
		<Point X = "258" Y = "206" T = "0" Pressure = "0" />
		<Point X = "264" Y = "204" T = "0" Pressure = "0" />
		<Point X = "275" Y = "204" T = "0" Pressure = "0" />
		<Point X = "287" Y = "204" T = "0" Pressure = "0" />
		<Point X = "300" Y = "204" T = "0" Pressure = "0" />
		<Point X = "312" Y = "204" T = "0" Pressure = "0" />
		<Point X = "323" Y = "204" T = "0" Pressure = "0" />
		<Point X = "330" Y = "204" T = "0" Pressure = "0" />
		<Point X = "338" Y = "204" T = "0" Pressure = "0" />
		<Point X = "341" Y = "204" T = "0" Pressure = "0" />
		<Point X = "342" Y = "204" T = "0" Pressure = "0" />
	</Stroke>
</Gesture>
