<?xml version="1.0" encoding="utf-8" standalone="yes"?>
<Gesture Name = "l">
	<Stroke>
		<Point X = "44" Y = "14" T = "0" Pressure = "0" />
		<Point X = "46" Y = "20" T = "0" Pressure = "0" />
		<Point X = "48" Y = "26" T = "0" Pressure = "0" />
		<Point X = "49" Y = "35" T = "0" Pressure = "0" />
		<Point X = "49" Y = "44" T = "0" Pressure = "0" />
		<Point X = "49" Y = "52" T = "0" Pressure = "0" />
		<Point X = "49" Y = "59" T = "0" Pressure = "0" />
		<Point X = "49" Y = "64" T = "0" Pressure = "0" />
		<Point X = "49" Y = "71" T = "0" Pressure = "0" />
		<Point X = "49" Y = "79" T = "0" Pressure = "0" />
		<Point X = "49" Y = "88" T = "0" Pressure = "0" />
		<Point X = "49" Y = "99" T = "0" Pressure = "0" />
		<Point X = "49" Y = "108" T = "0" Pressure = "0" />
		<Point X = "49" Y = "119" T = "0" Pressure = "0" />
		<Point X = "49" Y = "130" T = "0" Pressure = "0" />
		<Point X = "49" Y = "141" T = "0" Pressure = "0" />
		<Point X = "49" Y = "154" T = "0" Pressure = "0" />
		<Point X = "49" Y = "168" T = "0" Pressure = "0" />
		<Point X = "49" Y = "181" T = "0" Pressure = "0" />
		<Point X = "50" Y = "196" T = "0" Pressure = "0" />
		<Point X = "54" Y = "209" T = "0" Pressure = "0" />
		<Point X = "56" Y = "221" T = "0" Pressure = "0" />
		<Point X = "59" Y = "232" T = "0" Pressure = "0" />
		<Point X = "60" Y = "241" T = "0" Pressure = "0" />
		<Point X = "61" Y = "249" T = "0" Pressure = "0" />
		<Point X = "61" Y = "255" T = "0" Pressure = "0" />
		<Point X = "61" Y = "259" T = "0" Pressure = "0" />
		<Point X = "61" Y = "262" T = "0" Pressure = "0" />
		<Point X = "61" Y = "264" T = "0" Pressure = "0" />
		<Point X = "63" Y = "268" T = "0" Pressure = "0" />
		<Point X = "64" Y = "272" T = "0" Pressure = "0" />
		<Point X = "65" Y = "277" T = "0" Pressure = "0" />
		<Point X = "65" Y = "282" T = "0" Pressure = "0" />
		<Point X = "66" Y = "289" T = "0" Pressure = "0" />
		<Point X = "68" Y = "292" T = "0" Pressure = "0" />
		<Point X = "68" Y = "294" T = "0" Pressure = "0" />
		<Point X = "68" Y = "296" T = "0" Pressure = "0" />
		<Point X = "68" Y = "297" T = "0" Pressure = "0" />
		<Point X = "68" Y = "298" T = "0" Pressure = "0" />
		<Point X = "68" Y = "299" T = "0" Pressure = "0" />
		<Point X = "68" Y = "300" T = "0" Pressure = "0" />
		<Point X = "68" Y = "301" T = "0" Pressure = "0" />
		<Point X = "68" Y = "304" T = "0" Pressure = "0" />
		<Point X = "68" Y = "306" T = "0" Pressure = "0" />
		<Point X = "68" Y = "307" T = "0" Pressure = "0" />
		<Point X = "69" Y = "310" T = "0" Pressure = "0" />
		<Point X = "70" Y = "310" T = "0" Pressure = "0" />
		<Point X = "70" Y = "313" T = "0" Pressure = "0" />
		<Point X = "71" Y = "317" T = "0" Pressure = "0" />
		<Point X = "72" Y = "322" T = "0" Pressure = "0" />
		<Point X = "72" Y = "326" T = "0" Pressure = "0" />
		<Point X = "73" Y = "330" T = "0" Pressure = "0" />
		<Point X = "74" Y = "335" T = "0" Pressure = "0" />
		<Point X = "74" Y = "336" T = "0" Pressure = "0" />
		<Point X = "74" Y = "337" T = "0" Pressure = "0" />
		<Point X = "74" Y = "339" T = "0" Pressure = "0" />
		<Point X = "74" Y = "340" T = "0" Pressure = "0" />
		<Point X = "74" Y = "341" T = "0" Pressure = "0" />
		<Point X = "74" Y = "342" T = "0" Pressure = "0" />
		<Point X = "74" Y = "343" T = "0" Pressure = "0" />
		<Point X = "74" Y = "347" T = "0" Pressure = "0" />
		<Point X = "74" Y = "353" T = "0" Pressure = "0" />
		<Point X = "74" Y = "356" T = "0" Pressure = "0" />
		<Point X = "72" Y = "362" T = "0" Pressure = "0" />
		<Point X = "72" Y = "365" T = "0" Pressure = "0" />
		<Point X = "71" Y = "368" T = "0" Pressure = "0" />
		<Point X = "71" Y = "369" T = "0" Pressure = "0" />
		<Point X = "71" Y = "370" T = "0" Pressure = "0" />
		<Point X = "70" Y = "370" T = "0" Pressure = "0" />
		<Point X = "71" Y = "370" T = "0" Pressure = "0" />
		<Point X = "72" Y = "370" T = "0" Pressure = "0" />
		<Point X = "79" Y = "370" T = "0" Pressure = "0" />
		<Point X = "87" Y = "370" T = "0" Pressure = "0" />
		<Point X = "98" Y = "370" T = "0" Pressure = "0" />
		<Point X = "110" Y = "370" T = "0" Pressure = "0" />
		<Point X = "122" Y = "370" T = "0" Pressure = "0" />
		<Point X = "131" Y = "370" T = "0" Pressure = "0" />
		<Point X = "138" Y = "370" T = "0" Pressure = "0" />
		<Point X = "143" Y = "369" T = "0" Pressure = "0" />
		<Point X = "146" Y = "369" T = "0" Pressure = "0" />
		<Point X = "149" Y = "368" T = "0" Pressure = "0" />
		<Point X = "153" Y = "366" T = "0" Pressure = "0" />
		<Point X = "157" Y = "365" T = "0" Pressure = "0" />
		<Point X = "166" Y = "365" T = "0" Pressure = "0" />
		<Point X = "176" Y = "365" T = "0" Pressure = "0" />
		<Point X = "190" Y = "365" T = "0" Pressure = "0" />
		<Point X = "203" Y = "365" T = "0" Pressure = "0" />
		<Point X = "217" Y = "365" T = "0" Pressure = "0" />
		<Point X = "228" Y = "365" T = "0" Pressure = "0" />
		<Point X = "236" Y = "365" T = "0" Pressure = "0" />
		<Point X = "243" Y = "365" T = "0" Pressure = "0" />
		<Point X = "247" Y = "364" T = "0" Pressure = "0" />
		<Point X = "251" Y = "363" T = "0" Pressure = "0" />
		<Point X = "252" Y = "363" T = "0" Pressure = "0" />
		<Point X = "254" Y = "363" T = "0" Pressure = "0" />
		<Point X = "255" Y = "362" T = "0" Pressure = "0" />
		<Point X = "256" Y = "362" T = "0" Pressure = "0" />
		<Point X = "257" Y = "362" T = "0" Pressure = "0" />
		<Point X = "261" Y = "361" T = "0" Pressure = "0" />
		<Point X = "262" Y = "361" T = "0" Pressure = "0" />
		<Point X = "264" Y = "361" T = "0" Pressure = "0" />
		<Point X = "266" Y = "359" T = "0" Pressure = "0" />
		<Point X = "269" Y = "359" T = "0" Pressure = "0" />
		<Point X = "272" Y = "358" T = "0" Pressure = "0" />
		<Point X = "276" Y = "358" T = "0" Pressure = "0" />
		<Point X = "282" Y = "358" T = "0" Pressure = "0" />
		<Point X = "288" Y = "358" T = "0" Pressure = "0" />
		<Point X = "298" Y = "358" T = "0" Pressure = "0" />
		<Point X = "306" Y = "358" T = "0" Pressure = "0" />
		<Point X = "313" Y = "358" T = "0" Pressure = "0" />
		<Point X = "319" Y = "357" T = "0" Pressure = "0" />
		<Point X = "322" Y = "357" T = "0" Pressure = "0" />
		<Point X = "325" Y = "357" T = "0" Pressure = "0" />
		<Point X = "328" Y = "355" T = "0" Pressure = "0" />
		<Point X = "329" Y = "355" T = "0" Pressure = "0" />
		<Point X = "330" Y = "355" T = "0" Pressure = "0" />
		<Point X = "331" Y = "355" T = "0" Pressure = "0" />
		<Point X = "332" Y = "355" T = "0" Pressure = "0" />
		<Point X = "333" Y = "354" T = "0" Pressure = "0" />
		<Point X = "336" Y = "354" T = "0" Pressure = "0" />
		<Point X = "339" Y = "354" T = "0" Pressure = "0" />
		<Point X = "340" Y = "354" T = "0" Pressure = "0" />
		<Point X = "343" Y = "354" T = "0" Pressure = "0" />
		<Point X = "346" Y = "354" T = "0" Pressure = "0" />
		<Point X = "350" Y = "354" T = "0" Pressure = "0" />
		<Point X = "354" Y = "354" T = "0" Pressure = "0" />
		<Point X = "362" Y = "356" T = "0" Pressure = "0" />
		<Point X = "366" Y = "357" T = "0" Pressure = "0" />
		<Point X = "371" Y = "357" T = "0" Pressure = "0" />
		<Point X = "373" Y = "357" T = "0" Pressure = "0" />
		<Point X = "374" Y = "357" T = "0" Pressure = "0" />
		<Point X = "375" Y = "357" T = "0" Pressure = "0" />
		<Point X = "376" Y = "357" T = "0" Pressure = "0" />
		<Point X = "377" Y = "357" T = "0" Pressure = "0" />
		<Point X = "378" Y = "357" T = "0" Pressure = "0" />
		<Point X = "379" Y = "356" T = "0" Pressure = "0" />
		<Point X = "380" Y = "356" T = "0" Pressure = "0" />
		<Point X = "381" Y = "355" T = "0" Pressure = "0" />
		<Point X = "382" Y = "355" T = "0" Pressure = "0" />
		<Point X = "383" Y = "355" T = "0" Pressure = "0" />
		<Point X = "386" Y = "355" T = "0" Pressure = "0" />
		<Point X = "387" Y = "355" T = "0" Pressure = "0" />
		<Point X = "389" Y = "355" T = "0" Pressure = "0" />
		<Point X = "392" Y = "355" T = "0" Pressure = "0" />
		<Point X = "395" Y = "355" T = "0" Pressure = "0" />
		<Point X = "397" Y = "355" T = "0" Pressure = "0" />
		<Point X = "398" Y = "355" T = "0" Pressure = "0" />
	</Stroke>
</Gesture>
