<?xml version="1.0" encoding="utf-8" standalone="yes"?>
<Gesture Name = "l">
	<Stroke>
		<Point X = "156" Y = "49" T = "0" Pressure = "0" />
		<Point X = "157" Y = "49" T = "0" Pressure = "0" />
		<Point X = "157" Y = "50" T = "0" Pressure = "0" />
		<Point X = "157" Y = "54" T = "0" Pressure = "0" />
		<Point X = "157" Y = "57" T = "0" Pressure = "0" />
		<Point X = "157" Y = "59" T = "0" Pressure = "0" />
		<Point X = "156" Y = "62" T = "0" Pressure = "0" />
		<Point X = "155" Y = "67" T = "0" Pressure = "0" />
		<Point X = "153" Y = "69" T = "0" Pressure = "0" />
		<Point X = "152" Y = "71" T = "0" Pressure = "0" />
		<Point X = "152" Y = "73" T = "0" Pressure = "0" />
		<Point X = "152" Y = "74" T = "0" Pressure = "0" />
		<Point X = "151" Y = "74" T = "0" Pressure = "0" />
		<Point X = "151" Y = "75" T = "0" Pressure = "0" />
		<Point X = "152" Y = "75" T = "0" Pressure = "0" />
		<Point X = "153" Y = "75" T = "0" Pressure = "0" />
		<Point X = "156" Y = "75" T = "0" Pressure = "0" />
		<Point X = "161" Y = "77" T = "0" Pressure = "0" />
		<Point X = "169" Y = "77" T = "0" Pressure = "0" />
		<Point X = "175" Y = "77" T = "0" Pressure = "0" />
		<Point X = "183" Y = "77" T = "0" Pressure = "0" />
		<Point X = "189" Y = "77" T = "0" Pressure = "0" />
		<Point X = "193" Y = "78" T = "0" Pressure = "0" />
		<Point X = "194" Y = "78" T = "0" Pressure = "0" />
		<Point X = "196" Y = "78" T = "0" Pressure = "0" />
		<Point X = "196" Y = "79" T = "0" Pressure = "0" />
	</Stroke>
</Gesture>
