<?xml version="1.0" encoding="utf-8" standalone="yes"?>
<Gesture Name = "l">
	<Stroke>
		<Point X = "39" Y = "69" T = "0" Pressure = "0" />
		<Point X = "39" Y = "73" T = "0" Pressure = "0" />
		<Point X = "39" Y = "77" T = "0" Pressure = "0" />
		<Point X = "39" Y = "81" T = "0" Pressure = "0" />
		<Point X = "39" Y = "85" T = "0" Pressure = "0" />
		<Point X = "39" Y = "90" T = "0" Pressure = "0" />
		<Point X = "39" Y = "95" T = "0" Pressure = "0" />
		<Point X = "39" Y = "101" T = "0" Pressure = "0" />
		<Point X = "39" Y = "108" T = "0" Pressure = "0" />
		<Point X = "39" Y = "116" T = "0" Pressure = "0" />
		<Point X = "39" Y = "124" T = "0" Pressure = "0" />
		<Point X = "41" Y = "135" T = "0" Pressure = "0" />
		<Point X = "43" Y = "145" T = "0" Pressure = "0" />
		<Point X = "44" Y = "153" T = "0" Pressure = "0" />
		<Point X = "47" Y = "162" T = "0" Pressure = "0" />
		<Point X = "49" Y = "172" T = "0" Pressure = "0" />
		<Point X = "50" Y = "176" T = "0" Pressure = "0" />
		<Point X = "52" Y = "185" T = "0" Pressure = "0" />
		<Point X = "53" Y = "189" T = "0" Pressure = "0" />
		<Point X = "53" Y = "195" T = "0" Pressure = "0" />
		<Point X = "54" Y = "199" T = "0" Pressure = "0" />
		<Point X = "54" Y = "202" T = "0" Pressure = "0" />
		<Point X = "54" Y = "203" T = "0" Pressure = "0" />
		<Point X = "54" Y = "206" T = "0" Pressure = "0" />
		<Point X = "54" Y = "207" T = "0" Pressure = "0" />
		<Point X = "55" Y = "207" T = "0" Pressure = "0" />
		<Point X = "56" Y = "207" T = "0" Pressure = "0" />
		<Point X = "59" Y = "207" T = "0" Pressure = "0" />
		<Point X = "63" Y = "207" T = "0" Pressure = "0" />
		<Point X = "70" Y = "207" T = "0" Pressure = "0" />
		<Point X = "80" Y = "206" T = "0" Pressure = "0" />
		<Point X = "88" Y = "206" T = "0" Pressure = "0" />
		<Point X = "95" Y = "206" T = "0" Pressure = "0" />
		<Point X = "103" Y = "206" T = "0" Pressure = "0" />
		<Point X = "112" Y = "206" T = "0" Pressure = "0" />
		<Point X = "121" Y = "206" T = "0" Pressure = "0" />
		<Point X = "128" Y = "206" T = "0" Pressure = "0" />
		<Point X = "134" Y = "206" T = "0" Pressure = "0" />
		<Point X = "136" Y = "206" T = "0" Pressure = "0" />
		<Point X = "138" Y = "206" T = "0" Pressure = "0" />
		<Point X = "139" Y = "206" T = "0" Pressure = "0" />
		<Point X = "141" Y = "206" T = "0" Pressure = "0" />
		<Point X = "143" Y = "206" T = "0" Pressure = "0" />
		<Point X = "146" Y = "206" T = "0" Pressure = "0" />
		<Point X = "148" Y = "206" T = "0" Pressure = "0" />
		<Point X = "149" Y = "206" T = "0" Pressure = "0" />
		<Point X = "150" Y = "206" T = "0" Pressure = "0" />
	</Stroke>
</Gesture>
