<?xml version="1.0" encoding="utf-8" standalone="yes"?>
<Gesture Name = "l">
	<Stroke>
		<Point X = "159" Y = "67" T = "0" Pressure = "0" />
		<Point X = "158" Y = "67" T = "0" Pressure = "0" />
		<Point X = "157" Y = "69" T = "0" Pressure = "0" />
		<Point X = "156" Y = "73" T = "0" Pressure = "0" />
		<Point X = "156" Y = "76" T = "0" Pressure = "0" />
		<Point X = "155" Y = "80" T = "0" Pressure = "0" />
		<Point X = "155" Y = "87" T = "0" Pressure = "0" />
		<Point X = "155" Y = "94" T = "0" Pressure = "0" />
		<Point X = "155" Y = "100" T = "0" Pressure = "0" />
		<Point X = "155" Y = "104" T = "0" Pressure = "0" />
		<Point X = "155" Y = "108" T = "0" Pressure = "0" />
		<Point X = "155" Y = "111" T = "0" Pressure = "0" />
		<Point X = "155" Y = "113" T = "0" Pressure = "0" />
		<Point X = "155" Y = "116" T = "0" Pressure = "0" />
		<Point X = "155" Y = "117" T = "0" Pressure = "0" />
		<Point X = "154" Y = "120" T = "0" Pressure = "0" />
		<Point X = "154" Y = "121" T = "0" Pressure = "0" />
		<Point X = "154" Y = "123" T = "0" Pressure = "0" />
		<Point X = "154" Y = "124" T = "0" Pressure = "0" />
		<Point X = "154" Y = "127" T = "0" Pressure = "0" />
		<Point X = "154" Y = "130" T = "0" Pressure = "0" />
		<Point X = "154" Y = "133" T = "0" Pressure = "0" />
		<Point X = "154" Y = "135" T = "0" Pressure = "0" />
		<Point X = "154" Y = "137" T = "0" Pressure = "0" />
		<Point X = "154" Y = "138" T = "0" Pressure = "0" />
		<Point X = "154" Y = "140" T = "0" Pressure = "0" />
		<Point X = "154" Y = "143" T = "0" Pressure = "0" />
		<Point X = "154" Y = "149" T = "0" Pressure = "0" />
		<Point X = "154" Y = "154" T = "0" Pressure = "0" />
		<Point X = "154" Y = "162" T = "0" Pressure = "0" />
		<Point X = "154" Y = "173" T = "0" Pressure = "0" />
		<Point X = "154" Y = "181" T = "0" Pressure = "0" />
		<Point X = "154" Y = "190" T = "0" Pressure = "0" />
		<Point X = "155" Y = "193" T = "0" Pressure = "0" />
		<Point X = "155" Y = "195" T = "0" Pressure = "0" />
		<Point X = "155" Y = "197" T = "0" Pressure = "0" />
		<Point X = "155" Y = "198" T = "0" Pressure = "0" />
		<Point X = "155" Y = "200" T = "0" Pressure = "0" />
		<Point X = "155" Y = "201" T = "0" Pressure = "0" />
		<Point X = "155" Y = "202" T = "0" Pressure = "0" />
		<Point X = "155" Y = "203" T = "0" Pressure = "0" />
		<Point X = "157" Y = "205" T = "0" Pressure = "0" />
		<Point X = "158" Y = "206" T = "0" Pressure = "0" />
		<Point X = "160" Y = "206" T = "0" Pressure = "0" />
		<Point X = "165" Y = "208" T = "0" Pressure = "0" />
		<Point X = "170" Y = "208" T = "0" Pressure = "0" />
		<Point X = "178" Y = "208" T = "0" Pressure = "0" />
		<Point X = "185" Y = "208" T = "0" Pressure = "0" />
		<Point X = "194" Y = "208" T = "0" Pressure = "0" />
		<Point X = "199" Y = "208" T = "0" Pressure = "0" />
		<Point X = "203" Y = "208" T = "0" Pressure = "0" />
		<Point X = "208" Y = "208" T = "0" Pressure = "0" />
		<Point X = "214" Y = "208" T = "0" Pressure = "0" />
		<Point X = "222" Y = "209" T = "0" Pressure = "0" />
		<Point X = "227" Y = "210" T = "0" Pressure = "0" />
		<Point X = "233" Y = "211" T = "0" Pressure = "0" />
		<Point X = "239" Y = "213" T = "0" Pressure = "0" />
		<Point X = "242" Y = "214" T = "0" Pressure = "0" />
		<Point X = "247" Y = "214" T = "0" Pressure = "0" />
		<Point X = "251" Y = "216" T = "0" Pressure = "0" />
		<Point X = "252" Y = "217" T = "0" Pressure = "0" />
		<Point X = "254" Y = "218" T = "0" Pressure = "0" />
		<Point X = "255" Y = "218" T = "0" Pressure = "0" />
	</Stroke>
</Gesture>
