<?xml version="1.0" encoding="utf-8" standalone="yes"?>
<Gesture Name = "l">
	<Stroke>
		<Point X = "334" Y = "53" T = "0" Pressure = "0" />
		<Point X = "336" Y = "54" T = "0" Pressure = "0" />
		<Point X = "338" Y = "58" T = "0" Pressure = "0" />
		<Point X = "339" Y = "61" T = "0" Pressure = "0" />
		<Point X = "340" Y = "65" T = "0" Pressure = "0" />
		<Point X = "343" Y = "71" T = "0" Pressure = "0" />
		<Point X = "343" Y = "78" T = "0" Pressure = "0" />
		<Point X = "344" Y = "88" T = "0" Pressure = "0" />
		<Point X = "344" Y = "99" T = "0" Pressure = "0" />
		<Point X = "344" Y = "110" T = "0" Pressure = "0" />
		<Point X = "344" Y = "119" T = "0" Pressure = "0" />
		<Point X = "344" Y = "129" T = "0" Pressure = "0" />
		<Point X = "344" Y = "136" T = "0" Pressure = "0" />
		<Point X = "342" Y = "144" T = "0" Pressure = "0" />
		<Point X = "342" Y = "150" T = "0" Pressure = "0" />
		<Point X = "341" Y = "155" T = "0" Pressure = "0" />
		<Point X = "340" Y = "160" T = "0" Pressure = "0" />
		<Point X = "340" Y = "164" T = "0" Pressure = "0" />
		<Point X = "340" Y = "168" T = "0" Pressure = "0" />
		<Point X = "340" Y = "173" T = "0" Pressure = "0" />
		<Point X = "340" Y = "176" T = "0" Pressure = "0" />
		<Point X = "340" Y = "180" T = "0" Pressure = "0" />
		<Point X = "338" Y = "181" T = "0" Pressure = "0" />
		<Point X = "339" Y = "182" T = "0" Pressure = "0" />
		<Point X = "341" Y = "182" T = "0" Pressure = "0" />
		<Point X = "342" Y = "182" T = "0" Pressure = "0" />
		<Point X = "346" Y = "182" T = "0" Pressure = "0" />
		<Point X = "356" Y = "182" T = "0" Pressure = "0" />
		<Point X = "361" Y = "182" T = "0" Pressure = "0" />
		<Point X = "371" Y = "182" T = "0" Pressure = "0" />
		<Point X = "380" Y = "182" T = "0" Pressure = "0" />
		<Point X = "391" Y = "182" T = "0" Pressure = "0" />
		<Point X = "403" Y = "180" T = "0" Pressure = "0" />
		<Point X = "410" Y = "179" T = "0" Pressure = "0" />
		<Point X = "417" Y = "178" T = "0" Pressure = "0" />
		<Point X = "421" Y = "178" T = "0" Pressure = "0" />
		<Point X = "422" Y = "177" T = "0" Pressure = "0" />
		<Point X = "423" Y = "177" T = "0" Pressure = "0" />
	</Stroke>
</Gesture>
