<?xml version="1.0" encoding="utf-8" standalone="yes"?>
<Gesture Name = "l">
	<Stroke>
		<Point X = "154" Y = "24" T = "0" Pressure = "0" />
		<Point X = "153" Y = "28" T = "0" Pressure = "0" />
		<Point X = "151" Y = "33" T = "0" Pressure = "0" />
		<Point X = "149" Y = "36" T = "0" Pressure = "0" />
		<Point X = "149" Y = "41" T = "0" Pressure = "0" />
		<Point X = "147" Y = "46" T = "0" Pressure = "0" />
		<Point X = "146" Y = "51" T = "0" Pressure = "0" />
		<Point X = "146" Y = "54" T = "0" Pressure = "0" />
		<Point X = "145" Y = "57" T = "0" Pressure = "0" />
		<Point X = "145" Y = "59" T = "0" Pressure = "0" />
		<Point X = "145" Y = "61" T = "0" Pressure = "0" />
		<Point X = "145" Y = "63" T = "0" Pressure = "0" />
		<Point X = "145" Y = "65" T = "0" Pressure = "0" />
		<Point X = "145" Y = "68" T = "0" Pressure = "0" />
		<Point X = "145" Y = "70" T = "0" Pressure = "0" />
		<Point X = "145" Y = "74" T = "0" Pressure = "0" />
		<Point X = "145" Y = "78" T = "0" Pressure = "0" />
		<Point X = "145" Y = "85" T = "0" Pressure = "0" />
		<Point X = "145" Y = "91" T = "0" Pressure = "0" />
		<Point X = "145" Y = "98" T = "0" Pressure = "0" />
		<Point X = "145" Y = "106" T = "0" Pressure = "0" />
		<Point X = "145" Y = "112" T = "0" Pressure = "0" />
		<Point X = "145" Y = "117" T = "0" Pressure = "0" />
		<Point X = "145" Y = "125" T = "0" Pressure = "0" />
		<Point X = "145" Y = "130" T = "0" Pressure = "0" />
		<Point X = "145" Y = "134" T = "0" Pressure = "0" />
		<Point X = "145" Y = "137" T = "0" Pressure = "0" />
		<Point X = "145" Y = "141" T = "0" Pressure = "0" />
		<Point X = "145" Y = "143" T = "0" Pressure = "0" />
		<Point X = "145" Y = "147" T = "0" Pressure = "0" />
		<Point X = "145" Y = "154" T = "0" Pressure = "0" />
		<Point X = "144" Y = "161" T = "0" Pressure = "0" />
		<Point X = "142" Y = "171" T = "0" Pressure = "0" />
		<Point X = "142" Y = "178" T = "0" Pressure = "0" />
		<Point X = "142" Y = "186" T = "0" Pressure = "0" />
		<Point X = "142" Y = "190" T = "0" Pressure = "0" />
		<Point X = "142" Y = "192" T = "0" Pressure = "0" />
		<Point X = "142" Y = "193" T = "0" Pressure = "0" />
		<Point X = "142" Y = "192" T = "0" Pressure = "0" />
		<Point X = "143" Y = "191" T = "0" Pressure = "0" />
		<Point X = "144" Y = "190" T = "0" Pressure = "0" />
		<Point X = "148" Y = "190" T = "0" Pressure = "0" />
		<Point X = "155" Y = "190" T = "0" Pressure = "0" />
		<Point X = "170" Y = "190" T = "0" Pressure = "0" />
		<Point X = "188" Y = "190" T = "0" Pressure = "0" />
		<Point X = "213" Y = "190" T = "0" Pressure = "0" />
		<Point X = "230" Y = "190" T = "0" Pressure = "0" />
		<Point X = "242" Y = "190" T = "0" Pressure = "0" />
		<Point X = "251" Y = "190" T = "0" Pressure = "0" />
		<Point X = "255" Y = "190" T = "0" Pressure = "0" />
		<Point X = "256" Y = "190" T = "0" Pressure = "0" />
		<Point X = "257" Y = "190" T = "0" Pressure = "0" />
		<Point X = "258" Y = "190" T = "0" Pressure = "0" />
		<Point X = "258" Y = "189" T = "0" Pressure = "0" />
		<Point X = "258" Y = "188" T = "0" Pressure = "0" />
	</Stroke>
</Gesture>
