<?xml version="1.0" encoding="utf-8" standalone="yes"?>
<Gesture Name = "l">
	<Stroke>
		<Point X = "278" Y = "57" T = "0" Pressure = "0" />
		<Point X = "278" Y = "59" T = "0" Pressure = "0" />
		<Point X = "280" Y = "62" T = "0" Pressure = "0" />
		<Point X = "280" Y = "64" T = "0" Pressure = "0" />
		<Point X = "280" Y = "66" T = "0" Pressure = "0" />
		<Point X = "280" Y = "70" T = "0" Pressure = "0" />
		<Point X = "281" Y = "79" T = "0" Pressure = "0" />
		<Point X = "282" Y = "86" T = "0" Pressure = "0" />
		<Point X = "285" Y = "97" T = "0" Pressure = "0" />
		<Point X = "285" Y = "109" T = "0" Pressure = "0" />
		<Point X = "286" Y = "120" T = "0" Pressure = "0" />
		<Point X = "288" Y = "132" T = "0" Pressure = "0" />
		<Point X = "290" Y = "144" T = "0" Pressure = "0" />
		<Point X = "291" Y = "152" T = "0" Pressure = "0" />
		<Point X = "291" Y = "160" T = "0" Pressure = "0" />
		<Point X = "291" Y = "166" T = "0" Pressure = "0" />
		<Point X = "291" Y = "170" T = "0" Pressure = "0" />
		<Point X = "291" Y = "173" T = "0" Pressure = "0" />
		<Point X = "291" Y = "174" T = "0" Pressure = "0" />
		<Point X = "291" Y = "176" T = "0" Pressure = "0" />
		<Point X = "291" Y = "177" T = "0" Pressure = "0" />
		<Point X = "291" Y = "178" T = "0" Pressure = "0" />
		<Point X = "291" Y = "179" T = "0" Pressure = "0" />
		<Point X = "291" Y = "180" T = "0" Pressure = "0" />
		<Point X = "291" Y = "182" T = "0" Pressure = "0" />
		<Point X = "291" Y = "183" T = "0" Pressure = "0" />
		<Point X = "291" Y = "184" T = "0" Pressure = "0" />
		<Point X = "294" Y = "184" T = "0" Pressure = "0" />
		<Point X = "297" Y = "185" T = "0" Pressure = "0" />
		<Point X = "300" Y = "187" T = "0" Pressure = "0" />
		<Point X = "305" Y = "188" T = "0" Pressure = "0" />
		<Point X = "312" Y = "189" T = "0" Pressure = "0" />
		<Point X = "317" Y = "190" T = "0" Pressure = "0" />
		<Point X = "322" Y = "190" T = "0" Pressure = "0" />
		<Point X = "329" Y = "190" T = "0" Pressure = "0" />
		<Point X = "335" Y = "190" T = "0" Pressure = "0" />
		<Point X = "341" Y = "190" T = "0" Pressure = "0" />
		<Point X = "351" Y = "190" T = "0" Pressure = "0" />
		<Point X = "357" Y = "190" T = "0" Pressure = "0" />
		<Point X = "366" Y = "190" T = "0" Pressure = "0" />
		<Point X = "370" Y = "190" T = "0" Pressure = "0" />
		<Point X = "373" Y = "190" T = "0" Pressure = "0" />
		<Point X = "374" Y = "190" T = "0" Pressure = "0" />
		<Point X = "375" Y = "190" T = "0" Pressure = "0" />
		<Point X = "376" Y = "190" T = "0" Pressure = "0" />
	</Stroke>
</Gesture>
