<?xml version="1.0" encoding="utf-8" standalone="yes"?>
<Gesture Name = "l">
	<Stroke>
		<Point X = "312" Y = "81" T = "0" Pressure = "0" />
		<Point X = "312" Y = "82" T = "0" Pressure = "0" />
		<Point X = "313" Y = "85" T = "0" Pressure = "0" />
		<Point X = "314" Y = "88" T = "0" Pressure = "0" />
		<Point X = "315" Y = "92" T = "0" Pressure = "0" />
		<Point X = "318" Y = "99" T = "0" Pressure = "0" />
		<Point X = "319" Y = "105" T = "0" Pressure = "0" />
		<Point X = "322" Y = "113" T = "0" Pressure = "0" />
		<Point X = "323" Y = "122" T = "0" Pressure = "0" />
		<Point X = "324" Y = "131" T = "0" Pressure = "0" />
		<Point X = "325" Y = "142" T = "0" Pressure = "0" />
		<Point X = "328" Y = "153" T = "0" Pressure = "0" />
		<Point X = "328" Y = "167" T = "0" Pressure = "0" />
		<Point X = "329" Y = "179" T = "0" Pressure = "0" />
		<Point X = "330" Y = "189" T = "0" Pressure = "0" />
		<Point X = "331" Y = "200" T = "0" Pressure = "0" />
		<Point X = "331" Y = "207" T = "0" Pressure = "0" />
		<Point X = "331" Y = "212" T = "0" Pressure = "0" />
		<Point X = "333" Y = "216" T = "0" Pressure = "0" />
		<Point X = "333" Y = "218" T = "0" Pressure = "0" />
		<Point X = "333" Y = "219" T = "0" Pressure = "0" />
		<Point X = "333" Y = "221" T = "0" Pressure = "0" />
		<Point X = "333" Y = "222" T = "0" Pressure = "0" />
		<Point X = "333" Y = "225" T = "0" Pressure = "0" />
		<Point X = "333" Y = "226" T = "0" Pressure = "0" />
		<Point X = "333" Y = "227" T = "0" Pressure = "0" />
		<Point X = "333" Y = "228" T = "0" Pressure = "0" />
		<Point X = "334" Y = "228" T = "0" Pressure = "0" />
		<Point X = "335" Y = "228" T = "0" Pressure = "0" />
		<Point X = "336" Y = "228" T = "0" Pressure = "0" />
		<Point X = "338" Y = "228" T = "0" Pressure = "0" />
		<Point X = "339" Y = "228" T = "0" Pressure = "0" />
		<Point X = "343" Y = "228" T = "0" Pressure = "0" />
		<Point X = "344" Y = "228" T = "0" Pressure = "0" />
		<Point X = "350" Y = "227" T = "0" Pressure = "0" />
		<Point X = "356" Y = "226" T = "0" Pressure = "0" />
		<Point X = "362" Y = "226" T = "0" Pressure = "0" />
		<Point X = "368" Y = "223" T = "0" Pressure = "0" />
		<Point X = "375" Y = "222" T = "0" Pressure = "0" />
		<Point X = "380" Y = "222" T = "0" Pressure = "0" />
		<Point X = "385" Y = "221" T = "0" Pressure = "0" />
		<Point X = "389" Y = "221" T = "0" Pressure = "0" />
		<Point X = "392" Y = "220" T = "0" Pressure = "0" />
		<Point X = "394" Y = "220" T = "0" Pressure = "0" />
		<Point X = "395" Y = "219" T = "0" Pressure = "0" />
		<Point X = "396" Y = "219" T = "0" Pressure = "0" />
		<Point X = "397" Y = "219" T = "0" Pressure = "0" />
		<Point X = "398" Y = "219" T = "0" Pressure = "0" />
		<Point X = "399" Y = "219" T = "0" Pressure = "0" />
		<Point X = "400" Y = "219" T = "0" Pressure = "0" />
	</Stroke>
</Gesture>
