<?xml version="1.0" encoding="utf-8" standalone="yes"?>
<Gesture Name = "l">
	<Stroke>
		<Point X = "25" Y = "8" T = "0" Pressure = "0" />
		<Point X = "25" Y = "10" T = "0" Pressure = "0" />
		<Point X = "25" Y = "12" T = "0" Pressure = "0" />
		<Point X = "25" Y = "15" T = "0" Pressure = "0" />
		<Point X = "25" Y = "18" T = "0" Pressure = "0" />
		<Point X = "25" Y = "22" T = "0" Pressure = "0" />
		<Point X = "25" Y = "27" T = "0" Pressure = "0" />
		<Point X = "25" Y = "32" T = "0" Pressure = "0" />
		<Point X = "25" Y = "39" T = "0" Pressure = "0" />
		<Point X = "25" Y = "45" T = "0" Pressure = "0" />
		<Point X = "25" Y = "52" T = "0" Pressure = "0" />
		<Point X = "25" Y = "58" T = "0" Pressure = "0" />
		<Point X = "25" Y = "66" T = "0" Pressure = "0" />
		<Point X = "25" Y = "72" T = "0" Pressure = "0" />
		<Point X = "25" Y = "80" T = "0" Pressure = "0" />
		<Point X = "25" Y = "85" T = "0" Pressure = "0" />
		<Point X = "25" Y = "91" T = "0" Pressure = "0" />
		<Point X = "26" Y = "98" T = "0" Pressure = "0" />
		<Point X = "26" Y = "104" T = "0" Pressure = "0" />
		<Point X = "26" Y = "105" T = "0" Pressure = "0" />
		<Point X = "27" Y = "109" T = "0" Pressure = "0" />
		<Point X = "28" Y = "109" T = "0" Pressure = "0" />
		<Point X = "30" Y = "109" T = "0" Pressure = "0" />
		<Point X = "31" Y = "109" T = "0" Pressure = "0" />
		<Point X = "33" Y = "109" T = "0" Pressure = "0" />
		<Point X = "35" Y = "109" T = "0" Pressure = "0" />
		<Point X = "40" Y = "109" T = "0" Pressure = "0" />
		<Point X = "42" Y = "108" T = "0" Pressure = "0" />
		<Point X = "46" Y = "108" T = "0" Pressure = "0" />
		<Point X = "48" Y = "108" T = "0" Pressure = "0" />
		<Point X = "51" Y = "108" T = "0" Pressure = "0" />
		<Point X = "52" Y = "108" T = "0" Pressure = "0" />
		<Point X = "55" Y = "108" T = "0" Pressure = "0" />
		<Point X = "57" Y = "108" T = "0" Pressure = "0" />
		<Point X = "60" Y = "108" T = "0" Pressure = "0" />
		<Point X = "63" Y = "108" T = "0" Pressure = "0" />
		<Point X = "67" Y = "109" T = "0" Pressure = "0" />
		<Point X = "74" Y = "110" T = "0" Pressure = "0" />
		<Point X = "81" Y = "111" T = "0" Pressure = "0" />
		<Point X = "87" Y = "112" T = "0" Pressure = "0" />
		<Point X = "92" Y = "114" T = "0" Pressure = "0" />
		<Point X = "95" Y = "114" T = "0" Pressure = "0" />
		<Point X = "96" Y = "114" T = "0" Pressure = "0" />
		<Point X = "97" Y = "114" T = "0" Pressure = "0" />
		<Point X = "98" Y = "114" T = "0" Pressure = "0" />
		<Point X = "99" Y = "114" T = "0" Pressure = "0" />
		<Point X = "100" Y = "114" T = "0" Pressure = "0" />
		<Point X = "101" Y = "114" T = "0" Pressure = "0" />
	</Stroke>
</Gesture>
