<?xml version="1.0" encoding="utf-8" standalone="yes"?>
<Gesture Name = "l">
	<Stroke>
		<Point X = "295" Y = "42" T = "0" Pressure = "0" />
		<Point X = "296" Y = "46" T = "0" Pressure = "0" />
		<Point X = "298" Y = "52" T = "0" Pressure = "0" />
		<Point X = "299" Y = "58" T = "0" Pressure = "0" />
		<Point X = "299" Y = "61" T = "0" Pressure = "0" />
		<Point X = "299" Y = "64" T = "0" Pressure = "0" />
		<Point X = "299" Y = "68" T = "0" Pressure = "0" />
		<Point X = "299" Y = "70" T = "0" Pressure = "0" />
		<Point X = "299" Y = "74" T = "0" Pressure = "0" />
		<Point X = "299" Y = "77" T = "0" Pressure = "0" />
		<Point X = "299" Y = "81" T = "0" Pressure = "0" />
		<Point X = "299" Y = "85" T = "0" Pressure = "0" />
		<Point X = "299" Y = "90" T = "0" Pressure = "0" />
		<Point X = "299" Y = "93" T = "0" Pressure = "0" />
		<Point X = "299" Y = "97" T = "0" Pressure = "0" />
		<Point X = "299" Y = "101" T = "0" Pressure = "0" />
		<Point X = "299" Y = "107" T = "0" Pressure = "0" />
		<Point X = "297" Y = "112" T = "0" Pressure = "0" />
		<Point X = "296" Y = "116" T = "0" Pressure = "0" />
		<Point X = "296" Y = "120" T = "0" Pressure = "0" />
		<Point X = "295" Y = "126" T = "0" Pressure = "0" />
		<Point X = "295" Y = "130" T = "0" Pressure = "0" />
		<Point X = "293" Y = "135" T = "0" Pressure = "0" />
		<Point X = "291" Y = "140" T = "0" Pressure = "0" />
		<Point X = "290" Y = "145" T = "0" Pressure = "0" />
		<Point X = "289" Y = "149" T = "0" Pressure = "0" />
		<Point X = "287" Y = "152" T = "0" Pressure = "0" />
		<Point X = "287" Y = "154" T = "0" Pressure = "0" />
		<Point X = "287" Y = "155" T = "0" Pressure = "0" />
		<Point X = "287" Y = "158" T = "0" Pressure = "0" />
		<Point X = "287" Y = "159" T = "0" Pressure = "0" />
		<Point X = "287" Y = "162" T = "0" Pressure = "0" />
		<Point X = "287" Y = "163" T = "0" Pressure = "0" />
		<Point X = "287" Y = "164" T = "0" Pressure = "0" />
		<Point X = "287" Y = "165" T = "0" Pressure = "0" />
		<Point X = "287" Y = "166" T = "0" Pressure = "0" />
		<Point X = "286" Y = "167" T = "0" Pressure = "0" />
		<Point X = "286" Y = "168" T = "0" Pressure = "0" />
		<Point X = "287" Y = "168" T = "0" Pressure = "0" />
		<Point X = "291" Y = "168" T = "0" Pressure = "0" />
		<Point X = "297" Y = "168" T = "0" Pressure = "0" />
		<Point X = "306" Y = "168" T = "0" Pressure = "0" />
		<Point X = "318" Y = "168" T = "0" Pressure = "0" />
		<Point X = "329" Y = "168" T = "0" Pressure = "0" />
		<Point X = "339" Y = "169" T = "0" Pressure = "0" />
		<Point X = "350" Y = "169" T = "0" Pressure = "0" />
		<Point X = "355" Y = "169" T = "0" Pressure = "0" />
		<Point X = "357" Y = "169" T = "0" Pressure = "0" />
		<Point X = "360" Y = "169" T = "0" Pressure = "0" />
		<Point X = "361" Y = "169" T = "0" Pressure = "0" />
		<Point X = "362" Y = "169" T = "0" Pressure = "0" />
		<Point X = "363" Y = "169" T = "0" Pressure = "0" />
		<Point X = "365" Y = "169" T = "0" Pressure = "0" />
		<Point X = "366" Y = "169" T = "0" Pressure = "0" />
		<Point X = "368" Y = "169" T = "0" Pressure = "0" />
		<Point X = "369" Y = "169" T = "0" Pressure = "0" />
		<Point X = "370" Y = "169" T = "0" Pressure = "0" />
	</Stroke>
</Gesture>
