<?xml version="1.0" encoding="utf-8" standalone="yes"?>
<Gesture Name = "l">
	<Stroke>
		<Point X = "41" Y = "47" T = "0" Pressure = "0" />
		<Point X = "41" Y = "49" T = "0" Pressure = "0" />
		<Point X = "41" Y = "53" T = "0" Pressure = "0" />
		<Point X = "42" Y = "54" T = "0" Pressure = "0" />
		<Point X = "42" Y = "57" T = "0" Pressure = "0" />
		<Point X = "43" Y = "60" T = "0" Pressure = "0" />
		<Point X = "43" Y = "62" T = "0" Pressure = "0" />
		<Point X = "44" Y = "65" T = "0" Pressure = "0" />
		<Point X = "44" Y = "66" T = "0" Pressure = "0" />
		<Point X = "45" Y = "71" T = "0" Pressure = "0" />
		<Point X = "46" Y = "73" T = "0" Pressure = "0" />
		<Point X = "46" Y = "76" T = "0" Pressure = "0" />
		<Point X = "46" Y = "78" T = "0" Pressure = "0" />
		<Point X = "46" Y = "81" T = "0" Pressure = "0" />
		<Point X = "46" Y = "85" T = "0" Pressure = "0" />
		<Point X = "46" Y = "89" T = "0" Pressure = "0" />
		<Point X = "46" Y = "94" T = "0" Pressure = "0" />
		<Point X = "46" Y = "99" T = "0" Pressure = "0" />
		<Point X = "46" Y = "103" T = "0" Pressure = "0" />
		<Point X = "46" Y = "108" T = "0" Pressure = "0" />
		<Point X = "46" Y = "112" T = "0" Pressure = "0" />
		<Point X = "46" Y = "119" T = "0" Pressure = "0" />
		<Point X = "46" Y = "124" T = "0" Pressure = "0" />
		<Point X = "46" Y = "129" T = "0" Pressure = "0" />
		<Point X = "46" Y = "135" T = "0" Pressure = "0" />
		<Point X = "46" Y = "140" T = "0" Pressure = "0" />
		<Point X = "46" Y = "144" T = "0" Pressure = "0" />
		<Point X = "46" Y = "148" T = "0" Pressure = "0" />
		<Point X = "45" Y = "152" T = "0" Pressure = "0" />
		<Point X = "45" Y = "155" T = "0" Pressure = "0" />
		<Point X = "45" Y = "156" T = "0" Pressure = "0" />
		<Point X = "45" Y = "158" T = "0" Pressure = "0" />
		<Point X = "45" Y = "159" T = "0" Pressure = "0" />
		<Point X = "45" Y = "161" T = "0" Pressure = "0" />
		<Point X = "45" Y = "162" T = "0" Pressure = "0" />
		<Point X = "45" Y = "163" T = "0" Pressure = "0" />
		<Point X = "45" Y = "164" T = "0" Pressure = "0" />
		<Point X = "45" Y = "166" T = "0" Pressure = "0" />
		<Point X = "45" Y = "169" T = "0" Pressure = "0" />
		<Point X = "45" Y = "171" T = "0" Pressure = "0" />
		<Point X = "45" Y = "173" T = "0" Pressure = "0" />
		<Point X = "45" Y = "175" T = "0" Pressure = "0" />
		<Point X = "45" Y = "177" T = "0" Pressure = "0" />
		<Point X = "45" Y = "178" T = "0" Pressure = "0" />
		<Point X = "45" Y = "179" T = "0" Pressure = "0" />
		<Point X = "45" Y = "180" T = "0" Pressure = "0" />
		<Point X = "45" Y = "181" T = "0" Pressure = "0" />
		<Point X = "45" Y = "182" T = "0" Pressure = "0" />
		<Point X = "45" Y = "183" T = "0" Pressure = "0" />
		<Point X = "45" Y = "185" T = "0" Pressure = "0" />
		<Point X = "45" Y = "186" T = "0" Pressure = "0" />
		<Point X = "45" Y = "189" T = "0" Pressure = "0" />
		<Point X = "45" Y = "190" T = "0" Pressure = "0" />
		<Point X = "45" Y = "191" T = "0" Pressure = "0" />
		<Point X = "46" Y = "192" T = "0" Pressure = "0" />
		<Point X = "47" Y = "192" T = "0" Pressure = "0" />
		<Point X = "48" Y = "192" T = "0" Pressure = "0" />
		<Point X = "52" Y = "190" T = "0" Pressure = "0" />
		<Point X = "57" Y = "189" T = "0" Pressure = "0" />
		<Point X = "63" Y = "188" T = "0" Pressure = "0" />
		<Point X = "69" Y = "187" T = "0" Pressure = "0" />
		<Point X = "76" Y = "186" T = "0" Pressure = "0" />
		<Point X = "80" Y = "186" T = "0" Pressure = "0" />
		<Point X = "84" Y = "186" T = "0" Pressure = "0" />
		<Point X = "89" Y = "186" T = "0" Pressure = "0" />
		<Point X = "93" Y = "186" T = "0" Pressure = "0" />
		<Point X = "97" Y = "186" T = "0" Pressure = "0" />
		<Point X = "99" Y = "184" T = "0" Pressure = "0" />
		<Point X = "102" Y = "184" T = "0" Pressure = "0" />
		<Point X = "103" Y = "184" T = "0" Pressure = "0" />
		<Point X = "105" Y = "183" T = "0" Pressure = "0" />
		<Point X = "106" Y = "183" T = "0" Pressure = "0" />
		<Point X = "107" Y = "183" T = "0" Pressure = "0" />
		<Point X = "108" Y = "183" T = "0" Pressure = "0" />
		<Point X = "109" Y = "183" T = "0" Pressure = "0" />
	</Stroke>
</Gesture>
