<?xml version="1.0" encoding="utf-8" standalone="yes"?>
<Gesture Name = "l">
	<Stroke>
		<Point X = "28" Y = "24" T = "0" Pressure = "0" />
		<Point X = "28" Y = "25" T = "0" Pressure = "0" />
		<Point X = "28" Y = "29" T = "0" Pressure = "0" />
		<Point X = "28" Y = "33" T = "0" Pressure = "0" />
		<Point X = "28" Y = "38" T = "0" Pressure = "0" />
		<Point X = "28" Y = "43" T = "0" Pressure = "0" />
		<Point X = "28" Y = "51" T = "0" Pressure = "0" />
		<Point X = "30" Y = "60" T = "0" Pressure = "0" />
		<Point X = "30" Y = "68" T = "0" Pressure = "0" />
		<Point X = "31" Y = "78" T = "0" Pressure = "0" />
		<Point X = "33" Y = "89" T = "0" Pressure = "0" />
		<Point X = "33" Y = "101" T = "0" Pressure = "0" />
		<Point X = "33" Y = "111" T = "0" Pressure = "0" />
		<Point X = "33" Y = "120" T = "0" Pressure = "0" />
		<Point X = "33" Y = "129" T = "0" Pressure = "0" />
		<Point X = "33" Y = "133" T = "0" Pressure = "0" />
		<Point X = "33" Y = "137" T = "0" Pressure = "0" />
		<Point X = "33" Y = "139" T = "0" Pressure = "0" />
		<Point X = "35" Y = "141" T = "0" Pressure = "0" />
		<Point X = "35" Y = "142" T = "0" Pressure = "0" />
		<Point X = "35" Y = "143" T = "0" Pressure = "0" />
		<Point X = "35" Y = "144" T = "0" Pressure = "0" />
		<Point X = "35" Y = "145" T = "0" Pressure = "0" />
		<Point X = "35" Y = "146" T = "0" Pressure = "0" />
		<Point X = "36" Y = "146" T = "0" Pressure = "0" />
		<Point X = "37" Y = "146" T = "0" Pressure = "0" />
		<Point X = "38" Y = "146" T = "0" Pressure = "0" />
		<Point X = "40" Y = "146" T = "0" Pressure = "0" />
		<Point X = "43" Y = "146" T = "0" Pressure = "0" />
		<Point X = "46" Y = "146" T = "0" Pressure = "0" />
		<Point X = "49" Y = "146" T = "0" Pressure = "0" />
		<Point X = "55" Y = "146" T = "0" Pressure = "0" />
		<Point X = "65" Y = "146" T = "0" Pressure = "0" />
		<Point X = "77" Y = "150" T = "0" Pressure = "0" />
		<Point X = "90" Y = "153" T = "0" Pressure = "0" />
		<Point X = "99" Y = "154" T = "0" Pressure = "0" />
		<Point X = "106" Y = "155" T = "0" Pressure = "0" />
		<Point X = "109" Y = "155" T = "0" Pressure = "0" />
		<Point X = "111" Y = "155" T = "0" Pressure = "0" />
		<Point X = "113" Y = "155" T = "0" Pressure = "0" />
		<Point X = "114" Y = "155" T = "0" Pressure = "0" />
		<Point X = "115" Y = "155" T = "0" Pressure = "0" />
		<Point X = "115" Y = "156" T = "0" Pressure = "0" />
	</Stroke>
</Gesture>
