<?xml version="1.0" encoding="utf-8" standalone="yes"?>
<Gesture Name = "l">
	<Stroke>
		<Point X = "82" Y = "98" T = "0" Pressure = "0" />
		<Point X = "81" Y = "103" T = "0" Pressure = "0" />
		<Point X = "81" Y = "106" T = "0" Pressure = "0" />
		<Point X = "81" Y = "110" T = "0" Pressure = "0" />
		<Point X = "80" Y = "117" T = "0" Pressure = "0" />
		<Point X = "80" Y = "126" T = "0" Pressure = "0" />
		<Point X = "80" Y = "137" T = "0" Pressure = "0" />
		<Point X = "80" Y = "149" T = "0" Pressure = "0" />
		<Point X = "80" Y = "163" T = "0" Pressure = "0" />
		<Point X = "80" Y = "178" T = "0" Pressure = "0" />
		<Point X = "80" Y = "196" T = "0" Pressure = "0" />
		<Point X = "80" Y = "210" T = "0" Pressure = "0" />
		<Point X = "80" Y = "218" T = "0" Pressure = "0" />
		<Point X = "80" Y = "222" T = "0" Pressure = "0" />
		<Point X = "80" Y = "223" T = "0" Pressure = "0" />
		<Point X = "83" Y = "224" T = "0" Pressure = "0" />
		<Point X = "91" Y = "224" T = "0" Pressure = "0" />
		<Point X = "102" Y = "226" T = "0" Pressure = "0" />
		<Point X = "116" Y = "227" T = "0" Pressure = "0" />
		<Point X = "127" Y = "228" T = "0" Pressure = "0" />
		<Point X = "141" Y = "232" T = "0" Pressure = "0" />
		<Point X = "153" Y = "233" T = "0" Pressure = "0" />
		<Point X = "166" Y = "234" T = "0" Pressure = "0" />
		<Point X = "178" Y = "237" T = "0" Pressure = "0" />
		<Point X = "189" Y = "238" T = "0" Pressure = "0" />
		<Point X = "198" Y = "240" T = "0" Pressure = "0" />
		<Point X = "199" Y = "240" T = "0" Pressure = "0" />
		<Point X = "199" Y = "241" T = "0" Pressure = "0" />
	</Stroke>
</Gesture>
