<?xml version="1.0" encoding="utf-8" standalone="yes"?>
<Gesture Name = "l">
	<Stroke>
		<Point X = "188" Y = "93" T = "0" Pressure = "0" />
		<Point X = "188" Y = "94" T = "0" Pressure = "0" />
		<Point X = "188" Y = "96" T = "0" Pressure = "0" />
		<Point X = "188" Y = "97" T = "0" Pressure = "0" />
		<Point X = "188" Y = "101" T = "0" Pressure = "0" />
		<Point X = "188" Y = "106" T = "0" Pressure = "0" />
		<Point X = "188" Y = "114" T = "0" Pressure = "0" />
		<Point X = "188" Y = "121" T = "0" Pressure = "0" />
		<Point X = "188" Y = "130" T = "0" Pressure = "0" />
		<Point X = "188" Y = "141" T = "0" Pressure = "0" />
		<Point X = "188" Y = "148" T = "0" Pressure = "0" />
		<Point X = "188" Y = "158" T = "0" Pressure = "0" />
		<Point X = "188" Y = "163" T = "0" Pressure = "0" />
		<Point X = "188" Y = "168" T = "0" Pressure = "0" />
		<Point X = "189" Y = "171" T = "0" Pressure = "0" />
		<Point X = "190" Y = "175" T = "0" Pressure = "0" />
		<Point X = "190" Y = "178" T = "0" Pressure = "0" />
		<Point X = "190" Y = "180" T = "0" Pressure = "0" />
		<Point X = "190" Y = "183" T = "0" Pressure = "0" />
		<Point X = "190" Y = "185" T = "0" Pressure = "0" />
		<Point X = "190" Y = "186" T = "0" Pressure = "0" />
		<Point X = "190" Y = "189" T = "0" Pressure = "0" />
		<Point X = "190" Y = "190" T = "0" Pressure = "0" />
		<Point X = "190" Y = "192" T = "0" Pressure = "0" />
		<Point X = "191" Y = "192" T = "0" Pressure = "0" />
		<Point X = "193" Y = "192" T = "0" Pressure = "0" />
		<Point X = "194" Y = "192" T = "0" Pressure = "0" />
		<Point X = "196" Y = "192" T = "0" Pressure = "0" />
		<Point X = "198" Y = "192" T = "0" Pressure = "0" />
		<Point X = "202" Y = "192" T = "0" Pressure = "0" />
		<Point X = "205" Y = "192" T = "0" Pressure = "0" />
		<Point X = "208" Y = "192" T = "0" Pressure = "0" />
		<Point X = "211" Y = "192" T = "0" Pressure = "0" />
		<Point X = "215" Y = "192" T = "0" Pressure = "0" />
		<Point X = "222" Y = "192" T = "0" Pressure = "0" />
		<Point X = "230" Y = "192" T = "0" Pressure = "0" />
		<Point X = "239" Y = "192" T = "0" Pressure = "0" />
		<Point X = "252" Y = "192" T = "0" Pressure = "0" />
		<Point X = "263" Y = "192" T = "0" Pressure = "0" />
		<Point X = "272" Y = "192" T = "0" Pressure = "0" />
		<Point X = "278" Y = "192" T = "0" Pressure = "0" />
		<Point X = "279" Y = "192" T = "0" Pressure = "0" />
		<Point X = "280" Y = "192" T = "0" Pressure = "0" />
	</Stroke>
</Gesture>
