<?xml version="1.0" encoding="utf-8" standalone="yes"?>
<Gesture Name = "l">
	<Stroke>
		<Point X = "333" Y = "144" T = "0" Pressure = "0" />
		<Point X = "333" Y = "151" T = "0" Pressure = "0" />
		<Point X = "333" Y = "161" T = "0" Pressure = "0" />
		<Point X = "333" Y = "171" T = "0" Pressure = "0" />
		<Point X = "333" Y = "184" T = "0" Pressure = "0" />
		<Point X = "333" Y = "196" T = "0" Pressure = "0" />
		<Point X = "333" Y = "208" T = "0" Pressure = "0" />
		<Point X = "333" Y = "222" T = "0" Pressure = "0" />
		<Point X = "333" Y = "235" T = "0" Pressure = "0" />
		<Point X = "333" Y = "246" T = "0" Pressure = "0" />
		<Point X = "333" Y = "256" T = "0" Pressure = "0" />
		<Point X = "332" Y = "261" T = "0" Pressure = "0" />
		<Point X = "330" Y = "265" T = "0" Pressure = "0" />
		<Point X = "330" Y = "266" T = "0" Pressure = "0" />
		<Point X = "329" Y = "267" T = "0" Pressure = "0" />
		<Point X = "329" Y = "268" T = "0" Pressure = "0" />
		<Point X = "329" Y = "269" T = "0" Pressure = "0" />
		<Point X = "327" Y = "270" T = "0" Pressure = "0" />
		<Point X = "330" Y = "270" T = "0" Pressure = "0" />
		<Point X = "334" Y = "270" T = "0" Pressure = "0" />
		<Point X = "341" Y = "270" T = "0" Pressure = "0" />
		<Point X = "351" Y = "270" T = "0" Pressure = "0" />
		<Point X = "364" Y = "273" T = "0" Pressure = "0" />
		<Point X = "375" Y = "274" T = "0" Pressure = "0" />
		<Point X = "381" Y = "276" T = "0" Pressure = "0" />
		<Point X = "386" Y = "276" T = "0" Pressure = "0" />
		<Point X = "389" Y = "276" T = "0" Pressure = "0" />
		<Point X = "390" Y = "276" T = "0" Pressure = "0" />
		<Point X = "392" Y = "276" T = "0" Pressure = "0" />
		<Point X = "393" Y = "276" T = "0" Pressure = "0" />
		<Point X = "394" Y = "276" T = "0" Pressure = "0" />
		<Point X = "395" Y = "276" T = "0" Pressure = "0" />
		<Point X = "396" Y = "276" T = "0" Pressure = "0" />
	</Stroke>
</Gesture>
