<?xml version="1.0" encoding="utf-8" standalone="yes"?>
<Gesture Name = "l">
	<Stroke>
		<Point X = "105" Y = "72" T = "0" Pressure = "0" />
		<Point X = "105" Y = "75" T = "0" Pressure = "0" />
		<Point X = "106" Y = "78" T = "0" Pressure = "0" />
		<Point X = "107" Y = "80" T = "0" Pressure = "0" />
		<Point X = "107" Y = "83" T = "0" Pressure = "0" />
		<Point X = "107" Y = "84" T = "0" Pressure = "0" />
		<Point X = "108" Y = "84" T = "0" Pressure = "0" />
		<Point X = "109" Y = "86" T = "0" Pressure = "0" />
		<Point X = "109" Y = "87" T = "0" Pressure = "0" />
		<Point X = "109" Y = "90" T = "0" Pressure = "0" />
		<Point X = "109" Y = "93" T = "0" Pressure = "0" />
		<Point X = "109" Y = "94" T = "0" Pressure = "0" />
		<Point X = "109" Y = "98" T = "0" Pressure = "0" />
		<Point X = "110" Y = "103" T = "0" Pressure = "0" />
		<Point X = "110" Y = "106" T = "0" Pressure = "0" />
		<Point X = "110" Y = "110" T = "0" Pressure = "0" />
		<Point X = "110" Y = "114" T = "0" Pressure = "0" />
		<Point X = "110" Y = "118" T = "0" Pressure = "0" />
		<Point X = "110" Y = "122" T = "0" Pressure = "0" />
		<Point X = "110" Y = "127" T = "0" Pressure = "0" />
		<Point X = "110" Y = "132" T = "0" Pressure = "0" />
		<Point X = "110" Y = "136" T = "0" Pressure = "0" />
		<Point X = "110" Y = "145" T = "0" Pressure = "0" />
		<Point X = "109" Y = "153" T = "0" Pressure = "0" />
		<Point X = "108" Y = "162" T = "0" Pressure = "0" />
		<Point X = "107" Y = "169" T = "0" Pressure = "0" />
		<Point X = "107" Y = "175" T = "0" Pressure = "0" />
		<Point X = "105" Y = "180" T = "0" Pressure = "0" />
		<Point X = "105" Y = "181" T = "0" Pressure = "0" />
		<Point X = "104" Y = "184" T = "0" Pressure = "0" />
		<Point X = "104" Y = "185" T = "0" Pressure = "0" />
		<Point X = "104" Y = "187" T = "0" Pressure = "0" />
		<Point X = "104" Y = "189" T = "0" Pressure = "0" />
		<Point X = "104" Y = "192" T = "0" Pressure = "0" />
		<Point X = "104" Y = "193" T = "0" Pressure = "0" />
		<Point X = "104" Y = "196" T = "0" Pressure = "0" />
		<Point X = "104" Y = "198" T = "0" Pressure = "0" />
		<Point X = "104" Y = "199" T = "0" Pressure = "0" />
		<Point X = "104" Y = "200" T = "0" Pressure = "0" />
		<Point X = "104" Y = "201" T = "0" Pressure = "0" />
		<Point X = "104" Y = "202" T = "0" Pressure = "0" />
		<Point X = "104" Y = "204" T = "0" Pressure = "0" />
		<Point X = "104" Y = "206" T = "0" Pressure = "0" />
		<Point X = "104" Y = "208" T = "0" Pressure = "0" />
		<Point X = "104" Y = "209" T = "0" Pressure = "0" />
		<Point X = "104" Y = "210" T = "0" Pressure = "0" />
		<Point X = "105" Y = "211" T = "0" Pressure = "0" />
		<Point X = "107" Y = "211" T = "0" Pressure = "0" />
		<Point X = "108" Y = "211" T = "0" Pressure = "0" />
		<Point X = "111" Y = "211" T = "0" Pressure = "0" />
		<Point X = "116" Y = "211" T = "0" Pressure = "0" />
		<Point X = "125" Y = "213" T = "0" Pressure = "0" />
		<Point X = "137" Y = "215" T = "0" Pressure = "0" />
		<Point X = "149" Y = "216" T = "0" Pressure = "0" />
		<Point X = "163" Y = "218" T = "0" Pressure = "0" />
		<Point X = "176" Y = "221" T = "0" Pressure = "0" />
		<Point X = "187" Y = "222" T = "0" Pressure = "0" />
		<Point X = "195" Y = "224" T = "0" Pressure = "0" />
		<Point X = "205" Y = "225" T = "0" Pressure = "0" />
		<Point X = "214" Y = "225" T = "0" Pressure = "0" />
		<Point X = "220" Y = "226" T = "0" Pressure = "0" />
		<Point X = "227" Y = "226" T = "0" Pressure = "0" />
		<Point X = "232" Y = "226" T = "0" Pressure = "0" />
		<Point X = "237" Y = "226" T = "0" Pressure = "0" />
		<Point X = "239" Y = "226" T = "0" Pressure = "0" />
		<Point X = "240" Y = "226" T = "0" Pressure = "0" />
		<Point X = "241" Y = "226" T = "0" Pressure = "0" />
	</Stroke>
</Gesture>
