<?xml version="1.0" encoding="utf-8" standalone="yes"?>
<Gesture Name = "l">
	<Stroke>
		<Point X = "26" Y = "68" T = "0" Pressure = "0" />
		<Point X = "30" Y = "75" T = "0" Pressure = "0" />
		<Point X = "33" Y = "81" T = "0" Pressure = "0" />
		<Point X = "34" Y = "86" T = "0" Pressure = "0" />
		<Point X = "35" Y = "91" T = "0" Pressure = "0" />
		<Point X = "35" Y = "95" T = "0" Pressure = "0" />
		<Point X = "36" Y = "100" T = "0" Pressure = "0" />
		<Point X = "36" Y = "104" T = "0" Pressure = "0" />
		<Point X = "36" Y = "108" T = "0" Pressure = "0" />
		<Point X = "36" Y = "113" T = "0" Pressure = "0" />
		<Point X = "36" Y = "117" T = "0" Pressure = "0" />
		<Point X = "36" Y = "121" T = "0" Pressure = "0" />
		<Point X = "34" Y = "128" T = "0" Pressure = "0" />
		<Point X = "34" Y = "131" T = "0" Pressure = "0" />
		<Point X = "34" Y = "134" T = "0" Pressure = "0" />
		<Point X = "34" Y = "137" T = "0" Pressure = "0" />
		<Point X = "34" Y = "139" T = "0" Pressure = "0" />
		<Point X = "34" Y = "141" T = "0" Pressure = "0" />
		<Point X = "34" Y = "142" T = "0" Pressure = "0" />
		<Point X = "34" Y = "144" T = "0" Pressure = "0" />
		<Point X = "34" Y = "145" T = "0" Pressure = "0" />
		<Point X = "34" Y = "147" T = "0" Pressure = "0" />
		<Point X = "34" Y = "148" T = "0" Pressure = "0" />
		<Point X = "34" Y = "149" T = "0" Pressure = "0" />
		<Point X = "34" Y = "150" T = "0" Pressure = "0" />
		<Point X = "34" Y = "151" T = "0" Pressure = "0" />
		<Point X = "34" Y = "152" T = "0" Pressure = "0" />
		<Point X = "34" Y = "153" T = "0" Pressure = "0" />
		<Point X = "34" Y = "155" T = "0" Pressure = "0" />
		<Point X = "34" Y = "157" T = "0" Pressure = "0" />
		<Point X = "34" Y = "160" T = "0" Pressure = "0" />
		<Point X = "34" Y = "163" T = "0" Pressure = "0" />
		<Point X = "34" Y = "165" T = "0" Pressure = "0" />
		<Point X = "34" Y = "169" T = "0" Pressure = "0" />
		<Point X = "34" Y = "175" T = "0" Pressure = "0" />
		<Point X = "34" Y = "178" T = "0" Pressure = "0" />
		<Point X = "34" Y = "180" T = "0" Pressure = "0" />
		<Point X = "34" Y = "182" T = "0" Pressure = "0" />
		<Point X = "34" Y = "184" T = "0" Pressure = "0" />
		<Point X = "34" Y = "185" T = "0" Pressure = "0" />
		<Point X = "34" Y = "186" T = "0" Pressure = "0" />
		<Point X = "34" Y = "187" T = "0" Pressure = "0" />
		<Point X = "34" Y = "188" T = "0" Pressure = "0" />
		<Point X = "33" Y = "189" T = "0" Pressure = "0" />
		<Point X = "33" Y = "191" T = "0" Pressure = "0" />
		<Point X = "33" Y = "192" T = "0" Pressure = "0" />
		<Point X = "34" Y = "192" T = "0" Pressure = "0" />
		<Point X = "36" Y = "192" T = "0" Pressure = "0" />
		<Point X = "41" Y = "192" T = "0" Pressure = "0" />
		<Point X = "48" Y = "192" T = "0" Pressure = "0" />
		<Point X = "57" Y = "192" T = "0" Pressure = "0" />
		<Point X = "67" Y = "192" T = "0" Pressure = "0" />
		<Point X = "73" Y = "194" T = "0" Pressure = "0" />
		<Point X = "76" Y = "194" T = "0" Pressure = "0" />
		<Point X = "79" Y = "194" T = "0" Pressure = "0" />
		<Point X = "80" Y = "194" T = "0" Pressure = "0" />
		<Point X = "81" Y = "194" T = "0" Pressure = "0" />
		<Point X = "83" Y = "194" T = "0" Pressure = "0" />
		<Point X = "84" Y = "194" T = "0" Pressure = "0" />
		<Point X = "86" Y = "194" T = "0" Pressure = "0" />
		<Point X = "91" Y = "195" T = "0" Pressure = "0" />
		<Point X = "92" Y = "195" T = "0" Pressure = "0" />
		<Point X = "93" Y = "195" T = "0" Pressure = "0" />
		<Point X = "94" Y = "195" T = "0" Pressure = "0" />
		<Point X = "95" Y = "195" T = "0" Pressure = "0" />
	</Stroke>
</Gesture>
