<?xml version="1.0" encoding="utf-8" standalone="yes"?>
<Gesture Name = "l">
	<Stroke>
		<Point X = "254" Y = "69" T = "0" Pressure = "0" />
		<Point X = "254" Y = "72" T = "0" Pressure = "0" />
		<Point X = "254" Y = "76" T = "0" Pressure = "0" />
		<Point X = "254" Y = "80" T = "0" Pressure = "0" />
		<Point X = "256" Y = "82" T = "0" Pressure = "0" />
		<Point X = "256" Y = "86" T = "0" Pressure = "0" />
		<Point X = "256" Y = "89" T = "0" Pressure = "0" />
		<Point X = "256" Y = "94" T = "0" Pressure = "0" />
		<Point X = "257" Y = "98" T = "0" Pressure = "0" />
		<Point X = "257" Y = "101" T = "0" Pressure = "0" />
		<Point X = "257" Y = "105" T = "0" Pressure = "0" />
		<Point X = "257" Y = "107" T = "0" Pressure = "0" />
		<Point X = "257" Y = "110" T = "0" Pressure = "0" />
		<Point X = "257" Y = "114" T = "0" Pressure = "0" />
		<Point X = "257" Y = "118" T = "0" Pressure = "0" />
		<Point X = "257" Y = "121" T = "0" Pressure = "0" />
		<Point X = "257" Y = "124" T = "0" Pressure = "0" />
		<Point X = "257" Y = "126" T = "0" Pressure = "0" />
		<Point X = "257" Y = "129" T = "0" Pressure = "0" />
		<Point X = "257" Y = "133" T = "0" Pressure = "0" />
		<Point X = "257" Y = "136" T = "0" Pressure = "0" />
		<Point X = "256" Y = "137" T = "0" Pressure = "0" />
		<Point X = "256" Y = "139" T = "0" Pressure = "0" />
		<Point X = "256" Y = "141" T = "0" Pressure = "0" />
		<Point X = "255" Y = "144" T = "0" Pressure = "0" />
		<Point X = "255" Y = "145" T = "0" Pressure = "0" />
		<Point X = "255" Y = "146" T = "0" Pressure = "0" />
		<Point X = "255" Y = "147" T = "0" Pressure = "0" />
		<Point X = "255" Y = "148" T = "0" Pressure = "0" />
		<Point X = "255" Y = "149" T = "0" Pressure = "0" />
		<Point X = "255" Y = "150" T = "0" Pressure = "0" />
		<Point X = "255" Y = "151" T = "0" Pressure = "0" />
		<Point X = "255" Y = "152" T = "0" Pressure = "0" />
		<Point X = "254" Y = "153" T = "0" Pressure = "0" />
		<Point X = "253" Y = "154" T = "0" Pressure = "0" />
		<Point X = "254" Y = "155" T = "0" Pressure = "0" />
		<Point X = "255" Y = "156" T = "0" Pressure = "0" />
		<Point X = "255" Y = "157" T = "0" Pressure = "0" />
		<Point X = "256" Y = "158" T = "0" Pressure = "0" />
		<Point X = "257" Y = "159" T = "0" Pressure = "0" />
		<Point X = "258" Y = "159" T = "0" Pressure = "0" />
		<Point X = "259" Y = "160" T = "0" Pressure = "0" />
		<Point X = "260" Y = "160" T = "0" Pressure = "0" />
		<Point X = "260" Y = "161" T = "0" Pressure = "0" />
		<Point X = "261" Y = "161" T = "0" Pressure = "0" />
		<Point X = "262" Y = "161" T = "0" Pressure = "0" />
		<Point X = "264" Y = "162" T = "0" Pressure = "0" />
		<Point X = "266" Y = "163" T = "0" Pressure = "0" />
		<Point X = "268" Y = "163" T = "0" Pressure = "0" />
		<Point X = "272" Y = "163" T = "0" Pressure = "0" />
		<Point X = "276" Y = "163" T = "0" Pressure = "0" />
		<Point X = "280" Y = "163" T = "0" Pressure = "0" />
		<Point X = "286" Y = "163" T = "0" Pressure = "0" />
		<Point X = "291" Y = "163" T = "0" Pressure = "0" />
		<Point X = "299" Y = "163" T = "0" Pressure = "0" />
		<Point X = "306" Y = "163" T = "0" Pressure = "0" />
		<Point X = "313" Y = "164" T = "0" Pressure = "0" />
		<Point X = "319" Y = "164" T = "0" Pressure = "0" />
		<Point X = "323" Y = "164" T = "0" Pressure = "0" />
		<Point X = "324" Y = "164" T = "0" Pressure = "0" />
		<Point X = "325" Y = "164" T = "0" Pressure = "0" />
	</Stroke>
</Gesture>
