<?xml version="1.0" encoding="utf-8" standalone="yes"?>
<Gesture Name = "l">
	<Stroke>
		<Point X = "330" Y = "227" T = "0" Pressure = "0" />
		<Point X = "330" Y = "240" T = "0" Pressure = "0" />
		<Point X = "330" Y = "256" T = "0" Pressure = "0" />
		<Point X = "328" Y = "275" T = "0" Pressure = "0" />
		<Point X = "325" Y = "296" T = "0" Pressure = "0" />
		<Point X = "324" Y = "311" T = "0" Pressure = "0" />
		<Point X = "322" Y = "324" T = "0" Pressure = "0" />
		<Point X = "320" Y = "334" T = "0" Pressure = "0" />
		<Point X = "320" Y = "339" T = "0" Pressure = "0" />
		<Point X = "320" Y = "345" T = "0" Pressure = "0" />
		<Point X = "320" Y = "347" T = "0" Pressure = "0" />
		<Point X = "320" Y = "349" T = "0" Pressure = "0" />
		<Point X = "320" Y = "351" T = "0" Pressure = "0" />
		<Point X = "320" Y = "353" T = "0" Pressure = "0" />
		<Point X = "320" Y = "354" T = "0" Pressure = "0" />
		<Point X = "320" Y = "355" T = "0" Pressure = "0" />
		<Point X = "320" Y = "356" T = "0" Pressure = "0" />
		<Point X = "322" Y = "356" T = "0" Pressure = "0" />
		<Point X = "324" Y = "356" T = "0" Pressure = "0" />
		<Point X = "326" Y = "356" T = "0" Pressure = "0" />
		<Point X = "329" Y = "355" T = "0" Pressure = "0" />
		<Point X = "332" Y = "355" T = "0" Pressure = "0" />
		<Point X = "336" Y = "353" T = "0" Pressure = "0" />
		<Point X = "345" Y = "350" T = "0" Pressure = "0" />
		<Point X = "351" Y = "349" T = "0" Pressure = "0" />
		<Point X = "356" Y = "349" T = "0" Pressure = "0" />
		<Point X = "360" Y = "348" T = "0" Pressure = "0" />
		<Point X = "362" Y = "348" T = "0" Pressure = "0" />
		<Point X = "363" Y = "348" T = "0" Pressure = "0" />
		<Point X = "366" Y = "348" T = "0" Pressure = "0" />
		<Point X = "367" Y = "348" T = "0" Pressure = "0" />
		<Point X = "370" Y = "348" T = "0" Pressure = "0" />
		<Point X = "374" Y = "348" T = "0" Pressure = "0" />
		<Point X = "377" Y = "348" T = "0" Pressure = "0" />
		<Point X = "379" Y = "348" T = "0" Pressure = "0" />
		<Point X = "382" Y = "348" T = "0" Pressure = "0" />
		<Point X = "384" Y = "348" T = "0" Pressure = "0" />
		<Point X = "385" Y = "348" T = "0" Pressure = "0" />
		<Point X = "386" Y = "348" T = "0" Pressure = "0" />
	</Stroke>
</Gesture>
