<?xml version="1.0" encoding="utf-8" standalone="yes"?>
<Gesture Name = "l">
	<Stroke>
		<Point X = "366" Y = "18" T = "0" Pressure = "0" />
		<Point X = "366" Y = "20" T = "0" Pressure = "0" />
		<Point X = "366" Y = "24" T = "0" Pressure = "0" />
		<Point X = "366" Y = "25" T = "0" Pressure = "0" />
		<Point X = "366" Y = "28" T = "0" Pressure = "0" />
		<Point X = "366" Y = "29" T = "0" Pressure = "0" />
		<Point X = "366" Y = "32" T = "0" Pressure = "0" />
		<Point X = "366" Y = "36" T = "0" Pressure = "0" />
		<Point X = "366" Y = "39" T = "0" Pressure = "0" />
		<Point X = "366" Y = "44" T = "0" Pressure = "0" />
		<Point X = "366" Y = "48" T = "0" Pressure = "0" />
		<Point X = "366" Y = "53" T = "0" Pressure = "0" />
		<Point X = "366" Y = "57" T = "0" Pressure = "0" />
		<Point X = "366" Y = "60" T = "0" Pressure = "0" />
		<Point X = "366" Y = "64" T = "0" Pressure = "0" />
		<Point X = "366" Y = "67" T = "0" Pressure = "0" />
		<Point X = "366" Y = "69" T = "0" Pressure = "0" />
		<Point X = "366" Y = "73" T = "0" Pressure = "0" />
		<Point X = "366" Y = "78" T = "0" Pressure = "0" />
		<Point X = "366" Y = "81" T = "0" Pressure = "0" />
		<Point X = "366" Y = "84" T = "0" Pressure = "0" />
		<Point X = "366" Y = "87" T = "0" Pressure = "0" />
		<Point X = "366" Y = "89" T = "0" Pressure = "0" />
		<Point X = "366" Y = "90" T = "0" Pressure = "0" />
		<Point X = "366" Y = "92" T = "0" Pressure = "0" />
		<Point X = "367" Y = "92" T = "0" Pressure = "0" />
		<Point X = "367" Y = "93" T = "0" Pressure = "0" />
		<Point X = "368" Y = "94" T = "0" Pressure = "0" />
		<Point X = "369" Y = "94" T = "0" Pressure = "0" />
		<Point X = "371" Y = "94" T = "0" Pressure = "0" />
		<Point X = "372" Y = "94" T = "0" Pressure = "0" />
		<Point X = "374" Y = "94" T = "0" Pressure = "0" />
		<Point X = "375" Y = "94" T = "0" Pressure = "0" />
		<Point X = "377" Y = "94" T = "0" Pressure = "0" />
		<Point X = "378" Y = "94" T = "0" Pressure = "0" />
		<Point X = "380" Y = "95" T = "0" Pressure = "0" />
		<Point X = "383" Y = "95" T = "0" Pressure = "0" />
		<Point X = "388" Y = "96" T = "0" Pressure = "0" />
		<Point X = "394" Y = "99" T = "0" Pressure = "0" />
		<Point X = "399" Y = "99" T = "0" Pressure = "0" />
		<Point X = "402" Y = "99" T = "0" Pressure = "0" />
		<Point X = "403" Y = "99" T = "0" Pressure = "0" />
		<Point X = "406" Y = "99" T = "0" Pressure = "0" />
		<Point X = "407" Y = "99" T = "0" Pressure = "0" />
		<Point X = "410" Y = "99" T = "0" Pressure = "0" />
		<Point X = "414" Y = "99" T = "0" Pressure = "0" />
		<Point X = "417" Y = "99" T = "0" Pressure = "0" />
		<Point X = "419" Y = "99" T = "0" Pressure = "0" />
		<Point X = "422" Y = "99" T = "0" Pressure = "0" />
		<Point X = "423" Y = "99" T = "0" Pressure = "0" />
	</Stroke>
</Gesture>
