<?xml version="1.0" encoding="utf-8" standalone="yes"?>
<Gesture Name = "l">
	<Stroke>
		<Point X = "29" Y = "165" T = "0" Pressure = "0" />
		<Point X = "28" Y = "170" T = "0" Pressure = "0" />
		<Point X = "27" Y = "178" T = "0" Pressure = "0" />
		<Point X = "26" Y = "188" T = "0" Pressure = "0" />
		<Point X = "25" Y = "198" T = "0" Pressure = "0" />
		<Point X = "25" Y = "210" T = "0" Pressure = "0" />
		<Point X = "25" Y = "222" T = "0" Pressure = "0" />
		<Point X = "26" Y = "233" T = "0" Pressure = "0" />
		<Point X = "28" Y = "247" T = "0" Pressure = "0" />
		<Point X = "32" Y = "261" T = "0" Pressure = "0" />
		<Point X = "32" Y = "270" T = "0" Pressure = "0" />
		<Point X = "33" Y = "277" T = "0" Pressure = "0" />
		<Point X = "35" Y = "285" T = "0" Pressure = "0" />
		<Point X = "35" Y = "290" T = "0" Pressure = "0" />
		<Point X = "36" Y = "292" T = "0" Pressure = "0" />
		<Point X = "37" Y = "295" T = "0" Pressure = "0" />
		<Point X = "37" Y = "296" T = "0" Pressure = "0" />
		<Point X = "38" Y = "296" T = "0" Pressure = "0" />
		<Point X = "39" Y = "296" T = "0" Pressure = "0" />
		<Point X = "40" Y = "296" T = "0" Pressure = "0" />
		<Point X = "42" Y = "296" T = "0" Pressure = "0" />
		<Point X = "43" Y = "296" T = "0" Pressure = "0" />
		<Point X = "44" Y = "296" T = "0" Pressure = "0" />
		<Point X = "47" Y = "296" T = "0" Pressure = "0" />
		<Point X = "50" Y = "296" T = "0" Pressure = "0" />
		<Point X = "54" Y = "296" T = "0" Pressure = "0" />
		<Point X = "59" Y = "296" T = "0" Pressure = "0" />
		<Point X = "67" Y = "296" T = "0" Pressure = "0" />
		<Point X = "78" Y = "296" T = "0" Pressure = "0" />
		<Point X = "92" Y = "296" T = "0" Pressure = "0" />
		<Point X = "106" Y = "299" T = "0" Pressure = "0" />
		<Point X = "115" Y = "301" T = "0" Pressure = "0" />
		<Point X = "127" Y = "305" T = "0" Pressure = "0" />
		<Point X = "135" Y = "307" T = "0" Pressure = "0" />
		<Point X = "140" Y = "308" T = "0" Pressure = "0" />
		<Point X = "141" Y = "309" T = "0" Pressure = "0" />
		<Point X = "141" Y = "310" T = "0" Pressure = "0" />
	</Stroke>
</Gesture>
