<?xml version="1.0" encoding="utf-8" standalone="yes"?>
<Gesture Name = "l">
	<Stroke>
		<Point X = "24" Y = "29" T = "0" Pressure = "0" />
		<Point X = "24" Y = "31" T = "0" Pressure = "0" />
		<Point X = "24" Y = "35" T = "0" Pressure = "0" />
		<Point X = "22" Y = "43" T = "0" Pressure = "0" />
		<Point X = "19" Y = "53" T = "0" Pressure = "0" />
		<Point X = "19" Y = "62" T = "0" Pressure = "0" />
		<Point X = "18" Y = "71" T = "0" Pressure = "0" />
		<Point X = "17" Y = "81" T = "0" Pressure = "0" />
		<Point X = "17" Y = "90" T = "0" Pressure = "0" />
		<Point X = "17" Y = "99" T = "0" Pressure = "0" />
		<Point X = "17" Y = "107" T = "0" Pressure = "0" />
		<Point X = "17" Y = "114" T = "0" Pressure = "0" />
		<Point X = "17" Y = "122" T = "0" Pressure = "0" />
		<Point X = "17" Y = "129" T = "0" Pressure = "0" />
		<Point X = "17" Y = "136" T = "0" Pressure = "0" />
		<Point X = "17" Y = "140" T = "0" Pressure = "0" />
		<Point X = "17" Y = "142" T = "0" Pressure = "0" />
		<Point X = "17" Y = "143" T = "0" Pressure = "0" />
		<Point X = "17" Y = "144" T = "0" Pressure = "0" />
		<Point X = "17" Y = "145" T = "0" Pressure = "0" />
		<Point X = "18" Y = "145" T = "0" Pressure = "0" />
		<Point X = "18" Y = "146" T = "0" Pressure = "0" />
		<Point X = "19" Y = "146" T = "0" Pressure = "0" />
		<Point X = "21" Y = "146" T = "0" Pressure = "0" />
		<Point X = "22" Y = "146" T = "0" Pressure = "0" />
		<Point X = "24" Y = "146" T = "0" Pressure = "0" />
		<Point X = "25" Y = "146" T = "0" Pressure = "0" />
		<Point X = "27" Y = "146" T = "0" Pressure = "0" />
		<Point X = "29" Y = "146" T = "0" Pressure = "0" />
		<Point X = "32" Y = "146" T = "0" Pressure = "0" />
		<Point X = "36" Y = "146" T = "0" Pressure = "0" />
		<Point X = "44" Y = "146" T = "0" Pressure = "0" />
		<Point X = "55" Y = "146" T = "0" Pressure = "0" />
		<Point X = "76" Y = "146" T = "0" Pressure = "0" />
		<Point X = "95" Y = "146" T = "0" Pressure = "0" />
		<Point X = "112" Y = "146" T = "0" Pressure = "0" />
		<Point X = "123" Y = "146" T = "0" Pressure = "0" />
		<Point X = "129" Y = "146" T = "0" Pressure = "0" />
		<Point X = "133" Y = "146" T = "0" Pressure = "0" />
		<Point X = "134" Y = "146" T = "0" Pressure = "0" />
		<Point X = "134" Y = "147" T = "0" Pressure = "0" />
		<Point X = "133" Y = "147" T = "0" Pressure = "0" />
		<Point X = "131" Y = "147" T = "0" Pressure = "0" />
	</Stroke>
</Gesture>
