<?xml version="1.0" encoding="utf-8" standalone="yes"?>
<Gesture Name = "l">
	<Stroke>
		<Point X = "130" Y = "57" T = "0" Pressure = "0" />
		<Point X = "131" Y = "57" T = "0" Pressure = "0" />
		<Point X = "132" Y = "57" T = "0" Pressure = "0" />
		<Point X = "134" Y = "57" T = "0" Pressure = "0" />
		<Point X = "134" Y = "60" T = "0" Pressure = "0" />
		<Point X = "134" Y = "62" T = "0" Pressure = "0" />
		<Point X = "134" Y = "66" T = "0" Pressure = "0" />
		<Point X = "134" Y = "70" T = "0" Pressure = "0" />
		<Point X = "134" Y = "73" T = "0" Pressure = "0" />
		<Point X = "134" Y = "77" T = "0" Pressure = "0" />
		<Point X = "134" Y = "85" T = "0" Pressure = "0" />
		<Point X = "134" Y = "91" T = "0" Pressure = "0" />
		<Point X = "134" Y = "97" T = "0" Pressure = "0" />
		<Point X = "134" Y = "103" T = "0" Pressure = "0" />
		<Point X = "134" Y = "110" T = "0" Pressure = "0" />
		<Point X = "134" Y = "114" T = "0" Pressure = "0" />
		<Point X = "134" Y = "118" T = "0" Pressure = "0" />
		<Point X = "134" Y = "121" T = "0" Pressure = "0" />
		<Point X = "134" Y = "125" T = "0" Pressure = "0" />
		<Point X = "133" Y = "127" T = "0" Pressure = "0" />
		<Point X = "132" Y = "129" T = "0" Pressure = "0" />
		<Point X = "132" Y = "131" T = "0" Pressure = "0" />
		<Point X = "131" Y = "131" T = "0" Pressure = "0" />
		<Point X = "130" Y = "132" T = "0" Pressure = "0" />
		<Point X = "130" Y = "134" T = "0" Pressure = "0" />
		<Point X = "130" Y = "137" T = "0" Pressure = "0" />
		<Point X = "130" Y = "140" T = "0" Pressure = "0" />
		<Point X = "130" Y = "143" T = "0" Pressure = "0" />
		<Point X = "130" Y = "148" T = "0" Pressure = "0" />
		<Point X = "130" Y = "154" T = "0" Pressure = "0" />
		<Point X = "130" Y = "160" T = "0" Pressure = "0" />
		<Point X = "130" Y = "166" T = "0" Pressure = "0" />
		<Point X = "130" Y = "172" T = "0" Pressure = "0" />
		<Point X = "130" Y = "178" T = "0" Pressure = "0" />
		<Point X = "130" Y = "183" T = "0" Pressure = "0" />
		<Point X = "130" Y = "187" T = "0" Pressure = "0" />
		<Point X = "130" Y = "192" T = "0" Pressure = "0" />
		<Point X = "130" Y = "198" T = "0" Pressure = "0" />
		<Point X = "130" Y = "204" T = "0" Pressure = "0" />
		<Point X = "130" Y = "210" T = "0" Pressure = "0" />
		<Point X = "130" Y = "215" T = "0" Pressure = "0" />
		<Point X = "130" Y = "219" T = "0" Pressure = "0" />
		<Point X = "130" Y = "224" T = "0" Pressure = "0" />
		<Point X = "130" Y = "228" T = "0" Pressure = "0" />
		<Point X = "130" Y = "232" T = "0" Pressure = "0" />
		<Point X = "130" Y = "236" T = "0" Pressure = "0" />
		<Point X = "130" Y = "240" T = "0" Pressure = "0" />
		<Point X = "130" Y = "243" T = "0" Pressure = "0" />
		<Point X = "130" Y = "248" T = "0" Pressure = "0" />
		<Point X = "130" Y = "251" T = "0" Pressure = "0" />
		<Point X = "130" Y = "255" T = "0" Pressure = "0" />
		<Point X = "130" Y = "256" T = "0" Pressure = "0" />
		<Point X = "130" Y = "258" T = "0" Pressure = "0" />
		<Point X = "130" Y = "261" T = "0" Pressure = "0" />
		<Point X = "130" Y = "263" T = "0" Pressure = "0" />
		<Point X = "130" Y = "265" T = "0" Pressure = "0" />
		<Point X = "130" Y = "266" T = "0" Pressure = "0" />
		<Point X = "130" Y = "268" T = "0" Pressure = "0" />
		<Point X = "130" Y = "271" T = "0" Pressure = "0" />
		<Point X = "129" Y = "274" T = "0" Pressure = "0" />
		<Point X = "129" Y = "279" T = "0" Pressure = "0" />
		<Point X = "128" Y = "283" T = "0" Pressure = "0" />
		<Point X = "126" Y = "288" T = "0" Pressure = "0" />
		<Point X = "126" Y = "290" T = "0" Pressure = "0" />
		<Point X = "126" Y = "291" T = "0" Pressure = "0" />
		<Point X = "125" Y = "291" T = "0" Pressure = "0" />
		<Point X = "125" Y = "292" T = "0" Pressure = "0" />
		<Point X = "126" Y = "292" T = "0" Pressure = "0" />
		<Point X = "128" Y = "292" T = "0" Pressure = "0" />
		<Point X = "133" Y = "294" T = "0" Pressure = "0" />
		<Point X = "138" Y = "295" T = "0" Pressure = "0" />
		<Point X = "150" Y = "299" T = "0" Pressure = "0" />
		<Point X = "161" Y = "300" T = "0" Pressure = "0" />
		<Point X = "172" Y = "301" T = "0" Pressure = "0" />
		<Point X = "183" Y = "302" T = "0" Pressure = "0" />
		<Point X = "192" Y = "305" T = "0" Pressure = "0" />
		<Point X = "204" Y = "307" T = "0" Pressure = "0" />
		<Point X = "211" Y = "311" T = "0" Pressure = "0" />
		<Point X = "215" Y = "312" T = "0" Pressure = "0" />
		<Point X = "220" Y = "312" T = "0" Pressure = "0" />
		<Point X = "222" Y = "312" T = "0" Pressure = "0" />
		<Point X = "223" Y = "312" T = "0" Pressure = "0" />
		<Point X = "225" Y = "312" T = "0" Pressure = "0" />
		<Point X = "229" Y = "312" T = "0" Pressure = "0" />
		<Point X = "232" Y = "312" T = "0" Pressure = "0" />
		<Point X = "235" Y = "312" T = "0" Pressure = "0" />
		<Point X = "238" Y = "312" T = "0" Pressure = "0" />
		<Point X = "241" Y = "312" T = "0" Pressure = "0" />
		<Point X = "242" Y = "312" T = "0" Pressure = "0" />
		<Point X = "244" Y = "312" T = "0" Pressure = "0" />
		<Point X = "245" Y = "312" T = "0" Pressure = "0" />
		<Point X = "248" Y = "314" T = "0" Pressure = "0" />
		<Point X = "250" Y = "315" T = "0" Pressure = "0" />
		<Point X = "258" Y = "315" T = "0" Pressure = "0" />
		<Point X = "270" Y = "319" T = "0" Pressure = "0" />
		<Point X = "286" Y = "323" T = "0" Pressure = "0" />
		<Point X = "306" Y = "328" T = "0" Pressure = "0" />
		<Point X = "319" Y = "332" T = "0" Pressure = "0" />
		<Point X = "333" Y = "334" T = "0" Pressure = "0" />
		<Point X = "340" Y = "334" T = "0" Pressure = "0" />
		<Point X = "346" Y = "334" T = "0" Pressure = "0" />
		<Point X = "349" Y = "334" T = "0" Pressure = "0" />
		<Point X = "348" Y = "334" T = "0" Pressure = "0" />
		<Point X = "348" Y = "333" T = "0" Pressure = "0" />
	</Stroke>
</Gesture>
