<?xml version="1.0" encoding="utf-8" standalone="yes"?>
<Gesture Name = "l">
	<Stroke>
		<Point X = "44" Y = "161" T = "0" Pressure = "0" />
		<Point X = "44" Y = "164" T = "0" Pressure = "0" />
		<Point X = "44" Y = "165" T = "0" Pressure = "0" />
		<Point X = "44" Y = "167" T = "0" Pressure = "0" />
		<Point X = "44" Y = "170" T = "0" Pressure = "0" />
		<Point X = "44" Y = "172" T = "0" Pressure = "0" />
		<Point X = "44" Y = "176" T = "0" Pressure = "0" />
		<Point X = "45" Y = "181" T = "0" Pressure = "0" />
		<Point X = "45" Y = "188" T = "0" Pressure = "0" />
		<Point X = "47" Y = "196" T = "0" Pressure = "0" />
		<Point X = "47" Y = "204" T = "0" Pressure = "0" />
		<Point X = "49" Y = "213" T = "0" Pressure = "0" />
		<Point X = "49" Y = "221" T = "0" Pressure = "0" />
		<Point X = "49" Y = "227" T = "0" Pressure = "0" />
		<Point X = "49" Y = "234" T = "0" Pressure = "0" />
		<Point X = "49" Y = "239" T = "0" Pressure = "0" />
		<Point X = "49" Y = "243" T = "0" Pressure = "0" />
		<Point X = "49" Y = "246" T = "0" Pressure = "0" />
		<Point X = "49" Y = "250" T = "0" Pressure = "0" />
		<Point X = "49" Y = "253" T = "0" Pressure = "0" />
		<Point X = "49" Y = "255" T = "0" Pressure = "0" />
		<Point X = "49" Y = "256" T = "0" Pressure = "0" />
		<Point X = "49" Y = "257" T = "0" Pressure = "0" />
		<Point X = "48" Y = "259" T = "0" Pressure = "0" />
		<Point X = "48" Y = "261" T = "0" Pressure = "0" />
		<Point X = "46" Y = "263" T = "0" Pressure = "0" />
		<Point X = "46" Y = "265" T = "0" Pressure = "0" />
		<Point X = "46" Y = "266" T = "0" Pressure = "0" />
		<Point X = "46" Y = "267" T = "0" Pressure = "0" />
		<Point X = "46" Y = "268" T = "0" Pressure = "0" />
		<Point X = "47" Y = "269" T = "0" Pressure = "0" />
		<Point X = "48" Y = "269" T = "0" Pressure = "0" />
		<Point X = "51" Y = "269" T = "0" Pressure = "0" />
		<Point X = "52" Y = "269" T = "0" Pressure = "0" />
		<Point X = "56" Y = "269" T = "0" Pressure = "0" />
		<Point X = "59" Y = "269" T = "0" Pressure = "0" />
		<Point X = "65" Y = "272" T = "0" Pressure = "0" />
		<Point X = "69" Y = "272" T = "0" Pressure = "0" />
		<Point X = "75" Y = "273" T = "0" Pressure = "0" />
		<Point X = "85" Y = "274" T = "0" Pressure = "0" />
		<Point X = "90" Y = "274" T = "0" Pressure = "0" />
		<Point X = "98" Y = "274" T = "0" Pressure = "0" />
		<Point X = "104" Y = "274" T = "0" Pressure = "0" />
		<Point X = "107" Y = "274" T = "0" Pressure = "0" />
		<Point X = "108" Y = "274" T = "0" Pressure = "0" />
		<Point X = "110" Y = "274" T = "0" Pressure = "0" />
		<Point X = "111" Y = "274" T = "0" Pressure = "0" />
		<Point X = "113" Y = "274" T = "0" Pressure = "0" />
	</Stroke>
</Gesture>
