<?xml version="1.0" encoding="utf-8" standalone="yes"?>
<Gesture Name = "l">
	<Stroke>
		<Point X = "351" Y = "231" T = "0" Pressure = "0" />
		<Point X = "355" Y = "232" T = "0" Pressure = "0" />
		<Point X = "359" Y = "241" T = "0" Pressure = "0" />
		<Point X = "361" Y = "248" T = "0" Pressure = "0" />
		<Point X = "364" Y = "258" T = "0" Pressure = "0" />
		<Point X = "365" Y = "265" T = "0" Pressure = "0" />
		<Point X = "366" Y = "273" T = "0" Pressure = "0" />
		<Point X = "366" Y = "280" T = "0" Pressure = "0" />
		<Point X = "366" Y = "288" T = "0" Pressure = "0" />
		<Point X = "366" Y = "294" T = "0" Pressure = "0" />
		<Point X = "366" Y = "301" T = "0" Pressure = "0" />
		<Point X = "366" Y = "306" T = "0" Pressure = "0" />
		<Point X = "366" Y = "313" T = "0" Pressure = "0" />
		<Point X = "365" Y = "319" T = "0" Pressure = "0" />
		<Point X = "365" Y = "323" T = "0" Pressure = "0" />
		<Point X = "365" Y = "326" T = "0" Pressure = "0" />
		<Point X = "365" Y = "328" T = "0" Pressure = "0" />
		<Point X = "365" Y = "329" T = "0" Pressure = "0" />
		<Point X = "365" Y = "330" T = "0" Pressure = "0" />
		<Point X = "366" Y = "330" T = "0" Pressure = "0" />
		<Point X = "367" Y = "330" T = "0" Pressure = "0" />
		<Point X = "369" Y = "330" T = "0" Pressure = "0" />
		<Point X = "371" Y = "330" T = "0" Pressure = "0" />
		<Point X = "376" Y = "330" T = "0" Pressure = "0" />
		<Point X = "382" Y = "330" T = "0" Pressure = "0" />
		<Point X = "391" Y = "330" T = "0" Pressure = "0" />
		<Point X = "402" Y = "330" T = "0" Pressure = "0" />
		<Point X = "412" Y = "330" T = "0" Pressure = "0" />
		<Point X = "421" Y = "330" T = "0" Pressure = "0" />
		<Point X = "426" Y = "330" T = "0" Pressure = "0" />
		<Point X = "430" Y = "330" T = "0" Pressure = "0" />
		<Point X = "433" Y = "330" T = "0" Pressure = "0" />
		<Point X = "434" Y = "330" T = "0" Pressure = "0" />
	</Stroke>
</Gesture>
