<?xml version="1.0" encoding="utf-8" standalone="yes"?>
<Gesture Name = "l">
	<Stroke>
		<Point X = "256" Y = "50" T = "0" Pressure = "0" />
		<Point X = "256" Y = "54" T = "0" Pressure = "0" />
		<Point X = "257" Y = "60" T = "0" Pressure = "0" />
		<Point X = "257" Y = "66" T = "0" Pressure = "0" />
		<Point X = "257" Y = "70" T = "0" Pressure = "0" />
		<Point X = "257" Y = "74" T = "0" Pressure = "0" />
		<Point X = "257" Y = "79" T = "0" Pressure = "0" />
		<Point X = "257" Y = "86" T = "0" Pressure = "0" />
		<Point X = "257" Y = "91" T = "0" Pressure = "0" />
		<Point X = "257" Y = "101" T = "0" Pressure = "0" />
		<Point X = "257" Y = "107" T = "0" Pressure = "0" />
		<Point X = "257" Y = "114" T = "0" Pressure = "0" />
		<Point X = "257" Y = "117" T = "0" Pressure = "0" />
		<Point X = "257" Y = "120" T = "0" Pressure = "0" />
		<Point X = "256" Y = "123" T = "0" Pressure = "0" />
		<Point X = "255" Y = "125" T = "0" Pressure = "0" />
		<Point X = "255" Y = "129" T = "0" Pressure = "0" />
		<Point X = "253" Y = "133" T = "0" Pressure = "0" />
		<Point X = "252" Y = "136" T = "0" Pressure = "0" />
		<Point X = "252" Y = "138" T = "0" Pressure = "0" />
		<Point X = "252" Y = "139" T = "0" Pressure = "0" />
		<Point X = "252" Y = "140" T = "0" Pressure = "0" />
		<Point X = "253" Y = "140" T = "0" Pressure = "0" />
		<Point X = "255" Y = "140" T = "0" Pressure = "0" />
		<Point X = "257" Y = "140" T = "0" Pressure = "0" />
		<Point X = "260" Y = "140" T = "0" Pressure = "0" />
		<Point X = "263" Y = "138" T = "0" Pressure = "0" />
		<Point X = "266" Y = "138" T = "0" Pressure = "0" />
		<Point X = "268" Y = "138" T = "0" Pressure = "0" />
		<Point X = "272" Y = "138" T = "0" Pressure = "0" />
		<Point X = "279" Y = "138" T = "0" Pressure = "0" />
		<Point X = "283" Y = "138" T = "0" Pressure = "0" />
		<Point X = "287" Y = "138" T = "0" Pressure = "0" />
		<Point X = "290" Y = "138" T = "0" Pressure = "0" />
		<Point X = "294" Y = "138" T = "0" Pressure = "0" />
		<Point X = "296" Y = "138" T = "0" Pressure = "0" />
		<Point X = "297" Y = "138" T = "0" Pressure = "0" />
		<Point X = "299" Y = "138" T = "0" Pressure = "0" />
		<Point X = "300" Y = "138" T = "0" Pressure = "0" />
		<Point X = "301" Y = "138" T = "0" Pressure = "0" />
		<Point X = "302" Y = "138" T = "0" Pressure = "0" />
		<Point X = "302" Y = "139" T = "0" Pressure = "0" />
		<Point X = "303" Y = "139" T = "0" Pressure = "0" />
		<Point X = "304" Y = "139" T = "0" Pressure = "0" />
	</Stroke>
</Gesture>
