<?xml version="1.0" encoding="utf-8" standalone="yes"?>
<Gesture Name = "l">
	<Stroke>
		<Point X = "25" Y = "38" T = "0" Pressure = "0" />
		<Point X = "25" Y = "43" T = "0" Pressure = "0" />
		<Point X = "27" Y = "49" T = "0" Pressure = "0" />
		<Point X = "28" Y = "53" T = "0" Pressure = "0" />
		<Point X = "28" Y = "58" T = "0" Pressure = "0" />
		<Point X = "30" Y = "62" T = "0" Pressure = "0" />
		<Point X = "30" Y = "66" T = "0" Pressure = "0" />
		<Point X = "32" Y = "70" T = "0" Pressure = "0" />
		<Point X = "32" Y = "75" T = "0" Pressure = "0" />
		<Point X = "32" Y = "84" T = "0" Pressure = "0" />
		<Point X = "32" Y = "92" T = "0" Pressure = "0" />
		<Point X = "32" Y = "100" T = "0" Pressure = "0" />
		<Point X = "32" Y = "107" T = "0" Pressure = "0" />
		<Point X = "32" Y = "114" T = "0" Pressure = "0" />
		<Point X = "32" Y = "118" T = "0" Pressure = "0" />
		<Point X = "32" Y = "122" T = "0" Pressure = "0" />
		<Point X = "32" Y = "123" T = "0" Pressure = "0" />
		<Point X = "32" Y = "124" T = "0" Pressure = "0" />
		<Point X = "32" Y = "125" T = "0" Pressure = "0" />
		<Point X = "32" Y = "126" T = "0" Pressure = "0" />
		<Point X = "33" Y = "126" T = "0" Pressure = "0" />
		<Point X = "34" Y = "126" T = "0" Pressure = "0" />
		<Point X = "35" Y = "126" T = "0" Pressure = "0" />
		<Point X = "36" Y = "126" T = "0" Pressure = "0" />
		<Point X = "38" Y = "126" T = "0" Pressure = "0" />
		<Point X = "39" Y = "126" T = "0" Pressure = "0" />
		<Point X = "41" Y = "126" T = "0" Pressure = "0" />
		<Point X = "43" Y = "126" T = "0" Pressure = "0" />
		<Point X = "47" Y = "126" T = "0" Pressure = "0" />
		<Point X = "51" Y = "126" T = "0" Pressure = "0" />
		<Point X = "55" Y = "126" T = "0" Pressure = "0" />
		<Point X = "59" Y = "126" T = "0" Pressure = "0" />
		<Point X = "64" Y = "126" T = "0" Pressure = "0" />
		<Point X = "68" Y = "127" T = "0" Pressure = "0" />
		<Point X = "78" Y = "128" T = "0" Pressure = "0" />
		<Point X = "85" Y = "128" T = "0" Pressure = "0" />
		<Point X = "93" Y = "131" T = "0" Pressure = "0" />
		<Point X = "98" Y = "132" T = "0" Pressure = "0" />
		<Point X = "106" Y = "133" T = "0" Pressure = "0" />
		<Point X = "108" Y = "133" T = "0" Pressure = "0" />
		<Point X = "111" Y = "133" T = "0" Pressure = "0" />
		<Point X = "112" Y = "134" T = "0" Pressure = "0" />
		<Point X = "111" Y = "134" T = "0" Pressure = "0" />
	</Stroke>
</Gesture>
