<?xml version="1.0" encoding="utf-8" standalone="yes"?>
<Gesture Name = "l">
	<Stroke>
		<Point X = "266" Y = "78" T = "0" Pressure = "0" />
		<Point X = "267" Y = "79" T = "0" Pressure = "0" />
		<Point X = "269" Y = "82" T = "0" Pressure = "0" />
		<Point X = "270" Y = "85" T = "0" Pressure = "0" />
		<Point X = "272" Y = "89" T = "0" Pressure = "0" />
		<Point X = "273" Y = "93" T = "0" Pressure = "0" />
		<Point X = "276" Y = "102" T = "0" Pressure = "0" />
		<Point X = "277" Y = "109" T = "0" Pressure = "0" />
		<Point X = "279" Y = "119" T = "0" Pressure = "0" />
		<Point X = "280" Y = "127" T = "0" Pressure = "0" />
		<Point X = "280" Y = "138" T = "0" Pressure = "0" />
		<Point X = "280" Y = "144" T = "0" Pressure = "0" />
		<Point X = "280" Y = "153" T = "0" Pressure = "0" />
		<Point X = "280" Y = "161" T = "0" Pressure = "0" />
		<Point X = "280" Y = "165" T = "0" Pressure = "0" />
		<Point X = "280" Y = "170" T = "0" Pressure = "0" />
		<Point X = "280" Y = "171" T = "0" Pressure = "0" />
		<Point X = "280" Y = "173" T = "0" Pressure = "0" />
		<Point X = "280" Y = "174" T = "0" Pressure = "0" />
		<Point X = "280" Y = "175" T = "0" Pressure = "0" />
		<Point X = "280" Y = "178" T = "0" Pressure = "0" />
		<Point X = "280" Y = "180" T = "0" Pressure = "0" />
		<Point X = "280" Y = "181" T = "0" Pressure = "0" />
		<Point X = "280" Y = "184" T = "0" Pressure = "0" />
		<Point X = "280" Y = "189" T = "0" Pressure = "0" />
		<Point X = "280" Y = "190" T = "0" Pressure = "0" />
		<Point X = "280" Y = "193" T = "0" Pressure = "0" />
		<Point X = "280" Y = "195" T = "0" Pressure = "0" />
		<Point X = "280" Y = "196" T = "0" Pressure = "0" />
		<Point X = "281" Y = "196" T = "0" Pressure = "0" />
		<Point X = "282" Y = "196" T = "0" Pressure = "0" />
		<Point X = "283" Y = "196" T = "0" Pressure = "0" />
		<Point X = "284" Y = "196" T = "0" Pressure = "0" />
		<Point X = "285" Y = "196" T = "0" Pressure = "0" />
		<Point X = "289" Y = "196" T = "0" Pressure = "0" />
		<Point X = "297" Y = "196" T = "0" Pressure = "0" />
		<Point X = "308" Y = "196" T = "0" Pressure = "0" />
		<Point X = "315" Y = "196" T = "0" Pressure = "0" />
		<Point X = "324" Y = "196" T = "0" Pressure = "0" />
		<Point X = "330" Y = "196" T = "0" Pressure = "0" />
		<Point X = "334" Y = "196" T = "0" Pressure = "0" />
		<Point X = "337" Y = "196" T = "0" Pressure = "0" />
		<Point X = "340" Y = "196" T = "0" Pressure = "0" />
		<Point X = "343" Y = "195" T = "0" Pressure = "0" />
		<Point X = "344" Y = "195" T = "0" Pressure = "0" />
		<Point X = "345" Y = "194" T = "0" Pressure = "0" />
	</Stroke>
</Gesture>
