<?xml version="1.0" encoding="utf-8" standalone="yes"?>
<Gesture Name = "spiral">
	<Stroke>
		<Point X = "146" Y = "47" T = "0" Pressure = "0" />
		<Point X = "140" Y = "47" T = "0" Pressure = "0" />
		<Point X = "136" Y = "47" T = "0" Pressure = "0" />
		<Point X = "135" Y = "47" T = "0" Pressure = "0" />
		<Point X = "133" Y = "47" T = "0" Pressure = "0" />
		<Point X = "130" Y = "47" T = "0" Pressure = "0" />
		<Point X = "128" Y = "47" T = "0" Pressure = "0" />
		<Point X = "125" Y = "48" T = "0" Pressure = "0" />
		<Point X = "119" Y = "50" T = "0" Pressure = "0" />
		<Point X = "115" Y = "52" T = "0" Pressure = "0" />
		<Point X = "111" Y = "53" T = "0" Pressure = "0" />
		<Point X = "109" Y = "53" T = "0" Pressure = "0" />
		<Point X = "107" Y = "55" T = "0" Pressure = "0" />
		<Point X = "106" Y = "55" T = "0" Pressure = "0" />
		<Point X = "104" Y = "56" T = "0" Pressure = "0" />
		<Point X = "104" Y = "57" T = "0" Pressure = "0" />
		<Point X = "102" Y = "57" T = "0" Pressure = "0" />
		<Point X = "99" Y = "60" T = "0" Pressure = "0" />
		<Point X = "97" Y = "61" T = "0" Pressure = "0" />
		<Point X = "93" Y = "63" T = "0" Pressure = "0" />
		<Point X = "91" Y = "65" T = "0" Pressure = "0" />
		<Point X = "87" Y = "67" T = "0" Pressure = "0" />
		<Point X = "83" Y = "71" T = "0" Pressure = "0" />
		<Point X = "80" Y = "73" T = "0" Pressure = "0" />
		<Point X = "77" Y = "76" T = "0" Pressure = "0" />
		<Point X = "75" Y = "77" T = "0" Pressure = "0" />
		<Point X = "73" Y = "80" T = "0" Pressure = "0" />
		<Point X = "71" Y = "81" T = "0" Pressure = "0" />
		<Point X = "69" Y = "83" T = "0" Pressure = "0" />
		<Point X = "68" Y = "84" T = "0" Pressure = "0" />
		<Point X = "67" Y = "85" T = "0" Pressure = "0" />
		<Point X = "66" Y = "86" T = "0" Pressure = "0" />
		<Point X = "65" Y = "86" T = "0" Pressure = "0" />
		<Point X = "64" Y = "89" T = "0" Pressure = "0" />
		<Point X = "64" Y = "91" T = "0" Pressure = "0" />
		<Point X = "64" Y = "93" T = "0" Pressure = "0" />
		<Point X = "64" Y = "96" T = "0" Pressure = "0" />
		<Point X = "64" Y = "97" T = "0" Pressure = "0" />
		<Point X = "63" Y = "101" T = "0" Pressure = "0" />
		<Point X = "63" Y = "104" T = "0" Pressure = "0" />
		<Point X = "63" Y = "109" T = "0" Pressure = "0" />
		<Point X = "63" Y = "113" T = "0" Pressure = "0" />
		<Point X = "63" Y = "116" T = "0" Pressure = "0" />
		<Point X = "63" Y = "120" T = "0" Pressure = "0" />
		<Point X = "63" Y = "122" T = "0" Pressure = "0" />
		<Point X = "65" Y = "126" T = "0" Pressure = "0" />
		<Point X = "66" Y = "129" T = "0" Pressure = "0" />
		<Point X = "68" Y = "133" T = "0" Pressure = "0" />
		<Point X = "69" Y = "135" T = "0" Pressure = "0" />
		<Point X = "70" Y = "136" T = "0" Pressure = "0" />
		<Point X = "72" Y = "139" T = "0" Pressure = "0" />
		<Point X = "74" Y = "140" T = "0" Pressure = "0" />
		<Point X = "74" Y = "141" T = "0" Pressure = "0" />
		<Point X = "76" Y = "143" T = "0" Pressure = "0" />
		<Point X = "80" Y = "143" T = "0" Pressure = "0" />
		<Point X = "81" Y = "145" T = "0" Pressure = "0" />
		<Point X = "83" Y = "146" T = "0" Pressure = "0" />
		<Point X = "86" Y = "149" T = "0" Pressure = "0" />
		<Point X = "88" Y = "150" T = "0" Pressure = "0" />
		<Point X = "90" Y = "152" T = "0" Pressure = "0" />
		<Point X = "95" Y = "155" T = "0" Pressure = "0" />
		<Point X = "100" Y = "158" T = "0" Pressure = "0" />
		<Point X = "107" Y = "162" T = "0" Pressure = "0" />
		<Point X = "113" Y = "164" T = "0" Pressure = "0" />
		<Point X = "123" Y = "165" T = "0" Pressure = "0" />
		<Point X = "133" Y = "168" T = "0" Pressure = "0" />
		<Point X = "141" Y = "170" T = "0" Pressure = "0" />
		<Point X = "150" Y = "172" T = "0" Pressure = "0" />
		<Point X = "155" Y = "173" T = "0" Pressure = "0" />
		<Point X = "164" Y = "173" T = "0" Pressure = "0" />
		<Point X = "169" Y = "173" T = "0" Pressure = "0" />
		<Point X = "172" Y = "173" T = "0" Pressure = "0" />
		<Point X = "177" Y = "173" T = "0" Pressure = "0" />
		<Point X = "178" Y = "171" T = "0" Pressure = "0" />
		<Point X = "182" Y = "168" T = "0" Pressure = "0" />
		<Point X = "183" Y = "165" T = "0" Pressure = "0" />
		<Point X = "185" Y = "163" T = "0" Pressure = "0" />
		<Point X = "187" Y = "160" T = "0" Pressure = "0" />
		<Point X = "191" Y = "156" T = "0" Pressure = "0" />
		<Point X = "194" Y = "153" T = "0" Pressure = "0" />
		<Point X = "197" Y = "150" T = "0" Pressure = "0" />
		<Point X = "198" Y = "148" T = "0" Pressure = "0" />
		<Point X = "200" Y = "145" T = "0" Pressure = "0" />
		<Point X = "202" Y = "142" T = "0" Pressure = "0" />
		<Point X = "202" Y = "139" T = "0" Pressure = "0" />
		<Point X = "203" Y = "135" T = "0" Pressure = "0" />
		<Point X = "203" Y = "131" T = "0" Pressure = "0" />
		<Point X = "203" Y = "123" T = "0" Pressure = "0" />
		<Point X = "203" Y = "117" T = "0" Pressure = "0" />
		<Point X = "203" Y = "113" T = "0" Pressure = "0" />
		<Point X = "203" Y = "107" T = "0" Pressure = "0" />
		<Point X = "203" Y = "103" T = "0" Pressure = "0" />
		<Point X = "202" Y = "100" T = "0" Pressure = "0" />
		<Point X = "201" Y = "97" T = "0" Pressure = "0" />
		<Point X = "200" Y = "96" T = "0" Pressure = "0" />
		<Point X = "197" Y = "93" T = "0" Pressure = "0" />
		<Point X = "195" Y = "92" T = "0" Pressure = "0" />
		<Point X = "194" Y = "91" T = "0" Pressure = "0" />
		<Point X = "192" Y = "91" T = "0" Pressure = "0" />
		<Point X = "191" Y = "91" T = "0" Pressure = "0" />
		<Point X = "188" Y = "91" T = "0" Pressure = "0" />
		<Point X = "187" Y = "91" T = "0" Pressure = "0" />
		<Point X = "184" Y = "91" T = "0" Pressure = "0" />
		<Point X = "183" Y = "91" T = "0" Pressure = "0" />
		<Point X = "181" Y = "91" T = "0" Pressure = "0" />
		<Point X = "180" Y = "91" T = "0" Pressure = "0" />
		<Point X = "176" Y = "91" T = "0" Pressure = "0" />
		<Point X = "174" Y = "91" T = "0" Pressure = "0" />
		<Point X = "172" Y = "91" T = "0" Pressure = "0" />
		<Point X = "169" Y = "91" T = "0" Pressure = "0" />
		<Point X = "167" Y = "91" T = "0" Pressure = "0" />
		<Point X = "165" Y = "91" T = "0" Pressure = "0" />
		<Point X = "161" Y = "91" T = "0" Pressure = "0" />
		<Point X = "155" Y = "91" T = "0" Pressure = "0" />
		<Point X = "151" Y = "91" T = "0" Pressure = "0" />
		<Point X = "148" Y = "91" T = "0" Pressure = "0" />
		<Point X = "141" Y = "91" T = "0" Pressure = "0" />
		<Point X = "139" Y = "91" T = "0" Pressure = "0" />
		<Point X = "137" Y = "91" T = "0" Pressure = "0" />
		<Point X = "136" Y = "91" T = "0" Pressure = "0" />
		<Point X = "134" Y = "92" T = "0" Pressure = "0" />
		<Point X = "133" Y = "92" T = "0" Pressure = "0" />
		<Point X = "132" Y = "93" T = "0" Pressure = "0" />
		<Point X = "132" Y = "94" T = "0" Pressure = "0" />
		<Point X = "131" Y = "94" T = "0" Pressure = "0" />
		<Point X = "130" Y = "96" T = "0" Pressure = "0" />
		<Point X = "129" Y = "96" T = "0" Pressure = "0" />
		<Point X = "129" Y = "98" T = "0" Pressure = "0" />
		<Point X = "129" Y = "100" T = "0" Pressure = "0" />
		<Point X = "127" Y = "101" T = "0" Pressure = "0" />
		<Point X = "126" Y = "102" T = "0" Pressure = "0" />
		<Point X = "126" Y = "103" T = "0" Pressure = "0" />
		<Point X = "126" Y = "104" T = "0" Pressure = "0" />
		<Point X = "126" Y = "106" T = "0" Pressure = "0" />
		<Point X = "124" Y = "109" T = "0" Pressure = "0" />
		<Point X = "123" Y = "110" T = "0" Pressure = "0" />
		<Point X = "123" Y = "112" T = "0" Pressure = "0" />
		<Point X = "123" Y = "116" T = "0" Pressure = "0" />
		<Point X = "121" Y = "119" T = "0" Pressure = "0" />
		<Point X = "121" Y = "121" T = "0" Pressure = "0" />
		<Point X = "121" Y = "123" T = "0" Pressure = "0" />
		<Point X = "121" Y = "124" T = "0" Pressure = "0" />
		<Point X = "121" Y = "125" T = "0" Pressure = "0" />
		<Point X = "121" Y = "126" T = "0" Pressure = "0" />
		<Point X = "121" Y = "127" T = "0" Pressure = "0" />
		<Point X = "121" Y = "128" T = "0" Pressure = "0" />
		<Point X = "121" Y = "129" T = "0" Pressure = "0" />
		<Point X = "121" Y = "130" T = "0" Pressure = "0" />
		<Point X = "121" Y = "131" T = "0" Pressure = "0" />
		<Point X = "123" Y = "133" T = "0" Pressure = "0" />
		<Point X = "124" Y = "135" T = "0" Pressure = "0" />
		<Point X = "127" Y = "137" T = "0" Pressure = "0" />
		<Point X = "127" Y = "138" T = "0" Pressure = "0" />
		<Point X = "129" Y = "138" T = "0" Pressure = "0" />
		<Point X = "132" Y = "141" T = "0" Pressure = "0" />
		<Point X = "135" Y = "141" T = "0" Pressure = "0" />
		<Point X = "137" Y = "141" T = "0" Pressure = "0" />
		<Point X = "138" Y = "141" T = "0" Pressure = "0" />
		<Point X = "139" Y = "141" T = "0" Pressure = "0" />
		<Point X = "140" Y = "141" T = "0" Pressure = "0" />
		<Point X = "141" Y = "141" T = "0" Pressure = "0" />
		<Point X = "142" Y = "141" T = "0" Pressure = "0" />
		<Point X = "144" Y = "142" T = "0" Pressure = "0" />
		<Point X = "146" Y = "142" T = "0" Pressure = "0" />
		<Point X = "147" Y = "142" T = "0" Pressure = "0" />
		<Point X = "150" Y = "142" T = "0" Pressure = "0" />
		<Point X = "152" Y = "142" T = "0" Pressure = "0" />
		<Point X = "154" Y = "142" T = "0" Pressure = "0" />
		<Point X = "157" Y = "142" T = "0" Pressure = "0" />
		<Point X = "158" Y = "142" T = "0" Pressure = "0" />
		<Point X = "159" Y = "142" T = "0" Pressure = "0" />
		<Point X = "161" Y = "142" T = "0" Pressure = "0" />
		<Point X = "162" Y = "142" T = "0" Pressure = "0" />
		<Point X = "163" Y = "142" T = "0" Pressure = "0" />
		<Point X = "164" Y = "142" T = "0" Pressure = "0" />
		<Point X = "165" Y = "142" T = "0" Pressure = "0" />
		<Point X = "167" Y = "142" T = "0" Pressure = "0" />
		<Point X = "168" Y = "142" T = "0" Pressure = "0" />
		<Point X = "169" Y = "142" T = "0" Pressure = "0" />
		<Point X = "171" Y = "141" T = "0" Pressure = "0" />
		<Point X = "171" Y = "140" T = "0" Pressure = "0" />
		<Point X = "172" Y = "138" T = "0" Pressure = "0" />
		<Point X = "173" Y = "137" T = "0" Pressure = "0" />
		<Point X = "173" Y = "136" T = "0" Pressure = "0" />
		<Point X = "173" Y = "134" T = "0" Pressure = "0" />
		<Point X = "174" Y = "132" T = "0" Pressure = "0" />
		<Point X = "174" Y = "131" T = "0" Pressure = "0" />
		<Point X = "174" Y = "130" T = "0" Pressure = "0" />
		<Point X = "174" Y = "129" T = "0" Pressure = "0" />
		<Point X = "174" Y = "127" T = "0" Pressure = "0" />
		<Point X = "174" Y = "126" T = "0" Pressure = "0" />
		<Point X = "174" Y = "125" T = "0" Pressure = "0" />
		<Point X = "174" Y = "124" T = "0" Pressure = "0" />
		<Point X = "174" Y = "123" T = "0" Pressure = "0" />
		<Point X = "174" Y = "121" T = "0" Pressure = "0" />
		<Point X = "172" Y = "120" T = "0" Pressure = "0" />
		<Point X = "171" Y = "118" T = "0" Pressure = "0" />
		<Point X = "169" Y = "117" T = "0" Pressure = "0" />
		<Point X = "169" Y = "116" T = "0" Pressure = "0" />
		<Point X = "167" Y = "115" T = "0" Pressure = "0" />
		<Point X = "167" Y = "114" T = "0" Pressure = "0" />
		<Point X = "165" Y = "114" T = "0" Pressure = "0" />
		<Point X = "164" Y = "114" T = "0" Pressure = "0" />
		<Point X = "163" Y = "113" T = "0" Pressure = "0" />
		<Point X = "162" Y = "113" T = "0" Pressure = "0" />
		<Point X = "161" Y = "113" T = "0" Pressure = "0" />
		<Point X = "160" Y = "113" T = "0" Pressure = "0" />
		<Point X = "159" Y = "113" T = "0" Pressure = "0" />
		<Point X = "158" Y = "113" T = "0" Pressure = "0" />
		<Point X = "157" Y = "113" T = "0" Pressure = "0" />
		<Point X = "156" Y = "113" T = "0" Pressure = "0" />
		<Point X = "155" Y = "113" T = "0" Pressure = "0" />
		<Point X = "154" Y = "113" T = "0" Pressure = "0" />
		<Point X = "153" Y = "113" T = "0" Pressure = "0" />
		<Point X = "152" Y = "113" T = "0" Pressure = "0" />
		<Point X = "151" Y = "113" T = "0" Pressure = "0" />
		<Point X = "150" Y = "113" T = "0" Pressure = "0" />
		<Point X = "148" Y = "114" T = "0" Pressure = "0" />
		<Point X = "147" Y = "116" T = "0" Pressure = "0" />
		<Point X = "146" Y = "117" T = "0" Pressure = "0" />
		<Point X = "146" Y = "118" T = "0" Pressure = "0" />
		<Point X = "145" Y = "118" T = "0" Pressure = "0" />
		<Point X = "145" Y = "119" T = "0" Pressure = "0" />
		<Point X = "145" Y = "121" T = "0" Pressure = "0" />
		<Point X = "145" Y = "122" T = "0" Pressure = "0" />
		<Point X = "145" Y = "123" T = "0" Pressure = "0" />
		<Point X = "145" Y = "124" T = "0" Pressure = "0" />
		<Point X = "145" Y = "125" T = "0" Pressure = "0" />
		<Point X = "145" Y = "127" T = "0" Pressure = "0" />
		<Point X = "146" Y = "128" T = "0" Pressure = "0" />
		<Point X = "147" Y = "129" T = "0" Pressure = "0" />
		<Point X = "149" Y = "130" T = "0" Pressure = "0" />
		<Point X = "150" Y = "131" T = "0" Pressure = "0" />
		<Point X = "151" Y = "132" T = "0" Pressure = "0" />
		<Point X = "152" Y = "132" T = "0" Pressure = "0" />
		<Point X = "153" Y = "132" T = "0" Pressure = "0" />
		<Point X = "153" Y = "133" T = "0" Pressure = "0" />
		<Point X = "154" Y = "133" T = "0" Pressure = "0" />
		<Point X = "155" Y = "133" T = "0" Pressure = "0" />
		<Point X = "155" Y = "132" T = "0" Pressure = "0" />
		<Point X = "156" Y = "131" T = "0" Pressure = "0" />
		<Point X = "156" Y = "130" T = "0" Pressure = "0" />
		<Point X = "156" Y = "129" T = "0" Pressure = "0" />
		<Point X = "156" Y = "128" T = "0" Pressure = "0" />
		<Point X = "156" Y = "127" T = "0" Pressure = "0" />
		<Point X = "156" Y = "126" T = "0" Pressure = "0" />
		<Point X = "156" Y = "125" T = "0" Pressure = "0" />
	</Stroke>
</Gesture>
