<?xml version="1.0" encoding="utf-8" standalone="yes"?>
<Gesture Name = "spiral">
	<Stroke>
		<Point X = "355" Y = "93" T = "0" Pressure = "0" />
		<Point X = "352" Y = "93" T = "0" Pressure = "0" />
		<Point X = "348" Y = "92" T = "0" Pressure = "0" />
		<Point X = "338" Y = "91" T = "0" Pressure = "0" />
		<Point X = "329" Y = "91" T = "0" Pressure = "0" />
		<Point X = "314" Y = "91" T = "0" Pressure = "0" />
		<Point X = "299" Y = "91" T = "0" Pressure = "0" />
		<Point X = "282" Y = "91" T = "0" Pressure = "0" />
		<Point X = "267" Y = "91" T = "0" Pressure = "0" />
		<Point X = "255" Y = "93" T = "0" Pressure = "0" />
		<Point X = "238" Y = "95" T = "0" Pressure = "0" />
		<Point X = "224" Y = "97" T = "0" Pressure = "0" />
		<Point X = "210" Y = "100" T = "0" Pressure = "0" />
		<Point X = "199" Y = "104" T = "0" Pressure = "0" />
		<Point X = "190" Y = "106" T = "0" Pressure = "0" />
		<Point X = "184" Y = "109" T = "0" Pressure = "0" />
		<Point X = "180" Y = "111" T = "0" Pressure = "0" />
		<Point X = "177" Y = "114" T = "0" Pressure = "0" />
		<Point X = "174" Y = "116" T = "0" Pressure = "0" />
		<Point X = "170" Y = "119" T = "0" Pressure = "0" />
		<Point X = "167" Y = "122" T = "0" Pressure = "0" />
		<Point X = "164" Y = "124" T = "0" Pressure = "0" />
		<Point X = "162" Y = "128" T = "0" Pressure = "0" />
		<Point X = "159" Y = "130" T = "0" Pressure = "0" />
		<Point X = "154" Y = "135" T = "0" Pressure = "0" />
		<Point X = "151" Y = "139" T = "0" Pressure = "0" />
		<Point X = "146" Y = "146" T = "0" Pressure = "0" />
		<Point X = "141" Y = "156" T = "0" Pressure = "0" />
		<Point X = "136" Y = "165" T = "0" Pressure = "0" />
		<Point X = "134" Y = "172" T = "0" Pressure = "0" />
		<Point X = "130" Y = "181" T = "0" Pressure = "0" />
		<Point X = "127" Y = "191" T = "0" Pressure = "0" />
		<Point X = "126" Y = "199" T = "0" Pressure = "0" />
		<Point X = "125" Y = "206" T = "0" Pressure = "0" />
		<Point X = "123" Y = "216" T = "0" Pressure = "0" />
		<Point X = "123" Y = "224" T = "0" Pressure = "0" />
		<Point X = "123" Y = "231" T = "0" Pressure = "0" />
		<Point X = "123" Y = "236" T = "0" Pressure = "0" />
		<Point X = "123" Y = "245" T = "0" Pressure = "0" />
		<Point X = "123" Y = "249" T = "0" Pressure = "0" />
		<Point X = "123" Y = "253" T = "0" Pressure = "0" />
		<Point X = "123" Y = "254" T = "0" Pressure = "0" />
		<Point X = "123" Y = "257" T = "0" Pressure = "0" />
		<Point X = "123" Y = "260" T = "0" Pressure = "0" />
		<Point X = "123" Y = "263" T = "0" Pressure = "0" />
		<Point X = "126" Y = "266" T = "0" Pressure = "0" />
		<Point X = "127" Y = "268" T = "0" Pressure = "0" />
		<Point X = "130" Y = "273" T = "0" Pressure = "0" />
		<Point X = "135" Y = "277" T = "0" Pressure = "0" />
		<Point X = "141" Y = "281" T = "0" Pressure = "0" />
		<Point X = "148" Y = "284" T = "0" Pressure = "0" />
		<Point X = "158" Y = "288" T = "0" Pressure = "0" />
		<Point X = "167" Y = "291" T = "0" Pressure = "0" />
		<Point X = "177" Y = "292" T = "0" Pressure = "0" />
		<Point X = "184" Y = "294" T = "0" Pressure = "0" />
		<Point X = "193" Y = "295" T = "0" Pressure = "0" />
		<Point X = "204" Y = "296" T = "0" Pressure = "0" />
		<Point X = "215" Y = "296" T = "0" Pressure = "0" />
		<Point X = "227" Y = "296" T = "0" Pressure = "0" />
		<Point X = "238" Y = "296" T = "0" Pressure = "0" />
		<Point X = "248" Y = "296" T = "0" Pressure = "0" />
		<Point X = "256" Y = "296" T = "0" Pressure = "0" />
		<Point X = "260" Y = "296" T = "0" Pressure = "0" />
		<Point X = "265" Y = "295" T = "0" Pressure = "0" />
		<Point X = "267" Y = "294" T = "0" Pressure = "0" />
		<Point X = "270" Y = "293" T = "0" Pressure = "0" />
		<Point X = "273" Y = "293" T = "0" Pressure = "0" />
		<Point X = "277" Y = "293" T = "0" Pressure = "0" />
		<Point X = "279" Y = "293" T = "0" Pressure = "0" />
		<Point X = "283" Y = "291" T = "0" Pressure = "0" />
		<Point X = "290" Y = "291" T = "0" Pressure = "0" />
		<Point X = "297" Y = "291" T = "0" Pressure = "0" />
		<Point X = "302" Y = "291" T = "0" Pressure = "0" />
		<Point X = "311" Y = "290" T = "0" Pressure = "0" />
		<Point X = "318" Y = "287" T = "0" Pressure = "0" />
		<Point X = "328" Y = "280" T = "0" Pressure = "0" />
		<Point X = "333" Y = "277" T = "0" Pressure = "0" />
		<Point X = "338" Y = "272" T = "0" Pressure = "0" />
		<Point X = "345" Y = "265" T = "0" Pressure = "0" />
		<Point X = "348" Y = "258" T = "0" Pressure = "0" />
		<Point X = "349" Y = "253" T = "0" Pressure = "0" />
		<Point X = "350" Y = "244" T = "0" Pressure = "0" />
		<Point X = "351" Y = "237" T = "0" Pressure = "0" />
		<Point X = "351" Y = "229" T = "0" Pressure = "0" />
		<Point X = "351" Y = "224" T = "0" Pressure = "0" />
		<Point X = "351" Y = "218" T = "0" Pressure = "0" />
		<Point X = "346" Y = "210" T = "0" Pressure = "0" />
		<Point X = "343" Y = "203" T = "0" Pressure = "0" />
		<Point X = "340" Y = "198" T = "0" Pressure = "0" />
		<Point X = "336" Y = "192" T = "0" Pressure = "0" />
		<Point X = "332" Y = "186" T = "0" Pressure = "0" />
		<Point X = "326" Y = "180" T = "0" Pressure = "0" />
		<Point X = "322" Y = "176" T = "0" Pressure = "0" />
		<Point X = "318" Y = "172" T = "0" Pressure = "0" />
		<Point X = "312" Y = "168" T = "0" Pressure = "0" />
		<Point X = "309" Y = "166" T = "0" Pressure = "0" />
		<Point X = "305" Y = "163" T = "0" Pressure = "0" />
		<Point X = "302" Y = "160" T = "0" Pressure = "0" />
		<Point X = "298" Y = "156" T = "0" Pressure = "0" />
		<Point X = "295" Y = "152" T = "0" Pressure = "0" />
		<Point X = "291" Y = "148" T = "0" Pressure = "0" />
		<Point X = "288" Y = "145" T = "0" Pressure = "0" />
		<Point X = "285" Y = "144" T = "0" Pressure = "0" />
		<Point X = "284" Y = "142" T = "0" Pressure = "0" />
		<Point X = "283" Y = "141" T = "0" Pressure = "0" />
		<Point X = "281" Y = "141" T = "0" Pressure = "0" />
		<Point X = "280" Y = "141" T = "0" Pressure = "0" />
		<Point X = "278" Y = "140" T = "0" Pressure = "0" />
		<Point X = "275" Y = "140" T = "0" Pressure = "0" />
		<Point X = "272" Y = "138" T = "0" Pressure = "0" />
		<Point X = "268" Y = "138" T = "0" Pressure = "0" />
		<Point X = "264" Y = "138" T = "0" Pressure = "0" />
		<Point X = "258" Y = "138" T = "0" Pressure = "0" />
		<Point X = "253" Y = "138" T = "0" Pressure = "0" />
		<Point X = "247" Y = "138" T = "0" Pressure = "0" />
		<Point X = "240" Y = "138" T = "0" Pressure = "0" />
		<Point X = "238" Y = "138" T = "0" Pressure = "0" />
		<Point X = "235" Y = "138" T = "0" Pressure = "0" />
		<Point X = "230" Y = "139" T = "0" Pressure = "0" />
		<Point X = "224" Y = "142" T = "0" Pressure = "0" />
		<Point X = "217" Y = "145" T = "0" Pressure = "0" />
		<Point X = "210" Y = "148" T = "0" Pressure = "0" />
		<Point X = "205" Y = "150" T = "0" Pressure = "0" />
		<Point X = "199" Y = "152" T = "0" Pressure = "0" />
		<Point X = "192" Y = "155" T = "0" Pressure = "0" />
		<Point X = "187" Y = "159" T = "0" Pressure = "0" />
		<Point X = "182" Y = "162" T = "0" Pressure = "0" />
		<Point X = "179" Y = "165" T = "0" Pressure = "0" />
		<Point X = "175" Y = "167" T = "0" Pressure = "0" />
		<Point X = "171" Y = "171" T = "0" Pressure = "0" />
		<Point X = "168" Y = "173" T = "0" Pressure = "0" />
		<Point X = "165" Y = "176" T = "0" Pressure = "0" />
		<Point X = "164" Y = "179" T = "0" Pressure = "0" />
		<Point X = "163" Y = "181" T = "0" Pressure = "0" />
		<Point X = "162" Y = "185" T = "0" Pressure = "0" />
		<Point X = "159" Y = "190" T = "0" Pressure = "0" />
		<Point X = "159" Y = "193" T = "0" Pressure = "0" />
		<Point X = "158" Y = "198" T = "0" Pressure = "0" />
		<Point X = "158" Y = "202" T = "0" Pressure = "0" />
		<Point X = "158" Y = "205" T = "0" Pressure = "0" />
		<Point X = "158" Y = "208" T = "0" Pressure = "0" />
		<Point X = "158" Y = "212" T = "0" Pressure = "0" />
		<Point X = "158" Y = "214" T = "0" Pressure = "0" />
		<Point X = "159" Y = "219" T = "0" Pressure = "0" />
		<Point X = "163" Y = "222" T = "0" Pressure = "0" />
		<Point X = "166" Y = "226" T = "0" Pressure = "0" />
		<Point X = "168" Y = "229" T = "0" Pressure = "0" />
		<Point X = "171" Y = "233" T = "0" Pressure = "0" />
		<Point X = "175" Y = "238" T = "0" Pressure = "0" />
		<Point X = "180" Y = "243" T = "0" Pressure = "0" />
		<Point X = "186" Y = "247" T = "0" Pressure = "0" />
		<Point X = "194" Y = "252" T = "0" Pressure = "0" />
		<Point X = "199" Y = "256" T = "0" Pressure = "0" />
		<Point X = "204" Y = "258" T = "0" Pressure = "0" />
		<Point X = "212" Y = "261" T = "0" Pressure = "0" />
		<Point X = "218" Y = "263" T = "0" Pressure = "0" />
		<Point X = "221" Y = "265" T = "0" Pressure = "0" />
		<Point X = "223" Y = "265" T = "0" Pressure = "0" />
		<Point X = "227" Y = "266" T = "0" Pressure = "0" />
		<Point X = "232" Y = "266" T = "0" Pressure = "0" />
		<Point X = "234" Y = "265" T = "0" Pressure = "0" />
		<Point X = "240" Y = "259" T = "0" Pressure = "0" />
		<Point X = "244" Y = "255" T = "0" Pressure = "0" />
		<Point X = "246" Y = "250" T = "0" Pressure = "0" />
		<Point X = "249" Y = "248" T = "0" Pressure = "0" />
		<Point X = "251" Y = "245" T = "0" Pressure = "0" />
		<Point X = "252" Y = "242" T = "0" Pressure = "0" />
		<Point X = "253" Y = "241" T = "0" Pressure = "0" />
		<Point X = "255" Y = "239" T = "0" Pressure = "0" />
		<Point X = "256" Y = "237" T = "0" Pressure = "0" />
		<Point X = "257" Y = "236" T = "0" Pressure = "0" />
		<Point X = "260" Y = "233" T = "0" Pressure = "0" />
		<Point X = "261" Y = "231" T = "0" Pressure = "0" />
		<Point X = "264" Y = "227" T = "0" Pressure = "0" />
		<Point X = "265" Y = "223" T = "0" Pressure = "0" />
		<Point X = "265" Y = "216" T = "0" Pressure = "0" />
		<Point X = "266" Y = "209" T = "0" Pressure = "0" />
		<Point X = "266" Y = "205" T = "0" Pressure = "0" />
		<Point X = "266" Y = "201" T = "0" Pressure = "0" />
		<Point X = "266" Y = "198" T = "0" Pressure = "0" />
		<Point X = "266" Y = "194" T = "0" Pressure = "0" />
		<Point X = "266" Y = "192" T = "0" Pressure = "0" />
		<Point X = "264" Y = "190" T = "0" Pressure = "0" />
		<Point X = "263" Y = "189" T = "0" Pressure = "0" />
		<Point X = "261" Y = "187" T = "0" Pressure = "0" />
		<Point X = "257" Y = "184" T = "0" Pressure = "0" />
		<Point X = "254" Y = "184" T = "0" Pressure = "0" />
		<Point X = "248" Y = "183" T = "0" Pressure = "0" />
		<Point X = "244" Y = "181" T = "0" Pressure = "0" />
		<Point X = "239" Y = "179" T = "0" Pressure = "0" />
		<Point X = "236" Y = "179" T = "0" Pressure = "0" />
		<Point X = "234" Y = "179" T = "0" Pressure = "0" />
		<Point X = "231" Y = "179" T = "0" Pressure = "0" />
		<Point X = "229" Y = "179" T = "0" Pressure = "0" />
		<Point X = "228" Y = "179" T = "0" Pressure = "0" />
		<Point X = "226" Y = "179" T = "0" Pressure = "0" />
		<Point X = "225" Y = "179" T = "0" Pressure = "0" />
		<Point X = "224" Y = "179" T = "0" Pressure = "0" />
		<Point X = "223" Y = "179" T = "0" Pressure = "0" />
		<Point X = "221" Y = "180" T = "0" Pressure = "0" />
		<Point X = "220" Y = "180" T = "0" Pressure = "0" />
		<Point X = "219" Y = "180" T = "0" Pressure = "0" />
		<Point X = "217" Y = "182" T = "0" Pressure = "0" />
		<Point X = "214" Y = "184" T = "0" Pressure = "0" />
		<Point X = "208" Y = "187" T = "0" Pressure = "0" />
		<Point X = "206" Y = "189" T = "0" Pressure = "0" />
		<Point X = "204" Y = "192" T = "0" Pressure = "0" />
		<Point X = "202" Y = "193" T = "0" Pressure = "0" />
		<Point X = "200" Y = "196" T = "0" Pressure = "0" />
		<Point X = "199" Y = "196" T = "0" Pressure = "0" />
		<Point X = "199" Y = "198" T = "0" Pressure = "0" />
		<Point X = "199" Y = "199" T = "0" Pressure = "0" />
		<Point X = "198" Y = "200" T = "0" Pressure = "0" />
		<Point X = "198" Y = "202" T = "0" Pressure = "0" />
		<Point X = "198" Y = "204" T = "0" Pressure = "0" />
		<Point X = "198" Y = "206" T = "0" Pressure = "0" />
		<Point X = "198" Y = "207" T = "0" Pressure = "0" />
		<Point X = "198" Y = "210" T = "0" Pressure = "0" />
		<Point X = "198" Y = "212" T = "0" Pressure = "0" />
		<Point X = "198" Y = "214" T = "0" Pressure = "0" />
		<Point X = "198" Y = "215" T = "0" Pressure = "0" />
		<Point X = "198" Y = "217" T = "0" Pressure = "0" />
		<Point X = "199" Y = "217" T = "0" Pressure = "0" />
		<Point X = "201" Y = "220" T = "0" Pressure = "0" />
		<Point X = "202" Y = "221" T = "0" Pressure = "0" />
		<Point X = "204" Y = "222" T = "0" Pressure = "0" />
		<Point X = "206" Y = "225" T = "0" Pressure = "0" />
		<Point X = "207" Y = "225" T = "0" Pressure = "0" />
		<Point X = "209" Y = "226" T = "0" Pressure = "0" />
		<Point X = "209" Y = "227" T = "0" Pressure = "0" />
		<Point X = "211" Y = "227" T = "0" Pressure = "0" />
		<Point X = "213" Y = "227" T = "0" Pressure = "0" />
		<Point X = "215" Y = "227" T = "0" Pressure = "0" />
		<Point X = "216" Y = "227" T = "0" Pressure = "0" />
		<Point X = "218" Y = "226" T = "0" Pressure = "0" />
		<Point X = "218" Y = "224" T = "0" Pressure = "0" />
		<Point X = "218" Y = "223" T = "0" Pressure = "0" />
		<Point X = "219" Y = "221" T = "0" Pressure = "0" />
		<Point X = "221" Y = "219" T = "0" Pressure = "0" />
		<Point X = "221" Y = "217" T = "0" Pressure = "0" />
		<Point X = "222" Y = "217" T = "0" Pressure = "0" />
		<Point X = "223" Y = "216" T = "0" Pressure = "0" />
		<Point X = "223" Y = "214" T = "0" Pressure = "0" />
		<Point X = "225" Y = "213" T = "0" Pressure = "0" />
		<Point X = "226" Y = "211" T = "0" Pressure = "0" />
		<Point X = "227" Y = "210" T = "0" Pressure = "0" />
		<Point X = "228" Y = "208" T = "0" Pressure = "0" />
		<Point X = "228" Y = "207" T = "0" Pressure = "0" />
		<Point X = "228" Y = "206" T = "0" Pressure = "0" />
		<Point X = "228" Y = "205" T = "0" Pressure = "0" />
		<Point X = "228" Y = "204" T = "0" Pressure = "0" />
		<Point X = "228" Y = "203" T = "0" Pressure = "0" />
		<Point X = "228" Y = "202" T = "0" Pressure = "0" />
		<Point X = "227" Y = "202" T = "0" Pressure = "0" />
		<Point X = "226" Y = "202" T = "0" Pressure = "0" />
		<Point X = "225" Y = "202" T = "0" Pressure = "0" />
		<Point X = "224" Y = "202" T = "0" Pressure = "0" />
		<Point X = "222" Y = "202" T = "0" Pressure = "0" />
		<Point X = "221" Y = "202" T = "0" Pressure = "0" />
		<Point X = "220" Y = "202" T = "0" Pressure = "0" />
	</Stroke>
</Gesture>
