<?xml version="1.0" encoding="utf-8" standalone="yes"?>
<Gesture Name = "spiral">
	<Stroke>
		<Point X = "184" Y = "41" T = "0" Pressure = "0" />
		<Point X = "183" Y = "40" T = "0" Pressure = "0" />
		<Point X = "181" Y = "40" T = "0" Pressure = "0" />
		<Point X = "178" Y = "40" T = "0" Pressure = "0" />
		<Point X = "172" Y = "40" T = "0" Pressure = "0" />
		<Point X = "169" Y = "40" T = "0" Pressure = "0" />
		<Point X = "165" Y = "41" T = "0" Pressure = "0" />
		<Point X = "163" Y = "42" T = "0" Pressure = "0" />
		<Point X = "159" Y = "43" T = "0" Pressure = "0" />
		<Point X = "155" Y = "43" T = "0" Pressure = "0" />
		<Point X = "153" Y = "45" T = "0" Pressure = "0" />
		<Point X = "150" Y = "46" T = "0" Pressure = "0" />
		<Point X = "147" Y = "47" T = "0" Pressure = "0" />
		<Point X = "145" Y = "49" T = "0" Pressure = "0" />
		<Point X = "143" Y = "50" T = "0" Pressure = "0" />
		<Point X = "140" Y = "50" T = "0" Pressure = "0" />
		<Point X = "136" Y = "52" T = "0" Pressure = "0" />
		<Point X = "134" Y = "54" T = "0" Pressure = "0" />
		<Point X = "128" Y = "56" T = "0" Pressure = "0" />
		<Point X = "122" Y = "58" T = "0" Pressure = "0" />
		<Point X = "121" Y = "59" T = "0" Pressure = "0" />
		<Point X = "118" Y = "61" T = "0" Pressure = "0" />
		<Point X = "117" Y = "61" T = "0" Pressure = "0" />
		<Point X = "114" Y = "64" T = "0" Pressure = "0" />
		<Point X = "113" Y = "66" T = "0" Pressure = "0" />
		<Point X = "109" Y = "70" T = "0" Pressure = "0" />
		<Point X = "109" Y = "72" T = "0" Pressure = "0" />
		<Point X = "108" Y = "76" T = "0" Pressure = "0" />
		<Point X = "108" Y = "78" T = "0" Pressure = "0" />
		<Point X = "108" Y = "81" T = "0" Pressure = "0" />
		<Point X = "108" Y = "84" T = "0" Pressure = "0" />
		<Point X = "108" Y = "87" T = "0" Pressure = "0" />
		<Point X = "108" Y = "88" T = "0" Pressure = "0" />
		<Point X = "108" Y = "91" T = "0" Pressure = "0" />
		<Point X = "108" Y = "93" T = "0" Pressure = "0" />
		<Point X = "108" Y = "97" T = "0" Pressure = "0" />
		<Point X = "108" Y = "100" T = "0" Pressure = "0" />
		<Point X = "108" Y = "104" T = "0" Pressure = "0" />
		<Point X = "108" Y = "108" T = "0" Pressure = "0" />
		<Point X = "111" Y = "113" T = "0" Pressure = "0" />
		<Point X = "113" Y = "118" T = "0" Pressure = "0" />
		<Point X = "117" Y = "123" T = "0" Pressure = "0" />
		<Point X = "121" Y = "129" T = "0" Pressure = "0" />
		<Point X = "124" Y = "135" T = "0" Pressure = "0" />
		<Point X = "127" Y = "138" T = "0" Pressure = "0" />
		<Point X = "130" Y = "143" T = "0" Pressure = "0" />
		<Point X = "132" Y = "150" T = "0" Pressure = "0" />
		<Point X = "134" Y = "155" T = "0" Pressure = "0" />
		<Point X = "136" Y = "161" T = "0" Pressure = "0" />
		<Point X = "140" Y = "166" T = "0" Pressure = "0" />
		<Point X = "146" Y = "174" T = "0" Pressure = "0" />
		<Point X = "151" Y = "179" T = "0" Pressure = "0" />
		<Point X = "157" Y = "183" T = "0" Pressure = "0" />
		<Point X = "161" Y = "184" T = "0" Pressure = "0" />
		<Point X = "168" Y = "185" T = "0" Pressure = "0" />
		<Point X = "173" Y = "186" T = "0" Pressure = "0" />
		<Point X = "174" Y = "186" T = "0" Pressure = "0" />
		<Point X = "177" Y = "186" T = "0" Pressure = "0" />
		<Point X = "179" Y = "186" T = "0" Pressure = "0" />
		<Point X = "181" Y = "186" T = "0" Pressure = "0" />
		<Point X = "184" Y = "186" T = "0" Pressure = "0" />
		<Point X = "186" Y = "186" T = "0" Pressure = "0" />
		<Point X = "189" Y = "186" T = "0" Pressure = "0" />
		<Point X = "192" Y = "183" T = "0" Pressure = "0" />
		<Point X = "194" Y = "181" T = "0" Pressure = "0" />
		<Point X = "198" Y = "177" T = "0" Pressure = "0" />
		<Point X = "199" Y = "175" T = "0" Pressure = "0" />
		<Point X = "201" Y = "172" T = "0" Pressure = "0" />
		<Point X = "203" Y = "170" T = "0" Pressure = "0" />
		<Point X = "205" Y = "167" T = "0" Pressure = "0" />
		<Point X = "205" Y = "166" T = "0" Pressure = "0" />
		<Point X = "206" Y = "165" T = "0" Pressure = "0" />
		<Point X = "207" Y = "164" T = "0" Pressure = "0" />
		<Point X = "210" Y = "158" T = "0" Pressure = "0" />
		<Point X = "211" Y = "155" T = "0" Pressure = "0" />
		<Point X = "214" Y = "145" T = "0" Pressure = "0" />
		<Point X = "215" Y = "139" T = "0" Pressure = "0" />
		<Point X = "215" Y = "132" T = "0" Pressure = "0" />
		<Point X = "215" Y = "125" T = "0" Pressure = "0" />
		<Point X = "215" Y = "121" T = "0" Pressure = "0" />
		<Point X = "215" Y = "117" T = "0" Pressure = "0" />
		<Point X = "215" Y = "113" T = "0" Pressure = "0" />
		<Point X = "215" Y = "110" T = "0" Pressure = "0" />
		<Point X = "215" Y = "108" T = "0" Pressure = "0" />
		<Point X = "215" Y = "106" T = "0" Pressure = "0" />
		<Point X = "215" Y = "105" T = "0" Pressure = "0" />
		<Point X = "214" Y = "103" T = "0" Pressure = "0" />
		<Point X = "213" Y = "102" T = "0" Pressure = "0" />
		<Point X = "209" Y = "100" T = "0" Pressure = "0" />
		<Point X = "206" Y = "99" T = "0" Pressure = "0" />
		<Point X = "201" Y = "97" T = "0" Pressure = "0" />
		<Point X = "197" Y = "96" T = "0" Pressure = "0" />
		<Point X = "192" Y = "93" T = "0" Pressure = "0" />
		<Point X = "191" Y = "92" T = "0" Pressure = "0" />
		<Point X = "189" Y = "91" T = "0" Pressure = "0" />
		<Point X = "188" Y = "91" T = "0" Pressure = "0" />
		<Point X = "186" Y = "91" T = "0" Pressure = "0" />
		<Point X = "184" Y = "89" T = "0" Pressure = "0" />
		<Point X = "183" Y = "88" T = "0" Pressure = "0" />
		<Point X = "181" Y = "87" T = "0" Pressure = "0" />
		<Point X = "179" Y = "87" T = "0" Pressure = "0" />
		<Point X = "176" Y = "86" T = "0" Pressure = "0" />
		<Point X = "174" Y = "86" T = "0" Pressure = "0" />
		<Point X = "171" Y = "86" T = "0" Pressure = "0" />
		<Point X = "168" Y = "86" T = "0" Pressure = "0" />
		<Point X = "167" Y = "86" T = "0" Pressure = "0" />
		<Point X = "165" Y = "86" T = "0" Pressure = "0" />
		<Point X = "164" Y = "86" T = "0" Pressure = "0" />
		<Point X = "163" Y = "86" T = "0" Pressure = "0" />
		<Point X = "162" Y = "86" T = "0" Pressure = "0" />
		<Point X = "161" Y = "86" T = "0" Pressure = "0" />
		<Point X = "160" Y = "86" T = "0" Pressure = "0" />
		<Point X = "158" Y = "86" T = "0" Pressure = "0" />
		<Point X = "157" Y = "87" T = "0" Pressure = "0" />
		<Point X = "156" Y = "88" T = "0" Pressure = "0" />
		<Point X = "156" Y = "90" T = "0" Pressure = "0" />
		<Point X = "156" Y = "91" T = "0" Pressure = "0" />
		<Point X = "154" Y = "93" T = "0" Pressure = "0" />
		<Point X = "153" Y = "95" T = "0" Pressure = "0" />
		<Point X = "153" Y = "96" T = "0" Pressure = "0" />
		<Point X = "153" Y = "99" T = "0" Pressure = "0" />
		<Point X = "153" Y = "100" T = "0" Pressure = "0" />
		<Point X = "153" Y = "102" T = "0" Pressure = "0" />
		<Point X = "153" Y = "106" T = "0" Pressure = "0" />
		<Point X = "152" Y = "110" T = "0" Pressure = "0" />
		<Point X = "152" Y = "112" T = "0" Pressure = "0" />
		<Point X = "152" Y = "115" T = "0" Pressure = "0" />
		<Point X = "150" Y = "119" T = "0" Pressure = "0" />
		<Point X = "150" Y = "123" T = "0" Pressure = "0" />
		<Point X = "150" Y = "126" T = "0" Pressure = "0" />
		<Point X = "150" Y = "129" T = "0" Pressure = "0" />
		<Point X = "150" Y = "132" T = "0" Pressure = "0" />
		<Point X = "150" Y = "134" T = "0" Pressure = "0" />
		<Point X = "150" Y = "136" T = "0" Pressure = "0" />
		<Point X = "151" Y = "138" T = "0" Pressure = "0" />
		<Point X = "151" Y = "142" T = "0" Pressure = "0" />
		<Point X = "153" Y = "144" T = "0" Pressure = "0" />
		<Point X = "154" Y = "145" T = "0" Pressure = "0" />
		<Point X = "155" Y = "146" T = "0" Pressure = "0" />
		<Point X = "156" Y = "147" T = "0" Pressure = "0" />
		<Point X = "157" Y = "147" T = "0" Pressure = "0" />
		<Point X = "160" Y = "148" T = "0" Pressure = "0" />
		<Point X = "163" Y = "149" T = "0" Pressure = "0" />
		<Point X = "165" Y = "150" T = "0" Pressure = "0" />
		<Point X = "168" Y = "150" T = "0" Pressure = "0" />
		<Point X = "173" Y = "152" T = "0" Pressure = "0" />
		<Point X = "175" Y = "152" T = "0" Pressure = "0" />
		<Point X = "178" Y = "153" T = "0" Pressure = "0" />
		<Point X = "180" Y = "154" T = "0" Pressure = "0" />
		<Point X = "181" Y = "154" T = "0" Pressure = "0" />
		<Point X = "182" Y = "154" T = "0" Pressure = "0" />
		<Point X = "183" Y = "154" T = "0" Pressure = "0" />
		<Point X = "186" Y = "154" T = "0" Pressure = "0" />
		<Point X = "189" Y = "154" T = "0" Pressure = "0" />
		<Point X = "190" Y = "154" T = "0" Pressure = "0" />
		<Point X = "191" Y = "153" T = "0" Pressure = "0" />
		<Point X = "193" Y = "152" T = "0" Pressure = "0" />
		<Point X = "194" Y = "150" T = "0" Pressure = "0" />
		<Point X = "194" Y = "148" T = "0" Pressure = "0" />
		<Point X = "194" Y = "146" T = "0" Pressure = "0" />
		<Point X = "194" Y = "145" T = "0" Pressure = "0" />
		<Point X = "194" Y = "143" T = "0" Pressure = "0" />
		<Point X = "194" Y = "141" T = "0" Pressure = "0" />
		<Point X = "194" Y = "138" T = "0" Pressure = "0" />
		<Point X = "192" Y = "136" T = "0" Pressure = "0" />
		<Point X = "190" Y = "133" T = "0" Pressure = "0" />
		<Point X = "188" Y = "129" T = "0" Pressure = "0" />
		<Point X = "185" Y = "125" T = "0" Pressure = "0" />
		<Point X = "184" Y = "122" T = "0" Pressure = "0" />
		<Point X = "183" Y = "121" T = "0" Pressure = "0" />
		<Point X = "181" Y = "119" T = "0" Pressure = "0" />
		<Point X = "181" Y = "118" T = "0" Pressure = "0" />
		<Point X = "181" Y = "117" T = "0" Pressure = "0" />
		<Point X = "181" Y = "116" T = "0" Pressure = "0" />
		<Point X = "180" Y = "115" T = "0" Pressure = "0" />
		<Point X = "180" Y = "114" T = "0" Pressure = "0" />
		<Point X = "179" Y = "114" T = "0" Pressure = "0" />
		<Point X = "178" Y = "114" T = "0" Pressure = "0" />
		<Point X = "177" Y = "113" T = "0" Pressure = "0" />
		<Point X = "176" Y = "113" T = "0" Pressure = "0" />
		<Point X = "175" Y = "113" T = "0" Pressure = "0" />
		<Point X = "174" Y = "113" T = "0" Pressure = "0" />
		<Point X = "174" Y = "115" T = "0" Pressure = "0" />
		<Point X = "173" Y = "115" T = "0" Pressure = "0" />
		<Point X = "172" Y = "116" T = "0" Pressure = "0" />
		<Point X = "172" Y = "117" T = "0" Pressure = "0" />
		<Point X = "172" Y = "118" T = "0" Pressure = "0" />
		<Point X = "171" Y = "120" T = "0" Pressure = "0" />
		<Point X = "171" Y = "121" T = "0" Pressure = "0" />
		<Point X = "171" Y = "122" T = "0" Pressure = "0" />
		<Point X = "171" Y = "123" T = "0" Pressure = "0" />
		<Point X = "171" Y = "124" T = "0" Pressure = "0" />
		<Point X = "171" Y = "125" T = "0" Pressure = "0" />
		<Point X = "171" Y = "126" T = "0" Pressure = "0" />
		<Point X = "171" Y = "127" T = "0" Pressure = "0" />
		<Point X = "171" Y = "128" T = "0" Pressure = "0" />
		<Point X = "171" Y = "129" T = "0" Pressure = "0" />
		<Point X = "171" Y = "130" T = "0" Pressure = "0" />
		<Point X = "171" Y = "131" T = "0" Pressure = "0" />
		<Point X = "171" Y = "133" T = "0" Pressure = "0" />
		<Point X = "171" Y = "134" T = "0" Pressure = "0" />
		<Point X = "172" Y = "134" T = "0" Pressure = "0" />
	</Stroke>
</Gesture>
