<?xml version="1.0" encoding="utf-8" standalone="yes"?>
<Gesture Name = "spiral">
	<Stroke>
		<Point X = "245" Y = "234" T = "0" Pressure = "0" />
		<Point X = "246" Y = "234" T = "0" Pressure = "0" />
		<Point X = "248" Y = "234" T = "0" Pressure = "0" />
		<Point X = "249" Y = "234" T = "0" Pressure = "0" />
		<Point X = "252" Y = "233" T = "0" Pressure = "0" />
		<Point X = "253" Y = "233" T = "0" Pressure = "0" />
		<Point X = "255" Y = "233" T = "0" Pressure = "0" />
		<Point X = "257" Y = "233" T = "0" Pressure = "0" />
		<Point X = "259" Y = "232" T = "0" Pressure = "0" />
		<Point X = "260" Y = "232" T = "0" Pressure = "0" />
		<Point X = "263" Y = "231" T = "0" Pressure = "0" />
		<Point X = "265" Y = "231" T = "0" Pressure = "0" />
		<Point X = "270" Y = "231" T = "0" Pressure = "0" />
		<Point X = "275" Y = "231" T = "0" Pressure = "0" />
		<Point X = "281" Y = "229" T = "0" Pressure = "0" />
		<Point X = "288" Y = "228" T = "0" Pressure = "0" />
		<Point X = "294" Y = "228" T = "0" Pressure = "0" />
		<Point X = "301" Y = "228" T = "0" Pressure = "0" />
		<Point X = "305" Y = "228" T = "0" Pressure = "0" />
		<Point X = "308" Y = "228" T = "0" Pressure = "0" />
		<Point X = "310" Y = "228" T = "0" Pressure = "0" />
		<Point X = "312" Y = "228" T = "0" Pressure = "0" />
		<Point X = "315" Y = "228" T = "0" Pressure = "0" />
		<Point X = "316" Y = "228" T = "0" Pressure = "0" />
		<Point X = "318" Y = "228" T = "0" Pressure = "0" />
		<Point X = "320" Y = "229" T = "0" Pressure = "0" />
		<Point X = "324" Y = "230" T = "0" Pressure = "0" />
		<Point X = "327" Y = "233" T = "0" Pressure = "0" />
		<Point X = "331" Y = "237" T = "0" Pressure = "0" />
		<Point X = "335" Y = "239" T = "0" Pressure = "0" />
		<Point X = "338" Y = "243" T = "0" Pressure = "0" />
		<Point X = "343" Y = "247" T = "0" Pressure = "0" />
		<Point X = "346" Y = "249" T = "0" Pressure = "0" />
		<Point X = "347" Y = "251" T = "0" Pressure = "0" />
		<Point X = "349" Y = "253" T = "0" Pressure = "0" />
		<Point X = "350" Y = "254" T = "0" Pressure = "0" />
		<Point X = "351" Y = "254" T = "0" Pressure = "0" />
		<Point X = "351" Y = "257" T = "0" Pressure = "0" />
		<Point X = "351" Y = "260" T = "0" Pressure = "0" />
		<Point X = "351" Y = "265" T = "0" Pressure = "0" />
		<Point X = "351" Y = "269" T = "0" Pressure = "0" />
		<Point X = "351" Y = "274" T = "0" Pressure = "0" />
		<Point X = "351" Y = "279" T = "0" Pressure = "0" />
		<Point X = "350" Y = "284" T = "0" Pressure = "0" />
		<Point X = "349" Y = "289" T = "0" Pressure = "0" />
		<Point X = "348" Y = "292" T = "0" Pressure = "0" />
		<Point X = "345" Y = "297" T = "0" Pressure = "0" />
		<Point X = "344" Y = "299" T = "0" Pressure = "0" />
		<Point X = "343" Y = "302" T = "0" Pressure = "0" />
		<Point X = "341" Y = "304" T = "0" Pressure = "0" />
		<Point X = "340" Y = "304" T = "0" Pressure = "0" />
		<Point X = "339" Y = "306" T = "0" Pressure = "0" />
		<Point X = "337" Y = "306" T = "0" Pressure = "0" />
		<Point X = "335" Y = "306" T = "0" Pressure = "0" />
		<Point X = "333" Y = "307" T = "0" Pressure = "0" />
		<Point X = "330" Y = "307" T = "0" Pressure = "0" />
		<Point X = "327" Y = "308" T = "0" Pressure = "0" />
		<Point X = "321" Y = "309" T = "0" Pressure = "0" />
		<Point X = "315" Y = "312" T = "0" Pressure = "0" />
		<Point X = "309" Y = "312" T = "0" Pressure = "0" />
		<Point X = "307" Y = "312" T = "0" Pressure = "0" />
		<Point X = "303" Y = "313" T = "0" Pressure = "0" />
		<Point X = "300" Y = "313" T = "0" Pressure = "0" />
		<Point X = "296" Y = "314" T = "0" Pressure = "0" />
		<Point X = "291" Y = "314" T = "0" Pressure = "0" />
		<Point X = "287" Y = "315" T = "0" Pressure = "0" />
		<Point X = "282" Y = "317" T = "0" Pressure = "0" />
		<Point X = "279" Y = "317" T = "0" Pressure = "0" />
		<Point X = "276" Y = "317" T = "0" Pressure = "0" />
		<Point X = "275" Y = "317" T = "0" Pressure = "0" />
		<Point X = "270" Y = "316" T = "0" Pressure = "0" />
		<Point X = "270" Y = "314" T = "0" Pressure = "0" />
		<Point X = "266" Y = "310" T = "0" Pressure = "0" />
		<Point X = "263" Y = "305" T = "0" Pressure = "0" />
		<Point X = "262" Y = "303" T = "0" Pressure = "0" />
		<Point X = "260" Y = "298" T = "0" Pressure = "0" />
		<Point X = "258" Y = "294" T = "0" Pressure = "0" />
		<Point X = "258" Y = "292" T = "0" Pressure = "0" />
		<Point X = "258" Y = "291" T = "0" Pressure = "0" />
		<Point X = "258" Y = "288" T = "0" Pressure = "0" />
		<Point X = "258" Y = "287" T = "0" Pressure = "0" />
		<Point X = "258" Y = "284" T = "0" Pressure = "0" />
		<Point X = "259" Y = "281" T = "0" Pressure = "0" />
		<Point X = "260" Y = "278" T = "0" Pressure = "0" />
		<Point X = "262" Y = "275" T = "0" Pressure = "0" />
		<Point X = "264" Y = "272" T = "0" Pressure = "0" />
		<Point X = "265" Y = "270" T = "0" Pressure = "0" />
		<Point X = "267" Y = "267" T = "0" Pressure = "0" />
		<Point X = "268" Y = "265" T = "0" Pressure = "0" />
		<Point X = "270" Y = "263" T = "0" Pressure = "0" />
		<Point X = "272" Y = "261" T = "0" Pressure = "0" />
		<Point X = "274" Y = "260" T = "0" Pressure = "0" />
		<Point X = "276" Y = "258" T = "0" Pressure = "0" />
		<Point X = "279" Y = "256" T = "0" Pressure = "0" />
		<Point X = "280" Y = "254" T = "0" Pressure = "0" />
		<Point X = "281" Y = "253" T = "0" Pressure = "0" />
		<Point X = "283" Y = "252" T = "0" Pressure = "0" />
		<Point X = "284" Y = "251" T = "0" Pressure = "0" />
		<Point X = "285" Y = "251" T = "0" Pressure = "0" />
		<Point X = "286" Y = "251" T = "0" Pressure = "0" />
		<Point X = "287" Y = "250" T = "0" Pressure = "0" />
		<Point X = "288" Y = "250" T = "0" Pressure = "0" />
		<Point X = "289" Y = "250" T = "0" Pressure = "0" />
		<Point X = "292" Y = "250" T = "0" Pressure = "0" />
		<Point X = "296" Y = "252" T = "0" Pressure = "0" />
		<Point X = "298" Y = "254" T = "0" Pressure = "0" />
		<Point X = "300" Y = "256" T = "0" Pressure = "0" />
		<Point X = "302" Y = "258" T = "0" Pressure = "0" />
		<Point X = "303" Y = "258" T = "0" Pressure = "0" />
		<Point X = "304" Y = "259" T = "0" Pressure = "0" />
		<Point X = "305" Y = "260" T = "0" Pressure = "0" />
		<Point X = "306" Y = "261" T = "0" Pressure = "0" />
		<Point X = "307" Y = "262" T = "0" Pressure = "0" />
		<Point X = "308" Y = "264" T = "0" Pressure = "0" />
		<Point X = "308" Y = "266" T = "0" Pressure = "0" />
		<Point X = "309" Y = "268" T = "0" Pressure = "0" />
		<Point X = "310" Y = "268" T = "0" Pressure = "0" />
		<Point X = "310" Y = "270" T = "0" Pressure = "0" />
		<Point X = "310" Y = "273" T = "0" Pressure = "0" />
		<Point X = "310" Y = "274" T = "0" Pressure = "0" />
		<Point X = "310" Y = "278" T = "0" Pressure = "0" />
		<Point X = "310" Y = "281" T = "0" Pressure = "0" />
		<Point X = "310" Y = "282" T = "0" Pressure = "0" />
		<Point X = "310" Y = "284" T = "0" Pressure = "0" />
		<Point X = "310" Y = "286" T = "0" Pressure = "0" />
		<Point X = "309" Y = "286" T = "0" Pressure = "0" />
		<Point X = "309" Y = "287" T = "0" Pressure = "0" />
		<Point X = "308" Y = "288" T = "0" Pressure = "0" />
		<Point X = "307" Y = "289" T = "0" Pressure = "0" />
		<Point X = "306" Y = "289" T = "0" Pressure = "0" />
		<Point X = "305" Y = "289" T = "0" Pressure = "0" />
		<Point X = "304" Y = "289" T = "0" Pressure = "0" />
		<Point X = "303" Y = "289" T = "0" Pressure = "0" />
		<Point X = "302" Y = "289" T = "0" Pressure = "0" />
		<Point X = "300" Y = "289" T = "0" Pressure = "0" />
		<Point X = "299" Y = "289" T = "0" Pressure = "0" />
		<Point X = "298" Y = "289" T = "0" Pressure = "0" />
		<Point X = "297" Y = "289" T = "0" Pressure = "0" />
		<Point X = "296" Y = "289" T = "0" Pressure = "0" />
		<Point X = "295" Y = "289" T = "0" Pressure = "0" />
		<Point X = "294" Y = "289" T = "0" Pressure = "0" />
		<Point X = "293" Y = "289" T = "0" Pressure = "0" />
		<Point X = "292" Y = "288" T = "0" Pressure = "0" />
		<Point X = "291" Y = "286" T = "0" Pressure = "0" />
		<Point X = "291" Y = "284" T = "0" Pressure = "0" />
		<Point X = "291" Y = "283" T = "0" Pressure = "0" />
		<Point X = "290" Y = "282" T = "0" Pressure = "0" />
		<Point X = "290" Y = "281" T = "0" Pressure = "0" />
		<Point X = "290" Y = "280" T = "0" Pressure = "0" />
		<Point X = "290" Y = "279" T = "0" Pressure = "0" />
		<Point X = "290" Y = "277" T = "0" Pressure = "0" />
		<Point X = "290" Y = "275" T = "0" Pressure = "0" />
		<Point X = "290" Y = "273" T = "0" Pressure = "0" />
		<Point X = "290" Y = "272" T = "0" Pressure = "0" />
		<Point X = "290" Y = "271" T = "0" Pressure = "0" />
		<Point X = "290" Y = "270" T = "0" Pressure = "0" />
	</Stroke>
</Gesture>
