<?xml version="1.0" encoding="utf-8" standalone="yes"?>
<Gesture Name = "spiral">
	<Stroke>
		<Point X = "61" Y = "113" T = "0" Pressure = "0" />
		<Point X = "61" Y = "115" T = "0" Pressure = "0" />
		<Point X = "61" Y = "116" T = "0" Pressure = "0" />
		<Point X = "61" Y = "117" T = "0" Pressure = "0" />
		<Point X = "61" Y = "118" T = "0" Pressure = "0" />
		<Point X = "61" Y = "120" T = "0" Pressure = "0" />
		<Point X = "61" Y = "121" T = "0" Pressure = "0" />
		<Point X = "61" Y = "122" T = "0" Pressure = "0" />
		<Point X = "61" Y = "123" T = "0" Pressure = "0" />
		<Point X = "61" Y = "125" T = "0" Pressure = "0" />
		<Point X = "61" Y = "126" T = "0" Pressure = "0" />
		<Point X = "62" Y = "127" T = "0" Pressure = "0" />
		<Point X = "62" Y = "130" T = "0" Pressure = "0" />
		<Point X = "62" Y = "133" T = "0" Pressure = "0" />
		<Point X = "62" Y = "134" T = "0" Pressure = "0" />
		<Point X = "62" Y = "137" T = "0" Pressure = "0" />
		<Point X = "63" Y = "140" T = "0" Pressure = "0" />
		<Point X = "63" Y = "141" T = "0" Pressure = "0" />
		<Point X = "63" Y = "145" T = "0" Pressure = "0" />
		<Point X = "64" Y = "148" T = "0" Pressure = "0" />
		<Point X = "64" Y = "151" T = "0" Pressure = "0" />
		<Point X = "64" Y = "152" T = "0" Pressure = "0" />
		<Point X = "64" Y = "153" T = "0" Pressure = "0" />
		<Point X = "65" Y = "156" T = "0" Pressure = "0" />
		<Point X = "65" Y = "157" T = "0" Pressure = "0" />
		<Point X = "66" Y = "158" T = "0" Pressure = "0" />
		<Point X = "67" Y = "162" T = "0" Pressure = "0" />
		<Point X = "67" Y = "163" T = "0" Pressure = "0" />
		<Point X = "68" Y = "164" T = "0" Pressure = "0" />
		<Point X = "69" Y = "167" T = "0" Pressure = "0" />
		<Point X = "70" Y = "169" T = "0" Pressure = "0" />
		<Point X = "71" Y = "170" T = "0" Pressure = "0" />
		<Point X = "71" Y = "172" T = "0" Pressure = "0" />
		<Point X = "71" Y = "174" T = "0" Pressure = "0" />
		<Point X = "74" Y = "177" T = "0" Pressure = "0" />
		<Point X = "75" Y = "179" T = "0" Pressure = "0" />
		<Point X = "77" Y = "183" T = "0" Pressure = "0" />
		<Point X = "79" Y = "185" T = "0" Pressure = "0" />
		<Point X = "81" Y = "189" T = "0" Pressure = "0" />
		<Point X = "84" Y = "193" T = "0" Pressure = "0" />
		<Point X = "87" Y = "197" T = "0" Pressure = "0" />
		<Point X = "87" Y = "199" T = "0" Pressure = "0" />
		<Point X = "90" Y = "202" T = "0" Pressure = "0" />
		<Point X = "90" Y = "203" T = "0" Pressure = "0" />
		<Point X = "91" Y = "204" T = "0" Pressure = "0" />
		<Point X = "92" Y = "205" T = "0" Pressure = "0" />
		<Point X = "92" Y = "206" T = "0" Pressure = "0" />
		<Point X = "93" Y = "206" T = "0" Pressure = "0" />
		<Point X = "94" Y = "207" T = "0" Pressure = "0" />
		<Point X = "96" Y = "207" T = "0" Pressure = "0" />
		<Point X = "99" Y = "207" T = "0" Pressure = "0" />
		<Point X = "102" Y = "209" T = "0" Pressure = "0" />
		<Point X = "105" Y = "209" T = "0" Pressure = "0" />
		<Point X = "110" Y = "211" T = "0" Pressure = "0" />
		<Point X = "116" Y = "213" T = "0" Pressure = "0" />
		<Point X = "122" Y = "215" T = "0" Pressure = "0" />
		<Point X = "127" Y = "216" T = "0" Pressure = "0" />
		<Point X = "133" Y = "218" T = "0" Pressure = "0" />
		<Point X = "137" Y = "218" T = "0" Pressure = "0" />
		<Point X = "140" Y = "218" T = "0" Pressure = "0" />
		<Point X = "142" Y = "218" T = "0" Pressure = "0" />
		<Point X = "144" Y = "218" T = "0" Pressure = "0" />
		<Point X = "146" Y = "218" T = "0" Pressure = "0" />
		<Point X = "149" Y = "218" T = "0" Pressure = "0" />
		<Point X = "151" Y = "218" T = "0" Pressure = "0" />
		<Point X = "154" Y = "217" T = "0" Pressure = "0" />
		<Point X = "157" Y = "217" T = "0" Pressure = "0" />
		<Point X = "159" Y = "216" T = "0" Pressure = "0" />
		<Point X = "160" Y = "214" T = "0" Pressure = "0" />
		<Point X = "163" Y = "213" T = "0" Pressure = "0" />
		<Point X = "164" Y = "211" T = "0" Pressure = "0" />
		<Point X = "167" Y = "209" T = "0" Pressure = "0" />
		<Point X = "168" Y = "207" T = "0" Pressure = "0" />
		<Point X = "170" Y = "204" T = "0" Pressure = "0" />
		<Point X = "172" Y = "201" T = "0" Pressure = "0" />
		<Point X = "175" Y = "197" T = "0" Pressure = "0" />
		<Point X = "178" Y = "195" T = "0" Pressure = "0" />
		<Point X = "180" Y = "193" T = "0" Pressure = "0" />
		<Point X = "182" Y = "191" T = "0" Pressure = "0" />
		<Point X = "182" Y = "189" T = "0" Pressure = "0" />
		<Point X = "182" Y = "188" T = "0" Pressure = "0" />
		<Point X = "183" Y = "185" T = "0" Pressure = "0" />
		<Point X = "183" Y = "181" T = "0" Pressure = "0" />
		<Point X = "183" Y = "176" T = "0" Pressure = "0" />
		<Point X = "183" Y = "171" T = "0" Pressure = "0" />
		<Point X = "183" Y = "167" T = "0" Pressure = "0" />
		<Point X = "183" Y = "163" T = "0" Pressure = "0" />
		<Point X = "183" Y = "159" T = "0" Pressure = "0" />
		<Point X = "183" Y = "156" T = "0" Pressure = "0" />
		<Point X = "183" Y = "154" T = "0" Pressure = "0" />
		<Point X = "183" Y = "151" T = "0" Pressure = "0" />
		<Point X = "183" Y = "150" T = "0" Pressure = "0" />
		<Point X = "182" Y = "148" T = "0" Pressure = "0" />
		<Point X = "181" Y = "144" T = "0" Pressure = "0" />
		<Point X = "178" Y = "141" T = "0" Pressure = "0" />
		<Point X = "178" Y = "139" T = "0" Pressure = "0" />
		<Point X = "177" Y = "135" T = "0" Pressure = "0" />
		<Point X = "176" Y = "132" T = "0" Pressure = "0" />
		<Point X = "174" Y = "130" T = "0" Pressure = "0" />
		<Point X = "173" Y = "128" T = "0" Pressure = "0" />
		<Point X = "171" Y = "125" T = "0" Pressure = "0" />
		<Point X = "170" Y = "124" T = "0" Pressure = "0" />
		<Point X = "168" Y = "122" T = "0" Pressure = "0" />
		<Point X = "167" Y = "120" T = "0" Pressure = "0" />
		<Point X = "165" Y = "119" T = "0" Pressure = "0" />
		<Point X = "162" Y = "117" T = "0" Pressure = "0" />
		<Point X = "162" Y = "116" T = "0" Pressure = "0" />
		<Point X = "160" Y = "116" T = "0" Pressure = "0" />
		<Point X = "159" Y = "116" T = "0" Pressure = "0" />
		<Point X = "157" Y = "115" T = "0" Pressure = "0" />
		<Point X = "156" Y = "115" T = "0" Pressure = "0" />
		<Point X = "154" Y = "115" T = "0" Pressure = "0" />
		<Point X = "151" Y = "115" T = "0" Pressure = "0" />
		<Point X = "148" Y = "114" T = "0" Pressure = "0" />
		<Point X = "146" Y = "114" T = "0" Pressure = "0" />
		<Point X = "145" Y = "114" T = "0" Pressure = "0" />
		<Point X = "144" Y = "114" T = "0" Pressure = "0" />
		<Point X = "143" Y = "114" T = "0" Pressure = "0" />
		<Point X = "142" Y = "114" T = "0" Pressure = "0" />
		<Point X = "140" Y = "114" T = "0" Pressure = "0" />
		<Point X = "139" Y = "114" T = "0" Pressure = "0" />
		<Point X = "137" Y = "114" T = "0" Pressure = "0" />
		<Point X = "134" Y = "114" T = "0" Pressure = "0" />
		<Point X = "131" Y = "114" T = "0" Pressure = "0" />
		<Point X = "129" Y = "114" T = "0" Pressure = "0" />
		<Point X = "126" Y = "115" T = "0" Pressure = "0" />
		<Point X = "122" Y = "117" T = "0" Pressure = "0" />
		<Point X = "121" Y = "117" T = "0" Pressure = "0" />
		<Point X = "118" Y = "119" T = "0" Pressure = "0" />
		<Point X = "115" Y = "120" T = "0" Pressure = "0" />
		<Point X = "114" Y = "122" T = "0" Pressure = "0" />
		<Point X = "112" Y = "124" T = "0" Pressure = "0" />
		<Point X = "109" Y = "127" T = "0" Pressure = "0" />
		<Point X = "107" Y = "129" T = "0" Pressure = "0" />
		<Point X = "105" Y = "131" T = "0" Pressure = "0" />
		<Point X = "103" Y = "134" T = "0" Pressure = "0" />
		<Point X = "102" Y = "135" T = "0" Pressure = "0" />
		<Point X = "101" Y = "137" T = "0" Pressure = "0" />
		<Point X = "100" Y = "139" T = "0" Pressure = "0" />
		<Point X = "100" Y = "140" T = "0" Pressure = "0" />
		<Point X = "100" Y = "142" T = "0" Pressure = "0" />
		<Point X = "100" Y = "143" T = "0" Pressure = "0" />
		<Point X = "100" Y = "145" T = "0" Pressure = "0" />
		<Point X = "100" Y = "148" T = "0" Pressure = "0" />
		<Point X = "100" Y = "150" T = "0" Pressure = "0" />
		<Point X = "100" Y = "153" T = "0" Pressure = "0" />
		<Point X = "101" Y = "154" T = "0" Pressure = "0" />
		<Point X = "101" Y = "155" T = "0" Pressure = "0" />
		<Point X = "102" Y = "158" T = "0" Pressure = "0" />
		<Point X = "104" Y = "160" T = "0" Pressure = "0" />
		<Point X = "106" Y = "161" T = "0" Pressure = "0" />
		<Point X = "107" Y = "162" T = "0" Pressure = "0" />
		<Point X = "109" Y = "164" T = "0" Pressure = "0" />
		<Point X = "112" Y = "165" T = "0" Pressure = "0" />
		<Point X = "112" Y = "166" T = "0" Pressure = "0" />
		<Point X = "113" Y = "166" T = "0" Pressure = "0" />
		<Point X = "115" Y = "167" T = "0" Pressure = "0" />
		<Point X = "115" Y = "168" T = "0" Pressure = "0" />
		<Point X = "117" Y = "168" T = "0" Pressure = "0" />
		<Point X = "117" Y = "169" T = "0" Pressure = "0" />
		<Point X = "122" Y = "171" T = "0" Pressure = "0" />
		<Point X = "123" Y = "172" T = "0" Pressure = "0" />
		<Point X = "126" Y = "173" T = "0" Pressure = "0" />
		<Point X = "130" Y = "174" T = "0" Pressure = "0" />
		<Point X = "132" Y = "175" T = "0" Pressure = "0" />
		<Point X = "134" Y = "177" T = "0" Pressure = "0" />
		<Point X = "137" Y = "177" T = "0" Pressure = "0" />
		<Point X = "138" Y = "177" T = "0" Pressure = "0" />
		<Point X = "139" Y = "177" T = "0" Pressure = "0" />
		<Point X = "140" Y = "177" T = "0" Pressure = "0" />
		<Point X = "141" Y = "177" T = "0" Pressure = "0" />
		<Point X = "143" Y = "177" T = "0" Pressure = "0" />
		<Point X = "144" Y = "177" T = "0" Pressure = "0" />
		<Point X = "145" Y = "177" T = "0" Pressure = "0" />
		<Point X = "146" Y = "176" T = "0" Pressure = "0" />
		<Point X = "148" Y = "174" T = "0" Pressure = "0" />
		<Point X = "148" Y = "172" T = "0" Pressure = "0" />
		<Point X = "149" Y = "170" T = "0" Pressure = "0" />
		<Point X = "150" Y = "167" T = "0" Pressure = "0" />
		<Point X = "150" Y = "165" T = "0" Pressure = "0" />
		<Point X = "151" Y = "165" T = "0" Pressure = "0" />
		<Point X = "151" Y = "162" T = "0" Pressure = "0" />
		<Point X = "151" Y = "159" T = "0" Pressure = "0" />
		<Point X = "151" Y = "157" T = "0" Pressure = "0" />
		<Point X = "151" Y = "155" T = "0" Pressure = "0" />
		<Point X = "151" Y = "153" T = "0" Pressure = "0" />
		<Point X = "151" Y = "150" T = "0" Pressure = "0" />
		<Point X = "150" Y = "149" T = "0" Pressure = "0" />
		<Point X = "150" Y = "148" T = "0" Pressure = "0" />
		<Point X = "149" Y = "147" T = "0" Pressure = "0" />
		<Point X = "148" Y = "146" T = "0" Pressure = "0" />
		<Point X = "147" Y = "145" T = "0" Pressure = "0" />
		<Point X = "147" Y = "144" T = "0" Pressure = "0" />
		<Point X = "146" Y = "143" T = "0" Pressure = "0" />
		<Point X = "145" Y = "143" T = "0" Pressure = "0" />
		<Point X = "144" Y = "142" T = "0" Pressure = "0" />
		<Point X = "142" Y = "141" T = "0" Pressure = "0" />
		<Point X = "141" Y = "140" T = "0" Pressure = "0" />
		<Point X = "140" Y = "140" T = "0" Pressure = "0" />
		<Point X = "139" Y = "140" T = "0" Pressure = "0" />
		<Point X = "138" Y = "138" T = "0" Pressure = "0" />
		<Point X = "137" Y = "138" T = "0" Pressure = "0" />
		<Point X = "136" Y = "138" T = "0" Pressure = "0" />
		<Point X = "135" Y = "138" T = "0" Pressure = "0" />
		<Point X = "133" Y = "138" T = "0" Pressure = "0" />
		<Point X = "132" Y = "139" T = "0" Pressure = "0" />
		<Point X = "132" Y = "140" T = "0" Pressure = "0" />
		<Point X = "131" Y = "141" T = "0" Pressure = "0" />
		<Point X = "130" Y = "141" T = "0" Pressure = "0" />
		<Point X = "129" Y = "143" T = "0" Pressure = "0" />
		<Point X = "129" Y = "145" T = "0" Pressure = "0" />
		<Point X = "128" Y = "146" T = "0" Pressure = "0" />
		<Point X = "128" Y = "148" T = "0" Pressure = "0" />
		<Point X = "128" Y = "150" T = "0" Pressure = "0" />
		<Point X = "127" Y = "151" T = "0" Pressure = "0" />
		<Point X = "127" Y = "153" T = "0" Pressure = "0" />
		<Point X = "127" Y = "154" T = "0" Pressure = "0" />
		<Point X = "127" Y = "155" T = "0" Pressure = "0" />
		<Point X = "128" Y = "156" T = "0" Pressure = "0" />
		<Point X = "129" Y = "156" T = "0" Pressure = "0" />
		<Point X = "130" Y = "157" T = "0" Pressure = "0" />
		<Point X = "131" Y = "157" T = "0" Pressure = "0" />
		<Point X = "132" Y = "157" T = "0" Pressure = "0" />
		<Point X = "133" Y = "157" T = "0" Pressure = "0" />
		<Point X = "134" Y = "157" T = "0" Pressure = "0" />
		<Point X = "136" Y = "157" T = "0" Pressure = "0" />
		<Point X = "137" Y = "157" T = "0" Pressure = "0" />
	</Stroke>
</Gesture>
