<?xml version="1.0" encoding="utf-8" standalone="yes"?>
<Gesture Name = "spiral">
	<Stroke>
		<Point X = "165" Y = "331" T = "0" Pressure = "0" />
		<Point X = "166" Y = "330" T = "0" Pressure = "0" />
		<Point X = "169" Y = "330" T = "0" Pressure = "0" />
		<Point X = "174" Y = "329" T = "0" Pressure = "0" />
		<Point X = "179" Y = "325" T = "0" Pressure = "0" />
		<Point X = "183" Y = "322" T = "0" Pressure = "0" />
		<Point X = "189" Y = "316" T = "0" Pressure = "0" />
		<Point X = "193" Y = "308" T = "0" Pressure = "0" />
		<Point X = "195" Y = "301" T = "0" Pressure = "0" />
		<Point X = "198" Y = "294" T = "0" Pressure = "0" />
		<Point X = "199" Y = "287" T = "0" Pressure = "0" />
		<Point X = "200" Y = "280" T = "0" Pressure = "0" />
		<Point X = "200" Y = "274" T = "0" Pressure = "0" />
		<Point X = "200" Y = "266" T = "0" Pressure = "0" />
		<Point X = "200" Y = "260" T = "0" Pressure = "0" />
		<Point X = "200" Y = "256" T = "0" Pressure = "0" />
		<Point X = "200" Y = "250" T = "0" Pressure = "0" />
		<Point X = "198" Y = "246" T = "0" Pressure = "0" />
		<Point X = "196" Y = "241" T = "0" Pressure = "0" />
		<Point X = "194" Y = "234" T = "0" Pressure = "0" />
		<Point X = "191" Y = "229" T = "0" Pressure = "0" />
		<Point X = "187" Y = "223" T = "0" Pressure = "0" />
		<Point X = "185" Y = "221" T = "0" Pressure = "0" />
		<Point X = "181" Y = "218" T = "0" Pressure = "0" />
		<Point X = "176" Y = "217" T = "0" Pressure = "0" />
		<Point X = "171" Y = "214" T = "0" Pressure = "0" />
		<Point X = "167" Y = "214" T = "0" Pressure = "0" />
		<Point X = "160" Y = "214" T = "0" Pressure = "0" />
		<Point X = "152" Y = "214" T = "0" Pressure = "0" />
		<Point X = "145" Y = "214" T = "0" Pressure = "0" />
		<Point X = "136" Y = "214" T = "0" Pressure = "0" />
		<Point X = "127" Y = "215" T = "0" Pressure = "0" />
		<Point X = "120" Y = "218" T = "0" Pressure = "0" />
		<Point X = "115" Y = "219" T = "0" Pressure = "0" />
		<Point X = "113" Y = "220" T = "0" Pressure = "0" />
		<Point X = "111" Y = "221" T = "0" Pressure = "0" />
		<Point X = "109" Y = "222" T = "0" Pressure = "0" />
		<Point X = "107" Y = "224" T = "0" Pressure = "0" />
		<Point X = "105" Y = "225" T = "0" Pressure = "0" />
		<Point X = "103" Y = "227" T = "0" Pressure = "0" />
		<Point X = "101" Y = "229" T = "0" Pressure = "0" />
		<Point X = "100" Y = "232" T = "0" Pressure = "0" />
		<Point X = "97" Y = "236" T = "0" Pressure = "0" />
		<Point X = "96" Y = "239" T = "0" Pressure = "0" />
		<Point X = "96" Y = "242" T = "0" Pressure = "0" />
		<Point X = "96" Y = "245" T = "0" Pressure = "0" />
		<Point X = "96" Y = "248" T = "0" Pressure = "0" />
		<Point X = "96" Y = "251" T = "0" Pressure = "0" />
		<Point X = "96" Y = "253" T = "0" Pressure = "0" />
		<Point X = "96" Y = "254" T = "0" Pressure = "0" />
		<Point X = "96" Y = "258" T = "0" Pressure = "0" />
		<Point X = "99" Y = "261" T = "0" Pressure = "0" />
		<Point X = "102" Y = "266" T = "0" Pressure = "0" />
		<Point X = "107" Y = "271" T = "0" Pressure = "0" />
		<Point X = "110" Y = "272" T = "0" Pressure = "0" />
		<Point X = "114" Y = "275" T = "0" Pressure = "0" />
		<Point X = "118" Y = "278" T = "0" Pressure = "0" />
		<Point X = "122" Y = "281" T = "0" Pressure = "0" />
		<Point X = "125" Y = "281" T = "0" Pressure = "0" />
		<Point X = "127" Y = "282" T = "0" Pressure = "0" />
		<Point X = "130" Y = "282" T = "0" Pressure = "0" />
		<Point X = "132" Y = "282" T = "0" Pressure = "0" />
		<Point X = "133" Y = "284" T = "0" Pressure = "0" />
		<Point X = "135" Y = "284" T = "0" Pressure = "0" />
		<Point X = "136" Y = "284" T = "0" Pressure = "0" />
		<Point X = "139" Y = "284" T = "0" Pressure = "0" />
		<Point X = "142" Y = "284" T = "0" Pressure = "0" />
		<Point X = "146" Y = "284" T = "0" Pressure = "0" />
		<Point X = "149" Y = "283" T = "0" Pressure = "0" />
		<Point X = "153" Y = "280" T = "0" Pressure = "0" />
		<Point X = "156" Y = "279" T = "0" Pressure = "0" />
		<Point X = "159" Y = "278" T = "0" Pressure = "0" />
		<Point X = "161" Y = "276" T = "0" Pressure = "0" />
		<Point X = "163" Y = "275" T = "0" Pressure = "0" />
		<Point X = "168" Y = "272" T = "0" Pressure = "0" />
		<Point X = "170" Y = "271" T = "0" Pressure = "0" />
		<Point X = "172" Y = "268" T = "0" Pressure = "0" />
		<Point X = "174" Y = "266" T = "0" Pressure = "0" />
		<Point X = "175" Y = "264" T = "0" Pressure = "0" />
		<Point X = "175" Y = "263" T = "0" Pressure = "0" />
		<Point X = "175" Y = "260" T = "0" Pressure = "0" />
		<Point X = "175" Y = "256" T = "0" Pressure = "0" />
		<Point X = "175" Y = "253" T = "0" Pressure = "0" />
		<Point X = "175" Y = "250" T = "0" Pressure = "0" />
		<Point X = "175" Y = "249" T = "0" Pressure = "0" />
		<Point X = "174" Y = "246" T = "0" Pressure = "0" />
		<Point X = "173" Y = "245" T = "0" Pressure = "0" />
		<Point X = "172" Y = "244" T = "0" Pressure = "0" />
		<Point X = "171" Y = "244" T = "0" Pressure = "0" />
		<Point X = "169" Y = "242" T = "0" Pressure = "0" />
		<Point X = "168" Y = "242" T = "0" Pressure = "0" />
		<Point X = "165" Y = "241" T = "0" Pressure = "0" />
		<Point X = "162" Y = "238" T = "0" Pressure = "0" />
		<Point X = "160" Y = "238" T = "0" Pressure = "0" />
		<Point X = "158" Y = "238" T = "0" Pressure = "0" />
		<Point X = "157" Y = "238" T = "0" Pressure = "0" />
		<Point X = "154" Y = "238" T = "0" Pressure = "0" />
		<Point X = "153" Y = "238" T = "0" Pressure = "0" />
		<Point X = "151" Y = "238" T = "0" Pressure = "0" />
		<Point X = "150" Y = "238" T = "0" Pressure = "0" />
		<Point X = "149" Y = "238" T = "0" Pressure = "0" />
		<Point X = "147" Y = "238" T = "0" Pressure = "0" />
		<Point X = "146" Y = "238" T = "0" Pressure = "0" />
		<Point X = "144" Y = "238" T = "0" Pressure = "0" />
		<Point X = "143" Y = "238" T = "0" Pressure = "0" />
		<Point X = "141" Y = "238" T = "0" Pressure = "0" />
		<Point X = "140" Y = "238" T = "0" Pressure = "0" />
		<Point X = "137" Y = "238" T = "0" Pressure = "0" />
		<Point X = "136" Y = "238" T = "0" Pressure = "0" />
		<Point X = "133" Y = "240" T = "0" Pressure = "0" />
		<Point X = "132" Y = "241" T = "0" Pressure = "0" />
		<Point X = "131" Y = "242" T = "0" Pressure = "0" />
		<Point X = "130" Y = "245" T = "0" Pressure = "0" />
		<Point X = "129" Y = "246" T = "0" Pressure = "0" />
		<Point X = "129" Y = "247" T = "0" Pressure = "0" />
		<Point X = "129" Y = "249" T = "0" Pressure = "0" />
		<Point X = "128" Y = "249" T = "0" Pressure = "0" />
		<Point X = "128" Y = "251" T = "0" Pressure = "0" />
		<Point X = "128" Y = "252" T = "0" Pressure = "0" />
		<Point X = "128" Y = "254" T = "0" Pressure = "0" />
		<Point X = "129" Y = "255" T = "0" Pressure = "0" />
		<Point X = "129" Y = "256" T = "0" Pressure = "0" />
		<Point X = "130" Y = "256" T = "0" Pressure = "0" />
		<Point X = "130" Y = "257" T = "0" Pressure = "0" />
		<Point X = "132" Y = "258" T = "0" Pressure = "0" />
		<Point X = "132" Y = "259" T = "0" Pressure = "0" />
		<Point X = "134" Y = "259" T = "0" Pressure = "0" />
		<Point X = "135" Y = "259" T = "0" Pressure = "0" />
		<Point X = "136" Y = "261" T = "0" Pressure = "0" />
		<Point X = "139" Y = "262" T = "0" Pressure = "0" />
		<Point X = "140" Y = "262" T = "0" Pressure = "0" />
		<Point X = "141" Y = "262" T = "0" Pressure = "0" />
		<Point X = "142" Y = "262" T = "0" Pressure = "0" />
		<Point X = "143" Y = "262" T = "0" Pressure = "0" />
		<Point X = "144" Y = "262" T = "0" Pressure = "0" />
		<Point X = "145" Y = "262" T = "0" Pressure = "0" />
		<Point X = "147" Y = "262" T = "0" Pressure = "0" />
		<Point X = "149" Y = "261" T = "0" Pressure = "0" />
		<Point X = "149" Y = "259" T = "0" Pressure = "0" />
		<Point X = "149" Y = "258" T = "0" Pressure = "0" />
	</Stroke>
</Gesture>
