<?xml version="1.0" encoding="utf-8" standalone="yes"?>
<Gesture Name = "spiral">
	<Stroke>
		<Point X = "302" Y = "150" T = "0" Pressure = "0" />
		<Point X = "312" Y = "150" T = "0" Pressure = "0" />
		<Point X = "319" Y = "150" T = "0" Pressure = "0" />
		<Point X = "326" Y = "150" T = "0" Pressure = "0" />
		<Point X = "333" Y = "152" T = "0" Pressure = "0" />
		<Point X = "338" Y = "155" T = "0" Pressure = "0" />
		<Point X = "342" Y = "157" T = "0" Pressure = "0" />
		<Point X = "344" Y = "157" T = "0" Pressure = "0" />
		<Point X = "346" Y = "158" T = "0" Pressure = "0" />
		<Point X = "347" Y = "158" T = "0" Pressure = "0" />
		<Point X = "350" Y = "160" T = "0" Pressure = "0" />
		<Point X = "351" Y = "161" T = "0" Pressure = "0" />
		<Point X = "353" Y = "162" T = "0" Pressure = "0" />
		<Point X = "356" Y = "165" T = "0" Pressure = "0" />
		<Point X = "358" Y = "166" T = "0" Pressure = "0" />
		<Point X = "360" Y = "168" T = "0" Pressure = "0" />
		<Point X = "361" Y = "170" T = "0" Pressure = "0" />
		<Point X = "363" Y = "172" T = "0" Pressure = "0" />
		<Point X = "364" Y = "173" T = "0" Pressure = "0" />
		<Point X = "366" Y = "175" T = "0" Pressure = "0" />
		<Point X = "368" Y = "178" T = "0" Pressure = "0" />
		<Point X = "369" Y = "180" T = "0" Pressure = "0" />
		<Point X = "371" Y = "184" T = "0" Pressure = "0" />
		<Point X = "374" Y = "189" T = "0" Pressure = "0" />
		<Point X = "374" Y = "193" T = "0" Pressure = "0" />
		<Point X = "375" Y = "197" T = "0" Pressure = "0" />
		<Point X = "377" Y = "202" T = "0" Pressure = "0" />
		<Point X = "378" Y = "207" T = "0" Pressure = "0" />
		<Point X = "378" Y = "210" T = "0" Pressure = "0" />
		<Point X = "378" Y = "212" T = "0" Pressure = "0" />
		<Point X = "378" Y = "215" T = "0" Pressure = "0" />
		<Point X = "378" Y = "218" T = "0" Pressure = "0" />
		<Point X = "378" Y = "220" T = "0" Pressure = "0" />
		<Point X = "377" Y = "222" T = "0" Pressure = "0" />
		<Point X = "376" Y = "225" T = "0" Pressure = "0" />
		<Point X = "374" Y = "227" T = "0" Pressure = "0" />
		<Point X = "371" Y = "232" T = "0" Pressure = "0" />
		<Point X = "367" Y = "236" T = "0" Pressure = "0" />
		<Point X = "364" Y = "237" T = "0" Pressure = "0" />
		<Point X = "361" Y = "240" T = "0" Pressure = "0" />
		<Point X = "356" Y = "242" T = "0" Pressure = "0" />
		<Point X = "353" Y = "243" T = "0" Pressure = "0" />
		<Point X = "350" Y = "244" T = "0" Pressure = "0" />
		<Point X = "345" Y = "247" T = "0" Pressure = "0" />
		<Point X = "342" Y = "248" T = "0" Pressure = "0" />
		<Point X = "339" Y = "249" T = "0" Pressure = "0" />
		<Point X = "333" Y = "249" T = "0" Pressure = "0" />
		<Point X = "329" Y = "249" T = "0" Pressure = "0" />
		<Point X = "321" Y = "249" T = "0" Pressure = "0" />
		<Point X = "315" Y = "249" T = "0" Pressure = "0" />
		<Point X = "310" Y = "248" T = "0" Pressure = "0" />
		<Point X = "304" Y = "246" T = "0" Pressure = "0" />
		<Point X = "298" Y = "245" T = "0" Pressure = "0" />
		<Point X = "296" Y = "243" T = "0" Pressure = "0" />
		<Point X = "294" Y = "242" T = "0" Pressure = "0" />
		<Point X = "293" Y = "242" T = "0" Pressure = "0" />
		<Point X = "292" Y = "242" T = "0" Pressure = "0" />
		<Point X = "292" Y = "241" T = "0" Pressure = "0" />
		<Point X = "292" Y = "238" T = "0" Pressure = "0" />
		<Point X = "289" Y = "230" T = "0" Pressure = "0" />
		<Point X = "287" Y = "226" T = "0" Pressure = "0" />
		<Point X = "284" Y = "220" T = "0" Pressure = "0" />
		<Point X = "282" Y = "214" T = "0" Pressure = "0" />
		<Point X = "281" Y = "208" T = "0" Pressure = "0" />
		<Point X = "280" Y = "205" T = "0" Pressure = "0" />
		<Point X = "280" Y = "201" T = "0" Pressure = "0" />
		<Point X = "280" Y = "197" T = "0" Pressure = "0" />
		<Point X = "281" Y = "194" T = "0" Pressure = "0" />
		<Point X = "283" Y = "191" T = "0" Pressure = "0" />
		<Point X = "285" Y = "188" T = "0" Pressure = "0" />
		<Point X = "287" Y = "184" T = "0" Pressure = "0" />
		<Point X = "289" Y = "182" T = "0" Pressure = "0" />
		<Point X = "291" Y = "180" T = "0" Pressure = "0" />
		<Point X = "293" Y = "178" T = "0" Pressure = "0" />
		<Point X = "296" Y = "176" T = "0" Pressure = "0" />
		<Point X = "302" Y = "176" T = "0" Pressure = "0" />
		<Point X = "310" Y = "175" T = "0" Pressure = "0" />
		<Point X = "316" Y = "173" T = "0" Pressure = "0" />
		<Point X = "324" Y = "173" T = "0" Pressure = "0" />
		<Point X = "330" Y = "173" T = "0" Pressure = "0" />
		<Point X = "335" Y = "173" T = "0" Pressure = "0" />
		<Point X = "339" Y = "173" T = "0" Pressure = "0" />
		<Point X = "342" Y = "173" T = "0" Pressure = "0" />
		<Point X = "344" Y = "173" T = "0" Pressure = "0" />
		<Point X = "345" Y = "174" T = "0" Pressure = "0" />
		<Point X = "347" Y = "174" T = "0" Pressure = "0" />
		<Point X = "349" Y = "176" T = "0" Pressure = "0" />
		<Point X = "349" Y = "177" T = "0" Pressure = "0" />
		<Point X = "351" Y = "177" T = "0" Pressure = "0" />
		<Point X = "353" Y = "181" T = "0" Pressure = "0" />
		<Point X = "354" Y = "181" T = "0" Pressure = "0" />
		<Point X = "355" Y = "184" T = "0" Pressure = "0" />
		<Point X = "355" Y = "187" T = "0" Pressure = "0" />
		<Point X = "355" Y = "191" T = "0" Pressure = "0" />
		<Point X = "355" Y = "194" T = "0" Pressure = "0" />
		<Point X = "355" Y = "196" T = "0" Pressure = "0" />
		<Point X = "355" Y = "199" T = "0" Pressure = "0" />
		<Point X = "355" Y = "200" T = "0" Pressure = "0" />
		<Point X = "355" Y = "202" T = "0" Pressure = "0" />
		<Point X = "353" Y = "203" T = "0" Pressure = "0" />
		<Point X = "351" Y = "204" T = "0" Pressure = "0" />
		<Point X = "349" Y = "206" T = "0" Pressure = "0" />
		<Point X = "347" Y = "207" T = "0" Pressure = "0" />
		<Point X = "345" Y = "209" T = "0" Pressure = "0" />
		<Point X = "342" Y = "211" T = "0" Pressure = "0" />
		<Point X = "341" Y = "212" T = "0" Pressure = "0" />
		<Point X = "339" Y = "212" T = "0" Pressure = "0" />
		<Point X = "339" Y = "213" T = "0" Pressure = "0" />
		<Point X = "338" Y = "213" T = "0" Pressure = "0" />
		<Point X = "336" Y = "213" T = "0" Pressure = "0" />
		<Point X = "335" Y = "213" T = "0" Pressure = "0" />
		<Point X = "332" Y = "213" T = "0" Pressure = "0" />
		<Point X = "329" Y = "212" T = "0" Pressure = "0" />
		<Point X = "327" Y = "210" T = "0" Pressure = "0" />
		<Point X = "325" Y = "209" T = "0" Pressure = "0" />
		<Point X = "323" Y = "208" T = "0" Pressure = "0" />
		<Point X = "322" Y = "208" T = "0" Pressure = "0" />
		<Point X = "321" Y = "208" T = "0" Pressure = "0" />
		<Point X = "319" Y = "207" T = "0" Pressure = "0" />
		<Point X = "319" Y = "206" T = "0" Pressure = "0" />
		<Point X = "318" Y = "205" T = "0" Pressure = "0" />
		<Point X = "318" Y = "204" T = "0" Pressure = "0" />
		<Point X = "318" Y = "202" T = "0" Pressure = "0" />
		<Point X = "317" Y = "199" T = "0" Pressure = "0" />
		<Point X = "317" Y = "197" T = "0" Pressure = "0" />
		<Point X = "317" Y = "195" T = "0" Pressure = "0" />
		<Point X = "317" Y = "193" T = "0" Pressure = "0" />
		<Point X = "317" Y = "192" T = "0" Pressure = "0" />
		<Point X = "317" Y = "191" T = "0" Pressure = "0" />
		<Point X = "317" Y = "189" T = "0" Pressure = "0" />
		<Point X = "317" Y = "188" T = "0" Pressure = "0" />
		<Point X = "317" Y = "187" T = "0" Pressure = "0" />
		<Point X = "317" Y = "185" T = "0" Pressure = "0" />
		<Point X = "318" Y = "184" T = "0" Pressure = "0" />
		<Point X = "319" Y = "183" T = "0" Pressure = "0" />
		<Point X = "320" Y = "182" T = "0" Pressure = "0" />
		<Point X = "321" Y = "182" T = "0" Pressure = "0" />
		<Point X = "322" Y = "182" T = "0" Pressure = "0" />
		<Point X = "323" Y = "182" T = "0" Pressure = "0" />
		<Point X = "324" Y = "182" T = "0" Pressure = "0" />
		<Point X = "325" Y = "182" T = "0" Pressure = "0" />
		<Point X = "327" Y = "182" T = "0" Pressure = "0" />
		<Point X = "328" Y = "182" T = "0" Pressure = "0" />
		<Point X = "330" Y = "183" T = "0" Pressure = "0" />
		<Point X = "331" Y = "183" T = "0" Pressure = "0" />
		<Point X = "331" Y = "184" T = "0" Pressure = "0" />
		<Point X = "332" Y = "185" T = "0" Pressure = "0" />
		<Point X = "333" Y = "186" T = "0" Pressure = "0" />
		<Point X = "334" Y = "186" T = "0" Pressure = "0" />
		<Point X = "334" Y = "187" T = "0" Pressure = "0" />
		<Point X = "335" Y = "188" T = "0" Pressure = "0" />
		<Point X = "335" Y = "189" T = "0" Pressure = "0" />
		<Point X = "336" Y = "189" T = "0" Pressure = "0" />
		<Point X = "336" Y = "191" T = "0" Pressure = "0" />
		<Point X = "336" Y = "192" T = "0" Pressure = "0" />
		<Point X = "336" Y = "193" T = "0" Pressure = "0" />
		<Point X = "336" Y = "194" T = "0" Pressure = "0" />
		<Point X = "335" Y = "194" T = "0" Pressure = "0" />
		<Point X = "334" Y = "195" T = "0" Pressure = "0" />
		<Point X = "333" Y = "195" T = "0" Pressure = "0" />
		<Point X = "332" Y = "195" T = "0" Pressure = "0" />
		<Point X = "331" Y = "195" T = "0" Pressure = "0" />
		<Point X = "330" Y = "195" T = "0" Pressure = "0" />
		<Point X = "329" Y = "195" T = "0" Pressure = "0" />
	</Stroke>
</Gesture>
