<?xml version="1.0" encoding="utf-8" standalone="yes"?>
<Gesture Name = "spiral">
	<Stroke>
		<Point X = "277" Y = "282" T = "0" Pressure = "0" />
		<Point X = "275" Y = "282" T = "0" Pressure = "0" />
		<Point X = "274" Y = "282" T = "0" Pressure = "0" />
		<Point X = "272" Y = "281" T = "0" Pressure = "0" />
		<Point X = "269" Y = "280" T = "0" Pressure = "0" />
		<Point X = "266" Y = "279" T = "0" Pressure = "0" />
		<Point X = "264" Y = "277" T = "0" Pressure = "0" />
		<Point X = "260" Y = "276" T = "0" Pressure = "0" />
		<Point X = "256" Y = "273" T = "0" Pressure = "0" />
		<Point X = "247" Y = "270" T = "0" Pressure = "0" />
		<Point X = "244" Y = "268" T = "0" Pressure = "0" />
		<Point X = "240" Y = "266" T = "0" Pressure = "0" />
		<Point X = "237" Y = "263" T = "0" Pressure = "0" />
		<Point X = "235" Y = "262" T = "0" Pressure = "0" />
		<Point X = "230" Y = "260" T = "0" Pressure = "0" />
		<Point X = "228" Y = "259" T = "0" Pressure = "0" />
		<Point X = "227" Y = "258" T = "0" Pressure = "0" />
		<Point X = "225" Y = "257" T = "0" Pressure = "0" />
		<Point X = "223" Y = "256" T = "0" Pressure = "0" />
		<Point X = "221" Y = "255" T = "0" Pressure = "0" />
		<Point X = "219" Y = "254" T = "0" Pressure = "0" />
		<Point X = "216" Y = "252" T = "0" Pressure = "0" />
		<Point X = "213" Y = "250" T = "0" Pressure = "0" />
		<Point X = "209" Y = "247" T = "0" Pressure = "0" />
		<Point X = "206" Y = "246" T = "0" Pressure = "0" />
		<Point X = "204" Y = "244" T = "0" Pressure = "0" />
		<Point X = "203" Y = "243" T = "0" Pressure = "0" />
		<Point X = "202" Y = "243" T = "0" Pressure = "0" />
		<Point X = "200" Y = "242" T = "0" Pressure = "0" />
		<Point X = "200" Y = "241" T = "0" Pressure = "0" />
		<Point X = "199" Y = "240" T = "0" Pressure = "0" />
		<Point X = "198" Y = "240" T = "0" Pressure = "0" />
		<Point X = "194" Y = "237" T = "0" Pressure = "0" />
		<Point X = "193" Y = "236" T = "0" Pressure = "0" />
		<Point X = "191" Y = "233" T = "0" Pressure = "0" />
		<Point X = "191" Y = "232" T = "0" Pressure = "0" />
		<Point X = "189" Y = "229" T = "0" Pressure = "0" />
		<Point X = "188" Y = "225" T = "0" Pressure = "0" />
		<Point X = "188" Y = "222" T = "0" Pressure = "0" />
		<Point X = "188" Y = "221" T = "0" Pressure = "0" />
		<Point X = "188" Y = "217" T = "0" Pressure = "0" />
		<Point X = "188" Y = "214" T = "0" Pressure = "0" />
		<Point X = "188" Y = "211" T = "0" Pressure = "0" />
		<Point X = "188" Y = "209" T = "0" Pressure = "0" />
		<Point X = "188" Y = "205" T = "0" Pressure = "0" />
		<Point X = "188" Y = "201" T = "0" Pressure = "0" />
		<Point X = "188" Y = "198" T = "0" Pressure = "0" />
		<Point X = "188" Y = "195" T = "0" Pressure = "0" />
		<Point X = "189" Y = "191" T = "0" Pressure = "0" />
		<Point X = "190" Y = "188" T = "0" Pressure = "0" />
		<Point X = "192" Y = "184" T = "0" Pressure = "0" />
		<Point X = "194" Y = "181" T = "0" Pressure = "0" />
		<Point X = "195" Y = "177" T = "0" Pressure = "0" />
		<Point X = "198" Y = "174" T = "0" Pressure = "0" />
		<Point X = "199" Y = "171" T = "0" Pressure = "0" />
		<Point X = "201" Y = "168" T = "0" Pressure = "0" />
		<Point X = "202" Y = "166" T = "0" Pressure = "0" />
		<Point X = "205" Y = "164" T = "0" Pressure = "0" />
		<Point X = "206" Y = "162" T = "0" Pressure = "0" />
		<Point X = "211" Y = "159" T = "0" Pressure = "0" />
		<Point X = "214" Y = "157" T = "0" Pressure = "0" />
		<Point X = "216" Y = "154" T = "0" Pressure = "0" />
		<Point X = "219" Y = "153" T = "0" Pressure = "0" />
		<Point X = "221" Y = "151" T = "0" Pressure = "0" />
		<Point X = "222" Y = "151" T = "0" Pressure = "0" />
		<Point X = "223" Y = "150" T = "0" Pressure = "0" />
		<Point X = "224" Y = "149" T = "0" Pressure = "0" />
		<Point X = "227" Y = "148" T = "0" Pressure = "0" />
		<Point X = "229" Y = "148" T = "0" Pressure = "0" />
		<Point X = "232" Y = "147" T = "0" Pressure = "0" />
		<Point X = "236" Y = "147" T = "0" Pressure = "0" />
		<Point X = "237" Y = "147" T = "0" Pressure = "0" />
		<Point X = "240" Y = "147" T = "0" Pressure = "0" />
		<Point X = "241" Y = "147" T = "0" Pressure = "0" />
		<Point X = "242" Y = "147" T = "0" Pressure = "0" />
		<Point X = "244" Y = "147" T = "0" Pressure = "0" />
		<Point X = "248" Y = "147" T = "0" Pressure = "0" />
		<Point X = "250" Y = "148" T = "0" Pressure = "0" />
		<Point X = "252" Y = "149" T = "0" Pressure = "0" />
		<Point X = "255" Y = "150" T = "0" Pressure = "0" />
		<Point X = "259" Y = "152" T = "0" Pressure = "0" />
		<Point X = "261" Y = "154" T = "0" Pressure = "0" />
		<Point X = "265" Y = "157" T = "0" Pressure = "0" />
		<Point X = "267" Y = "159" T = "0" Pressure = "0" />
		<Point X = "269" Y = "162" T = "0" Pressure = "0" />
		<Point X = "273" Y = "165" T = "0" Pressure = "0" />
		<Point X = "275" Y = "168" T = "0" Pressure = "0" />
		<Point X = "278" Y = "171" T = "0" Pressure = "0" />
		<Point X = "281" Y = "176" T = "0" Pressure = "0" />
		<Point X = "285" Y = "181" T = "0" Pressure = "0" />
		<Point X = "288" Y = "186" T = "0" Pressure = "0" />
		<Point X = "290" Y = "189" T = "0" Pressure = "0" />
		<Point X = "292" Y = "194" T = "0" Pressure = "0" />
		<Point X = "293" Y = "197" T = "0" Pressure = "0" />
		<Point X = "294" Y = "198" T = "0" Pressure = "0" />
		<Point X = "295" Y = "203" T = "0" Pressure = "0" />
		<Point X = "295" Y = "205" T = "0" Pressure = "0" />
		<Point X = "295" Y = "206" T = "0" Pressure = "0" />
		<Point X = "295" Y = "209" T = "0" Pressure = "0" />
		<Point X = "295" Y = "211" T = "0" Pressure = "0" />
		<Point X = "295" Y = "213" T = "0" Pressure = "0" />
		<Point X = "295" Y = "215" T = "0" Pressure = "0" />
		<Point X = "295" Y = "216" T = "0" Pressure = "0" />
		<Point X = "295" Y = "218" T = "0" Pressure = "0" />
		<Point X = "295" Y = "221" T = "0" Pressure = "0" />
		<Point X = "293" Y = "223" T = "0" Pressure = "0" />
		<Point X = "292" Y = "227" T = "0" Pressure = "0" />
		<Point X = "289" Y = "229" T = "0" Pressure = "0" />
		<Point X = "288" Y = "232" T = "0" Pressure = "0" />
		<Point X = "285" Y = "234" T = "0" Pressure = "0" />
		<Point X = "283" Y = "236" T = "0" Pressure = "0" />
		<Point X = "281" Y = "239" T = "0" Pressure = "0" />
		<Point X = "278" Y = "240" T = "0" Pressure = "0" />
		<Point X = "276" Y = "241" T = "0" Pressure = "0" />
		<Point X = "275" Y = "241" T = "0" Pressure = "0" />
		<Point X = "274" Y = "241" T = "0" Pressure = "0" />
		<Point X = "272" Y = "241" T = "0" Pressure = "0" />
		<Point X = "271" Y = "241" T = "0" Pressure = "0" />
		<Point X = "269" Y = "241" T = "0" Pressure = "0" />
		<Point X = "268" Y = "241" T = "0" Pressure = "0" />
		<Point X = "265" Y = "241" T = "0" Pressure = "0" />
		<Point X = "261" Y = "240" T = "0" Pressure = "0" />
		<Point X = "257" Y = "239" T = "0" Pressure = "0" />
		<Point X = "252" Y = "238" T = "0" Pressure = "0" />
		<Point X = "249" Y = "238" T = "0" Pressure = "0" />
		<Point X = "248" Y = "238" T = "0" Pressure = "0" />
		<Point X = "246" Y = "237" T = "0" Pressure = "0" />
		<Point X = "245" Y = "236" T = "0" Pressure = "0" />
		<Point X = "244" Y = "236" T = "0" Pressure = "0" />
		<Point X = "243" Y = "235" T = "0" Pressure = "0" />
		<Point X = "243" Y = "234" T = "0" Pressure = "0" />
		<Point X = "241" Y = "233" T = "0" Pressure = "0" />
		<Point X = "241" Y = "232" T = "0" Pressure = "0" />
		<Point X = "240" Y = "231" T = "0" Pressure = "0" />
		<Point X = "238" Y = "229" T = "0" Pressure = "0" />
		<Point X = "238" Y = "227" T = "0" Pressure = "0" />
		<Point X = "238" Y = "225" T = "0" Pressure = "0" />
		<Point X = "238" Y = "222" T = "0" Pressure = "0" />
		<Point X = "238" Y = "221" T = "0" Pressure = "0" />
		<Point X = "238" Y = "218" T = "0" Pressure = "0" />
		<Point X = "237" Y = "215" T = "0" Pressure = "0" />
		<Point X = "236" Y = "213" T = "0" Pressure = "0" />
		<Point X = "236" Y = "210" T = "0" Pressure = "0" />
		<Point X = "236" Y = "207" T = "0" Pressure = "0" />
		<Point X = "236" Y = "204" T = "0" Pressure = "0" />
		<Point X = "236" Y = "202" T = "0" Pressure = "0" />
		<Point X = "236" Y = "199" T = "0" Pressure = "0" />
		<Point X = "236" Y = "195" T = "0" Pressure = "0" />
		<Point X = "236" Y = "192" T = "0" Pressure = "0" />
		<Point X = "236" Y = "191" T = "0" Pressure = "0" />
		<Point X = "236" Y = "187" T = "0" Pressure = "0" />
		<Point X = "236" Y = "183" T = "0" Pressure = "0" />
		<Point X = "236" Y = "181" T = "0" Pressure = "0" />
		<Point X = "236" Y = "179" T = "0" Pressure = "0" />
		<Point X = "238" Y = "176" T = "0" Pressure = "0" />
		<Point X = "238" Y = "173" T = "0" Pressure = "0" />
		<Point X = "239" Y = "172" T = "0" Pressure = "0" />
		<Point X = "239" Y = "170" T = "0" Pressure = "0" />
		<Point X = "241" Y = "168" T = "0" Pressure = "0" />
		<Point X = "243" Y = "168" T = "0" Pressure = "0" />
		<Point X = "244" Y = "167" T = "0" Pressure = "0" />
		<Point X = "247" Y = "165" T = "0" Pressure = "0" />
		<Point X = "248" Y = "165" T = "0" Pressure = "0" />
		<Point X = "250" Y = "165" T = "0" Pressure = "0" />
		<Point X = "253" Y = "165" T = "0" Pressure = "0" />
		<Point X = "256" Y = "165" T = "0" Pressure = "0" />
		<Point X = "259" Y = "165" T = "0" Pressure = "0" />
		<Point X = "261" Y = "165" T = "0" Pressure = "0" />
		<Point X = "264" Y = "165" T = "0" Pressure = "0" />
		<Point X = "266" Y = "166" T = "0" Pressure = "0" />
		<Point X = "268" Y = "167" T = "0" Pressure = "0" />
		<Point X = "269" Y = "168" T = "0" Pressure = "0" />
		<Point X = "270" Y = "168" T = "0" Pressure = "0" />
		<Point X = "270" Y = "169" T = "0" Pressure = "0" />
		<Point X = "271" Y = "169" T = "0" Pressure = "0" />
		<Point X = "272" Y = "170" T = "0" Pressure = "0" />
		<Point X = "274" Y = "172" T = "0" Pressure = "0" />
		<Point X = "274" Y = "175" T = "0" Pressure = "0" />
		<Point X = "274" Y = "176" T = "0" Pressure = "0" />
		<Point X = "274" Y = "179" T = "0" Pressure = "0" />
		<Point X = "274" Y = "182" T = "0" Pressure = "0" />
		<Point X = "274" Y = "183" T = "0" Pressure = "0" />
		<Point X = "274" Y = "188" T = "0" Pressure = "0" />
		<Point X = "274" Y = "192" T = "0" Pressure = "0" />
		<Point X = "274" Y = "195" T = "0" Pressure = "0" />
		<Point X = "274" Y = "197" T = "0" Pressure = "0" />
		<Point X = "274" Y = "198" T = "0" Pressure = "0" />
		<Point X = "274" Y = "199" T = "0" Pressure = "0" />
		<Point X = "274" Y = "201" T = "0" Pressure = "0" />
		<Point X = "273" Y = "202" T = "0" Pressure = "0" />
		<Point X = "272" Y = "203" T = "0" Pressure = "0" />
		<Point X = "271" Y = "204" T = "0" Pressure = "0" />
		<Point X = "270" Y = "205" T = "0" Pressure = "0" />
		<Point X = "268" Y = "206" T = "0" Pressure = "0" />
		<Point X = "267" Y = "207" T = "0" Pressure = "0" />
		<Point X = "265" Y = "208" T = "0" Pressure = "0" />
		<Point X = "264" Y = "208" T = "0" Pressure = "0" />
		<Point X = "262" Y = "208" T = "0" Pressure = "0" />
		<Point X = "261" Y = "208" T = "0" Pressure = "0" />
		<Point X = "259" Y = "208" T = "0" Pressure = "0" />
		<Point X = "258" Y = "208" T = "0" Pressure = "0" />
		<Point X = "257" Y = "208" T = "0" Pressure = "0" />
		<Point X = "257" Y = "207" T = "0" Pressure = "0" />
		<Point X = "256" Y = "206" T = "0" Pressure = "0" />
		<Point X = "255" Y = "205" T = "0" Pressure = "0" />
		<Point X = "254" Y = "202" T = "0" Pressure = "0" />
		<Point X = "253" Y = "200" T = "0" Pressure = "0" />
		<Point X = "252" Y = "198" T = "0" Pressure = "0" />
		<Point X = "251" Y = "196" T = "0" Pressure = "0" />
		<Point X = "251" Y = "194" T = "0" Pressure = "0" />
		<Point X = "250" Y = "193" T = "0" Pressure = "0" />
		<Point X = "250" Y = "191" T = "0" Pressure = "0" />
		<Point X = "250" Y = "190" T = "0" Pressure = "0" />
		<Point X = "250" Y = "189" T = "0" Pressure = "0" />
		<Point X = "250" Y = "187" T = "0" Pressure = "0" />
		<Point X = "250" Y = "185" T = "0" Pressure = "0" />
		<Point X = "250" Y = "184" T = "0" Pressure = "0" />
		<Point X = "250" Y = "181" T = "0" Pressure = "0" />
		<Point X = "250" Y = "180" T = "0" Pressure = "0" />
		<Point X = "250" Y = "178" T = "0" Pressure = "0" />
		<Point X = "250" Y = "177" T = "0" Pressure = "0" />
		<Point X = "250" Y = "176" T = "0" Pressure = "0" />
		<Point X = "250" Y = "175" T = "0" Pressure = "0" />
		<Point X = "250" Y = "174" T = "0" Pressure = "0" />
		<Point X = "250" Y = "173" T = "0" Pressure = "0" />
		<Point X = "250" Y = "172" T = "0" Pressure = "0" />
		<Point X = "250" Y = "171" T = "0" Pressure = "0" />
		<Point X = "251" Y = "171" T = "0" Pressure = "0" />
		<Point X = "252" Y = "171" T = "0" Pressure = "0" />
		<Point X = "253" Y = "171" T = "0" Pressure = "0" />
		<Point X = "255" Y = "171" T = "0" Pressure = "0" />
		<Point X = "255" Y = "172" T = "0" Pressure = "0" />
		<Point X = "256" Y = "173" T = "0" Pressure = "0" />
		<Point X = "256" Y = "174" T = "0" Pressure = "0" />
		<Point X = "257" Y = "175" T = "0" Pressure = "0" />
		<Point X = "258" Y = "175" T = "0" Pressure = "0" />
		<Point X = "258" Y = "176" T = "0" Pressure = "0" />
		<Point X = "258" Y = "177" T = "0" Pressure = "0" />
		<Point X = "259" Y = "177" T = "0" Pressure = "0" />
		<Point X = "259" Y = "178" T = "0" Pressure = "0" />
		<Point X = "259" Y = "180" T = "0" Pressure = "0" />
		<Point X = "260" Y = "180" T = "0" Pressure = "0" />
		<Point X = "260" Y = "181" T = "0" Pressure = "0" />
		<Point X = "260" Y = "182" T = "0" Pressure = "0" />
		<Point X = "260" Y = "183" T = "0" Pressure = "0" />
		<Point X = "260" Y = "184" T = "0" Pressure = "0" />
		<Point X = "260" Y = "185" T = "0" Pressure = "0" />
	</Stroke>
</Gesture>
