<?xml version="1.0" encoding="utf-8" standalone="yes"?>
<Gesture Name = "spiral">
	<Stroke>
		<Point X = "163" Y = "71" T = "0" Pressure = "0" />
		<Point X = "161" Y = "71" T = "0" Pressure = "0" />
		<Point X = "158" Y = "71" T = "0" Pressure = "0" />
		<Point X = "156" Y = "71" T = "0" Pressure = "0" />
		<Point X = "151" Y = "71" T = "0" Pressure = "0" />
		<Point X = "147" Y = "71" T = "0" Pressure = "0" />
		<Point X = "140" Y = "71" T = "0" Pressure = "0" />
		<Point X = "132" Y = "71" T = "0" Pressure = "0" />
		<Point X = "123" Y = "71" T = "0" Pressure = "0" />
		<Point X = "112" Y = "74" T = "0" Pressure = "0" />
		<Point X = "101" Y = "81" T = "0" Pressure = "0" />
		<Point X = "92" Y = "88" T = "0" Pressure = "0" />
		<Point X = "83" Y = "98" T = "0" Pressure = "0" />
		<Point X = "75" Y = "109" T = "0" Pressure = "0" />
		<Point X = "66" Y = "119" T = "0" Pressure = "0" />
		<Point X = "59" Y = "129" T = "0" Pressure = "0" />
		<Point X = "53" Y = "138" T = "0" Pressure = "0" />
		<Point X = "49" Y = "149" T = "0" Pressure = "0" />
		<Point X = "47" Y = "158" T = "0" Pressure = "0" />
		<Point X = "43" Y = "167" T = "0" Pressure = "0" />
		<Point X = "43" Y = "177" T = "0" Pressure = "0" />
		<Point X = "43" Y = "187" T = "0" Pressure = "0" />
		<Point X = "43" Y = "195" T = "0" Pressure = "0" />
		<Point X = "45" Y = "205" T = "0" Pressure = "0" />
		<Point X = "52" Y = "216" T = "0" Pressure = "0" />
		<Point X = "57" Y = "226" T = "0" Pressure = "0" />
		<Point X = "62" Y = "234" T = "0" Pressure = "0" />
		<Point X = "68" Y = "241" T = "0" Pressure = "0" />
		<Point X = "73" Y = "246" T = "0" Pressure = "0" />
		<Point X = "77" Y = "250" T = "0" Pressure = "0" />
		<Point X = "80" Y = "253" T = "0" Pressure = "0" />
		<Point X = "82" Y = "254" T = "0" Pressure = "0" />
		<Point X = "86" Y = "256" T = "0" Pressure = "0" />
		<Point X = "90" Y = "257" T = "0" Pressure = "0" />
		<Point X = "99" Y = "258" T = "0" Pressure = "0" />
		<Point X = "108" Y = "258" T = "0" Pressure = "0" />
		<Point X = "116" Y = "258" T = "0" Pressure = "0" />
		<Point X = "127" Y = "258" T = "0" Pressure = "0" />
		<Point X = "138" Y = "258" T = "0" Pressure = "0" />
		<Point X = "149" Y = "255" T = "0" Pressure = "0" />
		<Point X = "162" Y = "251" T = "0" Pressure = "0" />
		<Point X = "171" Y = "247" T = "0" Pressure = "0" />
		<Point X = "181" Y = "242" T = "0" Pressure = "0" />
		<Point X = "188" Y = "237" T = "0" Pressure = "0" />
		<Point X = "195" Y = "230" T = "0" Pressure = "0" />
		<Point X = "200" Y = "223" T = "0" Pressure = "0" />
		<Point X = "203" Y = "214" T = "0" Pressure = "0" />
		<Point X = "204" Y = "206" T = "0" Pressure = "0" />
		<Point X = "204" Y = "197" T = "0" Pressure = "0" />
		<Point X = "204" Y = "191" T = "0" Pressure = "0" />
		<Point X = "204" Y = "182" T = "0" Pressure = "0" />
		<Point X = "204" Y = "177" T = "0" Pressure = "0" />
		<Point X = "204" Y = "170" T = "0" Pressure = "0" />
		<Point X = "204" Y = "163" T = "0" Pressure = "0" />
		<Point X = "204" Y = "157" T = "0" Pressure = "0" />
		<Point X = "204" Y = "152" T = "0" Pressure = "0" />
		<Point X = "201" Y = "144" T = "0" Pressure = "0" />
		<Point X = "197" Y = "138" T = "0" Pressure = "0" />
		<Point X = "193" Y = "132" T = "0" Pressure = "0" />
		<Point X = "185" Y = "128" T = "0" Pressure = "0" />
		<Point X = "179" Y = "125" T = "0" Pressure = "0" />
		<Point X = "173" Y = "122" T = "0" Pressure = "0" />
		<Point X = "169" Y = "120" T = "0" Pressure = "0" />
		<Point X = "165" Y = "118" T = "0" Pressure = "0" />
		<Point X = "162" Y = "118" T = "0" Pressure = "0" />
		<Point X = "159" Y = "118" T = "0" Pressure = "0" />
		<Point X = "152" Y = "118" T = "0" Pressure = "0" />
		<Point X = "145" Y = "118" T = "0" Pressure = "0" />
		<Point X = "138" Y = "118" T = "0" Pressure = "0" />
		<Point X = "129" Y = "118" T = "0" Pressure = "0" />
		<Point X = "120" Y = "119" T = "0" Pressure = "0" />
		<Point X = "112" Y = "123" T = "0" Pressure = "0" />
		<Point X = "104" Y = "126" T = "0" Pressure = "0" />
		<Point X = "96" Y = "130" T = "0" Pressure = "0" />
		<Point X = "87" Y = "136" T = "0" Pressure = "0" />
		<Point X = "79" Y = "143" T = "0" Pressure = "0" />
		<Point X = "74" Y = "148" T = "0" Pressure = "0" />
		<Point X = "69" Y = "153" T = "0" Pressure = "0" />
		<Point X = "64" Y = "160" T = "0" Pressure = "0" />
		<Point X = "60" Y = "166" T = "0" Pressure = "0" />
		<Point X = "56" Y = "176" T = "0" Pressure = "0" />
		<Point X = "54" Y = "183" T = "0" Pressure = "0" />
		<Point X = "53" Y = "192" T = "0" Pressure = "0" />
		<Point X = "53" Y = "197" T = "0" Pressure = "0" />
		<Point X = "53" Y = "203" T = "0" Pressure = "0" />
		<Point X = "53" Y = "207" T = "0" Pressure = "0" />
		<Point X = "55" Y = "212" T = "0" Pressure = "0" />
		<Point X = "58" Y = "217" T = "0" Pressure = "0" />
		<Point X = "60" Y = "219" T = "0" Pressure = "0" />
		<Point X = "64" Y = "221" T = "0" Pressure = "0" />
		<Point X = "68" Y = "222" T = "0" Pressure = "0" />
		<Point X = "74" Y = "224" T = "0" Pressure = "0" />
		<Point X = "79" Y = "224" T = "0" Pressure = "0" />
		<Point X = "87" Y = "224" T = "0" Pressure = "0" />
		<Point X = "93" Y = "225" T = "0" Pressure = "0" />
		<Point X = "101" Y = "225" T = "0" Pressure = "0" />
		<Point X = "108" Y = "225" T = "0" Pressure = "0" />
		<Point X = "115" Y = "225" T = "0" Pressure = "0" />
		<Point X = "121" Y = "225" T = "0" Pressure = "0" />
		<Point X = "126" Y = "225" T = "0" Pressure = "0" />
		<Point X = "130" Y = "222" T = "0" Pressure = "0" />
		<Point X = "132" Y = "220" T = "0" Pressure = "0" />
		<Point X = "134" Y = "217" T = "0" Pressure = "0" />
		<Point X = "136" Y = "216" T = "0" Pressure = "0" />
		<Point X = "137" Y = "213" T = "0" Pressure = "0" />
		<Point X = "139" Y = "209" T = "0" Pressure = "0" />
		<Point X = "140" Y = "205" T = "0" Pressure = "0" />
		<Point X = "141" Y = "200" T = "0" Pressure = "0" />
		<Point X = "141" Y = "196" T = "0" Pressure = "0" />
		<Point X = "141" Y = "190" T = "0" Pressure = "0" />
		<Point X = "141" Y = "187" T = "0" Pressure = "0" />
		<Point X = "138" Y = "181" T = "0" Pressure = "0" />
		<Point X = "133" Y = "176" T = "0" Pressure = "0" />
		<Point X = "131" Y = "174" T = "0" Pressure = "0" />
		<Point X = "127" Y = "170" T = "0" Pressure = "0" />
		<Point X = "123" Y = "166" T = "0" Pressure = "0" />
		<Point X = "119" Y = "164" T = "0" Pressure = "0" />
		<Point X = "115" Y = "163" T = "0" Pressure = "0" />
		<Point X = "113" Y = "162" T = "0" Pressure = "0" />
		<Point X = "111" Y = "161" T = "0" Pressure = "0" />
		<Point X = "110" Y = "161" T = "0" Pressure = "0" />
		<Point X = "109" Y = "161" T = "0" Pressure = "0" />
		<Point X = "108" Y = "161" T = "0" Pressure = "0" />
		<Point X = "107" Y = "161" T = "0" Pressure = "0" />
		<Point X = "105" Y = "161" T = "0" Pressure = "0" />
		<Point X = "103" Y = "161" T = "0" Pressure = "0" />
		<Point X = "102" Y = "161" T = "0" Pressure = "0" />
		<Point X = "101" Y = "162" T = "0" Pressure = "0" />
		<Point X = "98" Y = "165" T = "0" Pressure = "0" />
		<Point X = "97" Y = "167" T = "0" Pressure = "0" />
		<Point X = "95" Y = "174" T = "0" Pressure = "0" />
		<Point X = "94" Y = "178" T = "0" Pressure = "0" />
		<Point X = "93" Y = "181" T = "0" Pressure = "0" />
		<Point X = "91" Y = "184" T = "0" Pressure = "0" />
		<Point X = "90" Y = "184" T = "0" Pressure = "0" />
		<Point X = "90" Y = "186" T = "0" Pressure = "0" />
		<Point X = "90" Y = "187" T = "0" Pressure = "0" />
		<Point X = "90" Y = "188" T = "0" Pressure = "0" />
		<Point X = "90" Y = "190" T = "0" Pressure = "0" />
		<Point X = "90" Y = "193" T = "0" Pressure = "0" />
		<Point X = "90" Y = "197" T = "0" Pressure = "0" />
		<Point X = "90" Y = "201" T = "0" Pressure = "0" />
		<Point X = "90" Y = "204" T = "0" Pressure = "0" />
		<Point X = "90" Y = "208" T = "0" Pressure = "0" />
		<Point X = "90" Y = "210" T = "0" Pressure = "0" />
		<Point X = "90" Y = "211" T = "0" Pressure = "0" />
		<Point X = "91" Y = "212" T = "0" Pressure = "0" />
		<Point X = "93" Y = "212" T = "0" Pressure = "0" />
		<Point X = "95" Y = "212" T = "0" Pressure = "0" />
		<Point X = "98" Y = "212" T = "0" Pressure = "0" />
		<Point X = "100" Y = "211" T = "0" Pressure = "0" />
		<Point X = "102" Y = "210" T = "0" Pressure = "0" />
		<Point X = "107" Y = "208" T = "0" Pressure = "0" />
		<Point X = "110" Y = "206" T = "0" Pressure = "0" />
		<Point X = "111" Y = "205" T = "0" Pressure = "0" />
		<Point X = "114" Y = "201" T = "0" Pressure = "0" />
		<Point X = "115" Y = "200" T = "0" Pressure = "0" />
		<Point X = "115" Y = "199" T = "0" Pressure = "0" />
		<Point X = "115" Y = "198" T = "0" Pressure = "0" />
		<Point X = "115" Y = "197" T = "0" Pressure = "0" />
		<Point X = "114" Y = "196" T = "0" Pressure = "0" />
		<Point X = "113" Y = "195" T = "0" Pressure = "0" />
		<Point X = "111" Y = "195" T = "0" Pressure = "0" />
		<Point X = "110" Y = "194" T = "0" Pressure = "0" />
		<Point X = "109" Y = "193" T = "0" Pressure = "0" />
		<Point X = "108" Y = "193" T = "0" Pressure = "0" />
		<Point X = "107" Y = "193" T = "0" Pressure = "0" />
		<Point X = "105" Y = "191" T = "0" Pressure = "0" />
		<Point X = "103" Y = "190" T = "0" Pressure = "0" />
		<Point X = "103" Y = "189" T = "0" Pressure = "0" />
		<Point X = "102" Y = "190" T = "0" Pressure = "0" />
		<Point X = "101" Y = "191" T = "0" Pressure = "0" />
	</Stroke>
</Gesture>
