<?xml version="1.0" encoding="utf-8" standalone="yes"?>
<Gesture Name = "spiral">
	<Stroke>
		<Point X = "53" Y = "128" T = "0" Pressure = "0" />
		<Point X = "52" Y = "128" T = "0" Pressure = "0" />
		<Point X = "51" Y = "128" T = "0" Pressure = "0" />
		<Point X = "48" Y = "131" T = "0" Pressure = "0" />
		<Point X = "47" Y = "135" T = "0" Pressure = "0" />
		<Point X = "43" Y = "141" T = "0" Pressure = "0" />
		<Point X = "40" Y = "144" T = "0" Pressure = "0" />
		<Point X = "38" Y = "147" T = "0" Pressure = "0" />
		<Point X = "37" Y = "152" T = "0" Pressure = "0" />
		<Point X = "34" Y = "156" T = "0" Pressure = "0" />
		<Point X = "32" Y = "162" T = "0" Pressure = "0" />
		<Point X = "30" Y = "165" T = "0" Pressure = "0" />
		<Point X = "29" Y = "172" T = "0" Pressure = "0" />
		<Point X = "29" Y = "176" T = "0" Pressure = "0" />
		<Point X = "29" Y = "180" T = "0" Pressure = "0" />
		<Point X = "29" Y = "185" T = "0" Pressure = "0" />
		<Point X = "29" Y = "187" T = "0" Pressure = "0" />
		<Point X = "29" Y = "191" T = "0" Pressure = "0" />
		<Point X = "29" Y = "195" T = "0" Pressure = "0" />
		<Point X = "29" Y = "199" T = "0" Pressure = "0" />
		<Point X = "29" Y = "205" T = "0" Pressure = "0" />
		<Point X = "29" Y = "210" T = "0" Pressure = "0" />
		<Point X = "29" Y = "216" T = "0" Pressure = "0" />
		<Point X = "29" Y = "222" T = "0" Pressure = "0" />
		<Point X = "29" Y = "226" T = "0" Pressure = "0" />
		<Point X = "29" Y = "231" T = "0" Pressure = "0" />
		<Point X = "29" Y = "236" T = "0" Pressure = "0" />
		<Point X = "29" Y = "240" T = "0" Pressure = "0" />
		<Point X = "31" Y = "245" T = "0" Pressure = "0" />
		<Point X = "32" Y = "248" T = "0" Pressure = "0" />
		<Point X = "33" Y = "252" T = "0" Pressure = "0" />
		<Point X = "34" Y = "254" T = "0" Pressure = "0" />
		<Point X = "35" Y = "257" T = "0" Pressure = "0" />
		<Point X = "37" Y = "260" T = "0" Pressure = "0" />
		<Point X = "40" Y = "265" T = "0" Pressure = "0" />
		<Point X = "41" Y = "267" T = "0" Pressure = "0" />
		<Point X = "45" Y = "271" T = "0" Pressure = "0" />
		<Point X = "49" Y = "274" T = "0" Pressure = "0" />
		<Point X = "57" Y = "279" T = "0" Pressure = "0" />
		<Point X = "64" Y = "283" T = "0" Pressure = "0" />
		<Point X = "69" Y = "284" T = "0" Pressure = "0" />
		<Point X = "73" Y = "286" T = "0" Pressure = "0" />
		<Point X = "78" Y = "286" T = "0" Pressure = "0" />
		<Point X = "81" Y = "287" T = "0" Pressure = "0" />
		<Point X = "85" Y = "288" T = "0" Pressure = "0" />
		<Point X = "87" Y = "288" T = "0" Pressure = "0" />
		<Point X = "89" Y = "288" T = "0" Pressure = "0" />
		<Point X = "90" Y = "288" T = "0" Pressure = "0" />
		<Point X = "93" Y = "288" T = "0" Pressure = "0" />
		<Point X = "96" Y = "288" T = "0" Pressure = "0" />
		<Point X = "98" Y = "288" T = "0" Pressure = "0" />
		<Point X = "102" Y = "287" T = "0" Pressure = "0" />
		<Point X = "106" Y = "287" T = "0" Pressure = "0" />
		<Point X = "111" Y = "285" T = "0" Pressure = "0" />
		<Point X = "114" Y = "283" T = "0" Pressure = "0" />
		<Point X = "118" Y = "282" T = "0" Pressure = "0" />
		<Point X = "120" Y = "278" T = "0" Pressure = "0" />
		<Point X = "123" Y = "273" T = "0" Pressure = "0" />
		<Point X = "124" Y = "265" T = "0" Pressure = "0" />
		<Point X = "124" Y = "258" T = "0" Pressure = "0" />
		<Point X = "124" Y = "249" T = "0" Pressure = "0" />
		<Point X = "124" Y = "243" T = "0" Pressure = "0" />
		<Point X = "124" Y = "239" T = "0" Pressure = "0" />
		<Point X = "125" Y = "236" T = "0" Pressure = "0" />
		<Point X = "125" Y = "235" T = "0" Pressure = "0" />
		<Point X = "126" Y = "232" T = "0" Pressure = "0" />
		<Point X = "126" Y = "229" T = "0" Pressure = "0" />
		<Point X = "126" Y = "226" T = "0" Pressure = "0" />
		<Point X = "126" Y = "221" T = "0" Pressure = "0" />
		<Point X = "126" Y = "215" T = "0" Pressure = "0" />
		<Point X = "126" Y = "209" T = "0" Pressure = "0" />
		<Point X = "124" Y = "202" T = "0" Pressure = "0" />
		<Point X = "122" Y = "197" T = "0" Pressure = "0" />
		<Point X = "120" Y = "194" T = "0" Pressure = "0" />
		<Point X = "117" Y = "192" T = "0" Pressure = "0" />
		<Point X = "117" Y = "189" T = "0" Pressure = "0" />
		<Point X = "116" Y = "188" T = "0" Pressure = "0" />
		<Point X = "114" Y = "185" T = "0" Pressure = "0" />
		<Point X = "113" Y = "183" T = "0" Pressure = "0" />
		<Point X = "112" Y = "182" T = "0" Pressure = "0" />
		<Point X = "111" Y = "181" T = "0" Pressure = "0" />
		<Point X = "110" Y = "181" T = "0" Pressure = "0" />
		<Point X = "108" Y = "181" T = "0" Pressure = "0" />
		<Point X = "106" Y = "181" T = "0" Pressure = "0" />
		<Point X = "103" Y = "181" T = "0" Pressure = "0" />
		<Point X = "100" Y = "181" T = "0" Pressure = "0" />
		<Point X = "99" Y = "181" T = "0" Pressure = "0" />
		<Point X = "95" Y = "181" T = "0" Pressure = "0" />
		<Point X = "92" Y = "181" T = "0" Pressure = "0" />
		<Point X = "89" Y = "181" T = "0" Pressure = "0" />
		<Point X = "86" Y = "181" T = "0" Pressure = "0" />
		<Point X = "84" Y = "181" T = "0" Pressure = "0" />
		<Point X = "81" Y = "181" T = "0" Pressure = "0" />
		<Point X = "80" Y = "181" T = "0" Pressure = "0" />
		<Point X = "78" Y = "181" T = "0" Pressure = "0" />
		<Point X = "76" Y = "181" T = "0" Pressure = "0" />
		<Point X = "75" Y = "182" T = "0" Pressure = "0" />
		<Point X = "73" Y = "182" T = "0" Pressure = "0" />
		<Point X = "71" Y = "183" T = "0" Pressure = "0" />
		<Point X = "69" Y = "185" T = "0" Pressure = "0" />
		<Point X = "68" Y = "185" T = "0" Pressure = "0" />
		<Point X = "67" Y = "186" T = "0" Pressure = "0" />
		<Point X = "65" Y = "187" T = "0" Pressure = "0" />
		<Point X = "64" Y = "190" T = "0" Pressure = "0" />
		<Point X = "63" Y = "191" T = "0" Pressure = "0" />
		<Point X = "63" Y = "192" T = "0" Pressure = "0" />
		<Point X = "63" Y = "196" T = "0" Pressure = "0" />
		<Point X = "63" Y = "200" T = "0" Pressure = "0" />
		<Point X = "63" Y = "201" T = "0" Pressure = "0" />
		<Point X = "63" Y = "204" T = "0" Pressure = "0" />
		<Point X = "63" Y = "206" T = "0" Pressure = "0" />
		<Point X = "63" Y = "208" T = "0" Pressure = "0" />
		<Point X = "63" Y = "210" T = "0" Pressure = "0" />
		<Point X = "64" Y = "212" T = "0" Pressure = "0" />
		<Point X = "64" Y = "215" T = "0" Pressure = "0" />
		<Point X = "66" Y = "218" T = "0" Pressure = "0" />
		<Point X = "67" Y = "220" T = "0" Pressure = "0" />
		<Point X = "67" Y = "222" T = "0" Pressure = "0" />
		<Point X = "68" Y = "223" T = "0" Pressure = "0" />
		<Point X = "68" Y = "226" T = "0" Pressure = "0" />
		<Point X = "68" Y = "227" T = "0" Pressure = "0" />
		<Point X = "68" Y = "229" T = "0" Pressure = "0" />
		<Point X = "70" Y = "232" T = "0" Pressure = "0" />
		<Point X = "70" Y = "234" T = "0" Pressure = "0" />
		<Point X = "71" Y = "236" T = "0" Pressure = "0" />
		<Point X = "71" Y = "238" T = "0" Pressure = "0" />
		<Point X = "71" Y = "240" T = "0" Pressure = "0" />
		<Point X = "72" Y = "242" T = "0" Pressure = "0" />
		<Point X = "72" Y = "243" T = "0" Pressure = "0" />
		<Point X = "73" Y = "245" T = "0" Pressure = "0" />
		<Point X = "74" Y = "245" T = "0" Pressure = "0" />
		<Point X = "74" Y = "246" T = "0" Pressure = "0" />
		<Point X = "76" Y = "246" T = "0" Pressure = "0" />
		<Point X = "77" Y = "247" T = "0" Pressure = "0" />
		<Point X = "78" Y = "247" T = "0" Pressure = "0" />
		<Point X = "80" Y = "247" T = "0" Pressure = "0" />
		<Point X = "83" Y = "247" T = "0" Pressure = "0" />
		<Point X = "85" Y = "247" T = "0" Pressure = "0" />
		<Point X = "88" Y = "245" T = "0" Pressure = "0" />
		<Point X = "89" Y = "244" T = "0" Pressure = "0" />
		<Point X = "90" Y = "243" T = "0" Pressure = "0" />
		<Point X = "91" Y = "242" T = "0" Pressure = "0" />
		<Point X = "93" Y = "240" T = "0" Pressure = "0" />
		<Point X = "95" Y = "239" T = "0" Pressure = "0" />
		<Point X = "95" Y = "237" T = "0" Pressure = "0" />
		<Point X = "96" Y = "237" T = "0" Pressure = "0" />
		<Point X = "97" Y = "236" T = "0" Pressure = "0" />
		<Point X = "98" Y = "234" T = "0" Pressure = "0" />
		<Point X = "99" Y = "233" T = "0" Pressure = "0" />
		<Point X = "99" Y = "230" T = "0" Pressure = "0" />
		<Point X = "101" Y = "228" T = "0" Pressure = "0" />
		<Point X = "101" Y = "226" T = "0" Pressure = "0" />
		<Point X = "101" Y = "223" T = "0" Pressure = "0" />
		<Point X = "101" Y = "220" T = "0" Pressure = "0" />
		<Point X = "101" Y = "218" T = "0" Pressure = "0" />
		<Point X = "101" Y = "211" T = "0" Pressure = "0" />
		<Point X = "101" Y = "207" T = "0" Pressure = "0" />
		<Point X = "101" Y = "205" T = "0" Pressure = "0" />
		<Point X = "101" Y = "203" T = "0" Pressure = "0" />
		<Point X = "100" Y = "200" T = "0" Pressure = "0" />
		<Point X = "100" Y = "199" T = "0" Pressure = "0" />
		<Point X = "99" Y = "198" T = "0" Pressure = "0" />
		<Point X = "98" Y = "197" T = "0" Pressure = "0" />
		<Point X = "97" Y = "197" T = "0" Pressure = "0" />
		<Point X = "95" Y = "196" T = "0" Pressure = "0" />
		<Point X = "94" Y = "196" T = "0" Pressure = "0" />
		<Point X = "93" Y = "196" T = "0" Pressure = "0" />
		<Point X = "92" Y = "196" T = "0" Pressure = "0" />
		<Point X = "91" Y = "196" T = "0" Pressure = "0" />
		<Point X = "89" Y = "196" T = "0" Pressure = "0" />
		<Point X = "87" Y = "196" T = "0" Pressure = "0" />
		<Point X = "86" Y = "196" T = "0" Pressure = "0" />
		<Point X = "85" Y = "196" T = "0" Pressure = "0" />
		<Point X = "83" Y = "196" T = "0" Pressure = "0" />
		<Point X = "82" Y = "196" T = "0" Pressure = "0" />
		<Point X = "81" Y = "196" T = "0" Pressure = "0" />
		<Point X = "80" Y = "196" T = "0" Pressure = "0" />
		<Point X = "79" Y = "197" T = "0" Pressure = "0" />
		<Point X = "79" Y = "198" T = "0" Pressure = "0" />
		<Point X = "79" Y = "200" T = "0" Pressure = "0" />
		<Point X = "79" Y = "202" T = "0" Pressure = "0" />
		<Point X = "79" Y = "204" T = "0" Pressure = "0" />
		<Point X = "79" Y = "206" T = "0" Pressure = "0" />
		<Point X = "79" Y = "207" T = "0" Pressure = "0" />
		<Point X = "79" Y = "209" T = "0" Pressure = "0" />
		<Point X = "79" Y = "211" T = "0" Pressure = "0" />
		<Point X = "79" Y = "212" T = "0" Pressure = "0" />
		<Point X = "79" Y = "214" T = "0" Pressure = "0" />
		<Point X = "79" Y = "215" T = "0" Pressure = "0" />
		<Point X = "79" Y = "217" T = "0" Pressure = "0" />
		<Point X = "79" Y = "218" T = "0" Pressure = "0" />
		<Point X = "80" Y = "218" T = "0" Pressure = "0" />
		<Point X = "80" Y = "220" T = "0" Pressure = "0" />
		<Point X = "81" Y = "222" T = "0" Pressure = "0" />
		<Point X = "82" Y = "222" T = "0" Pressure = "0" />
		<Point X = "83" Y = "222" T = "0" Pressure = "0" />
		<Point X = "84" Y = "222" T = "0" Pressure = "0" />
		<Point X = "85" Y = "222" T = "0" Pressure = "0" />
		<Point X = "86" Y = "222" T = "0" Pressure = "0" />
		<Point X = "87" Y = "221" T = "0" Pressure = "0" />
	</Stroke>
</Gesture>
