<?xml version="1.0" encoding="utf-8" standalone="yes"?>
<Gesture Name = "spiral">
	<Stroke>
		<Point X = "310" Y = "186" T = "0" Pressure = "0" />
		<Point X = "311" Y = "187" T = "0" Pressure = "0" />
		<Point X = "312" Y = "188" T = "0" Pressure = "0" />
		<Point X = "312" Y = "189" T = "0" Pressure = "0" />
		<Point X = "312" Y = "191" T = "0" Pressure = "0" />
		<Point X = "312" Y = "196" T = "0" Pressure = "0" />
		<Point X = "312" Y = "204" T = "0" Pressure = "0" />
		<Point X = "312" Y = "213" T = "0" Pressure = "0" />
		<Point X = "312" Y = "223" T = "0" Pressure = "0" />
		<Point X = "312" Y = "231" T = "0" Pressure = "0" />
		<Point X = "312" Y = "242" T = "0" Pressure = "0" />
		<Point X = "312" Y = "250" T = "0" Pressure = "0" />
		<Point X = "310" Y = "259" T = "0" Pressure = "0" />
		<Point X = "309" Y = "265" T = "0" Pressure = "0" />
		<Point X = "306" Y = "271" T = "0" Pressure = "0" />
		<Point X = "304" Y = "274" T = "0" Pressure = "0" />
		<Point X = "304" Y = "277" T = "0" Pressure = "0" />
		<Point X = "301" Y = "282" T = "0" Pressure = "0" />
		<Point X = "299" Y = "285" T = "0" Pressure = "0" />
		<Point X = "296" Y = "290" T = "0" Pressure = "0" />
		<Point X = "295" Y = "292" T = "0" Pressure = "0" />
		<Point X = "292" Y = "295" T = "0" Pressure = "0" />
		<Point X = "289" Y = "296" T = "0" Pressure = "0" />
		<Point X = "286" Y = "298" T = "0" Pressure = "0" />
		<Point X = "281" Y = "300" T = "0" Pressure = "0" />
		<Point X = "279" Y = "302" T = "0" Pressure = "0" />
		<Point X = "273" Y = "303" T = "0" Pressure = "0" />
		<Point X = "271" Y = "303" T = "0" Pressure = "0" />
		<Point X = "267" Y = "303" T = "0" Pressure = "0" />
		<Point X = "264" Y = "303" T = "0" Pressure = "0" />
		<Point X = "260" Y = "303" T = "0" Pressure = "0" />
		<Point X = "255" Y = "301" T = "0" Pressure = "0" />
		<Point X = "252" Y = "298" T = "0" Pressure = "0" />
		<Point X = "247" Y = "293" T = "0" Pressure = "0" />
		<Point X = "240" Y = "289" T = "0" Pressure = "0" />
		<Point X = "235" Y = "285" T = "0" Pressure = "0" />
		<Point X = "231" Y = "281" T = "0" Pressure = "0" />
		<Point X = "227" Y = "277" T = "0" Pressure = "0" />
		<Point X = "223" Y = "275" T = "0" Pressure = "0" />
		<Point X = "218" Y = "271" T = "0" Pressure = "0" />
		<Point X = "215" Y = "267" T = "0" Pressure = "0" />
		<Point X = "211" Y = "261" T = "0" Pressure = "0" />
		<Point X = "210" Y = "258" T = "0" Pressure = "0" />
		<Point X = "207" Y = "253" T = "0" Pressure = "0" />
		<Point X = "206" Y = "246" T = "0" Pressure = "0" />
		<Point X = "205" Y = "240" T = "0" Pressure = "0" />
		<Point X = "204" Y = "236" T = "0" Pressure = "0" />
		<Point X = "202" Y = "230" T = "0" Pressure = "0" />
		<Point X = "201" Y = "224" T = "0" Pressure = "0" />
		<Point X = "200" Y = "220" T = "0" Pressure = "0" />
		<Point X = "200" Y = "217" T = "0" Pressure = "0" />
		<Point X = "200" Y = "212" T = "0" Pressure = "0" />
		<Point X = "200" Y = "209" T = "0" Pressure = "0" />
		<Point X = "200" Y = "206" T = "0" Pressure = "0" />
		<Point X = "200" Y = "204" T = "0" Pressure = "0" />
		<Point X = "200" Y = "202" T = "0" Pressure = "0" />
		<Point X = "200" Y = "200" T = "0" Pressure = "0" />
		<Point X = "200" Y = "198" T = "0" Pressure = "0" />
		<Point X = "202" Y = "195" T = "0" Pressure = "0" />
		<Point X = "202" Y = "194" T = "0" Pressure = "0" />
		<Point X = "204" Y = "192" T = "0" Pressure = "0" />
		<Point X = "207" Y = "190" T = "0" Pressure = "0" />
		<Point X = "209" Y = "188" T = "0" Pressure = "0" />
		<Point X = "214" Y = "185" T = "0" Pressure = "0" />
		<Point X = "220" Y = "182" T = "0" Pressure = "0" />
		<Point X = "223" Y = "180" T = "0" Pressure = "0" />
		<Point X = "228" Y = "179" T = "0" Pressure = "0" />
		<Point X = "231" Y = "177" T = "0" Pressure = "0" />
		<Point X = "234" Y = "177" T = "0" Pressure = "0" />
		<Point X = "236" Y = "177" T = "0" Pressure = "0" />
		<Point X = "239" Y = "177" T = "0" Pressure = "0" />
		<Point X = "240" Y = "177" T = "0" Pressure = "0" />
		<Point X = "241" Y = "177" T = "0" Pressure = "0" />
		<Point X = "242" Y = "177" T = "0" Pressure = "0" />
		<Point X = "243" Y = "177" T = "0" Pressure = "0" />
		<Point X = "245" Y = "178" T = "0" Pressure = "0" />
		<Point X = "247" Y = "180" T = "0" Pressure = "0" />
		<Point X = "249" Y = "182" T = "0" Pressure = "0" />
		<Point X = "251" Y = "185" T = "0" Pressure = "0" />
		<Point X = "255" Y = "189" T = "0" Pressure = "0" />
		<Point X = "256" Y = "192" T = "0" Pressure = "0" />
		<Point X = "259" Y = "194" T = "0" Pressure = "0" />
		<Point X = "260" Y = "198" T = "0" Pressure = "0" />
		<Point X = "263" Y = "201" T = "0" Pressure = "0" />
		<Point X = "265" Y = "206" T = "0" Pressure = "0" />
		<Point X = "267" Y = "210" T = "0" Pressure = "0" />
		<Point X = "269" Y = "216" T = "0" Pressure = "0" />
		<Point X = "269" Y = "222" T = "0" Pressure = "0" />
		<Point X = "269" Y = "225" T = "0" Pressure = "0" />
		<Point X = "269" Y = "233" T = "0" Pressure = "0" />
		<Point X = "269" Y = "239" T = "0" Pressure = "0" />
		<Point X = "269" Y = "246" T = "0" Pressure = "0" />
		<Point X = "269" Y = "250" T = "0" Pressure = "0" />
		<Point X = "269" Y = "254" T = "0" Pressure = "0" />
		<Point X = "269" Y = "256" T = "0" Pressure = "0" />
		<Point X = "269" Y = "258" T = "0" Pressure = "0" />
		<Point X = "269" Y = "259" T = "0" Pressure = "0" />
		<Point X = "269" Y = "260" T = "0" Pressure = "0" />
		<Point X = "268" Y = "261" T = "0" Pressure = "0" />
		<Point X = "267" Y = "261" T = "0" Pressure = "0" />
		<Point X = "266" Y = "261" T = "0" Pressure = "0" />
		<Point X = "265" Y = "261" T = "0" Pressure = "0" />
		<Point X = "264" Y = "261" T = "0" Pressure = "0" />
		<Point X = "262" Y = "261" T = "0" Pressure = "0" />
		<Point X = "259" Y = "261" T = "0" Pressure = "0" />
		<Point X = "256" Y = "260" T = "0" Pressure = "0" />
		<Point X = "250" Y = "255" T = "0" Pressure = "0" />
		<Point X = "247" Y = "250" T = "0" Pressure = "0" />
		<Point X = "244" Y = "245" T = "0" Pressure = "0" />
		<Point X = "241" Y = "240" T = "0" Pressure = "0" />
		<Point X = "239" Y = "237" T = "0" Pressure = "0" />
		<Point X = "238" Y = "234" T = "0" Pressure = "0" />
		<Point X = "237" Y = "232" T = "0" Pressure = "0" />
		<Point X = "235" Y = "230" T = "0" Pressure = "0" />
		<Point X = "235" Y = "229" T = "0" Pressure = "0" />
		<Point X = "234" Y = "228" T = "0" Pressure = "0" />
		<Point X = "233" Y = "227" T = "0" Pressure = "0" />
		<Point X = "232" Y = "224" T = "0" Pressure = "0" />
		<Point X = "231" Y = "222" T = "0" Pressure = "0" />
		<Point X = "230" Y = "221" T = "0" Pressure = "0" />
		<Point X = "230" Y = "218" T = "0" Pressure = "0" />
		<Point X = "228" Y = "215" T = "0" Pressure = "0" />
		<Point X = "227" Y = "213" T = "0" Pressure = "0" />
		<Point X = "227" Y = "212" T = "0" Pressure = "0" />
		<Point X = "227" Y = "209" T = "0" Pressure = "0" />
		<Point X = "227" Y = "208" T = "0" Pressure = "0" />
		<Point X = "227" Y = "207" T = "0" Pressure = "0" />
		<Point X = "227" Y = "206" T = "0" Pressure = "0" />
		<Point X = "227" Y = "205" T = "0" Pressure = "0" />
		<Point X = "227" Y = "203" T = "0" Pressure = "0" />
		<Point X = "229" Y = "201" T = "0" Pressure = "0" />
		<Point X = "231" Y = "201" T = "0" Pressure = "0" />
		<Point X = "232" Y = "200" T = "0" Pressure = "0" />
		<Point X = "233" Y = "200" T = "0" Pressure = "0" />
		<Point X = "234" Y = "200" T = "0" Pressure = "0" />
		<Point X = "236" Y = "200" T = "0" Pressure = "0" />
		<Point X = "238" Y = "200" T = "0" Pressure = "0" />
		<Point X = "239" Y = "200" T = "0" Pressure = "0" />
		<Point X = "240" Y = "201" T = "0" Pressure = "0" />
		<Point X = "241" Y = "202" T = "0" Pressure = "0" />
		<Point X = "243" Y = "202" T = "0" Pressure = "0" />
		<Point X = "245" Y = "204" T = "0" Pressure = "0" />
		<Point X = "246" Y = "205" T = "0" Pressure = "0" />
		<Point X = "247" Y = "206" T = "0" Pressure = "0" />
		<Point X = "248" Y = "207" T = "0" Pressure = "0" />
		<Point X = "249" Y = "209" T = "0" Pressure = "0" />
		<Point X = "249" Y = "211" T = "0" Pressure = "0" />
		<Point X = "250" Y = "212" T = "0" Pressure = "0" />
		<Point X = "251" Y = "215" T = "0" Pressure = "0" />
		<Point X = "252" Y = "215" T = "0" Pressure = "0" />
		<Point X = "252" Y = "218" T = "0" Pressure = "0" />
		<Point X = "252" Y = "219" T = "0" Pressure = "0" />
		<Point X = "253" Y = "220" T = "0" Pressure = "0" />
		<Point X = "253" Y = "221" T = "0" Pressure = "0" />
		<Point X = "253" Y = "222" T = "0" Pressure = "0" />
		<Point X = "253" Y = "224" T = "0" Pressure = "0" />
		<Point X = "252" Y = "225" T = "0" Pressure = "0" />
		<Point X = "252" Y = "226" T = "0" Pressure = "0" />
		<Point X = "251" Y = "227" T = "0" Pressure = "0" />
		<Point X = "251" Y = "228" T = "0" Pressure = "0" />
		<Point X = "250" Y = "229" T = "0" Pressure = "0" />
		<Point X = "249" Y = "229" T = "0" Pressure = "0" />
		<Point X = "248" Y = "230" T = "0" Pressure = "0" />
		<Point X = "247" Y = "231" T = "0" Pressure = "0" />
		<Point X = "246" Y = "231" T = "0" Pressure = "0" />
		<Point X = "245" Y = "231" T = "0" Pressure = "0" />
		<Point X = "245" Y = "230" T = "0" Pressure = "0" />
		<Point X = "245" Y = "228" T = "0" Pressure = "0" />
		<Point X = "245" Y = "226" T = "0" Pressure = "0" />
		<Point X = "245" Y = "223" T = "0" Pressure = "0" />
		<Point X = "245" Y = "221" T = "0" Pressure = "0" />
		<Point X = "245" Y = "220" T = "0" Pressure = "0" />
		<Point X = "245" Y = "219" T = "0" Pressure = "0" />
		<Point X = "245" Y = "218" T = "0" Pressure = "0" />
		<Point X = "245" Y = "217" T = "0" Pressure = "0" />
	</Stroke>
</Gesture>
