<?xml version="1.0" encoding="utf-8" standalone="yes"?>
<Gesture Name = "spiral">
	<Stroke>
		<Point X = "104" Y = "164" T = "0" Pressure = "0" />
		<Point X = "108" Y = "161" T = "0" Pressure = "0" />
		<Point X = "114" Y = "157" T = "0" Pressure = "0" />
		<Point X = "123" Y = "150" T = "0" Pressure = "0" />
		<Point X = "130" Y = "146" T = "0" Pressure = "0" />
		<Point X = "139" Y = "141" T = "0" Pressure = "0" />
		<Point X = "150" Y = "136" T = "0" Pressure = "0" />
		<Point X = "158" Y = "134" T = "0" Pressure = "0" />
		<Point X = "169" Y = "131" T = "0" Pressure = "0" />
		<Point X = "182" Y = "130" T = "0" Pressure = "0" />
		<Point X = "195" Y = "130" T = "0" Pressure = "0" />
		<Point X = "208" Y = "130" T = "0" Pressure = "0" />
		<Point X = "223" Y = "130" T = "0" Pressure = "0" />
		<Point X = "234" Y = "130" T = "0" Pressure = "0" />
		<Point X = "243" Y = "130" T = "0" Pressure = "0" />
		<Point X = "252" Y = "130" T = "0" Pressure = "0" />
		<Point X = "260" Y = "130" T = "0" Pressure = "0" />
		<Point X = "265" Y = "130" T = "0" Pressure = "0" />
		<Point X = "272" Y = "130" T = "0" Pressure = "0" />
		<Point X = "278" Y = "130" T = "0" Pressure = "0" />
		<Point X = "281" Y = "130" T = "0" Pressure = "0" />
		<Point X = "283" Y = "130" T = "0" Pressure = "0" />
		<Point X = "285" Y = "130" T = "0" Pressure = "0" />
		<Point X = "286" Y = "131" T = "0" Pressure = "0" />
		<Point X = "287" Y = "132" T = "0" Pressure = "0" />
		<Point X = "288" Y = "136" T = "0" Pressure = "0" />
		<Point X = "291" Y = "138" T = "0" Pressure = "0" />
		<Point X = "295" Y = "146" T = "0" Pressure = "0" />
		<Point X = "298" Y = "153" T = "0" Pressure = "0" />
		<Point X = "303" Y = "163" T = "0" Pressure = "0" />
		<Point X = "309" Y = "173" T = "0" Pressure = "0" />
		<Point X = "315" Y = "186" T = "0" Pressure = "0" />
		<Point X = "321" Y = "200" T = "0" Pressure = "0" />
		<Point X = "325" Y = "212" T = "0" Pressure = "0" />
		<Point X = "329" Y = "224" T = "0" Pressure = "0" />
		<Point X = "332" Y = "237" T = "0" Pressure = "0" />
		<Point X = "334" Y = "245" T = "0" Pressure = "0" />
		<Point X = "335" Y = "255" T = "0" Pressure = "0" />
		<Point X = "335" Y = "260" T = "0" Pressure = "0" />
		<Point X = "335" Y = "268" T = "0" Pressure = "0" />
		<Point X = "335" Y = "273" T = "0" Pressure = "0" />
		<Point X = "335" Y = "276" T = "0" Pressure = "0" />
		<Point X = "335" Y = "278" T = "0" Pressure = "0" />
		<Point X = "334" Y = "281" T = "0" Pressure = "0" />
		<Point X = "333" Y = "284" T = "0" Pressure = "0" />
		<Point X = "331" Y = "288" T = "0" Pressure = "0" />
		<Point X = "330" Y = "289" T = "0" Pressure = "0" />
		<Point X = "326" Y = "294" T = "0" Pressure = "0" />
		<Point X = "322" Y = "296" T = "0" Pressure = "0" />
		<Point X = "317" Y = "299" T = "0" Pressure = "0" />
		<Point X = "308" Y = "301" T = "0" Pressure = "0" />
		<Point X = "301" Y = "304" T = "0" Pressure = "0" />
		<Point X = "292" Y = "304" T = "0" Pressure = "0" />
		<Point X = "283" Y = "305" T = "0" Pressure = "0" />
		<Point X = "275" Y = "306" T = "0" Pressure = "0" />
		<Point X = "268" Y = "306" T = "0" Pressure = "0" />
		<Point X = "262" Y = "308" T = "0" Pressure = "0" />
		<Point X = "256" Y = "308" T = "0" Pressure = "0" />
		<Point X = "253" Y = "308" T = "0" Pressure = "0" />
		<Point X = "249" Y = "308" T = "0" Pressure = "0" />
		<Point X = "247" Y = "308" T = "0" Pressure = "0" />
		<Point X = "243" Y = "307" T = "0" Pressure = "0" />
		<Point X = "238" Y = "304" T = "0" Pressure = "0" />
		<Point X = "229" Y = "301" T = "0" Pressure = "0" />
		<Point X = "223" Y = "296" T = "0" Pressure = "0" />
		<Point X = "217" Y = "291" T = "0" Pressure = "0" />
		<Point X = "210" Y = "288" T = "0" Pressure = "0" />
		<Point X = "208" Y = "287" T = "0" Pressure = "0" />
		<Point X = "206" Y = "286" T = "0" Pressure = "0" />
		<Point X = "204" Y = "285" T = "0" Pressure = "0" />
		<Point X = "201" Y = "282" T = "0" Pressure = "0" />
		<Point X = "199" Y = "280" T = "0" Pressure = "0" />
		<Point X = "196" Y = "278" T = "0" Pressure = "0" />
		<Point X = "193" Y = "275" T = "0" Pressure = "0" />
		<Point X = "188" Y = "271" T = "0" Pressure = "0" />
		<Point X = "183" Y = "263" T = "0" Pressure = "0" />
		<Point X = "176" Y = "257" T = "0" Pressure = "0" />
		<Point X = "171" Y = "249" T = "0" Pressure = "0" />
		<Point X = "167" Y = "242" T = "0" Pressure = "0" />
		<Point X = "165" Y = "237" T = "0" Pressure = "0" />
		<Point X = "164" Y = "234" T = "0" Pressure = "0" />
		<Point X = "164" Y = "231" T = "0" Pressure = "0" />
		<Point X = "164" Y = "228" T = "0" Pressure = "0" />
		<Point X = "164" Y = "227" T = "0" Pressure = "0" />
		<Point X = "164" Y = "225" T = "0" Pressure = "0" />
		<Point X = "164" Y = "223" T = "0" Pressure = "0" />
		<Point X = "164" Y = "220" T = "0" Pressure = "0" />
		<Point X = "164" Y = "216" T = "0" Pressure = "0" />
		<Point X = "166" Y = "211" T = "0" Pressure = "0" />
		<Point X = "167" Y = "207" T = "0" Pressure = "0" />
		<Point X = "168" Y = "202" T = "0" Pressure = "0" />
		<Point X = "172" Y = "197" T = "0" Pressure = "0" />
		<Point X = "176" Y = "194" T = "0" Pressure = "0" />
		<Point X = "178" Y = "190" T = "0" Pressure = "0" />
		<Point X = "180" Y = "187" T = "0" Pressure = "0" />
		<Point X = "183" Y = "184" T = "0" Pressure = "0" />
		<Point X = "185" Y = "182" T = "0" Pressure = "0" />
		<Point X = "188" Y = "180" T = "0" Pressure = "0" />
		<Point X = "190" Y = "177" T = "0" Pressure = "0" />
		<Point X = "192" Y = "176" T = "0" Pressure = "0" />
		<Point X = "195" Y = "175" T = "0" Pressure = "0" />
		<Point X = "197" Y = "173" T = "0" Pressure = "0" />
		<Point X = "200" Y = "172" T = "0" Pressure = "0" />
		<Point X = "203" Y = "171" T = "0" Pressure = "0" />
		<Point X = "207" Y = "169" T = "0" Pressure = "0" />
		<Point X = "212" Y = "168" T = "0" Pressure = "0" />
		<Point X = "217" Y = "167" T = "0" Pressure = "0" />
		<Point X = "223" Y = "166" T = "0" Pressure = "0" />
		<Point X = "224" Y = "166" T = "0" Pressure = "0" />
		<Point X = "225" Y = "166" T = "0" Pressure = "0" />
		<Point X = "226" Y = "166" T = "0" Pressure = "0" />
		<Point X = "228" Y = "166" T = "0" Pressure = "0" />
		<Point X = "229" Y = "166" T = "0" Pressure = "0" />
		<Point X = "233" Y = "166" T = "0" Pressure = "0" />
		<Point X = "236" Y = "170" T = "0" Pressure = "0" />
		<Point X = "243" Y = "175" T = "0" Pressure = "0" />
		<Point X = "247" Y = "179" T = "0" Pressure = "0" />
		<Point X = "251" Y = "184" T = "0" Pressure = "0" />
		<Point X = "254" Y = "188" T = "0" Pressure = "0" />
		<Point X = "256" Y = "190" T = "0" Pressure = "0" />
		<Point X = "257" Y = "193" T = "0" Pressure = "0" />
		<Point X = "260" Y = "198" T = "0" Pressure = "0" />
		<Point X = "261" Y = "200" T = "0" Pressure = "0" />
		<Point X = "262" Y = "203" T = "0" Pressure = "0" />
		<Point X = "262" Y = "206" T = "0" Pressure = "0" />
		<Point X = "265" Y = "210" T = "0" Pressure = "0" />
		<Point X = "266" Y = "214" T = "0" Pressure = "0" />
		<Point X = "267" Y = "221" T = "0" Pressure = "0" />
		<Point X = "267" Y = "228" T = "0" Pressure = "0" />
		<Point X = "269" Y = "237" T = "0" Pressure = "0" />
		<Point X = "269" Y = "244" T = "0" Pressure = "0" />
		<Point X = "269" Y = "251" T = "0" Pressure = "0" />
		<Point X = "269" Y = "256" T = "0" Pressure = "0" />
		<Point X = "269" Y = "258" T = "0" Pressure = "0" />
		<Point X = "266" Y = "262" T = "0" Pressure = "0" />
		<Point X = "264" Y = "263" T = "0" Pressure = "0" />
		<Point X = "261" Y = "263" T = "0" Pressure = "0" />
		<Point X = "259" Y = "263" T = "0" Pressure = "0" />
		<Point X = "257" Y = "263" T = "0" Pressure = "0" />
		<Point X = "255" Y = "263" T = "0" Pressure = "0" />
		<Point X = "254" Y = "263" T = "0" Pressure = "0" />
		<Point X = "252" Y = "263" T = "0" Pressure = "0" />
		<Point X = "250" Y = "263" T = "0" Pressure = "0" />
		<Point X = "248" Y = "263" T = "0" Pressure = "0" />
		<Point X = "244" Y = "263" T = "0" Pressure = "0" />
		<Point X = "239" Y = "263" T = "0" Pressure = "0" />
		<Point X = "234" Y = "263" T = "0" Pressure = "0" />
		<Point X = "230" Y = "263" T = "0" Pressure = "0" />
		<Point X = "225" Y = "263" T = "0" Pressure = "0" />
		<Point X = "220" Y = "261" T = "0" Pressure = "0" />
		<Point X = "218" Y = "260" T = "0" Pressure = "0" />
		<Point X = "217" Y = "259" T = "0" Pressure = "0" />
		<Point X = "215" Y = "258" T = "0" Pressure = "0" />
		<Point X = "212" Y = "256" T = "0" Pressure = "0" />
		<Point X = "211" Y = "254" T = "0" Pressure = "0" />
		<Point X = "209" Y = "251" T = "0" Pressure = "0" />
		<Point X = "207" Y = "246" T = "0" Pressure = "0" />
		<Point X = "206" Y = "241" T = "0" Pressure = "0" />
		<Point X = "205" Y = "236" T = "0" Pressure = "0" />
		<Point X = "204" Y = "231" T = "0" Pressure = "0" />
		<Point X = "203" Y = "228" T = "0" Pressure = "0" />
		<Point X = "203" Y = "227" T = "0" Pressure = "0" />
		<Point X = "203" Y = "225" T = "0" Pressure = "0" />
		<Point X = "203" Y = "224" T = "0" Pressure = "0" />
		<Point X = "203" Y = "223" T = "0" Pressure = "0" />
		<Point X = "203" Y = "221" T = "0" Pressure = "0" />
		<Point X = "203" Y = "220" T = "0" Pressure = "0" />
		<Point X = "203" Y = "218" T = "0" Pressure = "0" />
		<Point X = "204" Y = "216" T = "0" Pressure = "0" />
		<Point X = "207" Y = "212" T = "0" Pressure = "0" />
		<Point X = "209" Y = "210" T = "0" Pressure = "0" />
		<Point X = "211" Y = "208" T = "0" Pressure = "0" />
		<Point X = "213" Y = "205" T = "0" Pressure = "0" />
		<Point X = "214" Y = "205" T = "0" Pressure = "0" />
		<Point X = "216" Y = "204" T = "0" Pressure = "0" />
		<Point X = "218" Y = "203" T = "0" Pressure = "0" />
		<Point X = "220" Y = "202" T = "0" Pressure = "0" />
		<Point X = "222" Y = "202" T = "0" Pressure = "0" />
		<Point X = "225" Y = "201" T = "0" Pressure = "0" />
		<Point X = "227" Y = "201" T = "0" Pressure = "0" />
		<Point X = "228" Y = "201" T = "0" Pressure = "0" />
		<Point X = "230" Y = "201" T = "0" Pressure = "0" />
		<Point X = "231" Y = "201" T = "0" Pressure = "0" />
		<Point X = "233" Y = "201" T = "0" Pressure = "0" />
		<Point X = "234" Y = "201" T = "0" Pressure = "0" />
		<Point X = "235" Y = "201" T = "0" Pressure = "0" />
		<Point X = "236" Y = "202" T = "0" Pressure = "0" />
		<Point X = "238" Y = "204" T = "0" Pressure = "0" />
		<Point X = "240" Y = "205" T = "0" Pressure = "0" />
		<Point X = "242" Y = "209" T = "0" Pressure = "0" />
		<Point X = "243" Y = "209" T = "0" Pressure = "0" />
		<Point X = "245" Y = "211" T = "0" Pressure = "0" />
		<Point X = "245" Y = "212" T = "0" Pressure = "0" />
		<Point X = "246" Y = "212" T = "0" Pressure = "0" />
		<Point X = "246" Y = "214" T = "0" Pressure = "0" />
		<Point X = "246" Y = "215" T = "0" Pressure = "0" />
		<Point X = "246" Y = "216" T = "0" Pressure = "0" />
		<Point X = "246" Y = "217" T = "0" Pressure = "0" />
		<Point X = "246" Y = "221" T = "0" Pressure = "0" />
		<Point X = "246" Y = "222" T = "0" Pressure = "0" />
		<Point X = "246" Y = "225" T = "0" Pressure = "0" />
		<Point X = "244" Y = "227" T = "0" Pressure = "0" />
		<Point X = "243" Y = "230" T = "0" Pressure = "0" />
		<Point X = "241" Y = "233" T = "0" Pressure = "0" />
		<Point X = "240" Y = "234" T = "0" Pressure = "0" />
		<Point X = "239" Y = "235" T = "0" Pressure = "0" />
		<Point X = "237" Y = "235" T = "0" Pressure = "0" />
		<Point X = "234" Y = "235" T = "0" Pressure = "0" />
		<Point X = "233" Y = "235" T = "0" Pressure = "0" />
		<Point X = "231" Y = "235" T = "0" Pressure = "0" />
		<Point X = "229" Y = "235" T = "0" Pressure = "0" />
		<Point X = "228" Y = "235" T = "0" Pressure = "0" />
		<Point X = "227" Y = "235" T = "0" Pressure = "0" />
		<Point X = "226" Y = "235" T = "0" Pressure = "0" />
		<Point X = "225" Y = "235" T = "0" Pressure = "0" />
		<Point X = "224" Y = "234" T = "0" Pressure = "0" />
		<Point X = "224" Y = "232" T = "0" Pressure = "0" />
		<Point X = "224" Y = "231" T = "0" Pressure = "0" />
		<Point X = "224" Y = "230" T = "0" Pressure = "0" />
		<Point X = "223" Y = "229" T = "0" Pressure = "0" />
		<Point X = "223" Y = "228" T = "0" Pressure = "0" />
		<Point X = "223" Y = "227" T = "0" Pressure = "0" />
		<Point X = "223" Y = "224" T = "0" Pressure = "0" />
		<Point X = "223" Y = "223" T = "0" Pressure = "0" />
		<Point X = "223" Y = "221" T = "0" Pressure = "0" />
		<Point X = "223" Y = "220" T = "0" Pressure = "0" />
	</Stroke>
</Gesture>
