<?xml version="1.0" encoding="utf-8" standalone="yes"?>
<Gesture Name = "spiral">
	<Stroke>
		<Point X = "298" Y = "149" T = "0" Pressure = "0" />
		<Point X = "304" Y = "149" T = "0" Pressure = "0" />
		<Point X = "308" Y = "149" T = "0" Pressure = "0" />
		<Point X = "312" Y = "149" T = "0" Pressure = "0" />
		<Point X = "319" Y = "149" T = "0" Pressure = "0" />
		<Point X = "325" Y = "149" T = "0" Pressure = "0" />
		<Point X = "332" Y = "152" T = "0" Pressure = "0" />
		<Point X = "338" Y = "155" T = "0" Pressure = "0" />
		<Point X = "346" Y = "162" T = "0" Pressure = "0" />
		<Point X = "350" Y = "164" T = "0" Pressure = "0" />
		<Point X = "356" Y = "172" T = "0" Pressure = "0" />
		<Point X = "361" Y = "179" T = "0" Pressure = "0" />
		<Point X = "364" Y = "184" T = "0" Pressure = "0" />
		<Point X = "369" Y = "194" T = "0" Pressure = "0" />
		<Point X = "370" Y = "204" T = "0" Pressure = "0" />
		<Point X = "372" Y = "212" T = "0" Pressure = "0" />
		<Point X = "372" Y = "219" T = "0" Pressure = "0" />
		<Point X = "372" Y = "225" T = "0" Pressure = "0" />
		<Point X = "372" Y = "230" T = "0" Pressure = "0" />
		<Point X = "372" Y = "235" T = "0" Pressure = "0" />
		<Point X = "372" Y = "240" T = "0" Pressure = "0" />
		<Point X = "370" Y = "246" T = "0" Pressure = "0" />
		<Point X = "367" Y = "252" T = "0" Pressure = "0" />
		<Point X = "361" Y = "260" T = "0" Pressure = "0" />
		<Point X = "356" Y = "266" T = "0" Pressure = "0" />
		<Point X = "352" Y = "271" T = "0" Pressure = "0" />
		<Point X = "348" Y = "276" T = "0" Pressure = "0" />
		<Point X = "343" Y = "280" T = "0" Pressure = "0" />
		<Point X = "339" Y = "283" T = "0" Pressure = "0" />
		<Point X = "336" Y = "283" T = "0" Pressure = "0" />
		<Point X = "332" Y = "285" T = "0" Pressure = "0" />
		<Point X = "329" Y = "285" T = "0" Pressure = "0" />
		<Point X = "325" Y = "285" T = "0" Pressure = "0" />
		<Point X = "319" Y = "285" T = "0" Pressure = "0" />
		<Point X = "312" Y = "283" T = "0" Pressure = "0" />
		<Point X = "303" Y = "279" T = "0" Pressure = "0" />
		<Point X = "297" Y = "276" T = "0" Pressure = "0" />
		<Point X = "290" Y = "270" T = "0" Pressure = "0" />
		<Point X = "280" Y = "265" T = "0" Pressure = "0" />
		<Point X = "272" Y = "259" T = "0" Pressure = "0" />
		<Point X = "266" Y = "254" T = "0" Pressure = "0" />
		<Point X = "258" Y = "248" T = "0" Pressure = "0" />
		<Point X = "252" Y = "241" T = "0" Pressure = "0" />
		<Point X = "249" Y = "236" T = "0" Pressure = "0" />
		<Point X = "246" Y = "233" T = "0" Pressure = "0" />
		<Point X = "245" Y = "228" T = "0" Pressure = "0" />
		<Point X = "245" Y = "225" T = "0" Pressure = "0" />
		<Point X = "245" Y = "221" T = "0" Pressure = "0" />
		<Point X = "245" Y = "213" T = "0" Pressure = "0" />
		<Point X = "245" Y = "209" T = "0" Pressure = "0" />
		<Point X = "245" Y = "205" T = "0" Pressure = "0" />
		<Point X = "247" Y = "200" T = "0" Pressure = "0" />
		<Point X = "251" Y = "194" T = "0" Pressure = "0" />
		<Point X = "254" Y = "190" T = "0" Pressure = "0" />
		<Point X = "258" Y = "185" T = "0" Pressure = "0" />
		<Point X = "262" Y = "183" T = "0" Pressure = "0" />
		<Point X = "265" Y = "180" T = "0" Pressure = "0" />
		<Point X = "268" Y = "179" T = "0" Pressure = "0" />
		<Point X = "269" Y = "179" T = "0" Pressure = "0" />
		<Point X = "270" Y = "179" T = "0" Pressure = "0" />
		<Point X = "272" Y = "178" T = "0" Pressure = "0" />
		<Point X = "274" Y = "178" T = "0" Pressure = "0" />
		<Point X = "277" Y = "178" T = "0" Pressure = "0" />
		<Point X = "283" Y = "182" T = "0" Pressure = "0" />
		<Point X = "288" Y = "185" T = "0" Pressure = "0" />
		<Point X = "293" Y = "188" T = "0" Pressure = "0" />
		<Point X = "297" Y = "191" T = "0" Pressure = "0" />
		<Point X = "302" Y = "193" T = "0" Pressure = "0" />
		<Point X = "306" Y = "195" T = "0" Pressure = "0" />
		<Point X = "309" Y = "197" T = "0" Pressure = "0" />
		<Point X = "313" Y = "200" T = "0" Pressure = "0" />
		<Point X = "315" Y = "201" T = "0" Pressure = "0" />
		<Point X = "318" Y = "205" T = "0" Pressure = "0" />
		<Point X = "320" Y = "207" T = "0" Pressure = "0" />
		<Point X = "322" Y = "210" T = "0" Pressure = "0" />
		<Point X = "323" Y = "212" T = "0" Pressure = "0" />
		<Point X = "324" Y = "215" T = "0" Pressure = "0" />
		<Point X = "325" Y = "218" T = "0" Pressure = "0" />
		<Point X = "325" Y = "221" T = "0" Pressure = "0" />
		<Point X = "325" Y = "224" T = "0" Pressure = "0" />
		<Point X = "325" Y = "227" T = "0" Pressure = "0" />
		<Point X = "325" Y = "231" T = "0" Pressure = "0" />
		<Point X = "324" Y = "235" T = "0" Pressure = "0" />
		<Point X = "322" Y = "240" T = "0" Pressure = "0" />
		<Point X = "321" Y = "243" T = "0" Pressure = "0" />
		<Point X = "320" Y = "245" T = "0" Pressure = "0" />
		<Point X = "318" Y = "249" T = "0" Pressure = "0" />
		<Point X = "317" Y = "250" T = "0" Pressure = "0" />
		<Point X = "316" Y = "251" T = "0" Pressure = "0" />
		<Point X = "315" Y = "252" T = "0" Pressure = "0" />
		<Point X = "314" Y = "252" T = "0" Pressure = "0" />
		<Point X = "312" Y = "252" T = "0" Pressure = "0" />
		<Point X = "309" Y = "251" T = "0" Pressure = "0" />
		<Point X = "307" Y = "250" T = "0" Pressure = "0" />
		<Point X = "305" Y = "250" T = "0" Pressure = "0" />
		<Point X = "302" Y = "248" T = "0" Pressure = "0" />
		<Point X = "301" Y = "248" T = "0" Pressure = "0" />
		<Point X = "299" Y = "248" T = "0" Pressure = "0" />
		<Point X = "297" Y = "248" T = "0" Pressure = "0" />
		<Point X = "296" Y = "248" T = "0" Pressure = "0" />
		<Point X = "294" Y = "248" T = "0" Pressure = "0" />
		<Point X = "293" Y = "248" T = "0" Pressure = "0" />
		<Point X = "292" Y = "248" T = "0" Pressure = "0" />
		<Point X = "292" Y = "247" T = "0" Pressure = "0" />
		<Point X = "290" Y = "246" T = "0" Pressure = "0" />
		<Point X = "288" Y = "245" T = "0" Pressure = "0" />
		<Point X = "286" Y = "241" T = "0" Pressure = "0" />
		<Point X = "286" Y = "240" T = "0" Pressure = "0" />
		<Point X = "285" Y = "238" T = "0" Pressure = "0" />
		<Point X = "284" Y = "235" T = "0" Pressure = "0" />
		<Point X = "284" Y = "234" T = "0" Pressure = "0" />
		<Point X = "283" Y = "231" T = "0" Pressure = "0" />
		<Point X = "282" Y = "229" T = "0" Pressure = "0" />
		<Point X = "282" Y = "228" T = "0" Pressure = "0" />
		<Point X = "282" Y = "227" T = "0" Pressure = "0" />
		<Point X = "282" Y = "226" T = "0" Pressure = "0" />
		<Point X = "282" Y = "225" T = "0" Pressure = "0" />
		<Point X = "282" Y = "223" T = "0" Pressure = "0" />
		<Point X = "283" Y = "220" T = "0" Pressure = "0" />
		<Point X = "283" Y = "219" T = "0" Pressure = "0" />
		<Point X = "284" Y = "219" T = "0" Pressure = "0" />
		<Point X = "285" Y = "218" T = "0" Pressure = "0" />
		<Point X = "286" Y = "218" T = "0" Pressure = "0" />
		<Point X = "287" Y = "217" T = "0" Pressure = "0" />
		<Point X = "289" Y = "216" T = "0" Pressure = "0" />
		<Point X = "290" Y = "216" T = "0" Pressure = "0" />
		<Point X = "291" Y = "216" T = "0" Pressure = "0" />
		<Point X = "292" Y = "216" T = "0" Pressure = "0" />
		<Point X = "293" Y = "216" T = "0" Pressure = "0" />
		<Point X = "295" Y = "216" T = "0" Pressure = "0" />
		<Point X = "296" Y = "216" T = "0" Pressure = "0" />
		<Point X = "298" Y = "216" T = "0" Pressure = "0" />
		<Point X = "299" Y = "217" T = "0" Pressure = "0" />
		<Point X = "300" Y = "218" T = "0" Pressure = "0" />
		<Point X = "301" Y = "218" T = "0" Pressure = "0" />
		<Point X = "301" Y = "219" T = "0" Pressure = "0" />
		<Point X = "301" Y = "220" T = "0" Pressure = "0" />
		<Point X = "301" Y = "222" T = "0" Pressure = "0" />
		<Point X = "301" Y = "223" T = "0" Pressure = "0" />
		<Point X = "302" Y = "225" T = "0" Pressure = "0" />
		<Point X = "302" Y = "226" T = "0" Pressure = "0" />
		<Point X = "302" Y = "227" T = "0" Pressure = "0" />
	</Stroke>
</Gesture>
