<?xml version="1.0" encoding="utf-8" standalone="yes"?>
<Gesture Name = "spiral">
	<Stroke>
		<Point X = "51" Y = "324" T = "0" Pressure = "0" />
		<Point X = "51" Y = "323" T = "0" Pressure = "0" />
		<Point X = "51" Y = "320" T = "0" Pressure = "0" />
		<Point X = "51" Y = "319" T = "0" Pressure = "0" />
		<Point X = "51" Y = "316" T = "0" Pressure = "0" />
		<Point X = "51" Y = "312" T = "0" Pressure = "0" />
		<Point X = "51" Y = "308" T = "0" Pressure = "0" />
		<Point X = "51" Y = "303" T = "0" Pressure = "0" />
		<Point X = "51" Y = "299" T = "0" Pressure = "0" />
		<Point X = "51" Y = "292" T = "0" Pressure = "0" />
		<Point X = "53" Y = "283" T = "0" Pressure = "0" />
		<Point X = "54" Y = "274" T = "0" Pressure = "0" />
		<Point X = "55" Y = "268" T = "0" Pressure = "0" />
		<Point X = "55" Y = "260" T = "0" Pressure = "0" />
		<Point X = "55" Y = "253" T = "0" Pressure = "0" />
		<Point X = "56" Y = "245" T = "0" Pressure = "0" />
		<Point X = "59" Y = "239" T = "0" Pressure = "0" />
		<Point X = "60" Y = "233" T = "0" Pressure = "0" />
		<Point X = "63" Y = "226" T = "0" Pressure = "0" />
		<Point X = "64" Y = "220" T = "0" Pressure = "0" />
		<Point X = "66" Y = "216" T = "0" Pressure = "0" />
		<Point X = "68" Y = "211" T = "0" Pressure = "0" />
		<Point X = "70" Y = "209" T = "0" Pressure = "0" />
		<Point X = "73" Y = "206" T = "0" Pressure = "0" />
		<Point X = "75" Y = "204" T = "0" Pressure = "0" />
		<Point X = "77" Y = "204" T = "0" Pressure = "0" />
		<Point X = "80" Y = "202" T = "0" Pressure = "0" />
		<Point X = "86" Y = "201" T = "0" Pressure = "0" />
		<Point X = "94" Y = "200" T = "0" Pressure = "0" />
		<Point X = "101" Y = "200" T = "0" Pressure = "0" />
		<Point X = "110" Y = "197" T = "0" Pressure = "0" />
		<Point X = "121" Y = "196" T = "0" Pressure = "0" />
		<Point X = "127" Y = "195" T = "0" Pressure = "0" />
		<Point X = "135" Y = "191" T = "0" Pressure = "0" />
		<Point X = "142" Y = "191" T = "0" Pressure = "0" />
		<Point X = "147" Y = "191" T = "0" Pressure = "0" />
		<Point X = "150" Y = "191" T = "0" Pressure = "0" />
		<Point X = "151" Y = "191" T = "0" Pressure = "0" />
		<Point X = "152" Y = "191" T = "0" Pressure = "0" />
		<Point X = "153" Y = "191" T = "0" Pressure = "0" />
		<Point X = "154" Y = "191" T = "0" Pressure = "0" />
		<Point X = "156" Y = "193" T = "0" Pressure = "0" />
		<Point X = "157" Y = "198" T = "0" Pressure = "0" />
		<Point X = "158" Y = "205" T = "0" Pressure = "0" />
		<Point X = "162" Y = "214" T = "0" Pressure = "0" />
		<Point X = "165" Y = "222" T = "0" Pressure = "0" />
		<Point X = "168" Y = "233" T = "0" Pressure = "0" />
		<Point X = "170" Y = "243" T = "0" Pressure = "0" />
		<Point X = "174" Y = "250" T = "0" Pressure = "0" />
		<Point X = "175" Y = "258" T = "0" Pressure = "0" />
		<Point X = "175" Y = "264" T = "0" Pressure = "0" />
		<Point X = "175" Y = "268" T = "0" Pressure = "0" />
		<Point X = "175" Y = "271" T = "0" Pressure = "0" />
		<Point X = "175" Y = "272" T = "0" Pressure = "0" />
		<Point X = "175" Y = "273" T = "0" Pressure = "0" />
		<Point X = "175" Y = "275" T = "0" Pressure = "0" />
		<Point X = "175" Y = "277" T = "0" Pressure = "0" />
		<Point X = "175" Y = "278" T = "0" Pressure = "0" />
		<Point X = "174" Y = "280" T = "0" Pressure = "0" />
		<Point X = "173" Y = "283" T = "0" Pressure = "0" />
		<Point X = "170" Y = "287" T = "0" Pressure = "0" />
		<Point X = "168" Y = "289" T = "0" Pressure = "0" />
		<Point X = "166" Y = "295" T = "0" Pressure = "0" />
		<Point X = "161" Y = "300" T = "0" Pressure = "0" />
		<Point X = "158" Y = "304" T = "0" Pressure = "0" />
		<Point X = "154" Y = "307" T = "0" Pressure = "0" />
		<Point X = "150" Y = "311" T = "0" Pressure = "0" />
		<Point X = "147" Y = "315" T = "0" Pressure = "0" />
		<Point X = "144" Y = "317" T = "0" Pressure = "0" />
		<Point X = "142" Y = "318" T = "0" Pressure = "0" />
		<Point X = "140" Y = "318" T = "0" Pressure = "0" />
		<Point X = "138" Y = "319" T = "0" Pressure = "0" />
		<Point X = "135" Y = "319" T = "0" Pressure = "0" />
		<Point X = "131" Y = "319" T = "0" Pressure = "0" />
		<Point X = "128" Y = "319" T = "0" Pressure = "0" />
		<Point X = "124" Y = "318" T = "0" Pressure = "0" />
		<Point X = "118" Y = "316" T = "0" Pressure = "0" />
		<Point X = "113" Y = "313" T = "0" Pressure = "0" />
		<Point X = "111" Y = "312" T = "0" Pressure = "0" />
		<Point X = "109" Y = "311" T = "0" Pressure = "0" />
		<Point X = "108" Y = "311" T = "0" Pressure = "0" />
		<Point X = "107" Y = "311" T = "0" Pressure = "0" />
		<Point X = "106" Y = "311" T = "0" Pressure = "0" />
		<Point X = "105" Y = "311" T = "0" Pressure = "0" />
		<Point X = "102" Y = "309" T = "0" Pressure = "0" />
		<Point X = "99" Y = "308" T = "0" Pressure = "0" />
		<Point X = "95" Y = "305" T = "0" Pressure = "0" />
		<Point X = "93" Y = "303" T = "0" Pressure = "0" />
		<Point X = "91" Y = "300" T = "0" Pressure = "0" />
		<Point X = "90" Y = "300" T = "0" Pressure = "0" />
		<Point X = "89" Y = "297" T = "0" Pressure = "0" />
		<Point X = "89" Y = "294" T = "0" Pressure = "0" />
		<Point X = "89" Y = "291" T = "0" Pressure = "0" />
		<Point X = "89" Y = "288" T = "0" Pressure = "0" />
		<Point X = "89" Y = "282" T = "0" Pressure = "0" />
		<Point X = "89" Y = "280" T = "0" Pressure = "0" />
		<Point X = "89" Y = "275" T = "0" Pressure = "0" />
		<Point X = "89" Y = "272" T = "0" Pressure = "0" />
		<Point X = "89" Y = "265" T = "0" Pressure = "0" />
		<Point X = "89" Y = "261" T = "0" Pressure = "0" />
		<Point X = "89" Y = "259" T = "0" Pressure = "0" />
		<Point X = "89" Y = "256" T = "0" Pressure = "0" />
		<Point X = "89" Y = "255" T = "0" Pressure = "0" />
		<Point X = "90" Y = "252" T = "0" Pressure = "0" />
		<Point X = "92" Y = "251" T = "0" Pressure = "0" />
		<Point X = "95" Y = "249" T = "0" Pressure = "0" />
		<Point X = "98" Y = "249" T = "0" Pressure = "0" />
		<Point X = "101" Y = "247" T = "0" Pressure = "0" />
		<Point X = "106" Y = "245" T = "0" Pressure = "0" />
		<Point X = "112" Y = "242" T = "0" Pressure = "0" />
		<Point X = "118" Y = "239" T = "0" Pressure = "0" />
		<Point X = "121" Y = "237" T = "0" Pressure = "0" />
		<Point X = "126" Y = "234" T = "0" Pressure = "0" />
		<Point X = "128" Y = "233" T = "0" Pressure = "0" />
		<Point X = "131" Y = "231" T = "0" Pressure = "0" />
		<Point X = "131" Y = "230" T = "0" Pressure = "0" />
		<Point X = "132" Y = "229" T = "0" Pressure = "0" />
		<Point X = "133" Y = "229" T = "0" Pressure = "0" />
		<Point X = "133" Y = "228" T = "0" Pressure = "0" />
		<Point X = "134" Y = "228" T = "0" Pressure = "0" />
		<Point X = "136" Y = "230" T = "0" Pressure = "0" />
		<Point X = "137" Y = "231" T = "0" Pressure = "0" />
		<Point X = "139" Y = "233" T = "0" Pressure = "0" />
		<Point X = "139" Y = "234" T = "0" Pressure = "0" />
		<Point X = "141" Y = "236" T = "0" Pressure = "0" />
		<Point X = "141" Y = "238" T = "0" Pressure = "0" />
		<Point X = "143" Y = "239" T = "0" Pressure = "0" />
		<Point X = "144" Y = "242" T = "0" Pressure = "0" />
		<Point X = "144" Y = "245" T = "0" Pressure = "0" />
		<Point X = "144" Y = "247" T = "0" Pressure = "0" />
		<Point X = "146" Y = "251" T = "0" Pressure = "0" />
		<Point X = "146" Y = "253" T = "0" Pressure = "0" />
		<Point X = "146" Y = "256" T = "0" Pressure = "0" />
		<Point X = "146" Y = "260" T = "0" Pressure = "0" />
		<Point X = "146" Y = "261" T = "0" Pressure = "0" />
		<Point X = "146" Y = "262" T = "0" Pressure = "0" />
		<Point X = "146" Y = "265" T = "0" Pressure = "0" />
		<Point X = "146" Y = "266" T = "0" Pressure = "0" />
		<Point X = "146" Y = "267" T = "0" Pressure = "0" />
		<Point X = "146" Y = "268" T = "0" Pressure = "0" />
		<Point X = "146" Y = "269" T = "0" Pressure = "0" />
		<Point X = "144" Y = "271" T = "0" Pressure = "0" />
		<Point X = "143" Y = "272" T = "0" Pressure = "0" />
		<Point X = "142" Y = "273" T = "0" Pressure = "0" />
		<Point X = "140" Y = "275" T = "0" Pressure = "0" />
		<Point X = "139" Y = "275" T = "0" Pressure = "0" />
		<Point X = "138" Y = "277" T = "0" Pressure = "0" />
		<Point X = "136" Y = "277" T = "0" Pressure = "0" />
		<Point X = "134" Y = "278" T = "0" Pressure = "0" />
		<Point X = "132" Y = "281" T = "0" Pressure = "0" />
		<Point X = "129" Y = "281" T = "0" Pressure = "0" />
		<Point X = "126" Y = "281" T = "0" Pressure = "0" />
		<Point X = "125" Y = "281" T = "0" Pressure = "0" />
		<Point X = "124" Y = "281" T = "0" Pressure = "0" />
		<Point X = "123" Y = "281" T = "0" Pressure = "0" />
		<Point X = "122" Y = "281" T = "0" Pressure = "0" />
		<Point X = "121" Y = "280" T = "0" Pressure = "0" />
		<Point X = "120" Y = "280" T = "0" Pressure = "0" />
		<Point X = "119" Y = "279" T = "0" Pressure = "0" />
		<Point X = "118" Y = "278" T = "0" Pressure = "0" />
		<Point X = "117" Y = "277" T = "0" Pressure = "0" />
		<Point X = "116" Y = "275" T = "0" Pressure = "0" />
		<Point X = "115" Y = "274" T = "0" Pressure = "0" />
		<Point X = "115" Y = "272" T = "0" Pressure = "0" />
		<Point X = "114" Y = "271" T = "0" Pressure = "0" />
		<Point X = "113" Y = "268" T = "0" Pressure = "0" />
		<Point X = "113" Y = "267" T = "0" Pressure = "0" />
		<Point X = "112" Y = "264" T = "0" Pressure = "0" />
		<Point X = "112" Y = "263" T = "0" Pressure = "0" />
		<Point X = "111" Y = "262" T = "0" Pressure = "0" />
		<Point X = "111" Y = "261" T = "0" Pressure = "0" />
		<Point X = "111" Y = "260" T = "0" Pressure = "0" />
		<Point X = "111" Y = "259" T = "0" Pressure = "0" />
		<Point X = "111" Y = "258" T = "0" Pressure = "0" />
		<Point X = "111" Y = "256" T = "0" Pressure = "0" />
		<Point X = "111" Y = "255" T = "0" Pressure = "0" />
		<Point X = "111" Y = "254" T = "0" Pressure = "0" />
		<Point X = "111" Y = "253" T = "0" Pressure = "0" />
		<Point X = "112" Y = "251" T = "0" Pressure = "0" />
		<Point X = "113" Y = "250" T = "0" Pressure = "0" />
		<Point X = "114" Y = "249" T = "0" Pressure = "0" />
		<Point X = "115" Y = "249" T = "0" Pressure = "0" />
		<Point X = "116" Y = "249" T = "0" Pressure = "0" />
		<Point X = "118" Y = "249" T = "0" Pressure = "0" />
		<Point X = "119" Y = "249" T = "0" Pressure = "0" />
		<Point X = "120" Y = "249" T = "0" Pressure = "0" />
		<Point X = "121" Y = "249" T = "0" Pressure = "0" />
		<Point X = "123" Y = "249" T = "0" Pressure = "0" />
		<Point X = "125" Y = "249" T = "0" Pressure = "0" />
		<Point X = "126" Y = "249" T = "0" Pressure = "0" />
		<Point X = "127" Y = "249" T = "0" Pressure = "0" />
		<Point X = "128" Y = "249" T = "0" Pressure = "0" />
		<Point X = "129" Y = "249" T = "0" Pressure = "0" />
		<Point X = "129" Y = "250" T = "0" Pressure = "0" />
		<Point X = "130" Y = "250" T = "0" Pressure = "0" />
		<Point X = "132" Y = "251" T = "0" Pressure = "0" />
		<Point X = "133" Y = "253" T = "0" Pressure = "0" />
		<Point X = "135" Y = "254" T = "0" Pressure = "0" />
		<Point X = "135" Y = "255" T = "0" Pressure = "0" />
		<Point X = "136" Y = "256" T = "0" Pressure = "0" />
		<Point X = "136" Y = "258" T = "0" Pressure = "0" />
		<Point X = "136" Y = "259" T = "0" Pressure = "0" />
		<Point X = "136" Y = "261" T = "0" Pressure = "0" />
		<Point X = "135" Y = "262" T = "0" Pressure = "0" />
		<Point X = "133" Y = "262" T = "0" Pressure = "0" />
		<Point X = "132" Y = "262" T = "0" Pressure = "0" />
		<Point X = "131" Y = "262" T = "0" Pressure = "0" />
		<Point X = "130" Y = "262" T = "0" Pressure = "0" />
		<Point X = "129" Y = "262" T = "0" Pressure = "0" />
		<Point X = "128" Y = "262" T = "0" Pressure = "0" />
		<Point X = "127" Y = "262" T = "0" Pressure = "0" />
		<Point X = "126" Y = "262" T = "0" Pressure = "0" />
		<Point X = "125" Y = "262" T = "0" Pressure = "0" />
		<Point X = "124" Y = "262" T = "0" Pressure = "0" />
		<Point X = "123" Y = "262" T = "0" Pressure = "0" />
		<Point X = "123" Y = "261" T = "0" Pressure = "0" />
		<Point X = "123" Y = "259" T = "0" Pressure = "0" />
		<Point X = "124" Y = "258" T = "0" Pressure = "0" />
		<Point X = "124" Y = "257" T = "0" Pressure = "0" />
		<Point X = "125" Y = "256" T = "0" Pressure = "0" />
		<Point X = "126" Y = "256" T = "0" Pressure = "0" />
		<Point X = "127" Y = "256" T = "0" Pressure = "0" />
		<Point X = "128" Y = "256" T = "0" Pressure = "0" />
		<Point X = "129" Y = "255" T = "0" Pressure = "0" />
	</Stroke>
</Gesture>
