<?xml version="1.0" encoding="utf-8" standalone="yes"?>
<Gesture Name = "spiral">
	<Stroke>
		<Point X = "182" Y = "69" T = "0" Pressure = "0" />
		<Point X = "183" Y = "69" T = "0" Pressure = "0" />
		<Point X = "184" Y = "69" T = "0" Pressure = "0" />
		<Point X = "186" Y = "69" T = "0" Pressure = "0" />
		<Point X = "187" Y = "69" T = "0" Pressure = "0" />
		<Point X = "190" Y = "69" T = "0" Pressure = "0" />
		<Point X = "193" Y = "69" T = "0" Pressure = "0" />
		<Point X = "195" Y = "69" T = "0" Pressure = "0" />
		<Point X = "196" Y = "69" T = "0" Pressure = "0" />
		<Point X = "198" Y = "69" T = "0" Pressure = "0" />
		<Point X = "200" Y = "69" T = "0" Pressure = "0" />
		<Point X = "202" Y = "69" T = "0" Pressure = "0" />
		<Point X = "206" Y = "69" T = "0" Pressure = "0" />
		<Point X = "209" Y = "69" T = "0" Pressure = "0" />
		<Point X = "212" Y = "69" T = "0" Pressure = "0" />
		<Point X = "215" Y = "69" T = "0" Pressure = "0" />
		<Point X = "217" Y = "69" T = "0" Pressure = "0" />
		<Point X = "220" Y = "69" T = "0" Pressure = "0" />
		<Point X = "223" Y = "70" T = "0" Pressure = "0" />
		<Point X = "225" Y = "71" T = "0" Pressure = "0" />
		<Point X = "228" Y = "73" T = "0" Pressure = "0" />
		<Point X = "231" Y = "74" T = "0" Pressure = "0" />
		<Point X = "233" Y = "75" T = "0" Pressure = "0" />
		<Point X = "237" Y = "77" T = "0" Pressure = "0" />
		<Point X = "240" Y = "77" T = "0" Pressure = "0" />
		<Point X = "242" Y = "78" T = "0" Pressure = "0" />
		<Point X = "244" Y = "79" T = "0" Pressure = "0" />
		<Point X = "245" Y = "80" T = "0" Pressure = "0" />
		<Point X = "246" Y = "80" T = "0" Pressure = "0" />
		<Point X = "247" Y = "82" T = "0" Pressure = "0" />
		<Point X = "248" Y = "83" T = "0" Pressure = "0" />
		<Point X = "251" Y = "87" T = "0" Pressure = "0" />
		<Point X = "252" Y = "91" T = "0" Pressure = "0" />
		<Point X = "253" Y = "95" T = "0" Pressure = "0" />
		<Point X = "255" Y = "99" T = "0" Pressure = "0" />
		<Point X = "257" Y = "102" T = "0" Pressure = "0" />
		<Point X = "257" Y = "106" T = "0" Pressure = "0" />
		<Point X = "257" Y = "109" T = "0" Pressure = "0" />
		<Point X = "259" Y = "111" T = "0" Pressure = "0" />
		<Point X = "259" Y = "112" T = "0" Pressure = "0" />
		<Point X = "259" Y = "114" T = "0" Pressure = "0" />
		<Point X = "259" Y = "116" T = "0" Pressure = "0" />
		<Point X = "260" Y = "118" T = "0" Pressure = "0" />
		<Point X = "260" Y = "121" T = "0" Pressure = "0" />
		<Point X = "260" Y = "124" T = "0" Pressure = "0" />
		<Point X = "260" Y = "128" T = "0" Pressure = "0" />
		<Point X = "260" Y = "131" T = "0" Pressure = "0" />
		<Point X = "260" Y = "135" T = "0" Pressure = "0" />
		<Point X = "260" Y = "136" T = "0" Pressure = "0" />
		<Point X = "259" Y = "139" T = "0" Pressure = "0" />
		<Point X = "258" Y = "141" T = "0" Pressure = "0" />
		<Point X = "256" Y = "145" T = "0" Pressure = "0" />
		<Point X = "254" Y = "148" T = "0" Pressure = "0" />
		<Point X = "253" Y = "150" T = "0" Pressure = "0" />
		<Point X = "250" Y = "152" T = "0" Pressure = "0" />
		<Point X = "248" Y = "154" T = "0" Pressure = "0" />
		<Point X = "247" Y = "155" T = "0" Pressure = "0" />
		<Point X = "244" Y = "157" T = "0" Pressure = "0" />
		<Point X = "242" Y = "158" T = "0" Pressure = "0" />
		<Point X = "240" Y = "160" T = "0" Pressure = "0" />
		<Point X = "237" Y = "161" T = "0" Pressure = "0" />
		<Point X = "233" Y = "161" T = "0" Pressure = "0" />
		<Point X = "229" Y = "161" T = "0" Pressure = "0" />
		<Point X = "225" Y = "161" T = "0" Pressure = "0" />
		<Point X = "224" Y = "161" T = "0" Pressure = "0" />
		<Point X = "221" Y = "161" T = "0" Pressure = "0" />
		<Point X = "219" Y = "161" T = "0" Pressure = "0" />
		<Point X = "217" Y = "163" T = "0" Pressure = "0" />
		<Point X = "214" Y = "163" T = "0" Pressure = "0" />
		<Point X = "212" Y = "163" T = "0" Pressure = "0" />
		<Point X = "208" Y = "163" T = "0" Pressure = "0" />
		<Point X = "205" Y = "163" T = "0" Pressure = "0" />
		<Point X = "200" Y = "163" T = "0" Pressure = "0" />
		<Point X = "196" Y = "162" T = "0" Pressure = "0" />
		<Point X = "193" Y = "161" T = "0" Pressure = "0" />
		<Point X = "189" Y = "160" T = "0" Pressure = "0" />
		<Point X = "186" Y = "158" T = "0" Pressure = "0" />
		<Point X = "184" Y = "157" T = "0" Pressure = "0" />
		<Point X = "181" Y = "155" T = "0" Pressure = "0" />
		<Point X = "179" Y = "153" T = "0" Pressure = "0" />
		<Point X = "178" Y = "152" T = "0" Pressure = "0" />
		<Point X = "176" Y = "150" T = "0" Pressure = "0" />
		<Point X = "175" Y = "149" T = "0" Pressure = "0" />
		<Point X = "173" Y = "145" T = "0" Pressure = "0" />
		<Point X = "171" Y = "141" T = "0" Pressure = "0" />
		<Point X = "170" Y = "136" T = "0" Pressure = "0" />
		<Point X = "168" Y = "131" T = "0" Pressure = "0" />
		<Point X = "168" Y = "127" T = "0" Pressure = "0" />
		<Point X = "167" Y = "122" T = "0" Pressure = "0" />
		<Point X = "167" Y = "118" T = "0" Pressure = "0" />
		<Point X = "167" Y = "114" T = "0" Pressure = "0" />
		<Point X = "167" Y = "112" T = "0" Pressure = "0" />
		<Point X = "167" Y = "109" T = "0" Pressure = "0" />
		<Point X = "167" Y = "105" T = "0" Pressure = "0" />
		<Point X = "167" Y = "104" T = "0" Pressure = "0" />
		<Point X = "167" Y = "102" T = "0" Pressure = "0" />
		<Point X = "168" Y = "101" T = "0" Pressure = "0" />
		<Point X = "169" Y = "98" T = "0" Pressure = "0" />
		<Point X = "171" Y = "97" T = "0" Pressure = "0" />
		<Point X = "171" Y = "96" T = "0" Pressure = "0" />
		<Point X = "174" Y = "94" T = "0" Pressure = "0" />
		<Point X = "175" Y = "93" T = "0" Pressure = "0" />
		<Point X = "176" Y = "93" T = "0" Pressure = "0" />
		<Point X = "179" Y = "91" T = "0" Pressure = "0" />
		<Point X = "181" Y = "91" T = "0" Pressure = "0" />
		<Point X = "183" Y = "90" T = "0" Pressure = "0" />
		<Point X = "185" Y = "89" T = "0" Pressure = "0" />
		<Point X = "188" Y = "89" T = "0" Pressure = "0" />
		<Point X = "192" Y = "89" T = "0" Pressure = "0" />
		<Point X = "196" Y = "89" T = "0" Pressure = "0" />
		<Point X = "200" Y = "89" T = "0" Pressure = "0" />
		<Point X = "205" Y = "89" T = "0" Pressure = "0" />
		<Point X = "206" Y = "89" T = "0" Pressure = "0" />
		<Point X = "208" Y = "89" T = "0" Pressure = "0" />
		<Point X = "209" Y = "89" T = "0" Pressure = "0" />
		<Point X = "211" Y = "89" T = "0" Pressure = "0" />
		<Point X = "213" Y = "90" T = "0" Pressure = "0" />
		<Point X = "214" Y = "93" T = "0" Pressure = "0" />
		<Point X = "214" Y = "94" T = "0" Pressure = "0" />
		<Point X = "216" Y = "96" T = "0" Pressure = "0" />
		<Point X = "217" Y = "98" T = "0" Pressure = "0" />
		<Point X = "217" Y = "99" T = "0" Pressure = "0" />
		<Point X = "220" Y = "103" T = "0" Pressure = "0" />
		<Point X = "221" Y = "105" T = "0" Pressure = "0" />
		<Point X = "221" Y = "106" T = "0" Pressure = "0" />
		<Point X = "221" Y = "108" T = "0" Pressure = "0" />
		<Point X = "221" Y = "110" T = "0" Pressure = "0" />
		<Point X = "221" Y = "113" T = "0" Pressure = "0" />
		<Point X = "221" Y = "114" T = "0" Pressure = "0" />
		<Point X = "221" Y = "116" T = "0" Pressure = "0" />
		<Point X = "221" Y = "118" T = "0" Pressure = "0" />
		<Point X = "221" Y = "121" T = "0" Pressure = "0" />
		<Point X = "221" Y = "123" T = "0" Pressure = "0" />
		<Point X = "221" Y = "124" T = "0" Pressure = "0" />
		<Point X = "220" Y = "126" T = "0" Pressure = "0" />
		<Point X = "219" Y = "128" T = "0" Pressure = "0" />
		<Point X = "219" Y = "129" T = "0" Pressure = "0" />
		<Point X = "219" Y = "130" T = "0" Pressure = "0" />
		<Point X = "216" Y = "131" T = "0" Pressure = "0" />
		<Point X = "213" Y = "132" T = "0" Pressure = "0" />
		<Point X = "212" Y = "132" T = "0" Pressure = "0" />
		<Point X = "210" Y = "132" T = "0" Pressure = "0" />
		<Point X = "208" Y = "132" T = "0" Pressure = "0" />
		<Point X = "206" Y = "132" T = "0" Pressure = "0" />
		<Point X = "203" Y = "132" T = "0" Pressure = "0" />
		<Point X = "202" Y = "132" T = "0" Pressure = "0" />
		<Point X = "200" Y = "132" T = "0" Pressure = "0" />
		<Point X = "199" Y = "132" T = "0" Pressure = "0" />
		<Point X = "196" Y = "132" T = "0" Pressure = "0" />
		<Point X = "195" Y = "132" T = "0" Pressure = "0" />
		<Point X = "194" Y = "132" T = "0" Pressure = "0" />
		<Point X = "192" Y = "132" T = "0" Pressure = "0" />
		<Point X = "190" Y = "130" T = "0" Pressure = "0" />
		<Point X = "188" Y = "129" T = "0" Pressure = "0" />
		<Point X = "186" Y = "127" T = "0" Pressure = "0" />
		<Point X = "185" Y = "126" T = "0" Pressure = "0" />
		<Point X = "184" Y = "122" T = "0" Pressure = "0" />
		<Point X = "184" Y = "121" T = "0" Pressure = "0" />
		<Point X = "183" Y = "120" T = "0" Pressure = "0" />
		<Point X = "182" Y = "117" T = "0" Pressure = "0" />
		<Point X = "182" Y = "116" T = "0" Pressure = "0" />
		<Point X = "181" Y = "115" T = "0" Pressure = "0" />
		<Point X = "181" Y = "113" T = "0" Pressure = "0" />
		<Point X = "181" Y = "112" T = "0" Pressure = "0" />
		<Point X = "181" Y = "110" T = "0" Pressure = "0" />
		<Point X = "182" Y = "109" T = "0" Pressure = "0" />
		<Point X = "182" Y = "108" T = "0" Pressure = "0" />
		<Point X = "184" Y = "107" T = "0" Pressure = "0" />
		<Point X = "185" Y = "106" T = "0" Pressure = "0" />
		<Point X = "186" Y = "106" T = "0" Pressure = "0" />
		<Point X = "188" Y = "105" T = "0" Pressure = "0" />
		<Point X = "190" Y = "105" T = "0" Pressure = "0" />
		<Point X = "191" Y = "105" T = "0" Pressure = "0" />
		<Point X = "192" Y = "105" T = "0" Pressure = "0" />
		<Point X = "194" Y = "105" T = "0" Pressure = "0" />
		<Point X = "195" Y = "105" T = "0" Pressure = "0" />
		<Point X = "196" Y = "105" T = "0" Pressure = "0" />
		<Point X = "197" Y = "105" T = "0" Pressure = "0" />
		<Point X = "198" Y = "105" T = "0" Pressure = "0" />
		<Point X = "199" Y = "105" T = "0" Pressure = "0" />
		<Point X = "200" Y = "105" T = "0" Pressure = "0" />
		<Point X = "201" Y = "105" T = "0" Pressure = "0" />
		<Point X = "201" Y = "106" T = "0" Pressure = "0" />
		<Point X = "201" Y = "108" T = "0" Pressure = "0" />
		<Point X = "201" Y = "109" T = "0" Pressure = "0" />
		<Point X = "201" Y = "110" T = "0" Pressure = "0" />
		<Point X = "201" Y = "112" T = "0" Pressure = "0" />
		<Point X = "201" Y = "113" T = "0" Pressure = "0" />
		<Point X = "201" Y = "115" T = "0" Pressure = "0" />
		<Point X = "199" Y = "118" T = "0" Pressure = "0" />
		<Point X = "199" Y = "119" T = "0" Pressure = "0" />
		<Point X = "199" Y = "120" T = "0" Pressure = "0" />
		<Point X = "199" Y = "121" T = "0" Pressure = "0" />
		<Point X = "198" Y = "122" T = "0" Pressure = "0" />
		<Point X = "198" Y = "123" T = "0" Pressure = "0" />
		<Point X = "197" Y = "123" T = "0" Pressure = "0" />
		<Point X = "196" Y = "123" T = "0" Pressure = "0" />
		<Point X = "194" Y = "123" T = "0" Pressure = "0" />
		<Point X = "194" Y = "122" T = "0" Pressure = "0" />
		<Point X = "194" Y = "120" T = "0" Pressure = "0" />
		<Point X = "193" Y = "119" T = "0" Pressure = "0" />
		<Point X = "193" Y = "118" T = "0" Pressure = "0" />
		<Point X = "193" Y = "117" T = "0" Pressure = "0" />
		<Point X = "192" Y = "117" T = "0" Pressure = "0" />
		<Point X = "192" Y = "116" T = "0" Pressure = "0" />
		<Point X = "192" Y = "114" T = "0" Pressure = "0" />
	</Stroke>
</Gesture>
