<?xml version="1.0" encoding="utf-8" standalone="yes"?>
<Gesture Name = "spiral">
	<Stroke>
		<Point X = "373" Y = "60" T = "0" Pressure = "0" />
		<Point X = "369" Y = "63" T = "0" Pressure = "0" />
		<Point X = "363" Y = "67" T = "0" Pressure = "0" />
		<Point X = "353" Y = "72" T = "0" Pressure = "0" />
		<Point X = "342" Y = "79" T = "0" Pressure = "0" />
		<Point X = "328" Y = "88" T = "0" Pressure = "0" />
		<Point X = "318" Y = "96" T = "0" Pressure = "0" />
		<Point X = "308" Y = "102" T = "0" Pressure = "0" />
		<Point X = "301" Y = "109" T = "0" Pressure = "0" />
		<Point X = "295" Y = "118" T = "0" Pressure = "0" />
		<Point X = "291" Y = "124" T = "0" Pressure = "0" />
		<Point X = "290" Y = "131" T = "0" Pressure = "0" />
		<Point X = "290" Y = "138" T = "0" Pressure = "0" />
		<Point X = "290" Y = "146" T = "0" Pressure = "0" />
		<Point X = "290" Y = "152" T = "0" Pressure = "0" />
		<Point X = "293" Y = "158" T = "0" Pressure = "0" />
		<Point X = "298" Y = "166" T = "0" Pressure = "0" />
		<Point X = "306" Y = "174" T = "0" Pressure = "0" />
		<Point X = "317" Y = "181" T = "0" Pressure = "0" />
		<Point X = "332" Y = "188" T = "0" Pressure = "0" />
		<Point X = "344" Y = "195" T = "0" Pressure = "0" />
		<Point X = "352" Y = "199" T = "0" Pressure = "0" />
		<Point X = "360" Y = "202" T = "0" Pressure = "0" />
		<Point X = "364" Y = "203" T = "0" Pressure = "0" />
		<Point X = "368" Y = "203" T = "0" Pressure = "0" />
		<Point X = "371" Y = "203" T = "0" Pressure = "0" />
		<Point X = "375" Y = "203" T = "0" Pressure = "0" />
		<Point X = "377" Y = "203" T = "0" Pressure = "0" />
		<Point X = "383" Y = "201" T = "0" Pressure = "0" />
		<Point X = "390" Y = "196" T = "0" Pressure = "0" />
		<Point X = "397" Y = "192" T = "0" Pressure = "0" />
		<Point X = "403" Y = "187" T = "0" Pressure = "0" />
		<Point X = "411" Y = "183" T = "0" Pressure = "0" />
		<Point X = "418" Y = "175" T = "0" Pressure = "0" />
		<Point X = "423" Y = "171" T = "0" Pressure = "0" />
		<Point X = "430" Y = "166" T = "0" Pressure = "0" />
		<Point X = "434" Y = "160" T = "0" Pressure = "0" />
		<Point X = "436" Y = "155" T = "0" Pressure = "0" />
		<Point X = "438" Y = "149" T = "0" Pressure = "0" />
		<Point X = "440" Y = "140" T = "0" Pressure = "0" />
		<Point X = "440" Y = "130" T = "0" Pressure = "0" />
		<Point X = "440" Y = "122" T = "0" Pressure = "0" />
		<Point X = "440" Y = "118" T = "0" Pressure = "0" />
		<Point X = "440" Y = "113" T = "0" Pressure = "0" />
		<Point X = "438" Y = "109" T = "0" Pressure = "0" />
		<Point X = "437" Y = "107" T = "0" Pressure = "0" />
		<Point X = "436" Y = "106" T = "0" Pressure = "0" />
		<Point X = "433" Y = "102" T = "0" Pressure = "0" />
		<Point X = "431" Y = "101" T = "0" Pressure = "0" />
		<Point X = "429" Y = "100" T = "0" Pressure = "0" />
		<Point X = "424" Y = "98" T = "0" Pressure = "0" />
		<Point X = "417" Y = "96" T = "0" Pressure = "0" />
		<Point X = "411" Y = "96" T = "0" Pressure = "0" />
		<Point X = "405" Y = "95" T = "0" Pressure = "0" />
		<Point X = "398" Y = "94" T = "0" Pressure = "0" />
		<Point X = "393" Y = "93" T = "0" Pressure = "0" />
		<Point X = "390" Y = "93" T = "0" Pressure = "0" />
		<Point X = "384" Y = "93" T = "0" Pressure = "0" />
		<Point X = "380" Y = "93" T = "0" Pressure = "0" />
		<Point X = "376" Y = "93" T = "0" Pressure = "0" />
		<Point X = "370" Y = "93" T = "0" Pressure = "0" />
		<Point X = "366" Y = "93" T = "0" Pressure = "0" />
		<Point X = "360" Y = "96" T = "0" Pressure = "0" />
		<Point X = "355" Y = "99" T = "0" Pressure = "0" />
		<Point X = "349" Y = "102" T = "0" Pressure = "0" />
		<Point X = "345" Y = "104" T = "0" Pressure = "0" />
		<Point X = "341" Y = "107" T = "0" Pressure = "0" />
		<Point X = "339" Y = "108" T = "0" Pressure = "0" />
		<Point X = "336" Y = "112" T = "0" Pressure = "0" />
		<Point X = "334" Y = "113" T = "0" Pressure = "0" />
		<Point X = "333" Y = "114" T = "0" Pressure = "0" />
		<Point X = "331" Y = "119" T = "0" Pressure = "0" />
		<Point X = "330" Y = "121" T = "0" Pressure = "0" />
		<Point X = "329" Y = "123" T = "0" Pressure = "0" />
		<Point X = "328" Y = "126" T = "0" Pressure = "0" />
		<Point X = "327" Y = "130" T = "0" Pressure = "0" />
		<Point X = "325" Y = "134" T = "0" Pressure = "0" />
		<Point X = "325" Y = "138" T = "0" Pressure = "0" />
		<Point X = "325" Y = "143" T = "0" Pressure = "0" />
		<Point X = "325" Y = "147" T = "0" Pressure = "0" />
		<Point X = "325" Y = "148" T = "0" Pressure = "0" />
		<Point X = "325" Y = "149" T = "0" Pressure = "0" />
		<Point X = "326" Y = "152" T = "0" Pressure = "0" />
		<Point X = "328" Y = "152" T = "0" Pressure = "0" />
		<Point X = "331" Y = "152" T = "0" Pressure = "0" />
		<Point X = "333" Y = "153" T = "0" Pressure = "0" />
		<Point X = "338" Y = "155" T = "0" Pressure = "0" />
		<Point X = "342" Y = "157" T = "0" Pressure = "0" />
		<Point X = "346" Y = "157" T = "0" Pressure = "0" />
		<Point X = "351" Y = "159" T = "0" Pressure = "0" />
		<Point X = "353" Y = "160" T = "0" Pressure = "0" />
		<Point X = "356" Y = "160" T = "0" Pressure = "0" />
		<Point X = "359" Y = "160" T = "0" Pressure = "0" />
		<Point X = "363" Y = "160" T = "0" Pressure = "0" />
		<Point X = "366" Y = "160" T = "0" Pressure = "0" />
		<Point X = "369" Y = "160" T = "0" Pressure = "0" />
		<Point X = "372" Y = "160" T = "0" Pressure = "0" />
		<Point X = "374" Y = "160" T = "0" Pressure = "0" />
		<Point X = "376" Y = "160" T = "0" Pressure = "0" />
		<Point X = "377" Y = "159" T = "0" Pressure = "0" />
		<Point X = "378" Y = "159" T = "0" Pressure = "0" />
		<Point X = "379" Y = "159" T = "0" Pressure = "0" />
		<Point X = "379" Y = "158" T = "0" Pressure = "0" />
		<Point X = "379" Y = "157" T = "0" Pressure = "0" />
		<Point X = "379" Y = "156" T = "0" Pressure = "0" />
		<Point X = "380" Y = "154" T = "0" Pressure = "0" />
		<Point X = "381" Y = "151" T = "0" Pressure = "0" />
		<Point X = "381" Y = "145" T = "0" Pressure = "0" />
		<Point X = "382" Y = "142" T = "0" Pressure = "0" />
		<Point X = "382" Y = "139" T = "0" Pressure = "0" />
		<Point X = "383" Y = "136" T = "0" Pressure = "0" />
		<Point X = "383" Y = "134" T = "0" Pressure = "0" />
		<Point X = "383" Y = "132" T = "0" Pressure = "0" />
		<Point X = "383" Y = "129" T = "0" Pressure = "0" />
		<Point X = "382" Y = "129" T = "0" Pressure = "0" />
		<Point X = "381" Y = "128" T = "0" Pressure = "0" />
		<Point X = "379" Y = "127" T = "0" Pressure = "0" />
		<Point X = "377" Y = "126" T = "0" Pressure = "0" />
		<Point X = "375" Y = "125" T = "0" Pressure = "0" />
		<Point X = "373" Y = "124" T = "0" Pressure = "0" />
		<Point X = "370" Y = "123" T = "0" Pressure = "0" />
		<Point X = "369" Y = "123" T = "0" Pressure = "0" />
		<Point X = "368" Y = "122" T = "0" Pressure = "0" />
		<Point X = "366" Y = "122" T = "0" Pressure = "0" />
		<Point X = "365" Y = "122" T = "0" Pressure = "0" />
		<Point X = "364" Y = "122" T = "0" Pressure = "0" />
		<Point X = "363" Y = "122" T = "0" Pressure = "0" />
		<Point X = "362" Y = "122" T = "0" Pressure = "0" />
		<Point X = "360" Y = "122" T = "0" Pressure = "0" />
		<Point X = "359" Y = "122" T = "0" Pressure = "0" />
		<Point X = "357" Y = "122" T = "0" Pressure = "0" />
		<Point X = "356" Y = "122" T = "0" Pressure = "0" />
		<Point X = "355" Y = "122" T = "0" Pressure = "0" />
		<Point X = "355" Y = "123" T = "0" Pressure = "0" />
		<Point X = "353" Y = "126" T = "0" Pressure = "0" />
		<Point X = "353" Y = "128" T = "0" Pressure = "0" />
		<Point X = "353" Y = "129" T = "0" Pressure = "0" />
		<Point X = "353" Y = "131" T = "0" Pressure = "0" />
		<Point X = "353" Y = "132" T = "0" Pressure = "0" />
		<Point X = "353" Y = "133" T = "0" Pressure = "0" />
		<Point X = "353" Y = "134" T = "0" Pressure = "0" />
		<Point X = "353" Y = "135" T = "0" Pressure = "0" />
		<Point X = "353" Y = "136" T = "0" Pressure = "0" />
		<Point X = "353" Y = "138" T = "0" Pressure = "0" />
		<Point X = "355" Y = "139" T = "0" Pressure = "0" />
		<Point X = "356" Y = "140" T = "0" Pressure = "0" />
		<Point X = "357" Y = "140" T = "0" Pressure = "0" />
		<Point X = "357" Y = "141" T = "0" Pressure = "0" />
		<Point X = "358" Y = "141" T = "0" Pressure = "0" />
		<Point X = "359" Y = "141" T = "0" Pressure = "0" />
		<Point X = "360" Y = "141" T = "0" Pressure = "0" />
		<Point X = "361" Y = "141" T = "0" Pressure = "0" />
		<Point X = "362" Y = "141" T = "0" Pressure = "0" />
		<Point X = "361" Y = "141" T = "0" Pressure = "0" />
		<Point X = "359" Y = "141" T = "0" Pressure = "0" />
	</Stroke>
</Gesture>
