<?xml version="1.0" encoding="utf-8" standalone="yes"?>
<Gesture Name = "spiral">
	<Stroke>
		<Point X = "72" Y = "251" T = "0" Pressure = "0" />
		<Point X = "74" Y = "249" T = "0" Pressure = "0" />
		<Point X = "76" Y = "249" T = "0" Pressure = "0" />
		<Point X = "77" Y = "249" T = "0" Pressure = "0" />
		<Point X = "79" Y = "249" T = "0" Pressure = "0" />
		<Point X = "81" Y = "249" T = "0" Pressure = "0" />
		<Point X = "84" Y = "249" T = "0" Pressure = "0" />
		<Point X = "87" Y = "249" T = "0" Pressure = "0" />
		<Point X = "91" Y = "249" T = "0" Pressure = "0" />
		<Point X = "98" Y = "249" T = "0" Pressure = "0" />
		<Point X = "106" Y = "249" T = "0" Pressure = "0" />
		<Point X = "115" Y = "249" T = "0" Pressure = "0" />
		<Point X = "122" Y = "249" T = "0" Pressure = "0" />
		<Point X = "129" Y = "248" T = "0" Pressure = "0" />
		<Point X = "135" Y = "248" T = "0" Pressure = "0" />
		<Point X = "139" Y = "248" T = "0" Pressure = "0" />
		<Point X = "140" Y = "248" T = "0" Pressure = "0" />
		<Point X = "141" Y = "247" T = "0" Pressure = "0" />
		<Point X = "143" Y = "247" T = "0" Pressure = "0" />
		<Point X = "146" Y = "247" T = "0" Pressure = "0" />
		<Point X = "148" Y = "247" T = "0" Pressure = "0" />
		<Point X = "154" Y = "247" T = "0" Pressure = "0" />
		<Point X = "161" Y = "247" T = "0" Pressure = "0" />
		<Point X = "170" Y = "250" T = "0" Pressure = "0" />
		<Point X = "177" Y = "251" T = "0" Pressure = "0" />
		<Point X = "186" Y = "254" T = "0" Pressure = "0" />
		<Point X = "190" Y = "255" T = "0" Pressure = "0" />
		<Point X = "192" Y = "256" T = "0" Pressure = "0" />
		<Point X = "194" Y = "257" T = "0" Pressure = "0" />
		<Point X = "195" Y = "257" T = "0" Pressure = "0" />
		<Point X = "197" Y = "257" T = "0" Pressure = "0" />
		<Point X = "198" Y = "257" T = "0" Pressure = "0" />
		<Point X = "201" Y = "257" T = "0" Pressure = "0" />
		<Point X = "202" Y = "257" T = "0" Pressure = "0" />
		<Point X = "205" Y = "260" T = "0" Pressure = "0" />
		<Point X = "207" Y = "262" T = "0" Pressure = "0" />
		<Point X = "209" Y = "266" T = "0" Pressure = "0" />
		<Point X = "210" Y = "267" T = "0" Pressure = "0" />
		<Point X = "211" Y = "269" T = "0" Pressure = "0" />
		<Point X = "213" Y = "273" T = "0" Pressure = "0" />
		<Point X = "214" Y = "275" T = "0" Pressure = "0" />
		<Point X = "214" Y = "278" T = "0" Pressure = "0" />
		<Point X = "215" Y = "281" T = "0" Pressure = "0" />
		<Point X = "215" Y = "283" T = "0" Pressure = "0" />
		<Point X = "215" Y = "286" T = "0" Pressure = "0" />
		<Point X = "215" Y = "287" T = "0" Pressure = "0" />
		<Point X = "215" Y = "289" T = "0" Pressure = "0" />
		<Point X = "214" Y = "291" T = "0" Pressure = "0" />
		<Point X = "212" Y = "293" T = "0" Pressure = "0" />
		<Point X = "210" Y = "294" T = "0" Pressure = "0" />
		<Point X = "208" Y = "295" T = "0" Pressure = "0" />
		<Point X = "206" Y = "297" T = "0" Pressure = "0" />
		<Point X = "202" Y = "298" T = "0" Pressure = "0" />
		<Point X = "200" Y = "300" T = "0" Pressure = "0" />
		<Point X = "197" Y = "302" T = "0" Pressure = "0" />
		<Point X = "195" Y = "302" T = "0" Pressure = "0" />
		<Point X = "191" Y = "304" T = "0" Pressure = "0" />
		<Point X = "190" Y = "304" T = "0" Pressure = "0" />
		<Point X = "186" Y = "305" T = "0" Pressure = "0" />
		<Point X = "183" Y = "305" T = "0" Pressure = "0" />
		<Point X = "179" Y = "306" T = "0" Pressure = "0" />
		<Point X = "177" Y = "306" T = "0" Pressure = "0" />
		<Point X = "174" Y = "306" T = "0" Pressure = "0" />
		<Point X = "172" Y = "306" T = "0" Pressure = "0" />
		<Point X = "171" Y = "307" T = "0" Pressure = "0" />
		<Point X = "170" Y = "307" T = "0" Pressure = "0" />
		<Point X = "168" Y = "307" T = "0" Pressure = "0" />
		<Point X = "167" Y = "307" T = "0" Pressure = "0" />
		<Point X = "166" Y = "307" T = "0" Pressure = "0" />
		<Point X = "164" Y = "307" T = "0" Pressure = "0" />
		<Point X = "160" Y = "307" T = "0" Pressure = "0" />
		<Point X = "157" Y = "307" T = "0" Pressure = "0" />
		<Point X = "154" Y = "307" T = "0" Pressure = "0" />
		<Point X = "153" Y = "307" T = "0" Pressure = "0" />
		<Point X = "152" Y = "308" T = "0" Pressure = "0" />
		<Point X = "151" Y = "308" T = "0" Pressure = "0" />
		<Point X = "150" Y = "309" T = "0" Pressure = "0" />
		<Point X = "150" Y = "310" T = "0" Pressure = "0" />
		<Point X = "148" Y = "310" T = "0" Pressure = "0" />
		<Point X = "148" Y = "311" T = "0" Pressure = "0" />
		<Point X = "147" Y = "311" T = "0" Pressure = "0" />
		<Point X = "146" Y = "311" T = "0" Pressure = "0" />
		<Point X = "143" Y = "311" T = "0" Pressure = "0" />
		<Point X = "141" Y = "311" T = "0" Pressure = "0" />
		<Point X = "139" Y = "311" T = "0" Pressure = "0" />
		<Point X = "138" Y = "310" T = "0" Pressure = "0" />
		<Point X = "137" Y = "310" T = "0" Pressure = "0" />
		<Point X = "136" Y = "310" T = "0" Pressure = "0" />
		<Point X = "135" Y = "309" T = "0" Pressure = "0" />
		<Point X = "134" Y = "308" T = "0" Pressure = "0" />
		<Point X = "133" Y = "307" T = "0" Pressure = "0" />
		<Point X = "132" Y = "307" T = "0" Pressure = "0" />
		<Point X = "132" Y = "306" T = "0" Pressure = "0" />
		<Point X = "131" Y = "305" T = "0" Pressure = "0" />
		<Point X = "130" Y = "304" T = "0" Pressure = "0" />
		<Point X = "129" Y = "302" T = "0" Pressure = "0" />
		<Point X = "126" Y = "300" T = "0" Pressure = "0" />
		<Point X = "126" Y = "298" T = "0" Pressure = "0" />
		<Point X = "125" Y = "293" T = "0" Pressure = "0" />
		<Point X = "124" Y = "292" T = "0" Pressure = "0" />
		<Point X = "122" Y = "290" T = "0" Pressure = "0" />
		<Point X = "122" Y = "287" T = "0" Pressure = "0" />
		<Point X = "121" Y = "286" T = "0" Pressure = "0" />
		<Point X = "119" Y = "284" T = "0" Pressure = "0" />
		<Point X = "119" Y = "282" T = "0" Pressure = "0" />
		<Point X = "119" Y = "280" T = "0" Pressure = "0" />
		<Point X = "119" Y = "279" T = "0" Pressure = "0" />
		<Point X = "119" Y = "278" T = "0" Pressure = "0" />
		<Point X = "119" Y = "277" T = "0" Pressure = "0" />
		<Point X = "119" Y = "276" T = "0" Pressure = "0" />
		<Point X = "119" Y = "274" T = "0" Pressure = "0" />
		<Point X = "119" Y = "272" T = "0" Pressure = "0" />
		<Point X = "119" Y = "271" T = "0" Pressure = "0" />
		<Point X = "119" Y = "268" T = "0" Pressure = "0" />
		<Point X = "119" Y = "267" T = "0" Pressure = "0" />
		<Point X = "120" Y = "266" T = "0" Pressure = "0" />
		<Point X = "122" Y = "263" T = "0" Pressure = "0" />
		<Point X = "124" Y = "262" T = "0" Pressure = "0" />
		<Point X = "126" Y = "260" T = "0" Pressure = "0" />
		<Point X = "128" Y = "258" T = "0" Pressure = "0" />
		<Point X = "130" Y = "258" T = "0" Pressure = "0" />
		<Point X = "132" Y = "257" T = "0" Pressure = "0" />
		<Point X = "133" Y = "257" T = "0" Pressure = "0" />
		<Point X = "135" Y = "257" T = "0" Pressure = "0" />
		<Point X = "138" Y = "257" T = "0" Pressure = "0" />
		<Point X = "141" Y = "257" T = "0" Pressure = "0" />
		<Point X = "146" Y = "257" T = "0" Pressure = "0" />
		<Point X = "150" Y = "257" T = "0" Pressure = "0" />
		<Point X = "154" Y = "257" T = "0" Pressure = "0" />
		<Point X = "157" Y = "257" T = "0" Pressure = "0" />
		<Point X = "160" Y = "257" T = "0" Pressure = "0" />
		<Point X = "163" Y = "258" T = "0" Pressure = "0" />
		<Point X = "164" Y = "258" T = "0" Pressure = "0" />
		<Point X = "165" Y = "258" T = "0" Pressure = "0" />
		<Point X = "166" Y = "259" T = "0" Pressure = "0" />
		<Point X = "168" Y = "260" T = "0" Pressure = "0" />
		<Point X = "170" Y = "261" T = "0" Pressure = "0" />
		<Point X = "170" Y = "263" T = "0" Pressure = "0" />
		<Point X = "171" Y = "265" T = "0" Pressure = "0" />
		<Point X = "173" Y = "268" T = "0" Pressure = "0" />
		<Point X = "173" Y = "270" T = "0" Pressure = "0" />
		<Point X = "174" Y = "273" T = "0" Pressure = "0" />
		<Point X = "174" Y = "277" T = "0" Pressure = "0" />
		<Point X = "174" Y = "281" T = "0" Pressure = "0" />
		<Point X = "174" Y = "285" T = "0" Pressure = "0" />
		<Point X = "174" Y = "287" T = "0" Pressure = "0" />
		<Point X = "174" Y = "289" T = "0" Pressure = "0" />
		<Point X = "174" Y = "290" T = "0" Pressure = "0" />
		<Point X = "174" Y = "292" T = "0" Pressure = "0" />
		<Point X = "174" Y = "293" T = "0" Pressure = "0" />
		<Point X = "174" Y = "294" T = "0" Pressure = "0" />
		<Point X = "174" Y = "295" T = "0" Pressure = "0" />
		<Point X = "174" Y = "296" T = "0" Pressure = "0" />
		<Point X = "173" Y = "296" T = "0" Pressure = "0" />
		<Point X = "172" Y = "297" T = "0" Pressure = "0" />
		<Point X = "170" Y = "298" T = "0" Pressure = "0" />
		<Point X = "169" Y = "298" T = "0" Pressure = "0" />
		<Point X = "167" Y = "298" T = "0" Pressure = "0" />
		<Point X = "165" Y = "298" T = "0" Pressure = "0" />
		<Point X = "164" Y = "298" T = "0" Pressure = "0" />
		<Point X = "163" Y = "298" T = "0" Pressure = "0" />
		<Point X = "161" Y = "298" T = "0" Pressure = "0" />
		<Point X = "159" Y = "298" T = "0" Pressure = "0" />
		<Point X = "157" Y = "296" T = "0" Pressure = "0" />
		<Point X = "155" Y = "295" T = "0" Pressure = "0" />
		<Point X = "153" Y = "293" T = "0" Pressure = "0" />
		<Point X = "152" Y = "292" T = "0" Pressure = "0" />
		<Point X = "151" Y = "291" T = "0" Pressure = "0" />
		<Point X = "149" Y = "291" T = "0" Pressure = "0" />
		<Point X = "148" Y = "291" T = "0" Pressure = "0" />
		<Point X = "147" Y = "290" T = "0" Pressure = "0" />
		<Point X = "146" Y = "289" T = "0" Pressure = "0" />
		<Point X = "145" Y = "288" T = "0" Pressure = "0" />
		<Point X = "145" Y = "287" T = "0" Pressure = "0" />
		<Point X = "144" Y = "287" T = "0" Pressure = "0" />
		<Point X = "143" Y = "285" T = "0" Pressure = "0" />
		<Point X = "143" Y = "284" T = "0" Pressure = "0" />
		<Point X = "143" Y = "283" T = "0" Pressure = "0" />
		<Point X = "143" Y = "282" T = "0" Pressure = "0" />
		<Point X = "143" Y = "280" T = "0" Pressure = "0" />
		<Point X = "143" Y = "278" T = "0" Pressure = "0" />
		<Point X = "143" Y = "276" T = "0" Pressure = "0" />
		<Point X = "143" Y = "275" T = "0" Pressure = "0" />
		<Point X = "143" Y = "274" T = "0" Pressure = "0" />
		<Point X = "143" Y = "273" T = "0" Pressure = "0" />
		<Point X = "143" Y = "272" T = "0" Pressure = "0" />
		<Point X = "144" Y = "272" T = "0" Pressure = "0" />
		<Point X = "145" Y = "272" T = "0" Pressure = "0" />
		<Point X = "147" Y = "272" T = "0" Pressure = "0" />
		<Point X = "148" Y = "271" T = "0" Pressure = "0" />
		<Point X = "149" Y = "271" T = "0" Pressure = "0" />
		<Point X = "151" Y = "270" T = "0" Pressure = "0" />
		<Point X = "152" Y = "270" T = "0" Pressure = "0" />
		<Point X = "153" Y = "270" T = "0" Pressure = "0" />
		<Point X = "154" Y = "270" T = "0" Pressure = "0" />
		<Point X = "155" Y = "270" T = "0" Pressure = "0" />
		<Point X = "156" Y = "270" T = "0" Pressure = "0" />
		<Point X = "158" Y = "270" T = "0" Pressure = "0" />
		<Point X = "160" Y = "271" T = "0" Pressure = "0" />
		<Point X = "161" Y = "272" T = "0" Pressure = "0" />
		<Point X = "163" Y = "273" T = "0" Pressure = "0" />
		<Point X = "164" Y = "275" T = "0" Pressure = "0" />
		<Point X = "165" Y = "275" T = "0" Pressure = "0" />
		<Point X = "166" Y = "276" T = "0" Pressure = "0" />
		<Point X = "167" Y = "278" T = "0" Pressure = "0" />
		<Point X = "168" Y = "278" T = "0" Pressure = "0" />
		<Point X = "168" Y = "279" T = "0" Pressure = "0" />
		<Point X = "168" Y = "280" T = "0" Pressure = "0" />
		<Point X = "168" Y = "281" T = "0" Pressure = "0" />
		<Point X = "168" Y = "282" T = "0" Pressure = "0" />
		<Point X = "168" Y = "283" T = "0" Pressure = "0" />
		<Point X = "168" Y = "284" T = "0" Pressure = "0" />
		<Point X = "168" Y = "285" T = "0" Pressure = "0" />
		<Point X = "168" Y = "286" T = "0" Pressure = "0" />
		<Point X = "167" Y = "286" T = "0" Pressure = "0" />
		<Point X = "165" Y = "286" T = "0" Pressure = "0" />
		<Point X = "163" Y = "286" T = "0" Pressure = "0" />
		<Point X = "162" Y = "286" T = "0" Pressure = "0" />
		<Point X = "160" Y = "286" T = "0" Pressure = "0" />
		<Point X = "159" Y = "285" T = "0" Pressure = "0" />
		<Point X = "159" Y = "284" T = "0" Pressure = "0" />
	</Stroke>
</Gesture>
