<?xml version="1.0" encoding="utf-8" standalone="yes"?>
<Gesture Name = "spiral">
	<Stroke>
		<Point X = "129" Y = "296" T = "0" Pressure = "0" />
		<Point X = "128" Y = "296" T = "0" Pressure = "0" />
		<Point X = "127" Y = "296" T = "0" Pressure = "0" />
		<Point X = "125" Y = "295" T = "0" Pressure = "0" />
		<Point X = "123" Y = "294" T = "0" Pressure = "0" />
		<Point X = "122" Y = "293" T = "0" Pressure = "0" />
		<Point X = "119" Y = "291" T = "0" Pressure = "0" />
		<Point X = "118" Y = "290" T = "0" Pressure = "0" />
		<Point X = "115" Y = "287" T = "0" Pressure = "0" />
		<Point X = "111" Y = "282" T = "0" Pressure = "0" />
		<Point X = "109" Y = "278" T = "0" Pressure = "0" />
		<Point X = "107" Y = "272" T = "0" Pressure = "0" />
		<Point X = "106" Y = "267" T = "0" Pressure = "0" />
		<Point X = "104" Y = "260" T = "0" Pressure = "0" />
		<Point X = "103" Y = "253" T = "0" Pressure = "0" />
		<Point X = "103" Y = "247" T = "0" Pressure = "0" />
		<Point X = "103" Y = "239" T = "0" Pressure = "0" />
		<Point X = "102" Y = "232" T = "0" Pressure = "0" />
		<Point X = "102" Y = "228" T = "0" Pressure = "0" />
		<Point X = "102" Y = "221" T = "0" Pressure = "0" />
		<Point X = "102" Y = "217" T = "0" Pressure = "0" />
		<Point X = "102" Y = "213" T = "0" Pressure = "0" />
		<Point X = "102" Y = "210" T = "0" Pressure = "0" />
		<Point X = "103" Y = "207" T = "0" Pressure = "0" />
		<Point X = "105" Y = "202" T = "0" Pressure = "0" />
		<Point X = "107" Y = "201" T = "0" Pressure = "0" />
		<Point X = "111" Y = "198" T = "0" Pressure = "0" />
		<Point X = "114" Y = "197" T = "0" Pressure = "0" />
		<Point X = "116" Y = "195" T = "0" Pressure = "0" />
		<Point X = "120" Y = "194" T = "0" Pressure = "0" />
		<Point X = "124" Y = "193" T = "0" Pressure = "0" />
		<Point X = "128" Y = "193" T = "0" Pressure = "0" />
		<Point X = "133" Y = "191" T = "0" Pressure = "0" />
		<Point X = "139" Y = "190" T = "0" Pressure = "0" />
		<Point X = "143" Y = "190" T = "0" Pressure = "0" />
		<Point X = "150" Y = "189" T = "0" Pressure = "0" />
		<Point X = "156" Y = "189" T = "0" Pressure = "0" />
		<Point X = "161" Y = "189" T = "0" Pressure = "0" />
		<Point X = "167" Y = "189" T = "0" Pressure = "0" />
		<Point X = "171" Y = "189" T = "0" Pressure = "0" />
		<Point X = "177" Y = "190" T = "0" Pressure = "0" />
		<Point X = "179" Y = "191" T = "0" Pressure = "0" />
		<Point X = "184" Y = "196" T = "0" Pressure = "0" />
		<Point X = "188" Y = "201" T = "0" Pressure = "0" />
		<Point X = "191" Y = "206" T = "0" Pressure = "0" />
		<Point X = "194" Y = "213" T = "0" Pressure = "0" />
		<Point X = "199" Y = "219" T = "0" Pressure = "0" />
		<Point X = "201" Y = "226" T = "0" Pressure = "0" />
		<Point X = "204" Y = "235" T = "0" Pressure = "0" />
		<Point X = "206" Y = "242" T = "0" Pressure = "0" />
		<Point X = "208" Y = "249" T = "0" Pressure = "0" />
		<Point X = "210" Y = "256" T = "0" Pressure = "0" />
		<Point X = "210" Y = "260" T = "0" Pressure = "0" />
		<Point X = "212" Y = "265" T = "0" Pressure = "0" />
		<Point X = "213" Y = "267" T = "0" Pressure = "0" />
		<Point X = "213" Y = "269" T = "0" Pressure = "0" />
		<Point X = "213" Y = "272" T = "0" Pressure = "0" />
		<Point X = "213" Y = "273" T = "0" Pressure = "0" />
		<Point X = "213" Y = "276" T = "0" Pressure = "0" />
		<Point X = "213" Y = "277" T = "0" Pressure = "0" />
		<Point X = "212" Y = "280" T = "0" Pressure = "0" />
		<Point X = "210" Y = "281" T = "0" Pressure = "0" />
		<Point X = "209" Y = "283" T = "0" Pressure = "0" />
		<Point X = "206" Y = "285" T = "0" Pressure = "0" />
		<Point X = "204" Y = "286" T = "0" Pressure = "0" />
		<Point X = "202" Y = "287" T = "0" Pressure = "0" />
		<Point X = "200" Y = "288" T = "0" Pressure = "0" />
		<Point X = "198" Y = "289" T = "0" Pressure = "0" />
		<Point X = "196" Y = "290" T = "0" Pressure = "0" />
		<Point X = "194" Y = "291" T = "0" Pressure = "0" />
		<Point X = "190" Y = "292" T = "0" Pressure = "0" />
		<Point X = "188" Y = "292" T = "0" Pressure = "0" />
		<Point X = "187" Y = "292" T = "0" Pressure = "0" />
		<Point X = "185" Y = "292" T = "0" Pressure = "0" />
		<Point X = "182" Y = "294" T = "0" Pressure = "0" />
		<Point X = "181" Y = "294" T = "0" Pressure = "0" />
		<Point X = "179" Y = "294" T = "0" Pressure = "0" />
		<Point X = "176" Y = "294" T = "0" Pressure = "0" />
		<Point X = "173" Y = "293" T = "0" Pressure = "0" />
		<Point X = "168" Y = "290" T = "0" Pressure = "0" />
		<Point X = "163" Y = "289" T = "0" Pressure = "0" />
		<Point X = "158" Y = "285" T = "0" Pressure = "0" />
		<Point X = "152" Y = "283" T = "0" Pressure = "0" />
		<Point X = "149" Y = "280" T = "0" Pressure = "0" />
		<Point X = "147" Y = "279" T = "0" Pressure = "0" />
		<Point X = "145" Y = "279" T = "0" Pressure = "0" />
		<Point X = "143" Y = "277" T = "0" Pressure = "0" />
		<Point X = "142" Y = "276" T = "0" Pressure = "0" />
		<Point X = "141" Y = "275" T = "0" Pressure = "0" />
		<Point X = "140" Y = "273" T = "0" Pressure = "0" />
		<Point X = "140" Y = "271" T = "0" Pressure = "0" />
		<Point X = "140" Y = "270" T = "0" Pressure = "0" />
		<Point X = "140" Y = "267" T = "0" Pressure = "0" />
		<Point X = "140" Y = "263" T = "0" Pressure = "0" />
		<Point X = "140" Y = "261" T = "0" Pressure = "0" />
		<Point X = "140" Y = "257" T = "0" Pressure = "0" />
		<Point X = "140" Y = "254" T = "0" Pressure = "0" />
		<Point X = "140" Y = "250" T = "0" Pressure = "0" />
		<Point X = "140" Y = "248" T = "0" Pressure = "0" />
		<Point X = "140" Y = "246" T = "0" Pressure = "0" />
		<Point X = "140" Y = "243" T = "0" Pressure = "0" />
		<Point X = "141" Y = "238" T = "0" Pressure = "0" />
		<Point X = "142" Y = "237" T = "0" Pressure = "0" />
		<Point X = "143" Y = "235" T = "0" Pressure = "0" />
		<Point X = "143" Y = "233" T = "0" Pressure = "0" />
		<Point X = "144" Y = "232" T = "0" Pressure = "0" />
		<Point X = "144" Y = "231" T = "0" Pressure = "0" />
		<Point X = "146" Y = "231" T = "0" Pressure = "0" />
		<Point X = "147" Y = "230" T = "0" Pressure = "0" />
		<Point X = "150" Y = "229" T = "0" Pressure = "0" />
		<Point X = "153" Y = "228" T = "0" Pressure = "0" />
		<Point X = "156" Y = "227" T = "0" Pressure = "0" />
		<Point X = "157" Y = "227" T = "0" Pressure = "0" />
		<Point X = "158" Y = "227" T = "0" Pressure = "0" />
		<Point X = "159" Y = "227" T = "0" Pressure = "0" />
		<Point X = "161" Y = "227" T = "0" Pressure = "0" />
		<Point X = "162" Y = "227" T = "0" Pressure = "0" />
		<Point X = "163" Y = "227" T = "0" Pressure = "0" />
		<Point X = "165" Y = "227" T = "0" Pressure = "0" />
		<Point X = "168" Y = "228" T = "0" Pressure = "0" />
		<Point X = "169" Y = "228" T = "0" Pressure = "0" />
		<Point X = "170" Y = "230" T = "0" Pressure = "0" />
		<Point X = "173" Y = "233" T = "0" Pressure = "0" />
		<Point X = "174" Y = "234" T = "0" Pressure = "0" />
		<Point X = "176" Y = "237" T = "0" Pressure = "0" />
		<Point X = "176" Y = "239" T = "0" Pressure = "0" />
		<Point X = "177" Y = "242" T = "0" Pressure = "0" />
		<Point X = "178" Y = "244" T = "0" Pressure = "0" />
		<Point X = "179" Y = "247" T = "0" Pressure = "0" />
		<Point X = "180" Y = "250" T = "0" Pressure = "0" />
		<Point X = "180" Y = "252" T = "0" Pressure = "0" />
		<Point X = "180" Y = "254" T = "0" Pressure = "0" />
		<Point X = "180" Y = "257" T = "0" Pressure = "0" />
		<Point X = "180" Y = "258" T = "0" Pressure = "0" />
		<Point X = "180" Y = "259" T = "0" Pressure = "0" />
		<Point X = "180" Y = "261" T = "0" Pressure = "0" />
		<Point X = "180" Y = "262" T = "0" Pressure = "0" />
		<Point X = "180" Y = "263" T = "0" Pressure = "0" />
		<Point X = "179" Y = "264" T = "0" Pressure = "0" />
		<Point X = "177" Y = "265" T = "0" Pressure = "0" />
		<Point X = "176" Y = "265" T = "0" Pressure = "0" />
		<Point X = "175" Y = "265" T = "0" Pressure = "0" />
		<Point X = "174" Y = "265" T = "0" Pressure = "0" />
		<Point X = "173" Y = "265" T = "0" Pressure = "0" />
		<Point X = "172" Y = "265" T = "0" Pressure = "0" />
		<Point X = "171" Y = "265" T = "0" Pressure = "0" />
		<Point X = "170" Y = "265" T = "0" Pressure = "0" />
		<Point X = "169" Y = "264" T = "0" Pressure = "0" />
		<Point X = "168" Y = "264" T = "0" Pressure = "0" />
		<Point X = "167" Y = "262" T = "0" Pressure = "0" />
		<Point X = "165" Y = "261" T = "0" Pressure = "0" />
		<Point X = "164" Y = "260" T = "0" Pressure = "0" />
		<Point X = "163" Y = "259" T = "0" Pressure = "0" />
		<Point X = "162" Y = "258" T = "0" Pressure = "0" />
		<Point X = "161" Y = "257" T = "0" Pressure = "0" />
		<Point X = "161" Y = "256" T = "0" Pressure = "0" />
		<Point X = "161" Y = "255" T = "0" Pressure = "0" />
		<Point X = "161" Y = "254" T = "0" Pressure = "0" />
		<Point X = "161" Y = "253" T = "0" Pressure = "0" />
		<Point X = "161" Y = "252" T = "0" Pressure = "0" />
		<Point X = "161" Y = "251" T = "0" Pressure = "0" />
		<Point X = "161" Y = "250" T = "0" Pressure = "0" />
		<Point X = "162" Y = "249" T = "0" Pressure = "0" />
	</Stroke>
</Gesture>
