<?xml version="1.0" encoding="utf-8" standalone="yes"?>
<Gesture Name = "spiral">
	<Stroke>
		<Point X = "142" Y = "90" T = "0" Pressure = "0" />
		<Point X = "141" Y = "90" T = "0" Pressure = "0" />
		<Point X = "139" Y = "90" T = "0" Pressure = "0" />
		<Point X = "136" Y = "90" T = "0" Pressure = "0" />
		<Point X = "132" Y = "91" T = "0" Pressure = "0" />
		<Point X = "130" Y = "91" T = "0" Pressure = "0" />
		<Point X = "126" Y = "92" T = "0" Pressure = "0" />
		<Point X = "121" Y = "94" T = "0" Pressure = "0" />
		<Point X = "116" Y = "95" T = "0" Pressure = "0" />
		<Point X = "111" Y = "97" T = "0" Pressure = "0" />
		<Point X = "107" Y = "98" T = "0" Pressure = "0" />
		<Point X = "102" Y = "100" T = "0" Pressure = "0" />
		<Point X = "97" Y = "102" T = "0" Pressure = "0" />
		<Point X = "94" Y = "104" T = "0" Pressure = "0" />
		<Point X = "89" Y = "107" T = "0" Pressure = "0" />
		<Point X = "83" Y = "111" T = "0" Pressure = "0" />
		<Point X = "78" Y = "115" T = "0" Pressure = "0" />
		<Point X = "76" Y = "117" T = "0" Pressure = "0" />
		<Point X = "72" Y = "122" T = "0" Pressure = "0" />
		<Point X = "69" Y = "126" T = "0" Pressure = "0" />
		<Point X = "66" Y = "132" T = "0" Pressure = "0" />
		<Point X = "64" Y = "136" T = "0" Pressure = "0" />
		<Point X = "63" Y = "142" T = "0" Pressure = "0" />
		<Point X = "61" Y = "148" T = "0" Pressure = "0" />
		<Point X = "60" Y = "152" T = "0" Pressure = "0" />
		<Point X = "60" Y = "158" T = "0" Pressure = "0" />
		<Point X = "60" Y = "164" T = "0" Pressure = "0" />
		<Point X = "60" Y = "168" T = "0" Pressure = "0" />
		<Point X = "61" Y = "175" T = "0" Pressure = "0" />
		<Point X = "66" Y = "182" T = "0" Pressure = "0" />
		<Point X = "68" Y = "186" T = "0" Pressure = "0" />
		<Point X = "73" Y = "191" T = "0" Pressure = "0" />
		<Point X = "78" Y = "194" T = "0" Pressure = "0" />
		<Point X = "84" Y = "199" T = "0" Pressure = "0" />
		<Point X = "90" Y = "202" T = "0" Pressure = "0" />
		<Point X = "99" Y = "206" T = "0" Pressure = "0" />
		<Point X = "105" Y = "207" T = "0" Pressure = "0" />
		<Point X = "111" Y = "208" T = "0" Pressure = "0" />
		<Point X = "116" Y = "208" T = "0" Pressure = "0" />
		<Point X = "120" Y = "208" T = "0" Pressure = "0" />
		<Point X = "123" Y = "208" T = "0" Pressure = "0" />
		<Point X = "125" Y = "208" T = "0" Pressure = "0" />
		<Point X = "128" Y = "208" T = "0" Pressure = "0" />
		<Point X = "130" Y = "208" T = "0" Pressure = "0" />
		<Point X = "131" Y = "208" T = "0" Pressure = "0" />
		<Point X = "133" Y = "208" T = "0" Pressure = "0" />
		<Point X = "136" Y = "208" T = "0" Pressure = "0" />
		<Point X = "140" Y = "207" T = "0" Pressure = "0" />
		<Point X = "150" Y = "204" T = "0" Pressure = "0" />
		<Point X = "160" Y = "200" T = "0" Pressure = "0" />
		<Point X = "168" Y = "197" T = "0" Pressure = "0" />
		<Point X = "174" Y = "196" T = "0" Pressure = "0" />
		<Point X = "180" Y = "194" T = "0" Pressure = "0" />
		<Point X = "186" Y = "191" T = "0" Pressure = "0" />
		<Point X = "189" Y = "190" T = "0" Pressure = "0" />
		<Point X = "194" Y = "187" T = "0" Pressure = "0" />
		<Point X = "196" Y = "185" T = "0" Pressure = "0" />
		<Point X = "196" Y = "183" T = "0" Pressure = "0" />
		<Point X = "196" Y = "180" T = "0" Pressure = "0" />
		<Point X = "196" Y = "174" T = "0" Pressure = "0" />
		<Point X = "196" Y = "167" T = "0" Pressure = "0" />
		<Point X = "191" Y = "154" T = "0" Pressure = "0" />
		<Point X = "186" Y = "144" T = "0" Pressure = "0" />
		<Point X = "181" Y = "135" T = "0" Pressure = "0" />
		<Point X = "177" Y = "127" T = "0" Pressure = "0" />
		<Point X = "176" Y = "122" T = "0" Pressure = "0" />
		<Point X = "175" Y = "117" T = "0" Pressure = "0" />
		<Point X = "172" Y = "115" T = "0" Pressure = "0" />
		<Point X = "172" Y = "114" T = "0" Pressure = "0" />
		<Point X = "169" Y = "111" T = "0" Pressure = "0" />
		<Point X = "168" Y = "110" T = "0" Pressure = "0" />
		<Point X = "165" Y = "109" T = "0" Pressure = "0" />
		<Point X = "163" Y = "109" T = "0" Pressure = "0" />
		<Point X = "159" Y = "109" T = "0" Pressure = "0" />
		<Point X = "156" Y = "109" T = "0" Pressure = "0" />
		<Point X = "152" Y = "109" T = "0" Pressure = "0" />
		<Point X = "148" Y = "109" T = "0" Pressure = "0" />
		<Point X = "141" Y = "109" T = "0" Pressure = "0" />
		<Point X = "134" Y = "109" T = "0" Pressure = "0" />
		<Point X = "129" Y = "109" T = "0" Pressure = "0" />
		<Point X = "126" Y = "109" T = "0" Pressure = "0" />
		<Point X = "122" Y = "110" T = "0" Pressure = "0" />
		<Point X = "121" Y = "110" T = "0" Pressure = "0" />
		<Point X = "120" Y = "111" T = "0" Pressure = "0" />
		<Point X = "117" Y = "111" T = "0" Pressure = "0" />
		<Point X = "113" Y = "113" T = "0" Pressure = "0" />
		<Point X = "111" Y = "115" T = "0" Pressure = "0" />
		<Point X = "106" Y = "117" T = "0" Pressure = "0" />
		<Point X = "105" Y = "119" T = "0" Pressure = "0" />
		<Point X = "102" Y = "121" T = "0" Pressure = "0" />
		<Point X = "101" Y = "122" T = "0" Pressure = "0" />
		<Point X = "99" Y = "124" T = "0" Pressure = "0" />
		<Point X = "98" Y = "125" T = "0" Pressure = "0" />
		<Point X = "97" Y = "130" T = "0" Pressure = "0" />
		<Point X = "95" Y = "132" T = "0" Pressure = "0" />
		<Point X = "95" Y = "136" T = "0" Pressure = "0" />
		<Point X = "94" Y = "139" T = "0" Pressure = "0" />
		<Point X = "94" Y = "142" T = "0" Pressure = "0" />
		<Point X = "94" Y = "146" T = "0" Pressure = "0" />
		<Point X = "94" Y = "153" T = "0" Pressure = "0" />
		<Point X = "94" Y = "159" T = "0" Pressure = "0" />
		<Point X = "96" Y = "163" T = "0" Pressure = "0" />
		<Point X = "98" Y = "166" T = "0" Pressure = "0" />
		<Point X = "100" Y = "169" T = "0" Pressure = "0" />
		<Point X = "104" Y = "174" T = "0" Pressure = "0" />
		<Point X = "106" Y = "176" T = "0" Pressure = "0" />
		<Point X = "108" Y = "179" T = "0" Pressure = "0" />
		<Point X = "111" Y = "181" T = "0" Pressure = "0" />
		<Point X = "113" Y = "182" T = "0" Pressure = "0" />
		<Point X = "115" Y = "182" T = "0" Pressure = "0" />
		<Point X = "116" Y = "183" T = "0" Pressure = "0" />
		<Point X = "119" Y = "183" T = "0" Pressure = "0" />
		<Point X = "120" Y = "183" T = "0" Pressure = "0" />
		<Point X = "123" Y = "183" T = "0" Pressure = "0" />
		<Point X = "125" Y = "183" T = "0" Pressure = "0" />
		<Point X = "126" Y = "183" T = "0" Pressure = "0" />
		<Point X = "129" Y = "183" T = "0" Pressure = "0" />
		<Point X = "130" Y = "183" T = "0" Pressure = "0" />
		<Point X = "132" Y = "183" T = "0" Pressure = "0" />
		<Point X = "134" Y = "183" T = "0" Pressure = "0" />
		<Point X = "136" Y = "181" T = "0" Pressure = "0" />
		<Point X = "141" Y = "179" T = "0" Pressure = "0" />
		<Point X = "144" Y = "176" T = "0" Pressure = "0" />
		<Point X = "148" Y = "172" T = "0" Pressure = "0" />
		<Point X = "150" Y = "170" T = "0" Pressure = "0" />
		<Point X = "151" Y = "168" T = "0" Pressure = "0" />
		<Point X = "152" Y = "165" T = "0" Pressure = "0" />
		<Point X = "154" Y = "159" T = "0" Pressure = "0" />
		<Point X = "154" Y = "157" T = "0" Pressure = "0" />
		<Point X = "155" Y = "152" T = "0" Pressure = "0" />
		<Point X = "155" Y = "151" T = "0" Pressure = "0" />
		<Point X = "155" Y = "150" T = "0" Pressure = "0" />
		<Point X = "155" Y = "149" T = "0" Pressure = "0" />
		<Point X = "155" Y = "148" T = "0" Pressure = "0" />
		<Point X = "155" Y = "147" T = "0" Pressure = "0" />
		<Point X = "154" Y = "145" T = "0" Pressure = "0" />
		<Point X = "152" Y = "145" T = "0" Pressure = "0" />
		<Point X = "151" Y = "143" T = "0" Pressure = "0" />
		<Point X = "147" Y = "142" T = "0" Pressure = "0" />
		<Point X = "144" Y = "141" T = "0" Pressure = "0" />
		<Point X = "142" Y = "140" T = "0" Pressure = "0" />
		<Point X = "140" Y = "140" T = "0" Pressure = "0" />
		<Point X = "138" Y = "139" T = "0" Pressure = "0" />
		<Point X = "136" Y = "139" T = "0" Pressure = "0" />
		<Point X = "134" Y = "139" T = "0" Pressure = "0" />
		<Point X = "133" Y = "139" T = "0" Pressure = "0" />
		<Point X = "132" Y = "139" T = "0" Pressure = "0" />
		<Point X = "131" Y = "139" T = "0" Pressure = "0" />
		<Point X = "129" Y = "139" T = "0" Pressure = "0" />
		<Point X = "128" Y = "140" T = "0" Pressure = "0" />
		<Point X = "127" Y = "140" T = "0" Pressure = "0" />
		<Point X = "127" Y = "141" T = "0" Pressure = "0" />
		<Point X = "126" Y = "141" T = "0" Pressure = "0" />
		<Point X = "126" Y = "144" T = "0" Pressure = "0" />
		<Point X = "126" Y = "145" T = "0" Pressure = "0" />
		<Point X = "126" Y = "147" T = "0" Pressure = "0" />
		<Point X = "126" Y = "148" T = "0" Pressure = "0" />
		<Point X = "126" Y = "149" T = "0" Pressure = "0" />
		<Point X = "126" Y = "150" T = "0" Pressure = "0" />
		<Point X = "126" Y = "151" T = "0" Pressure = "0" />
		<Point X = "126" Y = "153" T = "0" Pressure = "0" />
		<Point X = "126" Y = "154" T = "0" Pressure = "0" />
		<Point X = "126" Y = "156" T = "0" Pressure = "0" />
		<Point X = "126" Y = "157" T = "0" Pressure = "0" />
		<Point X = "127" Y = "159" T = "0" Pressure = "0" />
		<Point X = "127" Y = "160" T = "0" Pressure = "0" />
		<Point X = "127" Y = "161" T = "0" Pressure = "0" />
		<Point X = "127" Y = "163" T = "0" Pressure = "0" />
		<Point X = "128" Y = "164" T = "0" Pressure = "0" />
		<Point X = "129" Y = "165" T = "0" Pressure = "0" />
		<Point X = "130" Y = "165" T = "0" Pressure = "0" />
		<Point X = "132" Y = "165" T = "0" Pressure = "0" />
		<Point X = "133" Y = "165" T = "0" Pressure = "0" />
		<Point X = "135" Y = "165" T = "0" Pressure = "0" />
		<Point X = "136" Y = "165" T = "0" Pressure = "0" />
	</Stroke>
</Gesture>
