<?xml version="1.0" encoding="utf-8" standalone="yes"?>
<Gesture Name = "spiral">
	<Stroke>
		<Point X = "391" Y = "251" T = "0" Pressure = "0" />
		<Point X = "383" Y = "249" T = "0" Pressure = "0" />
		<Point X = "372" Y = "248" T = "0" Pressure = "0" />
		<Point X = "363" Y = "246" T = "0" Pressure = "0" />
		<Point X = "353" Y = "246" T = "0" Pressure = "0" />
		<Point X = "342" Y = "246" T = "0" Pressure = "0" />
		<Point X = "330" Y = "246" T = "0" Pressure = "0" />
		<Point X = "315" Y = "246" T = "0" Pressure = "0" />
		<Point X = "300" Y = "248" T = "0" Pressure = "0" />
		<Point X = "290" Y = "251" T = "0" Pressure = "0" />
		<Point X = "280" Y = "254" T = "0" Pressure = "0" />
		<Point X = "275" Y = "256" T = "0" Pressure = "0" />
		<Point X = "270" Y = "260" T = "0" Pressure = "0" />
		<Point X = "268" Y = "262" T = "0" Pressure = "0" />
		<Point X = "266" Y = "265" T = "0" Pressure = "0" />
		<Point X = "264" Y = "267" T = "0" Pressure = "0" />
		<Point X = "262" Y = "271" T = "0" Pressure = "0" />
		<Point X = "261" Y = "273" T = "0" Pressure = "0" />
		<Point X = "260" Y = "275" T = "0" Pressure = "0" />
		<Point X = "258" Y = "278" T = "0" Pressure = "0" />
		<Point X = "258" Y = "281" T = "0" Pressure = "0" />
		<Point X = "257" Y = "285" T = "0" Pressure = "0" />
		<Point X = "256" Y = "292" T = "0" Pressure = "0" />
		<Point X = "253" Y = "299" T = "0" Pressure = "0" />
		<Point X = "252" Y = "309" T = "0" Pressure = "0" />
		<Point X = "251" Y = "319" T = "0" Pressure = "0" />
		<Point X = "250" Y = "327" T = "0" Pressure = "0" />
		<Point X = "249" Y = "334" T = "0" Pressure = "0" />
		<Point X = "249" Y = "340" T = "0" Pressure = "0" />
		<Point X = "249" Y = "344" T = "0" Pressure = "0" />
		<Point X = "253" Y = "350" T = "0" Pressure = "0" />
		<Point X = "256" Y = "355" T = "0" Pressure = "0" />
		<Point X = "262" Y = "360" T = "0" Pressure = "0" />
		<Point X = "266" Y = "364" T = "0" Pressure = "0" />
		<Point X = "271" Y = "366" T = "0" Pressure = "0" />
		<Point X = "278" Y = "369" T = "0" Pressure = "0" />
		<Point X = "281" Y = "369" T = "0" Pressure = "0" />
		<Point X = "286" Y = "369" T = "0" Pressure = "0" />
		<Point X = "293" Y = "369" T = "0" Pressure = "0" />
		<Point X = "302" Y = "369" T = "0" Pressure = "0" />
		<Point X = "313" Y = "368" T = "0" Pressure = "0" />
		<Point X = "325" Y = "362" T = "0" Pressure = "0" />
		<Point X = "333" Y = "357" T = "0" Pressure = "0" />
		<Point X = "340" Y = "353" T = "0" Pressure = "0" />
		<Point X = "347" Y = "347" T = "0" Pressure = "0" />
		<Point X = "352" Y = "342" T = "0" Pressure = "0" />
		<Point X = "356" Y = "337" T = "0" Pressure = "0" />
		<Point X = "358" Y = "334" T = "0" Pressure = "0" />
		<Point X = "359" Y = "331" T = "0" Pressure = "0" />
		<Point X = "360" Y = "327" T = "0" Pressure = "0" />
		<Point X = "360" Y = "324" T = "0" Pressure = "0" />
		<Point X = "360" Y = "320" T = "0" Pressure = "0" />
		<Point X = "360" Y = "317" T = "0" Pressure = "0" />
		<Point X = "360" Y = "312" T = "0" Pressure = "0" />
		<Point X = "358" Y = "307" T = "0" Pressure = "0" />
		<Point X = "352" Y = "301" T = "0" Pressure = "0" />
		<Point X = "348" Y = "296" T = "0" Pressure = "0" />
		<Point X = "346" Y = "292" T = "0" Pressure = "0" />
		<Point X = "343" Y = "290" T = "0" Pressure = "0" />
		<Point X = "342" Y = "288" T = "0" Pressure = "0" />
		<Point X = "340" Y = "286" T = "0" Pressure = "0" />
		<Point X = "338" Y = "285" T = "0" Pressure = "0" />
		<Point X = "337" Y = "285" T = "0" Pressure = "0" />
		<Point X = "334" Y = "284" T = "0" Pressure = "0" />
		<Point X = "332" Y = "284" T = "0" Pressure = "0" />
		<Point X = "328" Y = "282" T = "0" Pressure = "0" />
		<Point X = "326" Y = "282" T = "0" Pressure = "0" />
		<Point X = "322" Y = "282" T = "0" Pressure = "0" />
		<Point X = "316" Y = "282" T = "0" Pressure = "0" />
		<Point X = "311" Y = "284" T = "0" Pressure = "0" />
		<Point X = "307" Y = "287" T = "0" Pressure = "0" />
		<Point X = "302" Y = "291" T = "0" Pressure = "0" />
		<Point X = "297" Y = "296" T = "0" Pressure = "0" />
		<Point X = "293" Y = "300" T = "0" Pressure = "0" />
		<Point X = "291" Y = "302" T = "0" Pressure = "0" />
		<Point X = "289" Y = "305" T = "0" Pressure = "0" />
		<Point X = "287" Y = "310" T = "0" Pressure = "0" />
		<Point X = "285" Y = "313" T = "0" Pressure = "0" />
		<Point X = "285" Y = "316" T = "0" Pressure = "0" />
		<Point X = "284" Y = "319" T = "0" Pressure = "0" />
		<Point X = "283" Y = "322" T = "0" Pressure = "0" />
		<Point X = "283" Y = "325" T = "0" Pressure = "0" />
		<Point X = "283" Y = "328" T = "0" Pressure = "0" />
		<Point X = "283" Y = "330" T = "0" Pressure = "0" />
		<Point X = "283" Y = "333" T = "0" Pressure = "0" />
		<Point X = "283" Y = "335" T = "0" Pressure = "0" />
		<Point X = "283" Y = "336" T = "0" Pressure = "0" />
		<Point X = "283" Y = "337" T = "0" Pressure = "0" />
		<Point X = "284" Y = "337" T = "0" Pressure = "0" />
		<Point X = "285" Y = "337" T = "0" Pressure = "0" />
		<Point X = "287" Y = "337" T = "0" Pressure = "0" />
		<Point X = "290" Y = "337" T = "0" Pressure = "0" />
		<Point X = "295" Y = "337" T = "0" Pressure = "0" />
		<Point X = "298" Y = "337" T = "0" Pressure = "0" />
		<Point X = "303" Y = "337" T = "0" Pressure = "0" />
		<Point X = "306" Y = "337" T = "0" Pressure = "0" />
		<Point X = "312" Y = "335" T = "0" Pressure = "0" />
		<Point X = "316" Y = "331" T = "0" Pressure = "0" />
		<Point X = "318" Y = "329" T = "0" Pressure = "0" />
		<Point X = "321" Y = "324" T = "0" Pressure = "0" />
		<Point X = "322" Y = "322" T = "0" Pressure = "0" />
		<Point X = "323" Y = "317" T = "0" Pressure = "0" />
		<Point X = "325" Y = "313" T = "0" Pressure = "0" />
		<Point X = "325" Y = "311" T = "0" Pressure = "0" />
		<Point X = "326" Y = "311" T = "0" Pressure = "0" />
		<Point X = "326" Y = "310" T = "0" Pressure = "0" />
		<Point X = "326" Y = "308" T = "0" Pressure = "0" />
		<Point X = "326" Y = "307" T = "0" Pressure = "0" />
		<Point X = "325" Y = "307" T = "0" Pressure = "0" />
		<Point X = "324" Y = "307" T = "0" Pressure = "0" />
		<Point X = "323" Y = "306" T = "0" Pressure = "0" />
		<Point X = "322" Y = "306" T = "0" Pressure = "0" />
		<Point X = "320" Y = "306" T = "0" Pressure = "0" />
		<Point X = "318" Y = "306" T = "0" Pressure = "0" />
		<Point X = "315" Y = "306" T = "0" Pressure = "0" />
		<Point X = "314" Y = "306" T = "0" Pressure = "0" />
		<Point X = "313" Y = "306" T = "0" Pressure = "0" />
		<Point X = "312" Y = "306" T = "0" Pressure = "0" />
		<Point X = "311" Y = "307" T = "0" Pressure = "0" />
		<Point X = "310" Y = "308" T = "0" Pressure = "0" />
		<Point X = "309" Y = "308" T = "0" Pressure = "0" />
		<Point X = "309" Y = "309" T = "0" Pressure = "0" />
		<Point X = "309" Y = "310" T = "0" Pressure = "0" />
		<Point X = "308" Y = "310" T = "0" Pressure = "0" />
		<Point X = "307" Y = "311" T = "0" Pressure = "0" />
		<Point X = "307" Y = "312" T = "0" Pressure = "0" />
		<Point X = "307" Y = "313" T = "0" Pressure = "0" />
		<Point X = "306" Y = "315" T = "0" Pressure = "0" />
		<Point X = "306" Y = "318" T = "0" Pressure = "0" />
		<Point X = "305" Y = "320" T = "0" Pressure = "0" />
		<Point X = "305" Y = "321" T = "0" Pressure = "0" />
		<Point X = "305" Y = "323" T = "0" Pressure = "0" />
		<Point X = "305" Y = "324" T = "0" Pressure = "0" />
		<Point X = "305" Y = "326" T = "0" Pressure = "0" />
		<Point X = "305" Y = "327" T = "0" Pressure = "0" />
		<Point X = "305" Y = "329" T = "0" Pressure = "0" />
		<Point X = "305" Y = "330" T = "0" Pressure = "0" />
		<Point X = "305" Y = "331" T = "0" Pressure = "0" />
	</Stroke>
</Gesture>
