<?xml version="1.0" encoding="utf-8" standalone="yes"?>
<Gesture Name = "spiral">
	<Stroke>
		<Point X = "350" Y = "75" T = "0" Pressure = "0" />
		<Point X = "348" Y = "75" T = "0" Pressure = "0" />
		<Point X = "345" Y = "75" T = "0" Pressure = "0" />
		<Point X = "340" Y = "75" T = "0" Pressure = "0" />
		<Point X = "333" Y = "76" T = "0" Pressure = "0" />
		<Point X = "326" Y = "78" T = "0" Pressure = "0" />
		<Point X = "319" Y = "81" T = "0" Pressure = "0" />
		<Point X = "309" Y = "83" T = "0" Pressure = "0" />
		<Point X = "299" Y = "87" T = "0" Pressure = "0" />
		<Point X = "293" Y = "88" T = "0" Pressure = "0" />
		<Point X = "283" Y = "92" T = "0" Pressure = "0" />
		<Point X = "275" Y = "97" T = "0" Pressure = "0" />
		<Point X = "266" Y = "100" T = "0" Pressure = "0" />
		<Point X = "260" Y = "105" T = "0" Pressure = "0" />
		<Point X = "252" Y = "113" T = "0" Pressure = "0" />
		<Point X = "246" Y = "119" T = "0" Pressure = "0" />
		<Point X = "242" Y = "124" T = "0" Pressure = "0" />
		<Point X = "238" Y = "129" T = "0" Pressure = "0" />
		<Point X = "235" Y = "133" T = "0" Pressure = "0" />
		<Point X = "233" Y = "139" T = "0" Pressure = "0" />
		<Point X = "229" Y = "143" T = "0" Pressure = "0" />
		<Point X = "228" Y = "148" T = "0" Pressure = "0" />
		<Point X = "228" Y = "152" T = "0" Pressure = "0" />
		<Point X = "226" Y = "157" T = "0" Pressure = "0" />
		<Point X = "226" Y = "162" T = "0" Pressure = "0" />
		<Point X = "226" Y = "171" T = "0" Pressure = "0" />
		<Point X = "227" Y = "176" T = "0" Pressure = "0" />
		<Point X = "231" Y = "181" T = "0" Pressure = "0" />
		<Point X = "237" Y = "189" T = "0" Pressure = "0" />
		<Point X = "238" Y = "192" T = "0" Pressure = "0" />
		<Point X = "242" Y = "197" T = "0" Pressure = "0" />
		<Point X = "246" Y = "203" T = "0" Pressure = "0" />
		<Point X = "252" Y = "210" T = "0" Pressure = "0" />
		<Point X = "257" Y = "215" T = "0" Pressure = "0" />
		<Point X = "259" Y = "219" T = "0" Pressure = "0" />
		<Point X = "262" Y = "223" T = "0" Pressure = "0" />
		<Point X = "266" Y = "227" T = "0" Pressure = "0" />
		<Point X = "270" Y = "230" T = "0" Pressure = "0" />
		<Point X = "273" Y = "232" T = "0" Pressure = "0" />
		<Point X = "275" Y = "234" T = "0" Pressure = "0" />
		<Point X = "278" Y = "234" T = "0" Pressure = "0" />
		<Point X = "282" Y = "235" T = "0" Pressure = "0" />
		<Point X = "287" Y = "235" T = "0" Pressure = "0" />
		<Point X = "294" Y = "235" T = "0" Pressure = "0" />
		<Point X = "302" Y = "235" T = "0" Pressure = "0" />
		<Point X = "313" Y = "235" T = "0" Pressure = "0" />
		<Point X = "324" Y = "235" T = "0" Pressure = "0" />
		<Point X = "335" Y = "234" T = "0" Pressure = "0" />
		<Point X = "346" Y = "232" T = "0" Pressure = "0" />
		<Point X = "355" Y = "229" T = "0" Pressure = "0" />
		<Point X = "362" Y = "225" T = "0" Pressure = "0" />
		<Point X = "367" Y = "223" T = "0" Pressure = "0" />
		<Point X = "373" Y = "218" T = "0" Pressure = "0" />
		<Point X = "377" Y = "216" T = "0" Pressure = "0" />
		<Point X = "382" Y = "212" T = "0" Pressure = "0" />
		<Point X = "387" Y = "207" T = "0" Pressure = "0" />
		<Point X = "391" Y = "202" T = "0" Pressure = "0" />
		<Point X = "393" Y = "198" T = "0" Pressure = "0" />
		<Point X = "396" Y = "192" T = "0" Pressure = "0" />
		<Point X = "396" Y = "189" T = "0" Pressure = "0" />
		<Point X = "397" Y = "185" T = "0" Pressure = "0" />
		<Point X = "398" Y = "181" T = "0" Pressure = "0" />
		<Point X = "398" Y = "176" T = "0" Pressure = "0" />
		<Point X = "398" Y = "172" T = "0" Pressure = "0" />
		<Point X = "398" Y = "168" T = "0" Pressure = "0" />
		<Point X = "398" Y = "162" T = "0" Pressure = "0" />
		<Point X = "398" Y = "155" T = "0" Pressure = "0" />
		<Point X = "396" Y = "149" T = "0" Pressure = "0" />
		<Point X = "393" Y = "143" T = "0" Pressure = "0" />
		<Point X = "389" Y = "137" T = "0" Pressure = "0" />
		<Point X = "385" Y = "132" T = "0" Pressure = "0" />
		<Point X = "383" Y = "129" T = "0" Pressure = "0" />
		<Point X = "382" Y = "127" T = "0" Pressure = "0" />
		<Point X = "380" Y = "127" T = "0" Pressure = "0" />
		<Point X = "380" Y = "126" T = "0" Pressure = "0" />
		<Point X = "378" Y = "126" T = "0" Pressure = "0" />
		<Point X = "378" Y = "125" T = "0" Pressure = "0" />
		<Point X = "377" Y = "125" T = "0" Pressure = "0" />
		<Point X = "375" Y = "124" T = "0" Pressure = "0" />
		<Point X = "372" Y = "124" T = "0" Pressure = "0" />
		<Point X = "370" Y = "123" T = "0" Pressure = "0" />
		<Point X = "366" Y = "123" T = "0" Pressure = "0" />
		<Point X = "362" Y = "123" T = "0" Pressure = "0" />
		<Point X = "355" Y = "123" T = "0" Pressure = "0" />
		<Point X = "352" Y = "123" T = "0" Pressure = "0" />
		<Point X = "349" Y = "123" T = "0" Pressure = "0" />
		<Point X = "346" Y = "123" T = "0" Pressure = "0" />
		<Point X = "344" Y = "123" T = "0" Pressure = "0" />
		<Point X = "342" Y = "123" T = "0" Pressure = "0" />
		<Point X = "340" Y = "123" T = "0" Pressure = "0" />
		<Point X = "335" Y = "126" T = "0" Pressure = "0" />
		<Point X = "334" Y = "127" T = "0" Pressure = "0" />
		<Point X = "330" Y = "128" T = "0" Pressure = "0" />
		<Point X = "323" Y = "132" T = "0" Pressure = "0" />
		<Point X = "320" Y = "135" T = "0" Pressure = "0" />
		<Point X = "316" Y = "139" T = "0" Pressure = "0" />
		<Point X = "314" Y = "142" T = "0" Pressure = "0" />
		<Point X = "314" Y = "144" T = "0" Pressure = "0" />
		<Point X = "311" Y = "148" T = "0" Pressure = "0" />
		<Point X = "310" Y = "149" T = "0" Pressure = "0" />
		<Point X = "310" Y = "152" T = "0" Pressure = "0" />
		<Point X = "310" Y = "153" T = "0" Pressure = "0" />
		<Point X = "308" Y = "155" T = "0" Pressure = "0" />
		<Point X = "308" Y = "158" T = "0" Pressure = "0" />
		<Point X = "308" Y = "160" T = "0" Pressure = "0" />
		<Point X = "308" Y = "164" T = "0" Pressure = "0" />
		<Point X = "308" Y = "168" T = "0" Pressure = "0" />
		<Point X = "308" Y = "171" T = "0" Pressure = "0" />
		<Point X = "308" Y = "173" T = "0" Pressure = "0" />
		<Point X = "309" Y = "175" T = "0" Pressure = "0" />
		<Point X = "309" Y = "177" T = "0" Pressure = "0" />
		<Point X = "311" Y = "180" T = "0" Pressure = "0" />
		<Point X = "312" Y = "181" T = "0" Pressure = "0" />
		<Point X = "313" Y = "183" T = "0" Pressure = "0" />
		<Point X = "315" Y = "184" T = "0" Pressure = "0" />
		<Point X = "316" Y = "186" T = "0" Pressure = "0" />
		<Point X = "317" Y = "187" T = "0" Pressure = "0" />
		<Point X = "319" Y = "189" T = "0" Pressure = "0" />
		<Point X = "321" Y = "190" T = "0" Pressure = "0" />
		<Point X = "326" Y = "191" T = "0" Pressure = "0" />
		<Point X = "329" Y = "192" T = "0" Pressure = "0" />
		<Point X = "330" Y = "193" T = "0" Pressure = "0" />
		<Point X = "333" Y = "193" T = "0" Pressure = "0" />
		<Point X = "335" Y = "194" T = "0" Pressure = "0" />
		<Point X = "337" Y = "194" T = "0" Pressure = "0" />
		<Point X = "341" Y = "194" T = "0" Pressure = "0" />
		<Point X = "342" Y = "194" T = "0" Pressure = "0" />
		<Point X = "344" Y = "194" T = "0" Pressure = "0" />
		<Point X = "345" Y = "194" T = "0" Pressure = "0" />
		<Point X = "348" Y = "194" T = "0" Pressure = "0" />
		<Point X = "349" Y = "194" T = "0" Pressure = "0" />
		<Point X = "351" Y = "194" T = "0" Pressure = "0" />
		<Point X = "352" Y = "193" T = "0" Pressure = "0" />
		<Point X = "354" Y = "192" T = "0" Pressure = "0" />
		<Point X = "356" Y = "190" T = "0" Pressure = "0" />
		<Point X = "359" Y = "188" T = "0" Pressure = "0" />
		<Point X = "361" Y = "185" T = "0" Pressure = "0" />
		<Point X = "362" Y = "182" T = "0" Pressure = "0" />
		<Point X = "364" Y = "180" T = "0" Pressure = "0" />
		<Point X = "365" Y = "177" T = "0" Pressure = "0" />
		<Point X = "366" Y = "174" T = "0" Pressure = "0" />
		<Point X = "366" Y = "173" T = "0" Pressure = "0" />
		<Point X = "366" Y = "170" T = "0" Pressure = "0" />
		<Point X = "366" Y = "168" T = "0" Pressure = "0" />
		<Point X = "366" Y = "167" T = "0" Pressure = "0" />
		<Point X = "366" Y = "166" T = "0" Pressure = "0" />
		<Point X = "366" Y = "164" T = "0" Pressure = "0" />
		<Point X = "365" Y = "164" T = "0" Pressure = "0" />
		<Point X = "364" Y = "163" T = "0" Pressure = "0" />
		<Point X = "363" Y = "163" T = "0" Pressure = "0" />
		<Point X = "362" Y = "163" T = "0" Pressure = "0" />
		<Point X = "360" Y = "162" T = "0" Pressure = "0" />
		<Point X = "357" Y = "161" T = "0" Pressure = "0" />
		<Point X = "356" Y = "160" T = "0" Pressure = "0" />
		<Point X = "354" Y = "159" T = "0" Pressure = "0" />
		<Point X = "353" Y = "159" T = "0" Pressure = "0" />
		<Point X = "352" Y = "159" T = "0" Pressure = "0" />
		<Point X = "350" Y = "157" T = "0" Pressure = "0" />
		<Point X = "348" Y = "157" T = "0" Pressure = "0" />
		<Point X = "347" Y = "157" T = "0" Pressure = "0" />
		<Point X = "346" Y = "157" T = "0" Pressure = "0" />
		<Point X = "346" Y = "159" T = "0" Pressure = "0" />
		<Point X = "345" Y = "160" T = "0" Pressure = "0" />
		<Point X = "344" Y = "162" T = "0" Pressure = "0" />
		<Point X = "344" Y = "164" T = "0" Pressure = "0" />
		<Point X = "344" Y = "165" T = "0" Pressure = "0" />
		<Point X = "344" Y = "166" T = "0" Pressure = "0" />
		<Point X = "344" Y = "168" T = "0" Pressure = "0" />
		<Point X = "343" Y = "169" T = "0" Pressure = "0" />
		<Point X = "343" Y = "170" T = "0" Pressure = "0" />
		<Point X = "342" Y = "171" T = "0" Pressure = "0" />
		<Point X = "342" Y = "172" T = "0" Pressure = "0" />
		<Point X = "342" Y = "173" T = "0" Pressure = "0" />
		<Point X = "342" Y = "174" T = "0" Pressure = "0" />
		<Point X = "342" Y = "175" T = "0" Pressure = "0" />
		<Point X = "342" Y = "176" T = "0" Pressure = "0" />
		<Point X = "342" Y = "177" T = "0" Pressure = "0" />
		<Point X = "343" Y = "177" T = "0" Pressure = "0" />
		<Point X = "344" Y = "177" T = "0" Pressure = "0" />
		<Point X = "345" Y = "177" T = "0" Pressure = "0" />
		<Point X = "346" Y = "177" T = "0" Pressure = "0" />
		<Point X = "346" Y = "176" T = "0" Pressure = "0" />
		<Point X = "347" Y = "175" T = "0" Pressure = "0" />
		<Point X = "348" Y = "175" T = "0" Pressure = "0" />
		<Point X = "347" Y = "175" T = "0" Pressure = "0" />
	</Stroke>
</Gesture>
