<?xml version="1.0" encoding="utf-8" standalone="yes"?>
<Gesture Name = "spiral">
	<Stroke>
		<Point X = "268" Y = "149" T = "0" Pressure = "0" />
		<Point X = "268" Y = "151" T = "0" Pressure = "0" />
		<Point X = "268" Y = "154" T = "0" Pressure = "0" />
		<Point X = "268" Y = "157" T = "0" Pressure = "0" />
		<Point X = "268" Y = "161" T = "0" Pressure = "0" />
		<Point X = "268" Y = "167" T = "0" Pressure = "0" />
		<Point X = "268" Y = "175" T = "0" Pressure = "0" />
		<Point X = "268" Y = "181" T = "0" Pressure = "0" />
		<Point X = "268" Y = "189" T = "0" Pressure = "0" />
		<Point X = "268" Y = "195" T = "0" Pressure = "0" />
		<Point X = "268" Y = "200" T = "0" Pressure = "0" />
		<Point X = "268" Y = "204" T = "0" Pressure = "0" />
		<Point X = "268" Y = "209" T = "0" Pressure = "0" />
		<Point X = "268" Y = "212" T = "0" Pressure = "0" />
		<Point X = "268" Y = "217" T = "0" Pressure = "0" />
		<Point X = "268" Y = "222" T = "0" Pressure = "0" />
		<Point X = "268" Y = "227" T = "0" Pressure = "0" />
		<Point X = "269" Y = "234" T = "0" Pressure = "0" />
		<Point X = "269" Y = "238" T = "0" Pressure = "0" />
		<Point X = "273" Y = "245" T = "0" Pressure = "0" />
		<Point X = "273" Y = "249" T = "0" Pressure = "0" />
		<Point X = "275" Y = "253" T = "0" Pressure = "0" />
		<Point X = "277" Y = "257" T = "0" Pressure = "0" />
		<Point X = "278" Y = "258" T = "0" Pressure = "0" />
		<Point X = "279" Y = "260" T = "0" Pressure = "0" />
		<Point X = "281" Y = "263" T = "0" Pressure = "0" />
		<Point X = "283" Y = "265" T = "0" Pressure = "0" />
		<Point X = "285" Y = "266" T = "0" Pressure = "0" />
		<Point X = "290" Y = "267" T = "0" Pressure = "0" />
		<Point X = "292" Y = "267" T = "0" Pressure = "0" />
		<Point X = "293" Y = "269" T = "0" Pressure = "0" />
		<Point X = "295" Y = "270" T = "0" Pressure = "0" />
		<Point X = "297" Y = "270" T = "0" Pressure = "0" />
		<Point X = "299" Y = "270" T = "0" Pressure = "0" />
		<Point X = "301" Y = "270" T = "0" Pressure = "0" />
		<Point X = "304" Y = "270" T = "0" Pressure = "0" />
		<Point X = "308" Y = "270" T = "0" Pressure = "0" />
		<Point X = "312" Y = "269" T = "0" Pressure = "0" />
		<Point X = "316" Y = "267" T = "0" Pressure = "0" />
		<Point X = "320" Y = "265" T = "0" Pressure = "0" />
		<Point X = "326" Y = "262" T = "0" Pressure = "0" />
		<Point X = "328" Y = "260" T = "0" Pressure = "0" />
		<Point X = "332" Y = "256" T = "0" Pressure = "0" />
		<Point X = "335" Y = "254" T = "0" Pressure = "0" />
		<Point X = "337" Y = "250" T = "0" Pressure = "0" />
		<Point X = "339" Y = "248" T = "0" Pressure = "0" />
		<Point X = "343" Y = "243" T = "0" Pressure = "0" />
		<Point X = "345" Y = "240" T = "0" Pressure = "0" />
		<Point X = "348" Y = "235" T = "0" Pressure = "0" />
		<Point X = "350" Y = "230" T = "0" Pressure = "0" />
		<Point X = "353" Y = "222" T = "0" Pressure = "0" />
		<Point X = "354" Y = "218" T = "0" Pressure = "0" />
		<Point X = "356" Y = "214" T = "0" Pressure = "0" />
		<Point X = "356" Y = "209" T = "0" Pressure = "0" />
		<Point X = "357" Y = "206" T = "0" Pressure = "0" />
		<Point X = "357" Y = "203" T = "0" Pressure = "0" />
		<Point X = "357" Y = "199" T = "0" Pressure = "0" />
		<Point X = "357" Y = "197" T = "0" Pressure = "0" />
		<Point X = "357" Y = "195" T = "0" Pressure = "0" />
		<Point X = "357" Y = "192" T = "0" Pressure = "0" />
		<Point X = "357" Y = "189" T = "0" Pressure = "0" />
		<Point X = "356" Y = "187" T = "0" Pressure = "0" />
		<Point X = "354" Y = "185" T = "0" Pressure = "0" />
		<Point X = "352" Y = "183" T = "0" Pressure = "0" />
		<Point X = "350" Y = "181" T = "0" Pressure = "0" />
		<Point X = "346" Y = "178" T = "0" Pressure = "0" />
		<Point X = "343" Y = "176" T = "0" Pressure = "0" />
		<Point X = "339" Y = "174" T = "0" Pressure = "0" />
		<Point X = "337" Y = "173" T = "0" Pressure = "0" />
		<Point X = "337" Y = "172" T = "0" Pressure = "0" />
		<Point X = "334" Y = "171" T = "0" Pressure = "0" />
		<Point X = "331" Y = "170" T = "0" Pressure = "0" />
		<Point X = "330" Y = "170" T = "0" Pressure = "0" />
		<Point X = "327" Y = "168" T = "0" Pressure = "0" />
		<Point X = "325" Y = "166" T = "0" Pressure = "0" />
		<Point X = "322" Y = "166" T = "0" Pressure = "0" />
		<Point X = "319" Y = "166" T = "0" Pressure = "0" />
		<Point X = "316" Y = "166" T = "0" Pressure = "0" />
		<Point X = "315" Y = "166" T = "0" Pressure = "0" />
		<Point X = "312" Y = "166" T = "0" Pressure = "0" />
		<Point X = "311" Y = "166" T = "0" Pressure = "0" />
		<Point X = "307" Y = "166" T = "0" Pressure = "0" />
		<Point X = "304" Y = "167" T = "0" Pressure = "0" />
		<Point X = "300" Y = "168" T = "0" Pressure = "0" />
		<Point X = "298" Y = "169" T = "0" Pressure = "0" />
		<Point X = "294" Y = "170" T = "0" Pressure = "0" />
		<Point X = "292" Y = "172" T = "0" Pressure = "0" />
		<Point X = "288" Y = "174" T = "0" Pressure = "0" />
		<Point X = "286" Y = "177" T = "0" Pressure = "0" />
		<Point X = "282" Y = "180" T = "0" Pressure = "0" />
		<Point X = "281" Y = "183" T = "0" Pressure = "0" />
		<Point X = "278" Y = "187" T = "0" Pressure = "0" />
		<Point X = "277" Y = "190" T = "0" Pressure = "0" />
		<Point X = "276" Y = "195" T = "0" Pressure = "0" />
		<Point X = "275" Y = "199" T = "0" Pressure = "0" />
		<Point X = "274" Y = "203" T = "0" Pressure = "0" />
		<Point X = "273" Y = "206" T = "0" Pressure = "0" />
		<Point X = "272" Y = "210" T = "0" Pressure = "0" />
		<Point X = "270" Y = "214" T = "0" Pressure = "0" />
		<Point X = "270" Y = "218" T = "0" Pressure = "0" />
		<Point X = "270" Y = "222" T = "0" Pressure = "0" />
		<Point X = "270" Y = "225" T = "0" Pressure = "0" />
		<Point X = "270" Y = "229" T = "0" Pressure = "0" />
		<Point X = "270" Y = "232" T = "0" Pressure = "0" />
		<Point X = "270" Y = "235" T = "0" Pressure = "0" />
		<Point X = "270" Y = "238" T = "0" Pressure = "0" />
		<Point X = "270" Y = "241" T = "0" Pressure = "0" />
		<Point X = "270" Y = "243" T = "0" Pressure = "0" />
		<Point X = "271" Y = "245" T = "0" Pressure = "0" />
		<Point X = "271" Y = "246" T = "0" Pressure = "0" />
		<Point X = "273" Y = "247" T = "0" Pressure = "0" />
		<Point X = "274" Y = "248" T = "0" Pressure = "0" />
		<Point X = "276" Y = "249" T = "0" Pressure = "0" />
		<Point X = "278" Y = "249" T = "0" Pressure = "0" />
		<Point X = "280" Y = "249" T = "0" Pressure = "0" />
		<Point X = "282" Y = "250" T = "0" Pressure = "0" />
		<Point X = "284" Y = "250" T = "0" Pressure = "0" />
		<Point X = "287" Y = "250" T = "0" Pressure = "0" />
		<Point X = "291" Y = "250" T = "0" Pressure = "0" />
		<Point X = "293" Y = "250" T = "0" Pressure = "0" />
		<Point X = "296" Y = "250" T = "0" Pressure = "0" />
		<Point X = "300" Y = "250" T = "0" Pressure = "0" />
		<Point X = "303" Y = "250" T = "0" Pressure = "0" />
		<Point X = "306" Y = "248" T = "0" Pressure = "0" />
		<Point X = "308" Y = "247" T = "0" Pressure = "0" />
		<Point X = "310" Y = "247" T = "0" Pressure = "0" />
		<Point X = "312" Y = "245" T = "0" Pressure = "0" />
		<Point X = "314" Y = "244" T = "0" Pressure = "0" />
		<Point X = "316" Y = "243" T = "0" Pressure = "0" />
		<Point X = "318" Y = "240" T = "0" Pressure = "0" />
		<Point X = "321" Y = "239" T = "0" Pressure = "0" />
		<Point X = "324" Y = "236" T = "0" Pressure = "0" />
		<Point X = "326" Y = "235" T = "0" Pressure = "0" />
		<Point X = "328" Y = "233" T = "0" Pressure = "0" />
		<Point X = "330" Y = "228" T = "0" Pressure = "0" />
		<Point X = "331" Y = "226" T = "0" Pressure = "0" />
		<Point X = "332" Y = "221" T = "0" Pressure = "0" />
		<Point X = "333" Y = "217" T = "0" Pressure = "0" />
		<Point X = "333" Y = "213" T = "0" Pressure = "0" />
		<Point X = "335" Y = "208" T = "0" Pressure = "0" />
		<Point X = "335" Y = "206" T = "0" Pressure = "0" />
		<Point X = "336" Y = "203" T = "0" Pressure = "0" />
		<Point X = "336" Y = "201" T = "0" Pressure = "0" />
		<Point X = "336" Y = "199" T = "0" Pressure = "0" />
		<Point X = "336" Y = "197" T = "0" Pressure = "0" />
		<Point X = "336" Y = "196" T = "0" Pressure = "0" />
		<Point X = "336" Y = "194" T = "0" Pressure = "0" />
		<Point X = "335" Y = "193" T = "0" Pressure = "0" />
		<Point X = "334" Y = "192" T = "0" Pressure = "0" />
		<Point X = "333" Y = "190" T = "0" Pressure = "0" />
		<Point X = "331" Y = "188" T = "0" Pressure = "0" />
		<Point X = "330" Y = "187" T = "0" Pressure = "0" />
		<Point X = "327" Y = "185" T = "0" Pressure = "0" />
		<Point X = "325" Y = "184" T = "0" Pressure = "0" />
		<Point X = "325" Y = "183" T = "0" Pressure = "0" />
		<Point X = "323" Y = "182" T = "0" Pressure = "0" />
		<Point X = "322" Y = "182" T = "0" Pressure = "0" />
		<Point X = "321" Y = "182" T = "0" Pressure = "0" />
		<Point X = "319" Y = "182" T = "0" Pressure = "0" />
		<Point X = "318" Y = "182" T = "0" Pressure = "0" />
		<Point X = "315" Y = "182" T = "0" Pressure = "0" />
		<Point X = "314" Y = "182" T = "0" Pressure = "0" />
		<Point X = "312" Y = "183" T = "0" Pressure = "0" />
		<Point X = "310" Y = "183" T = "0" Pressure = "0" />
		<Point X = "308" Y = "184" T = "0" Pressure = "0" />
		<Point X = "307" Y = "186" T = "0" Pressure = "0" />
		<Point X = "304" Y = "186" T = "0" Pressure = "0" />
		<Point X = "304" Y = "187" T = "0" Pressure = "0" />
		<Point X = "302" Y = "188" T = "0" Pressure = "0" />
		<Point X = "301" Y = "190" T = "0" Pressure = "0" />
		<Point X = "299" Y = "192" T = "0" Pressure = "0" />
		<Point X = "297" Y = "194" T = "0" Pressure = "0" />
		<Point X = "295" Y = "199" T = "0" Pressure = "0" />
		<Point X = "295" Y = "203" T = "0" Pressure = "0" />
		<Point X = "294" Y = "206" T = "0" Pressure = "0" />
		<Point X = "294" Y = "209" T = "0" Pressure = "0" />
		<Point X = "294" Y = "211" T = "0" Pressure = "0" />
		<Point X = "294" Y = "214" T = "0" Pressure = "0" />
		<Point X = "294" Y = "217" T = "0" Pressure = "0" />
		<Point X = "294" Y = "220" T = "0" Pressure = "0" />
		<Point X = "294" Y = "221" T = "0" Pressure = "0" />
		<Point X = "294" Y = "223" T = "0" Pressure = "0" />
		<Point X = "294" Y = "225" T = "0" Pressure = "0" />
		<Point X = "295" Y = "226" T = "0" Pressure = "0" />
		<Point X = "296" Y = "227" T = "0" Pressure = "0" />
		<Point X = "297" Y = "229" T = "0" Pressure = "0" />
		<Point X = "299" Y = "232" T = "0" Pressure = "0" />
		<Point X = "300" Y = "234" T = "0" Pressure = "0" />
		<Point X = "302" Y = "235" T = "0" Pressure = "0" />
		<Point X = "302" Y = "236" T = "0" Pressure = "0" />
		<Point X = "303" Y = "236" T = "0" Pressure = "0" />
		<Point X = "304" Y = "236" T = "0" Pressure = "0" />
		<Point X = "306" Y = "236" T = "0" Pressure = "0" />
		<Point X = "307" Y = "236" T = "0" Pressure = "0" />
		<Point X = "311" Y = "236" T = "0" Pressure = "0" />
		<Point X = "311" Y = "235" T = "0" Pressure = "0" />
		<Point X = "313" Y = "234" T = "0" Pressure = "0" />
		<Point X = "316" Y = "232" T = "0" Pressure = "0" />
		<Point X = "317" Y = "231" T = "0" Pressure = "0" />
		<Point X = "318" Y = "229" T = "0" Pressure = "0" />
		<Point X = "321" Y = "227" T = "0" Pressure = "0" />
		<Point X = "322" Y = "225" T = "0" Pressure = "0" />
		<Point X = "322" Y = "224" T = "0" Pressure = "0" />
		<Point X = "322" Y = "222" T = "0" Pressure = "0" />
		<Point X = "323" Y = "220" T = "0" Pressure = "0" />
		<Point X = "325" Y = "216" T = "0" Pressure = "0" />
		<Point X = "325" Y = "215" T = "0" Pressure = "0" />
		<Point X = "325" Y = "213" T = "0" Pressure = "0" />
		<Point X = "325" Y = "211" T = "0" Pressure = "0" />
		<Point X = "325" Y = "209" T = "0" Pressure = "0" />
		<Point X = "325" Y = "207" T = "0" Pressure = "0" />
		<Point X = "325" Y = "206" T = "0" Pressure = "0" />
		<Point X = "325" Y = "204" T = "0" Pressure = "0" />
		<Point X = "324" Y = "204" T = "0" Pressure = "0" />
		<Point X = "323" Y = "204" T = "0" Pressure = "0" />
		<Point X = "322" Y = "204" T = "0" Pressure = "0" />
		<Point X = "320" Y = "204" T = "0" Pressure = "0" />
		<Point X = "319" Y = "204" T = "0" Pressure = "0" />
		<Point X = "318" Y = "204" T = "0" Pressure = "0" />
		<Point X = "317" Y = "204" T = "0" Pressure = "0" />
		<Point X = "316" Y = "204" T = "0" Pressure = "0" />
		<Point X = "315" Y = "204" T = "0" Pressure = "0" />
		<Point X = "314" Y = "204" T = "0" Pressure = "0" />
		<Point X = "312" Y = "204" T = "0" Pressure = "0" />
		<Point X = "312" Y = "205" T = "0" Pressure = "0" />
		<Point X = "311" Y = "207" T = "0" Pressure = "0" />
		<Point X = "311" Y = "209" T = "0" Pressure = "0" />
		<Point X = "310" Y = "211" T = "0" Pressure = "0" />
		<Point X = "310" Y = "212" T = "0" Pressure = "0" />
		<Point X = "310" Y = "213" T = "0" Pressure = "0" />
		<Point X = "310" Y = "215" T = "0" Pressure = "0" />
		<Point X = "310" Y = "216" T = "0" Pressure = "0" />
		<Point X = "310" Y = "218" T = "0" Pressure = "0" />
		<Point X = "310" Y = "219" T = "0" Pressure = "0" />
		<Point X = "310" Y = "220" T = "0" Pressure = "0" />
		<Point X = "310" Y = "221" T = "0" Pressure = "0" />
		<Point X = "311" Y = "221" T = "0" Pressure = "0" />
		<Point X = "312" Y = "221" T = "0" Pressure = "0" />
		<Point X = "313" Y = "221" T = "0" Pressure = "0" />
		<Point X = "315" Y = "221" T = "0" Pressure = "0" />
		<Point X = "316" Y = "221" T = "0" Pressure = "0" />
		<Point X = "316" Y = "220" T = "0" Pressure = "0" />
		<Point X = "316" Y = "219" T = "0" Pressure = "0" />
		<Point X = "317" Y = "219" T = "0" Pressure = "0" />
		<Point X = "318" Y = "217" T = "0" Pressure = "0" />
	</Stroke>
</Gesture>
