<?xml version="1.0" encoding="utf-8" standalone="yes"?>
<Gesture Name = "spiral">
	<Stroke>
		<Point X = "287" Y = "273" T = "0" Pressure = "0" />
		<Point X = "287" Y = "272" T = "0" Pressure = "0" />
		<Point X = "289" Y = "269" T = "0" Pressure = "0" />
		<Point X = "289" Y = "265" T = "0" Pressure = "0" />
		<Point X = "290" Y = "259" T = "0" Pressure = "0" />
		<Point X = "290" Y = "255" T = "0" Pressure = "0" />
		<Point X = "290" Y = "248" T = "0" Pressure = "0" />
		<Point X = "290" Y = "243" T = "0" Pressure = "0" />
		<Point X = "290" Y = "238" T = "0" Pressure = "0" />
		<Point X = "290" Y = "233" T = "0" Pressure = "0" />
		<Point X = "290" Y = "229" T = "0" Pressure = "0" />
		<Point X = "290" Y = "224" T = "0" Pressure = "0" />
		<Point X = "290" Y = "219" T = "0" Pressure = "0" />
		<Point X = "290" Y = "212" T = "0" Pressure = "0" />
		<Point X = "290" Y = "208" T = "0" Pressure = "0" />
		<Point X = "289" Y = "201" T = "0" Pressure = "0" />
		<Point X = "288" Y = "197" T = "0" Pressure = "0" />
		<Point X = "287" Y = "193" T = "0" Pressure = "0" />
		<Point X = "285" Y = "188" T = "0" Pressure = "0" />
		<Point X = "284" Y = "185" T = "0" Pressure = "0" />
		<Point X = "283" Y = "182" T = "0" Pressure = "0" />
		<Point X = "283" Y = "180" T = "0" Pressure = "0" />
		<Point X = "283" Y = "178" T = "0" Pressure = "0" />
		<Point X = "283" Y = "176" T = "0" Pressure = "0" />
		<Point X = "281" Y = "175" T = "0" Pressure = "0" />
		<Point X = "280" Y = "173" T = "0" Pressure = "0" />
		<Point X = "277" Y = "172" T = "0" Pressure = "0" />
		<Point X = "277" Y = "171" T = "0" Pressure = "0" />
		<Point X = "274" Y = "170" T = "0" Pressure = "0" />
		<Point X = "270" Y = "169" T = "0" Pressure = "0" />
		<Point X = "264" Y = "169" T = "0" Pressure = "0" />
		<Point X = "260" Y = "169" T = "0" Pressure = "0" />
		<Point X = "256" Y = "169" T = "0" Pressure = "0" />
		<Point X = "251" Y = "169" T = "0" Pressure = "0" />
		<Point X = "247" Y = "169" T = "0" Pressure = "0" />
		<Point X = "243" Y = "169" T = "0" Pressure = "0" />
		<Point X = "238" Y = "169" T = "0" Pressure = "0" />
		<Point X = "235" Y = "170" T = "0" Pressure = "0" />
		<Point X = "231" Y = "170" T = "0" Pressure = "0" />
		<Point X = "227" Y = "173" T = "0" Pressure = "0" />
		<Point X = "225" Y = "175" T = "0" Pressure = "0" />
		<Point X = "223" Y = "175" T = "0" Pressure = "0" />
		<Point X = "220" Y = "177" T = "0" Pressure = "0" />
		<Point X = "219" Y = "178" T = "0" Pressure = "0" />
		<Point X = "218" Y = "178" T = "0" Pressure = "0" />
		<Point X = "216" Y = "179" T = "0" Pressure = "0" />
		<Point X = "213" Y = "182" T = "0" Pressure = "0" />
		<Point X = "211" Y = "184" T = "0" Pressure = "0" />
		<Point X = "209" Y = "185" T = "0" Pressure = "0" />
		<Point X = "207" Y = "189" T = "0" Pressure = "0" />
		<Point X = "205" Y = "192" T = "0" Pressure = "0" />
		<Point X = "201" Y = "197" T = "0" Pressure = "0" />
		<Point X = "200" Y = "199" T = "0" Pressure = "0" />
		<Point X = "198" Y = "204" T = "0" Pressure = "0" />
		<Point X = "198" Y = "208" T = "0" Pressure = "0" />
		<Point X = "197" Y = "213" T = "0" Pressure = "0" />
		<Point X = "196" Y = "216" T = "0" Pressure = "0" />
		<Point X = "196" Y = "219" T = "0" Pressure = "0" />
		<Point X = "196" Y = "223" T = "0" Pressure = "0" />
		<Point X = "196" Y = "226" T = "0" Pressure = "0" />
		<Point X = "196" Y = "228" T = "0" Pressure = "0" />
		<Point X = "196" Y = "232" T = "0" Pressure = "0" />
		<Point X = "196" Y = "235" T = "0" Pressure = "0" />
		<Point X = "196" Y = "239" T = "0" Pressure = "0" />
		<Point X = "196" Y = "244" T = "0" Pressure = "0" />
		<Point X = "199" Y = "249" T = "0" Pressure = "0" />
		<Point X = "200" Y = "253" T = "0" Pressure = "0" />
		<Point X = "205" Y = "259" T = "0" Pressure = "0" />
		<Point X = "207" Y = "264" T = "0" Pressure = "0" />
		<Point X = "209" Y = "267" T = "0" Pressure = "0" />
		<Point X = "212" Y = "270" T = "0" Pressure = "0" />
		<Point X = "214" Y = "272" T = "0" Pressure = "0" />
		<Point X = "216" Y = "275" T = "0" Pressure = "0" />
		<Point X = "221" Y = "280" T = "0" Pressure = "0" />
		<Point X = "225" Y = "281" T = "0" Pressure = "0" />
		<Point X = "228" Y = "284" T = "0" Pressure = "0" />
		<Point X = "233" Y = "286" T = "0" Pressure = "0" />
		<Point X = "235" Y = "287" T = "0" Pressure = "0" />
		<Point X = "239" Y = "287" T = "0" Pressure = "0" />
		<Point X = "242" Y = "287" T = "0" Pressure = "0" />
		<Point X = "246" Y = "287" T = "0" Pressure = "0" />
		<Point X = "249" Y = "287" T = "0" Pressure = "0" />
		<Point X = "251" Y = "287" T = "0" Pressure = "0" />
		<Point X = "253" Y = "287" T = "0" Pressure = "0" />
		<Point X = "255" Y = "287" T = "0" Pressure = "0" />
		<Point X = "257" Y = "287" T = "0" Pressure = "0" />
		<Point X = "259" Y = "287" T = "0" Pressure = "0" />
		<Point X = "260" Y = "287" T = "0" Pressure = "0" />
		<Point X = "261" Y = "286" T = "0" Pressure = "0" />
		<Point X = "263" Y = "284" T = "0" Pressure = "0" />
		<Point X = "264" Y = "282" T = "0" Pressure = "0" />
		<Point X = "265" Y = "281" T = "0" Pressure = "0" />
		<Point X = "266" Y = "278" T = "0" Pressure = "0" />
		<Point X = "268" Y = "273" T = "0" Pressure = "0" />
		<Point X = "268" Y = "270" T = "0" Pressure = "0" />
		<Point X = "268" Y = "266" T = "0" Pressure = "0" />
		<Point X = "268" Y = "262" T = "0" Pressure = "0" />
		<Point X = "268" Y = "260" T = "0" Pressure = "0" />
		<Point X = "268" Y = "256" T = "0" Pressure = "0" />
		<Point X = "268" Y = "253" T = "0" Pressure = "0" />
		<Point X = "268" Y = "250" T = "0" Pressure = "0" />
		<Point X = "268" Y = "248" T = "0" Pressure = "0" />
		<Point X = "268" Y = "245" T = "0" Pressure = "0" />
		<Point X = "267" Y = "242" T = "0" Pressure = "0" />
		<Point X = "266" Y = "237" T = "0" Pressure = "0" />
		<Point X = "264" Y = "234" T = "0" Pressure = "0" />
		<Point X = "262" Y = "232" T = "0" Pressure = "0" />
		<Point X = "259" Y = "227" T = "0" Pressure = "0" />
		<Point X = "258" Y = "225" T = "0" Pressure = "0" />
		<Point X = "255" Y = "223" T = "0" Pressure = "0" />
		<Point X = "254" Y = "220" T = "0" Pressure = "0" />
		<Point X = "252" Y = "219" T = "0" Pressure = "0" />
		<Point X = "251" Y = "217" T = "0" Pressure = "0" />
		<Point X = "250" Y = "217" T = "0" Pressure = "0" />
		<Point X = "248" Y = "216" T = "0" Pressure = "0" />
		<Point X = "247" Y = "215" T = "0" Pressure = "0" />
		<Point X = "245" Y = "215" T = "0" Pressure = "0" />
		<Point X = "243" Y = "214" T = "0" Pressure = "0" />
		<Point X = "242" Y = "213" T = "0" Pressure = "0" />
		<Point X = "241" Y = "213" T = "0" Pressure = "0" />
		<Point X = "239" Y = "213" T = "0" Pressure = "0" />
		<Point X = "238" Y = "213" T = "0" Pressure = "0" />
		<Point X = "238" Y = "212" T = "0" Pressure = "0" />
		<Point X = "236" Y = "212" T = "0" Pressure = "0" />
		<Point X = "235" Y = "212" T = "0" Pressure = "0" />
		<Point X = "234" Y = "212" T = "0" Pressure = "0" />
		<Point X = "233" Y = "212" T = "0" Pressure = "0" />
		<Point X = "232" Y = "212" T = "0" Pressure = "0" />
		<Point X = "230" Y = "212" T = "0" Pressure = "0" />
		<Point X = "228" Y = "213" T = "0" Pressure = "0" />
		<Point X = "226" Y = "216" T = "0" Pressure = "0" />
		<Point X = "224" Y = "218" T = "0" Pressure = "0" />
		<Point X = "222" Y = "220" T = "0" Pressure = "0" />
		<Point X = "220" Y = "222" T = "0" Pressure = "0" />
		<Point X = "220" Y = "224" T = "0" Pressure = "0" />
		<Point X = "219" Y = "225" T = "0" Pressure = "0" />
		<Point X = "218" Y = "226" T = "0" Pressure = "0" />
		<Point X = "218" Y = "227" T = "0" Pressure = "0" />
		<Point X = "218" Y = "229" T = "0" Pressure = "0" />
		<Point X = "218" Y = "231" T = "0" Pressure = "0" />
		<Point X = "217" Y = "232" T = "0" Pressure = "0" />
		<Point X = "217" Y = "235" T = "0" Pressure = "0" />
		<Point X = "217" Y = "238" T = "0" Pressure = "0" />
		<Point X = "217" Y = "240" T = "0" Pressure = "0" />
		<Point X = "217" Y = "243" T = "0" Pressure = "0" />
		<Point X = "217" Y = "244" T = "0" Pressure = "0" />
		<Point X = "217" Y = "246" T = "0" Pressure = "0" />
		<Point X = "217" Y = "248" T = "0" Pressure = "0" />
		<Point X = "217" Y = "250" T = "0" Pressure = "0" />
		<Point X = "218" Y = "251" T = "0" Pressure = "0" />
		<Point X = "218" Y = "252" T = "0" Pressure = "0" />
		<Point X = "221" Y = "253" T = "0" Pressure = "0" />
		<Point X = "222" Y = "254" T = "0" Pressure = "0" />
		<Point X = "223" Y = "255" T = "0" Pressure = "0" />
		<Point X = "225" Y = "256" T = "0" Pressure = "0" />
		<Point X = "226" Y = "258" T = "0" Pressure = "0" />
		<Point X = "227" Y = "258" T = "0" Pressure = "0" />
		<Point X = "228" Y = "260" T = "0" Pressure = "0" />
		<Point X = "229" Y = "260" T = "0" Pressure = "0" />
		<Point X = "230" Y = "261" T = "0" Pressure = "0" />
		<Point X = "231" Y = "261" T = "0" Pressure = "0" />
		<Point X = "232" Y = "261" T = "0" Pressure = "0" />
		<Point X = "234" Y = "261" T = "0" Pressure = "0" />
		<Point X = "235" Y = "261" T = "0" Pressure = "0" />
		<Point X = "237" Y = "261" T = "0" Pressure = "0" />
		<Point X = "238" Y = "261" T = "0" Pressure = "0" />
		<Point X = "240" Y = "261" T = "0" Pressure = "0" />
		<Point X = "241" Y = "261" T = "0" Pressure = "0" />
		<Point X = "242" Y = "261" T = "0" Pressure = "0" />
		<Point X = "244" Y = "260" T = "0" Pressure = "0" />
		<Point X = "245" Y = "259" T = "0" Pressure = "0" />
		<Point X = "245" Y = "257" T = "0" Pressure = "0" />
		<Point X = "245" Y = "256" T = "0" Pressure = "0" />
		<Point X = "245" Y = "254" T = "0" Pressure = "0" />
		<Point X = "245" Y = "253" T = "0" Pressure = "0" />
		<Point X = "245" Y = "250" T = "0" Pressure = "0" />
		<Point X = "245" Y = "249" T = "0" Pressure = "0" />
		<Point X = "245" Y = "247" T = "0" Pressure = "0" />
		<Point X = "245" Y = "245" T = "0" Pressure = "0" />
		<Point X = "245" Y = "243" T = "0" Pressure = "0" />
		<Point X = "244" Y = "242" T = "0" Pressure = "0" />
		<Point X = "243" Y = "242" T = "0" Pressure = "0" />
		<Point X = "242" Y = "241" T = "0" Pressure = "0" />
		<Point X = "241" Y = "241" T = "0" Pressure = "0" />
		<Point X = "240" Y = "241" T = "0" Pressure = "0" />
		<Point X = "239" Y = "241" T = "0" Pressure = "0" />
		<Point X = "238" Y = "241" T = "0" Pressure = "0" />
		<Point X = "238" Y = "240" T = "0" Pressure = "0" />
		<Point X = "237" Y = "240" T = "0" Pressure = "0" />
		<Point X = "236" Y = "240" T = "0" Pressure = "0" />
		<Point X = "235" Y = "240" T = "0" Pressure = "0" />
		<Point X = "235" Y = "242" T = "0" Pressure = "0" />
	</Stroke>
</Gesture>
