<?xml version="1.0" encoding="utf-8" standalone="yes"?>
<Gesture Name = "spiral">
	<Stroke>
		<Point X = "204" Y = "50" T = "0" Pressure = "0" />
		<Point X = "203" Y = "50" T = "0" Pressure = "0" />
		<Point X = "198" Y = "51" T = "0" Pressure = "0" />
		<Point X = "196" Y = "52" T = "0" Pressure = "0" />
		<Point X = "193" Y = "55" T = "0" Pressure = "0" />
		<Point X = "189" Y = "57" T = "0" Pressure = "0" />
		<Point X = "184" Y = "61" T = "0" Pressure = "0" />
		<Point X = "178" Y = "65" T = "0" Pressure = "0" />
		<Point X = "174" Y = "66" T = "0" Pressure = "0" />
		<Point X = "169" Y = "69" T = "0" Pressure = "0" />
		<Point X = "164" Y = "73" T = "0" Pressure = "0" />
		<Point X = "159" Y = "76" T = "0" Pressure = "0" />
		<Point X = "154" Y = "80" T = "0" Pressure = "0" />
		<Point X = "150" Y = "84" T = "0" Pressure = "0" />
		<Point X = "147" Y = "86" T = "0" Pressure = "0" />
		<Point X = "143" Y = "91" T = "0" Pressure = "0" />
		<Point X = "139" Y = "99" T = "0" Pressure = "0" />
		<Point X = "134" Y = "108" T = "0" Pressure = "0" />
		<Point X = "129" Y = "116" T = "0" Pressure = "0" />
		<Point X = "124" Y = "128" T = "0" Pressure = "0" />
		<Point X = "121" Y = "139" T = "0" Pressure = "0" />
		<Point X = "119" Y = "149" T = "0" Pressure = "0" />
		<Point X = "118" Y = "154" T = "0" Pressure = "0" />
		<Point X = "116" Y = "163" T = "0" Pressure = "0" />
		<Point X = "116" Y = "167" T = "0" Pressure = "0" />
		<Point X = "116" Y = "171" T = "0" Pressure = "0" />
		<Point X = "116" Y = "176" T = "0" Pressure = "0" />
		<Point X = "116" Y = "179" T = "0" Pressure = "0" />
		<Point X = "116" Y = "183" T = "0" Pressure = "0" />
		<Point X = "117" Y = "187" T = "0" Pressure = "0" />
		<Point X = "120" Y = "192" T = "0" Pressure = "0" />
		<Point X = "125" Y = "197" T = "0" Pressure = "0" />
		<Point X = "130" Y = "203" T = "0" Pressure = "0" />
		<Point X = "136" Y = "209" T = "0" Pressure = "0" />
		<Point X = "145" Y = "214" T = "0" Pressure = "0" />
		<Point X = "152" Y = "219" T = "0" Pressure = "0" />
		<Point X = "157" Y = "222" T = "0" Pressure = "0" />
		<Point X = "162" Y = "226" T = "0" Pressure = "0" />
		<Point X = "163" Y = "227" T = "0" Pressure = "0" />
		<Point X = "166" Y = "229" T = "0" Pressure = "0" />
		<Point X = "167" Y = "230" T = "0" Pressure = "0" />
		<Point X = "168" Y = "231" T = "0" Pressure = "0" />
		<Point X = "169" Y = "232" T = "0" Pressure = "0" />
		<Point X = "171" Y = "233" T = "0" Pressure = "0" />
		<Point X = "173" Y = "233" T = "0" Pressure = "0" />
		<Point X = "177" Y = "233" T = "0" Pressure = "0" />
		<Point X = "184" Y = "234" T = "0" Pressure = "0" />
		<Point X = "191" Y = "234" T = "0" Pressure = "0" />
		<Point X = "197" Y = "236" T = "0" Pressure = "0" />
		<Point X = "205" Y = "237" T = "0" Pressure = "0" />
		<Point X = "211" Y = "237" T = "0" Pressure = "0" />
		<Point X = "216" Y = "237" T = "0" Pressure = "0" />
		<Point X = "223" Y = "237" T = "0" Pressure = "0" />
		<Point X = "228" Y = "236" T = "0" Pressure = "0" />
		<Point X = "233" Y = "231" T = "0" Pressure = "0" />
		<Point X = "241" Y = "222" T = "0" Pressure = "0" />
		<Point X = "245" Y = "214" T = "0" Pressure = "0" />
		<Point X = "248" Y = "204" T = "0" Pressure = "0" />
		<Point X = "253" Y = "194" T = "0" Pressure = "0" />
		<Point X = "257" Y = "184" T = "0" Pressure = "0" />
		<Point X = "262" Y = "174" T = "0" Pressure = "0" />
		<Point X = "264" Y = "167" T = "0" Pressure = "0" />
		<Point X = "268" Y = "158" T = "0" Pressure = "0" />
		<Point X = "269" Y = "152" T = "0" Pressure = "0" />
		<Point X = "270" Y = "148" T = "0" Pressure = "0" />
		<Point X = "270" Y = "142" T = "0" Pressure = "0" />
		<Point X = "270" Y = "137" T = "0" Pressure = "0" />
		<Point X = "270" Y = "131" T = "0" Pressure = "0" />
		<Point X = "270" Y = "127" T = "0" Pressure = "0" />
		<Point X = "270" Y = "121" T = "0" Pressure = "0" />
		<Point X = "270" Y = "116" T = "0" Pressure = "0" />
		<Point X = "270" Y = "110" T = "0" Pressure = "0" />
		<Point X = "270" Y = "107" T = "0" Pressure = "0" />
		<Point X = "270" Y = "103" T = "0" Pressure = "0" />
		<Point X = "270" Y = "101" T = "0" Pressure = "0" />
		<Point X = "270" Y = "99" T = "0" Pressure = "0" />
		<Point X = "270" Y = "97" T = "0" Pressure = "0" />
		<Point X = "270" Y = "95" T = "0" Pressure = "0" />
		<Point X = "270" Y = "93" T = "0" Pressure = "0" />
		<Point X = "269" Y = "91" T = "0" Pressure = "0" />
		<Point X = "268" Y = "91" T = "0" Pressure = "0" />
		<Point X = "266" Y = "91" T = "0" Pressure = "0" />
		<Point X = "262" Y = "91" T = "0" Pressure = "0" />
		<Point X = "260" Y = "91" T = "0" Pressure = "0" />
		<Point X = "255" Y = "91" T = "0" Pressure = "0" />
		<Point X = "249" Y = "91" T = "0" Pressure = "0" />
		<Point X = "244" Y = "91" T = "0" Pressure = "0" />
		<Point X = "237" Y = "91" T = "0" Pressure = "0" />
		<Point X = "232" Y = "91" T = "0" Pressure = "0" />
		<Point X = "226" Y = "91" T = "0" Pressure = "0" />
		<Point X = "221" Y = "91" T = "0" Pressure = "0" />
		<Point X = "218" Y = "91" T = "0" Pressure = "0" />
		<Point X = "217" Y = "91" T = "0" Pressure = "0" />
		<Point X = "213" Y = "93" T = "0" Pressure = "0" />
		<Point X = "212" Y = "94" T = "0" Pressure = "0" />
		<Point X = "210" Y = "95" T = "0" Pressure = "0" />
		<Point X = "208" Y = "97" T = "0" Pressure = "0" />
		<Point X = "204" Y = "99" T = "0" Pressure = "0" />
		<Point X = "200" Y = "102" T = "0" Pressure = "0" />
		<Point X = "197" Y = "105" T = "0" Pressure = "0" />
		<Point X = "194" Y = "106" T = "0" Pressure = "0" />
		<Point X = "192" Y = "108" T = "0" Pressure = "0" />
		<Point X = "191" Y = "109" T = "0" Pressure = "0" />
		<Point X = "188" Y = "111" T = "0" Pressure = "0" />
		<Point X = "188" Y = "112" T = "0" Pressure = "0" />
		<Point X = "187" Y = "113" T = "0" Pressure = "0" />
		<Point X = "186" Y = "114" T = "0" Pressure = "0" />
		<Point X = "185" Y = "116" T = "0" Pressure = "0" />
		<Point X = "183" Y = "118" T = "0" Pressure = "0" />
		<Point X = "183" Y = "120" T = "0" Pressure = "0" />
		<Point X = "181" Y = "122" T = "0" Pressure = "0" />
		<Point X = "180" Y = "125" T = "0" Pressure = "0" />
		<Point X = "179" Y = "128" T = "0" Pressure = "0" />
		<Point X = "179" Y = "132" T = "0" Pressure = "0" />
		<Point X = "177" Y = "136" T = "0" Pressure = "0" />
		<Point X = "177" Y = "141" T = "0" Pressure = "0" />
		<Point X = "177" Y = "144" T = "0" Pressure = "0" />
		<Point X = "177" Y = "148" T = "0" Pressure = "0" />
		<Point X = "177" Y = "152" T = "0" Pressure = "0" />
		<Point X = "177" Y = "155" T = "0" Pressure = "0" />
		<Point X = "177" Y = "158" T = "0" Pressure = "0" />
		<Point X = "178" Y = "162" T = "0" Pressure = "0" />
		<Point X = "178" Y = "164" T = "0" Pressure = "0" />
		<Point X = "180" Y = "169" T = "0" Pressure = "0" />
		<Point X = "181" Y = "171" T = "0" Pressure = "0" />
		<Point X = "181" Y = "173" T = "0" Pressure = "0" />
		<Point X = "184" Y = "176" T = "0" Pressure = "0" />
		<Point X = "185" Y = "177" T = "0" Pressure = "0" />
		<Point X = "186" Y = "178" T = "0" Pressure = "0" />
		<Point X = "187" Y = "179" T = "0" Pressure = "0" />
		<Point X = "188" Y = "180" T = "0" Pressure = "0" />
		<Point X = "190" Y = "180" T = "0" Pressure = "0" />
		<Point X = "192" Y = "180" T = "0" Pressure = "0" />
		<Point X = "195" Y = "180" T = "0" Pressure = "0" />
		<Point X = "199" Y = "180" T = "0" Pressure = "0" />
		<Point X = "205" Y = "179" T = "0" Pressure = "0" />
		<Point X = "209" Y = "178" T = "0" Pressure = "0" />
		<Point X = "214" Y = "177" T = "0" Pressure = "0" />
		<Point X = "217" Y = "177" T = "0" Pressure = "0" />
		<Point X = "221" Y = "173" T = "0" Pressure = "0" />
		<Point X = "223" Y = "172" T = "0" Pressure = "0" />
		<Point X = "224" Y = "171" T = "0" Pressure = "0" />
		<Point X = "226" Y = "169" T = "0" Pressure = "0" />
		<Point X = "226" Y = "166" T = "0" Pressure = "0" />
		<Point X = "228" Y = "162" T = "0" Pressure = "0" />
		<Point X = "229" Y = "160" T = "0" Pressure = "0" />
		<Point X = "230" Y = "157" T = "0" Pressure = "0" />
		<Point X = "231" Y = "155" T = "0" Pressure = "0" />
		<Point X = "231" Y = "153" T = "0" Pressure = "0" />
		<Point X = "232" Y = "150" T = "0" Pressure = "0" />
		<Point X = "233" Y = "148" T = "0" Pressure = "0" />
		<Point X = "233" Y = "146" T = "0" Pressure = "0" />
		<Point X = "234" Y = "143" T = "0" Pressure = "0" />
		<Point X = "234" Y = "140" T = "0" Pressure = "0" />
		<Point X = "234" Y = "137" T = "0" Pressure = "0" />
		<Point X = "234" Y = "135" T = "0" Pressure = "0" />
		<Point X = "234" Y = "131" T = "0" Pressure = "0" />
		<Point X = "234" Y = "129" T = "0" Pressure = "0" />
		<Point X = "234" Y = "128" T = "0" Pressure = "0" />
		<Point X = "233" Y = "127" T = "0" Pressure = "0" />
		<Point X = "231" Y = "127" T = "0" Pressure = "0" />
		<Point X = "230" Y = "127" T = "0" Pressure = "0" />
		<Point X = "229" Y = "127" T = "0" Pressure = "0" />
		<Point X = "228" Y = "127" T = "0" Pressure = "0" />
		<Point X = "227" Y = "127" T = "0" Pressure = "0" />
		<Point X = "226" Y = "127" T = "0" Pressure = "0" />
		<Point X = "224" Y = "127" T = "0" Pressure = "0" />
		<Point X = "223" Y = "127" T = "0" Pressure = "0" />
		<Point X = "220" Y = "128" T = "0" Pressure = "0" />
		<Point X = "219" Y = "128" T = "0" Pressure = "0" />
		<Point X = "219" Y = "130" T = "0" Pressure = "0" />
		<Point X = "217" Y = "133" T = "0" Pressure = "0" />
		<Point X = "216" Y = "135" T = "0" Pressure = "0" />
		<Point X = "216" Y = "136" T = "0" Pressure = "0" />
		<Point X = "216" Y = "138" T = "0" Pressure = "0" />
		<Point X = "216" Y = "139" T = "0" Pressure = "0" />
		<Point X = "215" Y = "139" T = "0" Pressure = "0" />
		<Point X = "215" Y = "141" T = "0" Pressure = "0" />
		<Point X = "214" Y = "142" T = "0" Pressure = "0" />
		<Point X = "213" Y = "142" T = "0" Pressure = "0" />
		<Point X = "213" Y = "144" T = "0" Pressure = "0" />
		<Point X = "213" Y = "145" T = "0" Pressure = "0" />
		<Point X = "213" Y = "146" T = "0" Pressure = "0" />
		<Point X = "213" Y = "147" T = "0" Pressure = "0" />
		<Point X = "213" Y = "148" T = "0" Pressure = "0" />
		<Point X = "213" Y = "149" T = "0" Pressure = "0" />
		<Point X = "213" Y = "150" T = "0" Pressure = "0" />
		<Point X = "213" Y = "151" T = "0" Pressure = "0" />
		<Point X = "213" Y = "152" T = "0" Pressure = "0" />
		<Point X = "213" Y = "153" T = "0" Pressure = "0" />
		<Point X = "213" Y = "154" T = "0" Pressure = "0" />
		<Point X = "214" Y = "154" T = "0" Pressure = "0" />
		<Point X = "215" Y = "154" T = "0" Pressure = "0" />
		<Point X = "216" Y = "154" T = "0" Pressure = "0" />
		<Point X = "217" Y = "154" T = "0" Pressure = "0" />
	</Stroke>
</Gesture>
