<?xml version="1.0" encoding="utf-8" standalone="yes"?>
<Gesture Name = "spiral">
	<Stroke>
		<Point X = "84" Y = "313" T = "0" Pressure = "0" />
		<Point X = "84" Y = "311" T = "0" Pressure = "0" />
		<Point X = "84" Y = "308" T = "0" Pressure = "0" />
		<Point X = "84" Y = "304" T = "0" Pressure = "0" />
		<Point X = "84" Y = "300" T = "0" Pressure = "0" />
		<Point X = "83" Y = "295" T = "0" Pressure = "0" />
		<Point X = "83" Y = "292" T = "0" Pressure = "0" />
		<Point X = "83" Y = "290" T = "0" Pressure = "0" />
		<Point X = "83" Y = "288" T = "0" Pressure = "0" />
		<Point X = "83" Y = "285" T = "0" Pressure = "0" />
		<Point X = "83" Y = "284" T = "0" Pressure = "0" />
		<Point X = "83" Y = "281" T = "0" Pressure = "0" />
		<Point X = "83" Y = "280" T = "0" Pressure = "0" />
		<Point X = "83" Y = "279" T = "0" Pressure = "0" />
		<Point X = "83" Y = "277" T = "0" Pressure = "0" />
		<Point X = "83" Y = "275" T = "0" Pressure = "0" />
		<Point X = "83" Y = "274" T = "0" Pressure = "0" />
		<Point X = "84" Y = "272" T = "0" Pressure = "0" />
		<Point X = "85" Y = "269" T = "0" Pressure = "0" />
		<Point X = "85" Y = "266" T = "0" Pressure = "0" />
		<Point X = "89" Y = "262" T = "0" Pressure = "0" />
		<Point X = "90" Y = "257" T = "0" Pressure = "0" />
		<Point X = "92" Y = "253" T = "0" Pressure = "0" />
		<Point X = "93" Y = "249" T = "0" Pressure = "0" />
		<Point X = "95" Y = "245" T = "0" Pressure = "0" />
		<Point X = "97" Y = "241" T = "0" Pressure = "0" />
		<Point X = "99" Y = "238" T = "0" Pressure = "0" />
		<Point X = "99" Y = "236" T = "0" Pressure = "0" />
		<Point X = "101" Y = "233" T = "0" Pressure = "0" />
		<Point X = "102" Y = "233" T = "0" Pressure = "0" />
		<Point X = "102" Y = "232" T = "0" Pressure = "0" />
		<Point X = "103" Y = "232" T = "0" Pressure = "0" />
		<Point X = "103" Y = "231" T = "0" Pressure = "0" />
		<Point X = "105" Y = "230" T = "0" Pressure = "0" />
		<Point X = "105" Y = "229" T = "0" Pressure = "0" />
		<Point X = "106" Y = "229" T = "0" Pressure = "0" />
		<Point X = "107" Y = "228" T = "0" Pressure = "0" />
		<Point X = "109" Y = "226" T = "0" Pressure = "0" />
		<Point X = "112" Y = "225" T = "0" Pressure = "0" />
		<Point X = "116" Y = "223" T = "0" Pressure = "0" />
		<Point X = "118" Y = "222" T = "0" Pressure = "0" />
		<Point X = "123" Y = "221" T = "0" Pressure = "0" />
		<Point X = "124" Y = "220" T = "0" Pressure = "0" />
		<Point X = "126" Y = "218" T = "0" Pressure = "0" />
		<Point X = "128" Y = "218" T = "0" Pressure = "0" />
		<Point X = "130" Y = "217" T = "0" Pressure = "0" />
		<Point X = "131" Y = "217" T = "0" Pressure = "0" />
		<Point X = "134" Y = "217" T = "0" Pressure = "0" />
		<Point X = "138" Y = "215" T = "0" Pressure = "0" />
		<Point X = "142" Y = "215" T = "0" Pressure = "0" />
		<Point X = "146" Y = "215" T = "0" Pressure = "0" />
		<Point X = "150" Y = "215" T = "0" Pressure = "0" />
		<Point X = "152" Y = "215" T = "0" Pressure = "0" />
		<Point X = "155" Y = "215" T = "0" Pressure = "0" />
		<Point X = "157" Y = "215" T = "0" Pressure = "0" />
		<Point X = "159" Y = "215" T = "0" Pressure = "0" />
		<Point X = "164" Y = "218" T = "0" Pressure = "0" />
		<Point X = "167" Y = "220" T = "0" Pressure = "0" />
		<Point X = "173" Y = "225" T = "0" Pressure = "0" />
		<Point X = "178" Y = "228" T = "0" Pressure = "0" />
		<Point X = "180" Y = "230" T = "0" Pressure = "0" />
		<Point X = "183" Y = "233" T = "0" Pressure = "0" />
		<Point X = "184" Y = "234" T = "0" Pressure = "0" />
		<Point X = "187" Y = "237" T = "0" Pressure = "0" />
		<Point X = "189" Y = "239" T = "0" Pressure = "0" />
		<Point X = "190" Y = "240" T = "0" Pressure = "0" />
		<Point X = "190" Y = "241" T = "0" Pressure = "0" />
		<Point X = "191" Y = "242" T = "0" Pressure = "0" />
		<Point X = "192" Y = "243" T = "0" Pressure = "0" />
		<Point X = "193" Y = "244" T = "0" Pressure = "0" />
		<Point X = "194" Y = "247" T = "0" Pressure = "0" />
		<Point X = "194" Y = "251" T = "0" Pressure = "0" />
		<Point X = "195" Y = "252" T = "0" Pressure = "0" />
		<Point X = "195" Y = "255" T = "0" Pressure = "0" />
		<Point X = "195" Y = "259" T = "0" Pressure = "0" />
		<Point X = "195" Y = "262" T = "0" Pressure = "0" />
		<Point X = "195" Y = "266" T = "0" Pressure = "0" />
		<Point X = "195" Y = "272" T = "0" Pressure = "0" />
		<Point X = "195" Y = "276" T = "0" Pressure = "0" />
		<Point X = "195" Y = "281" T = "0" Pressure = "0" />
		<Point X = "194" Y = "284" T = "0" Pressure = "0" />
		<Point X = "192" Y = "287" T = "0" Pressure = "0" />
		<Point X = "191" Y = "290" T = "0" Pressure = "0" />
		<Point X = "190" Y = "292" T = "0" Pressure = "0" />
		<Point X = "189" Y = "294" T = "0" Pressure = "0" />
		<Point X = "187" Y = "296" T = "0" Pressure = "0" />
		<Point X = "185" Y = "299" T = "0" Pressure = "0" />
		<Point X = "184" Y = "300" T = "0" Pressure = "0" />
		<Point X = "182" Y = "304" T = "0" Pressure = "0" />
		<Point X = "179" Y = "306" T = "0" Pressure = "0" />
		<Point X = "177" Y = "308" T = "0" Pressure = "0" />
		<Point X = "176" Y = "311" T = "0" Pressure = "0" />
		<Point X = "175" Y = "312" T = "0" Pressure = "0" />
		<Point X = "174" Y = "313" T = "0" Pressure = "0" />
		<Point X = "173" Y = "314" T = "0" Pressure = "0" />
		<Point X = "172" Y = "314" T = "0" Pressure = "0" />
		<Point X = "170" Y = "315" T = "0" Pressure = "0" />
		<Point X = "170" Y = "316" T = "0" Pressure = "0" />
		<Point X = "169" Y = "316" T = "0" Pressure = "0" />
		<Point X = "168" Y = "317" T = "0" Pressure = "0" />
		<Point X = "167" Y = "317" T = "0" Pressure = "0" />
		<Point X = "166" Y = "317" T = "0" Pressure = "0" />
		<Point X = "164" Y = "317" T = "0" Pressure = "0" />
		<Point X = "163" Y = "317" T = "0" Pressure = "0" />
		<Point X = "160" Y = "317" T = "0" Pressure = "0" />
		<Point X = "155" Y = "317" T = "0" Pressure = "0" />
		<Point X = "152" Y = "316" T = "0" Pressure = "0" />
		<Point X = "147" Y = "312" T = "0" Pressure = "0" />
		<Point X = "141" Y = "308" T = "0" Pressure = "0" />
		<Point X = "140" Y = "307" T = "0" Pressure = "0" />
		<Point X = "138" Y = "306" T = "0" Pressure = "0" />
		<Point X = "136" Y = "305" T = "0" Pressure = "0" />
		<Point X = "134" Y = "304" T = "0" Pressure = "0" />
		<Point X = "134" Y = "303" T = "0" Pressure = "0" />
		<Point X = "132" Y = "301" T = "0" Pressure = "0" />
		<Point X = "130" Y = "299" T = "0" Pressure = "0" />
		<Point X = "128" Y = "295" T = "0" Pressure = "0" />
		<Point X = "126" Y = "293" T = "0" Pressure = "0" />
		<Point X = "125" Y = "290" T = "0" Pressure = "0" />
		<Point X = "124" Y = "288" T = "0" Pressure = "0" />
		<Point X = "123" Y = "286" T = "0" Pressure = "0" />
		<Point X = "123" Y = "285" T = "0" Pressure = "0" />
		<Point X = "123" Y = "283" T = "0" Pressure = "0" />
		<Point X = "122" Y = "282" T = "0" Pressure = "0" />
		<Point X = "122" Y = "281" T = "0" Pressure = "0" />
		<Point X = "122" Y = "279" T = "0" Pressure = "0" />
		<Point X = "122" Y = "276" T = "0" Pressure = "0" />
		<Point X = "122" Y = "275" T = "0" Pressure = "0" />
		<Point X = "122" Y = "273" T = "0" Pressure = "0" />
		<Point X = "122" Y = "271" T = "0" Pressure = "0" />
		<Point X = "122" Y = "269" T = "0" Pressure = "0" />
		<Point X = "122" Y = "268" T = "0" Pressure = "0" />
		<Point X = "122" Y = "266" T = "0" Pressure = "0" />
		<Point X = "122" Y = "265" T = "0" Pressure = "0" />
		<Point X = "122" Y = "263" T = "0" Pressure = "0" />
		<Point X = "122" Y = "261" T = "0" Pressure = "0" />
		<Point X = "123" Y = "258" T = "0" Pressure = "0" />
		<Point X = "125" Y = "257" T = "0" Pressure = "0" />
		<Point X = "125" Y = "255" T = "0" Pressure = "0" />
		<Point X = "128" Y = "252" T = "0" Pressure = "0" />
		<Point X = "129" Y = "250" T = "0" Pressure = "0" />
		<Point X = "132" Y = "248" T = "0" Pressure = "0" />
		<Point X = "132" Y = "246" T = "0" Pressure = "0" />
		<Point X = "133" Y = "244" T = "0" Pressure = "0" />
		<Point X = "134" Y = "243" T = "0" Pressure = "0" />
		<Point X = "135" Y = "242" T = "0" Pressure = "0" />
		<Point X = "136" Y = "241" T = "0" Pressure = "0" />
		<Point X = "137" Y = "241" T = "0" Pressure = "0" />
		<Point X = "138" Y = "241" T = "0" Pressure = "0" />
		<Point X = "140" Y = "241" T = "0" Pressure = "0" />
		<Point X = "142" Y = "241" T = "0" Pressure = "0" />
		<Point X = "143" Y = "240" T = "0" Pressure = "0" />
		<Point X = "145" Y = "240" T = "0" Pressure = "0" />
		<Point X = "148" Y = "240" T = "0" Pressure = "0" />
		<Point X = "148" Y = "239" T = "0" Pressure = "0" />
		<Point X = "150" Y = "238" T = "0" Pressure = "0" />
		<Point X = "151" Y = "238" T = "0" Pressure = "0" />
		<Point X = "152" Y = "238" T = "0" Pressure = "0" />
		<Point X = "153" Y = "238" T = "0" Pressure = "0" />
		<Point X = "154" Y = "238" T = "0" Pressure = "0" />
		<Point X = "156" Y = "238" T = "0" Pressure = "0" />
		<Point X = "158" Y = "238" T = "0" Pressure = "0" />
		<Point X = "161" Y = "239" T = "0" Pressure = "0" />
		<Point X = "163" Y = "241" T = "0" Pressure = "0" />
		<Point X = "165" Y = "243" T = "0" Pressure = "0" />
		<Point X = "167" Y = "245" T = "0" Pressure = "0" />
		<Point X = "169" Y = "248" T = "0" Pressure = "0" />
		<Point X = "170" Y = "250" T = "0" Pressure = "0" />
		<Point X = "171" Y = "253" T = "0" Pressure = "0" />
		<Point X = "171" Y = "256" T = "0" Pressure = "0" />
		<Point X = "173" Y = "259" T = "0" Pressure = "0" />
		<Point X = "173" Y = "261" T = "0" Pressure = "0" />
		<Point X = "173" Y = "264" T = "0" Pressure = "0" />
		<Point X = "173" Y = "265" T = "0" Pressure = "0" />
		<Point X = "173" Y = "266" T = "0" Pressure = "0" />
		<Point X = "173" Y = "267" T = "0" Pressure = "0" />
		<Point X = "173" Y = "268" T = "0" Pressure = "0" />
		<Point X = "173" Y = "269" T = "0" Pressure = "0" />
		<Point X = "173" Y = "271" T = "0" Pressure = "0" />
		<Point X = "173" Y = "274" T = "0" Pressure = "0" />
		<Point X = "172" Y = "275" T = "0" Pressure = "0" />
		<Point X = "172" Y = "277" T = "0" Pressure = "0" />
		<Point X = "169" Y = "280" T = "0" Pressure = "0" />
		<Point X = "169" Y = "281" T = "0" Pressure = "0" />
		<Point X = "168" Y = "282" T = "0" Pressure = "0" />
		<Point X = "167" Y = "282" T = "0" Pressure = "0" />
		<Point X = "166" Y = "283" T = "0" Pressure = "0" />
		<Point X = "164" Y = "284" T = "0" Pressure = "0" />
		<Point X = "163" Y = "284" T = "0" Pressure = "0" />
		<Point X = "161" Y = "284" T = "0" Pressure = "0" />
		<Point X = "160" Y = "284" T = "0" Pressure = "0" />
		<Point X = "158" Y = "284" T = "0" Pressure = "0" />
		<Point X = "157" Y = "284" T = "0" Pressure = "0" />
		<Point X = "156" Y = "284" T = "0" Pressure = "0" />
		<Point X = "154" Y = "284" T = "0" Pressure = "0" />
		<Point X = "153" Y = "284" T = "0" Pressure = "0" />
		<Point X = "151" Y = "283" T = "0" Pressure = "0" />
		<Point X = "150" Y = "282" T = "0" Pressure = "0" />
		<Point X = "149" Y = "282" T = "0" Pressure = "0" />
		<Point X = "148" Y = "281" T = "0" Pressure = "0" />
		<Point X = "147" Y = "280" T = "0" Pressure = "0" />
		<Point X = "147" Y = "279" T = "0" Pressure = "0" />
		<Point X = "146" Y = "279" T = "0" Pressure = "0" />
		<Point X = "146" Y = "278" T = "0" Pressure = "0" />
		<Point X = "144" Y = "275" T = "0" Pressure = "0" />
		<Point X = "143" Y = "273" T = "0" Pressure = "0" />
		<Point X = "143" Y = "271" T = "0" Pressure = "0" />
		<Point X = "142" Y = "269" T = "0" Pressure = "0" />
		<Point X = "140" Y = "267" T = "0" Pressure = "0" />
		<Point X = "140" Y = "265" T = "0" Pressure = "0" />
		<Point X = "140" Y = "264" T = "0" Pressure = "0" />
		<Point X = "140" Y = "263" T = "0" Pressure = "0" />
		<Point X = "140" Y = "262" T = "0" Pressure = "0" />
		<Point X = "142" Y = "260" T = "0" Pressure = "0" />
		<Point X = "144" Y = "259" T = "0" Pressure = "0" />
		<Point X = "144" Y = "258" T = "0" Pressure = "0" />
		<Point X = "145" Y = "258" T = "0" Pressure = "0" />
		<Point X = "146" Y = "258" T = "0" Pressure = "0" />
		<Point X = "147" Y = "258" T = "0" Pressure = "0" />
		<Point X = "148" Y = "258" T = "0" Pressure = "0" />
		<Point X = "149" Y = "258" T = "0" Pressure = "0" />
		<Point X = "150" Y = "258" T = "0" Pressure = "0" />
		<Point X = "151" Y = "258" T = "0" Pressure = "0" />
		<Point X = "152" Y = "258" T = "0" Pressure = "0" />
		<Point X = "153" Y = "259" T = "0" Pressure = "0" />
		<Point X = "154" Y = "259" T = "0" Pressure = "0" />
		<Point X = "155" Y = "261" T = "0" Pressure = "0" />
		<Point X = "156" Y = "262" T = "0" Pressure = "0" />
		<Point X = "156" Y = "263" T = "0" Pressure = "0" />
		<Point X = "156" Y = "264" T = "0" Pressure = "0" />
	</Stroke>
</Gesture>
