<?xml version="1.0" encoding="utf-8" standalone="yes"?>
<Gesture Name = "spiral">
	<Stroke>
		<Point X = "260" Y = "24" T = "0" Pressure = "0" />
		<Point X = "258" Y = "24" T = "0" Pressure = "0" />
		<Point X = "257" Y = "24" T = "0" Pressure = "0" />
		<Point X = "256" Y = "24" T = "0" Pressure = "0" />
		<Point X = "253" Y = "24" T = "0" Pressure = "0" />
		<Point X = "250" Y = "24" T = "0" Pressure = "0" />
		<Point X = "245" Y = "24" T = "0" Pressure = "0" />
		<Point X = "240" Y = "24" T = "0" Pressure = "0" />
		<Point X = "235" Y = "24" T = "0" Pressure = "0" />
		<Point X = "229" Y = "25" T = "0" Pressure = "0" />
		<Point X = "222" Y = "27" T = "0" Pressure = "0" />
		<Point X = "216" Y = "29" T = "0" Pressure = "0" />
		<Point X = "210" Y = "32" T = "0" Pressure = "0" />
		<Point X = "204" Y = "35" T = "0" Pressure = "0" />
		<Point X = "199" Y = "38" T = "0" Pressure = "0" />
		<Point X = "194" Y = "40" T = "0" Pressure = "0" />
		<Point X = "191" Y = "43" T = "0" Pressure = "0" />
		<Point X = "189" Y = "44" T = "0" Pressure = "0" />
		<Point X = "186" Y = "47" T = "0" Pressure = "0" />
		<Point X = "184" Y = "48" T = "0" Pressure = "0" />
		<Point X = "182" Y = "51" T = "0" Pressure = "0" />
		<Point X = "179" Y = "53" T = "0" Pressure = "0" />
		<Point X = "177" Y = "56" T = "0" Pressure = "0" />
		<Point X = "175" Y = "58" T = "0" Pressure = "0" />
		<Point X = "171" Y = "63" T = "0" Pressure = "0" />
		<Point X = "167" Y = "69" T = "0" Pressure = "0" />
		<Point X = "165" Y = "74" T = "0" Pressure = "0" />
		<Point X = "163" Y = "80" T = "0" Pressure = "0" />
		<Point X = "161" Y = "83" T = "0" Pressure = "0" />
		<Point X = "160" Y = "89" T = "0" Pressure = "0" />
		<Point X = "157" Y = "92" T = "0" Pressure = "0" />
		<Point X = "157" Y = "97" T = "0" Pressure = "0" />
		<Point X = "156" Y = "100" T = "0" Pressure = "0" />
		<Point X = "154" Y = "104" T = "0" Pressure = "0" />
		<Point X = "154" Y = "108" T = "0" Pressure = "0" />
		<Point X = "154" Y = "111" T = "0" Pressure = "0" />
		<Point X = "153" Y = "117" T = "0" Pressure = "0" />
		<Point X = "153" Y = "121" T = "0" Pressure = "0" />
		<Point X = "153" Y = "127" T = "0" Pressure = "0" />
		<Point X = "153" Y = "130" T = "0" Pressure = "0" />
		<Point X = "154" Y = "132" T = "0" Pressure = "0" />
		<Point X = "154" Y = "135" T = "0" Pressure = "0" />
		<Point X = "157" Y = "140" T = "0" Pressure = "0" />
		<Point X = "158" Y = "141" T = "0" Pressure = "0" />
		<Point X = "159" Y = "144" T = "0" Pressure = "0" />
		<Point X = "162" Y = "147" T = "0" Pressure = "0" />
		<Point X = "164" Y = "151" T = "0" Pressure = "0" />
		<Point X = "166" Y = "154" T = "0" Pressure = "0" />
		<Point X = "167" Y = "155" T = "0" Pressure = "0" />
		<Point X = "170" Y = "157" T = "0" Pressure = "0" />
		<Point X = "172" Y = "158" T = "0" Pressure = "0" />
		<Point X = "175" Y = "159" T = "0" Pressure = "0" />
		<Point X = "177" Y = "159" T = "0" Pressure = "0" />
		<Point X = "181" Y = "160" T = "0" Pressure = "0" />
		<Point X = "186" Y = "160" T = "0" Pressure = "0" />
		<Point X = "191" Y = "161" T = "0" Pressure = "0" />
		<Point X = "198" Y = "162" T = "0" Pressure = "0" />
		<Point X = "204" Y = "162" T = "0" Pressure = "0" />
		<Point X = "210" Y = "164" T = "0" Pressure = "0" />
		<Point X = "216" Y = "165" T = "0" Pressure = "0" />
		<Point X = "223" Y = "165" T = "0" Pressure = "0" />
		<Point X = "229" Y = "165" T = "0" Pressure = "0" />
		<Point X = "232" Y = "165" T = "0" Pressure = "0" />
		<Point X = "235" Y = "165" T = "0" Pressure = "0" />
		<Point X = "237" Y = "165" T = "0" Pressure = "0" />
		<Point X = "240" Y = "165" T = "0" Pressure = "0" />
		<Point X = "242" Y = "164" T = "0" Pressure = "0" />
		<Point X = "244" Y = "163" T = "0" Pressure = "0" />
		<Point X = "249" Y = "160" T = "0" Pressure = "0" />
		<Point X = "254" Y = "156" T = "0" Pressure = "0" />
		<Point X = "260" Y = "153" T = "0" Pressure = "0" />
		<Point X = "267" Y = "149" T = "0" Pressure = "0" />
		<Point X = "275" Y = "144" T = "0" Pressure = "0" />
		<Point X = "281" Y = "141" T = "0" Pressure = "0" />
		<Point X = "284" Y = "139" T = "0" Pressure = "0" />
		<Point X = "289" Y = "136" T = "0" Pressure = "0" />
		<Point X = "292" Y = "133" T = "0" Pressure = "0" />
		<Point X = "294" Y = "131" T = "0" Pressure = "0" />
		<Point X = "297" Y = "125" T = "0" Pressure = "0" />
		<Point X = "298" Y = "122" T = "0" Pressure = "0" />
		<Point X = "298" Y = "116" T = "0" Pressure = "0" />
		<Point X = "298" Y = "109" T = "0" Pressure = "0" />
		<Point X = "298" Y = "103" T = "0" Pressure = "0" />
		<Point X = "298" Y = "98" T = "0" Pressure = "0" />
		<Point X = "298" Y = "94" T = "0" Pressure = "0" />
		<Point X = "298" Y = "89" T = "0" Pressure = "0" />
		<Point X = "298" Y = "84" T = "0" Pressure = "0" />
		<Point X = "296" Y = "78" T = "0" Pressure = "0" />
		<Point X = "295" Y = "75" T = "0" Pressure = "0" />
		<Point X = "292" Y = "72" T = "0" Pressure = "0" />
		<Point X = "291" Y = "68" T = "0" Pressure = "0" />
		<Point X = "287" Y = "64" T = "0" Pressure = "0" />
		<Point X = "285" Y = "62" T = "0" Pressure = "0" />
		<Point X = "282" Y = "59" T = "0" Pressure = "0" />
		<Point X = "279" Y = "57" T = "0" Pressure = "0" />
		<Point X = "274" Y = "54" T = "0" Pressure = "0" />
		<Point X = "271" Y = "53" T = "0" Pressure = "0" />
		<Point X = "268" Y = "53" T = "0" Pressure = "0" />
		<Point X = "266" Y = "53" T = "0" Pressure = "0" />
		<Point X = "264" Y = "53" T = "0" Pressure = "0" />
		<Point X = "263" Y = "53" T = "0" Pressure = "0" />
		<Point X = "260" Y = "53" T = "0" Pressure = "0" />
		<Point X = "257" Y = "53" T = "0" Pressure = "0" />
		<Point X = "255" Y = "53" T = "0" Pressure = "0" />
		<Point X = "252" Y = "53" T = "0" Pressure = "0" />
		<Point X = "249" Y = "53" T = "0" Pressure = "0" />
		<Point X = "246" Y = "53" T = "0" Pressure = "0" />
		<Point X = "244" Y = "53" T = "0" Pressure = "0" />
		<Point X = "241" Y = "53" T = "0" Pressure = "0" />
		<Point X = "236" Y = "53" T = "0" Pressure = "0" />
		<Point X = "231" Y = "55" T = "0" Pressure = "0" />
		<Point X = "226" Y = "57" T = "0" Pressure = "0" />
		<Point X = "223" Y = "59" T = "0" Pressure = "0" />
		<Point X = "219" Y = "61" T = "0" Pressure = "0" />
		<Point X = "217" Y = "63" T = "0" Pressure = "0" />
		<Point X = "215" Y = "64" T = "0" Pressure = "0" />
		<Point X = "211" Y = "68" T = "0" Pressure = "0" />
		<Point X = "206" Y = "71" T = "0" Pressure = "0" />
		<Point X = "204" Y = "74" T = "0" Pressure = "0" />
		<Point X = "200" Y = "78" T = "0" Pressure = "0" />
		<Point X = "197" Y = "83" T = "0" Pressure = "0" />
		<Point X = "195" Y = "87" T = "0" Pressure = "0" />
		<Point X = "193" Y = "92" T = "0" Pressure = "0" />
		<Point X = "191" Y = "97" T = "0" Pressure = "0" />
		<Point X = "191" Y = "101" T = "0" Pressure = "0" />
		<Point X = "191" Y = "105" T = "0" Pressure = "0" />
		<Point X = "191" Y = "108" T = "0" Pressure = "0" />
		<Point X = "191" Y = "111" T = "0" Pressure = "0" />
		<Point X = "191" Y = "112" T = "0" Pressure = "0" />
		<Point X = "191" Y = "116" T = "0" Pressure = "0" />
		<Point X = "191" Y = "120" T = "0" Pressure = "0" />
		<Point X = "193" Y = "124" T = "0" Pressure = "0" />
		<Point X = "197" Y = "129" T = "0" Pressure = "0" />
		<Point X = "199" Y = "131" T = "0" Pressure = "0" />
		<Point X = "201" Y = "135" T = "0" Pressure = "0" />
		<Point X = "202" Y = "135" T = "0" Pressure = "0" />
		<Point X = "204" Y = "136" T = "0" Pressure = "0" />
		<Point X = "206" Y = "136" T = "0" Pressure = "0" />
		<Point X = "208" Y = "136" T = "0" Pressure = "0" />
		<Point X = "209" Y = "136" T = "0" Pressure = "0" />
		<Point X = "211" Y = "136" T = "0" Pressure = "0" />
		<Point X = "215" Y = "136" T = "0" Pressure = "0" />
		<Point X = "219" Y = "136" T = "0" Pressure = "0" />
		<Point X = "223" Y = "136" T = "0" Pressure = "0" />
		<Point X = "226" Y = "136" T = "0" Pressure = "0" />
		<Point X = "228" Y = "136" T = "0" Pressure = "0" />
		<Point X = "230" Y = "136" T = "0" Pressure = "0" />
		<Point X = "233" Y = "136" T = "0" Pressure = "0" />
		<Point X = "235" Y = "136" T = "0" Pressure = "0" />
		<Point X = "238" Y = "136" T = "0" Pressure = "0" />
		<Point X = "239" Y = "136" T = "0" Pressure = "0" />
		<Point X = "241" Y = "133" T = "0" Pressure = "0" />
		<Point X = "242" Y = "133" T = "0" Pressure = "0" />
		<Point X = "243" Y = "131" T = "0" Pressure = "0" />
		<Point X = "244" Y = "129" T = "0" Pressure = "0" />
		<Point X = "245" Y = "128" T = "0" Pressure = "0" />
		<Point X = "246" Y = "127" T = "0" Pressure = "0" />
		<Point X = "247" Y = "124" T = "0" Pressure = "0" />
		<Point X = "248" Y = "121" T = "0" Pressure = "0" />
		<Point X = "248" Y = "119" T = "0" Pressure = "0" />
		<Point X = "248" Y = "116" T = "0" Pressure = "0" />
		<Point X = "249" Y = "112" T = "0" Pressure = "0" />
		<Point X = "249" Y = "109" T = "0" Pressure = "0" />
		<Point X = "249" Y = "104" T = "0" Pressure = "0" />
		<Point X = "249" Y = "102" T = "0" Pressure = "0" />
		<Point X = "249" Y = "99" T = "0" Pressure = "0" />
		<Point X = "248" Y = "97" T = "0" Pressure = "0" />
		<Point X = "248" Y = "96" T = "0" Pressure = "0" />
		<Point X = "247" Y = "94" T = "0" Pressure = "0" />
		<Point X = "247" Y = "93" T = "0" Pressure = "0" />
		<Point X = "245" Y = "92" T = "0" Pressure = "0" />
		<Point X = "243" Y = "92" T = "0" Pressure = "0" />
		<Point X = "242" Y = "92" T = "0" Pressure = "0" />
		<Point X = "241" Y = "92" T = "0" Pressure = "0" />
		<Point X = "240" Y = "92" T = "0" Pressure = "0" />
		<Point X = "238" Y = "92" T = "0" Pressure = "0" />
		<Point X = "237" Y = "92" T = "0" Pressure = "0" />
		<Point X = "236" Y = "92" T = "0" Pressure = "0" />
		<Point X = "235" Y = "92" T = "0" Pressure = "0" />
		<Point X = "234" Y = "92" T = "0" Pressure = "0" />
		<Point X = "233" Y = "92" T = "0" Pressure = "0" />
		<Point X = "232" Y = "92" T = "0" Pressure = "0" />
		<Point X = "230" Y = "92" T = "0" Pressure = "0" />
		<Point X = "228" Y = "92" T = "0" Pressure = "0" />
		<Point X = "228" Y = "93" T = "0" Pressure = "0" />
		<Point X = "227" Y = "93" T = "0" Pressure = "0" />
		<Point X = "226" Y = "94" T = "0" Pressure = "0" />
		<Point X = "223" Y = "97" T = "0" Pressure = "0" />
		<Point X = "222" Y = "98" T = "0" Pressure = "0" />
		<Point X = "218" Y = "102" T = "0" Pressure = "0" />
		<Point X = "217" Y = "103" T = "0" Pressure = "0" />
		<Point X = "217" Y = "104" T = "0" Pressure = "0" />
		<Point X = "217" Y = "105" T = "0" Pressure = "0" />
		<Point X = "217" Y = "106" T = "0" Pressure = "0" />
		<Point X = "217" Y = "108" T = "0" Pressure = "0" />
		<Point X = "217" Y = "109" T = "0" Pressure = "0" />
		<Point X = "215" Y = "110" T = "0" Pressure = "0" />
		<Point X = "215" Y = "111" T = "0" Pressure = "0" />
		<Point X = "215" Y = "112" T = "0" Pressure = "0" />
		<Point X = "215" Y = "114" T = "0" Pressure = "0" />
		<Point X = "215" Y = "116" T = "0" Pressure = "0" />
		<Point X = "215" Y = "117" T = "0" Pressure = "0" />
		<Point X = "215" Y = "118" T = "0" Pressure = "0" />
		<Point X = "215" Y = "120" T = "0" Pressure = "0" />
		<Point X = "216" Y = "120" T = "0" Pressure = "0" />
		<Point X = "217" Y = "120" T = "0" Pressure = "0" />
		<Point X = "218" Y = "120" T = "0" Pressure = "0" />
		<Point X = "219" Y = "120" T = "0" Pressure = "0" />
		<Point X = "220" Y = "120" T = "0" Pressure = "0" />
		<Point X = "220" Y = "119" T = "0" Pressure = "0" />
		<Point X = "221" Y = "118" T = "0" Pressure = "0" />
		<Point X = "222" Y = "117" T = "0" Pressure = "0" />
		<Point X = "223" Y = "117" T = "0" Pressure = "0" />
		<Point X = "223" Y = "116" T = "0" Pressure = "0" />
		<Point X = "224" Y = "115" T = "0" Pressure = "0" />
		<Point X = "225" Y = "115" T = "0" Pressure = "0" />
		<Point X = "225" Y = "114" T = "0" Pressure = "0" />
		<Point X = "225" Y = "113" T = "0" Pressure = "0" />
		<Point X = "227" Y = "112" T = "0" Pressure = "0" />
		<Point X = "227" Y = "111" T = "0" Pressure = "0" />
		<Point X = "227" Y = "110" T = "0" Pressure = "0" />
	</Stroke>
</Gesture>
