<?xml version="1.0" encoding="utf-8" standalone="yes"?>
<Gesture Name = "spiral">
	<Stroke>
		<Point X = "165" Y = "251" T = "0" Pressure = "0" />
		<Point X = "165" Y = "246" T = "0" Pressure = "0" />
		<Point X = "162" Y = "242" T = "0" Pressure = "0" />
		<Point X = "160" Y = "236" T = "0" Pressure = "0" />
		<Point X = "157" Y = "230" T = "0" Pressure = "0" />
		<Point X = "155" Y = "221" T = "0" Pressure = "0" />
		<Point X = "151" Y = "215" T = "0" Pressure = "0" />
		<Point X = "150" Y = "212" T = "0" Pressure = "0" />
		<Point X = "148" Y = "207" T = "0" Pressure = "0" />
		<Point X = "146" Y = "201" T = "0" Pressure = "0" />
		<Point X = "145" Y = "197" T = "0" Pressure = "0" />
		<Point X = "143" Y = "190" T = "0" Pressure = "0" />
		<Point X = "142" Y = "181" T = "0" Pressure = "0" />
		<Point X = "141" Y = "172" T = "0" Pressure = "0" />
		<Point X = "141" Y = "165" T = "0" Pressure = "0" />
		<Point X = "141" Y = "155" T = "0" Pressure = "0" />
		<Point X = "141" Y = "147" T = "0" Pressure = "0" />
		<Point X = "141" Y = "139" T = "0" Pressure = "0" />
		<Point X = "142" Y = "128" T = "0" Pressure = "0" />
		<Point X = "144" Y = "119" T = "0" Pressure = "0" />
		<Point X = "148" Y = "109" T = "0" Pressure = "0" />
		<Point X = "151" Y = "101" T = "0" Pressure = "0" />
		<Point X = "155" Y = "93" T = "0" Pressure = "0" />
		<Point X = "159" Y = "87" T = "0" Pressure = "0" />
		<Point X = "163" Y = "81" T = "0" Pressure = "0" />
		<Point X = "165" Y = "80" T = "0" Pressure = "0" />
		<Point X = "168" Y = "76" T = "0" Pressure = "0" />
		<Point X = "173" Y = "74" T = "0" Pressure = "0" />
		<Point X = "176" Y = "73" T = "0" Pressure = "0" />
		<Point X = "183" Y = "72" T = "0" Pressure = "0" />
		<Point X = "193" Y = "72" T = "0" Pressure = "0" />
		<Point X = "202" Y = "72" T = "0" Pressure = "0" />
		<Point X = "216" Y = "72" T = "0" Pressure = "0" />
		<Point X = "231" Y = "72" T = "0" Pressure = "0" />
		<Point X = "243" Y = "75" T = "0" Pressure = "0" />
		<Point X = "255" Y = "78" T = "0" Pressure = "0" />
		<Point X = "265" Y = "82" T = "0" Pressure = "0" />
		<Point X = "271" Y = "85" T = "0" Pressure = "0" />
		<Point X = "275" Y = "88" T = "0" Pressure = "0" />
		<Point X = "277" Y = "90" T = "0" Pressure = "0" />
		<Point X = "280" Y = "94" T = "0" Pressure = "0" />
		<Point X = "282" Y = "102" T = "0" Pressure = "0" />
		<Point X = "285" Y = "109" T = "0" Pressure = "0" />
		<Point X = "287" Y = "115" T = "0" Pressure = "0" />
		<Point X = "290" Y = "123" T = "0" Pressure = "0" />
		<Point X = "292" Y = "134" T = "0" Pressure = "0" />
		<Point X = "295" Y = "144" T = "0" Pressure = "0" />
		<Point X = "298" Y = "155" T = "0" Pressure = "0" />
		<Point X = "300" Y = "168" T = "0" Pressure = "0" />
		<Point X = "301" Y = "182" T = "0" Pressure = "0" />
		<Point X = "304" Y = "199" T = "0" Pressure = "0" />
		<Point X = "304" Y = "219" T = "0" Pressure = "0" />
		<Point X = "304" Y = "238" T = "0" Pressure = "0" />
		<Point X = "304" Y = "258" T = "0" Pressure = "0" />
		<Point X = "304" Y = "269" T = "0" Pressure = "0" />
		<Point X = "304" Y = "278" T = "0" Pressure = "0" />
		<Point X = "302" Y = "283" T = "0" Pressure = "0" />
		<Point X = "300" Y = "285" T = "0" Pressure = "0" />
		<Point X = "299" Y = "287" T = "0" Pressure = "0" />
		<Point X = "296" Y = "288" T = "0" Pressure = "0" />
		<Point X = "293" Y = "288" T = "0" Pressure = "0" />
		<Point X = "290" Y = "288" T = "0" Pressure = "0" />
		<Point X = "286" Y = "288" T = "0" Pressure = "0" />
		<Point X = "283" Y = "288" T = "0" Pressure = "0" />
		<Point X = "281" Y = "287" T = "0" Pressure = "0" />
		<Point X = "275" Y = "285" T = "0" Pressure = "0" />
		<Point X = "268" Y = "281" T = "0" Pressure = "0" />
		<Point X = "258" Y = "275" T = "0" Pressure = "0" />
		<Point X = "245" Y = "268" T = "0" Pressure = "0" />
		<Point X = "231" Y = "259" T = "0" Pressure = "0" />
		<Point X = "220" Y = "256" T = "0" Pressure = "0" />
		<Point X = "210" Y = "252" T = "0" Pressure = "0" />
		<Point X = "202" Y = "247" T = "0" Pressure = "0" />
		<Point X = "195" Y = "245" T = "0" Pressure = "0" />
		<Point X = "192" Y = "243" T = "0" Pressure = "0" />
		<Point X = "189" Y = "241" T = "0" Pressure = "0" />
		<Point X = "186" Y = "239" T = "0" Pressure = "0" />
		<Point X = "185" Y = "236" T = "0" Pressure = "0" />
		<Point X = "181" Y = "232" T = "0" Pressure = "0" />
		<Point X = "179" Y = "226" T = "0" Pressure = "0" />
		<Point X = "176" Y = "220" T = "0" Pressure = "0" />
		<Point X = "175" Y = "210" T = "0" Pressure = "0" />
		<Point X = "174" Y = "203" T = "0" Pressure = "0" />
		<Point X = "172" Y = "193" T = "0" Pressure = "0" />
		<Point X = "172" Y = "184" T = "0" Pressure = "0" />
		<Point X = "172" Y = "176" T = "0" Pressure = "0" />
		<Point X = "172" Y = "167" T = "0" Pressure = "0" />
		<Point X = "172" Y = "162" T = "0" Pressure = "0" />
		<Point X = "172" Y = "155" T = "0" Pressure = "0" />
		<Point X = "172" Y = "149" T = "0" Pressure = "0" />
		<Point X = "172" Y = "146" T = "0" Pressure = "0" />
		<Point X = "172" Y = "144" T = "0" Pressure = "0" />
		<Point X = "175" Y = "140" T = "0" Pressure = "0" />
		<Point X = "178" Y = "136" T = "0" Pressure = "0" />
		<Point X = "180" Y = "134" T = "0" Pressure = "0" />
		<Point X = "184" Y = "130" T = "0" Pressure = "0" />
		<Point X = "186" Y = "126" T = "0" Pressure = "0" />
		<Point X = "188" Y = "122" T = "0" Pressure = "0" />
		<Point X = "190" Y = "119" T = "0" Pressure = "0" />
		<Point X = "194" Y = "116" T = "0" Pressure = "0" />
		<Point X = "197" Y = "113" T = "0" Pressure = "0" />
		<Point X = "199" Y = "111" T = "0" Pressure = "0" />
		<Point X = "203" Y = "107" T = "0" Pressure = "0" />
		<Point X = "208" Y = "103" T = "0" Pressure = "0" />
		<Point X = "212" Y = "100" T = "0" Pressure = "0" />
		<Point X = "217" Y = "100" T = "0" Pressure = "0" />
		<Point X = "220" Y = "99" T = "0" Pressure = "0" />
		<Point X = "223" Y = "97" T = "0" Pressure = "0" />
		<Point X = "226" Y = "97" T = "0" Pressure = "0" />
		<Point X = "228" Y = "97" T = "0" Pressure = "0" />
		<Point X = "230" Y = "97" T = "0" Pressure = "0" />
		<Point X = "231" Y = "98" T = "0" Pressure = "0" />
		<Point X = "233" Y = "100" T = "0" Pressure = "0" />
		<Point X = "235" Y = "103" T = "0" Pressure = "0" />
		<Point X = "236" Y = "108" T = "0" Pressure = "0" />
		<Point X = "237" Y = "112" T = "0" Pressure = "0" />
		<Point X = "237" Y = "119" T = "0" Pressure = "0" />
		<Point X = "239" Y = "125" T = "0" Pressure = "0" />
		<Point X = "240" Y = "132" T = "0" Pressure = "0" />
		<Point X = "241" Y = "138" T = "0" Pressure = "0" />
		<Point X = "242" Y = "145" T = "0" Pressure = "0" />
		<Point X = "244" Y = "151" T = "0" Pressure = "0" />
		<Point X = "245" Y = "154" T = "0" Pressure = "0" />
		<Point X = "245" Y = "157" T = "0" Pressure = "0" />
		<Point X = "246" Y = "160" T = "0" Pressure = "0" />
		<Point X = "246" Y = "161" T = "0" Pressure = "0" />
		<Point X = "246" Y = "164" T = "0" Pressure = "0" />
		<Point X = "246" Y = "168" T = "0" Pressure = "0" />
		<Point X = "246" Y = "171" T = "0" Pressure = "0" />
		<Point X = "246" Y = "173" T = "0" Pressure = "0" />
		<Point X = "246" Y = "177" T = "0" Pressure = "0" />
		<Point X = "245" Y = "182" T = "0" Pressure = "0" />
		<Point X = "244" Y = "187" T = "0" Pressure = "0" />
		<Point X = "243" Y = "193" T = "0" Pressure = "0" />
		<Point X = "240" Y = "198" T = "0" Pressure = "0" />
		<Point X = "239" Y = "200" T = "0" Pressure = "0" />
		<Point X = "239" Y = "202" T = "0" Pressure = "0" />
		<Point X = "238" Y = "203" T = "0" Pressure = "0" />
		<Point X = "237" Y = "205" T = "0" Pressure = "0" />
		<Point X = "236" Y = "205" T = "0" Pressure = "0" />
		<Point X = "235" Y = "206" T = "0" Pressure = "0" />
		<Point X = "234" Y = "206" T = "0" Pressure = "0" />
		<Point X = "231" Y = "206" T = "0" Pressure = "0" />
		<Point X = "229" Y = "206" T = "0" Pressure = "0" />
		<Point X = "226" Y = "205" T = "0" Pressure = "0" />
		<Point X = "224" Y = "204" T = "0" Pressure = "0" />
		<Point X = "222" Y = "202" T = "0" Pressure = "0" />
		<Point X = "220" Y = "201" T = "0" Pressure = "0" />
		<Point X = "219" Y = "201" T = "0" Pressure = "0" />
		<Point X = "216" Y = "200" T = "0" Pressure = "0" />
		<Point X = "215" Y = "199" T = "0" Pressure = "0" />
		<Point X = "213" Y = "198" T = "0" Pressure = "0" />
		<Point X = "212" Y = "197" T = "0" Pressure = "0" />
		<Point X = "211" Y = "197" T = "0" Pressure = "0" />
		<Point X = "211" Y = "196" T = "0" Pressure = "0" />
		<Point X = "210" Y = "195" T = "0" Pressure = "0" />
		<Point X = "208" Y = "191" T = "0" Pressure = "0" />
		<Point X = "207" Y = "187" T = "0" Pressure = "0" />
		<Point X = "207" Y = "184" T = "0" Pressure = "0" />
		<Point X = "207" Y = "180" T = "0" Pressure = "0" />
		<Point X = "207" Y = "176" T = "0" Pressure = "0" />
		<Point X = "207" Y = "174" T = "0" Pressure = "0" />
		<Point X = "207" Y = "170" T = "0" Pressure = "0" />
		<Point X = "207" Y = "167" T = "0" Pressure = "0" />
		<Point X = "207" Y = "165" T = "0" Pressure = "0" />
		<Point X = "207" Y = "163" T = "0" Pressure = "0" />
		<Point X = "208" Y = "161" T = "0" Pressure = "0" />
		<Point X = "208" Y = "160" T = "0" Pressure = "0" />
		<Point X = "208" Y = "158" T = "0" Pressure = "0" />
		<Point X = "209" Y = "157" T = "0" Pressure = "0" />
		<Point X = "210" Y = "156" T = "0" Pressure = "0" />
		<Point X = "211" Y = "155" T = "0" Pressure = "0" />
		<Point X = "212" Y = "154" T = "0" Pressure = "0" />
		<Point X = "214" Y = "151" T = "0" Pressure = "0" />
		<Point X = "215" Y = "150" T = "0" Pressure = "0" />
		<Point X = "217" Y = "148" T = "0" Pressure = "0" />
		<Point X = "219" Y = "146" T = "0" Pressure = "0" />
		<Point X = "221" Y = "145" T = "0" Pressure = "0" />
		<Point X = "222" Y = "145" T = "0" Pressure = "0" />
		<Point X = "223" Y = "145" T = "0" Pressure = "0" />
		<Point X = "224" Y = "145" T = "0" Pressure = "0" />
		<Point X = "226" Y = "147" T = "0" Pressure = "0" />
		<Point X = "226" Y = "149" T = "0" Pressure = "0" />
		<Point X = "227" Y = "151" T = "0" Pressure = "0" />
		<Point X = "228" Y = "153" T = "0" Pressure = "0" />
		<Point X = "229" Y = "155" T = "0" Pressure = "0" />
		<Point X = "229" Y = "157" T = "0" Pressure = "0" />
		<Point X = "229" Y = "158" T = "0" Pressure = "0" />
		<Point X = "229" Y = "160" T = "0" Pressure = "0" />
		<Point X = "229" Y = "161" T = "0" Pressure = "0" />
		<Point X = "229" Y = "162" T = "0" Pressure = "0" />
		<Point X = "229" Y = "163" T = "0" Pressure = "0" />
		<Point X = "229" Y = "164" T = "0" Pressure = "0" />
		<Point X = "229" Y = "165" T = "0" Pressure = "0" />
		<Point X = "229" Y = "167" T = "0" Pressure = "0" />
		<Point X = "229" Y = "168" T = "0" Pressure = "0" />
		<Point X = "229" Y = "170" T = "0" Pressure = "0" />
		<Point X = "229" Y = "171" T = "0" Pressure = "0" />
		<Point X = "229" Y = "172" T = "0" Pressure = "0" />
		<Point X = "229" Y = "173" T = "0" Pressure = "0" />
		<Point X = "229" Y = "174" T = "0" Pressure = "0" />
	</Stroke>
</Gesture>
