<?xml version="1.0" encoding="utf-8" standalone="yes"?>
<Gesture Name = "spiral">
	<Stroke>
		<Point X = "251" Y = "60" T = "0" Pressure = "0" />
		<Point X = "252" Y = "61" T = "0" Pressure = "0" />
		<Point X = "254" Y = "62" T = "0" Pressure = "0" />
		<Point X = "259" Y = "64" T = "0" Pressure = "0" />
		<Point X = "266" Y = "65" T = "0" Pressure = "0" />
		<Point X = "275" Y = "67" T = "0" Pressure = "0" />
		<Point X = "287" Y = "72" T = "0" Pressure = "0" />
		<Point X = "297" Y = "75" T = "0" Pressure = "0" />
		<Point X = "305" Y = "77" T = "0" Pressure = "0" />
		<Point X = "311" Y = "81" T = "0" Pressure = "0" />
		<Point X = "317" Y = "83" T = "0" Pressure = "0" />
		<Point X = "321" Y = "85" T = "0" Pressure = "0" />
		<Point X = "323" Y = "87" T = "0" Pressure = "0" />
		<Point X = "324" Y = "88" T = "0" Pressure = "0" />
		<Point X = "325" Y = "90" T = "0" Pressure = "0" />
		<Point X = "328" Y = "93" T = "0" Pressure = "0" />
		<Point X = "329" Y = "95" T = "0" Pressure = "0" />
		<Point X = "332" Y = "101" T = "0" Pressure = "0" />
		<Point X = "337" Y = "109" T = "0" Pressure = "0" />
		<Point X = "343" Y = "117" T = "0" Pressure = "0" />
		<Point X = "348" Y = "128" T = "0" Pressure = "0" />
		<Point X = "354" Y = "140" T = "0" Pressure = "0" />
		<Point X = "360" Y = "149" T = "0" Pressure = "0" />
		<Point X = "364" Y = "160" T = "0" Pressure = "0" />
		<Point X = "366" Y = "168" T = "0" Pressure = "0" />
		<Point X = "369" Y = "177" T = "0" Pressure = "0" />
		<Point X = "370" Y = "184" T = "0" Pressure = "0" />
		<Point X = "370" Y = "192" T = "0" Pressure = "0" />
		<Point X = "370" Y = "200" T = "0" Pressure = "0" />
		<Point X = "370" Y = "206" T = "0" Pressure = "0" />
		<Point X = "370" Y = "214" T = "0" Pressure = "0" />
		<Point X = "370" Y = "223" T = "0" Pressure = "0" />
		<Point X = "368" Y = "228" T = "0" Pressure = "0" />
		<Point X = "365" Y = "234" T = "0" Pressure = "0" />
		<Point X = "360" Y = "242" T = "0" Pressure = "0" />
		<Point X = "357" Y = "246" T = "0" Pressure = "0" />
		<Point X = "353" Y = "250" T = "0" Pressure = "0" />
		<Point X = "350" Y = "254" T = "0" Pressure = "0" />
		<Point X = "346" Y = "258" T = "0" Pressure = "0" />
		<Point X = "344" Y = "260" T = "0" Pressure = "0" />
		<Point X = "340" Y = "264" T = "0" Pressure = "0" />
		<Point X = "335" Y = "266" T = "0" Pressure = "0" />
		<Point X = "332" Y = "268" T = "0" Pressure = "0" />
		<Point X = "326" Y = "270" T = "0" Pressure = "0" />
		<Point X = "322" Y = "270" T = "0" Pressure = "0" />
		<Point X = "313" Y = "270" T = "0" Pressure = "0" />
		<Point X = "307" Y = "270" T = "0" Pressure = "0" />
		<Point X = "298" Y = "270" T = "0" Pressure = "0" />
		<Point X = "295" Y = "270" T = "0" Pressure = "0" />
		<Point X = "293" Y = "270" T = "0" Pressure = "0" />
		<Point X = "290" Y = "270" T = "0" Pressure = "0" />
		<Point X = "285" Y = "267" T = "0" Pressure = "0" />
		<Point X = "281" Y = "263" T = "0" Pressure = "0" />
		<Point X = "275" Y = "258" T = "0" Pressure = "0" />
		<Point X = "272" Y = "250" T = "0" Pressure = "0" />
		<Point X = "268" Y = "242" T = "0" Pressure = "0" />
		<Point X = "262" Y = "233" T = "0" Pressure = "0" />
		<Point X = "256" Y = "223" T = "0" Pressure = "0" />
		<Point X = "251" Y = "213" T = "0" Pressure = "0" />
		<Point X = "247" Y = "205" T = "0" Pressure = "0" />
		<Point X = "244" Y = "199" T = "0" Pressure = "0" />
		<Point X = "242" Y = "195" T = "0" Pressure = "0" />
		<Point X = "241" Y = "189" T = "0" Pressure = "0" />
		<Point X = "239" Y = "182" T = "0" Pressure = "0" />
		<Point X = "238" Y = "173" T = "0" Pressure = "0" />
		<Point X = "237" Y = "165" T = "0" Pressure = "0" />
		<Point X = "237" Y = "159" T = "0" Pressure = "0" />
		<Point X = "237" Y = "154" T = "0" Pressure = "0" />
		<Point X = "237" Y = "151" T = "0" Pressure = "0" />
		<Point X = "237" Y = "148" T = "0" Pressure = "0" />
		<Point X = "237" Y = "146" T = "0" Pressure = "0" />
		<Point X = "240" Y = "142" T = "0" Pressure = "0" />
		<Point X = "242" Y = "139" T = "0" Pressure = "0" />
		<Point X = "247" Y = "135" T = "0" Pressure = "0" />
		<Point X = "251" Y = "132" T = "0" Pressure = "0" />
		<Point X = "256" Y = "128" T = "0" Pressure = "0" />
		<Point X = "259" Y = "127" T = "0" Pressure = "0" />
		<Point X = "263" Y = "127" T = "0" Pressure = "0" />
		<Point X = "268" Y = "126" T = "0" Pressure = "0" />
		<Point X = "269" Y = "126" T = "0" Pressure = "0" />
		<Point X = "272" Y = "126" T = "0" Pressure = "0" />
		<Point X = "275" Y = "126" T = "0" Pressure = "0" />
		<Point X = "277" Y = "126" T = "0" Pressure = "0" />
		<Point X = "282" Y = "128" T = "0" Pressure = "0" />
		<Point X = "287" Y = "130" T = "0" Pressure = "0" />
		<Point X = "290" Y = "132" T = "0" Pressure = "0" />
		<Point X = "293" Y = "134" T = "0" Pressure = "0" />
		<Point X = "294" Y = "135" T = "0" Pressure = "0" />
		<Point X = "296" Y = "137" T = "0" Pressure = "0" />
		<Point X = "298" Y = "138" T = "0" Pressure = "0" />
		<Point X = "301" Y = "140" T = "0" Pressure = "0" />
		<Point X = "301" Y = "142" T = "0" Pressure = "0" />
		<Point X = "303" Y = "144" T = "0" Pressure = "0" />
		<Point X = "304" Y = "147" T = "0" Pressure = "0" />
		<Point X = "305" Y = "151" T = "0" Pressure = "0" />
		<Point X = "305" Y = "155" T = "0" Pressure = "0" />
		<Point X = "306" Y = "159" T = "0" Pressure = "0" />
		<Point X = "306" Y = "166" T = "0" Pressure = "0" />
		<Point X = "306" Y = "172" T = "0" Pressure = "0" />
		<Point X = "306" Y = "179" T = "0" Pressure = "0" />
		<Point X = "303" Y = "185" T = "0" Pressure = "0" />
		<Point X = "301" Y = "189" T = "0" Pressure = "0" />
		<Point X = "297" Y = "194" T = "0" Pressure = "0" />
		<Point X = "294" Y = "199" T = "0" Pressure = "0" />
		<Point X = "292" Y = "203" T = "0" Pressure = "0" />
		<Point X = "289" Y = "206" T = "0" Pressure = "0" />
		<Point X = "288" Y = "207" T = "0" Pressure = "0" />
		<Point X = "287" Y = "208" T = "0" Pressure = "0" />
		<Point X = "286" Y = "208" T = "0" Pressure = "0" />
		<Point X = "285" Y = "208" T = "0" Pressure = "0" />
		<Point X = "284" Y = "208" T = "0" Pressure = "0" />
		<Point X = "283" Y = "208" T = "0" Pressure = "0" />
		<Point X = "281" Y = "208" T = "0" Pressure = "0" />
		<Point X = "279" Y = "206" T = "0" Pressure = "0" />
		<Point X = "276" Y = "203" T = "0" Pressure = "0" />
		<Point X = "269" Y = "197" T = "0" Pressure = "0" />
		<Point X = "268" Y = "193" T = "0" Pressure = "0" />
		<Point X = "262" Y = "186" T = "0" Pressure = "0" />
		<Point X = "260" Y = "183" T = "0" Pressure = "0" />
		<Point X = "259" Y = "180" T = "0" Pressure = "0" />
		<Point X = "258" Y = "179" T = "0" Pressure = "0" />
		<Point X = "258" Y = "178" T = "0" Pressure = "0" />
		<Point X = "258" Y = "177" T = "0" Pressure = "0" />
		<Point X = "258" Y = "175" T = "0" Pressure = "0" />
		<Point X = "258" Y = "173" T = "0" Pressure = "0" />
		<Point X = "258" Y = "171" T = "0" Pressure = "0" />
		<Point X = "258" Y = "170" T = "0" Pressure = "0" />
		<Point X = "258" Y = "169" T = "0" Pressure = "0" />
		<Point X = "259" Y = "167" T = "0" Pressure = "0" />
		<Point X = "260" Y = "166" T = "0" Pressure = "0" />
		<Point X = "260" Y = "165" T = "0" Pressure = "0" />
		<Point X = "262" Y = "165" T = "0" Pressure = "0" />
		<Point X = "263" Y = "164" T = "0" Pressure = "0" />
		<Point X = "264" Y = "164" T = "0" Pressure = "0" />
		<Point X = "266" Y = "163" T = "0" Pressure = "0" />
		<Point X = "268" Y = "163" T = "0" Pressure = "0" />
		<Point X = "270" Y = "163" T = "0" Pressure = "0" />
		<Point X = "272" Y = "163" T = "0" Pressure = "0" />
		<Point X = "273" Y = "163" T = "0" Pressure = "0" />
		<Point X = "276" Y = "163" T = "0" Pressure = "0" />
		<Point X = "277" Y = "164" T = "0" Pressure = "0" />
		<Point X = "280" Y = "167" T = "0" Pressure = "0" />
		<Point X = "282" Y = "168" T = "0" Pressure = "0" />
		<Point X = "283" Y = "169" T = "0" Pressure = "0" />
		<Point X = "285" Y = "170" T = "0" Pressure = "0" />
		<Point X = "287" Y = "172" T = "0" Pressure = "0" />
		<Point X = "287" Y = "173" T = "0" Pressure = "0" />
		<Point X = "287" Y = "174" T = "0" Pressure = "0" />
		<Point X = "287" Y = "175" T = "0" Pressure = "0" />
		<Point X = "287" Y = "176" T = "0" Pressure = "0" />
		<Point X = "287" Y = "177" T = "0" Pressure = "0" />
		<Point X = "287" Y = "179" T = "0" Pressure = "0" />
		<Point X = "286" Y = "179" T = "0" Pressure = "0" />
		<Point X = "285" Y = "180" T = "0" Pressure = "0" />
		<Point X = "284" Y = "180" T = "0" Pressure = "0" />
		<Point X = "282" Y = "180" T = "0" Pressure = "0" />
		<Point X = "281" Y = "180" T = "0" Pressure = "0" />
		<Point X = "281" Y = "178" T = "0" Pressure = "0" />
	</Stroke>
</Gesture>
