<?xml version="1.0" encoding="utf-8" standalone="yes"?>
<Gesture Name = "spiral">
	<Stroke>
		<Point X = "255" Y = "78" T = "0" Pressure = "0" />
		<Point X = "252" Y = "78" T = "0" Pressure = "0" />
		<Point X = "248" Y = "78" T = "0" Pressure = "0" />
		<Point X = "243" Y = "78" T = "0" Pressure = "0" />
		<Point X = "236" Y = "78" T = "0" Pressure = "0" />
		<Point X = "230" Y = "78" T = "0" Pressure = "0" />
		<Point X = "221" Y = "78" T = "0" Pressure = "0" />
		<Point X = "211" Y = "81" T = "0" Pressure = "0" />
		<Point X = "201" Y = "84" T = "0" Pressure = "0" />
		<Point X = "189" Y = "89" T = "0" Pressure = "0" />
		<Point X = "176" Y = "95" T = "0" Pressure = "0" />
		<Point X = "163" Y = "104" T = "0" Pressure = "0" />
		<Point X = "154" Y = "111" T = "0" Pressure = "0" />
		<Point X = "147" Y = "118" T = "0" Pressure = "0" />
		<Point X = "141" Y = "124" T = "0" Pressure = "0" />
		<Point X = "138" Y = "130" T = "0" Pressure = "0" />
		<Point X = "134" Y = "136" T = "0" Pressure = "0" />
		<Point X = "131" Y = "145" T = "0" Pressure = "0" />
		<Point X = "128" Y = "152" T = "0" Pressure = "0" />
		<Point X = "126" Y = "160" T = "0" Pressure = "0" />
		<Point X = "124" Y = "167" T = "0" Pressure = "0" />
		<Point X = "122" Y = "176" T = "0" Pressure = "0" />
		<Point X = "120" Y = "184" T = "0" Pressure = "0" />
		<Point X = "120" Y = "193" T = "0" Pressure = "0" />
		<Point X = "120" Y = "200" T = "0" Pressure = "0" />
		<Point X = "120" Y = "208" T = "0" Pressure = "0" />
		<Point X = "120" Y = "214" T = "0" Pressure = "0" />
		<Point X = "123" Y = "220" T = "0" Pressure = "0" />
		<Point X = "127" Y = "225" T = "0" Pressure = "0" />
		<Point X = "132" Y = "230" T = "0" Pressure = "0" />
		<Point X = "140" Y = "235" T = "0" Pressure = "0" />
		<Point X = "146" Y = "239" T = "0" Pressure = "0" />
		<Point X = "153" Y = "242" T = "0" Pressure = "0" />
		<Point X = "162" Y = "245" T = "0" Pressure = "0" />
		<Point X = "171" Y = "246" T = "0" Pressure = "0" />
		<Point X = "180" Y = "247" T = "0" Pressure = "0" />
		<Point X = "189" Y = "247" T = "0" Pressure = "0" />
		<Point X = "203" Y = "247" T = "0" Pressure = "0" />
		<Point X = "215" Y = "247" T = "0" Pressure = "0" />
		<Point X = "228" Y = "243" T = "0" Pressure = "0" />
		<Point X = "239" Y = "241" T = "0" Pressure = "0" />
		<Point X = "251" Y = "237" T = "0" Pressure = "0" />
		<Point X = "263" Y = "233" T = "0" Pressure = "0" />
		<Point X = "267" Y = "232" T = "0" Pressure = "0" />
		<Point X = "270" Y = "231" T = "0" Pressure = "0" />
		<Point X = "271" Y = "230" T = "0" Pressure = "0" />
		<Point X = "272" Y = "229" T = "0" Pressure = "0" />
		<Point X = "272" Y = "225" T = "0" Pressure = "0" />
		<Point X = "272" Y = "222" T = "0" Pressure = "0" />
		<Point X = "272" Y = "216" T = "0" Pressure = "0" />
		<Point X = "272" Y = "211" T = "0" Pressure = "0" />
		<Point X = "272" Y = "204" T = "0" Pressure = "0" />
		<Point X = "272" Y = "198" T = "0" Pressure = "0" />
		<Point X = "272" Y = "193" T = "0" Pressure = "0" />
		<Point X = "272" Y = "184" T = "0" Pressure = "0" />
		<Point X = "272" Y = "178" T = "0" Pressure = "0" />
		<Point X = "269" Y = "172" T = "0" Pressure = "0" />
		<Point X = "268" Y = "168" T = "0" Pressure = "0" />
		<Point X = "265" Y = "162" T = "0" Pressure = "0" />
		<Point X = "263" Y = "159" T = "0" Pressure = "0" />
		<Point X = "262" Y = "155" T = "0" Pressure = "0" />
		<Point X = "260" Y = "151" T = "0" Pressure = "0" />
		<Point X = "259" Y = "150" T = "0" Pressure = "0" />
		<Point X = "257" Y = "148" T = "0" Pressure = "0" />
		<Point X = "256" Y = "147" T = "0" Pressure = "0" />
		<Point X = "254" Y = "145" T = "0" Pressure = "0" />
		<Point X = "251" Y = "143" T = "0" Pressure = "0" />
		<Point X = "250" Y = "142" T = "0" Pressure = "0" />
		<Point X = "247" Y = "140" T = "0" Pressure = "0" />
		<Point X = "246" Y = "140" T = "0" Pressure = "0" />
		<Point X = "244" Y = "139" T = "0" Pressure = "0" />
		<Point X = "243" Y = "138" T = "0" Pressure = "0" />
		<Point X = "242" Y = "138" T = "0" Pressure = "0" />
		<Point X = "241" Y = "136" T = "0" Pressure = "0" />
		<Point X = "239" Y = "136" T = "0" Pressure = "0" />
		<Point X = "238" Y = "136" T = "0" Pressure = "0" />
		<Point X = "237" Y = "136" T = "0" Pressure = "0" />
		<Point X = "235" Y = "136" T = "0" Pressure = "0" />
		<Point X = "232" Y = "136" T = "0" Pressure = "0" />
		<Point X = "231" Y = "136" T = "0" Pressure = "0" />
		<Point X = "228" Y = "136" T = "0" Pressure = "0" />
		<Point X = "225" Y = "136" T = "0" Pressure = "0" />
		<Point X = "220" Y = "140" T = "0" Pressure = "0" />
		<Point X = "218" Y = "142" T = "0" Pressure = "0" />
		<Point X = "212" Y = "146" T = "0" Pressure = "0" />
		<Point X = "210" Y = "147" T = "0" Pressure = "0" />
		<Point X = "207" Y = "149" T = "0" Pressure = "0" />
		<Point X = "205" Y = "150" T = "0" Pressure = "0" />
		<Point X = "203" Y = "151" T = "0" Pressure = "0" />
		<Point X = "201" Y = "152" T = "0" Pressure = "0" />
		<Point X = "199" Y = "153" T = "0" Pressure = "0" />
		<Point X = "197" Y = "155" T = "0" Pressure = "0" />
		<Point X = "196" Y = "156" T = "0" Pressure = "0" />
		<Point X = "195" Y = "157" T = "0" Pressure = "0" />
		<Point X = "194" Y = "157" T = "0" Pressure = "0" />
		<Point X = "194" Y = "158" T = "0" Pressure = "0" />
		<Point X = "192" Y = "159" T = "0" Pressure = "0" />
		<Point X = "192" Y = "160" T = "0" Pressure = "0" />
		<Point X = "191" Y = "163" T = "0" Pressure = "0" />
		<Point X = "190" Y = "165" T = "0" Pressure = "0" />
		<Point X = "189" Y = "168" T = "0" Pressure = "0" />
		<Point X = "188" Y = "171" T = "0" Pressure = "0" />
		<Point X = "188" Y = "174" T = "0" Pressure = "0" />
		<Point X = "188" Y = "177" T = "0" Pressure = "0" />
		<Point X = "188" Y = "179" T = "0" Pressure = "0" />
		<Point X = "188" Y = "182" T = "0" Pressure = "0" />
		<Point X = "188" Y = "185" T = "0" Pressure = "0" />
		<Point X = "188" Y = "186" T = "0" Pressure = "0" />
		<Point X = "189" Y = "190" T = "0" Pressure = "0" />
		<Point X = "190" Y = "193" T = "0" Pressure = "0" />
		<Point X = "192" Y = "195" T = "0" Pressure = "0" />
		<Point X = "193" Y = "196" T = "0" Pressure = "0" />
		<Point X = "193" Y = "197" T = "0" Pressure = "0" />
		<Point X = "195" Y = "200" T = "0" Pressure = "0" />
		<Point X = "196" Y = "200" T = "0" Pressure = "0" />
		<Point X = "196" Y = "202" T = "0" Pressure = "0" />
		<Point X = "198" Y = "204" T = "0" Pressure = "0" />
		<Point X = "200" Y = "205" T = "0" Pressure = "0" />
		<Point X = "201" Y = "207" T = "0" Pressure = "0" />
		<Point X = "202" Y = "207" T = "0" Pressure = "0" />
		<Point X = "203" Y = "207" T = "0" Pressure = "0" />
		<Point X = "206" Y = "207" T = "0" Pressure = "0" />
		<Point X = "208" Y = "208" T = "0" Pressure = "0" />
		<Point X = "210" Y = "208" T = "0" Pressure = "0" />
		<Point X = "213" Y = "208" T = "0" Pressure = "0" />
		<Point X = "216" Y = "210" T = "0" Pressure = "0" />
		<Point X = "218" Y = "210" T = "0" Pressure = "0" />
		<Point X = "220" Y = "210" T = "0" Pressure = "0" />
		<Point X = "223" Y = "210" T = "0" Pressure = "0" />
		<Point X = "225" Y = "210" T = "0" Pressure = "0" />
		<Point X = "228" Y = "209" T = "0" Pressure = "0" />
		<Point X = "230" Y = "207" T = "0" Pressure = "0" />
		<Point X = "232" Y = "205" T = "0" Pressure = "0" />
		<Point X = "234" Y = "204" T = "0" Pressure = "0" />
		<Point X = "235" Y = "201" T = "0" Pressure = "0" />
		<Point X = "235" Y = "199" T = "0" Pressure = "0" />
		<Point X = "236" Y = "197" T = "0" Pressure = "0" />
		<Point X = "236" Y = "195" T = "0" Pressure = "0" />
		<Point X = "236" Y = "191" T = "0" Pressure = "0" />
		<Point X = "236" Y = "189" T = "0" Pressure = "0" />
		<Point X = "236" Y = "188" T = "0" Pressure = "0" />
		<Point X = "236" Y = "186" T = "0" Pressure = "0" />
		<Point X = "236" Y = "184" T = "0" Pressure = "0" />
		<Point X = "236" Y = "183" T = "0" Pressure = "0" />
		<Point X = "236" Y = "182" T = "0" Pressure = "0" />
		<Point X = "236" Y = "181" T = "0" Pressure = "0" />
		<Point X = "234" Y = "180" T = "0" Pressure = "0" />
		<Point X = "233" Y = "179" T = "0" Pressure = "0" />
		<Point X = "231" Y = "177" T = "0" Pressure = "0" />
		<Point X = "229" Y = "176" T = "0" Pressure = "0" />
		<Point X = "228" Y = "176" T = "0" Pressure = "0" />
		<Point X = "227" Y = "175" T = "0" Pressure = "0" />
		<Point X = "226" Y = "174" T = "0" Pressure = "0" />
		<Point X = "225" Y = "174" T = "0" Pressure = "0" />
		<Point X = "224" Y = "174" T = "0" Pressure = "0" />
		<Point X = "223" Y = "174" T = "0" Pressure = "0" />
		<Point X = "222" Y = "174" T = "0" Pressure = "0" />
		<Point X = "220" Y = "174" T = "0" Pressure = "0" />
		<Point X = "219" Y = "174" T = "0" Pressure = "0" />
		<Point X = "218" Y = "174" T = "0" Pressure = "0" />
		<Point X = "217" Y = "174" T = "0" Pressure = "0" />
		<Point X = "217" Y = "175" T = "0" Pressure = "0" />
		<Point X = "216" Y = "175" T = "0" Pressure = "0" />
		<Point X = "216" Y = "176" T = "0" Pressure = "0" />
		<Point X = "214" Y = "177" T = "0" Pressure = "0" />
		<Point X = "214" Y = "178" T = "0" Pressure = "0" />
		<Point X = "213" Y = "178" T = "0" Pressure = "0" />
		<Point X = "213" Y = "180" T = "0" Pressure = "0" />
		<Point X = "213" Y = "181" T = "0" Pressure = "0" />
		<Point X = "213" Y = "183" T = "0" Pressure = "0" />
		<Point X = "213" Y = "184" T = "0" Pressure = "0" />
		<Point X = "213" Y = "186" T = "0" Pressure = "0" />
		<Point X = "214" Y = "188" T = "0" Pressure = "0" />
		<Point X = "214" Y = "189" T = "0" Pressure = "0" />
		<Point X = "214" Y = "190" T = "0" Pressure = "0" />
		<Point X = "215" Y = "190" T = "0" Pressure = "0" />
		<Point X = "216" Y = "190" T = "0" Pressure = "0" />
		<Point X = "217" Y = "190" T = "0" Pressure = "0" />
		<Point X = "218" Y = "190" T = "0" Pressure = "0" />
		<Point X = "219" Y = "190" T = "0" Pressure = "0" />
		<Point X = "220" Y = "190" T = "0" Pressure = "0" />
		<Point X = "221" Y = "190" T = "0" Pressure = "0" />
	</Stroke>
</Gesture>
