<?xml version="1.0" encoding="utf-8" standalone="yes"?>
<Gesture Name = "spiral">
	<Stroke>
		<Point X = "96" Y = "102" T = "0" Pressure = "0" />
		<Point X = "97" Y = "101" T = "0" Pressure = "0" />
		<Point X = "100" Y = "100" T = "0" Pressure = "0" />
		<Point X = "104" Y = "100" T = "0" Pressure = "0" />
		<Point X = "110" Y = "98" T = "0" Pressure = "0" />
		<Point X = "119" Y = "98" T = "0" Pressure = "0" />
		<Point X = "128" Y = "98" T = "0" Pressure = "0" />
		<Point X = "135" Y = "98" T = "0" Pressure = "0" />
		<Point X = "144" Y = "98" T = "0" Pressure = "0" />
		<Point X = "155" Y = "98" T = "0" Pressure = "0" />
		<Point X = "165" Y = "98" T = "0" Pressure = "0" />
		<Point X = "176" Y = "100" T = "0" Pressure = "0" />
		<Point X = "188" Y = "106" T = "0" Pressure = "0" />
		<Point X = "204" Y = "115" T = "0" Pressure = "0" />
		<Point X = "215" Y = "122" T = "0" Pressure = "0" />
		<Point X = "226" Y = "129" T = "0" Pressure = "0" />
		<Point X = "235" Y = "135" T = "0" Pressure = "0" />
		<Point X = "243" Y = "142" T = "0" Pressure = "0" />
		<Point X = "248" Y = "147" T = "0" Pressure = "0" />
		<Point X = "252" Y = "154" T = "0" Pressure = "0" />
		<Point X = "253" Y = "158" T = "0" Pressure = "0" />
		<Point X = "254" Y = "163" T = "0" Pressure = "0" />
		<Point X = "254" Y = "167" T = "0" Pressure = "0" />
		<Point X = "256" Y = "176" T = "0" Pressure = "0" />
		<Point X = "257" Y = "183" T = "0" Pressure = "0" />
		<Point X = "259" Y = "191" T = "0" Pressure = "0" />
		<Point X = "262" Y = "200" T = "0" Pressure = "0" />
		<Point X = "264" Y = "208" T = "0" Pressure = "0" />
		<Point X = "265" Y = "216" T = "0" Pressure = "0" />
		<Point X = "265" Y = "222" T = "0" Pressure = "0" />
		<Point X = "265" Y = "228" T = "0" Pressure = "0" />
		<Point X = "265" Y = "231" T = "0" Pressure = "0" />
		<Point X = "261" Y = "237" T = "0" Pressure = "0" />
		<Point X = "258" Y = "242" T = "0" Pressure = "0" />
		<Point X = "254" Y = "249" T = "0" Pressure = "0" />
		<Point X = "247" Y = "256" T = "0" Pressure = "0" />
		<Point X = "242" Y = "262" T = "0" Pressure = "0" />
		<Point X = "236" Y = "268" T = "0" Pressure = "0" />
		<Point X = "232" Y = "271" T = "0" Pressure = "0" />
		<Point X = "227" Y = "275" T = "0" Pressure = "0" />
		<Point X = "224" Y = "278" T = "0" Pressure = "0" />
		<Point X = "218" Y = "279" T = "0" Pressure = "0" />
		<Point X = "215" Y = "279" T = "0" Pressure = "0" />
		<Point X = "213" Y = "280" T = "0" Pressure = "0" />
		<Point X = "210" Y = "280" T = "0" Pressure = "0" />
		<Point X = "207" Y = "280" T = "0" Pressure = "0" />
		<Point X = "205" Y = "280" T = "0" Pressure = "0" />
		<Point X = "198" Y = "276" T = "0" Pressure = "0" />
		<Point X = "191" Y = "271" T = "0" Pressure = "0" />
		<Point X = "181" Y = "265" T = "0" Pressure = "0" />
		<Point X = "172" Y = "259" T = "0" Pressure = "0" />
		<Point X = "163" Y = "254" T = "0" Pressure = "0" />
		<Point X = "154" Y = "251" T = "0" Pressure = "0" />
		<Point X = "147" Y = "248" T = "0" Pressure = "0" />
		<Point X = "145" Y = "247" T = "0" Pressure = "0" />
		<Point X = "139" Y = "245" T = "0" Pressure = "0" />
		<Point X = "139" Y = "244" T = "0" Pressure = "0" />
		<Point X = "138" Y = "242" T = "0" Pressure = "0" />
		<Point X = "135" Y = "237" T = "0" Pressure = "0" />
		<Point X = "133" Y = "228" T = "0" Pressure = "0" />
		<Point X = "131" Y = "221" T = "0" Pressure = "0" />
		<Point X = "130" Y = "213" T = "0" Pressure = "0" />
		<Point X = "129" Y = "206" T = "0" Pressure = "0" />
		<Point X = "128" Y = "197" T = "0" Pressure = "0" />
		<Point X = "125" Y = "190" T = "0" Pressure = "0" />
		<Point X = "125" Y = "182" T = "0" Pressure = "0" />
		<Point X = "125" Y = "176" T = "0" Pressure = "0" />
		<Point X = "125" Y = "168" T = "0" Pressure = "0" />
		<Point X = "125" Y = "164" T = "0" Pressure = "0" />
		<Point X = "126" Y = "159" T = "0" Pressure = "0" />
		<Point X = "128" Y = "156" T = "0" Pressure = "0" />
		<Point X = "131" Y = "152" T = "0" Pressure = "0" />
		<Point X = "135" Y = "147" T = "0" Pressure = "0" />
		<Point X = "136" Y = "145" T = "0" Pressure = "0" />
		<Point X = "138" Y = "144" T = "0" Pressure = "0" />
		<Point X = "139" Y = "144" T = "0" Pressure = "0" />
		<Point X = "142" Y = "143" T = "0" Pressure = "0" />
		<Point X = "147" Y = "141" T = "0" Pressure = "0" />
		<Point X = "152" Y = "140" T = "0" Pressure = "0" />
		<Point X = "161" Y = "140" T = "0" Pressure = "0" />
		<Point X = "170" Y = "140" T = "0" Pressure = "0" />
		<Point X = "177" Y = "140" T = "0" Pressure = "0" />
		<Point X = "183" Y = "140" T = "0" Pressure = "0" />
		<Point X = "185" Y = "140" T = "0" Pressure = "0" />
		<Point X = "186" Y = "140" T = "0" Pressure = "0" />
		<Point X = "187" Y = "140" T = "0" Pressure = "0" />
		<Point X = "188" Y = "140" T = "0" Pressure = "0" />
		<Point X = "190" Y = "140" T = "0" Pressure = "0" />
		<Point X = "193" Y = "141" T = "0" Pressure = "0" />
		<Point X = "195" Y = "145" T = "0" Pressure = "0" />
		<Point X = "198" Y = "149" T = "0" Pressure = "0" />
		<Point X = "202" Y = "153" T = "0" Pressure = "0" />
		<Point X = "206" Y = "160" T = "0" Pressure = "0" />
		<Point X = "208" Y = "164" T = "0" Pressure = "0" />
		<Point X = "212" Y = "170" T = "0" Pressure = "0" />
		<Point X = "215" Y = "178" T = "0" Pressure = "0" />
		<Point X = "217" Y = "184" T = "0" Pressure = "0" />
		<Point X = "218" Y = "189" T = "0" Pressure = "0" />
		<Point X = "220" Y = "194" T = "0" Pressure = "0" />
		<Point X = "220" Y = "198" T = "0" Pressure = "0" />
		<Point X = "220" Y = "204" T = "0" Pressure = "0" />
		<Point X = "220" Y = "208" T = "0" Pressure = "0" />
		<Point X = "220" Y = "211" T = "0" Pressure = "0" />
		<Point X = "219" Y = "215" T = "0" Pressure = "0" />
		<Point X = "219" Y = "218" T = "0" Pressure = "0" />
		<Point X = "217" Y = "220" T = "0" Pressure = "0" />
		<Point X = "216" Y = "222" T = "0" Pressure = "0" />
		<Point X = "216" Y = "223" T = "0" Pressure = "0" />
		<Point X = "215" Y = "225" T = "0" Pressure = "0" />
		<Point X = "214" Y = "226" T = "0" Pressure = "0" />
		<Point X = "213" Y = "227" T = "0" Pressure = "0" />
		<Point X = "211" Y = "227" T = "0" Pressure = "0" />
		<Point X = "209" Y = "229" T = "0" Pressure = "0" />
		<Point X = "209" Y = "230" T = "0" Pressure = "0" />
		<Point X = "206" Y = "230" T = "0" Pressure = "0" />
		<Point X = "203" Y = "233" T = "0" Pressure = "0" />
		<Point X = "201" Y = "234" T = "0" Pressure = "0" />
		<Point X = "199" Y = "234" T = "0" Pressure = "0" />
		<Point X = "198" Y = "235" T = "0" Pressure = "0" />
		<Point X = "197" Y = "235" T = "0" Pressure = "0" />
		<Point X = "196" Y = "235" T = "0" Pressure = "0" />
		<Point X = "195" Y = "235" T = "0" Pressure = "0" />
		<Point X = "193" Y = "235" T = "0" Pressure = "0" />
		<Point X = "188" Y = "232" T = "0" Pressure = "0" />
		<Point X = "183" Y = "227" T = "0" Pressure = "0" />
		<Point X = "180" Y = "224" T = "0" Pressure = "0" />
		<Point X = "173" Y = "216" T = "0" Pressure = "0" />
		<Point X = "168" Y = "211" T = "0" Pressure = "0" />
		<Point X = "165" Y = "209" T = "0" Pressure = "0" />
		<Point X = "164" Y = "207" T = "0" Pressure = "0" />
		<Point X = "163" Y = "207" T = "0" Pressure = "0" />
		<Point X = "162" Y = "205" T = "0" Pressure = "0" />
		<Point X = "160" Y = "202" T = "0" Pressure = "0" />
		<Point X = "160" Y = "201" T = "0" Pressure = "0" />
		<Point X = "159" Y = "199" T = "0" Pressure = "0" />
		<Point X = "158" Y = "198" T = "0" Pressure = "0" />
		<Point X = "158" Y = "197" T = "0" Pressure = "0" />
		<Point X = "158" Y = "194" T = "0" Pressure = "0" />
		<Point X = "158" Y = "192" T = "0" Pressure = "0" />
		<Point X = "158" Y = "190" T = "0" Pressure = "0" />
		<Point X = "158" Y = "187" T = "0" Pressure = "0" />
		<Point X = "160" Y = "184" T = "0" Pressure = "0" />
		<Point X = "160" Y = "183" T = "0" Pressure = "0" />
		<Point X = "162" Y = "180" T = "0" Pressure = "0" />
		<Point X = "165" Y = "177" T = "0" Pressure = "0" />
		<Point X = "167" Y = "173" T = "0" Pressure = "0" />
		<Point X = "170" Y = "170" T = "0" Pressure = "0" />
		<Point X = "171" Y = "167" T = "0" Pressure = "0" />
		<Point X = "173" Y = "166" T = "0" Pressure = "0" />
		<Point X = "173" Y = "165" T = "0" Pressure = "0" />
		<Point X = "175" Y = "165" T = "0" Pressure = "0" />
		<Point X = "176" Y = "165" T = "0" Pressure = "0" />
		<Point X = "178" Y = "165" T = "0" Pressure = "0" />
		<Point X = "181" Y = "165" T = "0" Pressure = "0" />
		<Point X = "183" Y = "166" T = "0" Pressure = "0" />
		<Point X = "185" Y = "168" T = "0" Pressure = "0" />
		<Point X = "188" Y = "169" T = "0" Pressure = "0" />
		<Point X = "190" Y = "170" T = "0" Pressure = "0" />
		<Point X = "193" Y = "171" T = "0" Pressure = "0" />
		<Point X = "194" Y = "172" T = "0" Pressure = "0" />
		<Point X = "195" Y = "172" T = "0" Pressure = "0" />
		<Point X = "195" Y = "173" T = "0" Pressure = "0" />
		<Point X = "195" Y = "174" T = "0" Pressure = "0" />
		<Point X = "195" Y = "177" T = "0" Pressure = "0" />
		<Point X = "195" Y = "180" T = "0" Pressure = "0" />
		<Point X = "195" Y = "182" T = "0" Pressure = "0" />
		<Point X = "195" Y = "185" T = "0" Pressure = "0" />
		<Point X = "195" Y = "188" T = "0" Pressure = "0" />
		<Point X = "194" Y = "190" T = "0" Pressure = "0" />
		<Point X = "193" Y = "193" T = "0" Pressure = "0" />
		<Point X = "193" Y = "195" T = "0" Pressure = "0" />
		<Point X = "192" Y = "197" T = "0" Pressure = "0" />
		<Point X = "192" Y = "199" T = "0" Pressure = "0" />
		<Point X = "191" Y = "199" T = "0" Pressure = "0" />
		<Point X = "190" Y = "200" T = "0" Pressure = "0" />
		<Point X = "188" Y = "200" T = "0" Pressure = "0" />
		<Point X = "187" Y = "200" T = "0" Pressure = "0" />
		<Point X = "186" Y = "199" T = "0" Pressure = "0" />
		<Point X = "184" Y = "198" T = "0" Pressure = "0" />
		<Point X = "184" Y = "197" T = "0" Pressure = "0" />
		<Point X = "184" Y = "195" T = "0" Pressure = "0" />
		<Point X = "184" Y = "193" T = "0" Pressure = "0" />
		<Point X = "184" Y = "191" T = "0" Pressure = "0" />
		<Point X = "184" Y = "189" T = "0" Pressure = "0" />
		<Point X = "183" Y = "188" T = "0" Pressure = "0" />
		<Point X = "183" Y = "187" T = "0" Pressure = "0" />
		<Point X = "182" Y = "187" T = "0" Pressure = "0" />
		<Point X = "182" Y = "186" T = "0" Pressure = "0" />
		<Point X = "182" Y = "185" T = "0" Pressure = "0" />
	</Stroke>
</Gesture>
