<?xml version="1.0" encoding="utf-8" standalone="yes"?>
<Gesture Name = "spiral">
	<Stroke>
		<Point X = "52" Y = "234" T = "0" Pressure = "0" />
		<Point X = "53" Y = "234" T = "0" Pressure = "0" />
		<Point X = "54" Y = "233" T = "0" Pressure = "0" />
		<Point X = "59" Y = "231" T = "0" Pressure = "0" />
		<Point X = "62" Y = "230" T = "0" Pressure = "0" />
		<Point X = "68" Y = "228" T = "0" Pressure = "0" />
		<Point X = "72" Y = "227" T = "0" Pressure = "0" />
		<Point X = "75" Y = "226" T = "0" Pressure = "0" />
		<Point X = "82" Y = "225" T = "0" Pressure = "0" />
		<Point X = "91" Y = "223" T = "0" Pressure = "0" />
		<Point X = "98" Y = "222" T = "0" Pressure = "0" />
		<Point X = "108" Y = "221" T = "0" Pressure = "0" />
		<Point X = "116" Y = "220" T = "0" Pressure = "0" />
		<Point X = "124" Y = "218" T = "0" Pressure = "0" />
		<Point X = "133" Y = "215" T = "0" Pressure = "0" />
		<Point X = "139" Y = "213" T = "0" Pressure = "0" />
		<Point X = "144" Y = "211" T = "0" Pressure = "0" />
		<Point X = "150" Y = "208" T = "0" Pressure = "0" />
		<Point X = "153" Y = "207" T = "0" Pressure = "0" />
		<Point X = "156" Y = "206" T = "0" Pressure = "0" />
		<Point X = "160" Y = "205" T = "0" Pressure = "0" />
		<Point X = "166" Y = "205" T = "0" Pressure = "0" />
		<Point X = "172" Y = "205" T = "0" Pressure = "0" />
		<Point X = "180" Y = "205" T = "0" Pressure = "0" />
		<Point X = "188" Y = "205" T = "0" Pressure = "0" />
		<Point X = "197" Y = "208" T = "0" Pressure = "0" />
		<Point X = "199" Y = "208" T = "0" Pressure = "0" />
		<Point X = "203" Y = "210" T = "0" Pressure = "0" />
		<Point X = "205" Y = "212" T = "0" Pressure = "0" />
		<Point X = "208" Y = "213" T = "0" Pressure = "0" />
		<Point X = "211" Y = "216" T = "0" Pressure = "0" />
		<Point X = "213" Y = "218" T = "0" Pressure = "0" />
		<Point X = "216" Y = "220" T = "0" Pressure = "0" />
		<Point X = "217" Y = "222" T = "0" Pressure = "0" />
		<Point X = "220" Y = "224" T = "0" Pressure = "0" />
		<Point X = "221" Y = "227" T = "0" Pressure = "0" />
		<Point X = "224" Y = "230" T = "0" Pressure = "0" />
		<Point X = "225" Y = "232" T = "0" Pressure = "0" />
		<Point X = "228" Y = "237" T = "0" Pressure = "0" />
		<Point X = "229" Y = "239" T = "0" Pressure = "0" />
		<Point X = "233" Y = "243" T = "0" Pressure = "0" />
		<Point X = "235" Y = "247" T = "0" Pressure = "0" />
		<Point X = "238" Y = "252" T = "0" Pressure = "0" />
		<Point X = "238" Y = "255" T = "0" Pressure = "0" />
		<Point X = "240" Y = "261" T = "0" Pressure = "0" />
		<Point X = "241" Y = "266" T = "0" Pressure = "0" />
		<Point X = "242" Y = "269" T = "0" Pressure = "0" />
		<Point X = "242" Y = "272" T = "0" Pressure = "0" />
		<Point X = "242" Y = "275" T = "0" Pressure = "0" />
		<Point X = "242" Y = "279" T = "0" Pressure = "0" />
		<Point X = "242" Y = "282" T = "0" Pressure = "0" />
		<Point X = "242" Y = "287" T = "0" Pressure = "0" />
		<Point X = "242" Y = "291" T = "0" Pressure = "0" />
		<Point X = "242" Y = "296" T = "0" Pressure = "0" />
		<Point X = "242" Y = "299" T = "0" Pressure = "0" />
		<Point X = "242" Y = "300" T = "0" Pressure = "0" />
		<Point X = "242" Y = "301" T = "0" Pressure = "0" />
		<Point X = "241" Y = "303" T = "0" Pressure = "0" />
		<Point X = "240" Y = "303" T = "0" Pressure = "0" />
		<Point X = "240" Y = "304" T = "0" Pressure = "0" />
		<Point X = "239" Y = "307" T = "0" Pressure = "0" />
		<Point X = "237" Y = "308" T = "0" Pressure = "0" />
		<Point X = "234" Y = "310" T = "0" Pressure = "0" />
		<Point X = "229" Y = "312" T = "0" Pressure = "0" />
		<Point X = "224" Y = "314" T = "0" Pressure = "0" />
		<Point X = "216" Y = "317" T = "0" Pressure = "0" />
		<Point X = "210" Y = "320" T = "0" Pressure = "0" />
		<Point X = "204" Y = "321" T = "0" Pressure = "0" />
		<Point X = "199" Y = "322" T = "0" Pressure = "0" />
		<Point X = "192" Y = "323" T = "0" Pressure = "0" />
		<Point X = "187" Y = "326" T = "0" Pressure = "0" />
		<Point X = "181" Y = "327" T = "0" Pressure = "0" />
		<Point X = "178" Y = "328" T = "0" Pressure = "0" />
		<Point X = "176" Y = "328" T = "0" Pressure = "0" />
		<Point X = "172" Y = "330" T = "0" Pressure = "0" />
		<Point X = "170" Y = "330" T = "0" Pressure = "0" />
		<Point X = "169" Y = "330" T = "0" Pressure = "0" />
		<Point X = "167" Y = "330" T = "0" Pressure = "0" />
		<Point X = "166" Y = "330" T = "0" Pressure = "0" />
		<Point X = "164" Y = "330" T = "0" Pressure = "0" />
		<Point X = "163" Y = "330" T = "0" Pressure = "0" />
		<Point X = "160" Y = "330" T = "0" Pressure = "0" />
		<Point X = "158" Y = "330" T = "0" Pressure = "0" />
		<Point X = "156" Y = "330" T = "0" Pressure = "0" />
		<Point X = "155" Y = "330" T = "0" Pressure = "0" />
		<Point X = "154" Y = "330" T = "0" Pressure = "0" />
		<Point X = "153" Y = "329" T = "0" Pressure = "0" />
		<Point X = "151" Y = "327" T = "0" Pressure = "0" />
		<Point X = "149" Y = "324" T = "0" Pressure = "0" />
		<Point X = "147" Y = "322" T = "0" Pressure = "0" />
		<Point X = "146" Y = "319" T = "0" Pressure = "0" />
		<Point X = "144" Y = "318" T = "0" Pressure = "0" />
		<Point X = "143" Y = "317" T = "0" Pressure = "0" />
		<Point X = "143" Y = "315" T = "0" Pressure = "0" />
		<Point X = "142" Y = "314" T = "0" Pressure = "0" />
		<Point X = "141" Y = "311" T = "0" Pressure = "0" />
		<Point X = "139" Y = "307" T = "0" Pressure = "0" />
		<Point X = "139" Y = "304" T = "0" Pressure = "0" />
		<Point X = "136" Y = "299" T = "0" Pressure = "0" />
		<Point X = "134" Y = "293" T = "0" Pressure = "0" />
		<Point X = "132" Y = "290" T = "0" Pressure = "0" />
		<Point X = "130" Y = "285" T = "0" Pressure = "0" />
		<Point X = "130" Y = "283" T = "0" Pressure = "0" />
		<Point X = "130" Y = "280" T = "0" Pressure = "0" />
		<Point X = "130" Y = "277" T = "0" Pressure = "0" />
		<Point X = "130" Y = "276" T = "0" Pressure = "0" />
		<Point X = "130" Y = "274" T = "0" Pressure = "0" />
		<Point X = "130" Y = "272" T = "0" Pressure = "0" />
		<Point X = "130" Y = "270" T = "0" Pressure = "0" />
		<Point X = "131" Y = "267" T = "0" Pressure = "0" />
		<Point X = "131" Y = "265" T = "0" Pressure = "0" />
		<Point X = "132" Y = "262" T = "0" Pressure = "0" />
		<Point X = "132" Y = "261" T = "0" Pressure = "0" />
		<Point X = "133" Y = "259" T = "0" Pressure = "0" />
		<Point X = "135" Y = "257" T = "0" Pressure = "0" />
		<Point X = "136" Y = "254" T = "0" Pressure = "0" />
		<Point X = "139" Y = "252" T = "0" Pressure = "0" />
		<Point X = "139" Y = "251" T = "0" Pressure = "0" />
		<Point X = "141" Y = "250" T = "0" Pressure = "0" />
		<Point X = "143" Y = "247" T = "0" Pressure = "0" />
		<Point X = "144" Y = "246" T = "0" Pressure = "0" />
		<Point X = "148" Y = "242" T = "0" Pressure = "0" />
		<Point X = "149" Y = "241" T = "0" Pressure = "0" />
		<Point X = "150" Y = "241" T = "0" Pressure = "0" />
		<Point X = "153" Y = "239" T = "0" Pressure = "0" />
		<Point X = "156" Y = "238" T = "0" Pressure = "0" />
		<Point X = "158" Y = "237" T = "0" Pressure = "0" />
		<Point X = "162" Y = "237" T = "0" Pressure = "0" />
		<Point X = "165" Y = "235" T = "0" Pressure = "0" />
		<Point X = "166" Y = "235" T = "0" Pressure = "0" />
		<Point X = "169" Y = "234" T = "0" Pressure = "0" />
		<Point X = "172" Y = "234" T = "0" Pressure = "0" />
		<Point X = "175" Y = "233" T = "0" Pressure = "0" />
		<Point X = "177" Y = "233" T = "0" Pressure = "0" />
		<Point X = "180" Y = "233" T = "0" Pressure = "0" />
		<Point X = "182" Y = "233" T = "0" Pressure = "0" />
		<Point X = "184" Y = "233" T = "0" Pressure = "0" />
		<Point X = "187" Y = "233" T = "0" Pressure = "0" />
		<Point X = "189" Y = "233" T = "0" Pressure = "0" />
		<Point X = "192" Y = "233" T = "0" Pressure = "0" />
		<Point X = "193" Y = "233" T = "0" Pressure = "0" />
		<Point X = "194" Y = "233" T = "0" Pressure = "0" />
		<Point X = "195" Y = "233" T = "0" Pressure = "0" />
		<Point X = "197" Y = "235" T = "0" Pressure = "0" />
		<Point X = "198" Y = "236" T = "0" Pressure = "0" />
		<Point X = "200" Y = "236" T = "0" Pressure = "0" />
		<Point X = "202" Y = "239" T = "0" Pressure = "0" />
		<Point X = "204" Y = "241" T = "0" Pressure = "0" />
		<Point X = "204" Y = "243" T = "0" Pressure = "0" />
		<Point X = "207" Y = "247" T = "0" Pressure = "0" />
		<Point X = "208" Y = "250" T = "0" Pressure = "0" />
		<Point X = "208" Y = "253" T = "0" Pressure = "0" />
		<Point X = "208" Y = "255" T = "0" Pressure = "0" />
		<Point X = "208" Y = "259" T = "0" Pressure = "0" />
		<Point X = "208" Y = "261" T = "0" Pressure = "0" />
		<Point X = "208" Y = "264" T = "0" Pressure = "0" />
		<Point X = "208" Y = "266" T = "0" Pressure = "0" />
		<Point X = "208" Y = "268" T = "0" Pressure = "0" />
		<Point X = "208" Y = "269" T = "0" Pressure = "0" />
		<Point X = "208" Y = "271" T = "0" Pressure = "0" />
		<Point X = "208" Y = "273" T = "0" Pressure = "0" />
		<Point X = "208" Y = "276" T = "0" Pressure = "0" />
		<Point X = "207" Y = "278" T = "0" Pressure = "0" />
		<Point X = "206" Y = "280" T = "0" Pressure = "0" />
		<Point X = "206" Y = "282" T = "0" Pressure = "0" />
		<Point X = "205" Y = "283" T = "0" Pressure = "0" />
		<Point X = "204" Y = "283" T = "0" Pressure = "0" />
		<Point X = "203" Y = "284" T = "0" Pressure = "0" />
		<Point X = "201" Y = "285" T = "0" Pressure = "0" />
		<Point X = "199" Y = "286" T = "0" Pressure = "0" />
		<Point X = "198" Y = "286" T = "0" Pressure = "0" />
		<Point X = "196" Y = "287" T = "0" Pressure = "0" />
		<Point X = "193" Y = "288" T = "0" Pressure = "0" />
		<Point X = "192" Y = "288" T = "0" Pressure = "0" />
		<Point X = "190" Y = "288" T = "0" Pressure = "0" />
		<Point X = "188" Y = "288" T = "0" Pressure = "0" />
		<Point X = "186" Y = "288" T = "0" Pressure = "0" />
		<Point X = "184" Y = "288" T = "0" Pressure = "0" />
		<Point X = "183" Y = "288" T = "0" Pressure = "0" />
		<Point X = "182" Y = "288" T = "0" Pressure = "0" />
		<Point X = "181" Y = "288" T = "0" Pressure = "0" />
		<Point X = "180" Y = "288" T = "0" Pressure = "0" />
		<Point X = "177" Y = "288" T = "0" Pressure = "0" />
		<Point X = "176" Y = "288" T = "0" Pressure = "0" />
		<Point X = "174" Y = "287" T = "0" Pressure = "0" />
		<Point X = "173" Y = "287" T = "0" Pressure = "0" />
		<Point X = "172" Y = "287" T = "0" Pressure = "0" />
		<Point X = "170" Y = "286" T = "0" Pressure = "0" />
		<Point X = "170" Y = "285" T = "0" Pressure = "0" />
		<Point X = "169" Y = "283" T = "0" Pressure = "0" />
		<Point X = "168" Y = "279" T = "0" Pressure = "0" />
		<Point X = "168" Y = "278" T = "0" Pressure = "0" />
		<Point X = "168" Y = "277" T = "0" Pressure = "0" />
		<Point X = "168" Y = "275" T = "0" Pressure = "0" />
		<Point X = "168" Y = "274" T = "0" Pressure = "0" />
		<Point X = "168" Y = "273" T = "0" Pressure = "0" />
		<Point X = "168" Y = "272" T = "0" Pressure = "0" />
		<Point X = "168" Y = "269" T = "0" Pressure = "0" />
		<Point X = "168" Y = "266" T = "0" Pressure = "0" />
		<Point X = "168" Y = "265" T = "0" Pressure = "0" />
		<Point X = "168" Y = "263" T = "0" Pressure = "0" />
		<Point X = "168" Y = "262" T = "0" Pressure = "0" />
		<Point X = "168" Y = "261" T = "0" Pressure = "0" />
		<Point X = "168" Y = "260" T = "0" Pressure = "0" />
		<Point X = "168" Y = "259" T = "0" Pressure = "0" />
		<Point X = "169" Y = "259" T = "0" Pressure = "0" />
		<Point X = "170" Y = "257" T = "0" Pressure = "0" />
		<Point X = "171" Y = "257" T = "0" Pressure = "0" />
		<Point X = "172" Y = "257" T = "0" Pressure = "0" />
		<Point X = "172" Y = "256" T = "0" Pressure = "0" />
		<Point X = "173" Y = "256" T = "0" Pressure = "0" />
		<Point X = "174" Y = "256" T = "0" Pressure = "0" />
		<Point X = "176" Y = "256" T = "0" Pressure = "0" />
		<Point X = "178" Y = "256" T = "0" Pressure = "0" />
		<Point X = "179" Y = "256" T = "0" Pressure = "0" />
		<Point X = "180" Y = "256" T = "0" Pressure = "0" />
		<Point X = "182" Y = "256" T = "0" Pressure = "0" />
		<Point X = "183" Y = "257" T = "0" Pressure = "0" />
		<Point X = "183" Y = "258" T = "0" Pressure = "0" />
		<Point X = "185" Y = "259" T = "0" Pressure = "0" />
		<Point X = "185" Y = "260" T = "0" Pressure = "0" />
		<Point X = "186" Y = "261" T = "0" Pressure = "0" />
		<Point X = "186" Y = "262" T = "0" Pressure = "0" />
		<Point X = "186" Y = "264" T = "0" Pressure = "0" />
		<Point X = "186" Y = "265" T = "0" Pressure = "0" />
		<Point X = "186" Y = "266" T = "0" Pressure = "0" />
	</Stroke>
</Gesture>
