<?xml version="1.0" encoding="utf-8" standalone="yes"?>
<Gesture Name = "spiral">
	<Stroke>
		<Point X = "168" Y = "317" T = "0" Pressure = "0" />
		<Point X = "161" Y = "315" T = "0" Pressure = "0" />
		<Point X = "153" Y = "309" T = "0" Pressure = "0" />
		<Point X = "145" Y = "303" T = "0" Pressure = "0" />
		<Point X = "137" Y = "298" T = "0" Pressure = "0" />
		<Point X = "129" Y = "292" T = "0" Pressure = "0" />
		<Point X = "123" Y = "286" T = "0" Pressure = "0" />
		<Point X = "117" Y = "280" T = "0" Pressure = "0" />
		<Point X = "110" Y = "273" T = "0" Pressure = "0" />
		<Point X = "104" Y = "262" T = "0" Pressure = "0" />
		<Point X = "95" Y = "248" T = "0" Pressure = "0" />
		<Point X = "87" Y = "233" T = "0" Pressure = "0" />
		<Point X = "83" Y = "221" T = "0" Pressure = "0" />
		<Point X = "81" Y = "213" T = "0" Pressure = "0" />
		<Point X = "80" Y = "205" T = "0" Pressure = "0" />
		<Point X = "80" Y = "199" T = "0" Pressure = "0" />
		<Point X = "80" Y = "195" T = "0" Pressure = "0" />
		<Point X = "80" Y = "191" T = "0" Pressure = "0" />
		<Point X = "80" Y = "186" T = "0" Pressure = "0" />
		<Point X = "80" Y = "181" T = "0" Pressure = "0" />
		<Point X = "80" Y = "176" T = "0" Pressure = "0" />
		<Point X = "80" Y = "173" T = "0" Pressure = "0" />
		<Point X = "81" Y = "169" T = "0" Pressure = "0" />
		<Point X = "81" Y = "165" T = "0" Pressure = "0" />
		<Point X = "82" Y = "162" T = "0" Pressure = "0" />
		<Point X = "83" Y = "158" T = "0" Pressure = "0" />
		<Point X = "83" Y = "156" T = "0" Pressure = "0" />
		<Point X = "85" Y = "153" T = "0" Pressure = "0" />
		<Point X = "87" Y = "148" T = "0" Pressure = "0" />
		<Point X = "91" Y = "145" T = "0" Pressure = "0" />
		<Point X = "94" Y = "141" T = "0" Pressure = "0" />
		<Point X = "99" Y = "136" T = "0" Pressure = "0" />
		<Point X = "103" Y = "132" T = "0" Pressure = "0" />
		<Point X = "109" Y = "128" T = "0" Pressure = "0" />
		<Point X = "114" Y = "125" T = "0" Pressure = "0" />
		<Point X = "121" Y = "123" T = "0" Pressure = "0" />
		<Point X = "129" Y = "120" T = "0" Pressure = "0" />
		<Point X = "134" Y = "119" T = "0" Pressure = "0" />
		<Point X = "140" Y = "118" T = "0" Pressure = "0" />
		<Point X = "144" Y = "118" T = "0" Pressure = "0" />
		<Point X = "147" Y = "118" T = "0" Pressure = "0" />
		<Point X = "150" Y = "118" T = "0" Pressure = "0" />
		<Point X = "153" Y = "118" T = "0" Pressure = "0" />
		<Point X = "156" Y = "119" T = "0" Pressure = "0" />
		<Point X = "158" Y = "120" T = "0" Pressure = "0" />
		<Point X = "160" Y = "123" T = "0" Pressure = "0" />
		<Point X = "163" Y = "127" T = "0" Pressure = "0" />
		<Point X = "166" Y = "135" T = "0" Pressure = "0" />
		<Point X = "171" Y = "145" T = "0" Pressure = "0" />
		<Point X = "175" Y = "156" T = "0" Pressure = "0" />
		<Point X = "182" Y = "172" T = "0" Pressure = "0" />
		<Point X = "188" Y = "187" T = "0" Pressure = "0" />
		<Point X = "193" Y = "205" T = "0" Pressure = "0" />
		<Point X = "197" Y = "216" T = "0" Pressure = "0" />
		<Point X = "199" Y = "223" T = "0" Pressure = "0" />
		<Point X = "200" Y = "229" T = "0" Pressure = "0" />
		<Point X = "200" Y = "236" T = "0" Pressure = "0" />
		<Point X = "200" Y = "240" T = "0" Pressure = "0" />
		<Point X = "200" Y = "244" T = "0" Pressure = "0" />
		<Point X = "200" Y = "248" T = "0" Pressure = "0" />
		<Point X = "200" Y = "252" T = "0" Pressure = "0" />
		<Point X = "200" Y = "257" T = "0" Pressure = "0" />
		<Point X = "200" Y = "259" T = "0" Pressure = "0" />
		<Point X = "200" Y = "262" T = "0" Pressure = "0" />
		<Point X = "199" Y = "264" T = "0" Pressure = "0" />
		<Point X = "199" Y = "266" T = "0" Pressure = "0" />
		<Point X = "198" Y = "267" T = "0" Pressure = "0" />
		<Point X = "198" Y = "268" T = "0" Pressure = "0" />
		<Point X = "198" Y = "269" T = "0" Pressure = "0" />
		<Point X = "197" Y = "271" T = "0" Pressure = "0" />
		<Point X = "196" Y = "272" T = "0" Pressure = "0" />
		<Point X = "194" Y = "272" T = "0" Pressure = "0" />
		<Point X = "192" Y = "272" T = "0" Pressure = "0" />
		<Point X = "189" Y = "272" T = "0" Pressure = "0" />
		<Point X = "186" Y = "272" T = "0" Pressure = "0" />
		<Point X = "184" Y = "272" T = "0" Pressure = "0" />
		<Point X = "177" Y = "268" T = "0" Pressure = "0" />
		<Point X = "172" Y = "265" T = "0" Pressure = "0" />
		<Point X = "166" Y = "261" T = "0" Pressure = "0" />
		<Point X = "159" Y = "257" T = "0" Pressure = "0" />
		<Point X = "153" Y = "254" T = "0" Pressure = "0" />
		<Point X = "147" Y = "251" T = "0" Pressure = "0" />
		<Point X = "141" Y = "246" T = "0" Pressure = "0" />
		<Point X = "139" Y = "246" T = "0" Pressure = "0" />
		<Point X = "137" Y = "245" T = "0" Pressure = "0" />
		<Point X = "136" Y = "245" T = "0" Pressure = "0" />
		<Point X = "134" Y = "244" T = "0" Pressure = "0" />
		<Point X = "133" Y = "243" T = "0" Pressure = "0" />
		<Point X = "132" Y = "242" T = "0" Pressure = "0" />
		<Point X = "130" Y = "240" T = "0" Pressure = "0" />
		<Point X = "128" Y = "237" T = "0" Pressure = "0" />
		<Point X = "125" Y = "234" T = "0" Pressure = "0" />
		<Point X = "124" Y = "231" T = "0" Pressure = "0" />
		<Point X = "122" Y = "228" T = "0" Pressure = "0" />
		<Point X = "120" Y = "224" T = "0" Pressure = "0" />
		<Point X = "120" Y = "222" T = "0" Pressure = "0" />
		<Point X = "120" Y = "219" T = "0" Pressure = "0" />
		<Point X = "118" Y = "216" T = "0" Pressure = "0" />
		<Point X = "118" Y = "211" T = "0" Pressure = "0" />
		<Point X = "118" Y = "207" T = "0" Pressure = "0" />
		<Point X = "118" Y = "202" T = "0" Pressure = "0" />
		<Point X = "118" Y = "199" T = "0" Pressure = "0" />
		<Point X = "118" Y = "193" T = "0" Pressure = "0" />
		<Point X = "118" Y = "189" T = "0" Pressure = "0" />
		<Point X = "118" Y = "186" T = "0" Pressure = "0" />
		<Point X = "118" Y = "185" T = "0" Pressure = "0" />
		<Point X = "118" Y = "182" T = "0" Pressure = "0" />
		<Point X = "119" Y = "178" T = "0" Pressure = "0" />
		<Point X = "122" Y = "176" T = "0" Pressure = "0" />
		<Point X = "123" Y = "174" T = "0" Pressure = "0" />
		<Point X = "125" Y = "172" T = "0" Pressure = "0" />
		<Point X = "126" Y = "171" T = "0" Pressure = "0" />
		<Point X = "129" Y = "169" T = "0" Pressure = "0" />
		<Point X = "130" Y = "168" T = "0" Pressure = "0" />
		<Point X = "132" Y = "166" T = "0" Pressure = "0" />
		<Point X = "133" Y = "166" T = "0" Pressure = "0" />
		<Point X = "135" Y = "165" T = "0" Pressure = "0" />
		<Point X = "137" Y = "163" T = "0" Pressure = "0" />
		<Point X = "140" Y = "163" T = "0" Pressure = "0" />
		<Point X = "141" Y = "163" T = "0" Pressure = "0" />
		<Point X = "142" Y = "163" T = "0" Pressure = "0" />
		<Point X = "143" Y = "163" T = "0" Pressure = "0" />
		<Point X = "145" Y = "163" T = "0" Pressure = "0" />
		<Point X = "147" Y = "163" T = "0" Pressure = "0" />
		<Point X = "151" Y = "164" T = "0" Pressure = "0" />
		<Point X = "153" Y = "166" T = "0" Pressure = "0" />
		<Point X = "156" Y = "169" T = "0" Pressure = "0" />
		<Point X = "159" Y = "172" T = "0" Pressure = "0" />
		<Point X = "161" Y = "176" T = "0" Pressure = "0" />
		<Point X = "163" Y = "179" T = "0" Pressure = "0" />
		<Point X = "164" Y = "183" T = "0" Pressure = "0" />
		<Point X = "165" Y = "185" T = "0" Pressure = "0" />
		<Point X = "165" Y = "189" T = "0" Pressure = "0" />
		<Point X = "165" Y = "192" T = "0" Pressure = "0" />
		<Point X = "165" Y = "196" T = "0" Pressure = "0" />
		<Point X = "165" Y = "200" T = "0" Pressure = "0" />
		<Point X = "165" Y = "206" T = "0" Pressure = "0" />
		<Point X = "165" Y = "210" T = "0" Pressure = "0" />
		<Point X = "164" Y = "215" T = "0" Pressure = "0" />
		<Point X = "163" Y = "219" T = "0" Pressure = "0" />
		<Point X = "162" Y = "221" T = "0" Pressure = "0" />
		<Point X = "161" Y = "223" T = "0" Pressure = "0" />
		<Point X = "160" Y = "224" T = "0" Pressure = "0" />
		<Point X = "159" Y = "225" T = "0" Pressure = "0" />
		<Point X = "157" Y = "225" T = "0" Pressure = "0" />
		<Point X = "156" Y = "225" T = "0" Pressure = "0" />
		<Point X = "153" Y = "225" T = "0" Pressure = "0" />
		<Point X = "152" Y = "225" T = "0" Pressure = "0" />
		<Point X = "149" Y = "225" T = "0" Pressure = "0" />
		<Point X = "147" Y = "223" T = "0" Pressure = "0" />
		<Point X = "145" Y = "221" T = "0" Pressure = "0" />
		<Point X = "144" Y = "219" T = "0" Pressure = "0" />
		<Point X = "143" Y = "216" T = "0" Pressure = "0" />
		<Point X = "141" Y = "215" T = "0" Pressure = "0" />
		<Point X = "141" Y = "214" T = "0" Pressure = "0" />
		<Point X = "141" Y = "213" T = "0" Pressure = "0" />
		<Point X = "141" Y = "212" T = "0" Pressure = "0" />
		<Point X = "140" Y = "209" T = "0" Pressure = "0" />
		<Point X = "138" Y = "206" T = "0" Pressure = "0" />
		<Point X = "137" Y = "203" T = "0" Pressure = "0" />
		<Point X = "137" Y = "202" T = "0" Pressure = "0" />
		<Point X = "136" Y = "202" T = "0" Pressure = "0" />
		<Point X = "136" Y = "200" T = "0" Pressure = "0" />
		<Point X = "136" Y = "199" T = "0" Pressure = "0" />
		<Point X = "136" Y = "198" T = "0" Pressure = "0" />
		<Point X = "136" Y = "197" T = "0" Pressure = "0" />
		<Point X = "136" Y = "196" T = "0" Pressure = "0" />
		<Point X = "136" Y = "195" T = "0" Pressure = "0" />
		<Point X = "136" Y = "194" T = "0" Pressure = "0" />
		<Point X = "137" Y = "193" T = "0" Pressure = "0" />
		<Point X = "138" Y = "193" T = "0" Pressure = "0" />
		<Point X = "138" Y = "192" T = "0" Pressure = "0" />
		<Point X = "139" Y = "191" T = "0" Pressure = "0" />
		<Point X = "140" Y = "191" T = "0" Pressure = "0" />
		<Point X = "141" Y = "191" T = "0" Pressure = "0" />
		<Point X = "143" Y = "191" T = "0" Pressure = "0" />
		<Point X = "144" Y = "191" T = "0" Pressure = "0" />
		<Point X = "145" Y = "191" T = "0" Pressure = "0" />
		<Point X = "147" Y = "191" T = "0" Pressure = "0" />
		<Point X = "147" Y = "192" T = "0" Pressure = "0" />
		<Point X = "148" Y = "192" T = "0" Pressure = "0" />
		<Point X = "149" Y = "192" T = "0" Pressure = "0" />
		<Point X = "150" Y = "193" T = "0" Pressure = "0" />
		<Point X = "150" Y = "194" T = "0" Pressure = "0" />
		<Point X = "150" Y = "195" T = "0" Pressure = "0" />
		<Point X = "150" Y = "197" T = "0" Pressure = "0" />
		<Point X = "150" Y = "200" T = "0" Pressure = "0" />
		<Point X = "150" Y = "201" T = "0" Pressure = "0" />
		<Point X = "150" Y = "203" T = "0" Pressure = "0" />
	</Stroke>
</Gesture>
