<?xml version="1.0" encoding="utf-8" standalone="yes"?>
<Gesture Name = "spiral">
	<Stroke>
		<Point X = "130" Y = "137" T = "0" Pressure = "0" />
		<Point X = "130" Y = "136" T = "0" Pressure = "0" />
		<Point X = "130" Y = "134" T = "0" Pressure = "0" />
		<Point X = "130" Y = "132" T = "0" Pressure = "0" />
		<Point X = "130" Y = "131" T = "0" Pressure = "0" />
		<Point X = "130" Y = "130" T = "0" Pressure = "0" />
		<Point X = "130" Y = "128" T = "0" Pressure = "0" />
		<Point X = "130" Y = "126" T = "0" Pressure = "0" />
		<Point X = "130" Y = "124" T = "0" Pressure = "0" />
		<Point X = "130" Y = "121" T = "0" Pressure = "0" />
		<Point X = "129" Y = "120" T = "0" Pressure = "0" />
		<Point X = "129" Y = "116" T = "0" Pressure = "0" />
		<Point X = "128" Y = "113" T = "0" Pressure = "0" />
		<Point X = "127" Y = "108" T = "0" Pressure = "0" />
		<Point X = "127" Y = "105" T = "0" Pressure = "0" />
		<Point X = "126" Y = "100" T = "0" Pressure = "0" />
		<Point X = "125" Y = "96" T = "0" Pressure = "0" />
		<Point X = "124" Y = "92" T = "0" Pressure = "0" />
		<Point X = "124" Y = "86" T = "0" Pressure = "0" />
		<Point X = "122" Y = "83" T = "0" Pressure = "0" />
		<Point X = "122" Y = "77" T = "0" Pressure = "0" />
		<Point X = "122" Y = "74" T = "0" Pressure = "0" />
		<Point X = "122" Y = "71" T = "0" Pressure = "0" />
		<Point X = "122" Y = "69" T = "0" Pressure = "0" />
		<Point X = "122" Y = "66" T = "0" Pressure = "0" />
		<Point X = "122" Y = "65" T = "0" Pressure = "0" />
		<Point X = "122" Y = "63" T = "0" Pressure = "0" />
		<Point X = "122" Y = "62" T = "0" Pressure = "0" />
		<Point X = "122" Y = "61" T = "0" Pressure = "0" />
		<Point X = "123" Y = "60" T = "0" Pressure = "0" />
		<Point X = "123" Y = "59" T = "0" Pressure = "0" />
		<Point X = "125" Y = "58" T = "0" Pressure = "0" />
		<Point X = "126" Y = "55" T = "0" Pressure = "0" />
		<Point X = "128" Y = "53" T = "0" Pressure = "0" />
		<Point X = "130" Y = "52" T = "0" Pressure = "0" />
		<Point X = "131" Y = "51" T = "0" Pressure = "0" />
		<Point X = "132" Y = "51" T = "0" Pressure = "0" />
		<Point X = "133" Y = "49" T = "0" Pressure = "0" />
		<Point X = "134" Y = "49" T = "0" Pressure = "0" />
		<Point X = "134" Y = "48" T = "0" Pressure = "0" />
		<Point X = "135" Y = "48" T = "0" Pressure = "0" />
		<Point X = "137" Y = "45" T = "0" Pressure = "0" />
		<Point X = "138" Y = "45" T = "0" Pressure = "0" />
		<Point X = "140" Y = "44" T = "0" Pressure = "0" />
		<Point X = "142" Y = "43" T = "0" Pressure = "0" />
		<Point X = "143" Y = "42" T = "0" Pressure = "0" />
		<Point X = "146" Y = "41" T = "0" Pressure = "0" />
		<Point X = "148" Y = "41" T = "0" Pressure = "0" />
		<Point X = "149" Y = "41" T = "0" Pressure = "0" />
		<Point X = "150" Y = "41" T = "0" Pressure = "0" />
		<Point X = "151" Y = "41" T = "0" Pressure = "0" />
		<Point X = "155" Y = "41" T = "0" Pressure = "0" />
		<Point X = "158" Y = "41" T = "0" Pressure = "0" />
		<Point X = "162" Y = "40" T = "0" Pressure = "0" />
		<Point X = "165" Y = "39" T = "0" Pressure = "0" />
		<Point X = "168" Y = "39" T = "0" Pressure = "0" />
		<Point X = "171" Y = "38" T = "0" Pressure = "0" />
		<Point X = "172" Y = "38" T = "0" Pressure = "0" />
		<Point X = "173" Y = "37" T = "0" Pressure = "0" />
		<Point X = "175" Y = "37" T = "0" Pressure = "0" />
		<Point X = "177" Y = "37" T = "0" Pressure = "0" />
		<Point X = "179" Y = "37" T = "0" Pressure = "0" />
		<Point X = "183" Y = "39" T = "0" Pressure = "0" />
		<Point X = "189" Y = "43" T = "0" Pressure = "0" />
		<Point X = "193" Y = "44" T = "0" Pressure = "0" />
		<Point X = "196" Y = "47" T = "0" Pressure = "0" />
		<Point X = "200" Y = "50" T = "0" Pressure = "0" />
		<Point X = "202" Y = "52" T = "0" Pressure = "0" />
		<Point X = "205" Y = "54" T = "0" Pressure = "0" />
		<Point X = "207" Y = "57" T = "0" Pressure = "0" />
		<Point X = "210" Y = "61" T = "0" Pressure = "0" />
		<Point X = "210" Y = "62" T = "0" Pressure = "0" />
		<Point X = "211" Y = "64" T = "0" Pressure = "0" />
		<Point X = "212" Y = "67" T = "0" Pressure = "0" />
		<Point X = "213" Y = "68" T = "0" Pressure = "0" />
		<Point X = "213" Y = "69" T = "0" Pressure = "0" />
		<Point X = "214" Y = "69" T = "0" Pressure = "0" />
		<Point X = "214" Y = "71" T = "0" Pressure = "0" />
		<Point X = "214" Y = "73" T = "0" Pressure = "0" />
		<Point X = "214" Y = "74" T = "0" Pressure = "0" />
		<Point X = "215" Y = "75" T = "0" Pressure = "0" />
		<Point X = "217" Y = "78" T = "0" Pressure = "0" />
		<Point X = "218" Y = "81" T = "0" Pressure = "0" />
		<Point X = "219" Y = "84" T = "0" Pressure = "0" />
		<Point X = "221" Y = "87" T = "0" Pressure = "0" />
		<Point X = "223" Y = "92" T = "0" Pressure = "0" />
		<Point X = "224" Y = "96" T = "0" Pressure = "0" />
		<Point X = "227" Y = "104" T = "0" Pressure = "0" />
		<Point X = "227" Y = "108" T = "0" Pressure = "0" />
		<Point X = "227" Y = "112" T = "0" Pressure = "0" />
		<Point X = "227" Y = "114" T = "0" Pressure = "0" />
		<Point X = "227" Y = "117" T = "0" Pressure = "0" />
		<Point X = "227" Y = "120" T = "0" Pressure = "0" />
		<Point X = "227" Y = "122" T = "0" Pressure = "0" />
		<Point X = "227" Y = "123" T = "0" Pressure = "0" />
		<Point X = "227" Y = "124" T = "0" Pressure = "0" />
		<Point X = "227" Y = "125" T = "0" Pressure = "0" />
		<Point X = "227" Y = "126" T = "0" Pressure = "0" />
		<Point X = "227" Y = "128" T = "0" Pressure = "0" />
		<Point X = "227" Y = "131" T = "0" Pressure = "0" />
		<Point X = "227" Y = "132" T = "0" Pressure = "0" />
		<Point X = "227" Y = "134" T = "0" Pressure = "0" />
		<Point X = "227" Y = "135" T = "0" Pressure = "0" />
		<Point X = "225" Y = "138" T = "0" Pressure = "0" />
		<Point X = "224" Y = "138" T = "0" Pressure = "0" />
		<Point X = "222" Y = "140" T = "0" Pressure = "0" />
		<Point X = "220" Y = "141" T = "0" Pressure = "0" />
		<Point X = "219" Y = "142" T = "0" Pressure = "0" />
		<Point X = "217" Y = "143" T = "0" Pressure = "0" />
		<Point X = "215" Y = "145" T = "0" Pressure = "0" />
		<Point X = "214" Y = "146" T = "0" Pressure = "0" />
		<Point X = "211" Y = "146" T = "0" Pressure = "0" />
		<Point X = "209" Y = "146" T = "0" Pressure = "0" />
		<Point X = "208" Y = "147" T = "0" Pressure = "0" />
		<Point X = "206" Y = "147" T = "0" Pressure = "0" />
		<Point X = "205" Y = "147" T = "0" Pressure = "0" />
		<Point X = "202" Y = "147" T = "0" Pressure = "0" />
		<Point X = "201" Y = "147" T = "0" Pressure = "0" />
		<Point X = "198" Y = "147" T = "0" Pressure = "0" />
		<Point X = "194" Y = "147" T = "0" Pressure = "0" />
		<Point X = "192" Y = "147" T = "0" Pressure = "0" />
		<Point X = "186" Y = "145" T = "0" Pressure = "0" />
		<Point X = "185" Y = "145" T = "0" Pressure = "0" />
		<Point X = "183" Y = "145" T = "0" Pressure = "0" />
		<Point X = "182" Y = "145" T = "0" Pressure = "0" />
		<Point X = "181" Y = "145" T = "0" Pressure = "0" />
		<Point X = "180" Y = "145" T = "0" Pressure = "0" />
		<Point X = "179" Y = "145" T = "0" Pressure = "0" />
		<Point X = "178" Y = "145" T = "0" Pressure = "0" />
		<Point X = "176" Y = "144" T = "0" Pressure = "0" />
		<Point X = "174" Y = "141" T = "0" Pressure = "0" />
		<Point X = "172" Y = "140" T = "0" Pressure = "0" />
		<Point X = "171" Y = "138" T = "0" Pressure = "0" />
		<Point X = "170" Y = "135" T = "0" Pressure = "0" />
		<Point X = "168" Y = "133" T = "0" Pressure = "0" />
		<Point X = "168" Y = "132" T = "0" Pressure = "0" />
		<Point X = "168" Y = "129" T = "0" Pressure = "0" />
		<Point X = "168" Y = "127" T = "0" Pressure = "0" />
		<Point X = "168" Y = "123" T = "0" Pressure = "0" />
		<Point X = "168" Y = "122" T = "0" Pressure = "0" />
		<Point X = "166" Y = "119" T = "0" Pressure = "0" />
		<Point X = "165" Y = "117" T = "0" Pressure = "0" />
		<Point X = "164" Y = "116" T = "0" Pressure = "0" />
		<Point X = "164" Y = "115" T = "0" Pressure = "0" />
		<Point X = "163" Y = "114" T = "0" Pressure = "0" />
		<Point X = "163" Y = "113" T = "0" Pressure = "0" />
		<Point X = "161" Y = "112" T = "0" Pressure = "0" />
		<Point X = "161" Y = "110" T = "0" Pressure = "0" />
		<Point X = "161" Y = "109" T = "0" Pressure = "0" />
		<Point X = "161" Y = "106" T = "0" Pressure = "0" />
		<Point X = "161" Y = "104" T = "0" Pressure = "0" />
		<Point X = "161" Y = "102" T = "0" Pressure = "0" />
		<Point X = "161" Y = "99" T = "0" Pressure = "0" />
		<Point X = "161" Y = "98" T = "0" Pressure = "0" />
		<Point X = "161" Y = "96" T = "0" Pressure = "0" />
		<Point X = "161" Y = "95" T = "0" Pressure = "0" />
		<Point X = "161" Y = "92" T = "0" Pressure = "0" />
		<Point X = "162" Y = "91" T = "0" Pressure = "0" />
		<Point X = "162" Y = "90" T = "0" Pressure = "0" />
		<Point X = "162" Y = "89" T = "0" Pressure = "0" />
		<Point X = "163" Y = "88" T = "0" Pressure = "0" />
		<Point X = "164" Y = "87" T = "0" Pressure = "0" />
		<Point X = "165" Y = "87" T = "0" Pressure = "0" />
		<Point X = "166" Y = "86" T = "0" Pressure = "0" />
		<Point X = "167" Y = "85" T = "0" Pressure = "0" />
		<Point X = "168" Y = "85" T = "0" Pressure = "0" />
		<Point X = "171" Y = "84" T = "0" Pressure = "0" />
		<Point X = "174" Y = "83" T = "0" Pressure = "0" />
		<Point X = "177" Y = "81" T = "0" Pressure = "0" />
		<Point X = "178" Y = "81" T = "0" Pressure = "0" />
		<Point X = "180" Y = "80" T = "0" Pressure = "0" />
		<Point X = "183" Y = "79" T = "0" Pressure = "0" />
		<Point X = "186" Y = "78" T = "0" Pressure = "0" />
		<Point X = "189" Y = "77" T = "0" Pressure = "0" />
		<Point X = "192" Y = "77" T = "0" Pressure = "0" />
		<Point X = "196" Y = "76" T = "0" Pressure = "0" />
		<Point X = "198" Y = "76" T = "0" Pressure = "0" />
		<Point X = "199" Y = "76" T = "0" Pressure = "0" />
		<Point X = "200" Y = "76" T = "0" Pressure = "0" />
		<Point X = "202" Y = "76" T = "0" Pressure = "0" />
		<Point X = "202" Y = "77" T = "0" Pressure = "0" />
		<Point X = "204" Y = "78" T = "0" Pressure = "0" />
		<Point X = "205" Y = "78" T = "0" Pressure = "0" />
		<Point X = "207" Y = "81" T = "0" Pressure = "0" />
		<Point X = "208" Y = "81" T = "0" Pressure = "0" />
		<Point X = "209" Y = "83" T = "0" Pressure = "0" />
		<Point X = "209" Y = "84" T = "0" Pressure = "0" />
		<Point X = "210" Y = "84" T = "0" Pressure = "0" />
		<Point X = "211" Y = "87" T = "0" Pressure = "0" />
		<Point X = "211" Y = "88" T = "0" Pressure = "0" />
		<Point X = "211" Y = "90" T = "0" Pressure = "0" />
		<Point X = "211" Y = "91" T = "0" Pressure = "0" />
		<Point X = "211" Y = "93" T = "0" Pressure = "0" />
		<Point X = "211" Y = "94" T = "0" Pressure = "0" />
		<Point X = "211" Y = "95" T = "0" Pressure = "0" />
		<Point X = "211" Y = "96" T = "0" Pressure = "0" />
		<Point X = "211" Y = "97" T = "0" Pressure = "0" />
		<Point X = "211" Y = "99" T = "0" Pressure = "0" />
		<Point X = "211" Y = "100" T = "0" Pressure = "0" />
		<Point X = "211" Y = "103" T = "0" Pressure = "0" />
		<Point X = "211" Y = "106" T = "0" Pressure = "0" />
		<Point X = "211" Y = "109" T = "0" Pressure = "0" />
		<Point X = "210" Y = "112" T = "0" Pressure = "0" />
		<Point X = "208" Y = "114" T = "0" Pressure = "0" />
		<Point X = "208" Y = "116" T = "0" Pressure = "0" />
		<Point X = "208" Y = "118" T = "0" Pressure = "0" />
		<Point X = "207" Y = "118" T = "0" Pressure = "0" />
		<Point X = "206" Y = "120" T = "0" Pressure = "0" />
		<Point X = "205" Y = "120" T = "0" Pressure = "0" />
		<Point X = "204" Y = "120" T = "0" Pressure = "0" />
		<Point X = "203" Y = "120" T = "0" Pressure = "0" />
		<Point X = "202" Y = "120" T = "0" Pressure = "0" />
		<Point X = "201" Y = "120" T = "0" Pressure = "0" />
		<Point X = "200" Y = "120" T = "0" Pressure = "0" />
		<Point X = "198" Y = "120" T = "0" Pressure = "0" />
		<Point X = "197" Y = "119" T = "0" Pressure = "0" />
		<Point X = "196" Y = "119" T = "0" Pressure = "0" />
		<Point X = "195" Y = "119" T = "0" Pressure = "0" />
		<Point X = "193" Y = "117" T = "0" Pressure = "0" />
		<Point X = "191" Y = "116" T = "0" Pressure = "0" />
		<Point X = "191" Y = "115" T = "0" Pressure = "0" />
		<Point X = "190" Y = "115" T = "0" Pressure = "0" />
		<Point X = "189" Y = "114" T = "0" Pressure = "0" />
		<Point X = "188" Y = "113" T = "0" Pressure = "0" />
		<Point X = "187" Y = "111" T = "0" Pressure = "0" />
		<Point X = "187" Y = "109" T = "0" Pressure = "0" />
		<Point X = "185" Y = "108" T = "0" Pressure = "0" />
		<Point X = "185" Y = "107" T = "0" Pressure = "0" />
		<Point X = "185" Y = "106" T = "0" Pressure = "0" />
		<Point X = "185" Y = "105" T = "0" Pressure = "0" />
		<Point X = "185" Y = "104" T = "0" Pressure = "0" />
		<Point X = "185" Y = "102" T = "0" Pressure = "0" />
		<Point X = "185" Y = "101" T = "0" Pressure = "0" />
		<Point X = "185" Y = "100" T = "0" Pressure = "0" />
		<Point X = "185" Y = "98" T = "0" Pressure = "0" />
		<Point X = "186" Y = "97" T = "0" Pressure = "0" />
		<Point X = "186" Y = "96" T = "0" Pressure = "0" />
		<Point X = "187" Y = "96" T = "0" Pressure = "0" />
		<Point X = "188" Y = "95" T = "0" Pressure = "0" />
		<Point X = "189" Y = "95" T = "0" Pressure = "0" />
		<Point X = "191" Y = "95" T = "0" Pressure = "0" />
		<Point X = "192" Y = "95" T = "0" Pressure = "0" />
		<Point X = "194" Y = "95" T = "0" Pressure = "0" />
		<Point X = "195" Y = "95" T = "0" Pressure = "0" />
		<Point X = "196" Y = "95" T = "0" Pressure = "0" />
		<Point X = "197" Y = "96" T = "0" Pressure = "0" />
		<Point X = "197" Y = "97" T = "0" Pressure = "0" />
		<Point X = "197" Y = "98" T = "0" Pressure = "0" />
		<Point X = "197" Y = "99" T = "0" Pressure = "0" />
		<Point X = "197" Y = "100" T = "0" Pressure = "0" />
		<Point X = "197" Y = "101" T = "0" Pressure = "0" />
		<Point X = "197" Y = "102" T = "0" Pressure = "0" />
	</Stroke>
</Gesture>
