<?xml version="1.0" encoding="utf-8" standalone="yes"?>
<Gesture Name = "spiral">
	<Stroke>
		<Point X = "363" Y = "56" T = "0" Pressure = "0" />
		<Point X = "362" Y = "56" T = "0" Pressure = "0" />
		<Point X = "359" Y = "55" T = "0" Pressure = "0" />
		<Point X = "357" Y = "54" T = "0" Pressure = "0" />
		<Point X = "354" Y = "53" T = "0" Pressure = "0" />
		<Point X = "352" Y = "52" T = "0" Pressure = "0" />
		<Point X = "348" Y = "50" T = "0" Pressure = "0" />
		<Point X = "345" Y = "50" T = "0" Pressure = "0" />
		<Point X = "341" Y = "49" T = "0" Pressure = "0" />
		<Point X = "332" Y = "47" T = "0" Pressure = "0" />
		<Point X = "323" Y = "45" T = "0" Pressure = "0" />
		<Point X = "309" Y = "43" T = "0" Pressure = "0" />
		<Point X = "295" Y = "42" T = "0" Pressure = "0" />
		<Point X = "282" Y = "40" T = "0" Pressure = "0" />
		<Point X = "268" Y = "40" T = "0" Pressure = "0" />
		<Point X = "259" Y = "40" T = "0" Pressure = "0" />
		<Point X = "252" Y = "40" T = "0" Pressure = "0" />
		<Point X = "247" Y = "40" T = "0" Pressure = "0" />
		<Point X = "243" Y = "40" T = "0" Pressure = "0" />
		<Point X = "238" Y = "44" T = "0" Pressure = "0" />
		<Point X = "233" Y = "49" T = "0" Pressure = "0" />
		<Point X = "227" Y = "55" T = "0" Pressure = "0" />
		<Point X = "220" Y = "64" T = "0" Pressure = "0" />
		<Point X = "212" Y = "71" T = "0" Pressure = "0" />
		<Point X = "205" Y = "77" T = "0" Pressure = "0" />
		<Point X = "193" Y = "87" T = "0" Pressure = "0" />
		<Point X = "187" Y = "92" T = "0" Pressure = "0" />
		<Point X = "180" Y = "98" T = "0" Pressure = "0" />
		<Point X = "175" Y = "103" T = "0" Pressure = "0" />
		<Point X = "171" Y = "108" T = "0" Pressure = "0" />
		<Point X = "167" Y = "116" T = "0" Pressure = "0" />
		<Point X = "164" Y = "122" T = "0" Pressure = "0" />
		<Point X = "163" Y = "129" T = "0" Pressure = "0" />
		<Point X = "162" Y = "137" T = "0" Pressure = "0" />
		<Point X = "162" Y = "145" T = "0" Pressure = "0" />
		<Point X = "162" Y = "153" T = "0" Pressure = "0" />
		<Point X = "162" Y = "162" T = "0" Pressure = "0" />
		<Point X = "162" Y = "167" T = "0" Pressure = "0" />
		<Point X = "162" Y = "171" T = "0" Pressure = "0" />
		<Point X = "163" Y = "179" T = "0" Pressure = "0" />
		<Point X = "164" Y = "183" T = "0" Pressure = "0" />
		<Point X = "166" Y = "190" T = "0" Pressure = "0" />
		<Point X = "169" Y = "196" T = "0" Pressure = "0" />
		<Point X = "171" Y = "201" T = "0" Pressure = "0" />
		<Point X = "174" Y = "207" T = "0" Pressure = "0" />
		<Point X = "176" Y = "210" T = "0" Pressure = "0" />
		<Point X = "178" Y = "216" T = "0" Pressure = "0" />
		<Point X = "179" Y = "220" T = "0" Pressure = "0" />
		<Point X = "180" Y = "223" T = "0" Pressure = "0" />
		<Point X = "186" Y = "230" T = "0" Pressure = "0" />
		<Point X = "191" Y = "235" T = "0" Pressure = "0" />
		<Point X = "197" Y = "242" T = "0" Pressure = "0" />
		<Point X = "206" Y = "247" T = "0" Pressure = "0" />
		<Point X = "216" Y = "252" T = "0" Pressure = "0" />
		<Point X = "224" Y = "254" T = "0" Pressure = "0" />
		<Point X = "232" Y = "254" T = "0" Pressure = "0" />
		<Point X = "240" Y = "256" T = "0" Pressure = "0" />
		<Point X = "245" Y = "256" T = "0" Pressure = "0" />
		<Point X = "249" Y = "256" T = "0" Pressure = "0" />
		<Point X = "255" Y = "256" T = "0" Pressure = "0" />
		<Point X = "260" Y = "256" T = "0" Pressure = "0" />
		<Point X = "268" Y = "256" T = "0" Pressure = "0" />
		<Point X = "276" Y = "254" T = "0" Pressure = "0" />
		<Point X = "283" Y = "251" T = "0" Pressure = "0" />
		<Point X = "292" Y = "248" T = "0" Pressure = "0" />
		<Point X = "299" Y = "246" T = "0" Pressure = "0" />
		<Point X = "305" Y = "243" T = "0" Pressure = "0" />
		<Point X = "310" Y = "240" T = "0" Pressure = "0" />
		<Point X = "317" Y = "235" T = "0" Pressure = "0" />
		<Point X = "321" Y = "231" T = "0" Pressure = "0" />
		<Point X = "323" Y = "226" T = "0" Pressure = "0" />
		<Point X = "327" Y = "216" T = "0" Pressure = "0" />
		<Point X = "331" Y = "206" T = "0" Pressure = "0" />
		<Point X = "333" Y = "197" T = "0" Pressure = "0" />
		<Point X = "334" Y = "190" T = "0" Pressure = "0" />
		<Point X = "336" Y = "184" T = "0" Pressure = "0" />
		<Point X = "337" Y = "177" T = "0" Pressure = "0" />
		<Point X = "337" Y = "169" T = "0" Pressure = "0" />
		<Point X = "337" Y = "163" T = "0" Pressure = "0" />
		<Point X = "337" Y = "155" T = "0" Pressure = "0" />
		<Point X = "337" Y = "148" T = "0" Pressure = "0" />
		<Point X = "337" Y = "139" T = "0" Pressure = "0" />
		<Point X = "337" Y = "130" T = "0" Pressure = "0" />
		<Point X = "335" Y = "122" T = "0" Pressure = "0" />
		<Point X = "330" Y = "113" T = "0" Pressure = "0" />
		<Point X = "327" Y = "105" T = "0" Pressure = "0" />
		<Point X = "325" Y = "100" T = "0" Pressure = "0" />
		<Point X = "324" Y = "95" T = "0" Pressure = "0" />
		<Point X = "324" Y = "92" T = "0" Pressure = "0" />
		<Point X = "321" Y = "89" T = "0" Pressure = "0" />
		<Point X = "321" Y = "87" T = "0" Pressure = "0" />
		<Point X = "320" Y = "85" T = "0" Pressure = "0" />
		<Point X = "320" Y = "83" T = "0" Pressure = "0" />
		<Point X = "318" Y = "81" T = "0" Pressure = "0" />
		<Point X = "317" Y = "81" T = "0" Pressure = "0" />
		<Point X = "314" Y = "81" T = "0" Pressure = "0" />
		<Point X = "308" Y = "80" T = "0" Pressure = "0" />
		<Point X = "300" Y = "79" T = "0" Pressure = "0" />
		<Point X = "293" Y = "78" T = "0" Pressure = "0" />
		<Point X = "286" Y = "77" T = "0" Pressure = "0" />
		<Point X = "280" Y = "77" T = "0" Pressure = "0" />
		<Point X = "277" Y = "77" T = "0" Pressure = "0" />
		<Point X = "272" Y = "77" T = "0" Pressure = "0" />
		<Point X = "269" Y = "77" T = "0" Pressure = "0" />
		<Point X = "263" Y = "77" T = "0" Pressure = "0" />
		<Point X = "256" Y = "80" T = "0" Pressure = "0" />
		<Point X = "247" Y = "84" T = "0" Pressure = "0" />
		<Point X = "241" Y = "88" T = "0" Pressure = "0" />
		<Point X = "235" Y = "93" T = "0" Pressure = "0" />
		<Point X = "226" Y = "99" T = "0" Pressure = "0" />
		<Point X = "220" Y = "103" T = "0" Pressure = "0" />
		<Point X = "216" Y = "106" T = "0" Pressure = "0" />
		<Point X = "213" Y = "109" T = "0" Pressure = "0" />
		<Point X = "209" Y = "112" T = "0" Pressure = "0" />
		<Point X = "208" Y = "114" T = "0" Pressure = "0" />
		<Point X = "205" Y = "117" T = "0" Pressure = "0" />
		<Point X = "203" Y = "120" T = "0" Pressure = "0" />
		<Point X = "202" Y = "123" T = "0" Pressure = "0" />
		<Point X = "200" Y = "127" T = "0" Pressure = "0" />
		<Point X = "197" Y = "132" T = "0" Pressure = "0" />
		<Point X = "194" Y = "138" T = "0" Pressure = "0" />
		<Point X = "192" Y = "145" T = "0" Pressure = "0" />
		<Point X = "191" Y = "150" T = "0" Pressure = "0" />
		<Point X = "188" Y = "159" T = "0" Pressure = "0" />
		<Point X = "187" Y = "165" T = "0" Pressure = "0" />
		<Point X = "187" Y = "172" T = "0" Pressure = "0" />
		<Point X = "187" Y = "177" T = "0" Pressure = "0" />
		<Point X = "187" Y = "182" T = "0" Pressure = "0" />
		<Point X = "187" Y = "184" T = "0" Pressure = "0" />
		<Point X = "187" Y = "188" T = "0" Pressure = "0" />
		<Point X = "187" Y = "191" T = "0" Pressure = "0" />
		<Point X = "189" Y = "194" T = "0" Pressure = "0" />
		<Point X = "190" Y = "198" T = "0" Pressure = "0" />
		<Point X = "194" Y = "201" T = "0" Pressure = "0" />
		<Point X = "197" Y = "206" T = "0" Pressure = "0" />
		<Point X = "202" Y = "211" T = "0" Pressure = "0" />
		<Point X = "208" Y = "215" T = "0" Pressure = "0" />
		<Point X = "217" Y = "220" T = "0" Pressure = "0" />
		<Point X = "225" Y = "222" T = "0" Pressure = "0" />
		<Point X = "234" Y = "224" T = "0" Pressure = "0" />
		<Point X = "241" Y = "224" T = "0" Pressure = "0" />
		<Point X = "246" Y = "224" T = "0" Pressure = "0" />
		<Point X = "249" Y = "224" T = "0" Pressure = "0" />
		<Point X = "252" Y = "224" T = "0" Pressure = "0" />
		<Point X = "255" Y = "224" T = "0" Pressure = "0" />
		<Point X = "259" Y = "224" T = "0" Pressure = "0" />
		<Point X = "263" Y = "224" T = "0" Pressure = "0" />
		<Point X = "265" Y = "223" T = "0" Pressure = "0" />
		<Point X = "268" Y = "220" T = "0" Pressure = "0" />
		<Point X = "276" Y = "214" T = "0" Pressure = "0" />
		<Point X = "281" Y = "209" T = "0" Pressure = "0" />
		<Point X = "286" Y = "203" T = "0" Pressure = "0" />
		<Point X = "291" Y = "198" T = "0" Pressure = "0" />
		<Point X = "296" Y = "191" T = "0" Pressure = "0" />
		<Point X = "300" Y = "185" T = "0" Pressure = "0" />
		<Point X = "305" Y = "177" T = "0" Pressure = "0" />
		<Point X = "307" Y = "173" T = "0" Pressure = "0" />
		<Point X = "309" Y = "166" T = "0" Pressure = "0" />
		<Point X = "310" Y = "158" T = "0" Pressure = "0" />
		<Point X = "311" Y = "150" T = "0" Pressure = "0" />
		<Point X = "311" Y = "142" T = "0" Pressure = "0" />
		<Point X = "311" Y = "135" T = "0" Pressure = "0" />
		<Point X = "307" Y = "128" T = "0" Pressure = "0" />
		<Point X = "307" Y = "123" T = "0" Pressure = "0" />
		<Point X = "304" Y = "118" T = "0" Pressure = "0" />
		<Point X = "302" Y = "114" T = "0" Pressure = "0" />
		<Point X = "300" Y = "111" T = "0" Pressure = "0" />
		<Point X = "300" Y = "110" T = "0" Pressure = "0" />
		<Point X = "299" Y = "109" T = "0" Pressure = "0" />
		<Point X = "298" Y = "108" T = "0" Pressure = "0" />
		<Point X = "297" Y = "107" T = "0" Pressure = "0" />
		<Point X = "296" Y = "107" T = "0" Pressure = "0" />
		<Point X = "293" Y = "107" T = "0" Pressure = "0" />
		<Point X = "290" Y = "107" T = "0" Pressure = "0" />
		<Point X = "286" Y = "107" T = "0" Pressure = "0" />
		<Point X = "285" Y = "107" T = "0" Pressure = "0" />
		<Point X = "282" Y = "107" T = "0" Pressure = "0" />
		<Point X = "279" Y = "107" T = "0" Pressure = "0" />
		<Point X = "277" Y = "108" T = "0" Pressure = "0" />
		<Point X = "273" Y = "110" T = "0" Pressure = "0" />
		<Point X = "271" Y = "112" T = "0" Pressure = "0" />
		<Point X = "266" Y = "114" T = "0" Pressure = "0" />
		<Point X = "264" Y = "116" T = "0" Pressure = "0" />
		<Point X = "258" Y = "120" T = "0" Pressure = "0" />
		<Point X = "255" Y = "123" T = "0" Pressure = "0" />
		<Point X = "252" Y = "126" T = "0" Pressure = "0" />
		<Point X = "249" Y = "129" T = "0" Pressure = "0" />
		<Point X = "247" Y = "131" T = "0" Pressure = "0" />
		<Point X = "246" Y = "133" T = "0" Pressure = "0" />
		<Point X = "244" Y = "136" T = "0" Pressure = "0" />
		<Point X = "243" Y = "139" T = "0" Pressure = "0" />
		<Point X = "242" Y = "140" T = "0" Pressure = "0" />
		<Point X = "242" Y = "142" T = "0" Pressure = "0" />
		<Point X = "241" Y = "146" T = "0" Pressure = "0" />
		<Point X = "241" Y = "149" T = "0" Pressure = "0" />
		<Point X = "241" Y = "153" T = "0" Pressure = "0" />
		<Point X = "241" Y = "160" T = "0" Pressure = "0" />
		<Point X = "241" Y = "164" T = "0" Pressure = "0" />
		<Point X = "241" Y = "166" T = "0" Pressure = "0" />
		<Point X = "241" Y = "170" T = "0" Pressure = "0" />
		<Point X = "241" Y = "173" T = "0" Pressure = "0" />
		<Point X = "241" Y = "176" T = "0" Pressure = "0" />
		<Point X = "241" Y = "177" T = "0" Pressure = "0" />
		<Point X = "241" Y = "179" T = "0" Pressure = "0" />
		<Point X = "242" Y = "181" T = "0" Pressure = "0" />
		<Point X = "243" Y = "182" T = "0" Pressure = "0" />
		<Point X = "244" Y = "182" T = "0" Pressure = "0" />
		<Point X = "245" Y = "183" T = "0" Pressure = "0" />
		<Point X = "248" Y = "183" T = "0" Pressure = "0" />
		<Point X = "250" Y = "183" T = "0" Pressure = "0" />
		<Point X = "251" Y = "183" T = "0" Pressure = "0" />
		<Point X = "253" Y = "183" T = "0" Pressure = "0" />
		<Point X = "256" Y = "183" T = "0" Pressure = "0" />
		<Point X = "259" Y = "183" T = "0" Pressure = "0" />
		<Point X = "263" Y = "183" T = "0" Pressure = "0" />
		<Point X = "266" Y = "183" T = "0" Pressure = "0" />
		<Point X = "269" Y = "183" T = "0" Pressure = "0" />
		<Point X = "272" Y = "183" T = "0" Pressure = "0" />
		<Point X = "274" Y = "181" T = "0" Pressure = "0" />
		<Point X = "276" Y = "180" T = "0" Pressure = "0" />
		<Point X = "278" Y = "178" T = "0" Pressure = "0" />
		<Point X = "280" Y = "176" T = "0" Pressure = "0" />
		<Point X = "281" Y = "174" T = "0" Pressure = "0" />
		<Point X = "281" Y = "172" T = "0" Pressure = "0" />
		<Point X = "282" Y = "168" T = "0" Pressure = "0" />
		<Point X = "282" Y = "164" T = "0" Pressure = "0" />
		<Point X = "283" Y = "160" T = "0" Pressure = "0" />
		<Point X = "283" Y = "157" T = "0" Pressure = "0" />
		<Point X = "283" Y = "156" T = "0" Pressure = "0" />
		<Point X = "283" Y = "153" T = "0" Pressure = "0" />
		<Point X = "283" Y = "150" T = "0" Pressure = "0" />
		<Point X = "283" Y = "149" T = "0" Pressure = "0" />
		<Point X = "283" Y = "146" T = "0" Pressure = "0" />
		<Point X = "283" Y = "145" T = "0" Pressure = "0" />
		<Point X = "283" Y = "143" T = "0" Pressure = "0" />
		<Point X = "282" Y = "142" T = "0" Pressure = "0" />
		<Point X = "282" Y = "141" T = "0" Pressure = "0" />
		<Point X = "280" Y = "140" T = "0" Pressure = "0" />
		<Point X = "279" Y = "140" T = "0" Pressure = "0" />
		<Point X = "277" Y = "139" T = "0" Pressure = "0" />
		<Point X = "275" Y = "139" T = "0" Pressure = "0" />
		<Point X = "273" Y = "139" T = "0" Pressure = "0" />
		<Point X = "271" Y = "138" T = "0" Pressure = "0" />
		<Point X = "270" Y = "138" T = "0" Pressure = "0" />
		<Point X = "268" Y = "138" T = "0" Pressure = "0" />
		<Point X = "267" Y = "138" T = "0" Pressure = "0" />
		<Point X = "265" Y = "138" T = "0" Pressure = "0" />
		<Point X = "264" Y = "138" T = "0" Pressure = "0" />
		<Point X = "262" Y = "139" T = "0" Pressure = "0" />
		<Point X = "260" Y = "140" T = "0" Pressure = "0" />
		<Point X = "259" Y = "141" T = "0" Pressure = "0" />
		<Point X = "258" Y = "142" T = "0" Pressure = "0" />
		<Point X = "256" Y = "143" T = "0" Pressure = "0" />
		<Point X = "256" Y = "144" T = "0" Pressure = "0" />
		<Point X = "256" Y = "145" T = "0" Pressure = "0" />
		<Point X = "255" Y = "146" T = "0" Pressure = "0" />
		<Point X = "254" Y = "147" T = "0" Pressure = "0" />
		<Point X = "254" Y = "148" T = "0" Pressure = "0" />
		<Point X = "254" Y = "149" T = "0" Pressure = "0" />
		<Point X = "254" Y = "150" T = "0" Pressure = "0" />
		<Point X = "254" Y = "151" T = "0" Pressure = "0" />
		<Point X = "254" Y = "152" T = "0" Pressure = "0" />
		<Point X = "254" Y = "153" T = "0" Pressure = "0" />
		<Point X = "254" Y = "155" T = "0" Pressure = "0" />
		<Point X = "256" Y = "156" T = "0" Pressure = "0" />
		<Point X = "257" Y = "156" T = "0" Pressure = "0" />
		<Point X = "258" Y = "157" T = "0" Pressure = "0" />
		<Point X = "260" Y = "158" T = "0" Pressure = "0" />
		<Point X = "261" Y = "159" T = "0" Pressure = "0" />
		<Point X = "263" Y = "159" T = "0" Pressure = "0" />
		<Point X = "264" Y = "159" T = "0" Pressure = "0" />
		<Point X = "266" Y = "159" T = "0" Pressure = "0" />
		<Point X = "267" Y = "159" T = "0" Pressure = "0" />
		<Point X = "269" Y = "159" T = "0" Pressure = "0" />
		<Point X = "270" Y = "158" T = "0" Pressure = "0" />
		<Point X = "271" Y = "157" T = "0" Pressure = "0" />
		<Point X = "271" Y = "156" T = "0" Pressure = "0" />
		<Point X = "271" Y = "155" T = "0" Pressure = "0" />
		<Point X = "271" Y = "154" T = "0" Pressure = "0" />
		<Point X = "271" Y = "153" T = "0" Pressure = "0" />
		<Point X = "271" Y = "152" T = "0" Pressure = "0" />
		<Point X = "270" Y = "152" T = "0" Pressure = "0" />
		<Point X = "269" Y = "152" T = "0" Pressure = "0" />
	</Stroke>
</Gesture>
