<?xml version="1.0" encoding="utf-8" standalone="yes"?>
<Gesture Name = "spiral">
	<Stroke>
		<Point X = "420" Y = "119" T = "0" Pressure = "0" />
		<Point X = "419" Y = "119" T = "0" Pressure = "0" />
		<Point X = "418" Y = "119" T = "0" Pressure = "0" />
		<Point X = "417" Y = "119" T = "0" Pressure = "0" />
		<Point X = "416" Y = "119" T = "0" Pressure = "0" />
		<Point X = "415" Y = "119" T = "0" Pressure = "0" />
		<Point X = "413" Y = "119" T = "0" Pressure = "0" />
		<Point X = "410" Y = "119" T = "0" Pressure = "0" />
		<Point X = "404" Y = "119" T = "0" Pressure = "0" />
		<Point X = "400" Y = "119" T = "0" Pressure = "0" />
		<Point X = "396" Y = "119" T = "0" Pressure = "0" />
		<Point X = "392" Y = "119" T = "0" Pressure = "0" />
		<Point X = "389" Y = "119" T = "0" Pressure = "0" />
		<Point X = "388" Y = "120" T = "0" Pressure = "0" />
		<Point X = "385" Y = "120" T = "0" Pressure = "0" />
		<Point X = "383" Y = "121" T = "0" Pressure = "0" />
		<Point X = "382" Y = "121" T = "0" Pressure = "0" />
		<Point X = "381" Y = "121" T = "0" Pressure = "0" />
		<Point X = "379" Y = "121" T = "0" Pressure = "0" />
		<Point X = "377" Y = "121" T = "0" Pressure = "0" />
		<Point X = "374" Y = "121" T = "0" Pressure = "0" />
		<Point X = "372" Y = "121" T = "0" Pressure = "0" />
		<Point X = "371" Y = "121" T = "0" Pressure = "0" />
		<Point X = "369" Y = "121" T = "0" Pressure = "0" />
		<Point X = "367" Y = "121" T = "0" Pressure = "0" />
		<Point X = "365" Y = "121" T = "0" Pressure = "0" />
		<Point X = "364" Y = "121" T = "0" Pressure = "0" />
		<Point X = "361" Y = "121" T = "0" Pressure = "0" />
		<Point X = "359" Y = "121" T = "0" Pressure = "0" />
		<Point X = "356" Y = "121" T = "0" Pressure = "0" />
		<Point X = "353" Y = "121" T = "0" Pressure = "0" />
		<Point X = "350" Y = "121" T = "0" Pressure = "0" />
		<Point X = "346" Y = "123" T = "0" Pressure = "0" />
		<Point X = "344" Y = "124" T = "0" Pressure = "0" />
		<Point X = "341" Y = "124" T = "0" Pressure = "0" />
		<Point X = "337" Y = "125" T = "0" Pressure = "0" />
		<Point X = "335" Y = "126" T = "0" Pressure = "0" />
		<Point X = "333" Y = "128" T = "0" Pressure = "0" />
		<Point X = "330" Y = "128" T = "0" Pressure = "0" />
		<Point X = "325" Y = "130" T = "0" Pressure = "0" />
		<Point X = "324" Y = "132" T = "0" Pressure = "0" />
		<Point X = "320" Y = "133" T = "0" Pressure = "0" />
		<Point X = "318" Y = "133" T = "0" Pressure = "0" />
		<Point X = "317" Y = "135" T = "0" Pressure = "0" />
		<Point X = "314" Y = "136" T = "0" Pressure = "0" />
		<Point X = "313" Y = "136" T = "0" Pressure = "0" />
		<Point X = "310" Y = "137" T = "0" Pressure = "0" />
		<Point X = "309" Y = "138" T = "0" Pressure = "0" />
		<Point X = "308" Y = "139" T = "0" Pressure = "0" />
		<Point X = "307" Y = "140" T = "0" Pressure = "0" />
		<Point X = "302" Y = "145" T = "0" Pressure = "0" />
		<Point X = "300" Y = "147" T = "0" Pressure = "0" />
		<Point X = "297" Y = "151" T = "0" Pressure = "0" />
		<Point X = "297" Y = "152" T = "0" Pressure = "0" />
		<Point X = "294" Y = "156" T = "0" Pressure = "0" />
		<Point X = "293" Y = "159" T = "0" Pressure = "0" />
		<Point X = "293" Y = "160" T = "0" Pressure = "0" />
		<Point X = "292" Y = "162" T = "0" Pressure = "0" />
		<Point X = "291" Y = "164" T = "0" Pressure = "0" />
		<Point X = "291" Y = "165" T = "0" Pressure = "0" />
		<Point X = "291" Y = "166" T = "0" Pressure = "0" />
		<Point X = "291" Y = "168" T = "0" Pressure = "0" />
		<Point X = "291" Y = "169" T = "0" Pressure = "0" />
		<Point X = "291" Y = "171" T = "0" Pressure = "0" />
		<Point X = "291" Y = "172" T = "0" Pressure = "0" />
		<Point X = "291" Y = "175" T = "0" Pressure = "0" />
		<Point X = "291" Y = "179" T = "0" Pressure = "0" />
		<Point X = "291" Y = "182" T = "0" Pressure = "0" />
		<Point X = "291" Y = "186" T = "0" Pressure = "0" />
		<Point X = "291" Y = "190" T = "0" Pressure = "0" />
		<Point X = "291" Y = "193" T = "0" Pressure = "0" />
		<Point X = "291" Y = "196" T = "0" Pressure = "0" />
		<Point X = "291" Y = "200" T = "0" Pressure = "0" />
		<Point X = "292" Y = "203" T = "0" Pressure = "0" />
		<Point X = "295" Y = "207" T = "0" Pressure = "0" />
		<Point X = "299" Y = "211" T = "0" Pressure = "0" />
		<Point X = "304" Y = "214" T = "0" Pressure = "0" />
		<Point X = "307" Y = "218" T = "0" Pressure = "0" />
		<Point X = "313" Y = "221" T = "0" Pressure = "0" />
		<Point X = "317" Y = "223" T = "0" Pressure = "0" />
		<Point X = "321" Y = "224" T = "0" Pressure = "0" />
		<Point X = "323" Y = "225" T = "0" Pressure = "0" />
		<Point X = "328" Y = "226" T = "0" Pressure = "0" />
		<Point X = "331" Y = "226" T = "0" Pressure = "0" />
		<Point X = "335" Y = "227" T = "0" Pressure = "0" />
		<Point X = "339" Y = "228" T = "0" Pressure = "0" />
		<Point X = "345" Y = "231" T = "0" Pressure = "0" />
		<Point X = "349" Y = "232" T = "0" Pressure = "0" />
		<Point X = "354" Y = "233" T = "0" Pressure = "0" />
		<Point X = "359" Y = "234" T = "0" Pressure = "0" />
		<Point X = "364" Y = "237" T = "0" Pressure = "0" />
		<Point X = "366" Y = "237" T = "0" Pressure = "0" />
		<Point X = "367" Y = "237" T = "0" Pressure = "0" />
		<Point X = "369" Y = "237" T = "0" Pressure = "0" />
		<Point X = "370" Y = "237" T = "0" Pressure = "0" />
		<Point X = "374" Y = "237" T = "0" Pressure = "0" />
		<Point X = "380" Y = "237" T = "0" Pressure = "0" />
		<Point X = "386" Y = "237" T = "0" Pressure = "0" />
		<Point X = "396" Y = "237" T = "0" Pressure = "0" />
		<Point X = "403" Y = "237" T = "0" Pressure = "0" />
		<Point X = "411" Y = "237" T = "0" Pressure = "0" />
		<Point X = "413" Y = "237" T = "0" Pressure = "0" />
		<Point X = "418" Y = "235" T = "0" Pressure = "0" />
		<Point X = "421" Y = "232" T = "0" Pressure = "0" />
		<Point X = "422" Y = "231" T = "0" Pressure = "0" />
		<Point X = "423" Y = "227" T = "0" Pressure = "0" />
		<Point X = "426" Y = "223" T = "0" Pressure = "0" />
		<Point X = "426" Y = "220" T = "0" Pressure = "0" />
		<Point X = "426" Y = "218" T = "0" Pressure = "0" />
		<Point X = "427" Y = "215" T = "0" Pressure = "0" />
		<Point X = "427" Y = "212" T = "0" Pressure = "0" />
		<Point X = "427" Y = "211" T = "0" Pressure = "0" />
		<Point X = "427" Y = "209" T = "0" Pressure = "0" />
		<Point X = "427" Y = "204" T = "0" Pressure = "0" />
		<Point X = "427" Y = "201" T = "0" Pressure = "0" />
		<Point X = "427" Y = "199" T = "0" Pressure = "0" />
		<Point X = "426" Y = "194" T = "0" Pressure = "0" />
		<Point X = "424" Y = "188" T = "0" Pressure = "0" />
		<Point X = "422" Y = "182" T = "0" Pressure = "0" />
		<Point X = "419" Y = "177" T = "0" Pressure = "0" />
		<Point X = "417" Y = "171" T = "0" Pressure = "0" />
		<Point X = "414" Y = "168" T = "0" Pressure = "0" />
		<Point X = "412" Y = "164" T = "0" Pressure = "0" />
		<Point X = "410" Y = "162" T = "0" Pressure = "0" />
		<Point X = "408" Y = "159" T = "0" Pressure = "0" />
		<Point X = "406" Y = "157" T = "0" Pressure = "0" />
		<Point X = "405" Y = "156" T = "0" Pressure = "0" />
		<Point X = "404" Y = "154" T = "0" Pressure = "0" />
		<Point X = "401" Y = "152" T = "0" Pressure = "0" />
		<Point X = "399" Y = "151" T = "0" Pressure = "0" />
		<Point X = "396" Y = "149" T = "0" Pressure = "0" />
		<Point X = "393" Y = "148" T = "0" Pressure = "0" />
		<Point X = "390" Y = "147" T = "0" Pressure = "0" />
		<Point X = "388" Y = "147" T = "0" Pressure = "0" />
		<Point X = "387" Y = "147" T = "0" Pressure = "0" />
		<Point X = "385" Y = "147" T = "0" Pressure = "0" />
		<Point X = "382" Y = "147" T = "0" Pressure = "0" />
		<Point X = "379" Y = "147" T = "0" Pressure = "0" />
		<Point X = "375" Y = "147" T = "0" Pressure = "0" />
		<Point X = "372" Y = "147" T = "0" Pressure = "0" />
		<Point X = "368" Y = "147" T = "0" Pressure = "0" />
		<Point X = "365" Y = "147" T = "0" Pressure = "0" />
		<Point X = "362" Y = "147" T = "0" Pressure = "0" />
		<Point X = "360" Y = "147" T = "0" Pressure = "0" />
		<Point X = "358" Y = "147" T = "0" Pressure = "0" />
		<Point X = "354" Y = "147" T = "0" Pressure = "0" />
		<Point X = "353" Y = "147" T = "0" Pressure = "0" />
		<Point X = "352" Y = "148" T = "0" Pressure = "0" />
		<Point X = "351" Y = "148" T = "0" Pressure = "0" />
		<Point X = "351" Y = "149" T = "0" Pressure = "0" />
		<Point X = "349" Y = "150" T = "0" Pressure = "0" />
		<Point X = "349" Y = "152" T = "0" Pressure = "0" />
		<Point X = "347" Y = "155" T = "0" Pressure = "0" />
		<Point X = "347" Y = "157" T = "0" Pressure = "0" />
		<Point X = "347" Y = "158" T = "0" Pressure = "0" />
		<Point X = "346" Y = "160" T = "0" Pressure = "0" />
		<Point X = "346" Y = "161" T = "0" Pressure = "0" />
		<Point X = "346" Y = "163" T = "0" Pressure = "0" />
		<Point X = "346" Y = "164" T = "0" Pressure = "0" />
		<Point X = "346" Y = "167" T = "0" Pressure = "0" />
		<Point X = "346" Y = "169" T = "0" Pressure = "0" />
		<Point X = "346" Y = "171" T = "0" Pressure = "0" />
		<Point X = "346" Y = "172" T = "0" Pressure = "0" />
		<Point X = "346" Y = "174" T = "0" Pressure = "0" />
		<Point X = "346" Y = "176" T = "0" Pressure = "0" />
		<Point X = "346" Y = "178" T = "0" Pressure = "0" />
		<Point X = "346" Y = "179" T = "0" Pressure = "0" />
		<Point X = "346" Y = "181" T = "0" Pressure = "0" />
		<Point X = "347" Y = "183" T = "0" Pressure = "0" />
		<Point X = "347" Y = "184" T = "0" Pressure = "0" />
		<Point X = "348" Y = "185" T = "0" Pressure = "0" />
		<Point X = "348" Y = "187" T = "0" Pressure = "0" />
		<Point X = "350" Y = "189" T = "0" Pressure = "0" />
		<Point X = "351" Y = "191" T = "0" Pressure = "0" />
		<Point X = "352" Y = "192" T = "0" Pressure = "0" />
		<Point X = "354" Y = "194" T = "0" Pressure = "0" />
		<Point X = "355" Y = "195" T = "0" Pressure = "0" />
		<Point X = "356" Y = "197" T = "0" Pressure = "0" />
		<Point X = "357" Y = "197" T = "0" Pressure = "0" />
		<Point X = "358" Y = "198" T = "0" Pressure = "0" />
		<Point X = "360" Y = "198" T = "0" Pressure = "0" />
		<Point X = "361" Y = "199" T = "0" Pressure = "0" />
		<Point X = "362" Y = "199" T = "0" Pressure = "0" />
		<Point X = "364" Y = "200" T = "0" Pressure = "0" />
		<Point X = "367" Y = "200" T = "0" Pressure = "0" />
		<Point X = "368" Y = "200" T = "0" Pressure = "0" />
		<Point X = "371" Y = "202" T = "0" Pressure = "0" />
		<Point X = "372" Y = "202" T = "0" Pressure = "0" />
		<Point X = "374" Y = "203" T = "0" Pressure = "0" />
		<Point X = "375" Y = "203" T = "0" Pressure = "0" />
		<Point X = "377" Y = "203" T = "0" Pressure = "0" />
		<Point X = "378" Y = "203" T = "0" Pressure = "0" />
		<Point X = "379" Y = "203" T = "0" Pressure = "0" />
		<Point X = "380" Y = "203" T = "0" Pressure = "0" />
		<Point X = "381" Y = "202" T = "0" Pressure = "0" />
		<Point X = "381" Y = "201" T = "0" Pressure = "0" />
		<Point X = "381" Y = "199" T = "0" Pressure = "0" />
		<Point X = "381" Y = "197" T = "0" Pressure = "0" />
		<Point X = "381" Y = "196" T = "0" Pressure = "0" />
		<Point X = "381" Y = "192" T = "0" Pressure = "0" />
		<Point X = "381" Y = "191" T = "0" Pressure = "0" />
		<Point X = "381" Y = "190" T = "0" Pressure = "0" />
		<Point X = "380" Y = "188" T = "0" Pressure = "0" />
		<Point X = "380" Y = "186" T = "0" Pressure = "0" />
		<Point X = "379" Y = "186" T = "0" Pressure = "0" />
		<Point X = "378" Y = "184" T = "0" Pressure = "0" />
		<Point X = "377" Y = "183" T = "0" Pressure = "0" />
		<Point X = "376" Y = "181" T = "0" Pressure = "0" />
		<Point X = "375" Y = "179" T = "0" Pressure = "0" />
		<Point X = "373" Y = "178" T = "0" Pressure = "0" />
		<Point X = "373" Y = "176" T = "0" Pressure = "0" />
		<Point X = "373" Y = "175" T = "0" Pressure = "0" />
		<Point X = "372" Y = "174" T = "0" Pressure = "0" />
		<Point X = "371" Y = "174" T = "0" Pressure = "0" />
		<Point X = "370" Y = "174" T = "0" Pressure = "0" />
		<Point X = "369" Y = "174" T = "0" Pressure = "0" />
		<Point X = "367" Y = "175" T = "0" Pressure = "0" />
		<Point X = "367" Y = "176" T = "0" Pressure = "0" />
	</Stroke>
</Gesture>
