<?xml version="1.0" encoding="utf-8" standalone="yes"?>
<Gesture Name = "spiral">
	<Stroke>
		<Point X = "358" Y = "126" T = "0" Pressure = "0" />
		<Point X = "358" Y = "127" T = "0" Pressure = "0" />
		<Point X = "358" Y = "130" T = "0" Pressure = "0" />
		<Point X = "359" Y = "134" T = "0" Pressure = "0" />
		<Point X = "359" Y = "139" T = "0" Pressure = "0" />
		<Point X = "359" Y = "143" T = "0" Pressure = "0" />
		<Point X = "359" Y = "148" T = "0" Pressure = "0" />
		<Point X = "359" Y = "154" T = "0" Pressure = "0" />
		<Point X = "359" Y = "161" T = "0" Pressure = "0" />
		<Point X = "359" Y = "168" T = "0" Pressure = "0" />
		<Point X = "356" Y = "174" T = "0" Pressure = "0" />
		<Point X = "353" Y = "184" T = "0" Pressure = "0" />
		<Point X = "350" Y = "192" T = "0" Pressure = "0" />
		<Point X = "346" Y = "201" T = "0" Pressure = "0" />
		<Point X = "344" Y = "209" T = "0" Pressure = "0" />
		<Point X = "340" Y = "216" T = "0" Pressure = "0" />
		<Point X = "337" Y = "222" T = "0" Pressure = "0" />
		<Point X = "334" Y = "225" T = "0" Pressure = "0" />
		<Point X = "332" Y = "228" T = "0" Pressure = "0" />
		<Point X = "329" Y = "230" T = "0" Pressure = "0" />
		<Point X = "328" Y = "231" T = "0" Pressure = "0" />
		<Point X = "324" Y = "233" T = "0" Pressure = "0" />
		<Point X = "321" Y = "234" T = "0" Pressure = "0" />
		<Point X = "319" Y = "235" T = "0" Pressure = "0" />
		<Point X = "317" Y = "235" T = "0" Pressure = "0" />
		<Point X = "313" Y = "235" T = "0" Pressure = "0" />
		<Point X = "309" Y = "235" T = "0" Pressure = "0" />
		<Point X = "303" Y = "235" T = "0" Pressure = "0" />
		<Point X = "297" Y = "235" T = "0" Pressure = "0" />
		<Point X = "290" Y = "231" T = "0" Pressure = "0" />
		<Point X = "284" Y = "229" T = "0" Pressure = "0" />
		<Point X = "282" Y = "227" T = "0" Pressure = "0" />
		<Point X = "280" Y = "226" T = "0" Pressure = "0" />
		<Point X = "279" Y = "225" T = "0" Pressure = "0" />
		<Point X = "278" Y = "224" T = "0" Pressure = "0" />
		<Point X = "278" Y = "219" T = "0" Pressure = "0" />
		<Point X = "276" Y = "215" T = "0" Pressure = "0" />
		<Point X = "276" Y = "211" T = "0" Pressure = "0" />
		<Point X = "275" Y = "202" T = "0" Pressure = "0" />
		<Point X = "274" Y = "196" T = "0" Pressure = "0" />
		<Point X = "273" Y = "189" T = "0" Pressure = "0" />
		<Point X = "273" Y = "183" T = "0" Pressure = "0" />
		<Point X = "271" Y = "175" T = "0" Pressure = "0" />
		<Point X = "271" Y = "171" T = "0" Pressure = "0" />
		<Point X = "271" Y = "167" T = "0" Pressure = "0" />
		<Point X = "271" Y = "161" T = "0" Pressure = "0" />
		<Point X = "271" Y = "157" T = "0" Pressure = "0" />
		<Point X = "271" Y = "153" T = "0" Pressure = "0" />
		<Point X = "271" Y = "151" T = "0" Pressure = "0" />
		<Point X = "271" Y = "148" T = "0" Pressure = "0" />
		<Point X = "271" Y = "147" T = "0" Pressure = "0" />
		<Point X = "271" Y = "146" T = "0" Pressure = "0" />
		<Point X = "271" Y = "144" T = "0" Pressure = "0" />
		<Point X = "271" Y = "143" T = "0" Pressure = "0" />
		<Point X = "272" Y = "142" T = "0" Pressure = "0" />
		<Point X = "274" Y = "140" T = "0" Pressure = "0" />
		<Point X = "275" Y = "139" T = "0" Pressure = "0" />
		<Point X = "280" Y = "136" T = "0" Pressure = "0" />
		<Point X = "286" Y = "134" T = "0" Pressure = "0" />
		<Point X = "292" Y = "133" T = "0" Pressure = "0" />
		<Point X = "298" Y = "130" T = "0" Pressure = "0" />
		<Point X = "303" Y = "129" T = "0" Pressure = "0" />
		<Point X = "305" Y = "129" T = "0" Pressure = "0" />
		<Point X = "306" Y = "129" T = "0" Pressure = "0" />
		<Point X = "307" Y = "129" T = "0" Pressure = "0" />
		<Point X = "308" Y = "129" T = "0" Pressure = "0" />
		<Point X = "309" Y = "129" T = "0" Pressure = "0" />
		<Point X = "310" Y = "129" T = "0" Pressure = "0" />
		<Point X = "313" Y = "129" T = "0" Pressure = "0" />
		<Point X = "315" Y = "131" T = "0" Pressure = "0" />
		<Point X = "320" Y = "137" T = "0" Pressure = "0" />
		<Point X = "324" Y = "141" T = "0" Pressure = "0" />
		<Point X = "329" Y = "148" T = "0" Pressure = "0" />
		<Point X = "333" Y = "153" T = "0" Pressure = "0" />
		<Point X = "334" Y = "155" T = "0" Pressure = "0" />
		<Point X = "335" Y = "158" T = "0" Pressure = "0" />
		<Point X = "335" Y = "160" T = "0" Pressure = "0" />
		<Point X = "335" Y = "162" T = "0" Pressure = "0" />
		<Point X = "335" Y = "164" T = "0" Pressure = "0" />
		<Point X = "335" Y = "167" T = "0" Pressure = "0" />
		<Point X = "335" Y = "170" T = "0" Pressure = "0" />
		<Point X = "333" Y = "174" T = "0" Pressure = "0" />
		<Point X = "331" Y = "175" T = "0" Pressure = "0" />
		<Point X = "326" Y = "177" T = "0" Pressure = "0" />
		<Point X = "324" Y = "179" T = "0" Pressure = "0" />
		<Point X = "320" Y = "181" T = "0" Pressure = "0" />
		<Point X = "317" Y = "183" T = "0" Pressure = "0" />
		<Point X = "314" Y = "187" T = "0" Pressure = "0" />
		<Point X = "311" Y = "188" T = "0" Pressure = "0" />
		<Point X = "310" Y = "189" T = "0" Pressure = "0" />
		<Point X = "309" Y = "190" T = "0" Pressure = "0" />
		<Point X = "308" Y = "191" T = "0" Pressure = "0" />
		<Point X = "307" Y = "191" T = "0" Pressure = "0" />
		<Point X = "305" Y = "191" T = "0" Pressure = "0" />
		<Point X = "303" Y = "191" T = "0" Pressure = "0" />
		<Point X = "301" Y = "191" T = "0" Pressure = "0" />
		<Point X = "298" Y = "189" T = "0" Pressure = "0" />
		<Point X = "296" Y = "187" T = "0" Pressure = "0" />
		<Point X = "294" Y = "181" T = "0" Pressure = "0" />
		<Point X = "292" Y = "178" T = "0" Pressure = "0" />
		<Point X = "291" Y = "173" T = "0" Pressure = "0" />
		<Point X = "290" Y = "171" T = "0" Pressure = "0" />
		<Point X = "290" Y = "170" T = "0" Pressure = "0" />
		<Point X = "290" Y = "169" T = "0" Pressure = "0" />
		<Point X = "290" Y = "166" T = "0" Pressure = "0" />
		<Point X = "290" Y = "164" T = "0" Pressure = "0" />
		<Point X = "290" Y = "161" T = "0" Pressure = "0" />
		<Point X = "291" Y = "159" T = "0" Pressure = "0" />
		<Point X = "291" Y = "158" T = "0" Pressure = "0" />
		<Point X = "292" Y = "158" T = "0" Pressure = "0" />
		<Point X = "293" Y = "157" T = "0" Pressure = "0" />
		<Point X = "293" Y = "156" T = "0" Pressure = "0" />
		<Point X = "294" Y = "155" T = "0" Pressure = "0" />
		<Point X = "295" Y = "155" T = "0" Pressure = "0" />
		<Point X = "296" Y = "155" T = "0" Pressure = "0" />
		<Point X = "297" Y = "155" T = "0" Pressure = "0" />
		<Point X = "298" Y = "155" T = "0" Pressure = "0" />
		<Point X = "299" Y = "155" T = "0" Pressure = "0" />
		<Point X = "300" Y = "155" T = "0" Pressure = "0" />
		<Point X = "301" Y = "155" T = "0" Pressure = "0" />
		<Point X = "303" Y = "156" T = "0" Pressure = "0" />
		<Point X = "304" Y = "158" T = "0" Pressure = "0" />
		<Point X = "306" Y = "161" T = "0" Pressure = "0" />
		<Point X = "307" Y = "163" T = "0" Pressure = "0" />
		<Point X = "307" Y = "164" T = "0" Pressure = "0" />
		<Point X = "308" Y = "165" T = "0" Pressure = "0" />
		<Point X = "308" Y = "166" T = "0" Pressure = "0" />
	</Stroke>
</Gesture>
