<?xml version="1.0" encoding="utf-8" standalone="yes"?>
<Gesture Name = "spiral">
	<Stroke>
		<Point X = "81" Y = "144" T = "0" Pressure = "0" />
		<Point X = "80" Y = "140" T = "0" Pressure = "0" />
		<Point X = "80" Y = "136" T = "0" Pressure = "0" />
		<Point X = "80" Y = "129" T = "0" Pressure = "0" />
		<Point X = "80" Y = "122" T = "0" Pressure = "0" />
		<Point X = "81" Y = "115" T = "0" Pressure = "0" />
		<Point X = "82" Y = "109" T = "0" Pressure = "0" />
		<Point X = "84" Y = "104" T = "0" Pressure = "0" />
		<Point X = "87" Y = "100" T = "0" Pressure = "0" />
		<Point X = "87" Y = "97" T = "0" Pressure = "0" />
		<Point X = "90" Y = "93" T = "0" Pressure = "0" />
		<Point X = "92" Y = "91" T = "0" Pressure = "0" />
		<Point X = "95" Y = "88" T = "0" Pressure = "0" />
		<Point X = "101" Y = "85" T = "0" Pressure = "0" />
		<Point X = "108" Y = "84" T = "0" Pressure = "0" />
		<Point X = "117" Y = "84" T = "0" Pressure = "0" />
		<Point X = "128" Y = "84" T = "0" Pressure = "0" />
		<Point X = "142" Y = "84" T = "0" Pressure = "0" />
		<Point X = "153" Y = "84" T = "0" Pressure = "0" />
		<Point X = "164" Y = "87" T = "0" Pressure = "0" />
		<Point X = "171" Y = "89" T = "0" Pressure = "0" />
		<Point X = "180" Y = "92" T = "0" Pressure = "0" />
		<Point X = "184" Y = "95" T = "0" Pressure = "0" />
		<Point X = "191" Y = "99" T = "0" Pressure = "0" />
		<Point X = "194" Y = "103" T = "0" Pressure = "0" />
		<Point X = "200" Y = "111" T = "0" Pressure = "0" />
		<Point X = "202" Y = "119" T = "0" Pressure = "0" />
		<Point X = "206" Y = "129" T = "0" Pressure = "0" />
		<Point X = "211" Y = "137" T = "0" Pressure = "0" />
		<Point X = "213" Y = "146" T = "0" Pressure = "0" />
		<Point X = "216" Y = "156" T = "0" Pressure = "0" />
		<Point X = "217" Y = "164" T = "0" Pressure = "0" />
		<Point X = "218" Y = "171" T = "0" Pressure = "0" />
		<Point X = "218" Y = "179" T = "0" Pressure = "0" />
		<Point X = "218" Y = "187" T = "0" Pressure = "0" />
		<Point X = "218" Y = "197" T = "0" Pressure = "0" />
		<Point X = "218" Y = "204" T = "0" Pressure = "0" />
		<Point X = "215" Y = "213" T = "0" Pressure = "0" />
		<Point X = "211" Y = "219" T = "0" Pressure = "0" />
		<Point X = "206" Y = "226" T = "0" Pressure = "0" />
		<Point X = "201" Y = "231" T = "0" Pressure = "0" />
		<Point X = "199" Y = "234" T = "0" Pressure = "0" />
		<Point X = "197" Y = "234" T = "0" Pressure = "0" />
		<Point X = "194" Y = "234" T = "0" Pressure = "0" />
		<Point X = "190" Y = "234" T = "0" Pressure = "0" />
		<Point X = "187" Y = "234" T = "0" Pressure = "0" />
		<Point X = "184" Y = "234" T = "0" Pressure = "0" />
		<Point X = "180" Y = "234" T = "0" Pressure = "0" />
		<Point X = "176" Y = "234" T = "0" Pressure = "0" />
		<Point X = "173" Y = "234" T = "0" Pressure = "0" />
		<Point X = "168" Y = "234" T = "0" Pressure = "0" />
		<Point X = "161" Y = "233" T = "0" Pressure = "0" />
		<Point X = "155" Y = "231" T = "0" Pressure = "0" />
		<Point X = "149" Y = "228" T = "0" Pressure = "0" />
		<Point X = "142" Y = "223" T = "0" Pressure = "0" />
		<Point X = "137" Y = "219" T = "0" Pressure = "0" />
		<Point X = "133" Y = "217" T = "0" Pressure = "0" />
		<Point X = "128" Y = "213" T = "0" Pressure = "0" />
		<Point X = "123" Y = "208" T = "0" Pressure = "0" />
		<Point X = "122" Y = "206" T = "0" Pressure = "0" />
		<Point X = "120" Y = "201" T = "0" Pressure = "0" />
		<Point X = "119" Y = "195" T = "0" Pressure = "0" />
		<Point X = "119" Y = "189" T = "0" Pressure = "0" />
		<Point X = "119" Y = "184" T = "0" Pressure = "0" />
		<Point X = "119" Y = "176" T = "0" Pressure = "0" />
		<Point X = "119" Y = "171" T = "0" Pressure = "0" />
		<Point X = "119" Y = "165" T = "0" Pressure = "0" />
		<Point X = "119" Y = "161" T = "0" Pressure = "0" />
		<Point X = "121" Y = "155" T = "0" Pressure = "0" />
		<Point X = "124" Y = "149" T = "0" Pressure = "0" />
		<Point X = "128" Y = "145" T = "0" Pressure = "0" />
		<Point X = "133" Y = "140" T = "0" Pressure = "0" />
		<Point X = "137" Y = "136" T = "0" Pressure = "0" />
		<Point X = "141" Y = "134" T = "0" Pressure = "0" />
		<Point X = "145" Y = "132" T = "0" Pressure = "0" />
		<Point X = "148" Y = "131" T = "0" Pressure = "0" />
		<Point X = "150" Y = "131" T = "0" Pressure = "0" />
		<Point X = "151" Y = "131" T = "0" Pressure = "0" />
		<Point X = "152" Y = "131" T = "0" Pressure = "0" />
		<Point X = "154" Y = "131" T = "0" Pressure = "0" />
		<Point X = "155" Y = "131" T = "0" Pressure = "0" />
		<Point X = "157" Y = "131" T = "0" Pressure = "0" />
		<Point X = "158" Y = "131" T = "0" Pressure = "0" />
		<Point X = "161" Y = "132" T = "0" Pressure = "0" />
		<Point X = "163" Y = "133" T = "0" Pressure = "0" />
		<Point X = "166" Y = "135" T = "0" Pressure = "0" />
		<Point X = "168" Y = "137" T = "0" Pressure = "0" />
		<Point X = "172" Y = "141" T = "0" Pressure = "0" />
		<Point X = "174" Y = "143" T = "0" Pressure = "0" />
		<Point X = "175" Y = "146" T = "0" Pressure = "0" />
		<Point X = "176" Y = "149" T = "0" Pressure = "0" />
		<Point X = "178" Y = "153" T = "0" Pressure = "0" />
		<Point X = "178" Y = "156" T = "0" Pressure = "0" />
		<Point X = "179" Y = "159" T = "0" Pressure = "0" />
		<Point X = "180" Y = "165" T = "0" Pressure = "0" />
		<Point X = "180" Y = "167" T = "0" Pressure = "0" />
		<Point X = "180" Y = "173" T = "0" Pressure = "0" />
		<Point X = "180" Y = "177" T = "0" Pressure = "0" />
		<Point X = "180" Y = "179" T = "0" Pressure = "0" />
		<Point X = "180" Y = "181" T = "0" Pressure = "0" />
		<Point X = "180" Y = "184" T = "0" Pressure = "0" />
		<Point X = "180" Y = "185" T = "0" Pressure = "0" />
		<Point X = "179" Y = "185" T = "0" Pressure = "0" />
		<Point X = "178" Y = "186" T = "0" Pressure = "0" />
		<Point X = "176" Y = "186" T = "0" Pressure = "0" />
		<Point X = "173" Y = "186" T = "0" Pressure = "0" />
		<Point X = "171" Y = "186" T = "0" Pressure = "0" />
		<Point X = "168" Y = "186" T = "0" Pressure = "0" />
		<Point X = "165" Y = "186" T = "0" Pressure = "0" />
		<Point X = "163" Y = "186" T = "0" Pressure = "0" />
		<Point X = "162" Y = "186" T = "0" Pressure = "0" />
		<Point X = "161" Y = "186" T = "0" Pressure = "0" />
		<Point X = "160" Y = "186" T = "0" Pressure = "0" />
		<Point X = "159" Y = "186" T = "0" Pressure = "0" />
		<Point X = "158" Y = "186" T = "0" Pressure = "0" />
		<Point X = "156" Y = "186" T = "0" Pressure = "0" />
		<Point X = "155" Y = "185" T = "0" Pressure = "0" />
		<Point X = "153" Y = "184" T = "0" Pressure = "0" />
		<Point X = "153" Y = "182" T = "0" Pressure = "0" />
		<Point X = "151" Y = "180" T = "0" Pressure = "0" />
		<Point X = "150" Y = "178" T = "0" Pressure = "0" />
		<Point X = "147" Y = "176" T = "0" Pressure = "0" />
		<Point X = "146" Y = "174" T = "0" Pressure = "0" />
		<Point X = "146" Y = "172" T = "0" Pressure = "0" />
		<Point X = "146" Y = "171" T = "0" Pressure = "0" />
		<Point X = "146" Y = "170" T = "0" Pressure = "0" />
		<Point X = "146" Y = "169" T = "0" Pressure = "0" />
		<Point X = "145" Y = "167" T = "0" Pressure = "0" />
		<Point X = "145" Y = "165" T = "0" Pressure = "0" />
		<Point X = "145" Y = "163" T = "0" Pressure = "0" />
		<Point X = "145" Y = "161" T = "0" Pressure = "0" />
		<Point X = "146" Y = "159" T = "0" Pressure = "0" />
		<Point X = "147" Y = "157" T = "0" Pressure = "0" />
		<Point X = "147" Y = "155" T = "0" Pressure = "0" />
		<Point X = "148" Y = "155" T = "0" Pressure = "0" />
		<Point X = "149" Y = "155" T = "0" Pressure = "0" />
		<Point X = "150" Y = "155" T = "0" Pressure = "0" />
		<Point X = "153" Y = "155" T = "0" Pressure = "0" />
		<Point X = "154" Y = "155" T = "0" Pressure = "0" />
		<Point X = "156" Y = "156" T = "0" Pressure = "0" />
		<Point X = "157" Y = "157" T = "0" Pressure = "0" />
		<Point X = "158" Y = "158" T = "0" Pressure = "0" />
		<Point X = "159" Y = "159" T = "0" Pressure = "0" />
		<Point X = "160" Y = "160" T = "0" Pressure = "0" />
		<Point X = "160" Y = "162" T = "0" Pressure = "0" />
		<Point X = "160" Y = "163" T = "0" Pressure = "0" />
		<Point X = "160" Y = "164" T = "0" Pressure = "0" />
		<Point X = "160" Y = "165" T = "0" Pressure = "0" />
		<Point X = "160" Y = "166" T = "0" Pressure = "0" />
		<Point X = "160" Y = "167" T = "0" Pressure = "0" />
	</Stroke>
</Gesture>
