<?xml version="1.0" encoding="utf-8" standalone="yes"?>
<Gesture Name = "spiral">
	<Stroke>
		<Point X = "88" Y = "125" T = "0" Pressure = "0" />
		<Point X = "89" Y = "125" T = "0" Pressure = "0" />
		<Point X = "90" Y = "124" T = "0" Pressure = "0" />
		<Point X = "91" Y = "124" T = "0" Pressure = "0" />
		<Point X = "92" Y = "124" T = "0" Pressure = "0" />
		<Point X = "92" Y = "123" T = "0" Pressure = "0" />
		<Point X = "94" Y = "123" T = "0" Pressure = "0" />
		<Point X = "98" Y = "123" T = "0" Pressure = "0" />
		<Point X = "102" Y = "123" T = "0" Pressure = "0" />
		<Point X = "106" Y = "123" T = "0" Pressure = "0" />
		<Point X = "114" Y = "123" T = "0" Pressure = "0" />
		<Point X = "125" Y = "123" T = "0" Pressure = "0" />
		<Point X = "137" Y = "123" T = "0" Pressure = "0" />
		<Point X = "149" Y = "123" T = "0" Pressure = "0" />
		<Point X = "162" Y = "123" T = "0" Pressure = "0" />
		<Point X = "173" Y = "121" T = "0" Pressure = "0" />
		<Point X = "180" Y = "120" T = "0" Pressure = "0" />
		<Point X = "184" Y = "120" T = "0" Pressure = "0" />
		<Point X = "189" Y = "118" T = "0" Pressure = "0" />
		<Point X = "196" Y = "117" T = "0" Pressure = "0" />
		<Point X = "200" Y = "116" T = "0" Pressure = "0" />
		<Point X = "202" Y = "114" T = "0" Pressure = "0" />
		<Point X = "207" Y = "114" T = "0" Pressure = "0" />
		<Point X = "211" Y = "113" T = "0" Pressure = "0" />
		<Point X = "218" Y = "113" T = "0" Pressure = "0" />
		<Point X = "222" Y = "113" T = "0" Pressure = "0" />
		<Point X = "226" Y = "113" T = "0" Pressure = "0" />
		<Point X = "229" Y = "113" T = "0" Pressure = "0" />
		<Point X = "232" Y = "113" T = "0" Pressure = "0" />
		<Point X = "235" Y = "113" T = "0" Pressure = "0" />
		<Point X = "236" Y = "113" T = "0" Pressure = "0" />
		<Point X = "241" Y = "114" T = "0" Pressure = "0" />
		<Point X = "246" Y = "116" T = "0" Pressure = "0" />
		<Point X = "255" Y = "120" T = "0" Pressure = "0" />
		<Point X = "263" Y = "123" T = "0" Pressure = "0" />
		<Point X = "272" Y = "128" T = "0" Pressure = "0" />
		<Point X = "277" Y = "130" T = "0" Pressure = "0" />
		<Point X = "280" Y = "132" T = "0" Pressure = "0" />
		<Point X = "281" Y = "133" T = "0" Pressure = "0" />
		<Point X = "284" Y = "134" T = "0" Pressure = "0" />
		<Point X = "285" Y = "137" T = "0" Pressure = "0" />
		<Point X = "288" Y = "140" T = "0" Pressure = "0" />
		<Point X = "290" Y = "145" T = "0" Pressure = "0" />
		<Point X = "293" Y = "149" T = "0" Pressure = "0" />
		<Point X = "295" Y = "157" T = "0" Pressure = "0" />
		<Point X = "299" Y = "164" T = "0" Pressure = "0" />
		<Point X = "303" Y = "173" T = "0" Pressure = "0" />
		<Point X = "307" Y = "178" T = "0" Pressure = "0" />
		<Point X = "308" Y = "186" T = "0" Pressure = "0" />
		<Point X = "310" Y = "191" T = "0" Pressure = "0" />
		<Point X = "312" Y = "197" T = "0" Pressure = "0" />
		<Point X = "314" Y = "205" T = "0" Pressure = "0" />
		<Point X = "314" Y = "209" T = "0" Pressure = "0" />
		<Point X = "315" Y = "215" T = "0" Pressure = "0" />
		<Point X = "315" Y = "216" T = "0" Pressure = "0" />
		<Point X = "315" Y = "224" T = "0" Pressure = "0" />
		<Point X = "317" Y = "230" T = "0" Pressure = "0" />
		<Point X = "317" Y = "237" T = "0" Pressure = "0" />
		<Point X = "317" Y = "242" T = "0" Pressure = "0" />
		<Point X = "317" Y = "244" T = "0" Pressure = "0" />
		<Point X = "317" Y = "247" T = "0" Pressure = "0" />
		<Point X = "317" Y = "250" T = "0" Pressure = "0" />
		<Point X = "317" Y = "251" T = "0" Pressure = "0" />
		<Point X = "317" Y = "253" T = "0" Pressure = "0" />
		<Point X = "316" Y = "255" T = "0" Pressure = "0" />
		<Point X = "314" Y = "258" T = "0" Pressure = "0" />
		<Point X = "313" Y = "261" T = "0" Pressure = "0" />
		<Point X = "310" Y = "266" T = "0" Pressure = "0" />
		<Point X = "307" Y = "268" T = "0" Pressure = "0" />
		<Point X = "302" Y = "273" T = "0" Pressure = "0" />
		<Point X = "297" Y = "278" T = "0" Pressure = "0" />
		<Point X = "292" Y = "283" T = "0" Pressure = "0" />
		<Point X = "286" Y = "287" T = "0" Pressure = "0" />
		<Point X = "281" Y = "291" T = "0" Pressure = "0" />
		<Point X = "277" Y = "293" T = "0" Pressure = "0" />
		<Point X = "272" Y = "296" T = "0" Pressure = "0" />
		<Point X = "270" Y = "298" T = "0" Pressure = "0" />
		<Point X = "266" Y = "298" T = "0" Pressure = "0" />
		<Point X = "265" Y = "298" T = "0" Pressure = "0" />
		<Point X = "263" Y = "298" T = "0" Pressure = "0" />
		<Point X = "260" Y = "300" T = "0" Pressure = "0" />
		<Point X = "257" Y = "300" T = "0" Pressure = "0" />
		<Point X = "252" Y = "300" T = "0" Pressure = "0" />
		<Point X = "247" Y = "301" T = "0" Pressure = "0" />
		<Point X = "241" Y = "301" T = "0" Pressure = "0" />
		<Point X = "234" Y = "301" T = "0" Pressure = "0" />
		<Point X = "226" Y = "301" T = "0" Pressure = "0" />
		<Point X = "221" Y = "301" T = "0" Pressure = "0" />
		<Point X = "211" Y = "301" T = "0" Pressure = "0" />
		<Point X = "204" Y = "301" T = "0" Pressure = "0" />
		<Point X = "197" Y = "301" T = "0" Pressure = "0" />
		<Point X = "192" Y = "301" T = "0" Pressure = "0" />
		<Point X = "189" Y = "301" T = "0" Pressure = "0" />
		<Point X = "184" Y = "301" T = "0" Pressure = "0" />
		<Point X = "180" Y = "300" T = "0" Pressure = "0" />
		<Point X = "178" Y = "299" T = "0" Pressure = "0" />
		<Point X = "175" Y = "299" T = "0" Pressure = "0" />
		<Point X = "173" Y = "297" T = "0" Pressure = "0" />
		<Point X = "171" Y = "296" T = "0" Pressure = "0" />
		<Point X = "169" Y = "296" T = "0" Pressure = "0" />
		<Point X = "167" Y = "296" T = "0" Pressure = "0" />
		<Point X = "164" Y = "295" T = "0" Pressure = "0" />
		<Point X = "160" Y = "293" T = "0" Pressure = "0" />
		<Point X = "156" Y = "292" T = "0" Pressure = "0" />
		<Point X = "152" Y = "291" T = "0" Pressure = "0" />
		<Point X = "147" Y = "290" T = "0" Pressure = "0" />
		<Point X = "146" Y = "288" T = "0" Pressure = "0" />
		<Point X = "144" Y = "288" T = "0" Pressure = "0" />
		<Point X = "142" Y = "287" T = "0" Pressure = "0" />
		<Point X = "141" Y = "285" T = "0" Pressure = "0" />
		<Point X = "139" Y = "283" T = "0" Pressure = "0" />
		<Point X = "137" Y = "279" T = "0" Pressure = "0" />
		<Point X = "135" Y = "276" T = "0" Pressure = "0" />
		<Point X = "134" Y = "269" T = "0" Pressure = "0" />
		<Point X = "131" Y = "263" T = "0" Pressure = "0" />
		<Point X = "130" Y = "256" T = "0" Pressure = "0" />
		<Point X = "130" Y = "248" T = "0" Pressure = "0" />
		<Point X = "129" Y = "241" T = "0" Pressure = "0" />
		<Point X = "129" Y = "232" T = "0" Pressure = "0" />
		<Point X = "129" Y = "224" T = "0" Pressure = "0" />
		<Point X = "129" Y = "217" T = "0" Pressure = "0" />
		<Point X = "132" Y = "209" T = "0" Pressure = "0" />
		<Point X = "135" Y = "204" T = "0" Pressure = "0" />
		<Point X = "138" Y = "199" T = "0" Pressure = "0" />
		<Point X = "143" Y = "194" T = "0" Pressure = "0" />
		<Point X = "148" Y = "189" T = "0" Pressure = "0" />
		<Point X = "152" Y = "184" T = "0" Pressure = "0" />
		<Point X = "157" Y = "178" T = "0" Pressure = "0" />
		<Point X = "161" Y = "173" T = "0" Pressure = "0" />
		<Point X = "166" Y = "168" T = "0" Pressure = "0" />
		<Point X = "168" Y = "165" T = "0" Pressure = "0" />
		<Point X = "172" Y = "161" T = "0" Pressure = "0" />
		<Point X = "174" Y = "159" T = "0" Pressure = "0" />
		<Point X = "177" Y = "157" T = "0" Pressure = "0" />
		<Point X = "179" Y = "156" T = "0" Pressure = "0" />
		<Point X = "184" Y = "153" T = "0" Pressure = "0" />
		<Point X = "187" Y = "152" T = "0" Pressure = "0" />
		<Point X = "190" Y = "152" T = "0" Pressure = "0" />
		<Point X = "196" Y = "149" T = "0" Pressure = "0" />
		<Point X = "198" Y = "149" T = "0" Pressure = "0" />
		<Point X = "200" Y = "149" T = "0" Pressure = "0" />
		<Point X = "204" Y = "149" T = "0" Pressure = "0" />
		<Point X = "207" Y = "148" T = "0" Pressure = "0" />
		<Point X = "211" Y = "148" T = "0" Pressure = "0" />
		<Point X = "214" Y = "148" T = "0" Pressure = "0" />
		<Point X = "216" Y = "148" T = "0" Pressure = "0" />
		<Point X = "219" Y = "148" T = "0" Pressure = "0" />
		<Point X = "222" Y = "151" T = "0" Pressure = "0" />
		<Point X = "225" Y = "157" T = "0" Pressure = "0" />
		<Point X = "231" Y = "164" T = "0" Pressure = "0" />
		<Point X = "236" Y = "171" T = "0" Pressure = "0" />
		<Point X = "238" Y = "178" T = "0" Pressure = "0" />
		<Point X = "241" Y = "184" T = "0" Pressure = "0" />
		<Point X = "244" Y = "190" T = "0" Pressure = "0" />
		<Point X = "245" Y = "196" T = "0" Pressure = "0" />
		<Point X = "246" Y = "203" T = "0" Pressure = "0" />
		<Point X = "248" Y = "209" T = "0" Pressure = "0" />
		<Point X = "249" Y = "213" T = "0" Pressure = "0" />
		<Point X = "249" Y = "217" T = "0" Pressure = "0" />
		<Point X = "249" Y = "220" T = "0" Pressure = "0" />
		<Point X = "249" Y = "222" T = "0" Pressure = "0" />
		<Point X = "249" Y = "227" T = "0" Pressure = "0" />
		<Point X = "249" Y = "231" T = "0" Pressure = "0" />
		<Point X = "249" Y = "234" T = "0" Pressure = "0" />
		<Point X = "249" Y = "237" T = "0" Pressure = "0" />
		<Point X = "249" Y = "241" T = "0" Pressure = "0" />
		<Point X = "249" Y = "244" T = "0" Pressure = "0" />
		<Point X = "247" Y = "249" T = "0" Pressure = "0" />
		<Point X = "245" Y = "252" T = "0" Pressure = "0" />
		<Point X = "243" Y = "256" T = "0" Pressure = "0" />
		<Point X = "239" Y = "262" T = "0" Pressure = "0" />
		<Point X = "237" Y = "264" T = "0" Pressure = "0" />
		<Point X = "236" Y = "266" T = "0" Pressure = "0" />
		<Point X = "234" Y = "267" T = "0" Pressure = "0" />
		<Point X = "233" Y = "268" T = "0" Pressure = "0" />
		<Point X = "232" Y = "268" T = "0" Pressure = "0" />
		<Point X = "231" Y = "268" T = "0" Pressure = "0" />
		<Point X = "229" Y = "268" T = "0" Pressure = "0" />
		<Point X = "226" Y = "268" T = "0" Pressure = "0" />
		<Point X = "224" Y = "268" T = "0" Pressure = "0" />
		<Point X = "217" Y = "268" T = "0" Pressure = "0" />
		<Point X = "212" Y = "267" T = "0" Pressure = "0" />
		<Point X = "206" Y = "265" T = "0" Pressure = "0" />
		<Point X = "200" Y = "263" T = "0" Pressure = "0" />
		<Point X = "195" Y = "261" T = "0" Pressure = "0" />
		<Point X = "189" Y = "257" T = "0" Pressure = "0" />
		<Point X = "186" Y = "256" T = "0" Pressure = "0" />
		<Point X = "184" Y = "255" T = "0" Pressure = "0" />
		<Point X = "182" Y = "253" T = "0" Pressure = "0" />
		<Point X = "180" Y = "251" T = "0" Pressure = "0" />
		<Point X = "178" Y = "249" T = "0" Pressure = "0" />
		<Point X = "178" Y = "248" T = "0" Pressure = "0" />
		<Point X = "178" Y = "247" T = "0" Pressure = "0" />
		<Point X = "176" Y = "245" T = "0" Pressure = "0" />
		<Point X = "175" Y = "243" T = "0" Pressure = "0" />
		<Point X = "175" Y = "240" T = "0" Pressure = "0" />
		<Point X = "174" Y = "237" T = "0" Pressure = "0" />
		<Point X = "174" Y = "233" T = "0" Pressure = "0" />
		<Point X = "174" Y = "229" T = "0" Pressure = "0" />
		<Point X = "173" Y = "225" T = "0" Pressure = "0" />
		<Point X = "172" Y = "222" T = "0" Pressure = "0" />
		<Point X = "172" Y = "219" T = "0" Pressure = "0" />
		<Point X = "172" Y = "216" T = "0" Pressure = "0" />
		<Point X = "172" Y = "214" T = "0" Pressure = "0" />
		<Point X = "173" Y = "211" T = "0" Pressure = "0" />
		<Point X = "173" Y = "210" T = "0" Pressure = "0" />
		<Point X = "175" Y = "208" T = "0" Pressure = "0" />
		<Point X = "176" Y = "207" T = "0" Pressure = "0" />
		<Point X = "178" Y = "205" T = "0" Pressure = "0" />
		<Point X = "180" Y = "203" T = "0" Pressure = "0" />
		<Point X = "181" Y = "202" T = "0" Pressure = "0" />
		<Point X = "183" Y = "200" T = "0" Pressure = "0" />
		<Point X = "185" Y = "200" T = "0" Pressure = "0" />
		<Point X = "185" Y = "199" T = "0" Pressure = "0" />
		<Point X = "188" Y = "197" T = "0" Pressure = "0" />
		<Point X = "190" Y = "196" T = "0" Pressure = "0" />
		<Point X = "194" Y = "195" T = "0" Pressure = "0" />
		<Point X = "199" Y = "193" T = "0" Pressure = "0" />
		<Point X = "201" Y = "192" T = "0" Pressure = "0" />
		<Point X = "202" Y = "192" T = "0" Pressure = "0" />
		<Point X = "204" Y = "191" T = "0" Pressure = "0" />
		<Point X = "205" Y = "191" T = "0" Pressure = "0" />
		<Point X = "206" Y = "191" T = "0" Pressure = "0" />
		<Point X = "207" Y = "191" T = "0" Pressure = "0" />
		<Point X = "209" Y = "191" T = "0" Pressure = "0" />
		<Point X = "210" Y = "192" T = "0" Pressure = "0" />
		<Point X = "212" Y = "193" T = "0" Pressure = "0" />
		<Point X = "213" Y = "195" T = "0" Pressure = "0" />
		<Point X = "215" Y = "198" T = "0" Pressure = "0" />
		<Point X = "217" Y = "200" T = "0" Pressure = "0" />
		<Point X = "219" Y = "205" T = "0" Pressure = "0" />
		<Point X = "220" Y = "207" T = "0" Pressure = "0" />
		<Point X = "221" Y = "211" T = "0" Pressure = "0" />
		<Point X = "222" Y = "213" T = "0" Pressure = "0" />
		<Point X = "222" Y = "216" T = "0" Pressure = "0" />
		<Point X = "222" Y = "217" T = "0" Pressure = "0" />
		<Point X = "222" Y = "219" T = "0" Pressure = "0" />
		<Point X = "222" Y = "220" T = "0" Pressure = "0" />
		<Point X = "222" Y = "222" T = "0" Pressure = "0" />
		<Point X = "220" Y = "224" T = "0" Pressure = "0" />
		<Point X = "218" Y = "226" T = "0" Pressure = "0" />
		<Point X = "216" Y = "228" T = "0" Pressure = "0" />
		<Point X = "214" Y = "230" T = "0" Pressure = "0" />
		<Point X = "212" Y = "232" T = "0" Pressure = "0" />
		<Point X = "208" Y = "234" T = "0" Pressure = "0" />
		<Point X = "207" Y = "235" T = "0" Pressure = "0" />
		<Point X = "205" Y = "236" T = "0" Pressure = "0" />
		<Point X = "203" Y = "238" T = "0" Pressure = "0" />
		<Point X = "202" Y = "238" T = "0" Pressure = "0" />
		<Point X = "201" Y = "238" T = "0" Pressure = "0" />
		<Point X = "199" Y = "238" T = "0" Pressure = "0" />
		<Point X = "198" Y = "238" T = "0" Pressure = "0" />
		<Point X = "196" Y = "238" T = "0" Pressure = "0" />
		<Point X = "196" Y = "237" T = "0" Pressure = "0" />
		<Point X = "195" Y = "236" T = "0" Pressure = "0" />
		<Point X = "194" Y = "235" T = "0" Pressure = "0" />
		<Point X = "194" Y = "234" T = "0" Pressure = "0" />
		<Point X = "193" Y = "232" T = "0" Pressure = "0" />
		<Point X = "192" Y = "232" T = "0" Pressure = "0" />
		<Point X = "192" Y = "230" T = "0" Pressure = "0" />
		<Point X = "192" Y = "229" T = "0" Pressure = "0" />
		<Point X = "192" Y = "227" T = "0" Pressure = "0" />
		<Point X = "192" Y = "226" T = "0" Pressure = "0" />
		<Point X = "192" Y = "225" T = "0" Pressure = "0" />
		<Point X = "192" Y = "224" T = "0" Pressure = "0" />
		<Point X = "192" Y = "223" T = "0" Pressure = "0" />
		<Point X = "192" Y = "222" T = "0" Pressure = "0" />
		<Point X = "192" Y = "221" T = "0" Pressure = "0" />
		<Point X = "193" Y = "220" T = "0" Pressure = "0" />
		<Point X = "193" Y = "219" T = "0" Pressure = "0" />
		<Point X = "194" Y = "218" T = "0" Pressure = "0" />
		<Point X = "195" Y = "218" T = "0" Pressure = "0" />
		<Point X = "196" Y = "217" T = "0" Pressure = "0" />
		<Point X = "198" Y = "218" T = "0" Pressure = "0" />
		<Point X = "200" Y = "223" T = "0" Pressure = "0" />
		<Point X = "203" Y = "229" T = "0" Pressure = "0" />
	</Stroke>
</Gesture>
