<?xml version="1.0" encoding="utf-8" standalone="yes"?>
<Gesture Name = "spiral">
	<Stroke>
		<Point X = "103" Y = "287" T = "0" Pressure = "0" />
		<Point X = "102" Y = "281" T = "0" Pressure = "0" />
		<Point X = "101" Y = "273" T = "0" Pressure = "0" />
		<Point X = "97" Y = "263" T = "0" Pressure = "0" />
		<Point X = "95" Y = "254" T = "0" Pressure = "0" />
		<Point X = "94" Y = "243" T = "0" Pressure = "0" />
		<Point X = "94" Y = "234" T = "0" Pressure = "0" />
		<Point X = "94" Y = "224" T = "0" Pressure = "0" />
		<Point X = "94" Y = "213" T = "0" Pressure = "0" />
		<Point X = "94" Y = "205" T = "0" Pressure = "0" />
		<Point X = "100" Y = "195" T = "0" Pressure = "0" />
		<Point X = "105" Y = "190" T = "0" Pressure = "0" />
		<Point X = "109" Y = "185" T = "0" Pressure = "0" />
		<Point X = "116" Y = "180" T = "0" Pressure = "0" />
		<Point X = "122" Y = "176" T = "0" Pressure = "0" />
		<Point X = "129" Y = "171" T = "0" Pressure = "0" />
		<Point X = "137" Y = "166" T = "0" Pressure = "0" />
		<Point X = "146" Y = "165" T = "0" Pressure = "0" />
		<Point X = "154" Y = "163" T = "0" Pressure = "0" />
		<Point X = "161" Y = "161" T = "0" Pressure = "0" />
		<Point X = "170" Y = "161" T = "0" Pressure = "0" />
		<Point X = "177" Y = "161" T = "0" Pressure = "0" />
		<Point X = "183" Y = "161" T = "0" Pressure = "0" />
		<Point X = "188" Y = "161" T = "0" Pressure = "0" />
		<Point X = "190" Y = "161" T = "0" Pressure = "0" />
		<Point X = "193" Y = "161" T = "0" Pressure = "0" />
		<Point X = "196" Y = "164" T = "0" Pressure = "0" />
		<Point X = "198" Y = "166" T = "0" Pressure = "0" />
		<Point X = "202" Y = "170" T = "0" Pressure = "0" />
		<Point X = "207" Y = "176" T = "0" Pressure = "0" />
		<Point X = "212" Y = "185" T = "0" Pressure = "0" />
		<Point X = "220" Y = "195" T = "0" Pressure = "0" />
		<Point X = "228" Y = "203" T = "0" Pressure = "0" />
		<Point X = "233" Y = "209" T = "0" Pressure = "0" />
		<Point X = "236" Y = "217" T = "0" Pressure = "0" />
		<Point X = "238" Y = "221" T = "0" Pressure = "0" />
		<Point X = "238" Y = "226" T = "0" Pressure = "0" />
		<Point X = "238" Y = "231" T = "0" Pressure = "0" />
		<Point X = "238" Y = "237" T = "0" Pressure = "0" />
		<Point X = "237" Y = "244" T = "0" Pressure = "0" />
		<Point X = "233" Y = "253" T = "0" Pressure = "0" />
		<Point X = "228" Y = "263" T = "0" Pressure = "0" />
		<Point X = "226" Y = "268" T = "0" Pressure = "0" />
		<Point X = "221" Y = "280" T = "0" Pressure = "0" />
		<Point X = "216" Y = "289" T = "0" Pressure = "0" />
		<Point X = "212" Y = "297" T = "0" Pressure = "0" />
		<Point X = "209" Y = "302" T = "0" Pressure = "0" />
		<Point X = "206" Y = "306" T = "0" Pressure = "0" />
		<Point X = "205" Y = "307" T = "0" Pressure = "0" />
		<Point X = "204" Y = "308" T = "0" Pressure = "0" />
		<Point X = "203" Y = "309" T = "0" Pressure = "0" />
		<Point X = "201" Y = "309" T = "0" Pressure = "0" />
		<Point X = "200" Y = "309" T = "0" Pressure = "0" />
		<Point X = "199" Y = "309" T = "0" Pressure = "0" />
		<Point X = "197" Y = "309" T = "0" Pressure = "0" />
		<Point X = "194" Y = "309" T = "0" Pressure = "0" />
		<Point X = "188" Y = "309" T = "0" Pressure = "0" />
		<Point X = "184" Y = "307" T = "0" Pressure = "0" />
		<Point X = "179" Y = "305" T = "0" Pressure = "0" />
		<Point X = "173" Y = "302" T = "0" Pressure = "0" />
		<Point X = "167" Y = "298" T = "0" Pressure = "0" />
		<Point X = "161" Y = "293" T = "0" Pressure = "0" />
		<Point X = "155" Y = "290" T = "0" Pressure = "0" />
		<Point X = "152" Y = "286" T = "0" Pressure = "0" />
		<Point X = "149" Y = "281" T = "0" Pressure = "0" />
		<Point X = "147" Y = "278" T = "0" Pressure = "0" />
		<Point X = "144" Y = "273" T = "0" Pressure = "0" />
		<Point X = "144" Y = "270" T = "0" Pressure = "0" />
		<Point X = "142" Y = "268" T = "0" Pressure = "0" />
		<Point X = "141" Y = "265" T = "0" Pressure = "0" />
		<Point X = "141" Y = "262" T = "0" Pressure = "0" />
		<Point X = "140" Y = "259" T = "0" Pressure = "0" />
		<Point X = "140" Y = "257" T = "0" Pressure = "0" />
		<Point X = "140" Y = "253" T = "0" Pressure = "0" />
		<Point X = "140" Y = "249" T = "0" Pressure = "0" />
		<Point X = "140" Y = "246" T = "0" Pressure = "0" />
		<Point X = "140" Y = "242" T = "0" Pressure = "0" />
		<Point X = "140" Y = "239" T = "0" Pressure = "0" />
		<Point X = "140" Y = "238" T = "0" Pressure = "0" />
		<Point X = "140" Y = "235" T = "0" Pressure = "0" />
		<Point X = "140" Y = "234" T = "0" Pressure = "0" />
		<Point X = "140" Y = "231" T = "0" Pressure = "0" />
		<Point X = "141" Y = "230" T = "0" Pressure = "0" />
		<Point X = "147" Y = "228" T = "0" Pressure = "0" />
		<Point X = "151" Y = "227" T = "0" Pressure = "0" />
		<Point X = "157" Y = "226" T = "0" Pressure = "0" />
		<Point X = "164" Y = "224" T = "0" Pressure = "0" />
		<Point X = "169" Y = "221" T = "0" Pressure = "0" />
		<Point X = "174" Y = "220" T = "0" Pressure = "0" />
		<Point X = "180" Y = "217" T = "0" Pressure = "0" />
		<Point X = "188" Y = "216" T = "0" Pressure = "0" />
		<Point X = "192" Y = "215" T = "0" Pressure = "0" />
		<Point X = "196" Y = "215" T = "0" Pressure = "0" />
		<Point X = "199" Y = "215" T = "0" Pressure = "0" />
		<Point X = "201" Y = "215" T = "0" Pressure = "0" />
		<Point X = "204" Y = "215" T = "0" Pressure = "0" />
		<Point X = "205" Y = "215" T = "0" Pressure = "0" />
		<Point X = "206" Y = "215" T = "0" Pressure = "0" />
		<Point X = "207" Y = "216" T = "0" Pressure = "0" />
		<Point X = "207" Y = "217" T = "0" Pressure = "0" />
		<Point X = "208" Y = "218" T = "0" Pressure = "0" />
		<Point X = "209" Y = "220" T = "0" Pressure = "0" />
		<Point X = "210" Y = "224" T = "0" Pressure = "0" />
		<Point X = "211" Y = "228" T = "0" Pressure = "0" />
		<Point X = "213" Y = "230" T = "0" Pressure = "0" />
		<Point X = "214" Y = "234" T = "0" Pressure = "0" />
		<Point X = "214" Y = "237" T = "0" Pressure = "0" />
		<Point X = "214" Y = "240" T = "0" Pressure = "0" />
		<Point X = "214" Y = "243" T = "0" Pressure = "0" />
		<Point X = "214" Y = "247" T = "0" Pressure = "0" />
		<Point X = "214" Y = "249" T = "0" Pressure = "0" />
		<Point X = "214" Y = "253" T = "0" Pressure = "0" />
		<Point X = "211" Y = "256" T = "0" Pressure = "0" />
		<Point X = "209" Y = "258" T = "0" Pressure = "0" />
		<Point X = "207" Y = "260" T = "0" Pressure = "0" />
		<Point X = "204" Y = "261" T = "0" Pressure = "0" />
		<Point X = "200" Y = "265" T = "0" Pressure = "0" />
		<Point X = "198" Y = "266" T = "0" Pressure = "0" />
		<Point X = "194" Y = "267" T = "0" Pressure = "0" />
		<Point X = "194" Y = "268" T = "0" Pressure = "0" />
		<Point X = "192" Y = "269" T = "0" Pressure = "0" />
		<Point X = "191" Y = "269" T = "0" Pressure = "0" />
		<Point X = "189" Y = "269" T = "0" Pressure = "0" />
		<Point X = "188" Y = "269" T = "0" Pressure = "0" />
		<Point X = "186" Y = "269" T = "0" Pressure = "0" />
		<Point X = "184" Y = "269" T = "0" Pressure = "0" />
		<Point X = "182" Y = "269" T = "0" Pressure = "0" />
		<Point X = "181" Y = "269" T = "0" Pressure = "0" />
		<Point X = "180" Y = "268" T = "0" Pressure = "0" />
		<Point X = "179" Y = "268" T = "0" Pressure = "0" />
		<Point X = "177" Y = "267" T = "0" Pressure = "0" />
		<Point X = "177" Y = "266" T = "0" Pressure = "0" />
		<Point X = "176" Y = "266" T = "0" Pressure = "0" />
		<Point X = "176" Y = "264" T = "0" Pressure = "0" />
		<Point X = "176" Y = "262" T = "0" Pressure = "0" />
		<Point X = "176" Y = "261" T = "0" Pressure = "0" />
		<Point X = "176" Y = "259" T = "0" Pressure = "0" />
		<Point X = "176" Y = "256" T = "0" Pressure = "0" />
		<Point X = "176" Y = "253" T = "0" Pressure = "0" />
		<Point X = "176" Y = "251" T = "0" Pressure = "0" />
		<Point X = "176" Y = "250" T = "0" Pressure = "0" />
		<Point X = "176" Y = "248" T = "0" Pressure = "0" />
		<Point X = "176" Y = "246" T = "0" Pressure = "0" />
		<Point X = "176" Y = "244" T = "0" Pressure = "0" />
		<Point X = "176" Y = "243" T = "0" Pressure = "0" />
		<Point X = "176" Y = "241" T = "0" Pressure = "0" />
		<Point X = "176" Y = "240" T = "0" Pressure = "0" />
		<Point X = "177" Y = "239" T = "0" Pressure = "0" />
		<Point X = "178" Y = "237" T = "0" Pressure = "0" />
		<Point X = "180" Y = "236" T = "0" Pressure = "0" />
		<Point X = "181" Y = "236" T = "0" Pressure = "0" />
		<Point X = "183" Y = "236" T = "0" Pressure = "0" />
		<Point X = "184" Y = "236" T = "0" Pressure = "0" />
		<Point X = "186" Y = "234" T = "0" Pressure = "0" />
		<Point X = "187" Y = "234" T = "0" Pressure = "0" />
		<Point X = "188" Y = "235" T = "0" Pressure = "0" />
		<Point X = "189" Y = "235" T = "0" Pressure = "0" />
		<Point X = "191" Y = "237" T = "0" Pressure = "0" />
		<Point X = "191" Y = "238" T = "0" Pressure = "0" />
		<Point X = "192" Y = "238" T = "0" Pressure = "0" />
		<Point X = "193" Y = "239" T = "0" Pressure = "0" />
		<Point X = "193" Y = "240" T = "0" Pressure = "0" />
	</Stroke>
</Gesture>
