<?xml version="1.0" encoding="utf-8" standalone="yes"?>
<Gesture Name = "spiral">
	<Stroke>
		<Point X = "325" Y = "335" T = "0" Pressure = "0" />
		<Point X = "325" Y = "332" T = "0" Pressure = "0" />
		<Point X = "325" Y = "331" T = "0" Pressure = "0" />
		<Point X = "325" Y = "327" T = "0" Pressure = "0" />
		<Point X = "325" Y = "322" T = "0" Pressure = "0" />
		<Point X = "325" Y = "317" T = "0" Pressure = "0" />
		<Point X = "325" Y = "310" T = "0" Pressure = "0" />
		<Point X = "325" Y = "304" T = "0" Pressure = "0" />
		<Point X = "325" Y = "299" T = "0" Pressure = "0" />
		<Point X = "328" Y = "291" T = "0" Pressure = "0" />
		<Point X = "335" Y = "284" T = "0" Pressure = "0" />
		<Point X = "346" Y = "277" T = "0" Pressure = "0" />
		<Point X = "360" Y = "271" T = "0" Pressure = "0" />
		<Point X = "370" Y = "269" T = "0" Pressure = "0" />
		<Point X = "381" Y = "265" T = "0" Pressure = "0" />
		<Point X = "389" Y = "263" T = "0" Pressure = "0" />
		<Point X = "396" Y = "261" T = "0" Pressure = "0" />
		<Point X = "402" Y = "260" T = "0" Pressure = "0" />
		<Point X = "405" Y = "259" T = "0" Pressure = "0" />
		<Point X = "407" Y = "259" T = "0" Pressure = "0" />
		<Point X = "409" Y = "259" T = "0" Pressure = "0" />
		<Point X = "410" Y = "259" T = "0" Pressure = "0" />
		<Point X = "413" Y = "259" T = "0" Pressure = "0" />
		<Point X = "416" Y = "262" T = "0" Pressure = "0" />
		<Point X = "421" Y = "267" T = "0" Pressure = "0" />
		<Point X = "426" Y = "273" T = "0" Pressure = "0" />
		<Point X = "430" Y = "279" T = "0" Pressure = "0" />
		<Point X = "434" Y = "286" T = "0" Pressure = "0" />
		<Point X = "435" Y = "291" T = "0" Pressure = "0" />
		<Point X = "439" Y = "300" T = "0" Pressure = "0" />
		<Point X = "441" Y = "306" T = "0" Pressure = "0" />
		<Point X = "443" Y = "311" T = "0" Pressure = "0" />
		<Point X = "445" Y = "320" T = "0" Pressure = "0" />
		<Point X = "446" Y = "324" T = "0" Pressure = "0" />
		<Point X = "447" Y = "329" T = "0" Pressure = "0" />
		<Point X = "447" Y = "330" T = "0" Pressure = "0" />
		<Point X = "447" Y = "333" T = "0" Pressure = "0" />
		<Point X = "447" Y = "335" T = "0" Pressure = "0" />
		<Point X = "447" Y = "338" T = "0" Pressure = "0" />
		<Point X = "446" Y = "340" T = "0" Pressure = "0" />
		<Point X = "444" Y = "342" T = "0" Pressure = "0" />
		<Point X = "442" Y = "344" T = "0" Pressure = "0" />
		<Point X = "440" Y = "346" T = "0" Pressure = "0" />
		<Point X = "438" Y = "349" T = "0" Pressure = "0" />
		<Point X = "436" Y = "351" T = "0" Pressure = "0" />
		<Point X = "430" Y = "354" T = "0" Pressure = "0" />
		<Point X = "427" Y = "356" T = "0" Pressure = "0" />
		<Point X = "423" Y = "358" T = "0" Pressure = "0" />
		<Point X = "420" Y = "359" T = "0" Pressure = "0" />
		<Point X = "419" Y = "359" T = "0" Pressure = "0" />
		<Point X = "417" Y = "359" T = "0" Pressure = "0" />
		<Point X = "416" Y = "359" T = "0" Pressure = "0" />
		<Point X = "413" Y = "359" T = "0" Pressure = "0" />
		<Point X = "412" Y = "359" T = "0" Pressure = "0" />
		<Point X = "408" Y = "359" T = "0" Pressure = "0" />
		<Point X = "404" Y = "356" T = "0" Pressure = "0" />
		<Point X = "399" Y = "352" T = "0" Pressure = "0" />
		<Point X = "394" Y = "345" T = "0" Pressure = "0" />
		<Point X = "390" Y = "338" T = "0" Pressure = "0" />
		<Point X = "386" Y = "331" T = "0" Pressure = "0" />
		<Point X = "382" Y = "326" T = "0" Pressure = "0" />
		<Point X = "379" Y = "322" T = "0" Pressure = "0" />
		<Point X = "378" Y = "319" T = "0" Pressure = "0" />
		<Point X = "377" Y = "316" T = "0" Pressure = "0" />
		<Point X = "376" Y = "312" T = "0" Pressure = "0" />
		<Point X = "376" Y = "309" T = "0" Pressure = "0" />
		<Point X = "376" Y = "305" T = "0" Pressure = "0" />
		<Point X = "376" Y = "301" T = "0" Pressure = "0" />
		<Point X = "376" Y = "298" T = "0" Pressure = "0" />
		<Point X = "376" Y = "295" T = "0" Pressure = "0" />
		<Point X = "376" Y = "291" T = "0" Pressure = "0" />
		<Point X = "376" Y = "289" T = "0" Pressure = "0" />
		<Point X = "376" Y = "286" T = "0" Pressure = "0" />
		<Point X = "376" Y = "284" T = "0" Pressure = "0" />
		<Point X = "376" Y = "282" T = "0" Pressure = "0" />
		<Point X = "379" Y = "280" T = "0" Pressure = "0" />
		<Point X = "382" Y = "279" T = "0" Pressure = "0" />
		<Point X = "386" Y = "278" T = "0" Pressure = "0" />
		<Point X = "389" Y = "277" T = "0" Pressure = "0" />
		<Point X = "393" Y = "277" T = "0" Pressure = "0" />
		<Point X = "397" Y = "276" T = "0" Pressure = "0" />
		<Point X = "399" Y = "276" T = "0" Pressure = "0" />
		<Point X = "402" Y = "276" T = "0" Pressure = "0" />
		<Point X = "404" Y = "276" T = "0" Pressure = "0" />
		<Point X = "408" Y = "276" T = "0" Pressure = "0" />
		<Point X = "411" Y = "276" T = "0" Pressure = "0" />
		<Point X = "414" Y = "279" T = "0" Pressure = "0" />
		<Point X = "415" Y = "279" T = "0" Pressure = "0" />
		<Point X = "417" Y = "281" T = "0" Pressure = "0" />
		<Point X = "420" Y = "286" T = "0" Pressure = "0" />
		<Point X = "420" Y = "288" T = "0" Pressure = "0" />
		<Point X = "422" Y = "293" T = "0" Pressure = "0" />
		<Point X = "424" Y = "296" T = "0" Pressure = "0" />
		<Point X = "424" Y = "299" T = "0" Pressure = "0" />
		<Point X = "425" Y = "303" T = "0" Pressure = "0" />
		<Point X = "425" Y = "306" T = "0" Pressure = "0" />
		<Point X = "425" Y = "307" T = "0" Pressure = "0" />
		<Point X = "425" Y = "308" T = "0" Pressure = "0" />
		<Point X = "425" Y = "309" T = "0" Pressure = "0" />
		<Point X = "425" Y = "310" T = "0" Pressure = "0" />
		<Point X = "424" Y = "311" T = "0" Pressure = "0" />
		<Point X = "422" Y = "313" T = "0" Pressure = "0" />
		<Point X = "420" Y = "314" T = "0" Pressure = "0" />
		<Point X = "418" Y = "315" T = "0" Pressure = "0" />
		<Point X = "417" Y = "316" T = "0" Pressure = "0" />
		<Point X = "416" Y = "317" T = "0" Pressure = "0" />
		<Point X = "414" Y = "318" T = "0" Pressure = "0" />
		<Point X = "414" Y = "319" T = "0" Pressure = "0" />
		<Point X = "413" Y = "319" T = "0" Pressure = "0" />
		<Point X = "412" Y = "319" T = "0" Pressure = "0" />
		<Point X = "411" Y = "319" T = "0" Pressure = "0" />
		<Point X = "410" Y = "319" T = "0" Pressure = "0" />
		<Point X = "409" Y = "319" T = "0" Pressure = "0" />
		<Point X = "407" Y = "318" T = "0" Pressure = "0" />
		<Point X = "406" Y = "317" T = "0" Pressure = "0" />
		<Point X = "405" Y = "314" T = "0" Pressure = "0" />
		<Point X = "404" Y = "314" T = "0" Pressure = "0" />
		<Point X = "403" Y = "312" T = "0" Pressure = "0" />
		<Point X = "402" Y = "311" T = "0" Pressure = "0" />
		<Point X = "402" Y = "310" T = "0" Pressure = "0" />
		<Point X = "402" Y = "308" T = "0" Pressure = "0" />
		<Point X = "402" Y = "307" T = "0" Pressure = "0" />
		<Point X = "402" Y = "305" T = "0" Pressure = "0" />
		<Point X = "402" Y = "303" T = "0" Pressure = "0" />
		<Point X = "402" Y = "300" T = "0" Pressure = "0" />
		<Point X = "402" Y = "297" T = "0" Pressure = "0" />
		<Point X = "402" Y = "296" T = "0" Pressure = "0" />
		<Point X = "402" Y = "294" T = "0" Pressure = "0" />
		<Point X = "402" Y = "293" T = "0" Pressure = "0" />
		<Point X = "402" Y = "292" T = "0" Pressure = "0" />
		<Point X = "403" Y = "292" T = "0" Pressure = "0" />
		<Point X = "405" Y = "292" T = "0" Pressure = "0" />
		<Point X = "406" Y = "293" T = "0" Pressure = "0" />
		<Point X = "407" Y = "294" T = "0" Pressure = "0" />
	</Stroke>
</Gesture>
