<?xml version="1.0" encoding="utf-8" standalone="yes"?>
<Gesture Name = "spiral">
	<Stroke>
		<Point X = "266" Y = "277" T = "0" Pressure = "0" />
		<Point X = "266" Y = "274" T = "0" Pressure = "0" />
		<Point X = "266" Y = "270" T = "0" Pressure = "0" />
		<Point X = "266" Y = "265" T = "0" Pressure = "0" />
		<Point X = "265" Y = "260" T = "0" Pressure = "0" />
		<Point X = "264" Y = "253" T = "0" Pressure = "0" />
		<Point X = "264" Y = "246" T = "0" Pressure = "0" />
		<Point X = "263" Y = "239" T = "0" Pressure = "0" />
		<Point X = "263" Y = "229" T = "0" Pressure = "0" />
		<Point X = "263" Y = "223" T = "0" Pressure = "0" />
		<Point X = "263" Y = "214" T = "0" Pressure = "0" />
		<Point X = "263" Y = "209" T = "0" Pressure = "0" />
		<Point X = "265" Y = "201" T = "0" Pressure = "0" />
		<Point X = "266" Y = "194" T = "0" Pressure = "0" />
		<Point X = "269" Y = "187" T = "0" Pressure = "0" />
		<Point X = "271" Y = "182" T = "0" Pressure = "0" />
		<Point X = "272" Y = "175" T = "0" Pressure = "0" />
		<Point X = "275" Y = "169" T = "0" Pressure = "0" />
		<Point X = "276" Y = "164" T = "0" Pressure = "0" />
		<Point X = "278" Y = "160" T = "0" Pressure = "0" />
		<Point X = "280" Y = "157" T = "0" Pressure = "0" />
		<Point X = "283" Y = "152" T = "0" Pressure = "0" />
		<Point X = "284" Y = "150" T = "0" Pressure = "0" />
		<Point X = "285" Y = "146" T = "0" Pressure = "0" />
		<Point X = "288" Y = "143" T = "0" Pressure = "0" />
		<Point X = "289" Y = "142" T = "0" Pressure = "0" />
		<Point X = "289" Y = "139" T = "0" Pressure = "0" />
		<Point X = "291" Y = "137" T = "0" Pressure = "0" />
		<Point X = "291" Y = "136" T = "0" Pressure = "0" />
		<Point X = "293" Y = "135" T = "0" Pressure = "0" />
		<Point X = "294" Y = "134" T = "0" Pressure = "0" />
		<Point X = "298" Y = "132" T = "0" Pressure = "0" />
		<Point X = "300" Y = "132" T = "0" Pressure = "0" />
		<Point X = "303" Y = "132" T = "0" Pressure = "0" />
		<Point X = "306" Y = "131" T = "0" Pressure = "0" />
		<Point X = "307" Y = "131" T = "0" Pressure = "0" />
		<Point X = "310" Y = "131" T = "0" Pressure = "0" />
		<Point X = "312" Y = "131" T = "0" Pressure = "0" />
		<Point X = "313" Y = "131" T = "0" Pressure = "0" />
		<Point X = "315" Y = "131" T = "0" Pressure = "0" />
		<Point X = "316" Y = "131" T = "0" Pressure = "0" />
		<Point X = "319" Y = "131" T = "0" Pressure = "0" />
		<Point X = "322" Y = "131" T = "0" Pressure = "0" />
		<Point X = "324" Y = "133" T = "0" Pressure = "0" />
		<Point X = "329" Y = "138" T = "0" Pressure = "0" />
		<Point X = "332" Y = "142" T = "0" Pressure = "0" />
		<Point X = "336" Y = "149" T = "0" Pressure = "0" />
		<Point X = "341" Y = "156" T = "0" Pressure = "0" />
		<Point X = "343" Y = "161" T = "0" Pressure = "0" />
		<Point X = "346" Y = "166" T = "0" Pressure = "0" />
		<Point X = "349" Y = "171" T = "0" Pressure = "0" />
		<Point X = "350" Y = "177" T = "0" Pressure = "0" />
		<Point X = "352" Y = "184" T = "0" Pressure = "0" />
		<Point X = "354" Y = "189" T = "0" Pressure = "0" />
		<Point X = "354" Y = "196" T = "0" Pressure = "0" />
		<Point X = "355" Y = "201" T = "0" Pressure = "0" />
		<Point X = "355" Y = "207" T = "0" Pressure = "0" />
		<Point X = "355" Y = "212" T = "0" Pressure = "0" />
		<Point X = "355" Y = "215" T = "0" Pressure = "0" />
		<Point X = "355" Y = "219" T = "0" Pressure = "0" />
		<Point X = "355" Y = "222" T = "0" Pressure = "0" />
		<Point X = "355" Y = "226" T = "0" Pressure = "0" />
		<Point X = "354" Y = "230" T = "0" Pressure = "0" />
		<Point X = "352" Y = "234" T = "0" Pressure = "0" />
		<Point X = "351" Y = "236" T = "0" Pressure = "0" />
		<Point X = "350" Y = "238" T = "0" Pressure = "0" />
		<Point X = "348" Y = "242" T = "0" Pressure = "0" />
		<Point X = "347" Y = "243" T = "0" Pressure = "0" />
		<Point X = "345" Y = "246" T = "0" Pressure = "0" />
		<Point X = "344" Y = "250" T = "0" Pressure = "0" />
		<Point X = "341" Y = "254" T = "0" Pressure = "0" />
		<Point X = "338" Y = "257" T = "0" Pressure = "0" />
		<Point X = "338" Y = "258" T = "0" Pressure = "0" />
		<Point X = "336" Y = "260" T = "0" Pressure = "0" />
		<Point X = "335" Y = "261" T = "0" Pressure = "0" />
		<Point X = "334" Y = "262" T = "0" Pressure = "0" />
		<Point X = "332" Y = "262" T = "0" Pressure = "0" />
		<Point X = "331" Y = "262" T = "0" Pressure = "0" />
		<Point X = "329" Y = "262" T = "0" Pressure = "0" />
		<Point X = "328" Y = "262" T = "0" Pressure = "0" />
		<Point X = "326" Y = "262" T = "0" Pressure = "0" />
		<Point X = "325" Y = "262" T = "0" Pressure = "0" />
		<Point X = "323" Y = "262" T = "0" Pressure = "0" />
		<Point X = "322" Y = "262" T = "0" Pressure = "0" />
		<Point X = "317" Y = "259" T = "0" Pressure = "0" />
		<Point X = "317" Y = "258" T = "0" Pressure = "0" />
		<Point X = "314" Y = "257" T = "0" Pressure = "0" />
		<Point X = "311" Y = "255" T = "0" Pressure = "0" />
		<Point X = "310" Y = "254" T = "0" Pressure = "0" />
		<Point X = "308" Y = "254" T = "0" Pressure = "0" />
		<Point X = "306" Y = "252" T = "0" Pressure = "0" />
		<Point X = "305" Y = "251" T = "0" Pressure = "0" />
		<Point X = "303" Y = "249" T = "0" Pressure = "0" />
		<Point X = "303" Y = "248" T = "0" Pressure = "0" />
		<Point X = "302" Y = "245" T = "0" Pressure = "0" />
		<Point X = "300" Y = "242" T = "0" Pressure = "0" />
		<Point X = "299" Y = "239" T = "0" Pressure = "0" />
		<Point X = "298" Y = "236" T = "0" Pressure = "0" />
		<Point X = "295" Y = "230" T = "0" Pressure = "0" />
		<Point X = "294" Y = "228" T = "0" Pressure = "0" />
		<Point X = "293" Y = "225" T = "0" Pressure = "0" />
		<Point X = "293" Y = "224" T = "0" Pressure = "0" />
		<Point X = "293" Y = "223" T = "0" Pressure = "0" />
		<Point X = "293" Y = "222" T = "0" Pressure = "0" />
		<Point X = "293" Y = "220" T = "0" Pressure = "0" />
		<Point X = "293" Y = "219" T = "0" Pressure = "0" />
		<Point X = "293" Y = "216" T = "0" Pressure = "0" />
		<Point X = "294" Y = "216" T = "0" Pressure = "0" />
		<Point X = "294" Y = "213" T = "0" Pressure = "0" />
		<Point X = "295" Y = "210" T = "0" Pressure = "0" />
		<Point X = "296" Y = "208" T = "0" Pressure = "0" />
		<Point X = "297" Y = "205" T = "0" Pressure = "0" />
		<Point X = "298" Y = "203" T = "0" Pressure = "0" />
		<Point X = "299" Y = "200" T = "0" Pressure = "0" />
		<Point X = "300" Y = "198" T = "0" Pressure = "0" />
		<Point X = "301" Y = "196" T = "0" Pressure = "0" />
		<Point X = "303" Y = "194" T = "0" Pressure = "0" />
		<Point X = "303" Y = "192" T = "0" Pressure = "0" />
		<Point X = "304" Y = "191" T = "0" Pressure = "0" />
		<Point X = "305" Y = "190" T = "0" Pressure = "0" />
		<Point X = "306" Y = "189" T = "0" Pressure = "0" />
		<Point X = "308" Y = "187" T = "0" Pressure = "0" />
		<Point X = "309" Y = "186" T = "0" Pressure = "0" />
		<Point X = "309" Y = "185" T = "0" Pressure = "0" />
		<Point X = "311" Y = "184" T = "0" Pressure = "0" />
		<Point X = "311" Y = "183" T = "0" Pressure = "0" />
		<Point X = "312" Y = "183" T = "0" Pressure = "0" />
		<Point X = "313" Y = "183" T = "0" Pressure = "0" />
		<Point X = "315" Y = "183" T = "0" Pressure = "0" />
		<Point X = "316" Y = "183" T = "0" Pressure = "0" />
		<Point X = "317" Y = "183" T = "0" Pressure = "0" />
		<Point X = "318" Y = "183" T = "0" Pressure = "0" />
		<Point X = "320" Y = "183" T = "0" Pressure = "0" />
		<Point X = "322" Y = "184" T = "0" Pressure = "0" />
		<Point X = "324" Y = "186" T = "0" Pressure = "0" />
		<Point X = "326" Y = "189" T = "0" Pressure = "0" />
		<Point X = "328" Y = "191" T = "0" Pressure = "0" />
		<Point X = "331" Y = "195" T = "0" Pressure = "0" />
		<Point X = "332" Y = "198" T = "0" Pressure = "0" />
		<Point X = "333" Y = "200" T = "0" Pressure = "0" />
		<Point X = "333" Y = "202" T = "0" Pressure = "0" />
		<Point X = "334" Y = "206" T = "0" Pressure = "0" />
		<Point X = "335" Y = "210" T = "0" Pressure = "0" />
		<Point X = "335" Y = "212" T = "0" Pressure = "0" />
		<Point X = "336" Y = "214" T = "0" Pressure = "0" />
		<Point X = "336" Y = "215" T = "0" Pressure = "0" />
		<Point X = "336" Y = "216" T = "0" Pressure = "0" />
		<Point X = "336" Y = "217" T = "0" Pressure = "0" />
		<Point X = "336" Y = "219" T = "0" Pressure = "0" />
		<Point X = "336" Y = "220" T = "0" Pressure = "0" />
		<Point X = "336" Y = "221" T = "0" Pressure = "0" />
		<Point X = "336" Y = "222" T = "0" Pressure = "0" />
		<Point X = "335" Y = "223" T = "0" Pressure = "0" />
		<Point X = "334" Y = "223" T = "0" Pressure = "0" />
		<Point X = "333" Y = "223" T = "0" Pressure = "0" />
		<Point X = "332" Y = "223" T = "0" Pressure = "0" />
		<Point X = "331" Y = "223" T = "0" Pressure = "0" />
		<Point X = "330" Y = "223" T = "0" Pressure = "0" />
		<Point X = "329" Y = "223" T = "0" Pressure = "0" />
		<Point X = "328" Y = "223" T = "0" Pressure = "0" />
		<Point X = "327" Y = "223" T = "0" Pressure = "0" />
		<Point X = "326" Y = "223" T = "0" Pressure = "0" />
		<Point X = "325" Y = "223" T = "0" Pressure = "0" />
		<Point X = "323" Y = "223" T = "0" Pressure = "0" />
		<Point X = "322" Y = "223" T = "0" Pressure = "0" />
		<Point X = "321" Y = "223" T = "0" Pressure = "0" />
		<Point X = "320" Y = "222" T = "0" Pressure = "0" />
		<Point X = "319" Y = "222" T = "0" Pressure = "0" />
		<Point X = "319" Y = "221" T = "0" Pressure = "0" />
		<Point X = "318" Y = "221" T = "0" Pressure = "0" />
		<Point X = "317" Y = "219" T = "0" Pressure = "0" />
		<Point X = "316" Y = "217" T = "0" Pressure = "0" />
		<Point X = "316" Y = "215" T = "0" Pressure = "0" />
		<Point X = "316" Y = "214" T = "0" Pressure = "0" />
		<Point X = "316" Y = "213" T = "0" Pressure = "0" />
		<Point X = "316" Y = "212" T = "0" Pressure = "0" />
		<Point X = "316" Y = "210" T = "0" Pressure = "0" />
		<Point X = "316" Y = "208" T = "0" Pressure = "0" />
		<Point X = "316" Y = "207" T = "0" Pressure = "0" />
		<Point X = "316" Y = "206" T = "0" Pressure = "0" />
		<Point X = "316" Y = "205" T = "0" Pressure = "0" />
		<Point X = "316" Y = "204" T = "0" Pressure = "0" />
		<Point X = "317" Y = "203" T = "0" Pressure = "0" />
		<Point X = "318" Y = "203" T = "0" Pressure = "0" />
		<Point X = "319" Y = "203" T = "0" Pressure = "0" />
		<Point X = "320" Y = "203" T = "0" Pressure = "0" />
		<Point X = "321" Y = "204" T = "0" Pressure = "0" />
		<Point X = "322" Y = "205" T = "0" Pressure = "0" />
		<Point X = "323" Y = "206" T = "0" Pressure = "0" />
		<Point X = "323" Y = "207" T = "0" Pressure = "0" />
		<Point X = "323" Y = "208" T = "0" Pressure = "0" />
		<Point X = "323" Y = "209" T = "0" Pressure = "0" />
		<Point X = "324" Y = "210" T = "0" Pressure = "0" />
	</Stroke>
</Gesture>
