<?xml version="1.0" encoding="utf-8" standalone="yes"?>
<Gesture Name = "spiral">
	<Stroke>
		<Point X = "319" Y = "130" T = "0" Pressure = "0" />
		<Point X = "318" Y = "131" T = "0" Pressure = "0" />
		<Point X = "316" Y = "131" T = "0" Pressure = "0" />
		<Point X = "315" Y = "131" T = "0" Pressure = "0" />
		<Point X = "314" Y = "131" T = "0" Pressure = "0" />
		<Point X = "312" Y = "131" T = "0" Pressure = "0" />
		<Point X = "310" Y = "131" T = "0" Pressure = "0" />
		<Point X = "307" Y = "133" T = "0" Pressure = "0" />
		<Point X = "304" Y = "133" T = "0" Pressure = "0" />
		<Point X = "301" Y = "133" T = "0" Pressure = "0" />
		<Point X = "297" Y = "133" T = "0" Pressure = "0" />
		<Point X = "293" Y = "133" T = "0" Pressure = "0" />
		<Point X = "287" Y = "134" T = "0" Pressure = "0" />
		<Point X = "284" Y = "135" T = "0" Pressure = "0" />
		<Point X = "282" Y = "135" T = "0" Pressure = "0" />
		<Point X = "279" Y = "136" T = "0" Pressure = "0" />
		<Point X = "278" Y = "136" T = "0" Pressure = "0" />
		<Point X = "275" Y = "138" T = "0" Pressure = "0" />
		<Point X = "272" Y = "139" T = "0" Pressure = "0" />
		<Point X = "270" Y = "140" T = "0" Pressure = "0" />
		<Point X = "269" Y = "140" T = "0" Pressure = "0" />
		<Point X = "267" Y = "140" T = "0" Pressure = "0" />
		<Point X = "266" Y = "141" T = "0" Pressure = "0" />
		<Point X = "265" Y = "142" T = "0" Pressure = "0" />
		<Point X = "264" Y = "142" T = "0" Pressure = "0" />
		<Point X = "261" Y = "143" T = "0" Pressure = "0" />
		<Point X = "259" Y = "144" T = "0" Pressure = "0" />
		<Point X = "258" Y = "145" T = "0" Pressure = "0" />
		<Point X = "256" Y = "146" T = "0" Pressure = "0" />
		<Point X = "255" Y = "146" T = "0" Pressure = "0" />
		<Point X = "254" Y = "146" T = "0" Pressure = "0" />
		<Point X = "252" Y = "146" T = "0" Pressure = "0" />
		<Point X = "251" Y = "146" T = "0" Pressure = "0" />
		<Point X = "251" Y = "147" T = "0" Pressure = "0" />
		<Point X = "250" Y = "147" T = "0" Pressure = "0" />
		<Point X = "249" Y = "149" T = "0" Pressure = "0" />
		<Point X = "248" Y = "149" T = "0" Pressure = "0" />
		<Point X = "247" Y = "151" T = "0" Pressure = "0" />
		<Point X = "246" Y = "153" T = "0" Pressure = "0" />
		<Point X = "245" Y = "153" T = "0" Pressure = "0" />
		<Point X = "244" Y = "154" T = "0" Pressure = "0" />
		<Point X = "243" Y = "155" T = "0" Pressure = "0" />
		<Point X = "242" Y = "157" T = "0" Pressure = "0" />
		<Point X = "241" Y = "158" T = "0" Pressure = "0" />
		<Point X = "241" Y = "160" T = "0" Pressure = "0" />
		<Point X = "241" Y = "161" T = "0" Pressure = "0" />
		<Point X = "241" Y = "162" T = "0" Pressure = "0" />
		<Point X = "241" Y = "163" T = "0" Pressure = "0" />
		<Point X = "241" Y = "165" T = "0" Pressure = "0" />
		<Point X = "241" Y = "166" T = "0" Pressure = "0" />
		<Point X = "240" Y = "168" T = "0" Pressure = "0" />
		<Point X = "239" Y = "168" T = "0" Pressure = "0" />
		<Point X = "239" Y = "170" T = "0" Pressure = "0" />
		<Point X = "238" Y = "171" T = "0" Pressure = "0" />
		<Point X = "238" Y = "173" T = "0" Pressure = "0" />
		<Point X = "237" Y = "174" T = "0" Pressure = "0" />
		<Point X = "237" Y = "175" T = "0" Pressure = "0" />
		<Point X = "236" Y = "177" T = "0" Pressure = "0" />
		<Point X = "235" Y = "179" T = "0" Pressure = "0" />
		<Point X = "235" Y = "181" T = "0" Pressure = "0" />
		<Point X = "235" Y = "183" T = "0" Pressure = "0" />
		<Point X = "235" Y = "184" T = "0" Pressure = "0" />
		<Point X = "234" Y = "185" T = "0" Pressure = "0" />
		<Point X = "234" Y = "186" T = "0" Pressure = "0" />
		<Point X = "234" Y = "187" T = "0" Pressure = "0" />
		<Point X = "233" Y = "187" T = "0" Pressure = "0" />
		<Point X = "233" Y = "188" T = "0" Pressure = "0" />
		<Point X = "233" Y = "189" T = "0" Pressure = "0" />
		<Point X = "233" Y = "190" T = "0" Pressure = "0" />
		<Point X = "233" Y = "192" T = "0" Pressure = "0" />
		<Point X = "233" Y = "193" T = "0" Pressure = "0" />
		<Point X = "233" Y = "195" T = "0" Pressure = "0" />
		<Point X = "233" Y = "196" T = "0" Pressure = "0" />
		<Point X = "233" Y = "198" T = "0" Pressure = "0" />
		<Point X = "233" Y = "200" T = "0" Pressure = "0" />
		<Point X = "233" Y = "202" T = "0" Pressure = "0" />
		<Point X = "233" Y = "205" T = "0" Pressure = "0" />
		<Point X = "233" Y = "207" T = "0" Pressure = "0" />
		<Point X = "233" Y = "208" T = "0" Pressure = "0" />
		<Point X = "233" Y = "209" T = "0" Pressure = "0" />
		<Point X = "233" Y = "210" T = "0" Pressure = "0" />
		<Point X = "233" Y = "211" T = "0" Pressure = "0" />
		<Point X = "235" Y = "213" T = "0" Pressure = "0" />
		<Point X = "236" Y = "214" T = "0" Pressure = "0" />
		<Point X = "238" Y = "216" T = "0" Pressure = "0" />
		<Point X = "240" Y = "218" T = "0" Pressure = "0" />
		<Point X = "243" Y = "221" T = "0" Pressure = "0" />
		<Point X = "244" Y = "221" T = "0" Pressure = "0" />
		<Point X = "246" Y = "222" T = "0" Pressure = "0" />
		<Point X = "247" Y = "222" T = "0" Pressure = "0" />
		<Point X = "248" Y = "223" T = "0" Pressure = "0" />
		<Point X = "248" Y = "224" T = "0" Pressure = "0" />
		<Point X = "249" Y = "224" T = "0" Pressure = "0" />
		<Point X = "250" Y = "224" T = "0" Pressure = "0" />
		<Point X = "251" Y = "224" T = "0" Pressure = "0" />
		<Point X = "252" Y = "224" T = "0" Pressure = "0" />
		<Point X = "253" Y = "224" T = "0" Pressure = "0" />
		<Point X = "255" Y = "224" T = "0" Pressure = "0" />
		<Point X = "257" Y = "224" T = "0" Pressure = "0" />
		<Point X = "259" Y = "224" T = "0" Pressure = "0" />
		<Point X = "262" Y = "224" T = "0" Pressure = "0" />
		<Point X = "264" Y = "224" T = "0" Pressure = "0" />
		<Point X = "268" Y = "225" T = "0" Pressure = "0" />
		<Point X = "273" Y = "226" T = "0" Pressure = "0" />
		<Point X = "279" Y = "228" T = "0" Pressure = "0" />
		<Point X = "282" Y = "229" T = "0" Pressure = "0" />
		<Point X = "286" Y = "230" T = "0" Pressure = "0" />
		<Point X = "289" Y = "230" T = "0" Pressure = "0" />
		<Point X = "292" Y = "230" T = "0" Pressure = "0" />
		<Point X = "293" Y = "230" T = "0" Pressure = "0" />
		<Point X = "295" Y = "230" T = "0" Pressure = "0" />
		<Point X = "296" Y = "230" T = "0" Pressure = "0" />
		<Point X = "298" Y = "230" T = "0" Pressure = "0" />
		<Point X = "300" Y = "230" T = "0" Pressure = "0" />
		<Point X = "302" Y = "230" T = "0" Pressure = "0" />
		<Point X = "306" Y = "230" T = "0" Pressure = "0" />
		<Point X = "308" Y = "230" T = "0" Pressure = "0" />
		<Point X = "310" Y = "230" T = "0" Pressure = "0" />
		<Point X = "312" Y = "230" T = "0" Pressure = "0" />
		<Point X = "313" Y = "230" T = "0" Pressure = "0" />
		<Point X = "314" Y = "230" T = "0" Pressure = "0" />
		<Point X = "317" Y = "230" T = "0" Pressure = "0" />
		<Point X = "321" Y = "230" T = "0" Pressure = "0" />
		<Point X = "327" Y = "230" T = "0" Pressure = "0" />
		<Point X = "333" Y = "230" T = "0" Pressure = "0" />
		<Point X = "339" Y = "230" T = "0" Pressure = "0" />
		<Point X = "344" Y = "228" T = "0" Pressure = "0" />
		<Point X = "345" Y = "228" T = "0" Pressure = "0" />
		<Point X = "347" Y = "226" T = "0" Pressure = "0" />
		<Point X = "350" Y = "226" T = "0" Pressure = "0" />
		<Point X = "351" Y = "223" T = "0" Pressure = "0" />
		<Point X = "353" Y = "221" T = "0" Pressure = "0" />
		<Point X = "354" Y = "219" T = "0" Pressure = "0" />
		<Point X = "356" Y = "216" T = "0" Pressure = "0" />
		<Point X = "357" Y = "214" T = "0" Pressure = "0" />
		<Point X = "357" Y = "213" T = "0" Pressure = "0" />
		<Point X = "357" Y = "211" T = "0" Pressure = "0" />
		<Point X = "357" Y = "210" T = "0" Pressure = "0" />
		<Point X = "357" Y = "209" T = "0" Pressure = "0" />
		<Point X = "357" Y = "207" T = "0" Pressure = "0" />
		<Point X = "357" Y = "204" T = "0" Pressure = "0" />
		<Point X = "357" Y = "203" T = "0" Pressure = "0" />
		<Point X = "357" Y = "200" T = "0" Pressure = "0" />
		<Point X = "357" Y = "197" T = "0" Pressure = "0" />
		<Point X = "357" Y = "195" T = "0" Pressure = "0" />
		<Point X = "357" Y = "193" T = "0" Pressure = "0" />
		<Point X = "357" Y = "192" T = "0" Pressure = "0" />
		<Point X = "356" Y = "189" T = "0" Pressure = "0" />
		<Point X = "355" Y = "189" T = "0" Pressure = "0" />
		<Point X = "355" Y = "187" T = "0" Pressure = "0" />
		<Point X = "354" Y = "186" T = "0" Pressure = "0" />
		<Point X = "353" Y = "186" T = "0" Pressure = "0" />
		<Point X = "352" Y = "185" T = "0" Pressure = "0" />
		<Point X = "351" Y = "184" T = "0" Pressure = "0" />
		<Point X = "350" Y = "183" T = "0" Pressure = "0" />
		<Point X = "349" Y = "182" T = "0" Pressure = "0" />
		<Point X = "348" Y = "182" T = "0" Pressure = "0" />
		<Point X = "348" Y = "181" T = "0" Pressure = "0" />
		<Point X = "347" Y = "181" T = "0" Pressure = "0" />
		<Point X = "345" Y = "180" T = "0" Pressure = "0" />
		<Point X = "345" Y = "179" T = "0" Pressure = "0" />
		<Point X = "343" Y = "179" T = "0" Pressure = "0" />
		<Point X = "342" Y = "178" T = "0" Pressure = "0" />
		<Point X = "340" Y = "176" T = "0" Pressure = "0" />
		<Point X = "338" Y = "176" T = "0" Pressure = "0" />
		<Point X = "335" Y = "174" T = "0" Pressure = "0" />
		<Point X = "333" Y = "172" T = "0" Pressure = "0" />
		<Point X = "328" Y = "168" T = "0" Pressure = "0" />
		<Point X = "324" Y = "165" T = "0" Pressure = "0" />
		<Point X = "322" Y = "164" T = "0" Pressure = "0" />
		<Point X = "320" Y = "163" T = "0" Pressure = "0" />
		<Point X = "319" Y = "162" T = "0" Pressure = "0" />
		<Point X = "318" Y = "162" T = "0" Pressure = "0" />
		<Point X = "316" Y = "162" T = "0" Pressure = "0" />
		<Point X = "315" Y = "162" T = "0" Pressure = "0" />
		<Point X = "313" Y = "160" T = "0" Pressure = "0" />
		<Point X = "312" Y = "160" T = "0" Pressure = "0" />
		<Point X = "310" Y = "159" T = "0" Pressure = "0" />
		<Point X = "308" Y = "159" T = "0" Pressure = "0" />
		<Point X = "307" Y = "159" T = "0" Pressure = "0" />
		<Point X = "305" Y = "159" T = "0" Pressure = "0" />
		<Point X = "302" Y = "159" T = "0" Pressure = "0" />
		<Point X = "299" Y = "159" T = "0" Pressure = "0" />
		<Point X = "294" Y = "158" T = "0" Pressure = "0" />
		<Point X = "290" Y = "158" T = "0" Pressure = "0" />
		<Point X = "285" Y = "158" T = "0" Pressure = "0" />
		<Point X = "281" Y = "158" T = "0" Pressure = "0" />
		<Point X = "279" Y = "158" T = "0" Pressure = "0" />
		<Point X = "276" Y = "158" T = "0" Pressure = "0" />
		<Point X = "274" Y = "158" T = "0" Pressure = "0" />
		<Point X = "272" Y = "158" T = "0" Pressure = "0" />
		<Point X = "270" Y = "158" T = "0" Pressure = "0" />
		<Point X = "267" Y = "158" T = "0" Pressure = "0" />
		<Point X = "265" Y = "158" T = "0" Pressure = "0" />
		<Point X = "262" Y = "158" T = "0" Pressure = "0" />
		<Point X = "261" Y = "160" T = "0" Pressure = "0" />
		<Point X = "258" Y = "161" T = "0" Pressure = "0" />
		<Point X = "257" Y = "163" T = "0" Pressure = "0" />
		<Point X = "256" Y = "164" T = "0" Pressure = "0" />
		<Point X = "255" Y = "164" T = "0" Pressure = "0" />
		<Point X = "254" Y = "165" T = "0" Pressure = "0" />
		<Point X = "254" Y = "166" T = "0" Pressure = "0" />
		<Point X = "254" Y = "167" T = "0" Pressure = "0" />
		<Point X = "253" Y = "167" T = "0" Pressure = "0" />
		<Point X = "253" Y = "168" T = "0" Pressure = "0" />
		<Point X = "252" Y = "170" T = "0" Pressure = "0" />
		<Point X = "252" Y = "172" T = "0" Pressure = "0" />
		<Point X = "251" Y = "173" T = "0" Pressure = "0" />
		<Point X = "251" Y = "174" T = "0" Pressure = "0" />
		<Point X = "251" Y = "175" T = "0" Pressure = "0" />
		<Point X = "251" Y = "176" T = "0" Pressure = "0" />
		<Point X = "251" Y = "177" T = "0" Pressure = "0" />
		<Point X = "251" Y = "178" T = "0" Pressure = "0" />
		<Point X = "252" Y = "179" T = "0" Pressure = "0" />
		<Point X = "252" Y = "180" T = "0" Pressure = "0" />
		<Point X = "253" Y = "181" T = "0" Pressure = "0" />
		<Point X = "253" Y = "183" T = "0" Pressure = "0" />
		<Point X = "254" Y = "185" T = "0" Pressure = "0" />
		<Point X = "255" Y = "185" T = "0" Pressure = "0" />
		<Point X = "255" Y = "186" T = "0" Pressure = "0" />
		<Point X = "256" Y = "187" T = "0" Pressure = "0" />
		<Point X = "256" Y = "188" T = "0" Pressure = "0" />
		<Point X = "256" Y = "189" T = "0" Pressure = "0" />
		<Point X = "257" Y = "190" T = "0" Pressure = "0" />
		<Point X = "258" Y = "190" T = "0" Pressure = "0" />
		<Point X = "260" Y = "191" T = "0" Pressure = "0" />
		<Point X = "261" Y = "192" T = "0" Pressure = "0" />
		<Point X = "263" Y = "192" T = "0" Pressure = "0" />
		<Point X = "266" Y = "194" T = "0" Pressure = "0" />
		<Point X = "268" Y = "194" T = "0" Pressure = "0" />
		<Point X = "270" Y = "196" T = "0" Pressure = "0" />
		<Point X = "272" Y = "197" T = "0" Pressure = "0" />
		<Point X = "274" Y = "197" T = "0" Pressure = "0" />
		<Point X = "275" Y = "199" T = "0" Pressure = "0" />
		<Point X = "276" Y = "199" T = "0" Pressure = "0" />
		<Point X = "277" Y = "199" T = "0" Pressure = "0" />
		<Point X = "278" Y = "199" T = "0" Pressure = "0" />
		<Point X = "279" Y = "199" T = "0" Pressure = "0" />
		<Point X = "280" Y = "199" T = "0" Pressure = "0" />
		<Point X = "281" Y = "199" T = "0" Pressure = "0" />
		<Point X = "282" Y = "200" T = "0" Pressure = "0" />
		<Point X = "283" Y = "200" T = "0" Pressure = "0" />
		<Point X = "284" Y = "200" T = "0" Pressure = "0" />
		<Point X = "286" Y = "201" T = "0" Pressure = "0" />
		<Point X = "288" Y = "201" T = "0" Pressure = "0" />
		<Point X = "289" Y = "201" T = "0" Pressure = "0" />
		<Point X = "291" Y = "201" T = "0" Pressure = "0" />
		<Point X = "292" Y = "202" T = "0" Pressure = "0" />
		<Point X = "293" Y = "202" T = "0" Pressure = "0" />
		<Point X = "294" Y = "202" T = "0" Pressure = "0" />
		<Point X = "295" Y = "202" T = "0" Pressure = "0" />
		<Point X = "296" Y = "202" T = "0" Pressure = "0" />
		<Point X = "297" Y = "202" T = "0" Pressure = "0" />
		<Point X = "298" Y = "202" T = "0" Pressure = "0" />
		<Point X = "300" Y = "202" T = "0" Pressure = "0" />
		<Point X = "301" Y = "202" T = "0" Pressure = "0" />
		<Point X = "301" Y = "201" T = "0" Pressure = "0" />
		<Point X = "302" Y = "200" T = "0" Pressure = "0" />
		<Point X = "303" Y = "199" T = "0" Pressure = "0" />
		<Point X = "303" Y = "197" T = "0" Pressure = "0" />
		<Point X = "303" Y = "196" T = "0" Pressure = "0" />
		<Point X = "304" Y = "195" T = "0" Pressure = "0" />
		<Point X = "304" Y = "193" T = "0" Pressure = "0" />
		<Point X = "304" Y = "192" T = "0" Pressure = "0" />
		<Point X = "304" Y = "191" T = "0" Pressure = "0" />
		<Point X = "304" Y = "190" T = "0" Pressure = "0" />
		<Point X = "304" Y = "189" T = "0" Pressure = "0" />
		<Point X = "304" Y = "188" T = "0" Pressure = "0" />
		<Point X = "304" Y = "187" T = "0" Pressure = "0" />
		<Point X = "304" Y = "186" T = "0" Pressure = "0" />
		<Point X = "304" Y = "184" T = "0" Pressure = "0" />
		<Point X = "303" Y = "182" T = "0" Pressure = "0" />
		<Point X = "303" Y = "181" T = "0" Pressure = "0" />
		<Point X = "302" Y = "181" T = "0" Pressure = "0" />
		<Point X = "302" Y = "179" T = "0" Pressure = "0" />
		<Point X = "301" Y = "178" T = "0" Pressure = "0" />
		<Point X = "301" Y = "177" T = "0" Pressure = "0" />
		<Point X = "299" Y = "177" T = "0" Pressure = "0" />
		<Point X = "298" Y = "177" T = "0" Pressure = "0" />
		<Point X = "297" Y = "177" T = "0" Pressure = "0" />
		<Point X = "296" Y = "177" T = "0" Pressure = "0" />
		<Point X = "295" Y = "176" T = "0" Pressure = "0" />
		<Point X = "294" Y = "176" T = "0" Pressure = "0" />
		<Point X = "293" Y = "176" T = "0" Pressure = "0" />
		<Point X = "293" Y = "175" T = "0" Pressure = "0" />
		<Point X = "291" Y = "174" T = "0" Pressure = "0" />
		<Point X = "289" Y = "174" T = "0" Pressure = "0" />
		<Point X = "288" Y = "174" T = "0" Pressure = "0" />
		<Point X = "286" Y = "174" T = "0" Pressure = "0" />
		<Point X = "285" Y = "174" T = "0" Pressure = "0" />
		<Point X = "284" Y = "174" T = "0" Pressure = "0" />
		<Point X = "284" Y = "175" T = "0" Pressure = "0" />
		<Point X = "283" Y = "176" T = "0" Pressure = "0" />
		<Point X = "283" Y = "177" T = "0" Pressure = "0" />
		<Point X = "282" Y = "178" T = "0" Pressure = "0" />
		<Point X = "282" Y = "179" T = "0" Pressure = "0" />
		<Point X = "282" Y = "180" T = "0" Pressure = "0" />
		<Point X = "282" Y = "181" T = "0" Pressure = "0" />
		<Point X = "282" Y = "182" T = "0" Pressure = "0" />
		<Point X = "282" Y = "183" T = "0" Pressure = "0" />
		<Point X = "282" Y = "184" T = "0" Pressure = "0" />
		<Point X = "283" Y = "184" T = "0" Pressure = "0" />
		<Point X = "284" Y = "184" T = "0" Pressure = "0" />
		<Point X = "285" Y = "184" T = "0" Pressure = "0" />
		<Point X = "286" Y = "184" T = "0" Pressure = "0" />
		<Point X = "287" Y = "184" T = "0" Pressure = "0" />
		<Point X = "288" Y = "184" T = "0" Pressure = "0" />
	</Stroke>
</Gesture>
