<?xml version="1.0" encoding="utf-8" standalone="yes"?>
<Gesture Name = "spiral">
	<Stroke>
		<Point X = "146" Y = "63" T = "0" Pressure = "0" />
		<Point X = "138" Y = "63" T = "0" Pressure = "0" />
		<Point X = "127" Y = "63" T = "0" Pressure = "0" />
		<Point X = "116" Y = "63" T = "0" Pressure = "0" />
		<Point X = "107" Y = "63" T = "0" Pressure = "0" />
		<Point X = "95" Y = "63" T = "0" Pressure = "0" />
		<Point X = "85" Y = "63" T = "0" Pressure = "0" />
		<Point X = "78" Y = "65" T = "0" Pressure = "0" />
		<Point X = "72" Y = "70" T = "0" Pressure = "0" />
		<Point X = "63" Y = "76" T = "0" Pressure = "0" />
		<Point X = "55" Y = "84" T = "0" Pressure = "0" />
		<Point X = "49" Y = "92" T = "0" Pressure = "0" />
		<Point X = "43" Y = "100" T = "0" Pressure = "0" />
		<Point X = "40" Y = "106" T = "0" Pressure = "0" />
		<Point X = "36" Y = "113" T = "0" Pressure = "0" />
		<Point X = "33" Y = "117" T = "0" Pressure = "0" />
		<Point X = "30" Y = "122" T = "0" Pressure = "0" />
		<Point X = "28" Y = "128" T = "0" Pressure = "0" />
		<Point X = "26" Y = "135" T = "0" Pressure = "0" />
		<Point X = "25" Y = "141" T = "0" Pressure = "0" />
		<Point X = "25" Y = "151" T = "0" Pressure = "0" />
		<Point X = "25" Y = "157" T = "0" Pressure = "0" />
		<Point X = "25" Y = "168" T = "0" Pressure = "0" />
		<Point X = "29" Y = "182" T = "0" Pressure = "0" />
		<Point X = "38" Y = "197" T = "0" Pressure = "0" />
		<Point X = "42" Y = "209" T = "0" Pressure = "0" />
		<Point X = "51" Y = "224" T = "0" Pressure = "0" />
		<Point X = "56" Y = "233" T = "0" Pressure = "0" />
		<Point X = "63" Y = "240" T = "0" Pressure = "0" />
		<Point X = "68" Y = "244" T = "0" Pressure = "0" />
		<Point X = "74" Y = "248" T = "0" Pressure = "0" />
		<Point X = "80" Y = "249" T = "0" Pressure = "0" />
		<Point X = "87" Y = "250" T = "0" Pressure = "0" />
		<Point X = "97" Y = "252" T = "0" Pressure = "0" />
		<Point X = "108" Y = "252" T = "0" Pressure = "0" />
		<Point X = "117" Y = "252" T = "0" Pressure = "0" />
		<Point X = "128" Y = "252" T = "0" Pressure = "0" />
		<Point X = "139" Y = "252" T = "0" Pressure = "0" />
		<Point X = "146" Y = "250" T = "0" Pressure = "0" />
		<Point X = "156" Y = "245" T = "0" Pressure = "0" />
		<Point X = "164" Y = "240" T = "0" Pressure = "0" />
		<Point X = "171" Y = "235" T = "0" Pressure = "0" />
		<Point X = "177" Y = "230" T = "0" Pressure = "0" />
		<Point X = "182" Y = "225" T = "0" Pressure = "0" />
		<Point X = "188" Y = "220" T = "0" Pressure = "0" />
		<Point X = "193" Y = "212" T = "0" Pressure = "0" />
		<Point X = "197" Y = "205" T = "0" Pressure = "0" />
		<Point X = "201" Y = "199" T = "0" Pressure = "0" />
		<Point X = "204" Y = "193" T = "0" Pressure = "0" />
		<Point X = "205" Y = "184" T = "0" Pressure = "0" />
		<Point X = "205" Y = "176" T = "0" Pressure = "0" />
		<Point X = "205" Y = "169" T = "0" Pressure = "0" />
		<Point X = "205" Y = "161" T = "0" Pressure = "0" />
		<Point X = "205" Y = "154" T = "0" Pressure = "0" />
		<Point X = "202" Y = "147" T = "0" Pressure = "0" />
		<Point X = "198" Y = "139" T = "0" Pressure = "0" />
		<Point X = "194" Y = "134" T = "0" Pressure = "0" />
		<Point X = "189" Y = "127" T = "0" Pressure = "0" />
		<Point X = "183" Y = "122" T = "0" Pressure = "0" />
		<Point X = "178" Y = "117" T = "0" Pressure = "0" />
		<Point X = "174" Y = "113" T = "0" Pressure = "0" />
		<Point X = "168" Y = "111" T = "0" Pressure = "0" />
		<Point X = "159" Y = "108" T = "0" Pressure = "0" />
		<Point X = "152" Y = "106" T = "0" Pressure = "0" />
		<Point X = "146" Y = "104" T = "0" Pressure = "0" />
		<Point X = "139" Y = "104" T = "0" Pressure = "0" />
		<Point X = "136" Y = "104" T = "0" Pressure = "0" />
		<Point X = "131" Y = "104" T = "0" Pressure = "0" />
		<Point X = "129" Y = "104" T = "0" Pressure = "0" />
		<Point X = "125" Y = "104" T = "0" Pressure = "0" />
		<Point X = "122" Y = "104" T = "0" Pressure = "0" />
		<Point X = "118" Y = "106" T = "0" Pressure = "0" />
		<Point X = "115" Y = "108" T = "0" Pressure = "0" />
		<Point X = "114" Y = "108" T = "0" Pressure = "0" />
		<Point X = "110" Y = "110" T = "0" Pressure = "0" />
		<Point X = "108" Y = "111" T = "0" Pressure = "0" />
		<Point X = "106" Y = "116" T = "0" Pressure = "0" />
		<Point X = "104" Y = "119" T = "0" Pressure = "0" />
		<Point X = "103" Y = "124" T = "0" Pressure = "0" />
		<Point X = "101" Y = "127" T = "0" Pressure = "0" />
		<Point X = "100" Y = "132" T = "0" Pressure = "0" />
		<Point X = "100" Y = "133" T = "0" Pressure = "0" />
		<Point X = "99" Y = "136" T = "0" Pressure = "0" />
		<Point X = "99" Y = "139" T = "0" Pressure = "0" />
		<Point X = "97" Y = "141" T = "0" Pressure = "0" />
		<Point X = "97" Y = "146" T = "0" Pressure = "0" />
		<Point X = "97" Y = "150" T = "0" Pressure = "0" />
		<Point X = "97" Y = "157" T = "0" Pressure = "0" />
		<Point X = "97" Y = "162" T = "0" Pressure = "0" />
		<Point X = "97" Y = "167" T = "0" Pressure = "0" />
		<Point X = "98" Y = "170" T = "0" Pressure = "0" />
		<Point X = "100" Y = "172" T = "0" Pressure = "0" />
		<Point X = "101" Y = "174" T = "0" Pressure = "0" />
		<Point X = "102" Y = "175" T = "0" Pressure = "0" />
		<Point X = "102" Y = "176" T = "0" Pressure = "0" />
		<Point X = "103" Y = "176" T = "0" Pressure = "0" />
		<Point X = "105" Y = "178" T = "0" Pressure = "0" />
		<Point X = "106" Y = "179" T = "0" Pressure = "0" />
		<Point X = "109" Y = "180" T = "0" Pressure = "0" />
		<Point X = "113" Y = "182" T = "0" Pressure = "0" />
		<Point X = "115" Y = "183" T = "0" Pressure = "0" />
		<Point X = "117" Y = "184" T = "0" Pressure = "0" />
		<Point X = "118" Y = "185" T = "0" Pressure = "0" />
		<Point X = "120" Y = "186" T = "0" Pressure = "0" />
		<Point X = "121" Y = "186" T = "0" Pressure = "0" />
		<Point X = "122" Y = "186" T = "0" Pressure = "0" />
		<Point X = "124" Y = "186" T = "0" Pressure = "0" />
		<Point X = "127" Y = "186" T = "0" Pressure = "0" />
		<Point X = "131" Y = "187" T = "0" Pressure = "0" />
		<Point X = "134" Y = "187" T = "0" Pressure = "0" />
		<Point X = "138" Y = "187" T = "0" Pressure = "0" />
		<Point X = "142" Y = "187" T = "0" Pressure = "0" />
		<Point X = "145" Y = "187" T = "0" Pressure = "0" />
		<Point X = "149" Y = "184" T = "0" Pressure = "0" />
		<Point X = "152" Y = "181" T = "0" Pressure = "0" />
		<Point X = "155" Y = "178" T = "0" Pressure = "0" />
		<Point X = "156" Y = "175" T = "0" Pressure = "0" />
		<Point X = "157" Y = "172" T = "0" Pressure = "0" />
		<Point X = "159" Y = "167" T = "0" Pressure = "0" />
		<Point X = "161" Y = "165" T = "0" Pressure = "0" />
		<Point X = "161" Y = "163" T = "0" Pressure = "0" />
		<Point X = "163" Y = "160" T = "0" Pressure = "0" />
		<Point X = "163" Y = "158" T = "0" Pressure = "0" />
		<Point X = "163" Y = "156" T = "0" Pressure = "0" />
		<Point X = "163" Y = "154" T = "0" Pressure = "0" />
		<Point X = "163" Y = "153" T = "0" Pressure = "0" />
		<Point X = "163" Y = "152" T = "0" Pressure = "0" />
		<Point X = "162" Y = "149" T = "0" Pressure = "0" />
		<Point X = "160" Y = "147" T = "0" Pressure = "0" />
		<Point X = "158" Y = "147" T = "0" Pressure = "0" />
		<Point X = "156" Y = "146" T = "0" Pressure = "0" />
		<Point X = "154" Y = "145" T = "0" Pressure = "0" />
		<Point X = "152" Y = "144" T = "0" Pressure = "0" />
		<Point X = "149" Y = "143" T = "0" Pressure = "0" />
		<Point X = "148" Y = "142" T = "0" Pressure = "0" />
		<Point X = "146" Y = "141" T = "0" Pressure = "0" />
		<Point X = "145" Y = "141" T = "0" Pressure = "0" />
		<Point X = "144" Y = "141" T = "0" Pressure = "0" />
		<Point X = "143" Y = "140" T = "0" Pressure = "0" />
		<Point X = "141" Y = "140" T = "0" Pressure = "0" />
		<Point X = "139" Y = "142" T = "0" Pressure = "0" />
		<Point X = "138" Y = "143" T = "0" Pressure = "0" />
		<Point X = "138" Y = "146" T = "0" Pressure = "0" />
		<Point X = "136" Y = "147" T = "0" Pressure = "0" />
		<Point X = "136" Y = "148" T = "0" Pressure = "0" />
		<Point X = "135" Y = "149" T = "0" Pressure = "0" />
		<Point X = "134" Y = "150" T = "0" Pressure = "0" />
		<Point X = "134" Y = "153" T = "0" Pressure = "0" />
		<Point X = "134" Y = "155" T = "0" Pressure = "0" />
		<Point X = "134" Y = "156" T = "0" Pressure = "0" />
		<Point X = "134" Y = "157" T = "0" Pressure = "0" />
		<Point X = "135" Y = "160" T = "0" Pressure = "0" />
		<Point X = "136" Y = "161" T = "0" Pressure = "0" />
		<Point X = "137" Y = "164" T = "0" Pressure = "0" />
		<Point X = "138" Y = "167" T = "0" Pressure = "0" />
		<Point X = "139" Y = "170" T = "0" Pressure = "0" />
		<Point X = "139" Y = "172" T = "0" Pressure = "0" />
		<Point X = "140" Y = "173" T = "0" Pressure = "0" />
		<Point X = "141" Y = "175" T = "0" Pressure = "0" />
		<Point X = "142" Y = "175" T = "0" Pressure = "0" />
		<Point X = "144" Y = "175" T = "0" Pressure = "0" />
		<Point X = "150" Y = "175" T = "0" Pressure = "0" />
	</Stroke>
</Gesture>
