<?xml version="1.0" encoding="utf-8" standalone="yes"?>
<Gesture Name = "spiral">
	<Stroke>
		<Point X = "317" Y = "182" T = "0" Pressure = "0" />
		<Point X = "319" Y = "181" T = "0" Pressure = "0" />
		<Point X = "321" Y = "179" T = "0" Pressure = "0" />
		<Point X = "324" Y = "178" T = "0" Pressure = "0" />
		<Point X = "326" Y = "177" T = "0" Pressure = "0" />
		<Point X = "328" Y = "177" T = "0" Pressure = "0" />
		<Point X = "331" Y = "177" T = "0" Pressure = "0" />
		<Point X = "335" Y = "177" T = "0" Pressure = "0" />
		<Point X = "339" Y = "177" T = "0" Pressure = "0" />
		<Point X = "346" Y = "178" T = "0" Pressure = "0" />
		<Point X = "351" Y = "180" T = "0" Pressure = "0" />
		<Point X = "358" Y = "184" T = "0" Pressure = "0" />
		<Point X = "368" Y = "190" T = "0" Pressure = "0" />
		<Point X = "380" Y = "199" T = "0" Pressure = "0" />
		<Point X = "394" Y = "210" T = "0" Pressure = "0" />
		<Point X = "407" Y = "221" T = "0" Pressure = "0" />
		<Point X = "416" Y = "230" T = "0" Pressure = "0" />
		<Point X = "421" Y = "236" T = "0" Pressure = "0" />
		<Point X = "422" Y = "239" T = "0" Pressure = "0" />
		<Point X = "424" Y = "242" T = "0" Pressure = "0" />
		<Point X = "424" Y = "245" T = "0" Pressure = "0" />
		<Point X = "424" Y = "249" T = "0" Pressure = "0" />
		<Point X = "424" Y = "253" T = "0" Pressure = "0" />
		<Point X = "424" Y = "259" T = "0" Pressure = "0" />
		<Point X = "421" Y = "268" T = "0" Pressure = "0" />
		<Point X = "417" Y = "276" T = "0" Pressure = "0" />
		<Point X = "411" Y = "285" T = "0" Pressure = "0" />
		<Point X = "406" Y = "296" T = "0" Pressure = "0" />
		<Point X = "398" Y = "305" T = "0" Pressure = "0" />
		<Point X = "389" Y = "314" T = "0" Pressure = "0" />
		<Point X = "384" Y = "319" T = "0" Pressure = "0" />
		<Point X = "379" Y = "322" T = "0" Pressure = "0" />
		<Point X = "374" Y = "324" T = "0" Pressure = "0" />
		<Point X = "371" Y = "324" T = "0" Pressure = "0" />
		<Point X = "367" Y = "324" T = "0" Pressure = "0" />
		<Point X = "363" Y = "324" T = "0" Pressure = "0" />
		<Point X = "360" Y = "324" T = "0" Pressure = "0" />
		<Point X = "356" Y = "324" T = "0" Pressure = "0" />
		<Point X = "350" Y = "321" T = "0" Pressure = "0" />
		<Point X = "345" Y = "317" T = "0" Pressure = "0" />
		<Point X = "337" Y = "312" T = "0" Pressure = "0" />
		<Point X = "330" Y = "307" T = "0" Pressure = "0" />
		<Point X = "321" Y = "302" T = "0" Pressure = "0" />
		<Point X = "311" Y = "294" T = "0" Pressure = "0" />
		<Point X = "306" Y = "292" T = "0" Pressure = "0" />
		<Point X = "299" Y = "288" T = "0" Pressure = "0" />
		<Point X = "296" Y = "286" T = "0" Pressure = "0" />
		<Point X = "294" Y = "281" T = "0" Pressure = "0" />
		<Point X = "292" Y = "278" T = "0" Pressure = "0" />
		<Point X = "291" Y = "273" T = "0" Pressure = "0" />
		<Point X = "289" Y = "270" T = "0" Pressure = "0" />
		<Point X = "289" Y = "267" T = "0" Pressure = "0" />
		<Point X = "289" Y = "264" T = "0" Pressure = "0" />
		<Point X = "289" Y = "261" T = "0" Pressure = "0" />
		<Point X = "289" Y = "258" T = "0" Pressure = "0" />
		<Point X = "289" Y = "256" T = "0" Pressure = "0" />
		<Point X = "289" Y = "253" T = "0" Pressure = "0" />
		<Point X = "290" Y = "250" T = "0" Pressure = "0" />
		<Point X = "294" Y = "245" T = "0" Pressure = "0" />
		<Point X = "297" Y = "241" T = "0" Pressure = "0" />
		<Point X = "301" Y = "236" T = "0" Pressure = "0" />
		<Point X = "304" Y = "233" T = "0" Pressure = "0" />
		<Point X = "308" Y = "230" T = "0" Pressure = "0" />
		<Point X = "313" Y = "227" T = "0" Pressure = "0" />
		<Point X = "317" Y = "224" T = "0" Pressure = "0" />
		<Point X = "322" Y = "223" T = "0" Pressure = "0" />
		<Point X = "327" Y = "220" T = "0" Pressure = "0" />
		<Point X = "332" Y = "218" T = "0" Pressure = "0" />
		<Point X = "341" Y = "217" T = "0" Pressure = "0" />
		<Point X = "348" Y = "215" T = "0" Pressure = "0" />
		<Point X = "355" Y = "214" T = "0" Pressure = "0" />
		<Point X = "359" Y = "214" T = "0" Pressure = "0" />
		<Point X = "364" Y = "214" T = "0" Pressure = "0" />
		<Point X = "366" Y = "214" T = "0" Pressure = "0" />
		<Point X = "370" Y = "215" T = "0" Pressure = "0" />
		<Point X = "372" Y = "217" T = "0" Pressure = "0" />
		<Point X = "376" Y = "220" T = "0" Pressure = "0" />
		<Point X = "378" Y = "224" T = "0" Pressure = "0" />
		<Point X = "382" Y = "229" T = "0" Pressure = "0" />
		<Point X = "384" Y = "234" T = "0" Pressure = "0" />
		<Point X = "386" Y = "242" T = "0" Pressure = "0" />
		<Point X = "388" Y = "248" T = "0" Pressure = "0" />
		<Point X = "388" Y = "252" T = "0" Pressure = "0" />
		<Point X = "389" Y = "255" T = "0" Pressure = "0" />
		<Point X = "389" Y = "257" T = "0" Pressure = "0" />
		<Point X = "389" Y = "260" T = "0" Pressure = "0" />
		<Point X = "389" Y = "262" T = "0" Pressure = "0" />
		<Point X = "389" Y = "265" T = "0" Pressure = "0" />
		<Point X = "389" Y = "267" T = "0" Pressure = "0" />
		<Point X = "389" Y = "269" T = "0" Pressure = "0" />
		<Point X = "389" Y = "270" T = "0" Pressure = "0" />
		<Point X = "388" Y = "273" T = "0" Pressure = "0" />
		<Point X = "387" Y = "273" T = "0" Pressure = "0" />
		<Point X = "386" Y = "274" T = "0" Pressure = "0" />
		<Point X = "384" Y = "276" T = "0" Pressure = "0" />
		<Point X = "381" Y = "278" T = "0" Pressure = "0" />
		<Point X = "381" Y = "279" T = "0" Pressure = "0" />
		<Point X = "379" Y = "280" T = "0" Pressure = "0" />
		<Point X = "377" Y = "280" T = "0" Pressure = "0" />
		<Point X = "377" Y = "281" T = "0" Pressure = "0" />
		<Point X = "376" Y = "281" T = "0" Pressure = "0" />
		<Point X = "374" Y = "281" T = "0" Pressure = "0" />
		<Point X = "373" Y = "281" T = "0" Pressure = "0" />
		<Point X = "370" Y = "281" T = "0" Pressure = "0" />
		<Point X = "365" Y = "279" T = "0" Pressure = "0" />
		<Point X = "362" Y = "276" T = "0" Pressure = "0" />
		<Point X = "359" Y = "271" T = "0" Pressure = "0" />
		<Point X = "355" Y = "266" T = "0" Pressure = "0" />
		<Point X = "352" Y = "262" T = "0" Pressure = "0" />
		<Point X = "349" Y = "262" T = "0" Pressure = "0" />
		<Point X = "344" Y = "261" T = "0" Pressure = "0" />
		<Point X = "340" Y = "259" T = "0" Pressure = "0" />
		<Point X = "338" Y = "259" T = "0" Pressure = "0" />
		<Point X = "336" Y = "258" T = "0" Pressure = "0" />
		<Point X = "335" Y = "258" T = "0" Pressure = "0" />
		<Point X = "334" Y = "257" T = "0" Pressure = "0" />
		<Point X = "334" Y = "256" T = "0" Pressure = "0" />
		<Point X = "334" Y = "254" T = "0" Pressure = "0" />
		<Point X = "334" Y = "251" T = "0" Pressure = "0" />
		<Point X = "334" Y = "249" T = "0" Pressure = "0" />
		<Point X = "334" Y = "248" T = "0" Pressure = "0" />
		<Point X = "334" Y = "247" T = "0" Pressure = "0" />
		<Point X = "334" Y = "245" T = "0" Pressure = "0" />
		<Point X = "336" Y = "245" T = "0" Pressure = "0" />
		<Point X = "336" Y = "244" T = "0" Pressure = "0" />
		<Point X = "339" Y = "243" T = "0" Pressure = "0" />
		<Point X = "342" Y = "242" T = "0" Pressure = "0" />
		<Point X = "346" Y = "240" T = "0" Pressure = "0" />
		<Point X = "348" Y = "239" T = "0" Pressure = "0" />
		<Point X = "351" Y = "238" T = "0" Pressure = "0" />
		<Point X = "352" Y = "237" T = "0" Pressure = "0" />
		<Point X = "354" Y = "237" T = "0" Pressure = "0" />
		<Point X = "357" Y = "237" T = "0" Pressure = "0" />
		<Point X = "358" Y = "236" T = "0" Pressure = "0" />
		<Point X = "360" Y = "236" T = "0" Pressure = "0" />
		<Point X = "361" Y = "236" T = "0" Pressure = "0" />
		<Point X = "362" Y = "236" T = "0" Pressure = "0" />
		<Point X = "364" Y = "237" T = "0" Pressure = "0" />
		<Point X = "365" Y = "238" T = "0" Pressure = "0" />
		<Point X = "366" Y = "240" T = "0" Pressure = "0" />
		<Point X = "368" Y = "241" T = "0" Pressure = "0" />
		<Point X = "369" Y = "242" T = "0" Pressure = "0" />
		<Point X = "369" Y = "243" T = "0" Pressure = "0" />
		<Point X = "370" Y = "243" T = "0" Pressure = "0" />
		<Point X = "371" Y = "244" T = "0" Pressure = "0" />
		<Point X = "371" Y = "245" T = "0" Pressure = "0" />
		<Point X = "371" Y = "246" T = "0" Pressure = "0" />
		<Point X = "371" Y = "248" T = "0" Pressure = "0" />
		<Point X = "371" Y = "249" T = "0" Pressure = "0" />
		<Point X = "371" Y = "250" T = "0" Pressure = "0" />
		<Point X = "371" Y = "251" T = "0" Pressure = "0" />
		<Point X = "371" Y = "252" T = "0" Pressure = "0" />
		<Point X = "371" Y = "253" T = "0" Pressure = "0" />
		<Point X = "370" Y = "254" T = "0" Pressure = "0" />
		<Point X = "369" Y = "254" T = "0" Pressure = "0" />
		<Point X = "368" Y = "254" T = "0" Pressure = "0" />
		<Point X = "367" Y = "254" T = "0" Pressure = "0" />
		<Point X = "366" Y = "254" T = "0" Pressure = "0" />
		<Point X = "365" Y = "254" T = "0" Pressure = "0" />
		<Point X = "364" Y = "254" T = "0" Pressure = "0" />
	</Stroke>
</Gesture>
