<?xml version="1.0" encoding="utf-8" standalone="yes"?>
<Gesture Name = "spiral">
	<Stroke>
		<Point X = "337" Y = "74" T = "0" Pressure = "0" />
		<Point X = "335" Y = "74" T = "0" Pressure = "0" />
		<Point X = "334" Y = "74" T = "0" Pressure = "0" />
		<Point X = "331" Y = "73" T = "0" Pressure = "0" />
		<Point X = "328" Y = "73" T = "0" Pressure = "0" />
		<Point X = "326" Y = "72" T = "0" Pressure = "0" />
		<Point X = "324" Y = "72" T = "0" Pressure = "0" />
		<Point X = "321" Y = "72" T = "0" Pressure = "0" />
		<Point X = "317" Y = "72" T = "0" Pressure = "0" />
		<Point X = "313" Y = "72" T = "0" Pressure = "0" />
		<Point X = "309" Y = "72" T = "0" Pressure = "0" />
		<Point X = "304" Y = "72" T = "0" Pressure = "0" />
		<Point X = "298" Y = "72" T = "0" Pressure = "0" />
		<Point X = "291" Y = "72" T = "0" Pressure = "0" />
		<Point X = "283" Y = "72" T = "0" Pressure = "0" />
		<Point X = "274" Y = "72" T = "0" Pressure = "0" />
		<Point X = "267" Y = "72" T = "0" Pressure = "0" />
		<Point X = "259" Y = "72" T = "0" Pressure = "0" />
		<Point X = "252" Y = "72" T = "0" Pressure = "0" />
		<Point X = "245" Y = "72" T = "0" Pressure = "0" />
		<Point X = "239" Y = "72" T = "0" Pressure = "0" />
		<Point X = "233" Y = "73" T = "0" Pressure = "0" />
		<Point X = "229" Y = "75" T = "0" Pressure = "0" />
		<Point X = "223" Y = "77" T = "0" Pressure = "0" />
		<Point X = "215" Y = "81" T = "0" Pressure = "0" />
		<Point X = "209" Y = "85" T = "0" Pressure = "0" />
		<Point X = "205" Y = "87" T = "0" Pressure = "0" />
		<Point X = "198" Y = "91" T = "0" Pressure = "0" />
		<Point X = "191" Y = "97" T = "0" Pressure = "0" />
		<Point X = "186" Y = "101" T = "0" Pressure = "0" />
		<Point X = "181" Y = "106" T = "0" Pressure = "0" />
		<Point X = "177" Y = "110" T = "0" Pressure = "0" />
		<Point X = "173" Y = "114" T = "0" Pressure = "0" />
		<Point X = "172" Y = "118" T = "0" Pressure = "0" />
		<Point X = "168" Y = "123" T = "0" Pressure = "0" />
		<Point X = "167" Y = "124" T = "0" Pressure = "0" />
		<Point X = "164" Y = "127" T = "0" Pressure = "0" />
		<Point X = "164" Y = "131" T = "0" Pressure = "0" />
		<Point X = "163" Y = "132" T = "0" Pressure = "0" />
		<Point X = "160" Y = "135" T = "0" Pressure = "0" />
		<Point X = "160" Y = "136" T = "0" Pressure = "0" />
		<Point X = "160" Y = "138" T = "0" Pressure = "0" />
		<Point X = "160" Y = "140" T = "0" Pressure = "0" />
		<Point X = "160" Y = "143" T = "0" Pressure = "0" />
		<Point X = "160" Y = "147" T = "0" Pressure = "0" />
		<Point X = "160" Y = "152" T = "0" Pressure = "0" />
		<Point X = "160" Y = "160" T = "0" Pressure = "0" />
		<Point X = "160" Y = "165" T = "0" Pressure = "0" />
		<Point X = "161" Y = "171" T = "0" Pressure = "0" />
		<Point X = "162" Y = "177" T = "0" Pressure = "0" />
		<Point X = "163" Y = "184" T = "0" Pressure = "0" />
		<Point X = "165" Y = "190" T = "0" Pressure = "0" />
		<Point X = "168" Y = "196" T = "0" Pressure = "0" />
		<Point X = "172" Y = "201" T = "0" Pressure = "0" />
		<Point X = "178" Y = "208" T = "0" Pressure = "0" />
		<Point X = "182" Y = "213" T = "0" Pressure = "0" />
		<Point X = "188" Y = "221" T = "0" Pressure = "0" />
		<Point X = "192" Y = "225" T = "0" Pressure = "0" />
		<Point X = "194" Y = "228" T = "0" Pressure = "0" />
		<Point X = "198" Y = "232" T = "0" Pressure = "0" />
		<Point X = "201" Y = "234" T = "0" Pressure = "0" />
		<Point X = "204" Y = "236" T = "0" Pressure = "0" />
		<Point X = "207" Y = "239" T = "0" Pressure = "0" />
		<Point X = "211" Y = "240" T = "0" Pressure = "0" />
		<Point X = "214" Y = "241" T = "0" Pressure = "0" />
		<Point X = "221" Y = "243" T = "0" Pressure = "0" />
		<Point X = "227" Y = "244" T = "0" Pressure = "0" />
		<Point X = "233" Y = "245" T = "0" Pressure = "0" />
		<Point X = "244" Y = "246" T = "0" Pressure = "0" />
		<Point X = "253" Y = "248" T = "0" Pressure = "0" />
		<Point X = "266" Y = "249" T = "0" Pressure = "0" />
		<Point X = "278" Y = "251" T = "0" Pressure = "0" />
		<Point X = "288" Y = "251" T = "0" Pressure = "0" />
		<Point X = "296" Y = "251" T = "0" Pressure = "0" />
		<Point X = "301" Y = "251" T = "0" Pressure = "0" />
		<Point X = "306" Y = "250" T = "0" Pressure = "0" />
		<Point X = "309" Y = "248" T = "0" Pressure = "0" />
		<Point X = "313" Y = "244" T = "0" Pressure = "0" />
		<Point X = "317" Y = "241" T = "0" Pressure = "0" />
		<Point X = "321" Y = "236" T = "0" Pressure = "0" />
		<Point X = "323" Y = "231" T = "0" Pressure = "0" />
		<Point X = "327" Y = "224" T = "0" Pressure = "0" />
		<Point X = "330" Y = "219" T = "0" Pressure = "0" />
		<Point X = "332" Y = "212" T = "0" Pressure = "0" />
		<Point X = "335" Y = "204" T = "0" Pressure = "0" />
		<Point X = "336" Y = "199" T = "0" Pressure = "0" />
		<Point X = "337" Y = "194" T = "0" Pressure = "0" />
		<Point X = "337" Y = "187" T = "0" Pressure = "0" />
		<Point X = "337" Y = "182" T = "0" Pressure = "0" />
		<Point X = "337" Y = "175" T = "0" Pressure = "0" />
		<Point X = "337" Y = "171" T = "0" Pressure = "0" />
		<Point X = "337" Y = "165" T = "0" Pressure = "0" />
		<Point X = "337" Y = "158" T = "0" Pressure = "0" />
		<Point X = "333" Y = "152" T = "0" Pressure = "0" />
		<Point X = "330" Y = "148" T = "0" Pressure = "0" />
		<Point X = "326" Y = "142" T = "0" Pressure = "0" />
		<Point X = "322" Y = "137" T = "0" Pressure = "0" />
		<Point X = "319" Y = "134" T = "0" Pressure = "0" />
		<Point X = "315" Y = "129" T = "0" Pressure = "0" />
		<Point X = "312" Y = "124" T = "0" Pressure = "0" />
		<Point X = "310" Y = "122" T = "0" Pressure = "0" />
		<Point X = "308" Y = "118" T = "0" Pressure = "0" />
		<Point X = "306" Y = "116" T = "0" Pressure = "0" />
		<Point X = "304" Y = "113" T = "0" Pressure = "0" />
		<Point X = "302" Y = "111" T = "0" Pressure = "0" />
		<Point X = "298" Y = "110" T = "0" Pressure = "0" />
		<Point X = "295" Y = "110" T = "0" Pressure = "0" />
		<Point X = "289" Y = "108" T = "0" Pressure = "0" />
		<Point X = "286" Y = "108" T = "0" Pressure = "0" />
		<Point X = "282" Y = "108" T = "0" Pressure = "0" />
		<Point X = "276" Y = "108" T = "0" Pressure = "0" />
		<Point X = "272" Y = "108" T = "0" Pressure = "0" />
		<Point X = "264" Y = "108" T = "0" Pressure = "0" />
		<Point X = "258" Y = "109" T = "0" Pressure = "0" />
		<Point X = "250" Y = "112" T = "0" Pressure = "0" />
		<Point X = "245" Y = "114" T = "0" Pressure = "0" />
		<Point X = "240" Y = "119" T = "0" Pressure = "0" />
		<Point X = "234" Y = "124" T = "0" Pressure = "0" />
		<Point X = "232" Y = "126" T = "0" Pressure = "0" />
		<Point X = "228" Y = "130" T = "0" Pressure = "0" />
		<Point X = "225" Y = "134" T = "0" Pressure = "0" />
		<Point X = "223" Y = "136" T = "0" Pressure = "0" />
		<Point X = "221" Y = "138" T = "0" Pressure = "0" />
		<Point X = "219" Y = "140" T = "0" Pressure = "0" />
		<Point X = "218" Y = "144" T = "0" Pressure = "0" />
		<Point X = "215" Y = "146" T = "0" Pressure = "0" />
		<Point X = "211" Y = "152" T = "0" Pressure = "0" />
		<Point X = "210" Y = "154" T = "0" Pressure = "0" />
		<Point X = "206" Y = "161" T = "0" Pressure = "0" />
		<Point X = "204" Y = "166" T = "0" Pressure = "0" />
		<Point X = "202" Y = "171" T = "0" Pressure = "0" />
		<Point X = "202" Y = "175" T = "0" Pressure = "0" />
		<Point X = "202" Y = "180" T = "0" Pressure = "0" />
		<Point X = "202" Y = "183" T = "0" Pressure = "0" />
		<Point X = "202" Y = "184" T = "0" Pressure = "0" />
		<Point X = "202" Y = "187" T = "0" Pressure = "0" />
		<Point X = "202" Y = "189" T = "0" Pressure = "0" />
		<Point X = "203" Y = "192" T = "0" Pressure = "0" />
		<Point X = "204" Y = "195" T = "0" Pressure = "0" />
		<Point X = "207" Y = "197" T = "0" Pressure = "0" />
		<Point X = "209" Y = "199" T = "0" Pressure = "0" />
		<Point X = "216" Y = "204" T = "0" Pressure = "0" />
		<Point X = "220" Y = "205" T = "0" Pressure = "0" />
		<Point X = "224" Y = "206" T = "0" Pressure = "0" />
		<Point X = "230" Y = "208" T = "0" Pressure = "0" />
		<Point X = "232" Y = "208" T = "0" Pressure = "0" />
		<Point X = "235" Y = "208" T = "0" Pressure = "0" />
		<Point X = "238" Y = "209" T = "0" Pressure = "0" />
		<Point X = "241" Y = "209" T = "0" Pressure = "0" />
		<Point X = "244" Y = "210" T = "0" Pressure = "0" />
		<Point X = "248" Y = "211" T = "0" Pressure = "0" />
		<Point X = "253" Y = "213" T = "0" Pressure = "0" />
		<Point X = "259" Y = "215" T = "0" Pressure = "0" />
		<Point X = "262" Y = "215" T = "0" Pressure = "0" />
		<Point X = "266" Y = "215" T = "0" Pressure = "0" />
		<Point X = "268" Y = "217" T = "0" Pressure = "0" />
		<Point X = "270" Y = "217" T = "0" Pressure = "0" />
		<Point X = "272" Y = "217" T = "0" Pressure = "0" />
		<Point X = "274" Y = "217" T = "0" Pressure = "0" />
		<Point X = "276" Y = "216" T = "0" Pressure = "0" />
		<Point X = "278" Y = "213" T = "0" Pressure = "0" />
		<Point X = "279" Y = "213" T = "0" Pressure = "0" />
		<Point X = "282" Y = "210" T = "0" Pressure = "0" />
		<Point X = "282" Y = "208" T = "0" Pressure = "0" />
		<Point X = "284" Y = "205" T = "0" Pressure = "0" />
		<Point X = "286" Y = "200" T = "0" Pressure = "0" />
		<Point X = "287" Y = "197" T = "0" Pressure = "0" />
		<Point X = "287" Y = "193" T = "0" Pressure = "0" />
		<Point X = "287" Y = "190" T = "0" Pressure = "0" />
		<Point X = "287" Y = "186" T = "0" Pressure = "0" />
		<Point X = "287" Y = "182" T = "0" Pressure = "0" />
		<Point X = "287" Y = "179" T = "0" Pressure = "0" />
		<Point X = "286" Y = "176" T = "0" Pressure = "0" />
		<Point X = "285" Y = "173" T = "0" Pressure = "0" />
		<Point X = "284" Y = "171" T = "0" Pressure = "0" />
		<Point X = "283" Y = "169" T = "0" Pressure = "0" />
		<Point X = "282" Y = "167" T = "0" Pressure = "0" />
		<Point X = "282" Y = "166" T = "0" Pressure = "0" />
		<Point X = "281" Y = "165" T = "0" Pressure = "0" />
		<Point X = "280" Y = "164" T = "0" Pressure = "0" />
		<Point X = "279" Y = "163" T = "0" Pressure = "0" />
		<Point X = "278" Y = "163" T = "0" Pressure = "0" />
		<Point X = "276" Y = "162" T = "0" Pressure = "0" />
		<Point X = "275" Y = "162" T = "0" Pressure = "0" />
		<Point X = "274" Y = "162" T = "0" Pressure = "0" />
		<Point X = "273" Y = "161" T = "0" Pressure = "0" />
		<Point X = "272" Y = "161" T = "0" Pressure = "0" />
		<Point X = "270" Y = "161" T = "0" Pressure = "0" />
		<Point X = "269" Y = "161" T = "0" Pressure = "0" />
		<Point X = "268" Y = "161" T = "0" Pressure = "0" />
		<Point X = "266" Y = "161" T = "0" Pressure = "0" />
		<Point X = "264" Y = "161" T = "0" Pressure = "0" />
		<Point X = "263" Y = "161" T = "0" Pressure = "0" />
		<Point X = "261" Y = "161" T = "0" Pressure = "0" />
		<Point X = "259" Y = "161" T = "0" Pressure = "0" />
		<Point X = "258" Y = "163" T = "0" Pressure = "0" />
		<Point X = "256" Y = "164" T = "0" Pressure = "0" />
		<Point X = "255" Y = "167" T = "0" Pressure = "0" />
		<Point X = "254" Y = "168" T = "0" Pressure = "0" />
		<Point X = "253" Y = "170" T = "0" Pressure = "0" />
		<Point X = "253" Y = "171" T = "0" Pressure = "0" />
		<Point X = "252" Y = "171" T = "0" Pressure = "0" />
		<Point X = "252" Y = "172" T = "0" Pressure = "0" />
		<Point X = "251" Y = "174" T = "0" Pressure = "0" />
		<Point X = "251" Y = "176" T = "0" Pressure = "0" />
		<Point X = "251" Y = "177" T = "0" Pressure = "0" />
		<Point X = "251" Y = "179" T = "0" Pressure = "0" />
		<Point X = "251" Y = "180" T = "0" Pressure = "0" />
		<Point X = "251" Y = "181" T = "0" Pressure = "0" />
		<Point X = "252" Y = "183" T = "0" Pressure = "0" />
		<Point X = "253" Y = "183" T = "0" Pressure = "0" />
		<Point X = "254" Y = "185" T = "0" Pressure = "0" />
		<Point X = "255" Y = "187" T = "0" Pressure = "0" />
		<Point X = "257" Y = "189" T = "0" Pressure = "0" />
		<Point X = "257" Y = "190" T = "0" Pressure = "0" />
		<Point X = "258" Y = "191" T = "0" Pressure = "0" />
		<Point X = "259" Y = "191" T = "0" Pressure = "0" />
		<Point X = "260" Y = "191" T = "0" Pressure = "0" />
		<Point X = "261" Y = "191" T = "0" Pressure = "0" />
		<Point X = "262" Y = "191" T = "0" Pressure = "0" />
		<Point X = "263" Y = "191" T = "0" Pressure = "0" />
	</Stroke>
</Gesture>
