<?xml version="1.0" encoding="utf-8" standalone="yes"?>
<Gesture Name = "spiral">
	<Stroke>
		<Point X = "210" Y = "58" T = "0" Pressure = "0" />
		<Point X = "208" Y = "58" T = "0" Pressure = "0" />
		<Point X = "207" Y = "58" T = "0" Pressure = "0" />
		<Point X = "205" Y = "58" T = "0" Pressure = "0" />
		<Point X = "203" Y = "58" T = "0" Pressure = "0" />
		<Point X = "200" Y = "58" T = "0" Pressure = "0" />
		<Point X = "197" Y = "58" T = "0" Pressure = "0" />
		<Point X = "192" Y = "58" T = "0" Pressure = "0" />
		<Point X = "186" Y = "58" T = "0" Pressure = "0" />
		<Point X = "179" Y = "58" T = "0" Pressure = "0" />
		<Point X = "172" Y = "58" T = "0" Pressure = "0" />
		<Point X = "166" Y = "61" T = "0" Pressure = "0" />
		<Point X = "157" Y = "62" T = "0" Pressure = "0" />
		<Point X = "145" Y = "66" T = "0" Pressure = "0" />
		<Point X = "137" Y = "68" T = "0" Pressure = "0" />
		<Point X = "128" Y = "71" T = "0" Pressure = "0" />
		<Point X = "124" Y = "73" T = "0" Pressure = "0" />
		<Point X = "118" Y = "77" T = "0" Pressure = "0" />
		<Point X = "114" Y = "78" T = "0" Pressure = "0" />
		<Point X = "110" Y = "81" T = "0" Pressure = "0" />
		<Point X = "106" Y = "82" T = "0" Pressure = "0" />
		<Point X = "103" Y = "85" T = "0" Pressure = "0" />
		<Point X = "99" Y = "88" T = "0" Pressure = "0" />
		<Point X = "97" Y = "89" T = "0" Pressure = "0" />
		<Point X = "94" Y = "91" T = "0" Pressure = "0" />
		<Point X = "92" Y = "94" T = "0" Pressure = "0" />
		<Point X = "90" Y = "96" T = "0" Pressure = "0" />
		<Point X = "88" Y = "98" T = "0" Pressure = "0" />
		<Point X = "87" Y = "102" T = "0" Pressure = "0" />
		<Point X = "85" Y = "108" T = "0" Pressure = "0" />
		<Point X = "84" Y = "112" T = "0" Pressure = "0" />
		<Point X = "84" Y = "116" T = "0" Pressure = "0" />
		<Point X = "82" Y = "124" T = "0" Pressure = "0" />
		<Point X = "81" Y = "128" T = "0" Pressure = "0" />
		<Point X = "81" Y = "134" T = "0" Pressure = "0" />
		<Point X = "81" Y = "137" T = "0" Pressure = "0" />
		<Point X = "81" Y = "141" T = "0" Pressure = "0" />
		<Point X = "81" Y = "143" T = "0" Pressure = "0" />
		<Point X = "81" Y = "147" T = "0" Pressure = "0" />
		<Point X = "83" Y = "151" T = "0" Pressure = "0" />
		<Point X = "85" Y = "152" T = "0" Pressure = "0" />
		<Point X = "88" Y = "155" T = "0" Pressure = "0" />
		<Point X = "92" Y = "158" T = "0" Pressure = "0" />
		<Point X = "95" Y = "160" T = "0" Pressure = "0" />
		<Point X = "101" Y = "162" T = "0" Pressure = "0" />
		<Point X = "106" Y = "164" T = "0" Pressure = "0" />
		<Point X = "111" Y = "166" T = "0" Pressure = "0" />
		<Point X = "117" Y = "168" T = "0" Pressure = "0" />
		<Point X = "123" Y = "169" T = "0" Pressure = "0" />
		<Point X = "129" Y = "169" T = "0" Pressure = "0" />
		<Point X = "136" Y = "169" T = "0" Pressure = "0" />
		<Point X = "141" Y = "169" T = "0" Pressure = "0" />
		<Point X = "145" Y = "169" T = "0" Pressure = "0" />
		<Point X = "151" Y = "169" T = "0" Pressure = "0" />
		<Point X = "154" Y = "169" T = "0" Pressure = "0" />
		<Point X = "157" Y = "169" T = "0" Pressure = "0" />
		<Point X = "161" Y = "167" T = "0" Pressure = "0" />
		<Point X = "166" Y = "164" T = "0" Pressure = "0" />
		<Point X = "169" Y = "163" T = "0" Pressure = "0" />
		<Point X = "173" Y = "163" T = "0" Pressure = "0" />
		<Point X = "179" Y = "160" T = "0" Pressure = "0" />
		<Point X = "184" Y = "159" T = "0" Pressure = "0" />
		<Point X = "187" Y = "158" T = "0" Pressure = "0" />
		<Point X = "192" Y = "154" T = "0" Pressure = "0" />
		<Point X = "194" Y = "152" T = "0" Pressure = "0" />
		<Point X = "196" Y = "149" T = "0" Pressure = "0" />
		<Point X = "199" Y = "144" T = "0" Pressure = "0" />
		<Point X = "200" Y = "141" T = "0" Pressure = "0" />
		<Point X = "201" Y = "137" T = "0" Pressure = "0" />
		<Point X = "201" Y = "131" T = "0" Pressure = "0" />
		<Point X = "201" Y = "127" T = "0" Pressure = "0" />
		<Point X = "201" Y = "121" T = "0" Pressure = "0" />
		<Point X = "201" Y = "116" T = "0" Pressure = "0" />
		<Point X = "201" Y = "110" T = "0" Pressure = "0" />
		<Point X = "201" Y = "107" T = "0" Pressure = "0" />
		<Point X = "201" Y = "103" T = "0" Pressure = "0" />
		<Point X = "201" Y = "101" T = "0" Pressure = "0" />
		<Point X = "199" Y = "98" T = "0" Pressure = "0" />
		<Point X = "193" Y = "90" T = "0" Pressure = "0" />
		<Point X = "192" Y = "88" T = "0" Pressure = "0" />
		<Point X = "190" Y = "86" T = "0" Pressure = "0" />
		<Point X = "188" Y = "85" T = "0" Pressure = "0" />
		<Point X = "186" Y = "83" T = "0" Pressure = "0" />
		<Point X = "182" Y = "82" T = "0" Pressure = "0" />
		<Point X = "177" Y = "81" T = "0" Pressure = "0" />
		<Point X = "173" Y = "81" T = "0" Pressure = "0" />
		<Point X = "170" Y = "81" T = "0" Pressure = "0" />
		<Point X = "167" Y = "81" T = "0" Pressure = "0" />
		<Point X = "164" Y = "81" T = "0" Pressure = "0" />
		<Point X = "161" Y = "81" T = "0" Pressure = "0" />
		<Point X = "159" Y = "81" T = "0" Pressure = "0" />
		<Point X = "158" Y = "81" T = "0" Pressure = "0" />
		<Point X = "155" Y = "81" T = "0" Pressure = "0" />
		<Point X = "153" Y = "83" T = "0" Pressure = "0" />
		<Point X = "148" Y = "85" T = "0" Pressure = "0" />
		<Point X = "144" Y = "88" T = "0" Pressure = "0" />
		<Point X = "135" Y = "91" T = "0" Pressure = "0" />
		<Point X = "130" Y = "94" T = "0" Pressure = "0" />
		<Point X = "126" Y = "96" T = "0" Pressure = "0" />
		<Point X = "117" Y = "99" T = "0" Pressure = "0" />
		<Point X = "114" Y = "101" T = "0" Pressure = "0" />
		<Point X = "109" Y = "104" T = "0" Pressure = "0" />
		<Point X = "107" Y = "105" T = "0" Pressure = "0" />
		<Point X = "104" Y = "108" T = "0" Pressure = "0" />
		<Point X = "103" Y = "109" T = "0" Pressure = "0" />
		<Point X = "101" Y = "111" T = "0" Pressure = "0" />
		<Point X = "101" Y = "114" T = "0" Pressure = "0" />
		<Point X = "99" Y = "117" T = "0" Pressure = "0" />
		<Point X = "98" Y = "118" T = "0" Pressure = "0" />
		<Point X = "98" Y = "121" T = "0" Pressure = "0" />
		<Point X = "98" Y = "123" T = "0" Pressure = "0" />
		<Point X = "97" Y = "126" T = "0" Pressure = "0" />
		<Point X = "97" Y = "129" T = "0" Pressure = "0" />
		<Point X = "97" Y = "130" T = "0" Pressure = "0" />
		<Point X = "97" Y = "133" T = "0" Pressure = "0" />
		<Point X = "97" Y = "135" T = "0" Pressure = "0" />
		<Point X = "98" Y = "138" T = "0" Pressure = "0" />
		<Point X = "100" Y = "139" T = "0" Pressure = "0" />
		<Point X = "100" Y = "142" T = "0" Pressure = "0" />
		<Point X = "103" Y = "143" T = "0" Pressure = "0" />
		<Point X = "106" Y = "146" T = "0" Pressure = "0" />
		<Point X = "107" Y = "146" T = "0" Pressure = "0" />
		<Point X = "110" Y = "146" T = "0" Pressure = "0" />
		<Point X = "115" Y = "146" T = "0" Pressure = "0" />
		<Point X = "120" Y = "146" T = "0" Pressure = "0" />
		<Point X = "128" Y = "146" T = "0" Pressure = "0" />
		<Point X = "137" Y = "146" T = "0" Pressure = "0" />
		<Point X = "145" Y = "146" T = "0" Pressure = "0" />
		<Point X = "150" Y = "146" T = "0" Pressure = "0" />
		<Point X = "156" Y = "146" T = "0" Pressure = "0" />
		<Point X = "159" Y = "145" T = "0" Pressure = "0" />
		<Point X = "162" Y = "144" T = "0" Pressure = "0" />
		<Point X = "165" Y = "141" T = "0" Pressure = "0" />
		<Point X = "167" Y = "141" T = "0" Pressure = "0" />
		<Point X = "169" Y = "140" T = "0" Pressure = "0" />
		<Point X = "172" Y = "137" T = "0" Pressure = "0" />
		<Point X = "174" Y = "137" T = "0" Pressure = "0" />
		<Point X = "175" Y = "135" T = "0" Pressure = "0" />
		<Point X = "177" Y = "134" T = "0" Pressure = "0" />
		<Point X = "178" Y = "132" T = "0" Pressure = "0" />
		<Point X = "179" Y = "132" T = "0" Pressure = "0" />
		<Point X = "179" Y = "130" T = "0" Pressure = "0" />
		<Point X = "181" Y = "129" T = "0" Pressure = "0" />
		<Point X = "181" Y = "128" T = "0" Pressure = "0" />
		<Point X = "181" Y = "126" T = "0" Pressure = "0" />
		<Point X = "181" Y = "124" T = "0" Pressure = "0" />
		<Point X = "181" Y = "122" T = "0" Pressure = "0" />
		<Point X = "181" Y = "120" T = "0" Pressure = "0" />
		<Point X = "181" Y = "117" T = "0" Pressure = "0" />
		<Point X = "180" Y = "114" T = "0" Pressure = "0" />
		<Point X = "178" Y = "111" T = "0" Pressure = "0" />
		<Point X = "177" Y = "110" T = "0" Pressure = "0" />
		<Point X = "176" Y = "108" T = "0" Pressure = "0" />
		<Point X = "173" Y = "106" T = "0" Pressure = "0" />
		<Point X = "173" Y = "105" T = "0" Pressure = "0" />
		<Point X = "171" Y = "105" T = "0" Pressure = "0" />
		<Point X = "170" Y = "105" T = "0" Pressure = "0" />
		<Point X = "170" Y = "104" T = "0" Pressure = "0" />
		<Point X = "168" Y = "104" T = "0" Pressure = "0" />
		<Point X = "167" Y = "104" T = "0" Pressure = "0" />
		<Point X = "165" Y = "104" T = "0" Pressure = "0" />
		<Point X = "164" Y = "104" T = "0" Pressure = "0" />
		<Point X = "163" Y = "104" T = "0" Pressure = "0" />
		<Point X = "161" Y = "104" T = "0" Pressure = "0" />
		<Point X = "160" Y = "104" T = "0" Pressure = "0" />
		<Point X = "158" Y = "104" T = "0" Pressure = "0" />
		<Point X = "156" Y = "104" T = "0" Pressure = "0" />
		<Point X = "155" Y = "104" T = "0" Pressure = "0" />
		<Point X = "154" Y = "104" T = "0" Pressure = "0" />
		<Point X = "153" Y = "104" T = "0" Pressure = "0" />
		<Point X = "151" Y = "104" T = "0" Pressure = "0" />
		<Point X = "150" Y = "104" T = "0" Pressure = "0" />
		<Point X = "148" Y = "104" T = "0" Pressure = "0" />
		<Point X = "146" Y = "105" T = "0" Pressure = "0" />
		<Point X = "144" Y = "105" T = "0" Pressure = "0" />
		<Point X = "144" Y = "106" T = "0" Pressure = "0" />
		<Point X = "142" Y = "107" T = "0" Pressure = "0" />
		<Point X = "140" Y = "108" T = "0" Pressure = "0" />
		<Point X = "140" Y = "109" T = "0" Pressure = "0" />
		<Point X = "138" Y = "109" T = "0" Pressure = "0" />
		<Point X = "138" Y = "110" T = "0" Pressure = "0" />
		<Point X = "137" Y = "111" T = "0" Pressure = "0" />
		<Point X = "136" Y = "114" T = "0" Pressure = "0" />
		<Point X = "136" Y = "115" T = "0" Pressure = "0" />
		<Point X = "136" Y = "117" T = "0" Pressure = "0" />
		<Point X = "136" Y = "118" T = "0" Pressure = "0" />
		<Point X = "136" Y = "119" T = "0" Pressure = "0" />
		<Point X = "136" Y = "120" T = "0" Pressure = "0" />
		<Point X = "136" Y = "121" T = "0" Pressure = "0" />
		<Point X = "136" Y = "123" T = "0" Pressure = "0" />
		<Point X = "136" Y = "124" T = "0" Pressure = "0" />
		<Point X = "136" Y = "125" T = "0" Pressure = "0" />
		<Point X = "136" Y = "126" T = "0" Pressure = "0" />
		<Point X = "137" Y = "128" T = "0" Pressure = "0" />
		<Point X = "138" Y = "128" T = "0" Pressure = "0" />
		<Point X = "139" Y = "128" T = "0" Pressure = "0" />
		<Point X = "140" Y = "128" T = "0" Pressure = "0" />
		<Point X = "141" Y = "128" T = "0" Pressure = "0" />
		<Point X = "142" Y = "128" T = "0" Pressure = "0" />
		<Point X = "143" Y = "128" T = "0" Pressure = "0" />
		<Point X = "144" Y = "128" T = "0" Pressure = "0" />
		<Point X = "146" Y = "128" T = "0" Pressure = "0" />
		<Point X = "147" Y = "128" T = "0" Pressure = "0" />
		<Point X = "148" Y = "128" T = "0" Pressure = "0" />
		<Point X = "149" Y = "128" T = "0" Pressure = "0" />
		<Point X = "150" Y = "128" T = "0" Pressure = "0" />
		<Point X = "152" Y = "128" T = "0" Pressure = "0" />
		<Point X = "153" Y = "128" T = "0" Pressure = "0" />
		<Point X = "154" Y = "127" T = "0" Pressure = "0" />
		<Point X = "155" Y = "127" T = "0" Pressure = "0" />
		<Point X = "156" Y = "125" T = "0" Pressure = "0" />
		<Point X = "157" Y = "125" T = "0" Pressure = "0" />
		<Point X = "157" Y = "123" T = "0" Pressure = "0" />
		<Point X = "157" Y = "122" T = "0" Pressure = "0" />
		<Point X = "159" Y = "121" T = "0" Pressure = "0" />
		<Point X = "159" Y = "120" T = "0" Pressure = "0" />
		<Point X = "159" Y = "119" T = "0" Pressure = "0" />
		<Point X = "159" Y = "117" T = "0" Pressure = "0" />
		<Point X = "159" Y = "116" T = "0" Pressure = "0" />
		<Point X = "159" Y = "115" T = "0" Pressure = "0" />
		<Point X = "159" Y = "114" T = "0" Pressure = "0" />
		<Point X = "157" Y = "114" T = "0" Pressure = "0" />
		<Point X = "156" Y = "114" T = "0" Pressure = "0" />
		<Point X = "154" Y = "114" T = "0" Pressure = "0" />
		<Point X = "153" Y = "114" T = "0" Pressure = "0" />
		<Point X = "151" Y = "114" T = "0" Pressure = "0" />
		<Point X = "150" Y = "114" T = "0" Pressure = "0" />
		<Point X = "150" Y = "115" T = "0" Pressure = "0" />
	</Stroke>
</Gesture>
