<?xml version="1.0" encoding="utf-8" standalone="yes"?>
<Gesture Name = "spiral">
	<Stroke>
		<Point X = "368" Y = "160" T = "0" Pressure = "0" />
		<Point X = "368" Y = "159" T = "0" Pressure = "0" />
		<Point X = "367" Y = "159" T = "0" Pressure = "0" />
		<Point X = "367" Y = "158" T = "0" Pressure = "0" />
		<Point X = "367" Y = "157" T = "0" Pressure = "0" />
		<Point X = "365" Y = "155" T = "0" Pressure = "0" />
		<Point X = "363" Y = "152" T = "0" Pressure = "0" />
		<Point X = "359" Y = "147" T = "0" Pressure = "0" />
		<Point X = "355" Y = "141" T = "0" Pressure = "0" />
		<Point X = "349" Y = "135" T = "0" Pressure = "0" />
		<Point X = "343" Y = "128" T = "0" Pressure = "0" />
		<Point X = "335" Y = "121" T = "0" Pressure = "0" />
		<Point X = "328" Y = "114" T = "0" Pressure = "0" />
		<Point X = "321" Y = "109" T = "0" Pressure = "0" />
		<Point X = "317" Y = "105" T = "0" Pressure = "0" />
		<Point X = "308" Y = "99" T = "0" Pressure = "0" />
		<Point X = "300" Y = "95" T = "0" Pressure = "0" />
		<Point X = "293" Y = "93" T = "0" Pressure = "0" />
		<Point X = "285" Y = "91" T = "0" Pressure = "0" />
		<Point X = "277" Y = "89" T = "0" Pressure = "0" />
		<Point X = "272" Y = "88" T = "0" Pressure = "0" />
		<Point X = "266" Y = "88" T = "0" Pressure = "0" />
		<Point X = "258" Y = "88" T = "0" Pressure = "0" />
		<Point X = "251" Y = "88" T = "0" Pressure = "0" />
		<Point X = "245" Y = "88" T = "0" Pressure = "0" />
		<Point X = "236" Y = "88" T = "0" Pressure = "0" />
		<Point X = "226" Y = "91" T = "0" Pressure = "0" />
		<Point X = "215" Y = "94" T = "0" Pressure = "0" />
		<Point X = "208" Y = "96" T = "0" Pressure = "0" />
		<Point X = "199" Y = "98" T = "0" Pressure = "0" />
		<Point X = "191" Y = "100" T = "0" Pressure = "0" />
		<Point X = "185" Y = "103" T = "0" Pressure = "0" />
		<Point X = "178" Y = "107" T = "0" Pressure = "0" />
		<Point X = "171" Y = "111" T = "0" Pressure = "0" />
		<Point X = "165" Y = "118" T = "0" Pressure = "0" />
		<Point X = "160" Y = "123" T = "0" Pressure = "0" />
		<Point X = "156" Y = "128" T = "0" Pressure = "0" />
		<Point X = "150" Y = "135" T = "0" Pressure = "0" />
		<Point X = "147" Y = "141" T = "0" Pressure = "0" />
		<Point X = "145" Y = "148" T = "0" Pressure = "0" />
		<Point X = "144" Y = "157" T = "0" Pressure = "0" />
		<Point X = "144" Y = "165" T = "0" Pressure = "0" />
		<Point X = "144" Y = "173" T = "0" Pressure = "0" />
		<Point X = "144" Y = "180" T = "0" Pressure = "0" />
		<Point X = "146" Y = "190" T = "0" Pressure = "0" />
		<Point X = "149" Y = "193" T = "0" Pressure = "0" />
		<Point X = "154" Y = "200" T = "0" Pressure = "0" />
		<Point X = "159" Y = "205" T = "0" Pressure = "0" />
		<Point X = "164" Y = "210" T = "0" Pressure = "0" />
		<Point X = "169" Y = "214" T = "0" Pressure = "0" />
		<Point X = "173" Y = "216" T = "0" Pressure = "0" />
		<Point X = "176" Y = "219" T = "0" Pressure = "0" />
		<Point X = "180" Y = "220" T = "0" Pressure = "0" />
		<Point X = "184" Y = "221" T = "0" Pressure = "0" />
		<Point X = "187" Y = "222" T = "0" Pressure = "0" />
		<Point X = "193" Y = "224" T = "0" Pressure = "0" />
		<Point X = "199" Y = "224" T = "0" Pressure = "0" />
		<Point X = "203" Y = "225" T = "0" Pressure = "0" />
		<Point X = "208" Y = "225" T = "0" Pressure = "0" />
		<Point X = "212" Y = "227" T = "0" Pressure = "0" />
		<Point X = "215" Y = "227" T = "0" Pressure = "0" />
		<Point X = "218" Y = "228" T = "0" Pressure = "0" />
		<Point X = "221" Y = "228" T = "0" Pressure = "0" />
		<Point X = "225" Y = "227" T = "0" Pressure = "0" />
		<Point X = "231" Y = "225" T = "0" Pressure = "0" />
		<Point X = "234" Y = "223" T = "0" Pressure = "0" />
		<Point X = "239" Y = "221" T = "0" Pressure = "0" />
		<Point X = "243" Y = "218" T = "0" Pressure = "0" />
		<Point X = "247" Y = "216" T = "0" Pressure = "0" />
		<Point X = "253" Y = "212" T = "0" Pressure = "0" />
		<Point X = "260" Y = "208" T = "0" Pressure = "0" />
		<Point X = "268" Y = "204" T = "0" Pressure = "0" />
		<Point X = "273" Y = "201" T = "0" Pressure = "0" />
		<Point X = "278" Y = "196" T = "0" Pressure = "0" />
		<Point X = "283" Y = "191" T = "0" Pressure = "0" />
		<Point X = "285" Y = "186" T = "0" Pressure = "0" />
		<Point X = "287" Y = "179" T = "0" Pressure = "0" />
		<Point X = "287" Y = "175" T = "0" Pressure = "0" />
		<Point X = "287" Y = "168" T = "0" Pressure = "0" />
		<Point X = "287" Y = "159" T = "0" Pressure = "0" />
		<Point X = "285" Y = "152" T = "0" Pressure = "0" />
		<Point X = "281" Y = "143" T = "0" Pressure = "0" />
		<Point X = "278" Y = "140" T = "0" Pressure = "0" />
		<Point X = "276" Y = "138" T = "0" Pressure = "0" />
		<Point X = "272" Y = "134" T = "0" Pressure = "0" />
		<Point X = "270" Y = "132" T = "0" Pressure = "0" />
		<Point X = "267" Y = "131" T = "0" Pressure = "0" />
		<Point X = "265" Y = "130" T = "0" Pressure = "0" />
		<Point X = "262" Y = "130" T = "0" Pressure = "0" />
		<Point X = "259" Y = "129" T = "0" Pressure = "0" />
		<Point X = "256" Y = "129" T = "0" Pressure = "0" />
		<Point X = "253" Y = "129" T = "0" Pressure = "0" />
		<Point X = "249" Y = "129" T = "0" Pressure = "0" />
		<Point X = "246" Y = "129" T = "0" Pressure = "0" />
		<Point X = "242" Y = "129" T = "0" Pressure = "0" />
		<Point X = "239" Y = "129" T = "0" Pressure = "0" />
		<Point X = "235" Y = "129" T = "0" Pressure = "0" />
		<Point X = "233" Y = "129" T = "0" Pressure = "0" />
		<Point X = "230" Y = "129" T = "0" Pressure = "0" />
		<Point X = "228" Y = "129" T = "0" Pressure = "0" />
		<Point X = "226" Y = "129" T = "0" Pressure = "0" />
		<Point X = "224" Y = "129" T = "0" Pressure = "0" />
		<Point X = "221" Y = "129" T = "0" Pressure = "0" />
		<Point X = "219" Y = "129" T = "0" Pressure = "0" />
		<Point X = "215" Y = "132" T = "0" Pressure = "0" />
		<Point X = "210" Y = "136" T = "0" Pressure = "0" />
		<Point X = "208" Y = "137" T = "0" Pressure = "0" />
		<Point X = "204" Y = "143" T = "0" Pressure = "0" />
		<Point X = "201" Y = "148" T = "0" Pressure = "0" />
		<Point X = "197" Y = "151" T = "0" Pressure = "0" />
		<Point X = "195" Y = "154" T = "0" Pressure = "0" />
		<Point X = "193" Y = "157" T = "0" Pressure = "0" />
		<Point X = "189" Y = "161" T = "0" Pressure = "0" />
		<Point X = "188" Y = "163" T = "0" Pressure = "0" />
		<Point X = "187" Y = "165" T = "0" Pressure = "0" />
		<Point X = "185" Y = "168" T = "0" Pressure = "0" />
		<Point X = "185" Y = "169" T = "0" Pressure = "0" />
		<Point X = "185" Y = "172" T = "0" Pressure = "0" />
		<Point X = "185" Y = "173" T = "0" Pressure = "0" />
		<Point X = "185" Y = "176" T = "0" Pressure = "0" />
		<Point X = "185" Y = "178" T = "0" Pressure = "0" />
		<Point X = "185" Y = "181" T = "0" Pressure = "0" />
		<Point X = "185" Y = "183" T = "0" Pressure = "0" />
		<Point X = "187" Y = "185" T = "0" Pressure = "0" />
		<Point X = "189" Y = "190" T = "0" Pressure = "0" />
		<Point X = "191" Y = "191" T = "0" Pressure = "0" />
		<Point X = "193" Y = "194" T = "0" Pressure = "0" />
		<Point X = "197" Y = "197" T = "0" Pressure = "0" />
		<Point X = "198" Y = "199" T = "0" Pressure = "0" />
		<Point X = "199" Y = "199" T = "0" Pressure = "0" />
		<Point X = "200" Y = "201" T = "0" Pressure = "0" />
		<Point X = "202" Y = "201" T = "0" Pressure = "0" />
		<Point X = "204" Y = "201" T = "0" Pressure = "0" />
		<Point X = "206" Y = "201" T = "0" Pressure = "0" />
		<Point X = "208" Y = "201" T = "0" Pressure = "0" />
		<Point X = "210" Y = "201" T = "0" Pressure = "0" />
		<Point X = "213" Y = "201" T = "0" Pressure = "0" />
		<Point X = "215" Y = "199" T = "0" Pressure = "0" />
		<Point X = "221" Y = "196" T = "0" Pressure = "0" />
		<Point X = "224" Y = "195" T = "0" Pressure = "0" />
		<Point X = "229" Y = "194" T = "0" Pressure = "0" />
		<Point X = "232" Y = "191" T = "0" Pressure = "0" />
		<Point X = "234" Y = "191" T = "0" Pressure = "0" />
		<Point X = "236" Y = "190" T = "0" Pressure = "0" />
		<Point X = "237" Y = "189" T = "0" Pressure = "0" />
		<Point X = "238" Y = "189" T = "0" Pressure = "0" />
		<Point X = "240" Y = "188" T = "0" Pressure = "0" />
		<Point X = "240" Y = "187" T = "0" Pressure = "0" />
		<Point X = "241" Y = "185" T = "0" Pressure = "0" />
		<Point X = "243" Y = "183" T = "0" Pressure = "0" />
		<Point X = "243" Y = "181" T = "0" Pressure = "0" />
		<Point X = "243" Y = "179" T = "0" Pressure = "0" />
		<Point X = "244" Y = "177" T = "0" Pressure = "0" />
		<Point X = "244" Y = "174" T = "0" Pressure = "0" />
		<Point X = "244" Y = "173" T = "0" Pressure = "0" />
		<Point X = "244" Y = "171" T = "0" Pressure = "0" />
		<Point X = "244" Y = "170" T = "0" Pressure = "0" />
		<Point X = "244" Y = "169" T = "0" Pressure = "0" />
		<Point X = "243" Y = "167" T = "0" Pressure = "0" />
		<Point X = "242" Y = "167" T = "0" Pressure = "0" />
		<Point X = "241" Y = "165" T = "0" Pressure = "0" />
		<Point X = "239" Y = "163" T = "0" Pressure = "0" />
		<Point X = "236" Y = "162" T = "0" Pressure = "0" />
		<Point X = "231" Y = "161" T = "0" Pressure = "0" />
		<Point X = "228" Y = "160" T = "0" Pressure = "0" />
		<Point X = "225" Y = "159" T = "0" Pressure = "0" />
		<Point X = "224" Y = "158" T = "0" Pressure = "0" />
		<Point X = "223" Y = "158" T = "0" Pressure = "0" />
		<Point X = "222" Y = "158" T = "0" Pressure = "0" />
		<Point X = "221" Y = "158" T = "0" Pressure = "0" />
		<Point X = "220" Y = "158" T = "0" Pressure = "0" />
		<Point X = "218" Y = "158" T = "0" Pressure = "0" />
		<Point X = "216" Y = "158" T = "0" Pressure = "0" />
		<Point X = "215" Y = "158" T = "0" Pressure = "0" />
		<Point X = "213" Y = "158" T = "0" Pressure = "0" />
		<Point X = "212" Y = "158" T = "0" Pressure = "0" />
		<Point X = "211" Y = "158" T = "0" Pressure = "0" />
		<Point X = "210" Y = "158" T = "0" Pressure = "0" />
		<Point X = "209" Y = "158" T = "0" Pressure = "0" />
		<Point X = "208" Y = "158" T = "0" Pressure = "0" />
		<Point X = "207" Y = "158" T = "0" Pressure = "0" />
		<Point X = "206" Y = "158" T = "0" Pressure = "0" />
		<Point X = "204" Y = "160" T = "0" Pressure = "0" />
		<Point X = "204" Y = "161" T = "0" Pressure = "0" />
		<Point X = "204" Y = "163" T = "0" Pressure = "0" />
		<Point X = "204" Y = "165" T = "0" Pressure = "0" />
		<Point X = "204" Y = "166" T = "0" Pressure = "0" />
		<Point X = "204" Y = "168" T = "0" Pressure = "0" />
		<Point X = "204" Y = "170" T = "0" Pressure = "0" />
		<Point X = "204" Y = "172" T = "0" Pressure = "0" />
		<Point X = "204" Y = "173" T = "0" Pressure = "0" />
		<Point X = "204" Y = "174" T = "0" Pressure = "0" />
		<Point X = "204" Y = "176" T = "0" Pressure = "0" />
		<Point X = "205" Y = "177" T = "0" Pressure = "0" />
		<Point X = "205" Y = "178" T = "0" Pressure = "0" />
		<Point X = "206" Y = "179" T = "0" Pressure = "0" />
		<Point X = "208" Y = "181" T = "0" Pressure = "0" />
		<Point X = "209" Y = "182" T = "0" Pressure = "0" />
		<Point X = "210" Y = "183" T = "0" Pressure = "0" />
		<Point X = "211" Y = "184" T = "0" Pressure = "0" />
		<Point X = "212" Y = "184" T = "0" Pressure = "0" />
		<Point X = "213" Y = "184" T = "0" Pressure = "0" />
		<Point X = "214" Y = "185" T = "0" Pressure = "0" />
		<Point X = "215" Y = "185" T = "0" Pressure = "0" />
		<Point X = "216" Y = "185" T = "0" Pressure = "0" />
		<Point X = "217" Y = "185" T = "0" Pressure = "0" />
		<Point X = "218" Y = "185" T = "0" Pressure = "0" />
		<Point X = "219" Y = "185" T = "0" Pressure = "0" />
		<Point X = "220" Y = "185" T = "0" Pressure = "0" />
		<Point X = "222" Y = "185" T = "0" Pressure = "0" />
		<Point X = "222" Y = "184" T = "0" Pressure = "0" />
		<Point X = "223" Y = "182" T = "0" Pressure = "0" />
		<Point X = "223" Y = "181" T = "0" Pressure = "0" />
		<Point X = "223" Y = "180" T = "0" Pressure = "0" />
		<Point X = "223" Y = "179" T = "0" Pressure = "0" />
		<Point X = "223" Y = "178" T = "0" Pressure = "0" />
		<Point X = "223" Y = "176" T = "0" Pressure = "0" />
		<Point X = "222" Y = "175" T = "0" Pressure = "0" />
		<Point X = "221" Y = "175" T = "0" Pressure = "0" />
		<Point X = "220" Y = "174" T = "0" Pressure = "0" />
		<Point X = "219" Y = "174" T = "0" Pressure = "0" />
		<Point X = "218" Y = "173" T = "0" Pressure = "0" />
		<Point X = "217" Y = "173" T = "0" Pressure = "0" />
	</Stroke>
</Gesture>
