<?xml version="1.0" encoding="utf-8" standalone="yes"?>
<Gesture Name = "spiral">
	<Stroke>
		<Point X = "50" Y = "278" T = "0" Pressure = "0" />
		<Point X = "51" Y = "275" T = "0" Pressure = "0" />
		<Point X = "51" Y = "274" T = "0" Pressure = "0" />
		<Point X = "52" Y = "271" T = "0" Pressure = "0" />
		<Point X = "52" Y = "270" T = "0" Pressure = "0" />
		<Point X = "53" Y = "267" T = "0" Pressure = "0" />
		<Point X = "53" Y = "261" T = "0" Pressure = "0" />
		<Point X = "53" Y = "253" T = "0" Pressure = "0" />
		<Point X = "53" Y = "246" T = "0" Pressure = "0" />
		<Point X = "53" Y = "238" T = "0" Pressure = "0" />
		<Point X = "53" Y = "231" T = "0" Pressure = "0" />
		<Point X = "53" Y = "223" T = "0" Pressure = "0" />
		<Point X = "54" Y = "217" T = "0" Pressure = "0" />
		<Point X = "56" Y = "209" T = "0" Pressure = "0" />
		<Point X = "58" Y = "201" T = "0" Pressure = "0" />
		<Point X = "61" Y = "195" T = "0" Pressure = "0" />
		<Point X = "64" Y = "188" T = "0" Pressure = "0" />
		<Point X = "68" Y = "182" T = "0" Pressure = "0" />
		<Point X = "72" Y = "177" T = "0" Pressure = "0" />
		<Point X = "76" Y = "173" T = "0" Pressure = "0" />
		<Point X = "77" Y = "172" T = "0" Pressure = "0" />
		<Point X = "81" Y = "168" T = "0" Pressure = "0" />
		<Point X = "83" Y = "167" T = "0" Pressure = "0" />
		<Point X = "86" Y = "164" T = "0" Pressure = "0" />
		<Point X = "90" Y = "163" T = "0" Pressure = "0" />
		<Point X = "94" Y = "161" T = "0" Pressure = "0" />
		<Point X = "99" Y = "159" T = "0" Pressure = "0" />
		<Point X = "103" Y = "158" T = "0" Pressure = "0" />
		<Point X = "114" Y = "157" T = "0" Pressure = "0" />
		<Point X = "124" Y = "155" T = "0" Pressure = "0" />
		<Point X = "136" Y = "154" T = "0" Pressure = "0" />
		<Point X = "147" Y = "154" T = "0" Pressure = "0" />
		<Point X = "155" Y = "154" T = "0" Pressure = "0" />
		<Point X = "161" Y = "154" T = "0" Pressure = "0" />
		<Point X = "163" Y = "154" T = "0" Pressure = "0" />
		<Point X = "165" Y = "154" T = "0" Pressure = "0" />
		<Point X = "167" Y = "154" T = "0" Pressure = "0" />
		<Point X = "168" Y = "156" T = "0" Pressure = "0" />
		<Point X = "172" Y = "158" T = "0" Pressure = "0" />
		<Point X = "175" Y = "163" T = "0" Pressure = "0" />
		<Point X = "180" Y = "169" T = "0" Pressure = "0" />
		<Point X = "185" Y = "178" T = "0" Pressure = "0" />
		<Point X = "191" Y = "188" T = "0" Pressure = "0" />
		<Point X = "197" Y = "198" T = "0" Pressure = "0" />
		<Point X = "202" Y = "208" T = "0" Pressure = "0" />
		<Point X = "207" Y = "219" T = "0" Pressure = "0" />
		<Point X = "211" Y = "227" T = "0" Pressure = "0" />
		<Point X = "211" Y = "234" T = "0" Pressure = "0" />
		<Point X = "211" Y = "241" T = "0" Pressure = "0" />
		<Point X = "211" Y = "248" T = "0" Pressure = "0" />
		<Point X = "211" Y = "254" T = "0" Pressure = "0" />
		<Point X = "211" Y = "263" T = "0" Pressure = "0" />
		<Point X = "211" Y = "270" T = "0" Pressure = "0" />
		<Point X = "210" Y = "278" T = "0" Pressure = "0" />
		<Point X = "210" Y = "284" T = "0" Pressure = "0" />
		<Point X = "209" Y = "288" T = "0" Pressure = "0" />
		<Point X = "206" Y = "293" T = "0" Pressure = "0" />
		<Point X = "205" Y = "294" T = "0" Pressure = "0" />
		<Point X = "202" Y = "297" T = "0" Pressure = "0" />
		<Point X = "201" Y = "298" T = "0" Pressure = "0" />
		<Point X = "197" Y = "301" T = "0" Pressure = "0" />
		<Point X = "196" Y = "301" T = "0" Pressure = "0" />
		<Point X = "193" Y = "302" T = "0" Pressure = "0" />
		<Point X = "189" Y = "305" T = "0" Pressure = "0" />
		<Point X = "185" Y = "306" T = "0" Pressure = "0" />
		<Point X = "177" Y = "310" T = "0" Pressure = "0" />
		<Point X = "170" Y = "311" T = "0" Pressure = "0" />
		<Point X = "163" Y = "312" T = "0" Pressure = "0" />
		<Point X = "155" Y = "314" T = "0" Pressure = "0" />
		<Point X = "149" Y = "314" T = "0" Pressure = "0" />
		<Point X = "141" Y = "314" T = "0" Pressure = "0" />
		<Point X = "137" Y = "314" T = "0" Pressure = "0" />
		<Point X = "134" Y = "314" T = "0" Pressure = "0" />
		<Point X = "131" Y = "314" T = "0" Pressure = "0" />
		<Point X = "128" Y = "313" T = "0" Pressure = "0" />
		<Point X = "126" Y = "311" T = "0" Pressure = "0" />
		<Point X = "124" Y = "310" T = "0" Pressure = "0" />
		<Point X = "122" Y = "309" T = "0" Pressure = "0" />
		<Point X = "120" Y = "309" T = "0" Pressure = "0" />
		<Point X = "118" Y = "307" T = "0" Pressure = "0" />
		<Point X = "116" Y = "307" T = "0" Pressure = "0" />
		<Point X = "113" Y = "307" T = "0" Pressure = "0" />
		<Point X = "112" Y = "307" T = "0" Pressure = "0" />
		<Point X = "110" Y = "306" T = "0" Pressure = "0" />
		<Point X = "107" Y = "306" T = "0" Pressure = "0" />
		<Point X = "103" Y = "303" T = "0" Pressure = "0" />
		<Point X = "102" Y = "302" T = "0" Pressure = "0" />
		<Point X = "99" Y = "299" T = "0" Pressure = "0" />
		<Point X = "96" Y = "297" T = "0" Pressure = "0" />
		<Point X = "94" Y = "294" T = "0" Pressure = "0" />
		<Point X = "93" Y = "290" T = "0" Pressure = "0" />
		<Point X = "92" Y = "287" T = "0" Pressure = "0" />
		<Point X = "92" Y = "286" T = "0" Pressure = "0" />
		<Point X = "92" Y = "284" T = "0" Pressure = "0" />
		<Point X = "92" Y = "281" T = "0" Pressure = "0" />
		<Point X = "92" Y = "278" T = "0" Pressure = "0" />
		<Point X = "92" Y = "274" T = "0" Pressure = "0" />
		<Point X = "92" Y = "267" T = "0" Pressure = "0" />
		<Point X = "92" Y = "261" T = "0" Pressure = "0" />
		<Point X = "92" Y = "255" T = "0" Pressure = "0" />
		<Point X = "92" Y = "248" T = "0" Pressure = "0" />
		<Point X = "92" Y = "246" T = "0" Pressure = "0" />
		<Point X = "93" Y = "242" T = "0" Pressure = "0" />
		<Point X = "95" Y = "237" T = "0" Pressure = "0" />
		<Point X = "97" Y = "233" T = "0" Pressure = "0" />
		<Point X = "99" Y = "230" T = "0" Pressure = "0" />
		<Point X = "100" Y = "228" T = "0" Pressure = "0" />
		<Point X = "102" Y = "226" T = "0" Pressure = "0" />
		<Point X = "104" Y = "223" T = "0" Pressure = "0" />
		<Point X = "107" Y = "221" T = "0" Pressure = "0" />
		<Point X = "109" Y = "219" T = "0" Pressure = "0" />
		<Point X = "111" Y = "217" T = "0" Pressure = "0" />
		<Point X = "114" Y = "214" T = "0" Pressure = "0" />
		<Point X = "117" Y = "213" T = "0" Pressure = "0" />
		<Point X = "119" Y = "212" T = "0" Pressure = "0" />
		<Point X = "124" Y = "209" T = "0" Pressure = "0" />
		<Point X = "130" Y = "207" T = "0" Pressure = "0" />
		<Point X = "136" Y = "205" T = "0" Pressure = "0" />
		<Point X = "141" Y = "203" T = "0" Pressure = "0" />
		<Point X = "144" Y = "203" T = "0" Pressure = "0" />
		<Point X = "145" Y = "203" T = "0" Pressure = "0" />
		<Point X = "148" Y = "202" T = "0" Pressure = "0" />
		<Point X = "149" Y = "201" T = "0" Pressure = "0" />
		<Point X = "151" Y = "201" T = "0" Pressure = "0" />
		<Point X = "154" Y = "201" T = "0" Pressure = "0" />
		<Point X = "155" Y = "203" T = "0" Pressure = "0" />
		<Point X = "157" Y = "206" T = "0" Pressure = "0" />
		<Point X = "159" Y = "210" T = "0" Pressure = "0" />
		<Point X = "161" Y = "213" T = "0" Pressure = "0" />
		<Point X = "164" Y = "220" T = "0" Pressure = "0" />
		<Point X = "166" Y = "223" T = "0" Pressure = "0" />
		<Point X = "166" Y = "226" T = "0" Pressure = "0" />
		<Point X = "166" Y = "230" T = "0" Pressure = "0" />
		<Point X = "168" Y = "234" T = "0" Pressure = "0" />
		<Point X = "168" Y = "238" T = "0" Pressure = "0" />
		<Point X = "168" Y = "239" T = "0" Pressure = "0" />
		<Point X = "168" Y = "243" T = "0" Pressure = "0" />
		<Point X = "168" Y = "246" T = "0" Pressure = "0" />
		<Point X = "168" Y = "249" T = "0" Pressure = "0" />
		<Point X = "168" Y = "253" T = "0" Pressure = "0" />
		<Point X = "168" Y = "259" T = "0" Pressure = "0" />
		<Point X = "168" Y = "263" T = "0" Pressure = "0" />
		<Point X = "167" Y = "268" T = "0" Pressure = "0" />
		<Point X = "166" Y = "272" T = "0" Pressure = "0" />
		<Point X = "165" Y = "276" T = "0" Pressure = "0" />
		<Point X = "164" Y = "278" T = "0" Pressure = "0" />
		<Point X = "163" Y = "279" T = "0" Pressure = "0" />
		<Point X = "163" Y = "280" T = "0" Pressure = "0" />
		<Point X = "162" Y = "281" T = "0" Pressure = "0" />
		<Point X = "161" Y = "281" T = "0" Pressure = "0" />
		<Point X = "160" Y = "281" T = "0" Pressure = "0" />
		<Point X = "160" Y = "282" T = "0" Pressure = "0" />
		<Point X = "158" Y = "282" T = "0" Pressure = "0" />
		<Point X = "157" Y = "282" T = "0" Pressure = "0" />
		<Point X = "154" Y = "282" T = "0" Pressure = "0" />
		<Point X = "151" Y = "282" T = "0" Pressure = "0" />
		<Point X = "150" Y = "282" T = "0" Pressure = "0" />
		<Point X = "143" Y = "282" T = "0" Pressure = "0" />
		<Point X = "138" Y = "279" T = "0" Pressure = "0" />
		<Point X = "135" Y = "277" T = "0" Pressure = "0" />
		<Point X = "132" Y = "276" T = "0" Pressure = "0" />
		<Point X = "129" Y = "275" T = "0" Pressure = "0" />
		<Point X = "128" Y = "274" T = "0" Pressure = "0" />
		<Point X = "126" Y = "272" T = "0" Pressure = "0" />
		<Point X = "126" Y = "271" T = "0" Pressure = "0" />
		<Point X = "126" Y = "268" T = "0" Pressure = "0" />
		<Point X = "124" Y = "263" T = "0" Pressure = "0" />
		<Point X = "124" Y = "260" T = "0" Pressure = "0" />
		<Point X = "122" Y = "259" T = "0" Pressure = "0" />
		<Point X = "122" Y = "256" T = "0" Pressure = "0" />
		<Point X = "122" Y = "255" T = "0" Pressure = "0" />
		<Point X = "122" Y = "254" T = "0" Pressure = "0" />
		<Point X = "122" Y = "253" T = "0" Pressure = "0" />
		<Point X = "122" Y = "252" T = "0" Pressure = "0" />
		<Point X = "122" Y = "251" T = "0" Pressure = "0" />
		<Point X = "122" Y = "250" T = "0" Pressure = "0" />
		<Point X = "122" Y = "249" T = "0" Pressure = "0" />
		<Point X = "122" Y = "248" T = "0" Pressure = "0" />
		<Point X = "122" Y = "246" T = "0" Pressure = "0" />
		<Point X = "123" Y = "244" T = "0" Pressure = "0" />
		<Point X = "125" Y = "243" T = "0" Pressure = "0" />
		<Point X = "126" Y = "241" T = "0" Pressure = "0" />
		<Point X = "129" Y = "240" T = "0" Pressure = "0" />
		<Point X = "133" Y = "238" T = "0" Pressure = "0" />
		<Point X = "134" Y = "237" T = "0" Pressure = "0" />
		<Point X = "138" Y = "236" T = "0" Pressure = "0" />
		<Point X = "140" Y = "235" T = "0" Pressure = "0" />
		<Point X = "142" Y = "234" T = "0" Pressure = "0" />
		<Point X = "143" Y = "234" T = "0" Pressure = "0" />
		<Point X = "144" Y = "234" T = "0" Pressure = "0" />
		<Point X = "145" Y = "234" T = "0" Pressure = "0" />
		<Point X = "146" Y = "234" T = "0" Pressure = "0" />
		<Point X = "148" Y = "236" T = "0" Pressure = "0" />
		<Point X = "150" Y = "238" T = "0" Pressure = "0" />
		<Point X = "151" Y = "240" T = "0" Pressure = "0" />
		<Point X = "152" Y = "241" T = "0" Pressure = "0" />
		<Point X = "153" Y = "242" T = "0" Pressure = "0" />
		<Point X = "153" Y = "243" T = "0" Pressure = "0" />
		<Point X = "153" Y = "244" T = "0" Pressure = "0" />
		<Point X = "153" Y = "246" T = "0" Pressure = "0" />
		<Point X = "153" Y = "248" T = "0" Pressure = "0" />
		<Point X = "153" Y = "249" T = "0" Pressure = "0" />
		<Point X = "153" Y = "251" T = "0" Pressure = "0" />
		<Point X = "153" Y = "253" T = "0" Pressure = "0" />
		<Point X = "152" Y = "256" T = "0" Pressure = "0" />
		<Point X = "151" Y = "257" T = "0" Pressure = "0" />
		<Point X = "150" Y = "258" T = "0" Pressure = "0" />
	</Stroke>
</Gesture>
