<?xml version="1.0" encoding="utf-8" standalone="yes"?>
<Gesture Name = "spiral">
	<Stroke>
		<Point X = "393" Y = "328" T = "0" Pressure = "0" />
		<Point X = "390" Y = "328" T = "0" Pressure = "0" />
		<Point X = "387" Y = "329" T = "0" Pressure = "0" />
		<Point X = "381" Y = "330" T = "0" Pressure = "0" />
		<Point X = "377" Y = "330" T = "0" Pressure = "0" />
		<Point X = "371" Y = "330" T = "0" Pressure = "0" />
		<Point X = "366" Y = "330" T = "0" Pressure = "0" />
		<Point X = "360" Y = "330" T = "0" Pressure = "0" />
		<Point X = "351" Y = "330" T = "0" Pressure = "0" />
		<Point X = "345" Y = "330" T = "0" Pressure = "0" />
		<Point X = "337" Y = "327" T = "0" Pressure = "0" />
		<Point X = "327" Y = "320" T = "0" Pressure = "0" />
		<Point X = "320" Y = "314" T = "0" Pressure = "0" />
		<Point X = "314" Y = "305" T = "0" Pressure = "0" />
		<Point X = "312" Y = "298" T = "0" Pressure = "0" />
		<Point X = "306" Y = "286" T = "0" Pressure = "0" />
		<Point X = "303" Y = "276" T = "0" Pressure = "0" />
		<Point X = "302" Y = "268" T = "0" Pressure = "0" />
		<Point X = "301" Y = "260" T = "0" Pressure = "0" />
		<Point X = "301" Y = "251" T = "0" Pressure = "0" />
		<Point X = "301" Y = "246" T = "0" Pressure = "0" />
		<Point X = "301" Y = "239" T = "0" Pressure = "0" />
		<Point X = "301" Y = "233" T = "0" Pressure = "0" />
		<Point X = "301" Y = "229" T = "0" Pressure = "0" />
		<Point X = "301" Y = "223" T = "0" Pressure = "0" />
		<Point X = "303" Y = "219" T = "0" Pressure = "0" />
		<Point X = "307" Y = "213" T = "0" Pressure = "0" />
		<Point X = "310" Y = "208" T = "0" Pressure = "0" />
		<Point X = "314" Y = "204" T = "0" Pressure = "0" />
		<Point X = "317" Y = "200" T = "0" Pressure = "0" />
		<Point X = "320" Y = "196" T = "0" Pressure = "0" />
		<Point X = "322" Y = "193" T = "0" Pressure = "0" />
		<Point X = "327" Y = "190" T = "0" Pressure = "0" />
		<Point X = "334" Y = "188" T = "0" Pressure = "0" />
		<Point X = "342" Y = "186" T = "0" Pressure = "0" />
		<Point X = "351" Y = "184" T = "0" Pressure = "0" />
		<Point X = "360" Y = "182" T = "0" Pressure = "0" />
		<Point X = "367" Y = "180" T = "0" Pressure = "0" />
		<Point X = "373" Y = "179" T = "0" Pressure = "0" />
		<Point X = "376" Y = "178" T = "0" Pressure = "0" />
		<Point X = "379" Y = "178" T = "0" Pressure = "0" />
		<Point X = "381" Y = "178" T = "0" Pressure = "0" />
		<Point X = "383" Y = "178" T = "0" Pressure = "0" />
		<Point X = "384" Y = "178" T = "0" Pressure = "0" />
		<Point X = "386" Y = "178" T = "0" Pressure = "0" />
		<Point X = "387" Y = "178" T = "0" Pressure = "0" />
		<Point X = "391" Y = "181" T = "0" Pressure = "0" />
		<Point X = "393" Y = "185" T = "0" Pressure = "0" />
		<Point X = "396" Y = "191" T = "0" Pressure = "0" />
		<Point X = "399" Y = "196" T = "0" Pressure = "0" />
		<Point X = "402" Y = "203" T = "0" Pressure = "0" />
		<Point X = "403" Y = "210" T = "0" Pressure = "0" />
		<Point X = "403" Y = "215" T = "0" Pressure = "0" />
		<Point X = "403" Y = "222" T = "0" Pressure = "0" />
		<Point X = "403" Y = "227" T = "0" Pressure = "0" />
		<Point X = "402" Y = "231" T = "0" Pressure = "0" />
		<Point X = "400" Y = "237" T = "0" Pressure = "0" />
		<Point X = "398" Y = "239" T = "0" Pressure = "0" />
		<Point X = "397" Y = "242" T = "0" Pressure = "0" />
		<Point X = "393" Y = "247" T = "0" Pressure = "0" />
		<Point X = "392" Y = "249" T = "0" Pressure = "0" />
		<Point X = "388" Y = "252" T = "0" Pressure = "0" />
		<Point X = "387" Y = "254" T = "0" Pressure = "0" />
		<Point X = "384" Y = "257" T = "0" Pressure = "0" />
		<Point X = "383" Y = "259" T = "0" Pressure = "0" />
		<Point X = "379" Y = "264" T = "0" Pressure = "0" />
		<Point X = "376" Y = "268" T = "0" Pressure = "0" />
		<Point X = "376" Y = "270" T = "0" Pressure = "0" />
		<Point X = "375" Y = "271" T = "0" Pressure = "0" />
		<Point X = "374" Y = "273" T = "0" Pressure = "0" />
		<Point X = "373" Y = "275" T = "0" Pressure = "0" />
		<Point X = "372" Y = "276" T = "0" Pressure = "0" />
		<Point X = "371" Y = "277" T = "0" Pressure = "0" />
		<Point X = "370" Y = "277" T = "0" Pressure = "0" />
		<Point X = "369" Y = "277" T = "0" Pressure = "0" />
		<Point X = "367" Y = "277" T = "0" Pressure = "0" />
		<Point X = "366" Y = "277" T = "0" Pressure = "0" />
		<Point X = "365" Y = "277" T = "0" Pressure = "0" />
		<Point X = "364" Y = "277" T = "0" Pressure = "0" />
		<Point X = "363" Y = "277" T = "0" Pressure = "0" />
		<Point X = "362" Y = "277" T = "0" Pressure = "0" />
		<Point X = "360" Y = "277" T = "0" Pressure = "0" />
		<Point X = "358" Y = "276" T = "0" Pressure = "0" />
		<Point X = "354" Y = "273" T = "0" Pressure = "0" />
		<Point X = "351" Y = "266" T = "0" Pressure = "0" />
		<Point X = "348" Y = "260" T = "0" Pressure = "0" />
		<Point X = "345" Y = "253" T = "0" Pressure = "0" />
		<Point X = "342" Y = "246" T = "0" Pressure = "0" />
		<Point X = "341" Y = "242" T = "0" Pressure = "0" />
		<Point X = "340" Y = "238" T = "0" Pressure = "0" />
		<Point X = "340" Y = "234" T = "0" Pressure = "0" />
		<Point X = "339" Y = "232" T = "0" Pressure = "0" />
		<Point X = "339" Y = "231" T = "0" Pressure = "0" />
		<Point X = "339" Y = "228" T = "0" Pressure = "0" />
		<Point X = "339" Y = "227" T = "0" Pressure = "0" />
		<Point X = "339" Y = "225" T = "0" Pressure = "0" />
		<Point X = "339" Y = "223" T = "0" Pressure = "0" />
		<Point X = "339" Y = "219" T = "0" Pressure = "0" />
		<Point X = "339" Y = "215" T = "0" Pressure = "0" />
		<Point X = "340" Y = "211" T = "0" Pressure = "0" />
		<Point X = "340" Y = "207" T = "0" Pressure = "0" />
		<Point X = "341" Y = "204" T = "0" Pressure = "0" />
		<Point X = "342" Y = "201" T = "0" Pressure = "0" />
		<Point X = "343" Y = "199" T = "0" Pressure = "0" />
		<Point X = "344" Y = "197" T = "0" Pressure = "0" />
		<Point X = "347" Y = "194" T = "0" Pressure = "0" />
		<Point X = "349" Y = "191" T = "0" Pressure = "0" />
		<Point X = "350" Y = "191" T = "0" Pressure = "0" />
		<Point X = "352" Y = "189" T = "0" Pressure = "0" />
		<Point X = "353" Y = "188" T = "0" Pressure = "0" />
		<Point X = "354" Y = "188" T = "0" Pressure = "0" />
		<Point X = "355" Y = "187" T = "0" Pressure = "0" />
		<Point X = "356" Y = "187" T = "0" Pressure = "0" />
		<Point X = "361" Y = "185" T = "0" Pressure = "0" />
		<Point X = "363" Y = "185" T = "0" Pressure = "0" />
		<Point X = "366" Y = "185" T = "0" Pressure = "0" />
		<Point X = "369" Y = "185" T = "0" Pressure = "0" />
		<Point X = "372" Y = "185" T = "0" Pressure = "0" />
		<Point X = "377" Y = "185" T = "0" Pressure = "0" />
		<Point X = "383" Y = "185" T = "0" Pressure = "0" />
		<Point X = "385" Y = "186" T = "0" Pressure = "0" />
		<Point X = "389" Y = "187" T = "0" Pressure = "0" />
		<Point X = "392" Y = "190" T = "0" Pressure = "0" />
		<Point X = "394" Y = "192" T = "0" Pressure = "0" />
		<Point X = "395" Y = "194" T = "0" Pressure = "0" />
		<Point X = "397" Y = "197" T = "0" Pressure = "0" />
		<Point X = "398" Y = "201" T = "0" Pressure = "0" />
		<Point X = "398" Y = "205" T = "0" Pressure = "0" />
		<Point X = "398" Y = "208" T = "0" Pressure = "0" />
		<Point X = "398" Y = "210" T = "0" Pressure = "0" />
		<Point X = "398" Y = "213" T = "0" Pressure = "0" />
		<Point X = "398" Y = "215" T = "0" Pressure = "0" />
		<Point X = "398" Y = "217" T = "0" Pressure = "0" />
		<Point X = "397" Y = "219" T = "0" Pressure = "0" />
		<Point X = "394" Y = "222" T = "0" Pressure = "0" />
		<Point X = "393" Y = "223" T = "0" Pressure = "0" />
		<Point X = "391" Y = "224" T = "0" Pressure = "0" />
		<Point X = "390" Y = "226" T = "0" Pressure = "0" />
		<Point X = "389" Y = "227" T = "0" Pressure = "0" />
		<Point X = "386" Y = "229" T = "0" Pressure = "0" />
		<Point X = "385" Y = "229" T = "0" Pressure = "0" />
		<Point X = "383" Y = "230" T = "0" Pressure = "0" />
		<Point X = "382" Y = "232" T = "0" Pressure = "0" />
		<Point X = "379" Y = "232" T = "0" Pressure = "0" />
		<Point X = "378" Y = "232" T = "0" Pressure = "0" />
		<Point X = "377" Y = "232" T = "0" Pressure = "0" />
		<Point X = "375" Y = "233" T = "0" Pressure = "0" />
		<Point X = "374" Y = "233" T = "0" Pressure = "0" />
		<Point X = "372" Y = "234" T = "0" Pressure = "0" />
		<Point X = "371" Y = "234" T = "0" Pressure = "0" />
		<Point X = "369" Y = "234" T = "0" Pressure = "0" />
		<Point X = "368" Y = "234" T = "0" Pressure = "0" />
		<Point X = "367" Y = "234" T = "0" Pressure = "0" />
		<Point X = "366" Y = "233" T = "0" Pressure = "0" />
		<Point X = "365" Y = "231" T = "0" Pressure = "0" />
		<Point X = "365" Y = "229" T = "0" Pressure = "0" />
		<Point X = "364" Y = "228" T = "0" Pressure = "0" />
		<Point X = "364" Y = "225" T = "0" Pressure = "0" />
		<Point X = "364" Y = "222" T = "0" Pressure = "0" />
		<Point X = "364" Y = "219" T = "0" Pressure = "0" />
		<Point X = "364" Y = "215" T = "0" Pressure = "0" />
		<Point X = "364" Y = "212" T = "0" Pressure = "0" />
		<Point X = "364" Y = "209" T = "0" Pressure = "0" />
		<Point X = "364" Y = "208" T = "0" Pressure = "0" />
		<Point X = "364" Y = "207" T = "0" Pressure = "0" />
		<Point X = "364" Y = "206" T = "0" Pressure = "0" />
		<Point X = "364" Y = "205" T = "0" Pressure = "0" />
		<Point X = "364" Y = "204" T = "0" Pressure = "0" />
		<Point X = "365" Y = "204" T = "0" Pressure = "0" />
		<Point X = "365" Y = "203" T = "0" Pressure = "0" />
		<Point X = "366" Y = "202" T = "0" Pressure = "0" />
		<Point X = "368" Y = "200" T = "0" Pressure = "0" />
		<Point X = "368" Y = "199" T = "0" Pressure = "0" />
		<Point X = "369" Y = "198" T = "0" Pressure = "0" />
		<Point X = "370" Y = "198" T = "0" Pressure = "0" />
		<Point X = "372" Y = "196" T = "0" Pressure = "0" />
		<Point X = "374" Y = "196" T = "0" Pressure = "0" />
		<Point X = "375" Y = "196" T = "0" Pressure = "0" />
		<Point X = "377" Y = "196" T = "0" Pressure = "0" />
		<Point X = "379" Y = "196" T = "0" Pressure = "0" />
		<Point X = "380" Y = "197" T = "0" Pressure = "0" />
		<Point X = "381" Y = "197" T = "0" Pressure = "0" />
		<Point X = "381" Y = "198" T = "0" Pressure = "0" />
		<Point X = "382" Y = "200" T = "0" Pressure = "0" />
		<Point X = "383" Y = "201" T = "0" Pressure = "0" />
		<Point X = "383" Y = "202" T = "0" Pressure = "0" />
		<Point X = "383" Y = "203" T = "0" Pressure = "0" />
		<Point X = "383" Y = "204" T = "0" Pressure = "0" />
		<Point X = "383" Y = "206" T = "0" Pressure = "0" />
		<Point X = "383" Y = "208" T = "0" Pressure = "0" />
		<Point X = "383" Y = "209" T = "0" Pressure = "0" />
		<Point X = "383" Y = "211" T = "0" Pressure = "0" />
		<Point X = "382" Y = "213" T = "0" Pressure = "0" />
		<Point X = "381" Y = "214" T = "0" Pressure = "0" />
		<Point X = "381" Y = "215" T = "0" Pressure = "0" />
		<Point X = "379" Y = "215" T = "0" Pressure = "0" />
		<Point X = "378" Y = "215" T = "0" Pressure = "0" />
		<Point X = "377" Y = "215" T = "0" Pressure = "0" />
		<Point X = "376" Y = "215" T = "0" Pressure = "0" />
		<Point X = "375" Y = "215" T = "0" Pressure = "0" />
		<Point X = "375" Y = "214" T = "0" Pressure = "0" />
		<Point X = "373" Y = "214" T = "0" Pressure = "0" />
	</Stroke>
</Gesture>
