<?xml version="1.0" encoding="utf-8" standalone="yes"?>
<Gesture Name = "spiral">
	<Stroke>
		<Point X = "242" Y = "308" T = "0" Pressure = "0" />
		<Point X = "242" Y = "305" T = "0" Pressure = "0" />
		<Point X = "242" Y = "302" T = "0" Pressure = "0" />
		<Point X = "241" Y = "297" T = "0" Pressure = "0" />
		<Point X = "240" Y = "290" T = "0" Pressure = "0" />
		<Point X = "239" Y = "279" T = "0" Pressure = "0" />
		<Point X = "236" Y = "262" T = "0" Pressure = "0" />
		<Point X = "232" Y = "240" T = "0" Pressure = "0" />
		<Point X = "228" Y = "218" T = "0" Pressure = "0" />
		<Point X = "224" Y = "202" T = "0" Pressure = "0" />
		<Point X = "221" Y = "186" T = "0" Pressure = "0" />
		<Point X = "220" Y = "175" T = "0" Pressure = "0" />
		<Point X = "220" Y = "168" T = "0" Pressure = "0" />
		<Point X = "220" Y = "162" T = "0" Pressure = "0" />
		<Point X = "222" Y = "155" T = "0" Pressure = "0" />
		<Point X = "225" Y = "149" T = "0" Pressure = "0" />
		<Point X = "230" Y = "143" T = "0" Pressure = "0" />
		<Point X = "233" Y = "141" T = "0" Pressure = "0" />
		<Point X = "238" Y = "136" T = "0" Pressure = "0" />
		<Point X = "242" Y = "133" T = "0" Pressure = "0" />
		<Point X = "245" Y = "129" T = "0" Pressure = "0" />
		<Point X = "250" Y = "126" T = "0" Pressure = "0" />
		<Point X = "254" Y = "124" T = "0" Pressure = "0" />
		<Point X = "256" Y = "121" T = "0" Pressure = "0" />
		<Point X = "258" Y = "120" T = "0" Pressure = "0" />
		<Point X = "262" Y = "116" T = "0" Pressure = "0" />
		<Point X = "263" Y = "116" T = "0" Pressure = "0" />
		<Point X = "266" Y = "114" T = "0" Pressure = "0" />
		<Point X = "270" Y = "114" T = "0" Pressure = "0" />
		<Point X = "273" Y = "113" T = "0" Pressure = "0" />
		<Point X = "275" Y = "113" T = "0" Pressure = "0" />
		<Point X = "279" Y = "113" T = "0" Pressure = "0" />
		<Point X = "283" Y = "113" T = "0" Pressure = "0" />
		<Point X = "290" Y = "113" T = "0" Pressure = "0" />
		<Point X = "296" Y = "114" T = "0" Pressure = "0" />
		<Point X = "304" Y = "118" T = "0" Pressure = "0" />
		<Point X = "307" Y = "120" T = "0" Pressure = "0" />
		<Point X = "313" Y = "124" T = "0" Pressure = "0" />
		<Point X = "318" Y = "129" T = "0" Pressure = "0" />
		<Point X = "322" Y = "133" T = "0" Pressure = "0" />
		<Point X = "326" Y = "139" T = "0" Pressure = "0" />
		<Point X = "330" Y = "147" T = "0" Pressure = "0" />
		<Point X = "334" Y = "155" T = "0" Pressure = "0" />
		<Point X = "337" Y = "165" T = "0" Pressure = "0" />
		<Point X = "338" Y = "175" T = "0" Pressure = "0" />
		<Point X = "338" Y = "180" T = "0" Pressure = "0" />
		<Point X = "338" Y = "186" T = "0" Pressure = "0" />
		<Point X = "338" Y = "195" T = "0" Pressure = "0" />
		<Point X = "338" Y = "202" T = "0" Pressure = "0" />
		<Point X = "338" Y = "210" T = "0" Pressure = "0" />
		<Point X = "338" Y = "217" T = "0" Pressure = "0" />
		<Point X = "338" Y = "227" T = "0" Pressure = "0" />
		<Point X = "338" Y = "235" T = "0" Pressure = "0" />
		<Point X = "338" Y = "242" T = "0" Pressure = "0" />
		<Point X = "336" Y = "248" T = "0" Pressure = "0" />
		<Point X = "335" Y = "251" T = "0" Pressure = "0" />
		<Point X = "332" Y = "257" T = "0" Pressure = "0" />
		<Point X = "331" Y = "260" T = "0" Pressure = "0" />
		<Point X = "328" Y = "265" T = "0" Pressure = "0" />
		<Point X = "328" Y = "266" T = "0" Pressure = "0" />
		<Point X = "326" Y = "270" T = "0" Pressure = "0" />
		<Point X = "324" Y = "272" T = "0" Pressure = "0" />
		<Point X = "322" Y = "274" T = "0" Pressure = "0" />
		<Point X = "317" Y = "277" T = "0" Pressure = "0" />
		<Point X = "315" Y = "278" T = "0" Pressure = "0" />
		<Point X = "312" Y = "279" T = "0" Pressure = "0" />
		<Point X = "310" Y = "280" T = "0" Pressure = "0" />
		<Point X = "309" Y = "280" T = "0" Pressure = "0" />
		<Point X = "308" Y = "280" T = "0" Pressure = "0" />
		<Point X = "306" Y = "280" T = "0" Pressure = "0" />
		<Point X = "304" Y = "280" T = "0" Pressure = "0" />
		<Point X = "303" Y = "280" T = "0" Pressure = "0" />
		<Point X = "301" Y = "280" T = "0" Pressure = "0" />
		<Point X = "297" Y = "277" T = "0" Pressure = "0" />
		<Point X = "294" Y = "275" T = "0" Pressure = "0" />
		<Point X = "289" Y = "272" T = "0" Pressure = "0" />
		<Point X = "288" Y = "270" T = "0" Pressure = "0" />
		<Point X = "284" Y = "267" T = "0" Pressure = "0" />
		<Point X = "283" Y = "264" T = "0" Pressure = "0" />
		<Point X = "281" Y = "260" T = "0" Pressure = "0" />
		<Point X = "281" Y = "257" T = "0" Pressure = "0" />
		<Point X = "280" Y = "253" T = "0" Pressure = "0" />
		<Point X = "279" Y = "247" T = "0" Pressure = "0" />
		<Point X = "279" Y = "241" T = "0" Pressure = "0" />
		<Point X = "279" Y = "236" T = "0" Pressure = "0" />
		<Point X = "279" Y = "229" T = "0" Pressure = "0" />
		<Point X = "279" Y = "225" T = "0" Pressure = "0" />
		<Point X = "279" Y = "219" T = "0" Pressure = "0" />
		<Point X = "279" Y = "215" T = "0" Pressure = "0" />
		<Point X = "279" Y = "211" T = "0" Pressure = "0" />
		<Point X = "279" Y = "207" T = "0" Pressure = "0" />
		<Point X = "279" Y = "202" T = "0" Pressure = "0" />
		<Point X = "279" Y = "199" T = "0" Pressure = "0" />
		<Point X = "279" Y = "198" T = "0" Pressure = "0" />
		<Point X = "279" Y = "197" T = "0" Pressure = "0" />
		<Point X = "279" Y = "195" T = "0" Pressure = "0" />
		<Point X = "279" Y = "194" T = "0" Pressure = "0" />
		<Point X = "279" Y = "192" T = "0" Pressure = "0" />
		<Point X = "280" Y = "192" T = "0" Pressure = "0" />
		<Point X = "281" Y = "189" T = "0" Pressure = "0" />
		<Point X = "283" Y = "186" T = "0" Pressure = "0" />
		<Point X = "284" Y = "184" T = "0" Pressure = "0" />
		<Point X = "287" Y = "180" T = "0" Pressure = "0" />
		<Point X = "288" Y = "179" T = "0" Pressure = "0" />
		<Point X = "293" Y = "176" T = "0" Pressure = "0" />
		<Point X = "295" Y = "176" T = "0" Pressure = "0" />
		<Point X = "299" Y = "174" T = "0" Pressure = "0" />
		<Point X = "302" Y = "174" T = "0" Pressure = "0" />
		<Point X = "304" Y = "173" T = "0" Pressure = "0" />
		<Point X = "306" Y = "173" T = "0" Pressure = "0" />
		<Point X = "307" Y = "173" T = "0" Pressure = "0" />
		<Point X = "308" Y = "173" T = "0" Pressure = "0" />
		<Point X = "311" Y = "174" T = "0" Pressure = "0" />
		<Point X = "312" Y = "176" T = "0" Pressure = "0" />
		<Point X = "315" Y = "180" T = "0" Pressure = "0" />
		<Point X = "317" Y = "184" T = "0" Pressure = "0" />
		<Point X = "320" Y = "188" T = "0" Pressure = "0" />
		<Point X = "322" Y = "191" T = "0" Pressure = "0" />
		<Point X = "323" Y = "193" T = "0" Pressure = "0" />
		<Point X = "324" Y = "195" T = "0" Pressure = "0" />
		<Point X = "324" Y = "198" T = "0" Pressure = "0" />
		<Point X = "324" Y = "201" T = "0" Pressure = "0" />
		<Point X = "324" Y = "204" T = "0" Pressure = "0" />
		<Point X = "324" Y = "205" T = "0" Pressure = "0" />
		<Point X = "324" Y = "208" T = "0" Pressure = "0" />
		<Point X = "323" Y = "210" T = "0" Pressure = "0" />
		<Point X = "322" Y = "213" T = "0" Pressure = "0" />
		<Point X = "322" Y = "214" T = "0" Pressure = "0" />
		<Point X = "320" Y = "217" T = "0" Pressure = "0" />
		<Point X = "319" Y = "219" T = "0" Pressure = "0" />
		<Point X = "318" Y = "222" T = "0" Pressure = "0" />
		<Point X = "315" Y = "224" T = "0" Pressure = "0" />
		<Point X = "314" Y = "227" T = "0" Pressure = "0" />
		<Point X = "313" Y = "228" T = "0" Pressure = "0" />
		<Point X = "311" Y = "230" T = "0" Pressure = "0" />
		<Point X = "310" Y = "230" T = "0" Pressure = "0" />
		<Point X = "310" Y = "231" T = "0" Pressure = "0" />
		<Point X = "309" Y = "231" T = "0" Pressure = "0" />
		<Point X = "307" Y = "231" T = "0" Pressure = "0" />
		<Point X = "306" Y = "230" T = "0" Pressure = "0" />
		<Point X = "306" Y = "229" T = "0" Pressure = "0" />
		<Point X = "305" Y = "229" T = "0" Pressure = "0" />
		<Point X = "305" Y = "228" T = "0" Pressure = "0" />
		<Point X = "305" Y = "227" T = "0" Pressure = "0" />
		<Point X = "303" Y = "226" T = "0" Pressure = "0" />
		<Point X = "303" Y = "224" T = "0" Pressure = "0" />
		<Point X = "302" Y = "222" T = "0" Pressure = "0" />
		<Point X = "302" Y = "221" T = "0" Pressure = "0" />
		<Point X = "302" Y = "220" T = "0" Pressure = "0" />
		<Point X = "301" Y = "219" T = "0" Pressure = "0" />
		<Point X = "301" Y = "218" T = "0" Pressure = "0" />
		<Point X = "301" Y = "217" T = "0" Pressure = "0" />
		<Point X = "301" Y = "216" T = "0" Pressure = "0" />
		<Point X = "301" Y = "215" T = "0" Pressure = "0" />
		<Point X = "301" Y = "214" T = "0" Pressure = "0" />
		<Point X = "301" Y = "212" T = "0" Pressure = "0" />
		<Point X = "301" Y = "211" T = "0" Pressure = "0" />
		<Point X = "302" Y = "210" T = "0" Pressure = "0" />
		<Point X = "303" Y = "209" T = "0" Pressure = "0" />
		<Point X = "304" Y = "208" T = "0" Pressure = "0" />
		<Point X = "305" Y = "207" T = "0" Pressure = "0" />
		<Point X = "306" Y = "206" T = "0" Pressure = "0" />
		<Point X = "306" Y = "205" T = "0" Pressure = "0" />
	</Stroke>
</Gesture>
