<?xml version="1.0" encoding="utf-8" standalone="yes"?>
<Gesture Name = "spiral">
	<Stroke>
		<Point X = "113" Y = "35" T = "0" Pressure = "0" />
		<Point X = "112" Y = "35" T = "0" Pressure = "0" />
		<Point X = "111" Y = "35" T = "0" Pressure = "0" />
		<Point X = "106" Y = "35" T = "0" Pressure = "0" />
		<Point X = "104" Y = "35" T = "0" Pressure = "0" />
		<Point X = "96" Y = "40" T = "0" Pressure = "0" />
		<Point X = "90" Y = "45" T = "0" Pressure = "0" />
		<Point X = "83" Y = "50" T = "0" Pressure = "0" />
		<Point X = "75" Y = "57" T = "0" Pressure = "0" />
		<Point X = "67" Y = "64" T = "0" Pressure = "0" />
		<Point X = "61" Y = "71" T = "0" Pressure = "0" />
		<Point X = "53" Y = "80" T = "0" Pressure = "0" />
		<Point X = "46" Y = "89" T = "0" Pressure = "0" />
		<Point X = "42" Y = "94" T = "0" Pressure = "0" />
		<Point X = "37" Y = "101" T = "0" Pressure = "0" />
		<Point X = "34" Y = "109" T = "0" Pressure = "0" />
		<Point X = "32" Y = "117" T = "0" Pressure = "0" />
		<Point X = "31" Y = "126" T = "0" Pressure = "0" />
		<Point X = "30" Y = "137" T = "0" Pressure = "0" />
		<Point X = "30" Y = "147" T = "0" Pressure = "0" />
		<Point X = "30" Y = "158" T = "0" Pressure = "0" />
		<Point X = "30" Y = "168" T = "0" Pressure = "0" />
		<Point X = "31" Y = "176" T = "0" Pressure = "0" />
		<Point X = "34" Y = "185" T = "0" Pressure = "0" />
		<Point X = "38" Y = "192" T = "0" Pressure = "0" />
		<Point X = "41" Y = "200" T = "0" Pressure = "0" />
		<Point X = "47" Y = "206" T = "0" Pressure = "0" />
		<Point X = "50" Y = "210" T = "0" Pressure = "0" />
		<Point X = "57" Y = "216" T = "0" Pressure = "0" />
		<Point X = "65" Y = "222" T = "0" Pressure = "0" />
		<Point X = "76" Y = "227" T = "0" Pressure = "0" />
		<Point X = "90" Y = "232" T = "0" Pressure = "0" />
		<Point X = "103" Y = "234" T = "0" Pressure = "0" />
		<Point X = "116" Y = "238" T = "0" Pressure = "0" />
		<Point X = "127" Y = "238" T = "0" Pressure = "0" />
		<Point X = "138" Y = "238" T = "0" Pressure = "0" />
		<Point X = "147" Y = "238" T = "0" Pressure = "0" />
		<Point X = "158" Y = "236" T = "0" Pressure = "0" />
		<Point X = "168" Y = "232" T = "0" Pressure = "0" />
		<Point X = "177" Y = "229" T = "0" Pressure = "0" />
		<Point X = "185" Y = "223" T = "0" Pressure = "0" />
		<Point X = "192" Y = "218" T = "0" Pressure = "0" />
		<Point X = "197" Y = "212" T = "0" Pressure = "0" />
		<Point X = "201" Y = "206" T = "0" Pressure = "0" />
		<Point X = "203" Y = "200" T = "0" Pressure = "0" />
		<Point X = "206" Y = "190" T = "0" Pressure = "0" />
		<Point X = "206" Y = "182" T = "0" Pressure = "0" />
		<Point X = "206" Y = "173" T = "0" Pressure = "0" />
		<Point X = "206" Y = "164" T = "0" Pressure = "0" />
		<Point X = "204" Y = "157" T = "0" Pressure = "0" />
		<Point X = "203" Y = "147" T = "0" Pressure = "0" />
		<Point X = "199" Y = "138" T = "0" Pressure = "0" />
		<Point X = "195" Y = "128" T = "0" Pressure = "0" />
		<Point X = "194" Y = "126" T = "0" Pressure = "0" />
		<Point X = "191" Y = "121" T = "0" Pressure = "0" />
		<Point X = "189" Y = "116" T = "0" Pressure = "0" />
		<Point X = "186" Y = "110" T = "0" Pressure = "0" />
		<Point X = "185" Y = "108" T = "0" Pressure = "0" />
		<Point X = "184" Y = "106" T = "0" Pressure = "0" />
		<Point X = "181" Y = "103" T = "0" Pressure = "0" />
		<Point X = "181" Y = "102" T = "0" Pressure = "0" />
		<Point X = "179" Y = "100" T = "0" Pressure = "0" />
		<Point X = "178" Y = "100" T = "0" Pressure = "0" />
		<Point X = "174" Y = "99" T = "0" Pressure = "0" />
		<Point X = "167" Y = "96" T = "0" Pressure = "0" />
		<Point X = "164" Y = "95" T = "0" Pressure = "0" />
		<Point X = "156" Y = "94" T = "0" Pressure = "0" />
		<Point X = "150" Y = "93" T = "0" Pressure = "0" />
		<Point X = "146" Y = "92" T = "0" Pressure = "0" />
		<Point X = "142" Y = "92" T = "0" Pressure = "0" />
		<Point X = "141" Y = "92" T = "0" Pressure = "0" />
		<Point X = "138" Y = "92" T = "0" Pressure = "0" />
		<Point X = "134" Y = "92" T = "0" Pressure = "0" />
		<Point X = "131" Y = "93" T = "0" Pressure = "0" />
		<Point X = "126" Y = "97" T = "0" Pressure = "0" />
		<Point X = "123" Y = "99" T = "0" Pressure = "0" />
		<Point X = "118" Y = "104" T = "0" Pressure = "0" />
		<Point X = "115" Y = "108" T = "0" Pressure = "0" />
		<Point X = "109" Y = "114" T = "0" Pressure = "0" />
		<Point X = "105" Y = "120" T = "0" Pressure = "0" />
		<Point X = "101" Y = "127" T = "0" Pressure = "0" />
		<Point X = "96" Y = "133" T = "0" Pressure = "0" />
		<Point X = "93" Y = "139" T = "0" Pressure = "0" />
		<Point X = "88" Y = "145" T = "0" Pressure = "0" />
		<Point X = "85" Y = "151" T = "0" Pressure = "0" />
		<Point X = "84" Y = "160" T = "0" Pressure = "0" />
		<Point X = "83" Y = "164" T = "0" Pressure = "0" />
		<Point X = "81" Y = "170" T = "0" Pressure = "0" />
		<Point X = "81" Y = "173" T = "0" Pressure = "0" />
		<Point X = "81" Y = "177" T = "0" Pressure = "0" />
		<Point X = "81" Y = "181" T = "0" Pressure = "0" />
		<Point X = "81" Y = "185" T = "0" Pressure = "0" />
		<Point X = "81" Y = "188" T = "0" Pressure = "0" />
		<Point X = "82" Y = "191" T = "0" Pressure = "0" />
		<Point X = "85" Y = "193" T = "0" Pressure = "0" />
		<Point X = "86" Y = "196" T = "0" Pressure = "0" />
		<Point X = "88" Y = "196" T = "0" Pressure = "0" />
		<Point X = "91" Y = "198" T = "0" Pressure = "0" />
		<Point X = "92" Y = "199" T = "0" Pressure = "0" />
		<Point X = "95" Y = "200" T = "0" Pressure = "0" />
		<Point X = "97" Y = "200" T = "0" Pressure = "0" />
		<Point X = "101" Y = "203" T = "0" Pressure = "0" />
		<Point X = "107" Y = "205" T = "0" Pressure = "0" />
		<Point X = "113" Y = "207" T = "0" Pressure = "0" />
		<Point X = "119" Y = "208" T = "0" Pressure = "0" />
		<Point X = "124" Y = "208" T = "0" Pressure = "0" />
		<Point X = "130" Y = "208" T = "0" Pressure = "0" />
		<Point X = "137" Y = "208" T = "0" Pressure = "0" />
		<Point X = "143" Y = "208" T = "0" Pressure = "0" />
		<Point X = "148" Y = "208" T = "0" Pressure = "0" />
		<Point X = "151" Y = "207" T = "0" Pressure = "0" />
		<Point X = "154" Y = "206" T = "0" Pressure = "0" />
		<Point X = "156" Y = "206" T = "0" Pressure = "0" />
		<Point X = "157" Y = "203" T = "0" Pressure = "0" />
		<Point X = "157" Y = "201" T = "0" Pressure = "0" />
		<Point X = "159" Y = "197" T = "0" Pressure = "0" />
		<Point X = "159" Y = "195" T = "0" Pressure = "0" />
		<Point X = "159" Y = "191" T = "0" Pressure = "0" />
		<Point X = "159" Y = "184" T = "0" Pressure = "0" />
		<Point X = "159" Y = "179" T = "0" Pressure = "0" />
		<Point X = "159" Y = "174" T = "0" Pressure = "0" />
		<Point X = "159" Y = "170" T = "0" Pressure = "0" />
		<Point X = "159" Y = "165" T = "0" Pressure = "0" />
		<Point X = "159" Y = "161" T = "0" Pressure = "0" />
		<Point X = "159" Y = "157" T = "0" Pressure = "0" />
		<Point X = "159" Y = "154" T = "0" Pressure = "0" />
		<Point X = "159" Y = "152" T = "0" Pressure = "0" />
		<Point X = "158" Y = "149" T = "0" Pressure = "0" />
		<Point X = "158" Y = "146" T = "0" Pressure = "0" />
		<Point X = "158" Y = "145" T = "0" Pressure = "0" />
		<Point X = "157" Y = "142" T = "0" Pressure = "0" />
		<Point X = "155" Y = "140" T = "0" Pressure = "0" />
		<Point X = "154" Y = "138" T = "0" Pressure = "0" />
		<Point X = "151" Y = "136" T = "0" Pressure = "0" />
		<Point X = "150" Y = "134" T = "0" Pressure = "0" />
		<Point X = "149" Y = "134" T = "0" Pressure = "0" />
		<Point X = "149" Y = "133" T = "0" Pressure = "0" />
		<Point X = "148" Y = "133" T = "0" Pressure = "0" />
		<Point X = "146" Y = "133" T = "0" Pressure = "0" />
		<Point X = "145" Y = "133" T = "0" Pressure = "0" />
		<Point X = "142" Y = "133" T = "0" Pressure = "0" />
		<Point X = "141" Y = "133" T = "0" Pressure = "0" />
		<Point X = "138" Y = "135" T = "0" Pressure = "0" />
		<Point X = "132" Y = "138" T = "0" Pressure = "0" />
		<Point X = "128" Y = "141" T = "0" Pressure = "0" />
		<Point X = "123" Y = "146" T = "0" Pressure = "0" />
		<Point X = "119" Y = "150" T = "0" Pressure = "0" />
		<Point X = "117" Y = "152" T = "0" Pressure = "0" />
		<Point X = "113" Y = "156" T = "0" Pressure = "0" />
		<Point X = "113" Y = "158" T = "0" Pressure = "0" />
		<Point X = "110" Y = "161" T = "0" Pressure = "0" />
		<Point X = "109" Y = "162" T = "0" Pressure = "0" />
		<Point X = "109" Y = "165" T = "0" Pressure = "0" />
		<Point X = "109" Y = "168" T = "0" Pressure = "0" />
		<Point X = "109" Y = "169" T = "0" Pressure = "0" />
		<Point X = "109" Y = "171" T = "0" Pressure = "0" />
		<Point X = "109" Y = "172" T = "0" Pressure = "0" />
		<Point X = "109" Y = "175" T = "0" Pressure = "0" />
		<Point X = "109" Y = "176" T = "0" Pressure = "0" />
		<Point X = "110" Y = "180" T = "0" Pressure = "0" />
		<Point X = "111" Y = "181" T = "0" Pressure = "0" />
		<Point X = "112" Y = "183" T = "0" Pressure = "0" />
		<Point X = "113" Y = "184" T = "0" Pressure = "0" />
		<Point X = "115" Y = "185" T = "0" Pressure = "0" />
		<Point X = "116" Y = "185" T = "0" Pressure = "0" />
		<Point X = "117" Y = "185" T = "0" Pressure = "0" />
		<Point X = "118" Y = "185" T = "0" Pressure = "0" />
		<Point X = "119" Y = "185" T = "0" Pressure = "0" />
		<Point X = "120" Y = "185" T = "0" Pressure = "0" />
		<Point X = "121" Y = "185" T = "0" Pressure = "0" />
		<Point X = "122" Y = "185" T = "0" Pressure = "0" />
		<Point X = "123" Y = "185" T = "0" Pressure = "0" />
		<Point X = "125" Y = "185" T = "0" Pressure = "0" />
		<Point X = "127" Y = "184" T = "0" Pressure = "0" />
		<Point X = "127" Y = "183" T = "0" Pressure = "0" />
		<Point X = "128" Y = "183" T = "0" Pressure = "0" />
		<Point X = "128" Y = "181" T = "0" Pressure = "0" />
		<Point X = "128" Y = "180" T = "0" Pressure = "0" />
		<Point X = "128" Y = "178" T = "0" Pressure = "0" />
		<Point X = "128" Y = "177" T = "0" Pressure = "0" />
		<Point X = "128" Y = "174" T = "0" Pressure = "0" />
		<Point X = "128" Y = "173" T = "0" Pressure = "0" />
		<Point X = "128" Y = "171" T = "0" Pressure = "0" />
		<Point X = "127" Y = "171" T = "0" Pressure = "0" />
	</Stroke>
</Gesture>
