<?xml version="1.0" encoding="utf-8" standalone="yes"?>
<Gesture Name = "spiral">
	<Stroke>
		<Point X = "354" Y = "100" T = "0" Pressure = "0" />
		<Point X = "353" Y = "99" T = "0" Pressure = "0" />
		<Point X = "352" Y = "98" T = "0" Pressure = "0" />
		<Point X = "351" Y = "97" T = "0" Pressure = "0" />
		<Point X = "349" Y = "94" T = "0" Pressure = "0" />
		<Point X = "348" Y = "94" T = "0" Pressure = "0" />
		<Point X = "347" Y = "93" T = "0" Pressure = "0" />
		<Point X = "345" Y = "91" T = "0" Pressure = "0" />
		<Point X = "343" Y = "91" T = "0" Pressure = "0" />
		<Point X = "341" Y = "90" T = "0" Pressure = "0" />
		<Point X = "339" Y = "89" T = "0" Pressure = "0" />
		<Point X = "337" Y = "88" T = "0" Pressure = "0" />
		<Point X = "335" Y = "87" T = "0" Pressure = "0" />
		<Point X = "333" Y = "86" T = "0" Pressure = "0" />
		<Point X = "331" Y = "86" T = "0" Pressure = "0" />
		<Point X = "329" Y = "86" T = "0" Pressure = "0" />
		<Point X = "328" Y = "84" T = "0" Pressure = "0" />
		<Point X = "325" Y = "83" T = "0" Pressure = "0" />
		<Point X = "324" Y = "83" T = "0" Pressure = "0" />
		<Point X = "322" Y = "82" T = "0" Pressure = "0" />
		<Point X = "318" Y = "79" T = "0" Pressure = "0" />
		<Point X = "315" Y = "79" T = "0" Pressure = "0" />
		<Point X = "309" Y = "76" T = "0" Pressure = "0" />
		<Point X = "305" Y = "74" T = "0" Pressure = "0" />
		<Point X = "301" Y = "73" T = "0" Pressure = "0" />
		<Point X = "294" Y = "71" T = "0" Pressure = "0" />
		<Point X = "290" Y = "70" T = "0" Pressure = "0" />
		<Point X = "287" Y = "70" T = "0" Pressure = "0" />
		<Point X = "280" Y = "69" T = "0" Pressure = "0" />
		<Point X = "276" Y = "69" T = "0" Pressure = "0" />
		<Point X = "269" Y = "69" T = "0" Pressure = "0" />
		<Point X = "265" Y = "69" T = "0" Pressure = "0" />
		<Point X = "261" Y = "69" T = "0" Pressure = "0" />
		<Point X = "257" Y = "69" T = "0" Pressure = "0" />
		<Point X = "252" Y = "69" T = "0" Pressure = "0" />
		<Point X = "249" Y = "69" T = "0" Pressure = "0" />
		<Point X = "245" Y = "69" T = "0" Pressure = "0" />
		<Point X = "242" Y = "69" T = "0" Pressure = "0" />
		<Point X = "239" Y = "69" T = "0" Pressure = "0" />
		<Point X = "237" Y = "69" T = "0" Pressure = "0" />
		<Point X = "234" Y = "69" T = "0" Pressure = "0" />
		<Point X = "231" Y = "69" T = "0" Pressure = "0" />
		<Point X = "228" Y = "69" T = "0" Pressure = "0" />
		<Point X = "225" Y = "69" T = "0" Pressure = "0" />
		<Point X = "223" Y = "69" T = "0" Pressure = "0" />
		<Point X = "220" Y = "69" T = "0" Pressure = "0" />
		<Point X = "219" Y = "69" T = "0" Pressure = "0" />
		<Point X = "218" Y = "69" T = "0" Pressure = "0" />
		<Point X = "216" Y = "69" T = "0" Pressure = "0" />
		<Point X = "215" Y = "69" T = "0" Pressure = "0" />
		<Point X = "213" Y = "69" T = "0" Pressure = "0" />
		<Point X = "211" Y = "70" T = "0" Pressure = "0" />
		<Point X = "209" Y = "71" T = "0" Pressure = "0" />
		<Point X = "207" Y = "73" T = "0" Pressure = "0" />
		<Point X = "204" Y = "75" T = "0" Pressure = "0" />
		<Point X = "203" Y = "76" T = "0" Pressure = "0" />
		<Point X = "200" Y = "79" T = "0" Pressure = "0" />
		<Point X = "198" Y = "80" T = "0" Pressure = "0" />
		<Point X = "196" Y = "82" T = "0" Pressure = "0" />
		<Point X = "195" Y = "83" T = "0" Pressure = "0" />
		<Point X = "194" Y = "83" T = "0" Pressure = "0" />
		<Point X = "193" Y = "83" T = "0" Pressure = "0" />
		<Point X = "193" Y = "84" T = "0" Pressure = "0" />
		<Point X = "192" Y = "84" T = "0" Pressure = "0" />
		<Point X = "191" Y = "86" T = "0" Pressure = "0" />
		<Point X = "190" Y = "86" T = "0" Pressure = "0" />
		<Point X = "190" Y = "87" T = "0" Pressure = "0" />
		<Point X = "190" Y = "89" T = "0" Pressure = "0" />
		<Point X = "189" Y = "90" T = "0" Pressure = "0" />
		<Point X = "187" Y = "93" T = "0" Pressure = "0" />
		<Point X = "187" Y = "95" T = "0" Pressure = "0" />
		<Point X = "185" Y = "97" T = "0" Pressure = "0" />
		<Point X = "184" Y = "100" T = "0" Pressure = "0" />
		<Point X = "183" Y = "103" T = "0" Pressure = "0" />
		<Point X = "183" Y = "105" T = "0" Pressure = "0" />
		<Point X = "182" Y = "107" T = "0" Pressure = "0" />
		<Point X = "182" Y = "109" T = "0" Pressure = "0" />
		<Point X = "182" Y = "110" T = "0" Pressure = "0" />
		<Point X = "182" Y = "111" T = "0" Pressure = "0" />
		<Point X = "182" Y = "112" T = "0" Pressure = "0" />
		<Point X = "182" Y = "113" T = "0" Pressure = "0" />
		<Point X = "182" Y = "114" T = "0" Pressure = "0" />
		<Point X = "182" Y = "116" T = "0" Pressure = "0" />
		<Point X = "182" Y = "117" T = "0" Pressure = "0" />
		<Point X = "182" Y = "119" T = "0" Pressure = "0" />
		<Point X = "182" Y = "120" T = "0" Pressure = "0" />
		<Point X = "182" Y = "122" T = "0" Pressure = "0" />
		<Point X = "182" Y = "123" T = "0" Pressure = "0" />
		<Point X = "182" Y = "127" T = "0" Pressure = "0" />
		<Point X = "182" Y = "129" T = "0" Pressure = "0" />
		<Point X = "182" Y = "133" T = "0" Pressure = "0" />
		<Point X = "182" Y = "138" T = "0" Pressure = "0" />
		<Point X = "182" Y = "142" T = "0" Pressure = "0" />
		<Point X = "182" Y = "144" T = "0" Pressure = "0" />
		<Point X = "182" Y = "148" T = "0" Pressure = "0" />
		<Point X = "182" Y = "151" T = "0" Pressure = "0" />
		<Point X = "182" Y = "155" T = "0" Pressure = "0" />
		<Point X = "182" Y = "158" T = "0" Pressure = "0" />
		<Point X = "182" Y = "160" T = "0" Pressure = "0" />
		<Point X = "182" Y = "163" T = "0" Pressure = "0" />
		<Point X = "184" Y = "166" T = "0" Pressure = "0" />
		<Point X = "185" Y = "168" T = "0" Pressure = "0" />
		<Point X = "187" Y = "171" T = "0" Pressure = "0" />
		<Point X = "189" Y = "172" T = "0" Pressure = "0" />
		<Point X = "189" Y = "174" T = "0" Pressure = "0" />
		<Point X = "193" Y = "177" T = "0" Pressure = "0" />
		<Point X = "193" Y = "178" T = "0" Pressure = "0" />
		<Point X = "195" Y = "180" T = "0" Pressure = "0" />
		<Point X = "198" Y = "183" T = "0" Pressure = "0" />
		<Point X = "200" Y = "186" T = "0" Pressure = "0" />
		<Point X = "203" Y = "188" T = "0" Pressure = "0" />
		<Point X = "204" Y = "191" T = "0" Pressure = "0" />
		<Point X = "208" Y = "193" T = "0" Pressure = "0" />
		<Point X = "211" Y = "197" T = "0" Pressure = "0" />
		<Point X = "216" Y = "201" T = "0" Pressure = "0" />
		<Point X = "221" Y = "205" T = "0" Pressure = "0" />
		<Point X = "224" Y = "207" T = "0" Pressure = "0" />
		<Point X = "226" Y = "209" T = "0" Pressure = "0" />
		<Point X = "231" Y = "212" T = "0" Pressure = "0" />
		<Point X = "232" Y = "214" T = "0" Pressure = "0" />
		<Point X = "234" Y = "215" T = "0" Pressure = "0" />
		<Point X = "234" Y = "216" T = "0" Pressure = "0" />
		<Point X = "235" Y = "216" T = "0" Pressure = "0" />
		<Point X = "237" Y = "216" T = "0" Pressure = "0" />
		<Point X = "241" Y = "216" T = "0" Pressure = "0" />
		<Point X = "244" Y = "216" T = "0" Pressure = "0" />
		<Point X = "249" Y = "216" T = "0" Pressure = "0" />
		<Point X = "252" Y = "216" T = "0" Pressure = "0" />
		<Point X = "254" Y = "216" T = "0" Pressure = "0" />
		<Point X = "257" Y = "216" T = "0" Pressure = "0" />
		<Point X = "258" Y = "216" T = "0" Pressure = "0" />
		<Point X = "262" Y = "216" T = "0" Pressure = "0" />
		<Point X = "265" Y = "216" T = "0" Pressure = "0" />
		<Point X = "269" Y = "216" T = "0" Pressure = "0" />
		<Point X = "273" Y = "216" T = "0" Pressure = "0" />
		<Point X = "279" Y = "216" T = "0" Pressure = "0" />
		<Point X = "284" Y = "216" T = "0" Pressure = "0" />
		<Point X = "291" Y = "217" T = "0" Pressure = "0" />
		<Point X = "297" Y = "218" T = "0" Pressure = "0" />
		<Point X = "300" Y = "218" T = "0" Pressure = "0" />
		<Point X = "302" Y = "218" T = "0" Pressure = "0" />
		<Point X = "304" Y = "218" T = "0" Pressure = "0" />
		<Point X = "305" Y = "218" T = "0" Pressure = "0" />
		<Point X = "306" Y = "216" T = "0" Pressure = "0" />
		<Point X = "307" Y = "216" T = "0" Pressure = "0" />
		<Point X = "308" Y = "214" T = "0" Pressure = "0" />
		<Point X = "309" Y = "213" T = "0" Pressure = "0" />
		<Point X = "313" Y = "210" T = "0" Pressure = "0" />
		<Point X = "315" Y = "210" T = "0" Pressure = "0" />
		<Point X = "317" Y = "208" T = "0" Pressure = "0" />
		<Point X = "320" Y = "206" T = "0" Pressure = "0" />
		<Point X = "320" Y = "205" T = "0" Pressure = "0" />
		<Point X = "322" Y = "203" T = "0" Pressure = "0" />
		<Point X = "322" Y = "202" T = "0" Pressure = "0" />
		<Point X = "322" Y = "198" T = "0" Pressure = "0" />
		<Point X = "323" Y = "195" T = "0" Pressure = "0" />
		<Point X = "323" Y = "194" T = "0" Pressure = "0" />
		<Point X = "323" Y = "191" T = "0" Pressure = "0" />
		<Point X = "323" Y = "188" T = "0" Pressure = "0" />
		<Point X = "324" Y = "185" T = "0" Pressure = "0" />
		<Point X = "324" Y = "184" T = "0" Pressure = "0" />
		<Point X = "324" Y = "181" T = "0" Pressure = "0" />
		<Point X = "324" Y = "177" T = "0" Pressure = "0" />
		<Point X = "324" Y = "175" T = "0" Pressure = "0" />
		<Point X = "324" Y = "172" T = "0" Pressure = "0" />
		<Point X = "324" Y = "170" T = "0" Pressure = "0" />
		<Point X = "324" Y = "168" T = "0" Pressure = "0" />
		<Point X = "324" Y = "165" T = "0" Pressure = "0" />
		<Point X = "324" Y = "162" T = "0" Pressure = "0" />
		<Point X = "324" Y = "158" T = "0" Pressure = "0" />
		<Point X = "324" Y = "156" T = "0" Pressure = "0" />
		<Point X = "324" Y = "152" T = "0" Pressure = "0" />
		<Point X = "324" Y = "148" T = "0" Pressure = "0" />
		<Point X = "324" Y = "144" T = "0" Pressure = "0" />
		<Point X = "324" Y = "140" T = "0" Pressure = "0" />
		<Point X = "324" Y = "135" T = "0" Pressure = "0" />
		<Point X = "324" Y = "132" T = "0" Pressure = "0" />
		<Point X = "324" Y = "129" T = "0" Pressure = "0" />
		<Point X = "324" Y = "128" T = "0" Pressure = "0" />
		<Point X = "324" Y = "126" T = "0" Pressure = "0" />
		<Point X = "323" Y = "123" T = "0" Pressure = "0" />
		<Point X = "322" Y = "122" T = "0" Pressure = "0" />
		<Point X = "321" Y = "121" T = "0" Pressure = "0" />
		<Point X = "320" Y = "120" T = "0" Pressure = "0" />
		<Point X = "319" Y = "119" T = "0" Pressure = "0" />
		<Point X = "317" Y = "119" T = "0" Pressure = "0" />
		<Point X = "315" Y = "118" T = "0" Pressure = "0" />
		<Point X = "313" Y = "117" T = "0" Pressure = "0" />
		<Point X = "309" Y = "117" T = "0" Pressure = "0" />
		<Point X = "306" Y = "114" T = "0" Pressure = "0" />
		<Point X = "303" Y = "113" T = "0" Pressure = "0" />
		<Point X = "298" Y = "112" T = "0" Pressure = "0" />
		<Point X = "295" Y = "111" T = "0" Pressure = "0" />
		<Point X = "292" Y = "111" T = "0" Pressure = "0" />
		<Point X = "289" Y = "110" T = "0" Pressure = "0" />
		<Point X = "287" Y = "109" T = "0" Pressure = "0" />
		<Point X = "284" Y = "109" T = "0" Pressure = "0" />
		<Point X = "283" Y = "108" T = "0" Pressure = "0" />
		<Point X = "281" Y = "108" T = "0" Pressure = "0" />
		<Point X = "280" Y = "108" T = "0" Pressure = "0" />
		<Point X = "278" Y = "108" T = "0" Pressure = "0" />
		<Point X = "276" Y = "107" T = "0" Pressure = "0" />
		<Point X = "275" Y = "107" T = "0" Pressure = "0" />
		<Point X = "273" Y = "107" T = "0" Pressure = "0" />
		<Point X = "271" Y = "107" T = "0" Pressure = "0" />
		<Point X = "270" Y = "107" T = "0" Pressure = "0" />
		<Point X = "267" Y = "107" T = "0" Pressure = "0" />
		<Point X = "266" Y = "107" T = "0" Pressure = "0" />
		<Point X = "263" Y = "108" T = "0" Pressure = "0" />
		<Point X = "261" Y = "108" T = "0" Pressure = "0" />
		<Point X = "260" Y = "108" T = "0" Pressure = "0" />
		<Point X = "257" Y = "110" T = "0" Pressure = "0" />
		<Point X = "255" Y = "110" T = "0" Pressure = "0" />
		<Point X = "254" Y = "111" T = "0" Pressure = "0" />
		<Point X = "253" Y = "111" T = "0" Pressure = "0" />
		<Point X = "252" Y = "111" T = "0" Pressure = "0" />
		<Point X = "250" Y = "112" T = "0" Pressure = "0" />
		<Point X = "247" Y = "113" T = "0" Pressure = "0" />
		<Point X = "245" Y = "115" T = "0" Pressure = "0" />
		<Point X = "244" Y = "116" T = "0" Pressure = "0" />
		<Point X = "242" Y = "117" T = "0" Pressure = "0" />
		<Point X = "240" Y = "118" T = "0" Pressure = "0" />
		<Point X = "238" Y = "120" T = "0" Pressure = "0" />
		<Point X = "237" Y = "121" T = "0" Pressure = "0" />
		<Point X = "237" Y = "122" T = "0" Pressure = "0" />
		<Point X = "236" Y = "122" T = "0" Pressure = "0" />
		<Point X = "235" Y = "124" T = "0" Pressure = "0" />
		<Point X = "235" Y = "125" T = "0" Pressure = "0" />
		<Point X = "234" Y = "126" T = "0" Pressure = "0" />
		<Point X = "234" Y = "127" T = "0" Pressure = "0" />
		<Point X = "234" Y = "128" T = "0" Pressure = "0" />
		<Point X = "232" Y = "129" T = "0" Pressure = "0" />
		<Point X = "232" Y = "130" T = "0" Pressure = "0" />
		<Point X = "232" Y = "132" T = "0" Pressure = "0" />
		<Point X = "232" Y = "134" T = "0" Pressure = "0" />
		<Point X = "232" Y = "137" T = "0" Pressure = "0" />
		<Point X = "233" Y = "139" T = "0" Pressure = "0" />
		<Point X = "233" Y = "143" T = "0" Pressure = "0" />
		<Point X = "233" Y = "144" T = "0" Pressure = "0" />
		<Point X = "235" Y = "145" T = "0" Pressure = "0" />
		<Point X = "236" Y = "150" T = "0" Pressure = "0" />
		<Point X = "238" Y = "157" T = "0" Pressure = "0" />
		<Point X = "241" Y = "162" T = "0" Pressure = "0" />
		<Point X = "243" Y = "167" T = "0" Pressure = "0" />
		<Point X = "246" Y = "172" T = "0" Pressure = "0" />
		<Point X = "246" Y = "175" T = "0" Pressure = "0" />
		<Point X = "247" Y = "178" T = "0" Pressure = "0" />
		<Point X = "250" Y = "181" T = "0" Pressure = "0" />
		<Point X = "250" Y = "182" T = "0" Pressure = "0" />
		<Point X = "250" Y = "184" T = "0" Pressure = "0" />
		<Point X = "251" Y = "185" T = "0" Pressure = "0" />
		<Point X = "251" Y = "186" T = "0" Pressure = "0" />
		<Point X = "252" Y = "187" T = "0" Pressure = "0" />
		<Point X = "253" Y = "187" T = "0" Pressure = "0" />
		<Point X = "256" Y = "187" T = "0" Pressure = "0" />
		<Point X = "257" Y = "187" T = "0" Pressure = "0" />
		<Point X = "260" Y = "187" T = "0" Pressure = "0" />
		<Point X = "264" Y = "187" T = "0" Pressure = "0" />
		<Point X = "266" Y = "187" T = "0" Pressure = "0" />
		<Point X = "268" Y = "187" T = "0" Pressure = "0" />
		<Point X = "271" Y = "187" T = "0" Pressure = "0" />
		<Point X = "272" Y = "187" T = "0" Pressure = "0" />
		<Point X = "274" Y = "187" T = "0" Pressure = "0" />
		<Point X = "276" Y = "187" T = "0" Pressure = "0" />
		<Point X = "278" Y = "187" T = "0" Pressure = "0" />
		<Point X = "280" Y = "186" T = "0" Pressure = "0" />
		<Point X = "282" Y = "186" T = "0" Pressure = "0" />
		<Point X = "284" Y = "184" T = "0" Pressure = "0" />
		<Point X = "286" Y = "183" T = "0" Pressure = "0" />
		<Point X = "287" Y = "182" T = "0" Pressure = "0" />
		<Point X = "289" Y = "181" T = "0" Pressure = "0" />
		<Point X = "290" Y = "181" T = "0" Pressure = "0" />
		<Point X = "292" Y = "180" T = "0" Pressure = "0" />
		<Point X = "293" Y = "179" T = "0" Pressure = "0" />
		<Point X = "293" Y = "178" T = "0" Pressure = "0" />
		<Point X = "293" Y = "177" T = "0" Pressure = "0" />
		<Point X = "293" Y = "175" T = "0" Pressure = "0" />
		<Point X = "293" Y = "173" T = "0" Pressure = "0" />
		<Point X = "293" Y = "171" T = "0" Pressure = "0" />
		<Point X = "293" Y = "170" T = "0" Pressure = "0" />
		<Point X = "293" Y = "167" T = "0" Pressure = "0" />
		<Point X = "293" Y = "164" T = "0" Pressure = "0" />
		<Point X = "293" Y = "161" T = "0" Pressure = "0" />
		<Point X = "293" Y = "159" T = "0" Pressure = "0" />
		<Point X = "293" Y = "156" T = "0" Pressure = "0" />
		<Point X = "293" Y = "154" T = "0" Pressure = "0" />
		<Point X = "293" Y = "151" T = "0" Pressure = "0" />
		<Point X = "291" Y = "147" T = "0" Pressure = "0" />
		<Point X = "290" Y = "146" T = "0" Pressure = "0" />
		<Point X = "290" Y = "144" T = "0" Pressure = "0" />
		<Point X = "289" Y = "142" T = "0" Pressure = "0" />
		<Point X = "288" Y = "142" T = "0" Pressure = "0" />
		<Point X = "287" Y = "140" T = "0" Pressure = "0" />
		<Point X = "286" Y = "140" T = "0" Pressure = "0" />
		<Point X = "285" Y = "140" T = "0" Pressure = "0" />
		<Point X = "283" Y = "140" T = "0" Pressure = "0" />
		<Point X = "282" Y = "140" T = "0" Pressure = "0" />
		<Point X = "280" Y = "140" T = "0" Pressure = "0" />
		<Point X = "279" Y = "140" T = "0" Pressure = "0" />
		<Point X = "277" Y = "140" T = "0" Pressure = "0" />
		<Point X = "276" Y = "140" T = "0" Pressure = "0" />
		<Point X = "275" Y = "140" T = "0" Pressure = "0" />
		<Point X = "273" Y = "141" T = "0" Pressure = "0" />
		<Point X = "270" Y = "142" T = "0" Pressure = "0" />
		<Point X = "270" Y = "143" T = "0" Pressure = "0" />
		<Point X = "269" Y = "143" T = "0" Pressure = "0" />
		<Point X = "268" Y = "144" T = "0" Pressure = "0" />
		<Point X = "267" Y = "144" T = "0" Pressure = "0" />
		<Point X = "267" Y = "145" T = "0" Pressure = "0" />
		<Point X = "267" Y = "146" T = "0" Pressure = "0" />
		<Point X = "266" Y = "146" T = "0" Pressure = "0" />
		<Point X = "266" Y = "147" T = "0" Pressure = "0" />
		<Point X = "265" Y = "147" T = "0" Pressure = "0" />
		<Point X = "265" Y = "148" T = "0" Pressure = "0" />
		<Point X = "265" Y = "149" T = "0" Pressure = "0" />
		<Point X = "265" Y = "150" T = "0" Pressure = "0" />
		<Point X = "265" Y = "151" T = "0" Pressure = "0" />
		<Point X = "266" Y = "151" T = "0" Pressure = "0" />
	</Stroke>
</Gesture>
