<?xml version="1.0" encoding="utf-8" standalone="yes"?>
<Gesture Name = "spiral">
	<Stroke>
		<Point X = "94" Y = "261" T = "0" Pressure = "0" />
		<Point X = "94" Y = "254" T = "0" Pressure = "0" />
		<Point X = "94" Y = "245" T = "0" Pressure = "0" />
		<Point X = "93" Y = "233" T = "0" Pressure = "0" />
		<Point X = "92" Y = "222" T = "0" Pressure = "0" />
		<Point X = "91" Y = "210" T = "0" Pressure = "0" />
		<Point X = "91" Y = "202" T = "0" Pressure = "0" />
		<Point X = "91" Y = "195" T = "0" Pressure = "0" />
		<Point X = "91" Y = "187" T = "0" Pressure = "0" />
		<Point X = "94" Y = "182" T = "0" Pressure = "0" />
		<Point X = "97" Y = "178" T = "0" Pressure = "0" />
		<Point X = "102" Y = "173" T = "0" Pressure = "0" />
		<Point X = "104" Y = "172" T = "0" Pressure = "0" />
		<Point X = "107" Y = "168" T = "0" Pressure = "0" />
		<Point X = "111" Y = "163" T = "0" Pressure = "0" />
		<Point X = "114" Y = "161" T = "0" Pressure = "0" />
		<Point X = "118" Y = "159" T = "0" Pressure = "0" />
		<Point X = "122" Y = "156" T = "0" Pressure = "0" />
		<Point X = "128" Y = "153" T = "0" Pressure = "0" />
		<Point X = "134" Y = "151" T = "0" Pressure = "0" />
		<Point X = "140" Y = "149" T = "0" Pressure = "0" />
		<Point X = "149" Y = "148" T = "0" Pressure = "0" />
		<Point X = "156" Y = "148" T = "0" Pressure = "0" />
		<Point X = "166" Y = "148" T = "0" Pressure = "0" />
		<Point X = "174" Y = "148" T = "0" Pressure = "0" />
		<Point X = "181" Y = "148" T = "0" Pressure = "0" />
		<Point X = "186" Y = "148" T = "0" Pressure = "0" />
		<Point X = "193" Y = "149" T = "0" Pressure = "0" />
		<Point X = "199" Y = "150" T = "0" Pressure = "0" />
		<Point X = "205" Y = "153" T = "0" Pressure = "0" />
		<Point X = "209" Y = "155" T = "0" Pressure = "0" />
		<Point X = "214" Y = "159" T = "0" Pressure = "0" />
		<Point X = "220" Y = "163" T = "0" Pressure = "0" />
		<Point X = "225" Y = "167" T = "0" Pressure = "0" />
		<Point X = "230" Y = "171" T = "0" Pressure = "0" />
		<Point X = "235" Y = "176" T = "0" Pressure = "0" />
		<Point X = "240" Y = "181" T = "0" Pressure = "0" />
		<Point X = "243" Y = "185" T = "0" Pressure = "0" />
		<Point X = "245" Y = "188" T = "0" Pressure = "0" />
		<Point X = "248" Y = "194" T = "0" Pressure = "0" />
		<Point X = "249" Y = "197" T = "0" Pressure = "0" />
		<Point X = "251" Y = "203" T = "0" Pressure = "0" />
		<Point X = "253" Y = "210" T = "0" Pressure = "0" />
		<Point X = "254" Y = "218" T = "0" Pressure = "0" />
		<Point X = "254" Y = "227" T = "0" Pressure = "0" />
		<Point X = "255" Y = "237" T = "0" Pressure = "0" />
		<Point X = "256" Y = "245" T = "0" Pressure = "0" />
		<Point X = "256" Y = "253" T = "0" Pressure = "0" />
		<Point X = "256" Y = "258" T = "0" Pressure = "0" />
		<Point X = "256" Y = "261" T = "0" Pressure = "0" />
		<Point X = "256" Y = "262" T = "0" Pressure = "0" />
		<Point X = "255" Y = "265" T = "0" Pressure = "0" />
		<Point X = "254" Y = "267" T = "0" Pressure = "0" />
		<Point X = "253" Y = "267" T = "0" Pressure = "0" />
		<Point X = "250" Y = "270" T = "0" Pressure = "0" />
		<Point X = "248" Y = "270" T = "0" Pressure = "0" />
		<Point X = "243" Y = "273" T = "0" Pressure = "0" />
		<Point X = "239" Y = "275" T = "0" Pressure = "0" />
		<Point X = "231" Y = "279" T = "0" Pressure = "0" />
		<Point X = "224" Y = "281" T = "0" Pressure = "0" />
		<Point X = "216" Y = "284" T = "0" Pressure = "0" />
		<Point X = "210" Y = "285" T = "0" Pressure = "0" />
		<Point X = "205" Y = "286" T = "0" Pressure = "0" />
		<Point X = "198" Y = "289" T = "0" Pressure = "0" />
		<Point X = "196" Y = "289" T = "0" Pressure = "0" />
		<Point X = "192" Y = "289" T = "0" Pressure = "0" />
		<Point X = "189" Y = "290" T = "0" Pressure = "0" />
		<Point X = "186" Y = "290" T = "0" Pressure = "0" />
		<Point X = "184" Y = "290" T = "0" Pressure = "0" />
		<Point X = "180" Y = "290" T = "0" Pressure = "0" />
		<Point X = "177" Y = "288" T = "0" Pressure = "0" />
		<Point X = "172" Y = "287" T = "0" Pressure = "0" />
		<Point X = "170" Y = "287" T = "0" Pressure = "0" />
		<Point X = "168" Y = "285" T = "0" Pressure = "0" />
		<Point X = "166" Y = "285" T = "0" Pressure = "0" />
		<Point X = "165" Y = "285" T = "0" Pressure = "0" />
		<Point X = "164" Y = "285" T = "0" Pressure = "0" />
		<Point X = "163" Y = "285" T = "0" Pressure = "0" />
		<Point X = "162" Y = "284" T = "0" Pressure = "0" />
		<Point X = "161" Y = "284" T = "0" Pressure = "0" />
		<Point X = "159" Y = "282" T = "0" Pressure = "0" />
		<Point X = "158" Y = "280" T = "0" Pressure = "0" />
		<Point X = "156" Y = "277" T = "0" Pressure = "0" />
		<Point X = "153" Y = "273" T = "0" Pressure = "0" />
		<Point X = "153" Y = "272" T = "0" Pressure = "0" />
		<Point X = "151" Y = "270" T = "0" Pressure = "0" />
		<Point X = "151" Y = "269" T = "0" Pressure = "0" />
		<Point X = "151" Y = "267" T = "0" Pressure = "0" />
		<Point X = "151" Y = "264" T = "0" Pressure = "0" />
		<Point X = "151" Y = "262" T = "0" Pressure = "0" />
		<Point X = "151" Y = "260" T = "0" Pressure = "0" />
		<Point X = "151" Y = "255" T = "0" Pressure = "0" />
		<Point X = "152" Y = "253" T = "0" Pressure = "0" />
		<Point X = "152" Y = "251" T = "0" Pressure = "0" />
		<Point X = "152" Y = "249" T = "0" Pressure = "0" />
		<Point X = "152" Y = "247" T = "0" Pressure = "0" />
		<Point X = "152" Y = "244" T = "0" Pressure = "0" />
		<Point X = "154" Y = "243" T = "0" Pressure = "0" />
		<Point X = "154" Y = "240" T = "0" Pressure = "0" />
		<Point X = "155" Y = "236" T = "0" Pressure = "0" />
		<Point X = "155" Y = "235" T = "0" Pressure = "0" />
		<Point X = "155" Y = "233" T = "0" Pressure = "0" />
		<Point X = "156" Y = "230" T = "0" Pressure = "0" />
		<Point X = "158" Y = "228" T = "0" Pressure = "0" />
		<Point X = "159" Y = "226" T = "0" Pressure = "0" />
		<Point X = "161" Y = "224" T = "0" Pressure = "0" />
		<Point X = "162" Y = "222" T = "0" Pressure = "0" />
		<Point X = "164" Y = "221" T = "0" Pressure = "0" />
		<Point X = "167" Y = "217" T = "0" Pressure = "0" />
		<Point X = "169" Y = "217" T = "0" Pressure = "0" />
		<Point X = "172" Y = "216" T = "0" Pressure = "0" />
		<Point X = "175" Y = "215" T = "0" Pressure = "0" />
		<Point X = "180" Y = "213" T = "0" Pressure = "0" />
		<Point X = "181" Y = "213" T = "0" Pressure = "0" />
		<Point X = "184" Y = "213" T = "0" Pressure = "0" />
		<Point X = "185" Y = "213" T = "0" Pressure = "0" />
		<Point X = "187" Y = "213" T = "0" Pressure = "0" />
		<Point X = "188" Y = "213" T = "0" Pressure = "0" />
		<Point X = "189" Y = "213" T = "0" Pressure = "0" />
		<Point X = "191" Y = "213" T = "0" Pressure = "0" />
		<Point X = "193" Y = "213" T = "0" Pressure = "0" />
		<Point X = "195" Y = "216" T = "0" Pressure = "0" />
		<Point X = "198" Y = "221" T = "0" Pressure = "0" />
		<Point X = "202" Y = "226" T = "0" Pressure = "0" />
		<Point X = "206" Y = "232" T = "0" Pressure = "0" />
		<Point X = "209" Y = "238" T = "0" Pressure = "0" />
		<Point X = "211" Y = "241" T = "0" Pressure = "0" />
		<Point X = "211" Y = "242" T = "0" Pressure = "0" />
		<Point X = "211" Y = "244" T = "0" Pressure = "0" />
		<Point X = "211" Y = "247" T = "0" Pressure = "0" />
		<Point X = "211" Y = "248" T = "0" Pressure = "0" />
		<Point X = "211" Y = "249" T = "0" Pressure = "0" />
		<Point X = "211" Y = "251" T = "0" Pressure = "0" />
		<Point X = "211" Y = "252" T = "0" Pressure = "0" />
		<Point X = "211" Y = "256" T = "0" Pressure = "0" />
		<Point X = "210" Y = "258" T = "0" Pressure = "0" />
		<Point X = "209" Y = "258" T = "0" Pressure = "0" />
		<Point X = "209" Y = "260" T = "0" Pressure = "0" />
		<Point X = "208" Y = "260" T = "0" Pressure = "0" />
		<Point X = "207" Y = "260" T = "0" Pressure = "0" />
		<Point X = "206" Y = "262" T = "0" Pressure = "0" />
		<Point X = "205" Y = "262" T = "0" Pressure = "0" />
		<Point X = "204" Y = "262" T = "0" Pressure = "0" />
		<Point X = "203" Y = "263" T = "0" Pressure = "0" />
		<Point X = "202" Y = "263" T = "0" Pressure = "0" />
		<Point X = "200" Y = "263" T = "0" Pressure = "0" />
		<Point X = "197" Y = "263" T = "0" Pressure = "0" />
		<Point X = "196" Y = "263" T = "0" Pressure = "0" />
		<Point X = "193" Y = "263" T = "0" Pressure = "0" />
		<Point X = "189" Y = "263" T = "0" Pressure = "0" />
		<Point X = "186" Y = "263" T = "0" Pressure = "0" />
		<Point X = "184" Y = "263" T = "0" Pressure = "0" />
		<Point X = "182" Y = "263" T = "0" Pressure = "0" />
		<Point X = "181" Y = "263" T = "0" Pressure = "0" />
		<Point X = "180" Y = "263" T = "0" Pressure = "0" />
		<Point X = "178" Y = "262" T = "0" Pressure = "0" />
		<Point X = "178" Y = "259" T = "0" Pressure = "0" />
		<Point X = "177" Y = "258" T = "0" Pressure = "0" />
		<Point X = "177" Y = "256" T = "0" Pressure = "0" />
		<Point X = "177" Y = "255" T = "0" Pressure = "0" />
		<Point X = "177" Y = "252" T = "0" Pressure = "0" />
		<Point X = "177" Y = "251" T = "0" Pressure = "0" />
		<Point X = "177" Y = "250" T = "0" Pressure = "0" />
		<Point X = "177" Y = "249" T = "0" Pressure = "0" />
		<Point X = "177" Y = "248" T = "0" Pressure = "0" />
		<Point X = "177" Y = "247" T = "0" Pressure = "0" />
		<Point X = "177" Y = "246" T = "0" Pressure = "0" />
		<Point X = "177" Y = "245" T = "0" Pressure = "0" />
		<Point X = "177" Y = "243" T = "0" Pressure = "0" />
		<Point X = "179" Y = "242" T = "0" Pressure = "0" />
		<Point X = "181" Y = "241" T = "0" Pressure = "0" />
		<Point X = "183" Y = "239" T = "0" Pressure = "0" />
		<Point X = "184" Y = "239" T = "0" Pressure = "0" />
		<Point X = "185" Y = "239" T = "0" Pressure = "0" />
		<Point X = "186" Y = "239" T = "0" Pressure = "0" />
		<Point X = "188" Y = "239" T = "0" Pressure = "0" />
		<Point X = "189" Y = "239" T = "0" Pressure = "0" />
		<Point X = "191" Y = "239" T = "0" Pressure = "0" />
		<Point X = "192" Y = "240" T = "0" Pressure = "0" />
		<Point X = "192" Y = "241" T = "0" Pressure = "0" />
		<Point X = "193" Y = "242" T = "0" Pressure = "0" />
		<Point X = "193" Y = "243" T = "0" Pressure = "0" />
		<Point X = "195" Y = "244" T = "0" Pressure = "0" />
		<Point X = "195" Y = "245" T = "0" Pressure = "0" />
		<Point X = "195" Y = "247" T = "0" Pressure = "0" />
		<Point X = "195" Y = "248" T = "0" Pressure = "0" />
		<Point X = "195" Y = "249" T = "0" Pressure = "0" />
	</Stroke>
</Gesture>
