<?xml version="1.0" encoding="utf-8" standalone="yes"?>
<Gesture Name = "spiral">
	<Stroke>
		<Point X = "293" Y = "79" T = "0" Pressure = "0" />
		<Point X = "292" Y = "79" T = "0" Pressure = "0" />
		<Point X = "291" Y = "77" T = "0" Pressure = "0" />
		<Point X = "288" Y = "77" T = "0" Pressure = "0" />
		<Point X = "285" Y = "76" T = "0" Pressure = "0" />
		<Point X = "281" Y = "73" T = "0" Pressure = "0" />
		<Point X = "279" Y = "72" T = "0" Pressure = "0" />
		<Point X = "276" Y = "72" T = "0" Pressure = "0" />
		<Point X = "271" Y = "70" T = "0" Pressure = "0" />
		<Point X = "270" Y = "68" T = "0" Pressure = "0" />
		<Point X = "266" Y = "67" T = "0" Pressure = "0" />
		<Point X = "263" Y = "67" T = "0" Pressure = "0" />
		<Point X = "262" Y = "65" T = "0" Pressure = "0" />
		<Point X = "260" Y = "64" T = "0" Pressure = "0" />
		<Point X = "256" Y = "63" T = "0" Pressure = "0" />
		<Point X = "255" Y = "63" T = "0" Pressure = "0" />
		<Point X = "252" Y = "61" T = "0" Pressure = "0" />
		<Point X = "250" Y = "60" T = "0" Pressure = "0" />
		<Point X = "248" Y = "60" T = "0" Pressure = "0" />
		<Point X = "248" Y = "59" T = "0" Pressure = "0" />
		<Point X = "246" Y = "59" T = "0" Pressure = "0" />
		<Point X = "244" Y = "58" T = "0" Pressure = "0" />
		<Point X = "243" Y = "58" T = "0" Pressure = "0" />
		<Point X = "242" Y = "58" T = "0" Pressure = "0" />
		<Point X = "241" Y = "58" T = "0" Pressure = "0" />
		<Point X = "239" Y = "58" T = "0" Pressure = "0" />
		<Point X = "238" Y = "58" T = "0" Pressure = "0" />
		<Point X = "235" Y = "58" T = "0" Pressure = "0" />
		<Point X = "234" Y = "58" T = "0" Pressure = "0" />
		<Point X = "232" Y = "58" T = "0" Pressure = "0" />
		<Point X = "231" Y = "58" T = "0" Pressure = "0" />
		<Point X = "228" Y = "58" T = "0" Pressure = "0" />
		<Point X = "227" Y = "58" T = "0" Pressure = "0" />
		<Point X = "225" Y = "58" T = "0" Pressure = "0" />
		<Point X = "224" Y = "58" T = "0" Pressure = "0" />
		<Point X = "223" Y = "58" T = "0" Pressure = "0" />
		<Point X = "221" Y = "59" T = "0" Pressure = "0" />
		<Point X = "218" Y = "61" T = "0" Pressure = "0" />
		<Point X = "215" Y = "63" T = "0" Pressure = "0" />
		<Point X = "212" Y = "64" T = "0" Pressure = "0" />
		<Point X = "209" Y = "66" T = "0" Pressure = "0" />
		<Point X = "204" Y = "70" T = "0" Pressure = "0" />
		<Point X = "199" Y = "72" T = "0" Pressure = "0" />
		<Point X = "196" Y = "74" T = "0" Pressure = "0" />
		<Point X = "193" Y = "76" T = "0" Pressure = "0" />
		<Point X = "190" Y = "79" T = "0" Pressure = "0" />
		<Point X = "186" Y = "80" T = "0" Pressure = "0" />
		<Point X = "184" Y = "84" T = "0" Pressure = "0" />
		<Point X = "182" Y = "85" T = "0" Pressure = "0" />
		<Point X = "180" Y = "87" T = "0" Pressure = "0" />
		<Point X = "177" Y = "89" T = "0" Pressure = "0" />
		<Point X = "174" Y = "92" T = "0" Pressure = "0" />
		<Point X = "172" Y = "94" T = "0" Pressure = "0" />
		<Point X = "169" Y = "96" T = "0" Pressure = "0" />
		<Point X = "168" Y = "98" T = "0" Pressure = "0" />
		<Point X = "165" Y = "100" T = "0" Pressure = "0" />
		<Point X = "163" Y = "105" T = "0" Pressure = "0" />
		<Point X = "161" Y = "109" T = "0" Pressure = "0" />
		<Point X = "160" Y = "112" T = "0" Pressure = "0" />
		<Point X = "157" Y = "117" T = "0" Pressure = "0" />
		<Point X = "156" Y = "120" T = "0" Pressure = "0" />
		<Point X = "156" Y = "124" T = "0" Pressure = "0" />
		<Point X = "156" Y = "126" T = "0" Pressure = "0" />
		<Point X = "156" Y = "130" T = "0" Pressure = "0" />
		<Point X = "156" Y = "134" T = "0" Pressure = "0" />
		<Point X = "156" Y = "137" T = "0" Pressure = "0" />
		<Point X = "156" Y = "139" T = "0" Pressure = "0" />
		<Point X = "156" Y = "142" T = "0" Pressure = "0" />
		<Point X = "156" Y = "143" T = "0" Pressure = "0" />
		<Point X = "156" Y = "145" T = "0" Pressure = "0" />
		<Point X = "156" Y = "147" T = "0" Pressure = "0" />
		<Point X = "157" Y = "149" T = "0" Pressure = "0" />
		<Point X = "158" Y = "153" T = "0" Pressure = "0" />
		<Point X = "159" Y = "155" T = "0" Pressure = "0" />
		<Point X = "162" Y = "159" T = "0" Pressure = "0" />
		<Point X = "166" Y = "165" T = "0" Pressure = "0" />
		<Point X = "167" Y = "169" T = "0" Pressure = "0" />
		<Point X = "171" Y = "174" T = "0" Pressure = "0" />
		<Point X = "176" Y = "180" T = "0" Pressure = "0" />
		<Point X = "181" Y = "185" T = "0" Pressure = "0" />
		<Point X = "182" Y = "187" T = "0" Pressure = "0" />
		<Point X = "185" Y = "190" T = "0" Pressure = "0" />
		<Point X = "186" Y = "190" T = "0" Pressure = "0" />
		<Point X = "187" Y = "191" T = "0" Pressure = "0" />
		<Point X = "188" Y = "191" T = "0" Pressure = "0" />
		<Point X = "189" Y = "191" T = "0" Pressure = "0" />
		<Point X = "192" Y = "191" T = "0" Pressure = "0" />
		<Point X = "195" Y = "191" T = "0" Pressure = "0" />
		<Point X = "198" Y = "191" T = "0" Pressure = "0" />
		<Point X = "201" Y = "191" T = "0" Pressure = "0" />
		<Point X = "205" Y = "191" T = "0" Pressure = "0" />
		<Point X = "209" Y = "191" T = "0" Pressure = "0" />
		<Point X = "215" Y = "189" T = "0" Pressure = "0" />
		<Point X = "218" Y = "188" T = "0" Pressure = "0" />
		<Point X = "225" Y = "186" T = "0" Pressure = "0" />
		<Point X = "228" Y = "185" T = "0" Pressure = "0" />
		<Point X = "234" Y = "181" T = "0" Pressure = "0" />
		<Point X = "239" Y = "179" T = "0" Pressure = "0" />
		<Point X = "242" Y = "176" T = "0" Pressure = "0" />
		<Point X = "246" Y = "174" T = "0" Pressure = "0" />
		<Point X = "249" Y = "170" T = "0" Pressure = "0" />
		<Point X = "249" Y = "169" T = "0" Pressure = "0" />
		<Point X = "250" Y = "167" T = "0" Pressure = "0" />
		<Point X = "250" Y = "164" T = "0" Pressure = "0" />
		<Point X = "250" Y = "162" T = "0" Pressure = "0" />
		<Point X = "250" Y = "161" T = "0" Pressure = "0" />
		<Point X = "251" Y = "159" T = "0" Pressure = "0" />
		<Point X = "251" Y = "158" T = "0" Pressure = "0" />
		<Point X = "251" Y = "156" T = "0" Pressure = "0" />
		<Point X = "251" Y = "155" T = "0" Pressure = "0" />
		<Point X = "252" Y = "152" T = "0" Pressure = "0" />
		<Point X = "252" Y = "150" T = "0" Pressure = "0" />
		<Point X = "252" Y = "146" T = "0" Pressure = "0" />
		<Point X = "252" Y = "143" T = "0" Pressure = "0" />
		<Point X = "252" Y = "140" T = "0" Pressure = "0" />
		<Point X = "252" Y = "138" T = "0" Pressure = "0" />
		<Point X = "252" Y = "135" T = "0" Pressure = "0" />
		<Point X = "252" Y = "132" T = "0" Pressure = "0" />
		<Point X = "251" Y = "131" T = "0" Pressure = "0" />
		<Point X = "250" Y = "130" T = "0" Pressure = "0" />
		<Point X = "250" Y = "129" T = "0" Pressure = "0" />
		<Point X = "249" Y = "128" T = "0" Pressure = "0" />
		<Point X = "248" Y = "127" T = "0" Pressure = "0" />
		<Point X = "247" Y = "125" T = "0" Pressure = "0" />
		<Point X = "246" Y = "125" T = "0" Pressure = "0" />
		<Point X = "245" Y = "125" T = "0" Pressure = "0" />
		<Point X = "242" Y = "124" T = "0" Pressure = "0" />
		<Point X = "240" Y = "124" T = "0" Pressure = "0" />
		<Point X = "237" Y = "124" T = "0" Pressure = "0" />
		<Point X = "235" Y = "124" T = "0" Pressure = "0" />
		<Point X = "232" Y = "124" T = "0" Pressure = "0" />
		<Point X = "229" Y = "124" T = "0" Pressure = "0" />
		<Point X = "227" Y = "124" T = "0" Pressure = "0" />
		<Point X = "225" Y = "125" T = "0" Pressure = "0" />
		<Point X = "223" Y = "126" T = "0" Pressure = "0" />
		<Point X = "220" Y = "127" T = "0" Pressure = "0" />
		<Point X = "218" Y = "128" T = "0" Pressure = "0" />
		<Point X = "217" Y = "129" T = "0" Pressure = "0" />
		<Point X = "216" Y = "129" T = "0" Pressure = "0" />
		<Point X = "215" Y = "129" T = "0" Pressure = "0" />
		<Point X = "213" Y = "130" T = "0" Pressure = "0" />
		<Point X = "213" Y = "132" T = "0" Pressure = "0" />
		<Point X = "212" Y = "132" T = "0" Pressure = "0" />
		<Point X = "211" Y = "133" T = "0" Pressure = "0" />
		<Point X = "210" Y = "134" T = "0" Pressure = "0" />
		<Point X = "209" Y = "136" T = "0" Pressure = "0" />
		<Point X = "207" Y = "138" T = "0" Pressure = "0" />
		<Point X = "207" Y = "140" T = "0" Pressure = "0" />
		<Point X = "206" Y = "143" T = "0" Pressure = "0" />
		<Point X = "205" Y = "145" T = "0" Pressure = "0" />
		<Point X = "204" Y = "147" T = "0" Pressure = "0" />
		<Point X = "203" Y = "147" T = "0" Pressure = "0" />
		<Point X = "204" Y = "147" T = "0" Pressure = "0" />
		<Point X = "205" Y = "147" T = "0" Pressure = "0" />
		<Point X = "206" Y = "147" T = "0" Pressure = "0" />
		<Point X = "206" Y = "148" T = "0" Pressure = "0" />
		<Point X = "207" Y = "149" T = "0" Pressure = "0" />
		<Point X = "208" Y = "149" T = "0" Pressure = "0" />
		<Point X = "209" Y = "151" T = "0" Pressure = "0" />
		<Point X = "210" Y = "152" T = "0" Pressure = "0" />
		<Point X = "210" Y = "153" T = "0" Pressure = "0" />
		<Point X = "210" Y = "155" T = "0" Pressure = "0" />
		<Point X = "211" Y = "155" T = "0" Pressure = "0" />
		<Point X = "212" Y = "156" T = "0" Pressure = "0" />
		<Point X = "213" Y = "156" T = "0" Pressure = "0" />
	</Stroke>
</Gesture>
