<?xml version="1.0" encoding="utf-8" standalone="yes"?>
<Gesture Name = "spiral">
	<Stroke>
		<Point X = "85" Y = "274" T = "0" Pressure = "0" />
		<Point X = "86" Y = "274" T = "0" Pressure = "0" />
		<Point X = "87" Y = "274" T = "0" Pressure = "0" />
		<Point X = "89" Y = "274" T = "0" Pressure = "0" />
		<Point X = "91" Y = "274" T = "0" Pressure = "0" />
		<Point X = "92" Y = "274" T = "0" Pressure = "0" />
		<Point X = "95" Y = "274" T = "0" Pressure = "0" />
		<Point X = "97" Y = "274" T = "0" Pressure = "0" />
		<Point X = "99" Y = "274" T = "0" Pressure = "0" />
		<Point X = "100" Y = "274" T = "0" Pressure = "0" />
		<Point X = "102" Y = "274" T = "0" Pressure = "0" />
		<Point X = "103" Y = "274" T = "0" Pressure = "0" />
		<Point X = "105" Y = "274" T = "0" Pressure = "0" />
		<Point X = "107" Y = "274" T = "0" Pressure = "0" />
		<Point X = "109" Y = "275" T = "0" Pressure = "0" />
		<Point X = "112" Y = "275" T = "0" Pressure = "0" />
		<Point X = "115" Y = "275" T = "0" Pressure = "0" />
		<Point X = "119" Y = "275" T = "0" Pressure = "0" />
		<Point X = "122" Y = "275" T = "0" Pressure = "0" />
		<Point X = "125" Y = "275" T = "0" Pressure = "0" />
		<Point X = "126" Y = "275" T = "0" Pressure = "0" />
		<Point X = "129" Y = "275" T = "0" Pressure = "0" />
		<Point X = "131" Y = "274" T = "0" Pressure = "0" />
		<Point X = "132" Y = "274" T = "0" Pressure = "0" />
		<Point X = "134" Y = "274" T = "0" Pressure = "0" />
		<Point X = "138" Y = "274" T = "0" Pressure = "0" />
		<Point X = "142" Y = "274" T = "0" Pressure = "0" />
		<Point X = "144" Y = "274" T = "0" Pressure = "0" />
		<Point X = "147" Y = "274" T = "0" Pressure = "0" />
		<Point X = "150" Y = "274" T = "0" Pressure = "0" />
		<Point X = "151" Y = "274" T = "0" Pressure = "0" />
		<Point X = "153" Y = "273" T = "0" Pressure = "0" />
		<Point X = "155" Y = "273" T = "0" Pressure = "0" />
		<Point X = "158" Y = "273" T = "0" Pressure = "0" />
		<Point X = "160" Y = "271" T = "0" Pressure = "0" />
		<Point X = "161" Y = "270" T = "0" Pressure = "0" />
		<Point X = "162" Y = "269" T = "0" Pressure = "0" />
		<Point X = "163" Y = "268" T = "0" Pressure = "0" />
		<Point X = "165" Y = "266" T = "0" Pressure = "0" />
		<Point X = "166" Y = "265" T = "0" Pressure = "0" />
		<Point X = "167" Y = "263" T = "0" Pressure = "0" />
		<Point X = "168" Y = "261" T = "0" Pressure = "0" />
		<Point X = "169" Y = "260" T = "0" Pressure = "0" />
		<Point X = "170" Y = "259" T = "0" Pressure = "0" />
		<Point X = "172" Y = "257" T = "0" Pressure = "0" />
		<Point X = "172" Y = "256" T = "0" Pressure = "0" />
		<Point X = "173" Y = "255" T = "0" Pressure = "0" />
		<Point X = "174" Y = "254" T = "0" Pressure = "0" />
		<Point X = "175" Y = "252" T = "0" Pressure = "0" />
		<Point X = "175" Y = "249" T = "0" Pressure = "0" />
		<Point X = "176" Y = "248" T = "0" Pressure = "0" />
		<Point X = "176" Y = "244" T = "0" Pressure = "0" />
		<Point X = "176" Y = "241" T = "0" Pressure = "0" />
		<Point X = "177" Y = "237" T = "0" Pressure = "0" />
		<Point X = "178" Y = "233" T = "0" Pressure = "0" />
		<Point X = "178" Y = "230" T = "0" Pressure = "0" />
		<Point X = "178" Y = "226" T = "0" Pressure = "0" />
		<Point X = "178" Y = "224" T = "0" Pressure = "0" />
		<Point X = "179" Y = "222" T = "0" Pressure = "0" />
		<Point X = "179" Y = "219" T = "0" Pressure = "0" />
		<Point X = "179" Y = "218" T = "0" Pressure = "0" />
		<Point X = "179" Y = "215" T = "0" Pressure = "0" />
		<Point X = "179" Y = "214" T = "0" Pressure = "0" />
		<Point X = "179" Y = "211" T = "0" Pressure = "0" />
		<Point X = "179" Y = "210" T = "0" Pressure = "0" />
		<Point X = "179" Y = "208" T = "0" Pressure = "0" />
		<Point X = "178" Y = "206" T = "0" Pressure = "0" />
		<Point X = "176" Y = "204" T = "0" Pressure = "0" />
		<Point X = "175" Y = "203" T = "0" Pressure = "0" />
		<Point X = "172" Y = "199" T = "0" Pressure = "0" />
		<Point X = "170" Y = "197" T = "0" Pressure = "0" />
		<Point X = "166" Y = "194" T = "0" Pressure = "0" />
		<Point X = "162" Y = "191" T = "0" Pressure = "0" />
		<Point X = "158" Y = "189" T = "0" Pressure = "0" />
		<Point X = "152" Y = "186" T = "0" Pressure = "0" />
		<Point X = "148" Y = "185" T = "0" Pressure = "0" />
		<Point X = "143" Y = "182" T = "0" Pressure = "0" />
		<Point X = "138" Y = "180" T = "0" Pressure = "0" />
		<Point X = "135" Y = "179" T = "0" Pressure = "0" />
		<Point X = "130" Y = "176" T = "0" Pressure = "0" />
		<Point X = "126" Y = "176" T = "0" Pressure = "0" />
		<Point X = "123" Y = "176" T = "0" Pressure = "0" />
		<Point X = "120" Y = "176" T = "0" Pressure = "0" />
		<Point X = "118" Y = "176" T = "0" Pressure = "0" />
		<Point X = "115" Y = "176" T = "0" Pressure = "0" />
		<Point X = "111" Y = "176" T = "0" Pressure = "0" />
		<Point X = "110" Y = "176" T = "0" Pressure = "0" />
		<Point X = "107" Y = "176" T = "0" Pressure = "0" />
		<Point X = "105" Y = "176" T = "0" Pressure = "0" />
		<Point X = "104" Y = "176" T = "0" Pressure = "0" />
		<Point X = "101" Y = "176" T = "0" Pressure = "0" />
		<Point X = "100" Y = "176" T = "0" Pressure = "0" />
		<Point X = "99" Y = "176" T = "0" Pressure = "0" />
		<Point X = "97" Y = "176" T = "0" Pressure = "0" />
		<Point X = "96" Y = "177" T = "0" Pressure = "0" />
		<Point X = "95" Y = "178" T = "0" Pressure = "0" />
		<Point X = "92" Y = "179" T = "0" Pressure = "0" />
		<Point X = "91" Y = "181" T = "0" Pressure = "0" />
		<Point X = "88" Y = "184" T = "0" Pressure = "0" />
		<Point X = "87" Y = "186" T = "0" Pressure = "0" />
		<Point X = "86" Y = "189" T = "0" Pressure = "0" />
		<Point X = "86" Y = "191" T = "0" Pressure = "0" />
		<Point X = "85" Y = "192" T = "0" Pressure = "0" />
		<Point X = "85" Y = "195" T = "0" Pressure = "0" />
		<Point X = "85" Y = "197" T = "0" Pressure = "0" />
		<Point X = "85" Y = "200" T = "0" Pressure = "0" />
		<Point X = "85" Y = "204" T = "0" Pressure = "0" />
		<Point X = "85" Y = "206" T = "0" Pressure = "0" />
		<Point X = "85" Y = "210" T = "0" Pressure = "0" />
		<Point X = "85" Y = "214" T = "0" Pressure = "0" />
		<Point X = "85" Y = "218" T = "0" Pressure = "0" />
		<Point X = "87" Y = "223" T = "0" Pressure = "0" />
		<Point X = "87" Y = "224" T = "0" Pressure = "0" />
		<Point X = "88" Y = "228" T = "0" Pressure = "0" />
		<Point X = "88" Y = "230" T = "0" Pressure = "0" />
		<Point X = "88" Y = "232" T = "0" Pressure = "0" />
		<Point X = "88" Y = "235" T = "0" Pressure = "0" />
		<Point X = "91" Y = "238" T = "0" Pressure = "0" />
		<Point X = "93" Y = "242" T = "0" Pressure = "0" />
		<Point X = "94" Y = "244" T = "0" Pressure = "0" />
		<Point X = "97" Y = "248" T = "0" Pressure = "0" />
		<Point X = "99" Y = "251" T = "0" Pressure = "0" />
		<Point X = "102" Y = "253" T = "0" Pressure = "0" />
		<Point X = "104" Y = "256" T = "0" Pressure = "0" />
		<Point X = "107" Y = "258" T = "0" Pressure = "0" />
		<Point X = "107" Y = "259" T = "0" Pressure = "0" />
		<Point X = "108" Y = "260" T = "0" Pressure = "0" />
		<Point X = "110" Y = "261" T = "0" Pressure = "0" />
		<Point X = "111" Y = "262" T = "0" Pressure = "0" />
		<Point X = "114" Y = "264" T = "0" Pressure = "0" />
		<Point X = "118" Y = "266" T = "0" Pressure = "0" />
		<Point X = "120" Y = "266" T = "0" Pressure = "0" />
		<Point X = "122" Y = "266" T = "0" Pressure = "0" />
		<Point X = "125" Y = "266" T = "0" Pressure = "0" />
		<Point X = "130" Y = "267" T = "0" Pressure = "0" />
		<Point X = "131" Y = "267" T = "0" Pressure = "0" />
		<Point X = "132" Y = "267" T = "0" Pressure = "0" />
		<Point X = "133" Y = "267" T = "0" Pressure = "0" />
		<Point X = "134" Y = "267" T = "0" Pressure = "0" />
		<Point X = "135" Y = "266" T = "0" Pressure = "0" />
		<Point X = "136" Y = "266" T = "0" Pressure = "0" />
		<Point X = "137" Y = "265" T = "0" Pressure = "0" />
		<Point X = "139" Y = "263" T = "0" Pressure = "0" />
		<Point X = "140" Y = "263" T = "0" Pressure = "0" />
		<Point X = "140" Y = "260" T = "0" Pressure = "0" />
		<Point X = "143" Y = "254" T = "0" Pressure = "0" />
		<Point X = "143" Y = "251" T = "0" Pressure = "0" />
		<Point X = "145" Y = "245" T = "0" Pressure = "0" />
		<Point X = "145" Y = "238" T = "0" Pressure = "0" />
		<Point X = "145" Y = "235" T = "0" Pressure = "0" />
		<Point X = "145" Y = "232" T = "0" Pressure = "0" />
		<Point X = "145" Y = "228" T = "0" Pressure = "0" />
		<Point X = "145" Y = "225" T = "0" Pressure = "0" />
		<Point X = "145" Y = "223" T = "0" Pressure = "0" />
		<Point X = "145" Y = "222" T = "0" Pressure = "0" />
		<Point X = "145" Y = "221" T = "0" Pressure = "0" />
		<Point X = "145" Y = "220" T = "0" Pressure = "0" />
		<Point X = "145" Y = "219" T = "0" Pressure = "0" />
		<Point X = "145" Y = "218" T = "0" Pressure = "0" />
		<Point X = "145" Y = "217" T = "0" Pressure = "0" />
		<Point X = "145" Y = "216" T = "0" Pressure = "0" />
		<Point X = "145" Y = "215" T = "0" Pressure = "0" />
		<Point X = "145" Y = "214" T = "0" Pressure = "0" />
		<Point X = "144" Y = "214" T = "0" Pressure = "0" />
		<Point X = "144" Y = "213" T = "0" Pressure = "0" />
		<Point X = "143" Y = "213" T = "0" Pressure = "0" />
		<Point X = "142" Y = "213" T = "0" Pressure = "0" />
		<Point X = "141" Y = "213" T = "0" Pressure = "0" />
		<Point X = "138" Y = "212" T = "0" Pressure = "0" />
		<Point X = "137" Y = "212" T = "0" Pressure = "0" />
		<Point X = "134" Y = "211" T = "0" Pressure = "0" />
		<Point X = "132" Y = "210" T = "0" Pressure = "0" />
		<Point X = "131" Y = "210" T = "0" Pressure = "0" />
		<Point X = "130" Y = "209" T = "0" Pressure = "0" />
		<Point X = "127" Y = "209" T = "0" Pressure = "0" />
		<Point X = "127" Y = "208" T = "0" Pressure = "0" />
		<Point X = "126" Y = "208" T = "0" Pressure = "0" />
		<Point X = "124" Y = "208" T = "0" Pressure = "0" />
		<Point X = "123" Y = "208" T = "0" Pressure = "0" />
		<Point X = "121" Y = "208" T = "0" Pressure = "0" />
		<Point X = "120" Y = "208" T = "0" Pressure = "0" />
		<Point X = "118" Y = "208" T = "0" Pressure = "0" />
		<Point X = "117" Y = "209" T = "0" Pressure = "0" />
		<Point X = "117" Y = "210" T = "0" Pressure = "0" />
		<Point X = "116" Y = "211" T = "0" Pressure = "0" />
		<Point X = "116" Y = "212" T = "0" Pressure = "0" />
		<Point X = "115" Y = "214" T = "0" Pressure = "0" />
		<Point X = "114" Y = "216" T = "0" Pressure = "0" />
		<Point X = "114" Y = "219" T = "0" Pressure = "0" />
		<Point X = "114" Y = "220" T = "0" Pressure = "0" />
		<Point X = "114" Y = "222" T = "0" Pressure = "0" />
		<Point X = "114" Y = "223" T = "0" Pressure = "0" />
		<Point X = "114" Y = "225" T = "0" Pressure = "0" />
		<Point X = "114" Y = "226" T = "0" Pressure = "0" />
		<Point X = "114" Y = "227" T = "0" Pressure = "0" />
		<Point X = "114" Y = "228" T = "0" Pressure = "0" />
		<Point X = "114" Y = "229" T = "0" Pressure = "0" />
		<Point X = "115" Y = "232" T = "0" Pressure = "0" />
		<Point X = "115" Y = "233" T = "0" Pressure = "0" />
		<Point X = "116" Y = "235" T = "0" Pressure = "0" />
		<Point X = "117" Y = "236" T = "0" Pressure = "0" />
		<Point X = "118" Y = "237" T = "0" Pressure = "0" />
		<Point X = "119" Y = "237" T = "0" Pressure = "0" />
		<Point X = "120" Y = "237" T = "0" Pressure = "0" />
		<Point X = "121" Y = "237" T = "0" Pressure = "0" />
		<Point X = "122" Y = "237" T = "0" Pressure = "0" />
		<Point X = "123" Y = "237" T = "0" Pressure = "0" />
		<Point X = "124" Y = "237" T = "0" Pressure = "0" />
		<Point X = "126" Y = "237" T = "0" Pressure = "0" />
		<Point X = "127" Y = "237" T = "0" Pressure = "0" />
		<Point X = "127" Y = "236" T = "0" Pressure = "0" />
		<Point X = "127" Y = "235" T = "0" Pressure = "0" />
		<Point X = "127" Y = "234" T = "0" Pressure = "0" />
		<Point X = "127" Y = "233" T = "0" Pressure = "0" />
		<Point X = "127" Y = "232" T = "0" Pressure = "0" />
		<Point X = "127" Y = "231" T = "0" Pressure = "0" />
		<Point X = "127" Y = "230" T = "0" Pressure = "0" />
		<Point X = "127" Y = "229" T = "0" Pressure = "0" />
		<Point X = "127" Y = "228" T = "0" Pressure = "0" />
		<Point X = "127" Y = "227" T = "0" Pressure = "0" />
		<Point X = "127" Y = "226" T = "0" Pressure = "0" />
		<Point X = "127" Y = "225" T = "0" Pressure = "0" />
		<Point X = "125" Y = "224" T = "0" Pressure = "0" />
		<Point X = "124" Y = "223" T = "0" Pressure = "0" />
		<Point X = "123" Y = "223" T = "0" Pressure = "0" />
		<Point X = "122" Y = "223" T = "0" Pressure = "0" />
	</Stroke>
</Gesture>
