<?xml version="1.0" encoding="utf-8" standalone="yes"?>
<Gesture Name = "spiral">
	<Stroke>
		<Point X = "356" Y = "250" T = "0" Pressure = "0" />
		<Point X = "355" Y = "250" T = "0" Pressure = "0" />
		<Point X = "354" Y = "250" T = "0" Pressure = "0" />
		<Point X = "352" Y = "250" T = "0" Pressure = "0" />
		<Point X = "350" Y = "249" T = "0" Pressure = "0" />
		<Point X = "347" Y = "249" T = "0" Pressure = "0" />
		<Point X = "344" Y = "248" T = "0" Pressure = "0" />
		<Point X = "340" Y = "248" T = "0" Pressure = "0" />
		<Point X = "338" Y = "248" T = "0" Pressure = "0" />
		<Point X = "334" Y = "247" T = "0" Pressure = "0" />
		<Point X = "332" Y = "247" T = "0" Pressure = "0" />
		<Point X = "329" Y = "246" T = "0" Pressure = "0" />
		<Point X = "327" Y = "245" T = "0" Pressure = "0" />
		<Point X = "318" Y = "244" T = "0" Pressure = "0" />
		<Point X = "308" Y = "241" T = "0" Pressure = "0" />
		<Point X = "301" Y = "241" T = "0" Pressure = "0" />
		<Point X = "293" Y = "240" T = "0" Pressure = "0" />
		<Point X = "286" Y = "240" T = "0" Pressure = "0" />
		<Point X = "283" Y = "240" T = "0" Pressure = "0" />
		<Point X = "280" Y = "240" T = "0" Pressure = "0" />
		<Point X = "279" Y = "240" T = "0" Pressure = "0" />
		<Point X = "277" Y = "240" T = "0" Pressure = "0" />
		<Point X = "276" Y = "240" T = "0" Pressure = "0" />
		<Point X = "274" Y = "240" T = "0" Pressure = "0" />
		<Point X = "273" Y = "240" T = "0" Pressure = "0" />
		<Point X = "272" Y = "240" T = "0" Pressure = "0" />
		<Point X = "271" Y = "240" T = "0" Pressure = "0" />
		<Point X = "270" Y = "240" T = "0" Pressure = "0" />
		<Point X = "269" Y = "240" T = "0" Pressure = "0" />
		<Point X = "266" Y = "241" T = "0" Pressure = "0" />
		<Point X = "265" Y = "241" T = "0" Pressure = "0" />
		<Point X = "261" Y = "242" T = "0" Pressure = "0" />
		<Point X = "257" Y = "244" T = "0" Pressure = "0" />
		<Point X = "255" Y = "244" T = "0" Pressure = "0" />
		<Point X = "251" Y = "244" T = "0" Pressure = "0" />
		<Point X = "249" Y = "246" T = "0" Pressure = "0" />
		<Point X = "247" Y = "248" T = "0" Pressure = "0" />
		<Point X = "245" Y = "249" T = "0" Pressure = "0" />
		<Point X = "244" Y = "250" T = "0" Pressure = "0" />
		<Point X = "243" Y = "251" T = "0" Pressure = "0" />
		<Point X = "242" Y = "252" T = "0" Pressure = "0" />
		<Point X = "241" Y = "254" T = "0" Pressure = "0" />
		<Point X = "241" Y = "256" T = "0" Pressure = "0" />
		<Point X = "241" Y = "257" T = "0" Pressure = "0" />
		<Point X = "241" Y = "258" T = "0" Pressure = "0" />
		<Point X = "241" Y = "261" T = "0" Pressure = "0" />
		<Point X = "241" Y = "262" T = "0" Pressure = "0" />
		<Point X = "241" Y = "265" T = "0" Pressure = "0" />
		<Point X = "241" Y = "268" T = "0" Pressure = "0" />
		<Point X = "240" Y = "269" T = "0" Pressure = "0" />
		<Point X = "240" Y = "271" T = "0" Pressure = "0" />
		<Point X = "240" Y = "272" T = "0" Pressure = "0" />
		<Point X = "240" Y = "274" T = "0" Pressure = "0" />
		<Point X = "240" Y = "276" T = "0" Pressure = "0" />
		<Point X = "240" Y = "279" T = "0" Pressure = "0" />
		<Point X = "240" Y = "282" T = "0" Pressure = "0" />
		<Point X = "240" Y = "286" T = "0" Pressure = "0" />
		<Point X = "240" Y = "288" T = "0" Pressure = "0" />
		<Point X = "241" Y = "292" T = "0" Pressure = "0" />
		<Point X = "242" Y = "297" T = "0" Pressure = "0" />
		<Point X = "244" Y = "299" T = "0" Pressure = "0" />
		<Point X = "245" Y = "301" T = "0" Pressure = "0" />
		<Point X = "245" Y = "303" T = "0" Pressure = "0" />
		<Point X = "247" Y = "304" T = "0" Pressure = "0" />
		<Point X = "249" Y = "307" T = "0" Pressure = "0" />
		<Point X = "251" Y = "308" T = "0" Pressure = "0" />
		<Point X = "255" Y = "308" T = "0" Pressure = "0" />
		<Point X = "258" Y = "311" T = "0" Pressure = "0" />
		<Point X = "263" Y = "312" T = "0" Pressure = "0" />
		<Point X = "266" Y = "313" T = "0" Pressure = "0" />
		<Point X = "269" Y = "313" T = "0" Pressure = "0" />
		<Point X = "270" Y = "313" T = "0" Pressure = "0" />
		<Point X = "272" Y = "313" T = "0" Pressure = "0" />
		<Point X = "273" Y = "313" T = "0" Pressure = "0" />
		<Point X = "274" Y = "313" T = "0" Pressure = "0" />
		<Point X = "275" Y = "313" T = "0" Pressure = "0" />
		<Point X = "277" Y = "313" T = "0" Pressure = "0" />
		<Point X = "280" Y = "313" T = "0" Pressure = "0" />
		<Point X = "283" Y = "313" T = "0" Pressure = "0" />
		<Point X = "288" Y = "314" T = "0" Pressure = "0" />
		<Point X = "294" Y = "315" T = "0" Pressure = "0" />
		<Point X = "300" Y = "316" T = "0" Pressure = "0" />
		<Point X = "304" Y = "316" T = "0" Pressure = "0" />
		<Point X = "308" Y = "317" T = "0" Pressure = "0" />
		<Point X = "310" Y = "317" T = "0" Pressure = "0" />
		<Point X = "312" Y = "317" T = "0" Pressure = "0" />
		<Point X = "314" Y = "317" T = "0" Pressure = "0" />
		<Point X = "315" Y = "316" T = "0" Pressure = "0" />
		<Point X = "316" Y = "314" T = "0" Pressure = "0" />
		<Point X = "317" Y = "311" T = "0" Pressure = "0" />
		<Point X = "318" Y = "308" T = "0" Pressure = "0" />
		<Point X = "319" Y = "306" T = "0" Pressure = "0" />
		<Point X = "320" Y = "304" T = "0" Pressure = "0" />
		<Point X = "322" Y = "300" T = "0" Pressure = "0" />
		<Point X = "323" Y = "297" T = "0" Pressure = "0" />
		<Point X = "324" Y = "296" T = "0" Pressure = "0" />
		<Point X = "324" Y = "295" T = "0" Pressure = "0" />
		<Point X = "324" Y = "294" T = "0" Pressure = "0" />
		<Point X = "324" Y = "292" T = "0" Pressure = "0" />
		<Point X = "324" Y = "290" T = "0" Pressure = "0" />
		<Point X = "324" Y = "286" T = "0" Pressure = "0" />
		<Point X = "324" Y = "282" T = "0" Pressure = "0" />
		<Point X = "324" Y = "278" T = "0" Pressure = "0" />
		<Point X = "324" Y = "275" T = "0" Pressure = "0" />
		<Point X = "324" Y = "272" T = "0" Pressure = "0" />
		<Point X = "324" Y = "270" T = "0" Pressure = "0" />
		<Point X = "324" Y = "267" T = "0" Pressure = "0" />
		<Point X = "324" Y = "264" T = "0" Pressure = "0" />
		<Point X = "322" Y = "261" T = "0" Pressure = "0" />
		<Point X = "320" Y = "258" T = "0" Pressure = "0" />
		<Point X = "315" Y = "256" T = "0" Pressure = "0" />
		<Point X = "313" Y = "255" T = "0" Pressure = "0" />
		<Point X = "310" Y = "254" T = "0" Pressure = "0" />
		<Point X = "307" Y = "254" T = "0" Pressure = "0" />
		<Point X = "305" Y = "254" T = "0" Pressure = "0" />
		<Point X = "303" Y = "254" T = "0" Pressure = "0" />
		<Point X = "301" Y = "253" T = "0" Pressure = "0" />
		<Point X = "298" Y = "251" T = "0" Pressure = "0" />
		<Point X = "297" Y = "251" T = "0" Pressure = "0" />
		<Point X = "296" Y = "251" T = "0" Pressure = "0" />
		<Point X = "295" Y = "251" T = "0" Pressure = "0" />
		<Point X = "294" Y = "251" T = "0" Pressure = "0" />
		<Point X = "293" Y = "251" T = "0" Pressure = "0" />
		<Point X = "292" Y = "251" T = "0" Pressure = "0" />
		<Point X = "290" Y = "251" T = "0" Pressure = "0" />
		<Point X = "288" Y = "251" T = "0" Pressure = "0" />
		<Point X = "286" Y = "251" T = "0" Pressure = "0" />
		<Point X = "283" Y = "251" T = "0" Pressure = "0" />
		<Point X = "282" Y = "252" T = "0" Pressure = "0" />
		<Point X = "281" Y = "253" T = "0" Pressure = "0" />
		<Point X = "278" Y = "253" T = "0" Pressure = "0" />
		<Point X = "278" Y = "254" T = "0" Pressure = "0" />
		<Point X = "277" Y = "255" T = "0" Pressure = "0" />
		<Point X = "276" Y = "257" T = "0" Pressure = "0" />
		<Point X = "275" Y = "257" T = "0" Pressure = "0" />
		<Point X = "275" Y = "260" T = "0" Pressure = "0" />
		<Point X = "275" Y = "261" T = "0" Pressure = "0" />
		<Point X = "274" Y = "264" T = "0" Pressure = "0" />
		<Point X = "274" Y = "267" T = "0" Pressure = "0" />
		<Point X = "274" Y = "270" T = "0" Pressure = "0" />
		<Point X = "272" Y = "273" T = "0" Pressure = "0" />
		<Point X = "272" Y = "275" T = "0" Pressure = "0" />
		<Point X = "272" Y = "276" T = "0" Pressure = "0" />
		<Point X = "272" Y = "277" T = "0" Pressure = "0" />
		<Point X = "272" Y = "278" T = "0" Pressure = "0" />
		<Point X = "272" Y = "279" T = "0" Pressure = "0" />
		<Point X = "272" Y = "280" T = "0" Pressure = "0" />
		<Point X = "272" Y = "282" T = "0" Pressure = "0" />
		<Point X = "273" Y = "284" T = "0" Pressure = "0" />
		<Point X = "274" Y = "287" T = "0" Pressure = "0" />
		<Point X = "276" Y = "289" T = "0" Pressure = "0" />
		<Point X = "277" Y = "291" T = "0" Pressure = "0" />
		<Point X = "280" Y = "294" T = "0" Pressure = "0" />
		<Point X = "281" Y = "295" T = "0" Pressure = "0" />
		<Point X = "284" Y = "299" T = "0" Pressure = "0" />
		<Point X = "286" Y = "300" T = "0" Pressure = "0" />
		<Point X = "287" Y = "300" T = "0" Pressure = "0" />
		<Point X = "287" Y = "301" T = "0" Pressure = "0" />
		<Point X = "289" Y = "302" T = "0" Pressure = "0" />
		<Point X = "290" Y = "302" T = "0" Pressure = "0" />
		<Point X = "292" Y = "302" T = "0" Pressure = "0" />
		<Point X = "295" Y = "302" T = "0" Pressure = "0" />
		<Point X = "298" Y = "302" T = "0" Pressure = "0" />
		<Point X = "301" Y = "301" T = "0" Pressure = "0" />
		<Point X = "304" Y = "300" T = "0" Pressure = "0" />
		<Point X = "305" Y = "300" T = "0" Pressure = "0" />
		<Point X = "306" Y = "299" T = "0" Pressure = "0" />
		<Point X = "306" Y = "298" T = "0" Pressure = "0" />
		<Point X = "307" Y = "298" T = "0" Pressure = "0" />
		<Point X = "308" Y = "297" T = "0" Pressure = "0" />
		<Point X = "309" Y = "296" T = "0" Pressure = "0" />
		<Point X = "311" Y = "294" T = "0" Pressure = "0" />
		<Point X = "312" Y = "291" T = "0" Pressure = "0" />
		<Point X = "312" Y = "289" T = "0" Pressure = "0" />
		<Point X = "312" Y = "286" T = "0" Pressure = "0" />
		<Point X = "313" Y = "284" T = "0" Pressure = "0" />
		<Point X = "313" Y = "281" T = "0" Pressure = "0" />
		<Point X = "313" Y = "279" T = "0" Pressure = "0" />
		<Point X = "313" Y = "277" T = "0" Pressure = "0" />
		<Point X = "313" Y = "276" T = "0" Pressure = "0" />
		<Point X = "313" Y = "274" T = "0" Pressure = "0" />
		<Point X = "313" Y = "273" T = "0" Pressure = "0" />
		<Point X = "313" Y = "272" T = "0" Pressure = "0" />
		<Point X = "312" Y = "272" T = "0" Pressure = "0" />
		<Point X = "311" Y = "272" T = "0" Pressure = "0" />
		<Point X = "310" Y = "272" T = "0" Pressure = "0" />
		<Point X = "309" Y = "272" T = "0" Pressure = "0" />
		<Point X = "307" Y = "272" T = "0" Pressure = "0" />
		<Point X = "306" Y = "272" T = "0" Pressure = "0" />
		<Point X = "305" Y = "272" T = "0" Pressure = "0" />
		<Point X = "303" Y = "272" T = "0" Pressure = "0" />
		<Point X = "301" Y = "272" T = "0" Pressure = "0" />
		<Point X = "300" Y = "272" T = "0" Pressure = "0" />
		<Point X = "299" Y = "272" T = "0" Pressure = "0" />
		<Point X = "298" Y = "272" T = "0" Pressure = "0" />
		<Point X = "297" Y = "272" T = "0" Pressure = "0" />
		<Point X = "296" Y = "272" T = "0" Pressure = "0" />
		<Point X = "295" Y = "272" T = "0" Pressure = "0" />
		<Point X = "294" Y = "272" T = "0" Pressure = "0" />
		<Point X = "293" Y = "272" T = "0" Pressure = "0" />
		<Point X = "293" Y = "273" T = "0" Pressure = "0" />
		<Point X = "293" Y = "274" T = "0" Pressure = "0" />
		<Point X = "293" Y = "275" T = "0" Pressure = "0" />
		<Point X = "293" Y = "276" T = "0" Pressure = "0" />
		<Point X = "293" Y = "277" T = "0" Pressure = "0" />
		<Point X = "293" Y = "278" T = "0" Pressure = "0" />
		<Point X = "294" Y = "279" T = "0" Pressure = "0" />
		<Point X = "294" Y = "281" T = "0" Pressure = "0" />
		<Point X = "296" Y = "283" T = "0" Pressure = "0" />
		<Point X = "296" Y = "284" T = "0" Pressure = "0" />
		<Point X = "297" Y = "285" T = "0" Pressure = "0" />
		<Point X = "298" Y = "286" T = "0" Pressure = "0" />
		<Point X = "299" Y = "286" T = "0" Pressure = "0" />
	</Stroke>
</Gesture>
