<?xml version="1.0" encoding="utf-8" standalone="yes"?>
<Gesture Name = "spiral">
	<Stroke>
		<Point X = "264" Y = "35" T = "0" Pressure = "0" />
		<Point X = "260" Y = "35" T = "0" Pressure = "0" />
		<Point X = "257" Y = "35" T = "0" Pressure = "0" />
		<Point X = "252" Y = "35" T = "0" Pressure = "0" />
		<Point X = "247" Y = "35" T = "0" Pressure = "0" />
		<Point X = "238" Y = "38" T = "0" Pressure = "0" />
		<Point X = "229" Y = "42" T = "0" Pressure = "0" />
		<Point X = "220" Y = "46" T = "0" Pressure = "0" />
		<Point X = "211" Y = "50" T = "0" Pressure = "0" />
		<Point X = "203" Y = "53" T = "0" Pressure = "0" />
		<Point X = "194" Y = "56" T = "0" Pressure = "0" />
		<Point X = "186" Y = "60" T = "0" Pressure = "0" />
		<Point X = "176" Y = "63" T = "0" Pressure = "0" />
		<Point X = "170" Y = "66" T = "0" Pressure = "0" />
		<Point X = "162" Y = "70" T = "0" Pressure = "0" />
		<Point X = "156" Y = "72" T = "0" Pressure = "0" />
		<Point X = "150" Y = "76" T = "0" Pressure = "0" />
		<Point X = "145" Y = "81" T = "0" Pressure = "0" />
		<Point X = "140" Y = "85" T = "0" Pressure = "0" />
		<Point X = "136" Y = "90" T = "0" Pressure = "0" />
		<Point X = "132" Y = "96" T = "0" Pressure = "0" />
		<Point X = "130" Y = "99" T = "0" Pressure = "0" />
		<Point X = "127" Y = "104" T = "0" Pressure = "0" />
		<Point X = "127" Y = "106" T = "0" Pressure = "0" />
		<Point X = "126" Y = "111" T = "0" Pressure = "0" />
		<Point X = "125" Y = "116" T = "0" Pressure = "0" />
		<Point X = "123" Y = "121" T = "0" Pressure = "0" />
		<Point X = "123" Y = "127" T = "0" Pressure = "0" />
		<Point X = "122" Y = "132" T = "0" Pressure = "0" />
		<Point X = "122" Y = "139" T = "0" Pressure = "0" />
		<Point X = "122" Y = "146" T = "0" Pressure = "0" />
		<Point X = "122" Y = "154" T = "0" Pressure = "0" />
		<Point X = "122" Y = "161" T = "0" Pressure = "0" />
		<Point X = "122" Y = "167" T = "0" Pressure = "0" />
		<Point X = "128" Y = "177" T = "0" Pressure = "0" />
		<Point X = "130" Y = "181" T = "0" Pressure = "0" />
		<Point X = "134" Y = "187" T = "0" Pressure = "0" />
		<Point X = "136" Y = "188" T = "0" Pressure = "0" />
		<Point X = "141" Y = "192" T = "0" Pressure = "0" />
		<Point X = "147" Y = "193" T = "0" Pressure = "0" />
		<Point X = "156" Y = "197" T = "0" Pressure = "0" />
		<Point X = "167" Y = "200" T = "0" Pressure = "0" />
		<Point X = "179" Y = "203" T = "0" Pressure = "0" />
		<Point X = "194" Y = "207" T = "0" Pressure = "0" />
		<Point X = "211" Y = "213" T = "0" Pressure = "0" />
		<Point X = "224" Y = "216" T = "0" Pressure = "0" />
		<Point X = "233" Y = "216" T = "0" Pressure = "0" />
		<Point X = "240" Y = "218" T = "0" Pressure = "0" />
		<Point X = "244" Y = "218" T = "0" Pressure = "0" />
		<Point X = "248" Y = "218" T = "0" Pressure = "0" />
		<Point X = "253" Y = "214" T = "0" Pressure = "0" />
		<Point X = "256" Y = "212" T = "0" Pressure = "0" />
		<Point X = "259" Y = "208" T = "0" Pressure = "0" />
		<Point X = "266" Y = "202" T = "0" Pressure = "0" />
		<Point X = "272" Y = "194" T = "0" Pressure = "0" />
		<Point X = "278" Y = "188" T = "0" Pressure = "0" />
		<Point X = "286" Y = "178" T = "0" Pressure = "0" />
		<Point X = "289" Y = "173" T = "0" Pressure = "0" />
		<Point X = "294" Y = "167" T = "0" Pressure = "0" />
		<Point X = "294" Y = "162" T = "0" Pressure = "0" />
		<Point X = "297" Y = "156" T = "0" Pressure = "0" />
		<Point X = "300" Y = "149" T = "0" Pressure = "0" />
		<Point X = "300" Y = "143" T = "0" Pressure = "0" />
		<Point X = "304" Y = "137" T = "0" Pressure = "0" />
		<Point X = "304" Y = "133" T = "0" Pressure = "0" />
		<Point X = "304" Y = "129" T = "0" Pressure = "0" />
		<Point X = "304" Y = "124" T = "0" Pressure = "0" />
		<Point X = "304" Y = "119" T = "0" Pressure = "0" />
		<Point X = "304" Y = "115" T = "0" Pressure = "0" />
		<Point X = "302" Y = "107" T = "0" Pressure = "0" />
		<Point X = "296" Y = "100" T = "0" Pressure = "0" />
		<Point X = "292" Y = "95" T = "0" Pressure = "0" />
		<Point X = "288" Y = "90" T = "0" Pressure = "0" />
		<Point X = "285" Y = "87" T = "0" Pressure = "0" />
		<Point X = "283" Y = "85" T = "0" Pressure = "0" />
		<Point X = "281" Y = "83" T = "0" Pressure = "0" />
		<Point X = "278" Y = "82" T = "0" Pressure = "0" />
		<Point X = "272" Y = "81" T = "0" Pressure = "0" />
		<Point X = "266" Y = "80" T = "0" Pressure = "0" />
		<Point X = "257" Y = "80" T = "0" Pressure = "0" />
		<Point X = "249" Y = "80" T = "0" Pressure = "0" />
		<Point X = "239" Y = "80" T = "0" Pressure = "0" />
		<Point X = "232" Y = "80" T = "0" Pressure = "0" />
		<Point X = "225" Y = "80" T = "0" Pressure = "0" />
		<Point X = "218" Y = "84" T = "0" Pressure = "0" />
		<Point X = "212" Y = "88" T = "0" Pressure = "0" />
		<Point X = "207" Y = "92" T = "0" Pressure = "0" />
		<Point X = "202" Y = "97" T = "0" Pressure = "0" />
		<Point X = "197" Y = "102" T = "0" Pressure = "0" />
		<Point X = "193" Y = "107" T = "0" Pressure = "0" />
		<Point X = "189" Y = "114" T = "0" Pressure = "0" />
		<Point X = "187" Y = "118" T = "0" Pressure = "0" />
		<Point X = "184" Y = "123" T = "0" Pressure = "0" />
		<Point X = "183" Y = "127" T = "0" Pressure = "0" />
		<Point X = "182" Y = "132" T = "0" Pressure = "0" />
		<Point X = "180" Y = "137" T = "0" Pressure = "0" />
		<Point X = "180" Y = "141" T = "0" Pressure = "0" />
		<Point X = "180" Y = "145" T = "0" Pressure = "0" />
		<Point X = "180" Y = "151" T = "0" Pressure = "0" />
		<Point X = "180" Y = "157" T = "0" Pressure = "0" />
		<Point X = "180" Y = "162" T = "0" Pressure = "0" />
		<Point X = "181" Y = "168" T = "0" Pressure = "0" />
		<Point X = "183" Y = "173" T = "0" Pressure = "0" />
		<Point X = "185" Y = "178" T = "0" Pressure = "0" />
		<Point X = "187" Y = "181" T = "0" Pressure = "0" />
		<Point X = "189" Y = "184" T = "0" Pressure = "0" />
		<Point X = "191" Y = "186" T = "0" Pressure = "0" />
		<Point X = "192" Y = "187" T = "0" Pressure = "0" />
		<Point X = "193" Y = "188" T = "0" Pressure = "0" />
		<Point X = "197" Y = "189" T = "0" Pressure = "0" />
		<Point X = "199" Y = "189" T = "0" Pressure = "0" />
		<Point X = "200" Y = "189" T = "0" Pressure = "0" />
		<Point X = "204" Y = "189" T = "0" Pressure = "0" />
		<Point X = "208" Y = "189" T = "0" Pressure = "0" />
		<Point X = "213" Y = "187" T = "0" Pressure = "0" />
		<Point X = "219" Y = "183" T = "0" Pressure = "0" />
		<Point X = "224" Y = "180" T = "0" Pressure = "0" />
		<Point X = "230" Y = "177" T = "0" Pressure = "0" />
		<Point X = "235" Y = "176" T = "0" Pressure = "0" />
		<Point X = "238" Y = "174" T = "0" Pressure = "0" />
		<Point X = "243" Y = "170" T = "0" Pressure = "0" />
		<Point X = "245" Y = "168" T = "0" Pressure = "0" />
		<Point X = "247" Y = "166" T = "0" Pressure = "0" />
		<Point X = "248" Y = "162" T = "0" Pressure = "0" />
		<Point X = "250" Y = "157" T = "0" Pressure = "0" />
		<Point X = "251" Y = "154" T = "0" Pressure = "0" />
		<Point X = "251" Y = "152" T = "0" Pressure = "0" />
		<Point X = "251" Y = "148" T = "0" Pressure = "0" />
		<Point X = "252" Y = "145" T = "0" Pressure = "0" />
		<Point X = "252" Y = "144" T = "0" Pressure = "0" />
		<Point X = "252" Y = "142" T = "0" Pressure = "0" />
		<Point X = "252" Y = "141" T = "0" Pressure = "0" />
		<Point X = "252" Y = "139" T = "0" Pressure = "0" />
		<Point X = "251" Y = "139" T = "0" Pressure = "0" />
		<Point X = "250" Y = "138" T = "0" Pressure = "0" />
		<Point X = "248" Y = "138" T = "0" Pressure = "0" />
		<Point X = "246" Y = "138" T = "0" Pressure = "0" />
		<Point X = "243" Y = "138" T = "0" Pressure = "0" />
		<Point X = "241" Y = "138" T = "0" Pressure = "0" />
		<Point X = "239" Y = "138" T = "0" Pressure = "0" />
		<Point X = "235" Y = "138" T = "0" Pressure = "0" />
		<Point X = "231" Y = "137" T = "0" Pressure = "0" />
		<Point X = "229" Y = "137" T = "0" Pressure = "0" />
		<Point X = "228" Y = "137" T = "0" Pressure = "0" />
		<Point X = "226" Y = "137" T = "0" Pressure = "0" />
		<Point X = "225" Y = "137" T = "0" Pressure = "0" />
		<Point X = "223" Y = "138" T = "0" Pressure = "0" />
		<Point X = "223" Y = "139" T = "0" Pressure = "0" />
		<Point X = "221" Y = "140" T = "0" Pressure = "0" />
		<Point X = "219" Y = "142" T = "0" Pressure = "0" />
		<Point X = "218" Y = "143" T = "0" Pressure = "0" />
		<Point X = "217" Y = "144" T = "0" Pressure = "0" />
		<Point X = "216" Y = "145" T = "0" Pressure = "0" />
		<Point X = "215" Y = "146" T = "0" Pressure = "0" />
		<Point X = "215" Y = "147" T = "0" Pressure = "0" />
		<Point X = "215" Y = "149" T = "0" Pressure = "0" />
		<Point X = "213" Y = "152" T = "0" Pressure = "0" />
		<Point X = "213" Y = "153" T = "0" Pressure = "0" />
		<Point X = "213" Y = "155" T = "0" Pressure = "0" />
		<Point X = "213" Y = "157" T = "0" Pressure = "0" />
		<Point X = "213" Y = "158" T = "0" Pressure = "0" />
		<Point X = "213" Y = "159" T = "0" Pressure = "0" />
		<Point X = "213" Y = "160" T = "0" Pressure = "0" />
		<Point X = "213" Y = "161" T = "0" Pressure = "0" />
		<Point X = "214" Y = "162" T = "0" Pressure = "0" />
		<Point X = "215" Y = "162" T = "0" Pressure = "0" />
		<Point X = "216" Y = "163" T = "0" Pressure = "0" />
		<Point X = "219" Y = "163" T = "0" Pressure = "0" />
		<Point X = "220" Y = "163" T = "0" Pressure = "0" />
		<Point X = "221" Y = "163" T = "0" Pressure = "0" />
		<Point X = "222" Y = "163" T = "0" Pressure = "0" />
		<Point X = "223" Y = "163" T = "0" Pressure = "0" />
		<Point X = "224" Y = "163" T = "0" Pressure = "0" />
		<Point X = "225" Y = "163" T = "0" Pressure = "0" />
		<Point X = "227" Y = "163" T = "0" Pressure = "0" />
		<Point X = "228" Y = "162" T = "0" Pressure = "0" />
		<Point X = "228" Y = "161" T = "0" Pressure = "0" />
		<Point X = "228" Y = "160" T = "0" Pressure = "0" />
		<Point X = "228" Y = "159" T = "0" Pressure = "0" />
		<Point X = "228" Y = "158" T = "0" Pressure = "0" />
		<Point X = "228" Y = "157" T = "0" Pressure = "0" />
		<Point X = "228" Y = "156" T = "0" Pressure = "0" />
		<Point X = "227" Y = "156" T = "0" Pressure = "0" />
		<Point X = "226" Y = "156" T = "0" Pressure = "0" />
	</Stroke>
</Gesture>
