<?xml version="1.0" encoding="utf-8" standalone="yes"?>
<Gesture Name = "spiral">
	<Stroke>
		<Point X = "322" Y = "111" T = "0" Pressure = "0" />
		<Point X = "319" Y = "111" T = "0" Pressure = "0" />
		<Point X = "315" Y = "111" T = "0" Pressure = "0" />
		<Point X = "308" Y = "111" T = "0" Pressure = "0" />
		<Point X = "297" Y = "108" T = "0" Pressure = "0" />
		<Point X = "286" Y = "107" T = "0" Pressure = "0" />
		<Point X = "273" Y = "105" T = "0" Pressure = "0" />
		<Point X = "258" Y = "104" T = "0" Pressure = "0" />
		<Point X = "242" Y = "104" T = "0" Pressure = "0" />
		<Point X = "228" Y = "104" T = "0" Pressure = "0" />
		<Point X = "216" Y = "104" T = "0" Pressure = "0" />
		<Point X = "209" Y = "104" T = "0" Pressure = "0" />
		<Point X = "203" Y = "104" T = "0" Pressure = "0" />
		<Point X = "199" Y = "105" T = "0" Pressure = "0" />
		<Point X = "196" Y = "105" T = "0" Pressure = "0" />
		<Point X = "192" Y = "105" T = "0" Pressure = "0" />
		<Point X = "186" Y = "109" T = "0" Pressure = "0" />
		<Point X = "181" Y = "111" T = "0" Pressure = "0" />
		<Point X = "177" Y = "115" T = "0" Pressure = "0" />
		<Point X = "171" Y = "120" T = "0" Pressure = "0" />
		<Point X = "166" Y = "125" T = "0" Pressure = "0" />
		<Point X = "161" Y = "130" T = "0" Pressure = "0" />
		<Point X = "155" Y = "137" T = "0" Pressure = "0" />
		<Point X = "151" Y = "144" T = "0" Pressure = "0" />
		<Point X = "146" Y = "152" T = "0" Pressure = "0" />
		<Point X = "141" Y = "158" T = "0" Pressure = "0" />
		<Point X = "138" Y = "161" T = "0" Pressure = "0" />
		<Point X = "134" Y = "168" T = "0" Pressure = "0" />
		<Point X = "131" Y = "171" T = "0" Pressure = "0" />
		<Point X = "129" Y = "175" T = "0" Pressure = "0" />
		<Point X = "128" Y = "178" T = "0" Pressure = "0" />
		<Point X = "127" Y = "181" T = "0" Pressure = "0" />
		<Point X = "127" Y = "185" T = "0" Pressure = "0" />
		<Point X = "127" Y = "191" T = "0" Pressure = "0" />
		<Point X = "127" Y = "200" T = "0" Pressure = "0" />
		<Point X = "127" Y = "209" T = "0" Pressure = "0" />
		<Point X = "127" Y = "217" T = "0" Pressure = "0" />
		<Point X = "127" Y = "223" T = "0" Pressure = "0" />
		<Point X = "129" Y = "232" T = "0" Pressure = "0" />
		<Point X = "131" Y = "237" T = "0" Pressure = "0" />
		<Point X = "134" Y = "243" T = "0" Pressure = "0" />
		<Point X = "137" Y = "249" T = "0" Pressure = "0" />
		<Point X = "140" Y = "254" T = "0" Pressure = "0" />
		<Point X = "143" Y = "259" T = "0" Pressure = "0" />
		<Point X = "145" Y = "261" T = "0" Pressure = "0" />
		<Point X = "150" Y = "263" T = "0" Pressure = "0" />
		<Point X = "153" Y = "264" T = "0" Pressure = "0" />
		<Point X = "158" Y = "264" T = "0" Pressure = "0" />
		<Point X = "164" Y = "266" T = "0" Pressure = "0" />
		<Point X = "170" Y = "266" T = "0" Pressure = "0" />
		<Point X = "178" Y = "266" T = "0" Pressure = "0" />
		<Point X = "185" Y = "266" T = "0" Pressure = "0" />
		<Point X = "193" Y = "266" T = "0" Pressure = "0" />
		<Point X = "200" Y = "266" T = "0" Pressure = "0" />
		<Point X = "208" Y = "266" T = "0" Pressure = "0" />
		<Point X = "214" Y = "266" T = "0" Pressure = "0" />
		<Point X = "219" Y = "266" T = "0" Pressure = "0" />
		<Point X = "228" Y = "266" T = "0" Pressure = "0" />
		<Point X = "233" Y = "266" T = "0" Pressure = "0" />
		<Point X = "239" Y = "265" T = "0" Pressure = "0" />
		<Point X = "242" Y = "264" T = "0" Pressure = "0" />
		<Point X = "247" Y = "262" T = "0" Pressure = "0" />
		<Point X = "249" Y = "261" T = "0" Pressure = "0" />
		<Point X = "251" Y = "260" T = "0" Pressure = "0" />
		<Point X = "255" Y = "256" T = "0" Pressure = "0" />
		<Point X = "258" Y = "251" T = "0" Pressure = "0" />
		<Point X = "261" Y = "245" T = "0" Pressure = "0" />
		<Point X = "263" Y = "238" T = "0" Pressure = "0" />
		<Point X = "264" Y = "232" T = "0" Pressure = "0" />
		<Point X = "266" Y = "227" T = "0" Pressure = "0" />
		<Point X = "269" Y = "218" T = "0" Pressure = "0" />
		<Point X = "270" Y = "211" T = "0" Pressure = "0" />
		<Point X = "272" Y = "204" T = "0" Pressure = "0" />
		<Point X = "274" Y = "198" T = "0" Pressure = "0" />
		<Point X = "275" Y = "193" T = "0" Pressure = "0" />
		<Point X = "275" Y = "189" T = "0" Pressure = "0" />
		<Point X = "276" Y = "185" T = "0" Pressure = "0" />
		<Point X = "276" Y = "181" T = "0" Pressure = "0" />
		<Point X = "276" Y = "177" T = "0" Pressure = "0" />
		<Point X = "276" Y = "175" T = "0" Pressure = "0" />
		<Point X = "276" Y = "171" T = "0" Pressure = "0" />
		<Point X = "274" Y = "168" T = "0" Pressure = "0" />
		<Point X = "272" Y = "162" T = "0" Pressure = "0" />
		<Point X = "271" Y = "158" T = "0" Pressure = "0" />
		<Point X = "269" Y = "156" T = "0" Pressure = "0" />
		<Point X = "267" Y = "154" T = "0" Pressure = "0" />
		<Point X = "265" Y = "151" T = "0" Pressure = "0" />
		<Point X = "262" Y = "149" T = "0" Pressure = "0" />
		<Point X = "259" Y = "147" T = "0" Pressure = "0" />
		<Point X = "255" Y = "146" T = "0" Pressure = "0" />
		<Point X = "253" Y = "146" T = "0" Pressure = "0" />
		<Point X = "250" Y = "146" T = "0" Pressure = "0" />
		<Point X = "248" Y = "146" T = "0" Pressure = "0" />
		<Point X = "246" Y = "146" T = "0" Pressure = "0" />
		<Point X = "243" Y = "146" T = "0" Pressure = "0" />
		<Point X = "240" Y = "146" T = "0" Pressure = "0" />
		<Point X = "236" Y = "146" T = "0" Pressure = "0" />
		<Point X = "231" Y = "146" T = "0" Pressure = "0" />
		<Point X = "227" Y = "148" T = "0" Pressure = "0" />
		<Point X = "221" Y = "151" T = "0" Pressure = "0" />
		<Point X = "216" Y = "153" T = "0" Pressure = "0" />
		<Point X = "210" Y = "157" T = "0" Pressure = "0" />
		<Point X = "204" Y = "161" T = "0" Pressure = "0" />
		<Point X = "200" Y = "163" T = "0" Pressure = "0" />
		<Point X = "197" Y = "167" T = "0" Pressure = "0" />
		<Point X = "193" Y = "168" T = "0" Pressure = "0" />
		<Point X = "192" Y = "169" T = "0" Pressure = "0" />
		<Point X = "191" Y = "170" T = "0" Pressure = "0" />
		<Point X = "189" Y = "172" T = "0" Pressure = "0" />
		<Point X = "189" Y = "173" T = "0" Pressure = "0" />
		<Point X = "188" Y = "173" T = "0" Pressure = "0" />
		<Point X = "187" Y = "174" T = "0" Pressure = "0" />
		<Point X = "185" Y = "177" T = "0" Pressure = "0" />
		<Point X = "184" Y = "179" T = "0" Pressure = "0" />
		<Point X = "182" Y = "181" T = "0" Pressure = "0" />
		<Point X = "180" Y = "186" T = "0" Pressure = "0" />
		<Point X = "177" Y = "190" T = "0" Pressure = "0" />
		<Point X = "177" Y = "194" T = "0" Pressure = "0" />
		<Point X = "176" Y = "197" T = "0" Pressure = "0" />
		<Point X = "175" Y = "201" T = "0" Pressure = "0" />
		<Point X = "175" Y = "205" T = "0" Pressure = "0" />
		<Point X = "173" Y = "210" T = "0" Pressure = "0" />
		<Point X = "173" Y = "213" T = "0" Pressure = "0" />
		<Point X = "173" Y = "217" T = "0" Pressure = "0" />
		<Point X = "173" Y = "220" T = "0" Pressure = "0" />
		<Point X = "173" Y = "223" T = "0" Pressure = "0" />
		<Point X = "176" Y = "227" T = "0" Pressure = "0" />
		<Point X = "178" Y = "229" T = "0" Pressure = "0" />
		<Point X = "181" Y = "231" T = "0" Pressure = "0" />
		<Point X = "182" Y = "232" T = "0" Pressure = "0" />
		<Point X = "184" Y = "232" T = "0" Pressure = "0" />
		<Point X = "186" Y = "232" T = "0" Pressure = "0" />
		<Point X = "187" Y = "232" T = "0" Pressure = "0" />
		<Point X = "190" Y = "232" T = "0" Pressure = "0" />
		<Point X = "192" Y = "232" T = "0" Pressure = "0" />
		<Point X = "196" Y = "232" T = "0" Pressure = "0" />
		<Point X = "200" Y = "232" T = "0" Pressure = "0" />
		<Point X = "204" Y = "232" T = "0" Pressure = "0" />
		<Point X = "207" Y = "232" T = "0" Pressure = "0" />
		<Point X = "211" Y = "232" T = "0" Pressure = "0" />
		<Point X = "214" Y = "231" T = "0" Pressure = "0" />
		<Point X = "215" Y = "230" T = "0" Pressure = "0" />
		<Point X = "220" Y = "227" T = "0" Pressure = "0" />
		<Point X = "222" Y = "225" T = "0" Pressure = "0" />
		<Point X = "225" Y = "223" T = "0" Pressure = "0" />
		<Point X = "227" Y = "221" T = "0" Pressure = "0" />
		<Point X = "229" Y = "219" T = "0" Pressure = "0" />
		<Point X = "232" Y = "215" T = "0" Pressure = "0" />
		<Point X = "234" Y = "212" T = "0" Pressure = "0" />
		<Point X = "236" Y = "206" T = "0" Pressure = "0" />
		<Point X = "236" Y = "204" T = "0" Pressure = "0" />
		<Point X = "236" Y = "202" T = "0" Pressure = "0" />
		<Point X = "236" Y = "197" T = "0" Pressure = "0" />
		<Point X = "236" Y = "194" T = "0" Pressure = "0" />
		<Point X = "236" Y = "193" T = "0" Pressure = "0" />
		<Point X = "236" Y = "190" T = "0" Pressure = "0" />
		<Point X = "235" Y = "189" T = "0" Pressure = "0" />
		<Point X = "234" Y = "186" T = "0" Pressure = "0" />
		<Point X = "232" Y = "184" T = "0" Pressure = "0" />
		<Point X = "231" Y = "183" T = "0" Pressure = "0" />
		<Point X = "230" Y = "183" T = "0" Pressure = "0" />
		<Point X = "229" Y = "183" T = "0" Pressure = "0" />
		<Point X = "228" Y = "183" T = "0" Pressure = "0" />
		<Point X = "226" Y = "183" T = "0" Pressure = "0" />
		<Point X = "223" Y = "183" T = "0" Pressure = "0" />
		<Point X = "222" Y = "183" T = "0" Pressure = "0" />
		<Point X = "220" Y = "183" T = "0" Pressure = "0" />
		<Point X = "219" Y = "183" T = "0" Pressure = "0" />
		<Point X = "218" Y = "183" T = "0" Pressure = "0" />
		<Point X = "217" Y = "183" T = "0" Pressure = "0" />
		<Point X = "216" Y = "183" T = "0" Pressure = "0" />
		<Point X = "215" Y = "183" T = "0" Pressure = "0" />
		<Point X = "213" Y = "183" T = "0" Pressure = "0" />
		<Point X = "212" Y = "183" T = "0" Pressure = "0" />
		<Point X = "210" Y = "183" T = "0" Pressure = "0" />
		<Point X = "209" Y = "184" T = "0" Pressure = "0" />
		<Point X = "207" Y = "186" T = "0" Pressure = "0" />
		<Point X = "206" Y = "187" T = "0" Pressure = "0" />
		<Point X = "205" Y = "188" T = "0" Pressure = "0" />
		<Point X = "204" Y = "190" T = "0" Pressure = "0" />
		<Point X = "203" Y = "190" T = "0" Pressure = "0" />
		<Point X = "203" Y = "192" T = "0" Pressure = "0" />
		<Point X = "203" Y = "193" T = "0" Pressure = "0" />
		<Point X = "203" Y = "195" T = "0" Pressure = "0" />
		<Point X = "203" Y = "196" T = "0" Pressure = "0" />
		<Point X = "203" Y = "199" T = "0" Pressure = "0" />
		<Point X = "203" Y = "200" T = "0" Pressure = "0" />
		<Point X = "203" Y = "202" T = "0" Pressure = "0" />
		<Point X = "203" Y = "203" T = "0" Pressure = "0" />
		<Point X = "203" Y = "205" T = "0" Pressure = "0" />
		<Point X = "203" Y = "206" T = "0" Pressure = "0" />
		<Point X = "203" Y = "207" T = "0" Pressure = "0" />
		<Point X = "203" Y = "208" T = "0" Pressure = "0" />
		<Point X = "203" Y = "210" T = "0" Pressure = "0" />
		<Point X = "203" Y = "211" T = "0" Pressure = "0" />
		<Point X = "204" Y = "212" T = "0" Pressure = "0" />
		<Point X = "205" Y = "213" T = "0" Pressure = "0" />
		<Point X = "206" Y = "213" T = "0" Pressure = "0" />
		<Point X = "207" Y = "213" T = "0" Pressure = "0" />
		<Point X = "208" Y = "213" T = "0" Pressure = "0" />
		<Point X = "209" Y = "213" T = "0" Pressure = "0" />
		<Point X = "210" Y = "213" T = "0" Pressure = "0" />
		<Point X = "212" Y = "213" T = "0" Pressure = "0" />
		<Point X = "213" Y = "212" T = "0" Pressure = "0" />
		<Point X = "214" Y = "211" T = "0" Pressure = "0" />
		<Point X = "216" Y = "210" T = "0" Pressure = "0" />
		<Point X = "218" Y = "208" T = "0" Pressure = "0" />
		<Point X = "220" Y = "207" T = "0" Pressure = "0" />
		<Point X = "222" Y = "205" T = "0" Pressure = "0" />
		<Point X = "223" Y = "204" T = "0" Pressure = "0" />
		<Point X = "224" Y = "203" T = "0" Pressure = "0" />
		<Point X = "224" Y = "202" T = "0" Pressure = "0" />
		<Point X = "223" Y = "202" T = "0" Pressure = "0" />
		<Point X = "222" Y = "202" T = "0" Pressure = "0" />
		<Point X = "220" Y = "202" T = "0" Pressure = "0" />
	</Stroke>
</Gesture>
