<?xml version="1.0" encoding="utf-8" standalone="yes"?>
<Gesture Name = "spiral">
	<Stroke>
		<Point X = "308" Y = "100" T = "0" Pressure = "0" />
		<Point X = "308" Y = "101" T = "0" Pressure = "0" />
		<Point X = "308" Y = "102" T = "0" Pressure = "0" />
		<Point X = "308" Y = "104" T = "0" Pressure = "0" />
		<Point X = "308" Y = "106" T = "0" Pressure = "0" />
		<Point X = "308" Y = "108" T = "0" Pressure = "0" />
		<Point X = "308" Y = "112" T = "0" Pressure = "0" />
		<Point X = "308" Y = "116" T = "0" Pressure = "0" />
		<Point X = "307" Y = "123" T = "0" Pressure = "0" />
		<Point X = "306" Y = "129" T = "0" Pressure = "0" />
		<Point X = "304" Y = "135" T = "0" Pressure = "0" />
		<Point X = "303" Y = "138" T = "0" Pressure = "0" />
		<Point X = "301" Y = "144" T = "0" Pressure = "0" />
		<Point X = "301" Y = "147" T = "0" Pressure = "0" />
		<Point X = "300" Y = "150" T = "0" Pressure = "0" />
		<Point X = "299" Y = "152" T = "0" Pressure = "0" />
		<Point X = "298" Y = "152" T = "0" Pressure = "0" />
		<Point X = "298" Y = "154" T = "0" Pressure = "0" />
		<Point X = "298" Y = "156" T = "0" Pressure = "0" />
		<Point X = "296" Y = "157" T = "0" Pressure = "0" />
		<Point X = "296" Y = "158" T = "0" Pressure = "0" />
		<Point X = "296" Y = "159" T = "0" Pressure = "0" />
		<Point X = "295" Y = "159" T = "0" Pressure = "0" />
		<Point X = "294" Y = "161" T = "0" Pressure = "0" />
		<Point X = "292" Y = "163" T = "0" Pressure = "0" />
		<Point X = "289" Y = "165" T = "0" Pressure = "0" />
		<Point X = "282" Y = "167" T = "0" Pressure = "0" />
		<Point X = "274" Y = "170" T = "0" Pressure = "0" />
		<Point X = "267" Y = "172" T = "0" Pressure = "0" />
		<Point X = "264" Y = "172" T = "0" Pressure = "0" />
		<Point X = "261" Y = "173" T = "0" Pressure = "0" />
		<Point X = "257" Y = "174" T = "0" Pressure = "0" />
		<Point X = "256" Y = "174" T = "0" Pressure = "0" />
		<Point X = "255" Y = "174" T = "0" Pressure = "0" />
		<Point X = "254" Y = "174" T = "0" Pressure = "0" />
		<Point X = "252" Y = "174" T = "0" Pressure = "0" />
		<Point X = "250" Y = "174" T = "0" Pressure = "0" />
		<Point X = "249" Y = "174" T = "0" Pressure = "0" />
		<Point X = "248" Y = "174" T = "0" Pressure = "0" />
		<Point X = "246" Y = "174" T = "0" Pressure = "0" />
		<Point X = "245" Y = "174" T = "0" Pressure = "0" />
		<Point X = "243" Y = "171" T = "0" Pressure = "0" />
		<Point X = "238" Y = "170" T = "0" Pressure = "0" />
		<Point X = "236" Y = "168" T = "0" Pressure = "0" />
		<Point X = "234" Y = "166" T = "0" Pressure = "0" />
		<Point X = "232" Y = "164" T = "0" Pressure = "0" />
		<Point X = "230" Y = "162" T = "0" Pressure = "0" />
		<Point X = "228" Y = "160" T = "0" Pressure = "0" />
		<Point X = "226" Y = "157" T = "0" Pressure = "0" />
		<Point X = "225" Y = "155" T = "0" Pressure = "0" />
		<Point X = "225" Y = "152" T = "0" Pressure = "0" />
		<Point X = "222" Y = "149" T = "0" Pressure = "0" />
		<Point X = "222" Y = "148" T = "0" Pressure = "0" />
		<Point X = "222" Y = "146" T = "0" Pressure = "0" />
		<Point X = "222" Y = "143" T = "0" Pressure = "0" />
		<Point X = "222" Y = "140" T = "0" Pressure = "0" />
		<Point X = "222" Y = "138" T = "0" Pressure = "0" />
		<Point X = "222" Y = "136" T = "0" Pressure = "0" />
		<Point X = "222" Y = "133" T = "0" Pressure = "0" />
		<Point X = "222" Y = "129" T = "0" Pressure = "0" />
		<Point X = "223" Y = "124" T = "0" Pressure = "0" />
		<Point X = "224" Y = "124" T = "0" Pressure = "0" />
		<Point X = "224" Y = "121" T = "0" Pressure = "0" />
		<Point X = "226" Y = "119" T = "0" Pressure = "0" />
		<Point X = "227" Y = "117" T = "0" Pressure = "0" />
		<Point X = "227" Y = "116" T = "0" Pressure = "0" />
		<Point X = "228" Y = "114" T = "0" Pressure = "0" />
		<Point X = "230" Y = "112" T = "0" Pressure = "0" />
		<Point X = "230" Y = "111" T = "0" Pressure = "0" />
		<Point X = "232" Y = "106" T = "0" Pressure = "0" />
		<Point X = "234" Y = "105" T = "0" Pressure = "0" />
		<Point X = "235" Y = "103" T = "0" Pressure = "0" />
		<Point X = "238" Y = "99" T = "0" Pressure = "0" />
		<Point X = "239" Y = "98" T = "0" Pressure = "0" />
		<Point X = "243" Y = "94" T = "0" Pressure = "0" />
		<Point X = "244" Y = "93" T = "0" Pressure = "0" />
		<Point X = "246" Y = "91" T = "0" Pressure = "0" />
		<Point X = "247" Y = "90" T = "0" Pressure = "0" />
		<Point X = "248" Y = "89" T = "0" Pressure = "0" />
		<Point X = "249" Y = "89" T = "0" Pressure = "0" />
		<Point X = "250" Y = "87" T = "0" Pressure = "0" />
		<Point X = "252" Y = "87" T = "0" Pressure = "0" />
		<Point X = "253" Y = "87" T = "0" Pressure = "0" />
		<Point X = "254" Y = "87" T = "0" Pressure = "0" />
		<Point X = "255" Y = "87" T = "0" Pressure = "0" />
		<Point X = "255" Y = "88" T = "0" Pressure = "0" />
		<Point X = "257" Y = "89" T = "0" Pressure = "0" />
		<Point X = "260" Y = "91" T = "0" Pressure = "0" />
		<Point X = "261" Y = "92" T = "0" Pressure = "0" />
		<Point X = "262" Y = "93" T = "0" Pressure = "0" />
		<Point X = "264" Y = "95" T = "0" Pressure = "0" />
		<Point X = "266" Y = "98" T = "0" Pressure = "0" />
		<Point X = "267" Y = "101" T = "0" Pressure = "0" />
		<Point X = "268" Y = "106" T = "0" Pressure = "0" />
		<Point X = "271" Y = "110" T = "0" Pressure = "0" />
		<Point X = "272" Y = "113" T = "0" Pressure = "0" />
		<Point X = "272" Y = "116" T = "0" Pressure = "0" />
		<Point X = "272" Y = "119" T = "0" Pressure = "0" />
		<Point X = "274" Y = "121" T = "0" Pressure = "0" />
		<Point X = "274" Y = "122" T = "0" Pressure = "0" />
		<Point X = "275" Y = "125" T = "0" Pressure = "0" />
		<Point X = "275" Y = "126" T = "0" Pressure = "0" />
		<Point X = "275" Y = "127" T = "0" Pressure = "0" />
		<Point X = "275" Y = "128" T = "0" Pressure = "0" />
		<Point X = "275" Y = "129" T = "0" Pressure = "0" />
		<Point X = "275" Y = "132" T = "0" Pressure = "0" />
		<Point X = "275" Y = "133" T = "0" Pressure = "0" />
		<Point X = "275" Y = "136" T = "0" Pressure = "0" />
		<Point X = "275" Y = "138" T = "0" Pressure = "0" />
		<Point X = "273" Y = "140" T = "0" Pressure = "0" />
		<Point X = "272" Y = "141" T = "0" Pressure = "0" />
		<Point X = "271" Y = "142" T = "0" Pressure = "0" />
		<Point X = "270" Y = "142" T = "0" Pressure = "0" />
		<Point X = "268" Y = "142" T = "0" Pressure = "0" />
		<Point X = "267" Y = "142" T = "0" Pressure = "0" />
		<Point X = "264" Y = "142" T = "0" Pressure = "0" />
		<Point X = "262" Y = "142" T = "0" Pressure = "0" />
		<Point X = "260" Y = "142" T = "0" Pressure = "0" />
		<Point X = "258" Y = "142" T = "0" Pressure = "0" />
		<Point X = "257" Y = "142" T = "0" Pressure = "0" />
		<Point X = "255" Y = "142" T = "0" Pressure = "0" />
		<Point X = "253" Y = "142" T = "0" Pressure = "0" />
		<Point X = "251" Y = "142" T = "0" Pressure = "0" />
		<Point X = "250" Y = "142" T = "0" Pressure = "0" />
		<Point X = "248" Y = "142" T = "0" Pressure = "0" />
		<Point X = "246" Y = "141" T = "0" Pressure = "0" />
		<Point X = "245" Y = "140" T = "0" Pressure = "0" />
		<Point X = "244" Y = "139" T = "0" Pressure = "0" />
		<Point X = "243" Y = "138" T = "0" Pressure = "0" />
		<Point X = "242" Y = "137" T = "0" Pressure = "0" />
		<Point X = "242" Y = "136" T = "0" Pressure = "0" />
		<Point X = "241" Y = "134" T = "0" Pressure = "0" />
		<Point X = "239" Y = "132" T = "0" Pressure = "0" />
		<Point X = "238" Y = "131" T = "0" Pressure = "0" />
		<Point X = "237" Y = "131" T = "0" Pressure = "0" />
		<Point X = "237" Y = "130" T = "0" Pressure = "0" />
		<Point X = "236" Y = "130" T = "0" Pressure = "0" />
		<Point X = "236" Y = "129" T = "0" Pressure = "0" />
		<Point X = "236" Y = "126" T = "0" Pressure = "0" />
		<Point X = "236" Y = "125" T = "0" Pressure = "0" />
		<Point X = "236" Y = "123" T = "0" Pressure = "0" />
		<Point X = "236" Y = "121" T = "0" Pressure = "0" />
		<Point X = "236" Y = "120" T = "0" Pressure = "0" />
		<Point X = "236" Y = "118" T = "0" Pressure = "0" />
		<Point X = "236" Y = "117" T = "0" Pressure = "0" />
		<Point X = "236" Y = "116" T = "0" Pressure = "0" />
		<Point X = "237" Y = "115" T = "0" Pressure = "0" />
		<Point X = "238" Y = "114" T = "0" Pressure = "0" />
		<Point X = "239" Y = "113" T = "0" Pressure = "0" />
		<Point X = "239" Y = "112" T = "0" Pressure = "0" />
		<Point X = "241" Y = "111" T = "0" Pressure = "0" />
		<Point X = "242" Y = "111" T = "0" Pressure = "0" />
		<Point X = "243" Y = "111" T = "0" Pressure = "0" />
		<Point X = "244" Y = "111" T = "0" Pressure = "0" />
		<Point X = "245" Y = "111" T = "0" Pressure = "0" />
		<Point X = "246" Y = "111" T = "0" Pressure = "0" />
		<Point X = "248" Y = "111" T = "0" Pressure = "0" />
		<Point X = "249" Y = "111" T = "0" Pressure = "0" />
		<Point X = "251" Y = "111" T = "0" Pressure = "0" />
		<Point X = "252" Y = "111" T = "0" Pressure = "0" />
		<Point X = "252" Y = "112" T = "0" Pressure = "0" />
		<Point X = "252" Y = "113" T = "0" Pressure = "0" />
		<Point X = "252" Y = "114" T = "0" Pressure = "0" />
		<Point X = "252" Y = "116" T = "0" Pressure = "0" />
		<Point X = "251" Y = "116" T = "0" Pressure = "0" />
		<Point X = "251" Y = "118" T = "0" Pressure = "0" />
		<Point X = "250" Y = "119" T = "0" Pressure = "0" />
		<Point X = "250" Y = "120" T = "0" Pressure = "0" />
		<Point X = "249" Y = "120" T = "0" Pressure = "0" />
		<Point X = "248" Y = "120" T = "0" Pressure = "0" />
		<Point X = "246" Y = "120" T = "0" Pressure = "0" />
		<Point X = "247" Y = "120" T = "0" Pressure = "0" />
	</Stroke>
</Gesture>
