<?xml version="1.0" encoding="utf-8" standalone="yes"?>
<Gesture Name = "spiral">
	<Stroke>
		<Point X = "88" Y = "303" T = "0" Pressure = "0" />
		<Point X = "86" Y = "298" T = "0" Pressure = "0" />
		<Point X = "85" Y = "290" T = "0" Pressure = "0" />
		<Point X = "84" Y = "279" T = "0" Pressure = "0" />
		<Point X = "83" Y = "272" T = "0" Pressure = "0" />
		<Point X = "83" Y = "266" T = "0" Pressure = "0" />
		<Point X = "83" Y = "260" T = "0" Pressure = "0" />
		<Point X = "83" Y = "254" T = "0" Pressure = "0" />
		<Point X = "83" Y = "247" T = "0" Pressure = "0" />
		<Point X = "83" Y = "237" T = "0" Pressure = "0" />
		<Point X = "85" Y = "227" T = "0" Pressure = "0" />
		<Point X = "87" Y = "217" T = "0" Pressure = "0" />
		<Point X = "91" Y = "209" T = "0" Pressure = "0" />
		<Point X = "93" Y = "200" T = "0" Pressure = "0" />
		<Point X = "96" Y = "193" T = "0" Pressure = "0" />
		<Point X = "97" Y = "187" T = "0" Pressure = "0" />
		<Point X = "101" Y = "181" T = "0" Pressure = "0" />
		<Point X = "104" Y = "176" T = "0" Pressure = "0" />
		<Point X = "108" Y = "173" T = "0" Pressure = "0" />
		<Point X = "110" Y = "169" T = "0" Pressure = "0" />
		<Point X = "113" Y = "167" T = "0" Pressure = "0" />
		<Point X = "115" Y = "164" T = "0" Pressure = "0" />
		<Point X = "116" Y = "163" T = "0" Pressure = "0" />
		<Point X = "119" Y = "161" T = "0" Pressure = "0" />
		<Point X = "122" Y = "159" T = "0" Pressure = "0" />
		<Point X = "125" Y = "158" T = "0" Pressure = "0" />
		<Point X = "133" Y = "156" T = "0" Pressure = "0" />
		<Point X = "141" Y = "154" T = "0" Pressure = "0" />
		<Point X = "148" Y = "153" T = "0" Pressure = "0" />
		<Point X = "156" Y = "153" T = "0" Pressure = "0" />
		<Point X = "162" Y = "153" T = "0" Pressure = "0" />
		<Point X = "167" Y = "153" T = "0" Pressure = "0" />
		<Point X = "170" Y = "153" T = "0" Pressure = "0" />
		<Point X = "174" Y = "153" T = "0" Pressure = "0" />
		<Point X = "175" Y = "153" T = "0" Pressure = "0" />
		<Point X = "179" Y = "153" T = "0" Pressure = "0" />
		<Point X = "184" Y = "156" T = "0" Pressure = "0" />
		<Point X = "190" Y = "159" T = "0" Pressure = "0" />
		<Point X = "195" Y = "163" T = "0" Pressure = "0" />
		<Point X = "205" Y = "169" T = "0" Pressure = "0" />
		<Point X = "213" Y = "177" T = "0" Pressure = "0" />
		<Point X = "223" Y = "185" T = "0" Pressure = "0" />
		<Point X = "230" Y = "194" T = "0" Pressure = "0" />
		<Point X = "239" Y = "206" T = "0" Pressure = "0" />
		<Point X = "246" Y = "216" T = "0" Pressure = "0" />
		<Point X = "251" Y = "226" T = "0" Pressure = "0" />
		<Point X = "257" Y = "235" T = "0" Pressure = "0" />
		<Point X = "261" Y = "245" T = "0" Pressure = "0" />
		<Point X = "262" Y = "250" T = "0" Pressure = "0" />
		<Point X = "263" Y = "255" T = "0" Pressure = "0" />
		<Point X = "263" Y = "258" T = "0" Pressure = "0" />
		<Point X = "263" Y = "261" T = "0" Pressure = "0" />
		<Point X = "262" Y = "266" T = "0" Pressure = "0" />
		<Point X = "260" Y = "270" T = "0" Pressure = "0" />
		<Point X = "256" Y = "275" T = "0" Pressure = "0" />
		<Point X = "251" Y = "280" T = "0" Pressure = "0" />
		<Point X = "248" Y = "285" T = "0" Pressure = "0" />
		<Point X = "240" Y = "290" T = "0" Pressure = "0" />
		<Point X = "236" Y = "293" T = "0" Pressure = "0" />
		<Point X = "227" Y = "297" T = "0" Pressure = "0" />
		<Point X = "219" Y = "302" T = "0" Pressure = "0" />
		<Point X = "208" Y = "304" T = "0" Pressure = "0" />
		<Point X = "201" Y = "307" T = "0" Pressure = "0" />
		<Point X = "194" Y = "308" T = "0" Pressure = "0" />
		<Point X = "193" Y = "308" T = "0" Pressure = "0" />
		<Point X = "190" Y = "309" T = "0" Pressure = "0" />
		<Point X = "188" Y = "306" T = "0" Pressure = "0" />
		<Point X = "183" Y = "301" T = "0" Pressure = "0" />
		<Point X = "174" Y = "298" T = "0" Pressure = "0" />
		<Point X = "166" Y = "295" T = "0" Pressure = "0" />
		<Point X = "160" Y = "292" T = "0" Pressure = "0" />
		<Point X = "153" Y = "291" T = "0" Pressure = "0" />
		<Point X = "149" Y = "290" T = "0" Pressure = "0" />
		<Point X = "147" Y = "290" T = "0" Pressure = "0" />
		<Point X = "146" Y = "289" T = "0" Pressure = "0" />
		<Point X = "144" Y = "287" T = "0" Pressure = "0" />
		<Point X = "142" Y = "284" T = "0" Pressure = "0" />
		<Point X = "138" Y = "280" T = "0" Pressure = "0" />
		<Point X = "133" Y = "275" T = "0" Pressure = "0" />
		<Point X = "130" Y = "270" T = "0" Pressure = "0" />
		<Point X = "128" Y = "268" T = "0" Pressure = "0" />
		<Point X = "127" Y = "265" T = "0" Pressure = "0" />
		<Point X = "127" Y = "260" T = "0" Pressure = "0" />
		<Point X = "127" Y = "256" T = "0" Pressure = "0" />
		<Point X = "127" Y = "251" T = "0" Pressure = "0" />
		<Point X = "127" Y = "246" T = "0" Pressure = "0" />
		<Point X = "127" Y = "239" T = "0" Pressure = "0" />
		<Point X = "127" Y = "234" T = "0" Pressure = "0" />
		<Point X = "127" Y = "230" T = "0" Pressure = "0" />
		<Point X = "128" Y = "224" T = "0" Pressure = "0" />
		<Point X = "130" Y = "219" T = "0" Pressure = "0" />
		<Point X = "131" Y = "215" T = "0" Pressure = "0" />
		<Point X = "132" Y = "210" T = "0" Pressure = "0" />
		<Point X = "134" Y = "205" T = "0" Pressure = "0" />
		<Point X = "136" Y = "201" T = "0" Pressure = "0" />
		<Point X = "138" Y = "198" T = "0" Pressure = "0" />
		<Point X = "139" Y = "196" T = "0" Pressure = "0" />
		<Point X = "141" Y = "193" T = "0" Pressure = "0" />
		<Point X = "141" Y = "192" T = "0" Pressure = "0" />
		<Point X = "143" Y = "190" T = "0" Pressure = "0" />
		<Point X = "144" Y = "189" T = "0" Pressure = "0" />
		<Point X = "148" Y = "186" T = "0" Pressure = "0" />
		<Point X = "150" Y = "186" T = "0" Pressure = "0" />
		<Point X = "155" Y = "184" T = "0" Pressure = "0" />
		<Point X = "160" Y = "182" T = "0" Pressure = "0" />
		<Point X = "164" Y = "181" T = "0" Pressure = "0" />
		<Point X = "167" Y = "181" T = "0" Pressure = "0" />
		<Point X = "172" Y = "180" T = "0" Pressure = "0" />
		<Point X = "175" Y = "179" T = "0" Pressure = "0" />
		<Point X = "177" Y = "179" T = "0" Pressure = "0" />
		<Point X = "178" Y = "179" T = "0" Pressure = "0" />
		<Point X = "181" Y = "180" T = "0" Pressure = "0" />
		<Point X = "183" Y = "181" T = "0" Pressure = "0" />
		<Point X = "186" Y = "183" T = "0" Pressure = "0" />
		<Point X = "191" Y = "187" T = "0" Pressure = "0" />
		<Point X = "195" Y = "191" T = "0" Pressure = "0" />
		<Point X = "199" Y = "193" T = "0" Pressure = "0" />
		<Point X = "203" Y = "196" T = "0" Pressure = "0" />
		<Point X = "209" Y = "202" T = "0" Pressure = "0" />
		<Point X = "211" Y = "203" T = "0" Pressure = "0" />
		<Point X = "213" Y = "207" T = "0" Pressure = "0" />
		<Point X = "215" Y = "209" T = "0" Pressure = "0" />
		<Point X = "215" Y = "211" T = "0" Pressure = "0" />
		<Point X = "217" Y = "213" T = "0" Pressure = "0" />
		<Point X = "218" Y = "216" T = "0" Pressure = "0" />
		<Point X = "219" Y = "219" T = "0" Pressure = "0" />
		<Point X = "219" Y = "220" T = "0" Pressure = "0" />
		<Point X = "219" Y = "224" T = "0" Pressure = "0" />
		<Point X = "219" Y = "229" T = "0" Pressure = "0" />
		<Point X = "219" Y = "231" T = "0" Pressure = "0" />
		<Point X = "221" Y = "232" T = "0" Pressure = "0" />
		<Point X = "221" Y = "234" T = "0" Pressure = "0" />
		<Point X = "221" Y = "235" T = "0" Pressure = "0" />
		<Point X = "221" Y = "236" T = "0" Pressure = "0" />
		<Point X = "220" Y = "238" T = "0" Pressure = "0" />
		<Point X = "220" Y = "239" T = "0" Pressure = "0" />
		<Point X = "220" Y = "241" T = "0" Pressure = "0" />
		<Point X = "218" Y = "242" T = "0" Pressure = "0" />
		<Point X = "218" Y = "243" T = "0" Pressure = "0" />
		<Point X = "215" Y = "247" T = "0" Pressure = "0" />
		<Point X = "214" Y = "248" T = "0" Pressure = "0" />
		<Point X = "213" Y = "250" T = "0" Pressure = "0" />
		<Point X = "209" Y = "253" T = "0" Pressure = "0" />
		<Point X = "207" Y = "255" T = "0" Pressure = "0" />
		<Point X = "204" Y = "255" T = "0" Pressure = "0" />
		<Point X = "202" Y = "255" T = "0" Pressure = "0" />
		<Point X = "200" Y = "257" T = "0" Pressure = "0" />
		<Point X = "199" Y = "258" T = "0" Pressure = "0" />
		<Point X = "198" Y = "258" T = "0" Pressure = "0" />
		<Point X = "197" Y = "258" T = "0" Pressure = "0" />
		<Point X = "196" Y = "259" T = "0" Pressure = "0" />
		<Point X = "195" Y = "259" T = "0" Pressure = "0" />
		<Point X = "194" Y = "259" T = "0" Pressure = "0" />
		<Point X = "193" Y = "259" T = "0" Pressure = "0" />
		<Point X = "191" Y = "259" T = "0" Pressure = "0" />
		<Point X = "188" Y = "259" T = "0" Pressure = "0" />
		<Point X = "185" Y = "259" T = "0" Pressure = "0" />
		<Point X = "180" Y = "256" T = "0" Pressure = "0" />
		<Point X = "177" Y = "252" T = "0" Pressure = "0" />
		<Point X = "176" Y = "252" T = "0" Pressure = "0" />
		<Point X = "175" Y = "251" T = "0" Pressure = "0" />
		<Point X = "174" Y = "249" T = "0" Pressure = "0" />
		<Point X = "173" Y = "249" T = "0" Pressure = "0" />
		<Point X = "172" Y = "248" T = "0" Pressure = "0" />
		<Point X = "172" Y = "246" T = "0" Pressure = "0" />
		<Point X = "170" Y = "243" T = "0" Pressure = "0" />
		<Point X = "168" Y = "239" T = "0" Pressure = "0" />
		<Point X = "165" Y = "233" T = "0" Pressure = "0" />
		<Point X = "164" Y = "232" T = "0" Pressure = "0" />
		<Point X = "162" Y = "228" T = "0" Pressure = "0" />
		<Point X = "161" Y = "227" T = "0" Pressure = "0" />
		<Point X = "161" Y = "226" T = "0" Pressure = "0" />
		<Point X = "161" Y = "225" T = "0" Pressure = "0" />
		<Point X = "161" Y = "224" T = "0" Pressure = "0" />
		<Point X = "161" Y = "222" T = "0" Pressure = "0" />
		<Point X = "161" Y = "220" T = "0" Pressure = "0" />
		<Point X = "162" Y = "218" T = "0" Pressure = "0" />
		<Point X = "163" Y = "215" T = "0" Pressure = "0" />
		<Point X = "165" Y = "213" T = "0" Pressure = "0" />
		<Point X = "166" Y = "211" T = "0" Pressure = "0" />
		<Point X = "166" Y = "210" T = "0" Pressure = "0" />
		<Point X = "167" Y = "209" T = "0" Pressure = "0" />
		<Point X = "169" Y = "208" T = "0" Pressure = "0" />
		<Point X = "171" Y = "207" T = "0" Pressure = "0" />
		<Point X = "172" Y = "207" T = "0" Pressure = "0" />
		<Point X = "174" Y = "207" T = "0" Pressure = "0" />
		<Point X = "175" Y = "207" T = "0" Pressure = "0" />
		<Point X = "178" Y = "207" T = "0" Pressure = "0" />
		<Point X = "179" Y = "207" T = "0" Pressure = "0" />
		<Point X = "181" Y = "207" T = "0" Pressure = "0" />
		<Point X = "183" Y = "207" T = "0" Pressure = "0" />
		<Point X = "185" Y = "207" T = "0" Pressure = "0" />
		<Point X = "186" Y = "208" T = "0" Pressure = "0" />
		<Point X = "189" Y = "209" T = "0" Pressure = "0" />
		<Point X = "189" Y = "210" T = "0" Pressure = "0" />
		<Point X = "190" Y = "212" T = "0" Pressure = "0" />
		<Point X = "192" Y = "214" T = "0" Pressure = "0" />
		<Point X = "193" Y = "216" T = "0" Pressure = "0" />
		<Point X = "193" Y = "217" T = "0" Pressure = "0" />
		<Point X = "194" Y = "218" T = "0" Pressure = "0" />
		<Point X = "194" Y = "219" T = "0" Pressure = "0" />
		<Point X = "194" Y = "220" T = "0" Pressure = "0" />
		<Point X = "194" Y = "221" T = "0" Pressure = "0" />
		<Point X = "194" Y = "223" T = "0" Pressure = "0" />
		<Point X = "194" Y = "224" T = "0" Pressure = "0" />
		<Point X = "194" Y = "225" T = "0" Pressure = "0" />
		<Point X = "193" Y = "225" T = "0" Pressure = "0" />
		<Point X = "192" Y = "226" T = "0" Pressure = "0" />
		<Point X = "191" Y = "226" T = "0" Pressure = "0" />
		<Point X = "190" Y = "227" T = "0" Pressure = "0" />
		<Point X = "189" Y = "227" T = "0" Pressure = "0" />
		<Point X = "188" Y = "227" T = "0" Pressure = "0" />
		<Point X = "187" Y = "227" T = "0" Pressure = "0" />
		<Point X = "186" Y = "227" T = "0" Pressure = "0" />
		<Point X = "185" Y = "226" T = "0" Pressure = "0" />
		<Point X = "184" Y = "226" T = "0" Pressure = "0" />
		<Point X = "184" Y = "225" T = "0" Pressure = "0" />
		<Point X = "183" Y = "225" T = "0" Pressure = "0" />
		<Point X = "183" Y = "224" T = "0" Pressure = "0" />
	</Stroke>
</Gesture>
