<?xml version="1.0" encoding="utf-8" standalone="yes"?>
<Gesture Name = "spiral">
	<Stroke>
		<Point X = "115" Y = "155" T = "0" Pressure = "0" />
		<Point X = "116" Y = "155" T = "0" Pressure = "0" />
		<Point X = "117" Y = "155" T = "0" Pressure = "0" />
		<Point X = "119" Y = "155" T = "0" Pressure = "0" />
		<Point X = "120" Y = "155" T = "0" Pressure = "0" />
		<Point X = "123" Y = "155" T = "0" Pressure = "0" />
		<Point X = "126" Y = "155" T = "0" Pressure = "0" />
		<Point X = "128" Y = "155" T = "0" Pressure = "0" />
		<Point X = "132" Y = "155" T = "0" Pressure = "0" />
		<Point X = "136" Y = "154" T = "0" Pressure = "0" />
		<Point X = "141" Y = "153" T = "0" Pressure = "0" />
		<Point X = "148" Y = "153" T = "0" Pressure = "0" />
		<Point X = "152" Y = "152" T = "0" Pressure = "0" />
		<Point X = "156" Y = "152" T = "0" Pressure = "0" />
		<Point X = "159" Y = "152" T = "0" Pressure = "0" />
		<Point X = "162" Y = "151" T = "0" Pressure = "0" />
		<Point X = "164" Y = "151" T = "0" Pressure = "0" />
		<Point X = "165" Y = "151" T = "0" Pressure = "0" />
		<Point X = "168" Y = "150" T = "0" Pressure = "0" />
		<Point X = "170" Y = "150" T = "0" Pressure = "0" />
		<Point X = "172" Y = "150" T = "0" Pressure = "0" />
		<Point X = "175" Y = "150" T = "0" Pressure = "0" />
		<Point X = "176" Y = "150" T = "0" Pressure = "0" />
		<Point X = "179" Y = "150" T = "0" Pressure = "0" />
		<Point X = "185" Y = "153" T = "0" Pressure = "0" />
		<Point X = "190" Y = "155" T = "0" Pressure = "0" />
		<Point X = "195" Y = "159" T = "0" Pressure = "0" />
		<Point X = "201" Y = "162" T = "0" Pressure = "0" />
		<Point X = "204" Y = "163" T = "0" Pressure = "0" />
		<Point X = "209" Y = "165" T = "0" Pressure = "0" />
		<Point X = "211" Y = "167" T = "0" Pressure = "0" />
		<Point X = "212" Y = "167" T = "0" Pressure = "0" />
		<Point X = "213" Y = "167" T = "0" Pressure = "0" />
		<Point X = "213" Y = "168" T = "0" Pressure = "0" />
		<Point X = "214" Y = "168" T = "0" Pressure = "0" />
		<Point X = "216" Y = "169" T = "0" Pressure = "0" />
		<Point X = "216" Y = "170" T = "0" Pressure = "0" />
		<Point X = "218" Y = "171" T = "0" Pressure = "0" />
		<Point X = "221" Y = "174" T = "0" Pressure = "0" />
		<Point X = "223" Y = "176" T = "0" Pressure = "0" />
		<Point X = "225" Y = "181" T = "0" Pressure = "0" />
		<Point X = "228" Y = "185" T = "0" Pressure = "0" />
		<Point X = "230" Y = "190" T = "0" Pressure = "0" />
		<Point X = "232" Y = "196" T = "0" Pressure = "0" />
		<Point X = "232" Y = "199" T = "0" Pressure = "0" />
		<Point X = "233" Y = "203" T = "0" Pressure = "0" />
		<Point X = "233" Y = "205" T = "0" Pressure = "0" />
		<Point X = "233" Y = "212" T = "0" Pressure = "0" />
		<Point X = "233" Y = "216" T = "0" Pressure = "0" />
		<Point X = "233" Y = "220" T = "0" Pressure = "0" />
		<Point X = "233" Y = "224" T = "0" Pressure = "0" />
		<Point X = "233" Y = "227" T = "0" Pressure = "0" />
		<Point X = "233" Y = "230" T = "0" Pressure = "0" />
		<Point X = "233" Y = "232" T = "0" Pressure = "0" />
		<Point X = "233" Y = "233" T = "0" Pressure = "0" />
		<Point X = "232" Y = "233" T = "0" Pressure = "0" />
		<Point X = "231" Y = "235" T = "0" Pressure = "0" />
		<Point X = "229" Y = "236" T = "0" Pressure = "0" />
		<Point X = "227" Y = "239" T = "0" Pressure = "0" />
		<Point X = "226" Y = "240" T = "0" Pressure = "0" />
		<Point X = "224" Y = "241" T = "0" Pressure = "0" />
		<Point X = "221" Y = "242" T = "0" Pressure = "0" />
		<Point X = "218" Y = "244" T = "0" Pressure = "0" />
		<Point X = "214" Y = "246" T = "0" Pressure = "0" />
		<Point X = "211" Y = "249" T = "0" Pressure = "0" />
		<Point X = "208" Y = "249" T = "0" Pressure = "0" />
		<Point X = "204" Y = "250" T = "0" Pressure = "0" />
		<Point X = "202" Y = "253" T = "0" Pressure = "0" />
		<Point X = "199" Y = "253" T = "0" Pressure = "0" />
		<Point X = "196" Y = "253" T = "0" Pressure = "0" />
		<Point X = "194" Y = "254" T = "0" Pressure = "0" />
		<Point X = "192" Y = "255" T = "0" Pressure = "0" />
		<Point X = "190" Y = "256" T = "0" Pressure = "0" />
		<Point X = "187" Y = "256" T = "0" Pressure = "0" />
		<Point X = "183" Y = "256" T = "0" Pressure = "0" />
		<Point X = "178" Y = "256" T = "0" Pressure = "0" />
		<Point X = "174" Y = "255" T = "0" Pressure = "0" />
		<Point X = "171" Y = "254" T = "0" Pressure = "0" />
		<Point X = "167" Y = "251" T = "0" Pressure = "0" />
		<Point X = "165" Y = "251" T = "0" Pressure = "0" />
		<Point X = "163" Y = "250" T = "0" Pressure = "0" />
		<Point X = "160" Y = "248" T = "0" Pressure = "0" />
		<Point X = "158" Y = "248" T = "0" Pressure = "0" />
		<Point X = "156" Y = "246" T = "0" Pressure = "0" />
		<Point X = "153" Y = "244" T = "0" Pressure = "0" />
		<Point X = "153" Y = "243" T = "0" Pressure = "0" />
		<Point X = "151" Y = "241" T = "0" Pressure = "0" />
		<Point X = "148" Y = "239" T = "0" Pressure = "0" />
		<Point X = "147" Y = "237" T = "0" Pressure = "0" />
		<Point X = "146" Y = "235" T = "0" Pressure = "0" />
		<Point X = "144" Y = "233" T = "0" Pressure = "0" />
		<Point X = "144" Y = "230" T = "0" Pressure = "0" />
		<Point X = "144" Y = "228" T = "0" Pressure = "0" />
		<Point X = "144" Y = "225" T = "0" Pressure = "0" />
		<Point X = "144" Y = "221" T = "0" Pressure = "0" />
		<Point X = "144" Y = "217" T = "0" Pressure = "0" />
		<Point X = "144" Y = "211" T = "0" Pressure = "0" />
		<Point X = "144" Y = "207" T = "0" Pressure = "0" />
		<Point X = "144" Y = "203" T = "0" Pressure = "0" />
		<Point X = "144" Y = "200" T = "0" Pressure = "0" />
		<Point X = "144" Y = "196" T = "0" Pressure = "0" />
		<Point X = "144" Y = "193" T = "0" Pressure = "0" />
		<Point X = "144" Y = "192" T = "0" Pressure = "0" />
		<Point X = "144" Y = "190" T = "0" Pressure = "0" />
		<Point X = "144" Y = "188" T = "0" Pressure = "0" />
		<Point X = "146" Y = "186" T = "0" Pressure = "0" />
		<Point X = "147" Y = "185" T = "0" Pressure = "0" />
		<Point X = "151" Y = "182" T = "0" Pressure = "0" />
		<Point X = "153" Y = "182" T = "0" Pressure = "0" />
		<Point X = "157" Y = "181" T = "0" Pressure = "0" />
		<Point X = "162" Y = "180" T = "0" Pressure = "0" />
		<Point X = "167" Y = "178" T = "0" Pressure = "0" />
		<Point X = "171" Y = "177" T = "0" Pressure = "0" />
		<Point X = "175" Y = "177" T = "0" Pressure = "0" />
		<Point X = "178" Y = "176" T = "0" Pressure = "0" />
		<Point X = "179" Y = "176" T = "0" Pressure = "0" />
		<Point X = "183" Y = "174" T = "0" Pressure = "0" />
		<Point X = "184" Y = "174" T = "0" Pressure = "0" />
		<Point X = "185" Y = "174" T = "0" Pressure = "0" />
		<Point X = "187" Y = "174" T = "0" Pressure = "0" />
		<Point X = "190" Y = "178" T = "0" Pressure = "0" />
		<Point X = "192" Y = "183" T = "0" Pressure = "0" />
		<Point X = "194" Y = "185" T = "0" Pressure = "0" />
		<Point X = "197" Y = "188" T = "0" Pressure = "0" />
		<Point X = "199" Y = "193" T = "0" Pressure = "0" />
		<Point X = "200" Y = "196" T = "0" Pressure = "0" />
		<Point X = "200" Y = "198" T = "0" Pressure = "0" />
		<Point X = "200" Y = "200" T = "0" Pressure = "0" />
		<Point X = "201" Y = "202" T = "0" Pressure = "0" />
		<Point X = "202" Y = "202" T = "0" Pressure = "0" />
		<Point X = "202" Y = "204" T = "0" Pressure = "0" />
		<Point X = "202" Y = "205" T = "0" Pressure = "0" />
		<Point X = "202" Y = "206" T = "0" Pressure = "0" />
		<Point X = "202" Y = "208" T = "0" Pressure = "0" />
		<Point X = "202" Y = "209" T = "0" Pressure = "0" />
		<Point X = "201" Y = "212" T = "0" Pressure = "0" />
		<Point X = "200" Y = "214" T = "0" Pressure = "0" />
		<Point X = "200" Y = "216" T = "0" Pressure = "0" />
		<Point X = "199" Y = "218" T = "0" Pressure = "0" />
		<Point X = "198" Y = "219" T = "0" Pressure = "0" />
		<Point X = "198" Y = "220" T = "0" Pressure = "0" />
		<Point X = "198" Y = "221" T = "0" Pressure = "0" />
		<Point X = "197" Y = "222" T = "0" Pressure = "0" />
		<Point X = "197" Y = "223" T = "0" Pressure = "0" />
		<Point X = "195" Y = "223" T = "0" Pressure = "0" />
		<Point X = "193" Y = "223" T = "0" Pressure = "0" />
		<Point X = "191" Y = "223" T = "0" Pressure = "0" />
		<Point X = "189" Y = "223" T = "0" Pressure = "0" />
		<Point X = "187" Y = "223" T = "0" Pressure = "0" />
		<Point X = "186" Y = "223" T = "0" Pressure = "0" />
		<Point X = "184" Y = "223" T = "0" Pressure = "0" />
		<Point X = "183" Y = "223" T = "0" Pressure = "0" />
		<Point X = "182" Y = "223" T = "0" Pressure = "0" />
		<Point X = "180" Y = "223" T = "0" Pressure = "0" />
		<Point X = "178" Y = "222" T = "0" Pressure = "0" />
		<Point X = "177" Y = "222" T = "0" Pressure = "0" />
		<Point X = "175" Y = "221" T = "0" Pressure = "0" />
		<Point X = "171" Y = "218" T = "0" Pressure = "0" />
		<Point X = "170" Y = "217" T = "0" Pressure = "0" />
		<Point X = "169" Y = "215" T = "0" Pressure = "0" />
		<Point X = "168" Y = "213" T = "0" Pressure = "0" />
		<Point X = "167" Y = "212" T = "0" Pressure = "0" />
		<Point X = "167" Y = "210" T = "0" Pressure = "0" />
		<Point X = "166" Y = "208" T = "0" Pressure = "0" />
		<Point X = "166" Y = "205" T = "0" Pressure = "0" />
		<Point X = "166" Y = "204" T = "0" Pressure = "0" />
		<Point X = "166" Y = "202" T = "0" Pressure = "0" />
		<Point X = "166" Y = "200" T = "0" Pressure = "0" />
		<Point X = "166" Y = "198" T = "0" Pressure = "0" />
		<Point X = "166" Y = "197" T = "0" Pressure = "0" />
		<Point X = "166" Y = "196" T = "0" Pressure = "0" />
		<Point X = "166" Y = "195" T = "0" Pressure = "0" />
		<Point X = "166" Y = "194" T = "0" Pressure = "0" />
		<Point X = "166" Y = "193" T = "0" Pressure = "0" />
		<Point X = "167" Y = "193" T = "0" Pressure = "0" />
		<Point X = "168" Y = "193" T = "0" Pressure = "0" />
		<Point X = "170" Y = "193" T = "0" Pressure = "0" />
		<Point X = "171" Y = "193" T = "0" Pressure = "0" />
		<Point X = "172" Y = "193" T = "0" Pressure = "0" />
		<Point X = "174" Y = "193" T = "0" Pressure = "0" />
		<Point X = "175" Y = "192" T = "0" Pressure = "0" />
		<Point X = "175" Y = "191" T = "0" Pressure = "0" />
		<Point X = "176" Y = "191" T = "0" Pressure = "0" />
		<Point X = "177" Y = "191" T = "0" Pressure = "0" />
		<Point X = "179" Y = "191" T = "0" Pressure = "0" />
		<Point X = "180" Y = "192" T = "0" Pressure = "0" />
		<Point X = "180" Y = "194" T = "0" Pressure = "0" />
		<Point X = "181" Y = "195" T = "0" Pressure = "0" />
		<Point X = "183" Y = "198" T = "0" Pressure = "0" />
		<Point X = "183" Y = "199" T = "0" Pressure = "0" />
		<Point X = "184" Y = "200" T = "0" Pressure = "0" />
		<Point X = "184" Y = "201" T = "0" Pressure = "0" />
		<Point X = "184" Y = "202" T = "0" Pressure = "0" />
		<Point X = "185" Y = "204" T = "0" Pressure = "0" />
		<Point X = "185" Y = "205" T = "0" Pressure = "0" />
		<Point X = "185" Y = "207" T = "0" Pressure = "0" />
		<Point X = "185" Y = "208" T = "0" Pressure = "0" />
	</Stroke>
</Gesture>
