<?xml version="1.0" encoding="utf-8" standalone="yes"?>
<Gesture Name = "spiral">
	<Stroke>
		<Point X = "151" Y = "324" T = "0" Pressure = "0" />
		<Point X = "153" Y = "324" T = "0" Pressure = "0" />
		<Point X = "155" Y = "324" T = "0" Pressure = "0" />
		<Point X = "159" Y = "324" T = "0" Pressure = "0" />
		<Point X = "163" Y = "324" T = "0" Pressure = "0" />
		<Point X = "170" Y = "323" T = "0" Pressure = "0" />
		<Point X = "175" Y = "321" T = "0" Pressure = "0" />
		<Point X = "180" Y = "321" T = "0" Pressure = "0" />
		<Point X = "186" Y = "320" T = "0" Pressure = "0" />
		<Point X = "192" Y = "319" T = "0" Pressure = "0" />
		<Point X = "198" Y = "316" T = "0" Pressure = "0" />
		<Point X = "201" Y = "315" T = "0" Pressure = "0" />
		<Point X = "208" Y = "314" T = "0" Pressure = "0" />
		<Point X = "214" Y = "312" T = "0" Pressure = "0" />
		<Point X = "217" Y = "310" T = "0" Pressure = "0" />
		<Point X = "219" Y = "310" T = "0" Pressure = "0" />
		<Point X = "222" Y = "308" T = "0" Pressure = "0" />
		<Point X = "223" Y = "307" T = "0" Pressure = "0" />
		<Point X = "226" Y = "304" T = "0" Pressure = "0" />
		<Point X = "227" Y = "302" T = "0" Pressure = "0" />
		<Point X = "228" Y = "298" T = "0" Pressure = "0" />
		<Point X = "230" Y = "293" T = "0" Pressure = "0" />
		<Point X = "231" Y = "290" T = "0" Pressure = "0" />
		<Point X = "232" Y = "285" T = "0" Pressure = "0" />
		<Point X = "233" Y = "280" T = "0" Pressure = "0" />
		<Point X = "233" Y = "273" T = "0" Pressure = "0" />
		<Point X = "235" Y = "266" T = "0" Pressure = "0" />
		<Point X = "235" Y = "257" T = "0" Pressure = "0" />
		<Point X = "235" Y = "252" T = "0" Pressure = "0" />
		<Point X = "235" Y = "245" T = "0" Pressure = "0" />
		<Point X = "235" Y = "239" T = "0" Pressure = "0" />
		<Point X = "235" Y = "236" T = "0" Pressure = "0" />
		<Point X = "236" Y = "232" T = "0" Pressure = "0" />
		<Point X = "238" Y = "224" T = "0" Pressure = "0" />
		<Point X = "240" Y = "218" T = "0" Pressure = "0" />
		<Point X = "242" Y = "212" T = "0" Pressure = "0" />
		<Point X = "242" Y = "208" T = "0" Pressure = "0" />
		<Point X = "243" Y = "203" T = "0" Pressure = "0" />
		<Point X = "243" Y = "200" T = "0" Pressure = "0" />
		<Point X = "243" Y = "197" T = "0" Pressure = "0" />
		<Point X = "243" Y = "196" T = "0" Pressure = "0" />
		<Point X = "242" Y = "193" T = "0" Pressure = "0" />
		<Point X = "241" Y = "193" T = "0" Pressure = "0" />
		<Point X = "238" Y = "193" T = "0" Pressure = "0" />
		<Point X = "235" Y = "193" T = "0" Pressure = "0" />
		<Point X = "232" Y = "193" T = "0" Pressure = "0" />
		<Point X = "229" Y = "192" T = "0" Pressure = "0" />
		<Point X = "222" Y = "192" T = "0" Pressure = "0" />
		<Point X = "215" Y = "191" T = "0" Pressure = "0" />
		<Point X = "209" Y = "189" T = "0" Pressure = "0" />
		<Point X = "201" Y = "189" T = "0" Pressure = "0" />
		<Point X = "197" Y = "189" T = "0" Pressure = "0" />
		<Point X = "192" Y = "189" T = "0" Pressure = "0" />
		<Point X = "191" Y = "189" T = "0" Pressure = "0" />
		<Point X = "189" Y = "189" T = "0" Pressure = "0" />
		<Point X = "186" Y = "189" T = "0" Pressure = "0" />
		<Point X = "181" Y = "193" T = "0" Pressure = "0" />
		<Point X = "176" Y = "198" T = "0" Pressure = "0" />
		<Point X = "171" Y = "202" T = "0" Pressure = "0" />
		<Point X = "168" Y = "204" T = "0" Pressure = "0" />
		<Point X = "163" Y = "208" T = "0" Pressure = "0" />
		<Point X = "161" Y = "210" T = "0" Pressure = "0" />
		<Point X = "159" Y = "213" T = "0" Pressure = "0" />
		<Point X = "157" Y = "217" T = "0" Pressure = "0" />
		<Point X = "156" Y = "220" T = "0" Pressure = "0" />
		<Point X = "156" Y = "223" T = "0" Pressure = "0" />
		<Point X = "155" Y = "227" T = "0" Pressure = "0" />
		<Point X = "155" Y = "232" T = "0" Pressure = "0" />
		<Point X = "154" Y = "237" T = "0" Pressure = "0" />
		<Point X = "153" Y = "242" T = "0" Pressure = "0" />
		<Point X = "153" Y = "246" T = "0" Pressure = "0" />
		<Point X = "153" Y = "250" T = "0" Pressure = "0" />
		<Point X = "153" Y = "253" T = "0" Pressure = "0" />
		<Point X = "153" Y = "257" T = "0" Pressure = "0" />
		<Point X = "153" Y = "261" T = "0" Pressure = "0" />
		<Point X = "154" Y = "265" T = "0" Pressure = "0" />
		<Point X = "154" Y = "270" T = "0" Pressure = "0" />
		<Point X = "157" Y = "272" T = "0" Pressure = "0" />
		<Point X = "158" Y = "275" T = "0" Pressure = "0" />
		<Point X = "160" Y = "280" T = "0" Pressure = "0" />
		<Point X = "161" Y = "281" T = "0" Pressure = "0" />
		<Point X = "162" Y = "284" T = "0" Pressure = "0" />
		<Point X = "163" Y = "284" T = "0" Pressure = "0" />
		<Point X = "163" Y = "285" T = "0" Pressure = "0" />
		<Point X = "165" Y = "286" T = "0" Pressure = "0" />
		<Point X = "167" Y = "286" T = "0" Pressure = "0" />
		<Point X = "169" Y = "287" T = "0" Pressure = "0" />
		<Point X = "172" Y = "287" T = "0" Pressure = "0" />
		<Point X = "175" Y = "288" T = "0" Pressure = "0" />
		<Point X = "177" Y = "290" T = "0" Pressure = "0" />
		<Point X = "179" Y = "290" T = "0" Pressure = "0" />
		<Point X = "181" Y = "291" T = "0" Pressure = "0" />
		<Point X = "182" Y = "291" T = "0" Pressure = "0" />
		<Point X = "183" Y = "291" T = "0" Pressure = "0" />
		<Point X = "185" Y = "291" T = "0" Pressure = "0" />
		<Point X = "187" Y = "291" T = "0" Pressure = "0" />
		<Point X = "190" Y = "289" T = "0" Pressure = "0" />
		<Point X = "194" Y = "285" T = "0" Pressure = "0" />
		<Point X = "196" Y = "283" T = "0" Pressure = "0" />
		<Point X = "200" Y = "278" T = "0" Pressure = "0" />
		<Point X = "203" Y = "273" T = "0" Pressure = "0" />
		<Point X = "204" Y = "269" T = "0" Pressure = "0" />
		<Point X = "205" Y = "267" T = "0" Pressure = "0" />
		<Point X = "205" Y = "264" T = "0" Pressure = "0" />
		<Point X = "207" Y = "261" T = "0" Pressure = "0" />
		<Point X = "208" Y = "259" T = "0" Pressure = "0" />
		<Point X = "208" Y = "257" T = "0" Pressure = "0" />
		<Point X = "209" Y = "255" T = "0" Pressure = "0" />
		<Point X = "209" Y = "253" T = "0" Pressure = "0" />
		<Point X = "211" Y = "250" T = "0" Pressure = "0" />
		<Point X = "212" Y = "247" T = "0" Pressure = "0" />
		<Point X = "212" Y = "244" T = "0" Pressure = "0" />
		<Point X = "212" Y = "241" T = "0" Pressure = "0" />
		<Point X = "212" Y = "238" T = "0" Pressure = "0" />
		<Point X = "212" Y = "236" T = "0" Pressure = "0" />
		<Point X = "212" Y = "234" T = "0" Pressure = "0" />
		<Point X = "212" Y = "233" T = "0" Pressure = "0" />
		<Point X = "212" Y = "230" T = "0" Pressure = "0" />
		<Point X = "212" Y = "227" T = "0" Pressure = "0" />
		<Point X = "212" Y = "225" T = "0" Pressure = "0" />
		<Point X = "212" Y = "222" T = "0" Pressure = "0" />
		<Point X = "212" Y = "219" T = "0" Pressure = "0" />
		<Point X = "212" Y = "218" T = "0" Pressure = "0" />
		<Point X = "212" Y = "215" T = "0" Pressure = "0" />
		<Point X = "211" Y = "213" T = "0" Pressure = "0" />
		<Point X = "210" Y = "211" T = "0" Pressure = "0" />
		<Point X = "207" Y = "210" T = "0" Pressure = "0" />
		<Point X = "204" Y = "209" T = "0" Pressure = "0" />
		<Point X = "201" Y = "209" T = "0" Pressure = "0" />
		<Point X = "200" Y = "208" T = "0" Pressure = "0" />
		<Point X = "198" Y = "208" T = "0" Pressure = "0" />
		<Point X = "196" Y = "208" T = "0" Pressure = "0" />
		<Point X = "194" Y = "208" T = "0" Pressure = "0" />
		<Point X = "193" Y = "208" T = "0" Pressure = "0" />
		<Point X = "191" Y = "208" T = "0" Pressure = "0" />
		<Point X = "189" Y = "208" T = "0" Pressure = "0" />
		<Point X = "188" Y = "208" T = "0" Pressure = "0" />
		<Point X = "186" Y = "208" T = "0" Pressure = "0" />
		<Point X = "185" Y = "208" T = "0" Pressure = "0" />
		<Point X = "184" Y = "209" T = "0" Pressure = "0" />
		<Point X = "181" Y = "211" T = "0" Pressure = "0" />
		<Point X = "181" Y = "212" T = "0" Pressure = "0" />
		<Point X = "180" Y = "213" T = "0" Pressure = "0" />
		<Point X = "179" Y = "215" T = "0" Pressure = "0" />
		<Point X = "178" Y = "216" T = "0" Pressure = "0" />
		<Point X = "177" Y = "218" T = "0" Pressure = "0" />
		<Point X = "177" Y = "221" T = "0" Pressure = "0" />
		<Point X = "177" Y = "222" T = "0" Pressure = "0" />
		<Point X = "177" Y = "224" T = "0" Pressure = "0" />
		<Point X = "177" Y = "225" T = "0" Pressure = "0" />
		<Point X = "177" Y = "228" T = "0" Pressure = "0" />
		<Point X = "177" Y = "230" T = "0" Pressure = "0" />
		<Point X = "177" Y = "233" T = "0" Pressure = "0" />
		<Point X = "177" Y = "235" T = "0" Pressure = "0" />
		<Point X = "178" Y = "238" T = "0" Pressure = "0" />
		<Point X = "180" Y = "241" T = "0" Pressure = "0" />
		<Point X = "180" Y = "244" T = "0" Pressure = "0" />
		<Point X = "181" Y = "247" T = "0" Pressure = "0" />
		<Point X = "183" Y = "248" T = "0" Pressure = "0" />
		<Point X = "183" Y = "251" T = "0" Pressure = "0" />
		<Point X = "184" Y = "251" T = "0" Pressure = "0" />
		<Point X = "184" Y = "252" T = "0" Pressure = "0" />
		<Point X = "185" Y = "254" T = "0" Pressure = "0" />
		<Point X = "185" Y = "256" T = "0" Pressure = "0" />
		<Point X = "186" Y = "256" T = "0" Pressure = "0" />
		<Point X = "188" Y = "257" T = "0" Pressure = "0" />
		<Point X = "189" Y = "257" T = "0" Pressure = "0" />
		<Point X = "190" Y = "257" T = "0" Pressure = "0" />
		<Point X = "191" Y = "257" T = "0" Pressure = "0" />
		<Point X = "192" Y = "257" T = "0" Pressure = "0" />
		<Point X = "194" Y = "257" T = "0" Pressure = "0" />
		<Point X = "196" Y = "257" T = "0" Pressure = "0" />
		<Point X = "197" Y = "255" T = "0" Pressure = "0" />
		<Point X = "197" Y = "253" T = "0" Pressure = "0" />
		<Point X = "197" Y = "251" T = "0" Pressure = "0" />
		<Point X = "199" Y = "249" T = "0" Pressure = "0" />
		<Point X = "199" Y = "247" T = "0" Pressure = "0" />
		<Point X = "199" Y = "245" T = "0" Pressure = "0" />
		<Point X = "199" Y = "244" T = "0" Pressure = "0" />
		<Point X = "199" Y = "243" T = "0" Pressure = "0" />
		<Point X = "199" Y = "242" T = "0" Pressure = "0" />
		<Point X = "199" Y = "240" T = "0" Pressure = "0" />
		<Point X = "199" Y = "238" T = "0" Pressure = "0" />
		<Point X = "199" Y = "237" T = "0" Pressure = "0" />
		<Point X = "199" Y = "236" T = "0" Pressure = "0" />
		<Point X = "199" Y = "235" T = "0" Pressure = "0" />
		<Point X = "199" Y = "233" T = "0" Pressure = "0" />
		<Point X = "199" Y = "232" T = "0" Pressure = "0" />
		<Point X = "199" Y = "231" T = "0" Pressure = "0" />
		<Point X = "197" Y = "231" T = "0" Pressure = "0" />
		<Point X = "196" Y = "231" T = "0" Pressure = "0" />
		<Point X = "195" Y = "231" T = "0" Pressure = "0" />
		<Point X = "194" Y = "231" T = "0" Pressure = "0" />
		<Point X = "193" Y = "231" T = "0" Pressure = "0" />
		<Point X = "192" Y = "231" T = "0" Pressure = "0" />
		<Point X = "191" Y = "231" T = "0" Pressure = "0" />
		<Point X = "190" Y = "231" T = "0" Pressure = "0" />
		<Point X = "190" Y = "232" T = "0" Pressure = "0" />
		<Point X = "189" Y = "232" T = "0" Pressure = "0" />
		<Point X = "188" Y = "233" T = "0" Pressure = "0" />
		<Point X = "188" Y = "234" T = "0" Pressure = "0" />
		<Point X = "188" Y = "235" T = "0" Pressure = "0" />
		<Point X = "188" Y = "236" T = "0" Pressure = "0" />
		<Point X = "188" Y = "237" T = "0" Pressure = "0" />
		<Point X = "188" Y = "238" T = "0" Pressure = "0" />
	</Stroke>
</Gesture>
