<?xml version="1.0" encoding="utf-8" standalone="yes"?>
<Gesture Name = "spiral">
	<Stroke>
		<Point X = "179" Y = "122" T = "0" Pressure = "0" />
		<Point X = "180" Y = "122" T = "0" Pressure = "0" />
		<Point X = "181" Y = "122" T = "0" Pressure = "0" />
		<Point X = "182" Y = "122" T = "0" Pressure = "0" />
		<Point X = "185" Y = "122" T = "0" Pressure = "0" />
		<Point X = "188" Y = "122" T = "0" Pressure = "0" />
		<Point X = "195" Y = "122" T = "0" Pressure = "0" />
		<Point X = "204" Y = "122" T = "0" Pressure = "0" />
		<Point X = "215" Y = "124" T = "0" Pressure = "0" />
		<Point X = "229" Y = "127" T = "0" Pressure = "0" />
		<Point X = "243" Y = "132" T = "0" Pressure = "0" />
		<Point X = "254" Y = "135" T = "0" Pressure = "0" />
		<Point X = "262" Y = "137" T = "0" Pressure = "0" />
		<Point X = "267" Y = "138" T = "0" Pressure = "0" />
		<Point X = "272" Y = "142" T = "0" Pressure = "0" />
		<Point X = "275" Y = "143" T = "0" Pressure = "0" />
		<Point X = "279" Y = "147" T = "0" Pressure = "0" />
		<Point X = "281" Y = "148" T = "0" Pressure = "0" />
		<Point X = "284" Y = "151" T = "0" Pressure = "0" />
		<Point X = "286" Y = "155" T = "0" Pressure = "0" />
		<Point X = "289" Y = "160" T = "0" Pressure = "0" />
		<Point X = "293" Y = "167" T = "0" Pressure = "0" />
		<Point X = "295" Y = "173" T = "0" Pressure = "0" />
		<Point X = "298" Y = "180" T = "0" Pressure = "0" />
		<Point X = "298" Y = "183" T = "0" Pressure = "0" />
		<Point X = "299" Y = "189" T = "0" Pressure = "0" />
		<Point X = "300" Y = "196" T = "0" Pressure = "0" />
		<Point X = "300" Y = "203" T = "0" Pressure = "0" />
		<Point X = "300" Y = "211" T = "0" Pressure = "0" />
		<Point X = "300" Y = "218" T = "0" Pressure = "0" />
		<Point X = "300" Y = "222" T = "0" Pressure = "0" />
		<Point X = "300" Y = "227" T = "0" Pressure = "0" />
		<Point X = "300" Y = "230" T = "0" Pressure = "0" />
		<Point X = "299" Y = "233" T = "0" Pressure = "0" />
		<Point X = "298" Y = "235" T = "0" Pressure = "0" />
		<Point X = "296" Y = "238" T = "0" Pressure = "0" />
		<Point X = "295" Y = "240" T = "0" Pressure = "0" />
		<Point X = "292" Y = "242" T = "0" Pressure = "0" />
		<Point X = "290" Y = "244" T = "0" Pressure = "0" />
		<Point X = "287" Y = "246" T = "0" Pressure = "0" />
		<Point X = "281" Y = "248" T = "0" Pressure = "0" />
		<Point X = "276" Y = "251" T = "0" Pressure = "0" />
		<Point X = "270" Y = "254" T = "0" Pressure = "0" />
		<Point X = "262" Y = "258" T = "0" Pressure = "0" />
		<Point X = "256" Y = "262" T = "0" Pressure = "0" />
		<Point X = "252" Y = "264" T = "0" Pressure = "0" />
		<Point X = "248" Y = "266" T = "0" Pressure = "0" />
		<Point X = "245" Y = "267" T = "0" Pressure = "0" />
		<Point X = "244" Y = "267" T = "0" Pressure = "0" />
		<Point X = "241" Y = "267" T = "0" Pressure = "0" />
		<Point X = "238" Y = "267" T = "0" Pressure = "0" />
		<Point X = "235" Y = "267" T = "0" Pressure = "0" />
		<Point X = "232" Y = "267" T = "0" Pressure = "0" />
		<Point X = "228" Y = "267" T = "0" Pressure = "0" />
		<Point X = "223" Y = "267" T = "0" Pressure = "0" />
		<Point X = "220" Y = "267" T = "0" Pressure = "0" />
		<Point X = "216" Y = "267" T = "0" Pressure = "0" />
		<Point X = "211" Y = "267" T = "0" Pressure = "0" />
		<Point X = "209" Y = "267" T = "0" Pressure = "0" />
		<Point X = "206" Y = "265" T = "0" Pressure = "0" />
		<Point X = "202" Y = "261" T = "0" Pressure = "0" />
		<Point X = "199" Y = "258" T = "0" Pressure = "0" />
		<Point X = "196" Y = "252" T = "0" Pressure = "0" />
		<Point X = "191" Y = "246" T = "0" Pressure = "0" />
		<Point X = "186" Y = "241" T = "0" Pressure = "0" />
		<Point X = "181" Y = "234" T = "0" Pressure = "0" />
		<Point X = "177" Y = "228" T = "0" Pressure = "0" />
		<Point X = "174" Y = "225" T = "0" Pressure = "0" />
		<Point X = "171" Y = "220" T = "0" Pressure = "0" />
		<Point X = "168" Y = "216" T = "0" Pressure = "0" />
		<Point X = "167" Y = "212" T = "0" Pressure = "0" />
		<Point X = "164" Y = "207" T = "0" Pressure = "0" />
		<Point X = "162" Y = "201" T = "0" Pressure = "0" />
		<Point X = "159" Y = "194" T = "0" Pressure = "0" />
		<Point X = "158" Y = "189" T = "0" Pressure = "0" />
		<Point X = "155" Y = "184" T = "0" Pressure = "0" />
		<Point X = "155" Y = "180" T = "0" Pressure = "0" />
		<Point X = "155" Y = "178" T = "0" Pressure = "0" />
		<Point X = "155" Y = "175" T = "0" Pressure = "0" />
		<Point X = "157" Y = "171" T = "0" Pressure = "0" />
		<Point X = "160" Y = "169" T = "0" Pressure = "0" />
		<Point X = "162" Y = "167" T = "0" Pressure = "0" />
		<Point X = "163" Y = "166" T = "0" Pressure = "0" />
		<Point X = "166" Y = "165" T = "0" Pressure = "0" />
		<Point X = "167" Y = "163" T = "0" Pressure = "0" />
		<Point X = "169" Y = "162" T = "0" Pressure = "0" />
		<Point X = "172" Y = "162" T = "0" Pressure = "0" />
		<Point X = "176" Y = "161" T = "0" Pressure = "0" />
		<Point X = "183" Y = "160" T = "0" Pressure = "0" />
		<Point X = "190" Y = "159" T = "0" Pressure = "0" />
		<Point X = "198" Y = "159" T = "0" Pressure = "0" />
		<Point X = "205" Y = "159" T = "0" Pressure = "0" />
		<Point X = "213" Y = "159" T = "0" Pressure = "0" />
		<Point X = "219" Y = "159" T = "0" Pressure = "0" />
		<Point X = "223" Y = "159" T = "0" Pressure = "0" />
		<Point X = "226" Y = "159" T = "0" Pressure = "0" />
		<Point X = "229" Y = "159" T = "0" Pressure = "0" />
		<Point X = "231" Y = "159" T = "0" Pressure = "0" />
		<Point X = "233" Y = "159" T = "0" Pressure = "0" />
		<Point X = "234" Y = "159" T = "0" Pressure = "0" />
		<Point X = "236" Y = "159" T = "0" Pressure = "0" />
		<Point X = "238" Y = "159" T = "0" Pressure = "0" />
		<Point X = "241" Y = "159" T = "0" Pressure = "0" />
		<Point X = "246" Y = "160" T = "0" Pressure = "0" />
		<Point X = "252" Y = "165" T = "0" Pressure = "0" />
		<Point X = "259" Y = "169" T = "0" Pressure = "0" />
		<Point X = "263" Y = "172" T = "0" Pressure = "0" />
		<Point X = "266" Y = "173" T = "0" Pressure = "0" />
		<Point X = "267" Y = "175" T = "0" Pressure = "0" />
		<Point X = "269" Y = "176" T = "0" Pressure = "0" />
		<Point X = "269" Y = "177" T = "0" Pressure = "0" />
		<Point X = "270" Y = "181" T = "0" Pressure = "0" />
		<Point X = "272" Y = "184" T = "0" Pressure = "0" />
		<Point X = "272" Y = "186" T = "0" Pressure = "0" />
		<Point X = "272" Y = "190" T = "0" Pressure = "0" />
		<Point X = "272" Y = "193" T = "0" Pressure = "0" />
		<Point X = "272" Y = "196" T = "0" Pressure = "0" />
		<Point X = "272" Y = "199" T = "0" Pressure = "0" />
		<Point X = "272" Y = "202" T = "0" Pressure = "0" />
		<Point X = "272" Y = "206" T = "0" Pressure = "0" />
		<Point X = "272" Y = "210" T = "0" Pressure = "0" />
		<Point X = "272" Y = "213" T = "0" Pressure = "0" />
		<Point X = "272" Y = "217" T = "0" Pressure = "0" />
		<Point X = "272" Y = "220" T = "0" Pressure = "0" />
		<Point X = "270" Y = "224" T = "0" Pressure = "0" />
		<Point X = "267" Y = "227" T = "0" Pressure = "0" />
		<Point X = "264" Y = "230" T = "0" Pressure = "0" />
		<Point X = "260" Y = "233" T = "0" Pressure = "0" />
		<Point X = "257" Y = "233" T = "0" Pressure = "0" />
		<Point X = "257" Y = "234" T = "0" Pressure = "0" />
		<Point X = "256" Y = "234" T = "0" Pressure = "0" />
		<Point X = "254" Y = "234" T = "0" Pressure = "0" />
		<Point X = "253" Y = "235" T = "0" Pressure = "0" />
		<Point X = "252" Y = "235" T = "0" Pressure = "0" />
		<Point X = "250" Y = "235" T = "0" Pressure = "0" />
		<Point X = "249" Y = "235" T = "0" Pressure = "0" />
		<Point X = "246" Y = "235" T = "0" Pressure = "0" />
		<Point X = "243" Y = "235" T = "0" Pressure = "0" />
		<Point X = "241" Y = "235" T = "0" Pressure = "0" />
		<Point X = "239" Y = "235" T = "0" Pressure = "0" />
		<Point X = "236" Y = "235" T = "0" Pressure = "0" />
		<Point X = "232" Y = "233" T = "0" Pressure = "0" />
		<Point X = "230" Y = "231" T = "0" Pressure = "0" />
		<Point X = "226" Y = "229" T = "0" Pressure = "0" />
		<Point X = "224" Y = "227" T = "0" Pressure = "0" />
		<Point X = "222" Y = "224" T = "0" Pressure = "0" />
		<Point X = "219" Y = "223" T = "0" Pressure = "0" />
		<Point X = "216" Y = "220" T = "0" Pressure = "0" />
		<Point X = "214" Y = "219" T = "0" Pressure = "0" />
		<Point X = "211" Y = "217" T = "0" Pressure = "0" />
		<Point X = "209" Y = "216" T = "0" Pressure = "0" />
		<Point X = "208" Y = "215" T = "0" Pressure = "0" />
		<Point X = "206" Y = "213" T = "0" Pressure = "0" />
		<Point X = "205" Y = "208" T = "0" Pressure = "0" />
		<Point X = "205" Y = "205" T = "0" Pressure = "0" />
		<Point X = "205" Y = "201" T = "0" Pressure = "0" />
		<Point X = "205" Y = "198" T = "0" Pressure = "0" />
		<Point X = "205" Y = "194" T = "0" Pressure = "0" />
		<Point X = "205" Y = "192" T = "0" Pressure = "0" />
		<Point X = "205" Y = "190" T = "0" Pressure = "0" />
		<Point X = "205" Y = "188" T = "0" Pressure = "0" />
		<Point X = "205" Y = "187" T = "0" Pressure = "0" />
		<Point X = "205" Y = "186" T = "0" Pressure = "0" />
		<Point X = "205" Y = "185" T = "0" Pressure = "0" />
		<Point X = "206" Y = "185" T = "0" Pressure = "0" />
		<Point X = "209" Y = "183" T = "0" Pressure = "0" />
		<Point X = "211" Y = "182" T = "0" Pressure = "0" />
		<Point X = "214" Y = "182" T = "0" Pressure = "0" />
		<Point X = "219" Y = "180" T = "0" Pressure = "0" />
		<Point X = "221" Y = "179" T = "0" Pressure = "0" />
		<Point X = "223" Y = "178" T = "0" Pressure = "0" />
		<Point X = "225" Y = "178" T = "0" Pressure = "0" />
		<Point X = "227" Y = "178" T = "0" Pressure = "0" />
		<Point X = "229" Y = "177" T = "0" Pressure = "0" />
		<Point X = "230" Y = "177" T = "0" Pressure = "0" />
		<Point X = "232" Y = "177" T = "0" Pressure = "0" />
		<Point X = "234" Y = "177" T = "0" Pressure = "0" />
		<Point X = "237" Y = "177" T = "0" Pressure = "0" />
		<Point X = "238" Y = "177" T = "0" Pressure = "0" />
		<Point X = "241" Y = "180" T = "0" Pressure = "0" />
		<Point X = "242" Y = "182" T = "0" Pressure = "0" />
		<Point X = "244" Y = "183" T = "0" Pressure = "0" />
		<Point X = "247" Y = "186" T = "0" Pressure = "0" />
		<Point X = "248" Y = "186" T = "0" Pressure = "0" />
		<Point X = "250" Y = "187" T = "0" Pressure = "0" />
		<Point X = "251" Y = "188" T = "0" Pressure = "0" />
		<Point X = "252" Y = "189" T = "0" Pressure = "0" />
		<Point X = "252" Y = "190" T = "0" Pressure = "0" />
		<Point X = "252" Y = "192" T = "0" Pressure = "0" />
		<Point X = "252" Y = "193" T = "0" Pressure = "0" />
		<Point X = "252" Y = "195" T = "0" Pressure = "0" />
		<Point X = "252" Y = "197" T = "0" Pressure = "0" />
		<Point X = "252" Y = "199" T = "0" Pressure = "0" />
		<Point X = "252" Y = "200" T = "0" Pressure = "0" />
		<Point X = "252" Y = "201" T = "0" Pressure = "0" />
		<Point X = "251" Y = "202" T = "0" Pressure = "0" />
		<Point X = "250" Y = "203" T = "0" Pressure = "0" />
		<Point X = "249" Y = "203" T = "0" Pressure = "0" />
		<Point X = "249" Y = "204" T = "0" Pressure = "0" />
		<Point X = "248" Y = "204" T = "0" Pressure = "0" />
		<Point X = "247" Y = "204" T = "0" Pressure = "0" />
		<Point X = "245" Y = "205" T = "0" Pressure = "0" />
		<Point X = "244" Y = "206" T = "0" Pressure = "0" />
		<Point X = "243" Y = "206" T = "0" Pressure = "0" />
		<Point X = "242" Y = "206" T = "0" Pressure = "0" />
		<Point X = "240" Y = "206" T = "0" Pressure = "0" />
		<Point X = "238" Y = "206" T = "0" Pressure = "0" />
		<Point X = "237" Y = "206" T = "0" Pressure = "0" />
		<Point X = "235" Y = "206" T = "0" Pressure = "0" />
		<Point X = "234" Y = "206" T = "0" Pressure = "0" />
		<Point X = "233" Y = "206" T = "0" Pressure = "0" />
		<Point X = "232" Y = "205" T = "0" Pressure = "0" />
		<Point X = "232" Y = "204" T = "0" Pressure = "0" />
		<Point X = "232" Y = "203" T = "0" Pressure = "0" />
		<Point X = "232" Y = "202" T = "0" Pressure = "0" />
		<Point X = "232" Y = "201" T = "0" Pressure = "0" />
		<Point X = "232" Y = "200" T = "0" Pressure = "0" />
		<Point X = "232" Y = "199" T = "0" Pressure = "0" />
		<Point X = "232" Y = "197" T = "0" Pressure = "0" />
		<Point X = "232" Y = "196" T = "0" Pressure = "0" />
		<Point X = "232" Y = "195" T = "0" Pressure = "0" />
		<Point X = "233" Y = "193" T = "0" Pressure = "0" />
	</Stroke>
</Gesture>
