<?xml version="1.0" encoding="utf-8" standalone="yes"?>
<Gesture Name = "spiral">
	<Stroke>
		<Point X = "314" Y = "67" T = "0" Pressure = "0" />
		<Point X = "309" Y = "66" T = "0" Pressure = "0" />
		<Point X = "303" Y = "66" T = "0" Pressure = "0" />
		<Point X = "291" Y = "65" T = "0" Pressure = "0" />
		<Point X = "273" Y = "61" T = "0" Pressure = "0" />
		<Point X = "255" Y = "59" T = "0" Pressure = "0" />
		<Point X = "231" Y = "56" T = "0" Pressure = "0" />
		<Point X = "210" Y = "53" T = "0" Pressure = "0" />
		<Point X = "195" Y = "53" T = "0" Pressure = "0" />
		<Point X = "182" Y = "53" T = "0" Pressure = "0" />
		<Point X = "171" Y = "53" T = "0" Pressure = "0" />
		<Point X = "161" Y = "53" T = "0" Pressure = "0" />
		<Point X = "152" Y = "55" T = "0" Pressure = "0" />
		<Point X = "144" Y = "59" T = "0" Pressure = "0" />
		<Point X = "136" Y = "63" T = "0" Pressure = "0" />
		<Point X = "130" Y = "67" T = "0" Pressure = "0" />
		<Point X = "124" Y = "71" T = "0" Pressure = "0" />
		<Point X = "121" Y = "72" T = "0" Pressure = "0" />
		<Point X = "117" Y = "74" T = "0" Pressure = "0" />
		<Point X = "115" Y = "76" T = "0" Pressure = "0" />
		<Point X = "114" Y = "76" T = "0" Pressure = "0" />
		<Point X = "111" Y = "79" T = "0" Pressure = "0" />
		<Point X = "110" Y = "81" T = "0" Pressure = "0" />
		<Point X = "108" Y = "83" T = "0" Pressure = "0" />
		<Point X = "107" Y = "87" T = "0" Pressure = "0" />
		<Point X = "103" Y = "96" T = "0" Pressure = "0" />
		<Point X = "101" Y = "103" T = "0" Pressure = "0" />
		<Point X = "100" Y = "112" T = "0" Pressure = "0" />
		<Point X = "98" Y = "119" T = "0" Pressure = "0" />
		<Point X = "97" Y = "127" T = "0" Pressure = "0" />
		<Point X = "96" Y = "134" T = "0" Pressure = "0" />
		<Point X = "96" Y = "142" T = "0" Pressure = "0" />
		<Point X = "96" Y = "149" T = "0" Pressure = "0" />
		<Point X = "96" Y = "154" T = "0" Pressure = "0" />
		<Point X = "97" Y = "157" T = "0" Pressure = "0" />
		<Point X = "99" Y = "159" T = "0" Pressure = "0" />
		<Point X = "103" Y = "165" T = "0" Pressure = "0" />
		<Point X = "104" Y = "169" T = "0" Pressure = "0" />
		<Point X = "108" Y = "175" T = "0" Pressure = "0" />
		<Point X = "111" Y = "181" T = "0" Pressure = "0" />
		<Point X = "113" Y = "182" T = "0" Pressure = "0" />
		<Point X = "114" Y = "185" T = "0" Pressure = "0" />
		<Point X = "117" Y = "188" T = "0" Pressure = "0" />
		<Point X = "121" Y = "192" T = "0" Pressure = "0" />
		<Point X = "123" Y = "195" T = "0" Pressure = "0" />
		<Point X = "127" Y = "199" T = "0" Pressure = "0" />
		<Point X = "132" Y = "202" T = "0" Pressure = "0" />
		<Point X = "134" Y = "203" T = "0" Pressure = "0" />
		<Point X = "139" Y = "206" T = "0" Pressure = "0" />
		<Point X = "143" Y = "207" T = "0" Pressure = "0" />
		<Point X = "146" Y = "207" T = "0" Pressure = "0" />
		<Point X = "149" Y = "208" T = "0" Pressure = "0" />
		<Point X = "153" Y = "208" T = "0" Pressure = "0" />
		<Point X = "160" Y = "209" T = "0" Pressure = "0" />
		<Point X = "169" Y = "211" T = "0" Pressure = "0" />
		<Point X = "180" Y = "213" T = "0" Pressure = "0" />
		<Point X = "193" Y = "216" T = "0" Pressure = "0" />
		<Point X = "206" Y = "219" T = "0" Pressure = "0" />
		<Point X = "218" Y = "220" T = "0" Pressure = "0" />
		<Point X = "228" Y = "220" T = "0" Pressure = "0" />
		<Point X = "231" Y = "220" T = "0" Pressure = "0" />
		<Point X = "235" Y = "220" T = "0" Pressure = "0" />
		<Point X = "239" Y = "215" T = "0" Pressure = "0" />
		<Point X = "241" Y = "208" T = "0" Pressure = "0" />
		<Point X = "244" Y = "202" T = "0" Pressure = "0" />
		<Point X = "247" Y = "198" T = "0" Pressure = "0" />
		<Point X = "252" Y = "193" T = "0" Pressure = "0" />
		<Point X = "255" Y = "191" T = "0" Pressure = "0" />
		<Point X = "260" Y = "188" T = "0" Pressure = "0" />
		<Point X = "262" Y = "186" T = "0" Pressure = "0" />
		<Point X = "266" Y = "183" T = "0" Pressure = "0" />
		<Point X = "268" Y = "181" T = "0" Pressure = "0" />
		<Point X = "269" Y = "179" T = "0" Pressure = "0" />
		<Point X = "271" Y = "176" T = "0" Pressure = "0" />
		<Point X = "271" Y = "171" T = "0" Pressure = "0" />
		<Point X = "271" Y = "167" T = "0" Pressure = "0" />
		<Point X = "271" Y = "160" T = "0" Pressure = "0" />
		<Point X = "271" Y = "152" T = "0" Pressure = "0" />
		<Point X = "271" Y = "146" T = "0" Pressure = "0" />
		<Point X = "271" Y = "142" T = "0" Pressure = "0" />
		<Point X = "268" Y = "136" T = "0" Pressure = "0" />
		<Point X = "266" Y = "132" T = "0" Pressure = "0" />
		<Point X = "263" Y = "127" T = "0" Pressure = "0" />
		<Point X = "261" Y = "125" T = "0" Pressure = "0" />
		<Point X = "259" Y = "124" T = "0" Pressure = "0" />
		<Point X = "257" Y = "124" T = "0" Pressure = "0" />
		<Point X = "255" Y = "123" T = "0" Pressure = "0" />
		<Point X = "252" Y = "123" T = "0" Pressure = "0" />
		<Point X = "247" Y = "121" T = "0" Pressure = "0" />
		<Point X = "240" Y = "119" T = "0" Pressure = "0" />
		<Point X = "230" Y = "116" T = "0" Pressure = "0" />
		<Point X = "218" Y = "112" T = "0" Pressure = "0" />
		<Point X = "208" Y = "109" T = "0" Pressure = "0" />
		<Point X = "198" Y = "107" T = "0" Pressure = "0" />
		<Point X = "192" Y = "105" T = "0" Pressure = "0" />
		<Point X = "189" Y = "104" T = "0" Pressure = "0" />
		<Point X = "188" Y = "103" T = "0" Pressure = "0" />
		<Point X = "187" Y = "103" T = "0" Pressure = "0" />
		<Point X = "186" Y = "103" T = "0" Pressure = "0" />
		<Point X = "185" Y = "103" T = "0" Pressure = "0" />
		<Point X = "182" Y = "103" T = "0" Pressure = "0" />
		<Point X = "181" Y = "103" T = "0" Pressure = "0" />
		<Point X = "177" Y = "104" T = "0" Pressure = "0" />
		<Point X = "176" Y = "106" T = "0" Pressure = "0" />
		<Point X = "172" Y = "109" T = "0" Pressure = "0" />
		<Point X = "170" Y = "111" T = "0" Pressure = "0" />
		<Point X = "169" Y = "115" T = "0" Pressure = "0" />
		<Point X = "168" Y = "117" T = "0" Pressure = "0" />
		<Point X = "165" Y = "121" T = "0" Pressure = "0" />
		<Point X = "164" Y = "124" T = "0" Pressure = "0" />
		<Point X = "163" Y = "129" T = "0" Pressure = "0" />
		<Point X = "163" Y = "130" T = "0" Pressure = "0" />
		<Point X = "162" Y = "136" T = "0" Pressure = "0" />
		<Point X = "162" Y = "138" T = "0" Pressure = "0" />
		<Point X = "162" Y = "142" T = "0" Pressure = "0" />
		<Point X = "162" Y = "146" T = "0" Pressure = "0" />
		<Point X = "162" Y = "151" T = "0" Pressure = "0" />
		<Point X = "163" Y = "154" T = "0" Pressure = "0" />
		<Point X = "165" Y = "157" T = "0" Pressure = "0" />
		<Point X = "166" Y = "159" T = "0" Pressure = "0" />
		<Point X = "168" Y = "159" T = "0" Pressure = "0" />
		<Point X = "170" Y = "161" T = "0" Pressure = "0" />
		<Point X = "172" Y = "162" T = "0" Pressure = "0" />
		<Point X = "174" Y = "163" T = "0" Pressure = "0" />
		<Point X = "175" Y = "163" T = "0" Pressure = "0" />
		<Point X = "176" Y = "164" T = "0" Pressure = "0" />
		<Point X = "179" Y = "165" T = "0" Pressure = "0" />
		<Point X = "181" Y = "166" T = "0" Pressure = "0" />
		<Point X = "183" Y = "167" T = "0" Pressure = "0" />
		<Point X = "186" Y = "167" T = "0" Pressure = "0" />
		<Point X = "187" Y = "167" T = "0" Pressure = "0" />
		<Point X = "188" Y = "167" T = "0" Pressure = "0" />
		<Point X = "190" Y = "167" T = "0" Pressure = "0" />
		<Point X = "192" Y = "167" T = "0" Pressure = "0" />
		<Point X = "194" Y = "167" T = "0" Pressure = "0" />
		<Point X = "197" Y = "167" T = "0" Pressure = "0" />
		<Point X = "199" Y = "167" T = "0" Pressure = "0" />
		<Point X = "200" Y = "167" T = "0" Pressure = "0" />
		<Point X = "201" Y = "167" T = "0" Pressure = "0" />
		<Point X = "202" Y = "167" T = "0" Pressure = "0" />
		<Point X = "205" Y = "166" T = "0" Pressure = "0" />
		<Point X = "207" Y = "164" T = "0" Pressure = "0" />
		<Point X = "208" Y = "160" T = "0" Pressure = "0" />
		<Point X = "209" Y = "158" T = "0" Pressure = "0" />
		<Point X = "211" Y = "154" T = "0" Pressure = "0" />
		<Point X = "212" Y = "152" T = "0" Pressure = "0" />
		<Point X = "213" Y = "150" T = "0" Pressure = "0" />
		<Point X = "214" Y = "149" T = "0" Pressure = "0" />
		<Point X = "214" Y = "147" T = "0" Pressure = "0" />
		<Point X = "214" Y = "146" T = "0" Pressure = "0" />
		<Point X = "214" Y = "144" T = "0" Pressure = "0" />
		<Point X = "214" Y = "142" T = "0" Pressure = "0" />
		<Point X = "212" Y = "140" T = "0" Pressure = "0" />
		<Point X = "211" Y = "138" T = "0" Pressure = "0" />
		<Point X = "210" Y = "138" T = "0" Pressure = "0" />
		<Point X = "208" Y = "136" T = "0" Pressure = "0" />
		<Point X = "207" Y = "136" T = "0" Pressure = "0" />
		<Point X = "206" Y = "136" T = "0" Pressure = "0" />
		<Point X = "205" Y = "136" T = "0" Pressure = "0" />
		<Point X = "203" Y = "136" T = "0" Pressure = "0" />
		<Point X = "202" Y = "136" T = "0" Pressure = "0" />
		<Point X = "201" Y = "136" T = "0" Pressure = "0" />
		<Point X = "200" Y = "136" T = "0" Pressure = "0" />
		<Point X = "199" Y = "136" T = "0" Pressure = "0" />
		<Point X = "198" Y = "136" T = "0" Pressure = "0" />
		<Point X = "197" Y = "136" T = "0" Pressure = "0" />
		<Point X = "196" Y = "136" T = "0" Pressure = "0" />
		<Point X = "194" Y = "136" T = "0" Pressure = "0" />
		<Point X = "194" Y = "137" T = "0" Pressure = "0" />
		<Point X = "193" Y = "137" T = "0" Pressure = "0" />
		<Point X = "193" Y = "138" T = "0" Pressure = "0" />
		<Point X = "192" Y = "139" T = "0" Pressure = "0" />
		<Point X = "191" Y = "141" T = "0" Pressure = "0" />
		<Point X = "191" Y = "142" T = "0" Pressure = "0" />
		<Point X = "190" Y = "143" T = "0" Pressure = "0" />
		<Point X = "189" Y = "145" T = "0" Pressure = "0" />
		<Point X = "189" Y = "146" T = "0" Pressure = "0" />
		<Point X = "189" Y = "147" T = "0" Pressure = "0" />
		<Point X = "189" Y = "149" T = "0" Pressure = "0" />
		<Point X = "189" Y = "150" T = "0" Pressure = "0" />
		<Point X = "189" Y = "152" T = "0" Pressure = "0" />
		<Point X = "188" Y = "153" T = "0" Pressure = "0" />
		<Point X = "187" Y = "154" T = "0" Pressure = "0" />
	</Stroke>
</Gesture>
