<?xml version="1.0" encoding="utf-8" standalone="yes"?>
<Gesture Name = "spiral">
	<Stroke>
		<Point X = "200" Y = "85" T = "0" Pressure = "0" />
		<Point X = "216" Y = "85" T = "0" Pressure = "0" />
		<Point X = "229" Y = "85" T = "0" Pressure = "0" />
		<Point X = "241" Y = "87" T = "0" Pressure = "0" />
		<Point X = "248" Y = "87" T = "0" Pressure = "0" />
		<Point X = "254" Y = "87" T = "0" Pressure = "0" />
		<Point X = "255" Y = "87" T = "0" Pressure = "0" />
		<Point X = "257" Y = "87" T = "0" Pressure = "0" />
		<Point X = "258" Y = "87" T = "0" Pressure = "0" />
		<Point X = "262" Y = "90" T = "0" Pressure = "0" />
		<Point X = "266" Y = "92" T = "0" Pressure = "0" />
		<Point X = "272" Y = "100" T = "0" Pressure = "0" />
		<Point X = "278" Y = "110" T = "0" Pressure = "0" />
		<Point X = "285" Y = "120" T = "0" Pressure = "0" />
		<Point X = "295" Y = "137" T = "0" Pressure = "0" />
		<Point X = "303" Y = "153" T = "0" Pressure = "0" />
		<Point X = "310" Y = "165" T = "0" Pressure = "0" />
		<Point X = "316" Y = "177" T = "0" Pressure = "0" />
		<Point X = "320" Y = "187" T = "0" Pressure = "0" />
		<Point X = "325" Y = "196" T = "0" Pressure = "0" />
		<Point X = "326" Y = "204" T = "0" Pressure = "0" />
		<Point X = "329" Y = "212" T = "0" Pressure = "0" />
		<Point X = "330" Y = "216" T = "0" Pressure = "0" />
		<Point X = "330" Y = "220" T = "0" Pressure = "0" />
		<Point X = "330" Y = "225" T = "0" Pressure = "0" />
		<Point X = "330" Y = "229" T = "0" Pressure = "0" />
		<Point X = "330" Y = "232" T = "0" Pressure = "0" />
		<Point X = "330" Y = "237" T = "0" Pressure = "0" />
		<Point X = "329" Y = "242" T = "0" Pressure = "0" />
		<Point X = "328" Y = "245" T = "0" Pressure = "0" />
		<Point X = "325" Y = "250" T = "0" Pressure = "0" />
		<Point X = "323" Y = "253" T = "0" Pressure = "0" />
		<Point X = "323" Y = "255" T = "0" Pressure = "0" />
		<Point X = "320" Y = "257" T = "0" Pressure = "0" />
		<Point X = "317" Y = "261" T = "0" Pressure = "0" />
		<Point X = "315" Y = "262" T = "0" Pressure = "0" />
		<Point X = "313" Y = "264" T = "0" Pressure = "0" />
		<Point X = "312" Y = "264" T = "0" Pressure = "0" />
		<Point X = "309" Y = "266" T = "0" Pressure = "0" />
		<Point X = "306" Y = "267" T = "0" Pressure = "0" />
		<Point X = "304" Y = "267" T = "0" Pressure = "0" />
		<Point X = "301" Y = "270" T = "0" Pressure = "0" />
		<Point X = "296" Y = "271" T = "0" Pressure = "0" />
		<Point X = "292" Y = "271" T = "0" Pressure = "0" />
		<Point X = "286" Y = "271" T = "0" Pressure = "0" />
		<Point X = "283" Y = "271" T = "0" Pressure = "0" />
		<Point X = "279" Y = "271" T = "0" Pressure = "0" />
		<Point X = "275" Y = "271" T = "0" Pressure = "0" />
		<Point X = "269" Y = "271" T = "0" Pressure = "0" />
		<Point X = "261" Y = "269" T = "0" Pressure = "0" />
		<Point X = "252" Y = "266" T = "0" Pressure = "0" />
		<Point X = "243" Y = "263" T = "0" Pressure = "0" />
		<Point X = "236" Y = "263" T = "0" Pressure = "0" />
		<Point X = "229" Y = "262" T = "0" Pressure = "0" />
		<Point X = "224" Y = "262" T = "0" Pressure = "0" />
		<Point X = "220" Y = "259" T = "0" Pressure = "0" />
		<Point X = "215" Y = "258" T = "0" Pressure = "0" />
		<Point X = "212" Y = "258" T = "0" Pressure = "0" />
		<Point X = "211" Y = "258" T = "0" Pressure = "0" />
		<Point X = "208" Y = "258" T = "0" Pressure = "0" />
		<Point X = "206" Y = "257" T = "0" Pressure = "0" />
		<Point X = "203" Y = "255" T = "0" Pressure = "0" />
		<Point X = "201" Y = "254" T = "0" Pressure = "0" />
		<Point X = "198" Y = "251" T = "0" Pressure = "0" />
		<Point X = "193" Y = "246" T = "0" Pressure = "0" />
		<Point X = "188" Y = "241" T = "0" Pressure = "0" />
		<Point X = "183" Y = "235" T = "0" Pressure = "0" />
		<Point X = "180" Y = "232" T = "0" Pressure = "0" />
		<Point X = "178" Y = "226" T = "0" Pressure = "0" />
		<Point X = "175" Y = "218" T = "0" Pressure = "0" />
		<Point X = "173" Y = "212" T = "0" Pressure = "0" />
		<Point X = "171" Y = "208" T = "0" Pressure = "0" />
		<Point X = "171" Y = "203" T = "0" Pressure = "0" />
		<Point X = "170" Y = "201" T = "0" Pressure = "0" />
		<Point X = "170" Y = "198" T = "0" Pressure = "0" />
		<Point X = "169" Y = "194" T = "0" Pressure = "0" />
		<Point X = "169" Y = "191" T = "0" Pressure = "0" />
		<Point X = "169" Y = "188" T = "0" Pressure = "0" />
		<Point X = "169" Y = "185" T = "0" Pressure = "0" />
		<Point X = "169" Y = "182" T = "0" Pressure = "0" />
		<Point X = "169" Y = "179" T = "0" Pressure = "0" />
		<Point X = "172" Y = "175" T = "0" Pressure = "0" />
		<Point X = "177" Y = "170" T = "0" Pressure = "0" />
		<Point X = "182" Y = "165" T = "0" Pressure = "0" />
		<Point X = "187" Y = "160" T = "0" Pressure = "0" />
		<Point X = "192" Y = "155" T = "0" Pressure = "0" />
		<Point X = "198" Y = "151" T = "0" Pressure = "0" />
		<Point X = "202" Y = "147" T = "0" Pressure = "0" />
		<Point X = "205" Y = "143" T = "0" Pressure = "0" />
		<Point X = "210" Y = "139" T = "0" Pressure = "0" />
		<Point X = "212" Y = "138" T = "0" Pressure = "0" />
		<Point X = "215" Y = "134" T = "0" Pressure = "0" />
		<Point X = "218" Y = "134" T = "0" Pressure = "0" />
		<Point X = "220" Y = "134" T = "0" Pressure = "0" />
		<Point X = "222" Y = "134" T = "0" Pressure = "0" />
		<Point X = "225" Y = "132" T = "0" Pressure = "0" />
		<Point X = "229" Y = "132" T = "0" Pressure = "0" />
		<Point X = "231" Y = "132" T = "0" Pressure = "0" />
		<Point X = "234" Y = "132" T = "0" Pressure = "0" />
		<Point X = "238" Y = "132" T = "0" Pressure = "0" />
		<Point X = "243" Y = "132" T = "0" Pressure = "0" />
		<Point X = "246" Y = "132" T = "0" Pressure = "0" />
		<Point X = "251" Y = "132" T = "0" Pressure = "0" />
		<Point X = "257" Y = "132" T = "0" Pressure = "0" />
		<Point X = "261" Y = "133" T = "0" Pressure = "0" />
		<Point X = "264" Y = "134" T = "0" Pressure = "0" />
		<Point X = "268" Y = "135" T = "0" Pressure = "0" />
		<Point X = "269" Y = "137" T = "0" Pressure = "0" />
		<Point X = "271" Y = "138" T = "0" Pressure = "0" />
		<Point X = "272" Y = "140" T = "0" Pressure = "0" />
		<Point X = "273" Y = "143" T = "0" Pressure = "0" />
		<Point X = "274" Y = "146" T = "0" Pressure = "0" />
		<Point X = "276" Y = "151" T = "0" Pressure = "0" />
		<Point X = "276" Y = "153" T = "0" Pressure = "0" />
		<Point X = "276" Y = "157" T = "0" Pressure = "0" />
		<Point X = "276" Y = "162" T = "0" Pressure = "0" />
		<Point X = "276" Y = "169" T = "0" Pressure = "0" />
		<Point X = "276" Y = "176" T = "0" Pressure = "0" />
		<Point X = "276" Y = "183" T = "0" Pressure = "0" />
		<Point X = "276" Y = "189" T = "0" Pressure = "0" />
		<Point X = "274" Y = "195" T = "0" Pressure = "0" />
		<Point X = "273" Y = "199" T = "0" Pressure = "0" />
		<Point X = "272" Y = "203" T = "0" Pressure = "0" />
		<Point X = "270" Y = "204" T = "0" Pressure = "0" />
		<Point X = "270" Y = "205" T = "0" Pressure = "0" />
		<Point X = "270" Y = "207" T = "0" Pressure = "0" />
		<Point X = "269" Y = "207" T = "0" Pressure = "0" />
		<Point X = "268" Y = "207" T = "0" Pressure = "0" />
		<Point X = "267" Y = "208" T = "0" Pressure = "0" />
		<Point X = "266" Y = "208" T = "0" Pressure = "0" />
		<Point X = "263" Y = "210" T = "0" Pressure = "0" />
		<Point X = "259" Y = "210" T = "0" Pressure = "0" />
		<Point X = "257" Y = "210" T = "0" Pressure = "0" />
		<Point X = "254" Y = "211" T = "0" Pressure = "0" />
		<Point X = "252" Y = "212" T = "0" Pressure = "0" />
		<Point X = "249" Y = "214" T = "0" Pressure = "0" />
		<Point X = "245" Y = "214" T = "0" Pressure = "0" />
		<Point X = "243" Y = "215" T = "0" Pressure = "0" />
		<Point X = "241" Y = "215" T = "0" Pressure = "0" />
		<Point X = "240" Y = "216" T = "0" Pressure = "0" />
		<Point X = "238" Y = "216" T = "0" Pressure = "0" />
		<Point X = "237" Y = "217" T = "0" Pressure = "0" />
		<Point X = "236" Y = "217" T = "0" Pressure = "0" />
		<Point X = "234" Y = "217" T = "0" Pressure = "0" />
		<Point X = "232" Y = "217" T = "0" Pressure = "0" />
		<Point X = "229" Y = "217" T = "0" Pressure = "0" />
		<Point X = "227" Y = "214" T = "0" Pressure = "0" />
		<Point X = "224" Y = "212" T = "0" Pressure = "0" />
		<Point X = "222" Y = "209" T = "0" Pressure = "0" />
		<Point X = "220" Y = "206" T = "0" Pressure = "0" />
		<Point X = "219" Y = "205" T = "0" Pressure = "0" />
		<Point X = "218" Y = "203" T = "0" Pressure = "0" />
		<Point X = "217" Y = "203" T = "0" Pressure = "0" />
		<Point X = "217" Y = "202" T = "0" Pressure = "0" />
		<Point X = "216" Y = "201" T = "0" Pressure = "0" />
		<Point X = "216" Y = "200" T = "0" Pressure = "0" />
		<Point X = "216" Y = "199" T = "0" Pressure = "0" />
		<Point X = "216" Y = "197" T = "0" Pressure = "0" />
		<Point X = "215" Y = "194" T = "0" Pressure = "0" />
		<Point X = "215" Y = "192" T = "0" Pressure = "0" />
		<Point X = "215" Y = "189" T = "0" Pressure = "0" />
		<Point X = "215" Y = "187" T = "0" Pressure = "0" />
		<Point X = "215" Y = "184" T = "0" Pressure = "0" />
		<Point X = "217" Y = "178" T = "0" Pressure = "0" />
		<Point X = "218" Y = "175" T = "0" Pressure = "0" />
		<Point X = "222" Y = "170" T = "0" Pressure = "0" />
		<Point X = "224" Y = "166" T = "0" Pressure = "0" />
		<Point X = "226" Y = "162" T = "0" Pressure = "0" />
		<Point X = "227" Y = "161" T = "0" Pressure = "0" />
		<Point X = "230" Y = "158" T = "0" Pressure = "0" />
		<Point X = "231" Y = "157" T = "0" Pressure = "0" />
		<Point X = "231" Y = "156" T = "0" Pressure = "0" />
		<Point X = "231" Y = "155" T = "0" Pressure = "0" />
		<Point X = "232" Y = "155" T = "0" Pressure = "0" />
		<Point X = "233" Y = "154" T = "0" Pressure = "0" />
		<Point X = "237" Y = "156" T = "0" Pressure = "0" />
		<Point X = "241" Y = "158" T = "0" Pressure = "0" />
		<Point X = "243" Y = "159" T = "0" Pressure = "0" />
		<Point X = "244" Y = "160" T = "0" Pressure = "0" />
		<Point X = "246" Y = "160" T = "0" Pressure = "0" />
		<Point X = "249" Y = "163" T = "0" Pressure = "0" />
		<Point X = "250" Y = "164" T = "0" Pressure = "0" />
		<Point X = "251" Y = "164" T = "0" Pressure = "0" />
		<Point X = "252" Y = "166" T = "0" Pressure = "0" />
		<Point X = "252" Y = "169" T = "0" Pressure = "0" />
		<Point X = "252" Y = "170" T = "0" Pressure = "0" />
		<Point X = "252" Y = "172" T = "0" Pressure = "0" />
		<Point X = "252" Y = "175" T = "0" Pressure = "0" />
		<Point X = "252" Y = "177" T = "0" Pressure = "0" />
		<Point X = "252" Y = "180" T = "0" Pressure = "0" />
		<Point X = "252" Y = "183" T = "0" Pressure = "0" />
		<Point X = "252" Y = "184" T = "0" Pressure = "0" />
		<Point X = "252" Y = "185" T = "0" Pressure = "0" />
		<Point X = "251" Y = "187" T = "0" Pressure = "0" />
		<Point X = "250" Y = "188" T = "0" Pressure = "0" />
		<Point X = "249" Y = "188" T = "0" Pressure = "0" />
		<Point X = "248" Y = "188" T = "0" Pressure = "0" />
		<Point X = "247" Y = "188" T = "0" Pressure = "0" />
		<Point X = "246" Y = "189" T = "0" Pressure = "0" />
		<Point X = "245" Y = "189" T = "0" Pressure = "0" />
		<Point X = "244" Y = "189" T = "0" Pressure = "0" />
		<Point X = "243" Y = "189" T = "0" Pressure = "0" />
		<Point X = "242" Y = "189" T = "0" Pressure = "0" />
		<Point X = "240" Y = "188" T = "0" Pressure = "0" />
		<Point X = "240" Y = "186" T = "0" Pressure = "0" />
		<Point X = "240" Y = "183" T = "0" Pressure = "0" />
		<Point X = "239" Y = "182" T = "0" Pressure = "0" />
		<Point X = "239" Y = "181" T = "0" Pressure = "0" />
	</Stroke>
</Gesture>
