<?xml version="1.0" encoding="utf-8" standalone="yes"?>
<Gesture Name = "spiral">
	<Stroke>
		<Point X = "295" Y = "64" T = "0" Pressure = "0" />
		<Point X = "294" Y = "64" T = "0" Pressure = "0" />
		<Point X = "292" Y = "64" T = "0" Pressure = "0" />
		<Point X = "291" Y = "64" T = "0" Pressure = "0" />
		<Point X = "288" Y = "64" T = "0" Pressure = "0" />
		<Point X = "285" Y = "64" T = "0" Pressure = "0" />
		<Point X = "282" Y = "64" T = "0" Pressure = "0" />
		<Point X = "278" Y = "64" T = "0" Pressure = "0" />
		<Point X = "275" Y = "64" T = "0" Pressure = "0" />
		<Point X = "271" Y = "64" T = "0" Pressure = "0" />
		<Point X = "265" Y = "64" T = "0" Pressure = "0" />
		<Point X = "256" Y = "64" T = "0" Pressure = "0" />
		<Point X = "247" Y = "64" T = "0" Pressure = "0" />
		<Point X = "242" Y = "64" T = "0" Pressure = "0" />
		<Point X = "238" Y = "64" T = "0" Pressure = "0" />
		<Point X = "235" Y = "64" T = "0" Pressure = "0" />
		<Point X = "234" Y = "65" T = "0" Pressure = "0" />
		<Point X = "233" Y = "65" T = "0" Pressure = "0" />
		<Point X = "231" Y = "66" T = "0" Pressure = "0" />
		<Point X = "230" Y = "66" T = "0" Pressure = "0" />
		<Point X = "229" Y = "66" T = "0" Pressure = "0" />
		<Point X = "227" Y = "66" T = "0" Pressure = "0" />
		<Point X = "224" Y = "67" T = "0" Pressure = "0" />
		<Point X = "220" Y = "67" T = "0" Pressure = "0" />
		<Point X = "214" Y = "68" T = "0" Pressure = "0" />
		<Point X = "210" Y = "69" T = "0" Pressure = "0" />
		<Point X = "202" Y = "71" T = "0" Pressure = "0" />
		<Point X = "200" Y = "72" T = "0" Pressure = "0" />
		<Point X = "196" Y = "73" T = "0" Pressure = "0" />
		<Point X = "195" Y = "75" T = "0" Pressure = "0" />
		<Point X = "193" Y = "75" T = "0" Pressure = "0" />
		<Point X = "193" Y = "76" T = "0" Pressure = "0" />
		<Point X = "191" Y = "78" T = "0" Pressure = "0" />
		<Point X = "189" Y = "79" T = "0" Pressure = "0" />
		<Point X = "187" Y = "81" T = "0" Pressure = "0" />
		<Point X = "186" Y = "82" T = "0" Pressure = "0" />
		<Point X = "183" Y = "84" T = "0" Pressure = "0" />
		<Point X = "182" Y = "85" T = "0" Pressure = "0" />
		<Point X = "181" Y = "86" T = "0" Pressure = "0" />
		<Point X = "179" Y = "88" T = "0" Pressure = "0" />
		<Point X = "178" Y = "89" T = "0" Pressure = "0" />
		<Point X = "178" Y = "92" T = "0" Pressure = "0" />
		<Point X = "176" Y = "95" T = "0" Pressure = "0" />
		<Point X = "175" Y = "96" T = "0" Pressure = "0" />
		<Point X = "175" Y = "97" T = "0" Pressure = "0" />
		<Point X = "174" Y = "100" T = "0" Pressure = "0" />
		<Point X = "172" Y = "103" T = "0" Pressure = "0" />
		<Point X = "172" Y = "106" T = "0" Pressure = "0" />
		<Point X = "172" Y = "108" T = "0" Pressure = "0" />
		<Point X = "172" Y = "111" T = "0" Pressure = "0" />
		<Point X = "172" Y = "114" T = "0" Pressure = "0" />
		<Point X = "172" Y = "115" T = "0" Pressure = "0" />
		<Point X = "172" Y = "118" T = "0" Pressure = "0" />
		<Point X = "172" Y = "121" T = "0" Pressure = "0" />
		<Point X = "174" Y = "123" T = "0" Pressure = "0" />
		<Point X = "176" Y = "125" T = "0" Pressure = "0" />
		<Point X = "177" Y = "126" T = "0" Pressure = "0" />
		<Point X = "180" Y = "129" T = "0" Pressure = "0" />
		<Point X = "180" Y = "130" T = "0" Pressure = "0" />
		<Point X = "182" Y = "133" T = "0" Pressure = "0" />
		<Point X = "184" Y = "135" T = "0" Pressure = "0" />
		<Point X = "185" Y = "136" T = "0" Pressure = "0" />
		<Point X = "187" Y = "139" T = "0" Pressure = "0" />
		<Point X = "189" Y = "140" T = "0" Pressure = "0" />
		<Point X = "191" Y = "142" T = "0" Pressure = "0" />
		<Point X = "193" Y = "143" T = "0" Pressure = "0" />
		<Point X = "195" Y = "145" T = "0" Pressure = "0" />
		<Point X = "195" Y = "146" T = "0" Pressure = "0" />
		<Point X = "197" Y = "148" T = "0" Pressure = "0" />
		<Point X = "197" Y = "149" T = "0" Pressure = "0" />
		<Point X = "198" Y = "149" T = "0" Pressure = "0" />
		<Point X = "199" Y = "150" T = "0" Pressure = "0" />
		<Point X = "199" Y = "151" T = "0" Pressure = "0" />
		<Point X = "200" Y = "152" T = "0" Pressure = "0" />
		<Point X = "201" Y = "154" T = "0" Pressure = "0" />
		<Point X = "203" Y = "155" T = "0" Pressure = "0" />
		<Point X = "206" Y = "157" T = "0" Pressure = "0" />
		<Point X = "209" Y = "159" T = "0" Pressure = "0" />
		<Point X = "212" Y = "160" T = "0" Pressure = "0" />
		<Point X = "214" Y = "163" T = "0" Pressure = "0" />
		<Point X = "216" Y = "163" T = "0" Pressure = "0" />
		<Point X = "218" Y = "163" T = "0" Pressure = "0" />
		<Point X = "219" Y = "163" T = "0" Pressure = "0" />
		<Point X = "221" Y = "163" T = "0" Pressure = "0" />
		<Point X = "224" Y = "163" T = "0" Pressure = "0" />
		<Point X = "229" Y = "163" T = "0" Pressure = "0" />
		<Point X = "238" Y = "163" T = "0" Pressure = "0" />
		<Point X = "243" Y = "163" T = "0" Pressure = "0" />
		<Point X = "247" Y = "163" T = "0" Pressure = "0" />
		<Point X = "250" Y = "163" T = "0" Pressure = "0" />
		<Point X = "251" Y = "163" T = "0" Pressure = "0" />
		<Point X = "252" Y = "163" T = "0" Pressure = "0" />
		<Point X = "254" Y = "161" T = "0" Pressure = "0" />
		<Point X = "254" Y = "160" T = "0" Pressure = "0" />
		<Point X = "255" Y = "159" T = "0" Pressure = "0" />
		<Point X = "256" Y = "158" T = "0" Pressure = "0" />
		<Point X = "258" Y = "156" T = "0" Pressure = "0" />
		<Point X = "259" Y = "154" T = "0" Pressure = "0" />
		<Point X = "262" Y = "150" T = "0" Pressure = "0" />
		<Point X = "263" Y = "148" T = "0" Pressure = "0" />
		<Point X = "265" Y = "144" T = "0" Pressure = "0" />
		<Point X = "266" Y = "142" T = "0" Pressure = "0" />
		<Point X = "266" Y = "139" T = "0" Pressure = "0" />
		<Point X = "267" Y = "136" T = "0" Pressure = "0" />
		<Point X = "267" Y = "134" T = "0" Pressure = "0" />
		<Point X = "267" Y = "132" T = "0" Pressure = "0" />
		<Point X = "267" Y = "129" T = "0" Pressure = "0" />
		<Point X = "267" Y = "124" T = "0" Pressure = "0" />
		<Point X = "267" Y = "123" T = "0" Pressure = "0" />
		<Point X = "267" Y = "120" T = "0" Pressure = "0" />
		<Point X = "267" Y = "117" T = "0" Pressure = "0" />
		<Point X = "267" Y = "116" T = "0" Pressure = "0" />
		<Point X = "267" Y = "113" T = "0" Pressure = "0" />
		<Point X = "267" Y = "110" T = "0" Pressure = "0" />
		<Point X = "266" Y = "108" T = "0" Pressure = "0" />
		<Point X = "265" Y = "104" T = "0" Pressure = "0" />
		<Point X = "262" Y = "99" T = "0" Pressure = "0" />
		<Point X = "261" Y = "96" T = "0" Pressure = "0" />
		<Point X = "260" Y = "94" T = "0" Pressure = "0" />
		<Point X = "257" Y = "90" T = "0" Pressure = "0" />
		<Point X = "256" Y = "89" T = "0" Pressure = "0" />
		<Point X = "254" Y = "88" T = "0" Pressure = "0" />
		<Point X = "253" Y = "88" T = "0" Pressure = "0" />
		<Point X = "252" Y = "88" T = "0" Pressure = "0" />
		<Point X = "250" Y = "88" T = "0" Pressure = "0" />
		<Point X = "249" Y = "88" T = "0" Pressure = "0" />
		<Point X = "248" Y = "88" T = "0" Pressure = "0" />
		<Point X = "247" Y = "88" T = "0" Pressure = "0" />
		<Point X = "246" Y = "88" T = "0" Pressure = "0" />
		<Point X = "245" Y = "88" T = "0" Pressure = "0" />
		<Point X = "244" Y = "88" T = "0" Pressure = "0" />
		<Point X = "243" Y = "88" T = "0" Pressure = "0" />
		<Point X = "242" Y = "88" T = "0" Pressure = "0" />
		<Point X = "241" Y = "88" T = "0" Pressure = "0" />
		<Point X = "240" Y = "88" T = "0" Pressure = "0" />
		<Point X = "239" Y = "88" T = "0" Pressure = "0" />
		<Point X = "238" Y = "88" T = "0" Pressure = "0" />
		<Point X = "234" Y = "89" T = "0" Pressure = "0" />
		<Point X = "233" Y = "89" T = "0" Pressure = "0" />
		<Point X = "230" Y = "90" T = "0" Pressure = "0" />
		<Point X = "229" Y = "90" T = "0" Pressure = "0" />
		<Point X = "227" Y = "91" T = "0" Pressure = "0" />
		<Point X = "227" Y = "92" T = "0" Pressure = "0" />
		<Point X = "225" Y = "93" T = "0" Pressure = "0" />
		<Point X = "224" Y = "93" T = "0" Pressure = "0" />
		<Point X = "222" Y = "95" T = "0" Pressure = "0" />
		<Point X = "221" Y = "95" T = "0" Pressure = "0" />
		<Point X = "220" Y = "96" T = "0" Pressure = "0" />
		<Point X = "219" Y = "97" T = "0" Pressure = "0" />
		<Point X = "219" Y = "98" T = "0" Pressure = "0" />
		<Point X = "219" Y = "99" T = "0" Pressure = "0" />
		<Point X = "217" Y = "101" T = "0" Pressure = "0" />
		<Point X = "216" Y = "104" T = "0" Pressure = "0" />
		<Point X = "215" Y = "106" T = "0" Pressure = "0" />
		<Point X = "215" Y = "108" T = "0" Pressure = "0" />
		<Point X = "215" Y = "110" T = "0" Pressure = "0" />
		<Point X = "215" Y = "111" T = "0" Pressure = "0" />
		<Point X = "215" Y = "112" T = "0" Pressure = "0" />
		<Point X = "215" Y = "113" T = "0" Pressure = "0" />
		<Point X = "215" Y = "114" T = "0" Pressure = "0" />
		<Point X = "215" Y = "115" T = "0" Pressure = "0" />
		<Point X = "216" Y = "119" T = "0" Pressure = "0" />
		<Point X = "217" Y = "119" T = "0" Pressure = "0" />
		<Point X = "219" Y = "121" T = "0" Pressure = "0" />
		<Point X = "219" Y = "123" T = "0" Pressure = "0" />
		<Point X = "222" Y = "125" T = "0" Pressure = "0" />
		<Point X = "223" Y = "126" T = "0" Pressure = "0" />
		<Point X = "225" Y = "127" T = "0" Pressure = "0" />
		<Point X = "227" Y = "127" T = "0" Pressure = "0" />
		<Point X = "228" Y = "127" T = "0" Pressure = "0" />
		<Point X = "230" Y = "127" T = "0" Pressure = "0" />
		<Point X = "231" Y = "127" T = "0" Pressure = "0" />
		<Point X = "232" Y = "128" T = "0" Pressure = "0" />
		<Point X = "233" Y = "128" T = "0" Pressure = "0" />
		<Point X = "234" Y = "128" T = "0" Pressure = "0" />
		<Point X = "235" Y = "128" T = "0" Pressure = "0" />
		<Point X = "236" Y = "128" T = "0" Pressure = "0" />
		<Point X = "238" Y = "128" T = "0" Pressure = "0" />
		<Point X = "239" Y = "128" T = "0" Pressure = "0" />
		<Point X = "241" Y = "127" T = "0" Pressure = "0" />
		<Point X = "242" Y = "125" T = "0" Pressure = "0" />
		<Point X = "243" Y = "125" T = "0" Pressure = "0" />
		<Point X = "245" Y = "122" T = "0" Pressure = "0" />
		<Point X = "246" Y = "121" T = "0" Pressure = "0" />
		<Point X = "246" Y = "120" T = "0" Pressure = "0" />
		<Point X = "246" Y = "119" T = "0" Pressure = "0" />
		<Point X = "246" Y = "117" T = "0" Pressure = "0" />
		<Point X = "246" Y = "116" T = "0" Pressure = "0" />
		<Point X = "246" Y = "114" T = "0" Pressure = "0" />
		<Point X = "245" Y = "112" T = "0" Pressure = "0" />
		<Point X = "244" Y = "112" T = "0" Pressure = "0" />
		<Point X = "242" Y = "111" T = "0" Pressure = "0" />
		<Point X = "242" Y = "110" T = "0" Pressure = "0" />
		<Point X = "241" Y = "109" T = "0" Pressure = "0" />
		<Point X = "240" Y = "108" T = "0" Pressure = "0" />
		<Point X = "239" Y = "108" T = "0" Pressure = "0" />
		<Point X = "238" Y = "108" T = "0" Pressure = "0" />
		<Point X = "237" Y = "108" T = "0" Pressure = "0" />
		<Point X = "236" Y = "108" T = "0" Pressure = "0" />
		<Point X = "235" Y = "108" T = "0" Pressure = "0" />
		<Point X = "235" Y = "109" T = "0" Pressure = "0" />
		<Point X = "235" Y = "110" T = "0" Pressure = "0" />
	</Stroke>
	<Stroke>
		<Point X = "234" Y = "107" T = "0" Pressure = "0" />
		<Point X = "234" Y = "109" T = "0" Pressure = "0" />
		<Point X = "234" Y = "110" T = "0" Pressure = "0" />
		<Point X = "233" Y = "110" T = "0" Pressure = "0" />
		<Point X = "233" Y = "112" T = "0" Pressure = "0" />
	</Stroke>
</Gesture>
