<?xml version="1.0" encoding="utf-8" standalone="yes"?>
<Gesture Name = "spiral">
	<Stroke>
		<Point X = "240" Y = "75" T = "0" Pressure = "0" />
		<Point X = "228" Y = "74" T = "0" Pressure = "0" />
		<Point X = "215" Y = "72" T = "0" Pressure = "0" />
		<Point X = "206" Y = "71" T = "0" Pressure = "0" />
		<Point X = "195" Y = "69" T = "0" Pressure = "0" />
		<Point X = "187" Y = "67" T = "0" Pressure = "0" />
		<Point X = "183" Y = "66" T = "0" Pressure = "0" />
		<Point X = "179" Y = "66" T = "0" Pressure = "0" />
		<Point X = "174" Y = "66" T = "0" Pressure = "0" />
		<Point X = "168" Y = "67" T = "0" Pressure = "0" />
		<Point X = "160" Y = "71" T = "0" Pressure = "0" />
		<Point X = "151" Y = "74" T = "0" Pressure = "0" />
		<Point X = "141" Y = "80" T = "0" Pressure = "0" />
		<Point X = "132" Y = "86" T = "0" Pressure = "0" />
		<Point X = "125" Y = "93" T = "0" Pressure = "0" />
		<Point X = "116" Y = "98" T = "0" Pressure = "0" />
		<Point X = "108" Y = "106" T = "0" Pressure = "0" />
		<Point X = "104" Y = "111" T = "0" Pressure = "0" />
		<Point X = "100" Y = "118" T = "0" Pressure = "0" />
		<Point X = "96" Y = "127" T = "0" Pressure = "0" />
		<Point X = "94" Y = "133" T = "0" Pressure = "0" />
		<Point X = "90" Y = "143" T = "0" Pressure = "0" />
		<Point X = "89" Y = "150" T = "0" Pressure = "0" />
		<Point X = "87" Y = "158" T = "0" Pressure = "0" />
		<Point X = "86" Y = "161" T = "0" Pressure = "0" />
		<Point X = "84" Y = "167" T = "0" Pressure = "0" />
		<Point X = "83" Y = "176" T = "0" Pressure = "0" />
		<Point X = "80" Y = "183" T = "0" Pressure = "0" />
		<Point X = "79" Y = "191" T = "0" Pressure = "0" />
		<Point X = "79" Y = "197" T = "0" Pressure = "0" />
		<Point X = "79" Y = "202" T = "0" Pressure = "0" />
		<Point X = "79" Y = "207" T = "0" Pressure = "0" />
		<Point X = "79" Y = "213" T = "0" Pressure = "0" />
		<Point X = "79" Y = "218" T = "0" Pressure = "0" />
		<Point X = "80" Y = "224" T = "0" Pressure = "0" />
		<Point X = "83" Y = "230" T = "0" Pressure = "0" />
		<Point X = "88" Y = "234" T = "0" Pressure = "0" />
		<Point X = "92" Y = "239" T = "0" Pressure = "0" />
		<Point X = "99" Y = "245" T = "0" Pressure = "0" />
		<Point X = "105" Y = "251" T = "0" Pressure = "0" />
		<Point X = "111" Y = "256" T = "0" Pressure = "0" />
		<Point X = "117" Y = "258" T = "0" Pressure = "0" />
		<Point X = "124" Y = "261" T = "0" Pressure = "0" />
		<Point X = "131" Y = "262" T = "0" Pressure = "0" />
		<Point X = "137" Y = "263" T = "0" Pressure = "0" />
		<Point X = "142" Y = "265" T = "0" Pressure = "0" />
		<Point X = "149" Y = "265" T = "0" Pressure = "0" />
		<Point X = "153" Y = "265" T = "0" Pressure = "0" />
		<Point X = "157" Y = "265" T = "0" Pressure = "0" />
		<Point X = "161" Y = "265" T = "0" Pressure = "0" />
		<Point X = "167" Y = "265" T = "0" Pressure = "0" />
		<Point X = "174" Y = "263" T = "0" Pressure = "0" />
		<Point X = "183" Y = "260" T = "0" Pressure = "0" />
		<Point X = "189" Y = "257" T = "0" Pressure = "0" />
		<Point X = "195" Y = "254" T = "0" Pressure = "0" />
		<Point X = "205" Y = "249" T = "0" Pressure = "0" />
		<Point X = "215" Y = "243" T = "0" Pressure = "0" />
		<Point X = "224" Y = "238" T = "0" Pressure = "0" />
		<Point X = "234" Y = "232" T = "0" Pressure = "0" />
		<Point X = "244" Y = "226" T = "0" Pressure = "0" />
		<Point X = "253" Y = "221" T = "0" Pressure = "0" />
		<Point X = "259" Y = "216" T = "0" Pressure = "0" />
		<Point X = "265" Y = "209" T = "0" Pressure = "0" />
		<Point X = "267" Y = "206" T = "0" Pressure = "0" />
		<Point X = "269" Y = "199" T = "0" Pressure = "0" />
		<Point X = "270" Y = "193" T = "0" Pressure = "0" />
		<Point X = "270" Y = "187" T = "0" Pressure = "0" />
		<Point X = "269" Y = "180" T = "0" Pressure = "0" />
		<Point X = "267" Y = "173" T = "0" Pressure = "0" />
		<Point X = "264" Y = "166" T = "0" Pressure = "0" />
		<Point X = "262" Y = "160" T = "0" Pressure = "0" />
		<Point X = "258" Y = "151" T = "0" Pressure = "0" />
		<Point X = "257" Y = "144" T = "0" Pressure = "0" />
		<Point X = "253" Y = "136" T = "0" Pressure = "0" />
		<Point X = "251" Y = "128" T = "0" Pressure = "0" />
		<Point X = "248" Y = "121" T = "0" Pressure = "0" />
		<Point X = "246" Y = "115" T = "0" Pressure = "0" />
		<Point X = "242" Y = "109" T = "0" Pressure = "0" />
		<Point X = "238" Y = "103" T = "0" Pressure = "0" />
		<Point X = "236" Y = "101" T = "0" Pressure = "0" />
		<Point X = "233" Y = "96" T = "0" Pressure = "0" />
		<Point X = "231" Y = "95" T = "0" Pressure = "0" />
		<Point X = "231" Y = "94" T = "0" Pressure = "0" />
		<Point X = "229" Y = "93" T = "0" Pressure = "0" />
		<Point X = "228" Y = "92" T = "0" Pressure = "0" />
		<Point X = "225" Y = "92" T = "0" Pressure = "0" />
		<Point X = "220" Y = "92" T = "0" Pressure = "0" />
		<Point X = "216" Y = "92" T = "0" Pressure = "0" />
		<Point X = "210" Y = "92" T = "0" Pressure = "0" />
		<Point X = "203" Y = "93" T = "0" Pressure = "0" />
		<Point X = "193" Y = "95" T = "0" Pressure = "0" />
		<Point X = "188" Y = "97" T = "0" Pressure = "0" />
		<Point X = "182" Y = "99" T = "0" Pressure = "0" />
		<Point X = "177" Y = "100" T = "0" Pressure = "0" />
		<Point X = "172" Y = "103" T = "0" Pressure = "0" />
		<Point X = "169" Y = "105" T = "0" Pressure = "0" />
		<Point X = "164" Y = "108" T = "0" Pressure = "0" />
		<Point X = "159" Y = "112" T = "0" Pressure = "0" />
		<Point X = "154" Y = "115" T = "0" Pressure = "0" />
		<Point X = "150" Y = "119" T = "0" Pressure = "0" />
		<Point X = "145" Y = "124" T = "0" Pressure = "0" />
		<Point X = "140" Y = "129" T = "0" Pressure = "0" />
		<Point X = "135" Y = "135" T = "0" Pressure = "0" />
		<Point X = "131" Y = "143" T = "0" Pressure = "0" />
		<Point X = "128" Y = "148" T = "0" Pressure = "0" />
		<Point X = "124" Y = "152" T = "0" Pressure = "0" />
		<Point X = "120" Y = "157" T = "0" Pressure = "0" />
		<Point X = "118" Y = "162" T = "0" Pressure = "0" />
		<Point X = "116" Y = "165" T = "0" Pressure = "0" />
		<Point X = "116" Y = "170" T = "0" Pressure = "0" />
		<Point X = "116" Y = "175" T = "0" Pressure = "0" />
		<Point X = "116" Y = "180" T = "0" Pressure = "0" />
		<Point X = "116" Y = "186" T = "0" Pressure = "0" />
		<Point X = "116" Y = "194" T = "0" Pressure = "0" />
		<Point X = "116" Y = "198" T = "0" Pressure = "0" />
		<Point X = "117" Y = "201" T = "0" Pressure = "0" />
		<Point X = "119" Y = "205" T = "0" Pressure = "0" />
		<Point X = "120" Y = "207" T = "0" Pressure = "0" />
		<Point X = "122" Y = "208" T = "0" Pressure = "0" />
		<Point X = "123" Y = "210" T = "0" Pressure = "0" />
		<Point X = "125" Y = "211" T = "0" Pressure = "0" />
		<Point X = "126" Y = "212" T = "0" Pressure = "0" />
		<Point X = "129" Y = "214" T = "0" Pressure = "0" />
		<Point X = "131" Y = "215" T = "0" Pressure = "0" />
		<Point X = "133" Y = "217" T = "0" Pressure = "0" />
		<Point X = "135" Y = "219" T = "0" Pressure = "0" />
		<Point X = "138" Y = "221" T = "0" Pressure = "0" />
		<Point X = "140" Y = "223" T = "0" Pressure = "0" />
		<Point X = "144" Y = "224" T = "0" Pressure = "0" />
		<Point X = "147" Y = "225" T = "0" Pressure = "0" />
		<Point X = "150" Y = "226" T = "0" Pressure = "0" />
		<Point X = "152" Y = "226" T = "0" Pressure = "0" />
		<Point X = "159" Y = "227" T = "0" Pressure = "0" />
		<Point X = "162" Y = "227" T = "0" Pressure = "0" />
		<Point X = "167" Y = "227" T = "0" Pressure = "0" />
		<Point X = "174" Y = "227" T = "0" Pressure = "0" />
		<Point X = "182" Y = "227" T = "0" Pressure = "0" />
		<Point X = "188" Y = "226" T = "0" Pressure = "0" />
		<Point X = "195" Y = "224" T = "0" Pressure = "0" />
		<Point X = "204" Y = "220" T = "0" Pressure = "0" />
		<Point X = "208" Y = "218" T = "0" Pressure = "0" />
		<Point X = "213" Y = "214" T = "0" Pressure = "0" />
		<Point X = "218" Y = "210" T = "0" Pressure = "0" />
		<Point X = "222" Y = "206" T = "0" Pressure = "0" />
		<Point X = "225" Y = "203" T = "0" Pressure = "0" />
		<Point X = "227" Y = "200" T = "0" Pressure = "0" />
		<Point X = "228" Y = "193" T = "0" Pressure = "0" />
		<Point X = "229" Y = "189" T = "0" Pressure = "0" />
		<Point X = "230" Y = "184" T = "0" Pressure = "0" />
		<Point X = "230" Y = "179" T = "0" Pressure = "0" />
		<Point X = "232" Y = "174" T = "0" Pressure = "0" />
		<Point X = "232" Y = "170" T = "0" Pressure = "0" />
		<Point X = "232" Y = "166" T = "0" Pressure = "0" />
		<Point X = "232" Y = "163" T = "0" Pressure = "0" />
		<Point X = "232" Y = "161" T = "0" Pressure = "0" />
		<Point X = "232" Y = "159" T = "0" Pressure = "0" />
		<Point X = "232" Y = "158" T = "0" Pressure = "0" />
		<Point X = "231" Y = "157" T = "0" Pressure = "0" />
		<Point X = "231" Y = "155" T = "0" Pressure = "0" />
		<Point X = "229" Y = "154" T = "0" Pressure = "0" />
		<Point X = "228" Y = "152" T = "0" Pressure = "0" />
		<Point X = "226" Y = "151" T = "0" Pressure = "0" />
		<Point X = "225" Y = "150" T = "0" Pressure = "0" />
		<Point X = "222" Y = "149" T = "0" Pressure = "0" />
		<Point X = "221" Y = "149" T = "0" Pressure = "0" />
		<Point X = "219" Y = "149" T = "0" Pressure = "0" />
		<Point X = "217" Y = "148" T = "0" Pressure = "0" />
		<Point X = "214" Y = "147" T = "0" Pressure = "0" />
		<Point X = "211" Y = "147" T = "0" Pressure = "0" />
		<Point X = "208" Y = "147" T = "0" Pressure = "0" />
		<Point X = "206" Y = "147" T = "0" Pressure = "0" />
		<Point X = "203" Y = "147" T = "0" Pressure = "0" />
		<Point X = "201" Y = "147" T = "0" Pressure = "0" />
		<Point X = "200" Y = "147" T = "0" Pressure = "0" />
		<Point X = "198" Y = "147" T = "0" Pressure = "0" />
		<Point X = "196" Y = "147" T = "0" Pressure = "0" />
		<Point X = "195" Y = "148" T = "0" Pressure = "0" />
		<Point X = "193" Y = "149" T = "0" Pressure = "0" />
		<Point X = "190" Y = "151" T = "0" Pressure = "0" />
		<Point X = "188" Y = "153" T = "0" Pressure = "0" />
		<Point X = "186" Y = "155" T = "0" Pressure = "0" />
		<Point X = "184" Y = "156" T = "0" Pressure = "0" />
		<Point X = "182" Y = "157" T = "0" Pressure = "0" />
		<Point X = "179" Y = "159" T = "0" Pressure = "0" />
		<Point X = "177" Y = "160" T = "0" Pressure = "0" />
		<Point X = "176" Y = "161" T = "0" Pressure = "0" />
		<Point X = "173" Y = "164" T = "0" Pressure = "0" />
		<Point X = "172" Y = "164" T = "0" Pressure = "0" />
		<Point X = "170" Y = "166" T = "0" Pressure = "0" />
		<Point X = "169" Y = "167" T = "0" Pressure = "0" />
		<Point X = "168" Y = "169" T = "0" Pressure = "0" />
		<Point X = "167" Y = "174" T = "0" Pressure = "0" />
		<Point X = "166" Y = "175" T = "0" Pressure = "0" />
		<Point X = "166" Y = "178" T = "0" Pressure = "0" />
		<Point X = "166" Y = "181" T = "0" Pressure = "0" />
		<Point X = "166" Y = "184" T = "0" Pressure = "0" />
		<Point X = "166" Y = "187" T = "0" Pressure = "0" />
		<Point X = "166" Y = "190" T = "0" Pressure = "0" />
		<Point X = "166" Y = "192" T = "0" Pressure = "0" />
		<Point X = "166" Y = "194" T = "0" Pressure = "0" />
		<Point X = "166" Y = "197" T = "0" Pressure = "0" />
		<Point X = "168" Y = "199" T = "0" Pressure = "0" />
		<Point X = "169" Y = "201" T = "0" Pressure = "0" />
		<Point X = "173" Y = "202" T = "0" Pressure = "0" />
		<Point X = "174" Y = "202" T = "0" Pressure = "0" />
		<Point X = "176" Y = "204" T = "0" Pressure = "0" />
		<Point X = "179" Y = "206" T = "0" Pressure = "0" />
		<Point X = "182" Y = "206" T = "0" Pressure = "0" />
		<Point X = "183" Y = "208" T = "0" Pressure = "0" />
		<Point X = "184" Y = "208" T = "0" Pressure = "0" />
		<Point X = "185" Y = "208" T = "0" Pressure = "0" />
		<Point X = "186" Y = "208" T = "0" Pressure = "0" />
		<Point X = "187" Y = "208" T = "0" Pressure = "0" />
		<Point X = "188" Y = "208" T = "0" Pressure = "0" />
		<Point X = "190" Y = "208" T = "0" Pressure = "0" />
		<Point X = "193" Y = "206" T = "0" Pressure = "0" />
		<Point X = "195" Y = "204" T = "0" Pressure = "0" />
		<Point X = "196" Y = "203" T = "0" Pressure = "0" />
		<Point X = "199" Y = "200" T = "0" Pressure = "0" />
		<Point X = "200" Y = "199" T = "0" Pressure = "0" />
		<Point X = "202" Y = "196" T = "0" Pressure = "0" />
		<Point X = "204" Y = "193" T = "0" Pressure = "0" />
		<Point X = "205" Y = "192" T = "0" Pressure = "0" />
		<Point X = "206" Y = "190" T = "0" Pressure = "0" />
		<Point X = "207" Y = "188" T = "0" Pressure = "0" />
		<Point X = "208" Y = "186" T = "0" Pressure = "0" />
		<Point X = "208" Y = "184" T = "0" Pressure = "0" />
		<Point X = "208" Y = "182" T = "0" Pressure = "0" />
		<Point X = "208" Y = "179" T = "0" Pressure = "0" />
		<Point X = "208" Y = "178" T = "0" Pressure = "0" />
		<Point X = "208" Y = "176" T = "0" Pressure = "0" />
		<Point X = "209" Y = "174" T = "0" Pressure = "0" />
		<Point X = "210" Y = "174" T = "0" Pressure = "0" />
		<Point X = "210" Y = "173" T = "0" Pressure = "0" />
		<Point X = "210" Y = "172" T = "0" Pressure = "0" />
		<Point X = "210" Y = "171" T = "0" Pressure = "0" />
		<Point X = "210" Y = "170" T = "0" Pressure = "0" />
		<Point X = "208" Y = "170" T = "0" Pressure = "0" />
		<Point X = "207" Y = "170" T = "0" Pressure = "0" />
		<Point X = "205" Y = "170" T = "0" Pressure = "0" />
		<Point X = "203" Y = "170" T = "0" Pressure = "0" />
		<Point X = "202" Y = "170" T = "0" Pressure = "0" />
		<Point X = "201" Y = "170" T = "0" Pressure = "0" />
		<Point X = "200" Y = "170" T = "0" Pressure = "0" />
		<Point X = "199" Y = "170" T = "0" Pressure = "0" />
		<Point X = "198" Y = "170" T = "0" Pressure = "0" />
		<Point X = "197" Y = "170" T = "0" Pressure = "0" />
		<Point X = "195" Y = "170" T = "0" Pressure = "0" />
		<Point X = "194" Y = "170" T = "0" Pressure = "0" />
		<Point X = "193" Y = "171" T = "0" Pressure = "0" />
		<Point X = "192" Y = "172" T = "0" Pressure = "0" />
		<Point X = "191" Y = "173" T = "0" Pressure = "0" />
		<Point X = "189" Y = "174" T = "0" Pressure = "0" />
		<Point X = "189" Y = "175" T = "0" Pressure = "0" />
		<Point X = "189" Y = "176" T = "0" Pressure = "0" />
		<Point X = "188" Y = "177" T = "0" Pressure = "0" />
		<Point X = "188" Y = "178" T = "0" Pressure = "0" />
		<Point X = "188" Y = "179" T = "0" Pressure = "0" />
		<Point X = "188" Y = "180" T = "0" Pressure = "0" />
		<Point X = "188" Y = "181" T = "0" Pressure = "0" />
		<Point X = "188" Y = "182" T = "0" Pressure = "0" />
		<Point X = "188" Y = "183" T = "0" Pressure = "0" />
		<Point X = "188" Y = "184" T = "0" Pressure = "0" />
	</Stroke>
</Gesture>
