<?xml version="1.0" encoding="utf-8" standalone="yes"?>
<Gesture Name = "spiral">
	<Stroke>
		<Point X = "358" Y = "74" T = "0" Pressure = "0" />
		<Point X = "352" Y = "74" T = "0" Pressure = "0" />
		<Point X = "344" Y = "72" T = "0" Pressure = "0" />
		<Point X = "338" Y = "71" T = "0" Pressure = "0" />
		<Point X = "330" Y = "71" T = "0" Pressure = "0" />
		<Point X = "321" Y = "71" T = "0" Pressure = "0" />
		<Point X = "312" Y = "71" T = "0" Pressure = "0" />
		<Point X = "301" Y = "71" T = "0" Pressure = "0" />
		<Point X = "292" Y = "71" T = "0" Pressure = "0" />
		<Point X = "285" Y = "71" T = "0" Pressure = "0" />
		<Point X = "279" Y = "71" T = "0" Pressure = "0" />
		<Point X = "273" Y = "71" T = "0" Pressure = "0" />
		<Point X = "269" Y = "73" T = "0" Pressure = "0" />
		<Point X = "265" Y = "74" T = "0" Pressure = "0" />
		<Point X = "261" Y = "77" T = "0" Pressure = "0" />
		<Point X = "256" Y = "80" T = "0" Pressure = "0" />
		<Point X = "253" Y = "82" T = "0" Pressure = "0" />
		<Point X = "248" Y = "86" T = "0" Pressure = "0" />
		<Point X = "240" Y = "92" T = "0" Pressure = "0" />
		<Point X = "231" Y = "100" T = "0" Pressure = "0" />
		<Point X = "221" Y = "109" T = "0" Pressure = "0" />
		<Point X = "211" Y = "117" T = "0" Pressure = "0" />
		<Point X = "203" Y = "124" T = "0" Pressure = "0" />
		<Point X = "198" Y = "131" T = "0" Pressure = "0" />
		<Point X = "194" Y = "138" T = "0" Pressure = "0" />
		<Point X = "193" Y = "144" T = "0" Pressure = "0" />
		<Point X = "193" Y = "148" T = "0" Pressure = "0" />
		<Point X = "193" Y = "154" T = "0" Pressure = "0" />
		<Point X = "193" Y = "159" T = "0" Pressure = "0" />
		<Point X = "193" Y = "166" T = "0" Pressure = "0" />
		<Point X = "196" Y = "174" T = "0" Pressure = "0" />
		<Point X = "200" Y = "180" T = "0" Pressure = "0" />
		<Point X = "205" Y = "187" T = "0" Pressure = "0" />
		<Point X = "212" Y = "195" T = "0" Pressure = "0" />
		<Point X = "220" Y = "203" T = "0" Pressure = "0" />
		<Point X = "229" Y = "210" T = "0" Pressure = "0" />
		<Point X = "238" Y = "217" T = "0" Pressure = "0" />
		<Point X = "249" Y = "222" T = "0" Pressure = "0" />
		<Point X = "259" Y = "224" T = "0" Pressure = "0" />
		<Point X = "271" Y = "225" T = "0" Pressure = "0" />
		<Point X = "282" Y = "225" T = "0" Pressure = "0" />
		<Point X = "293" Y = "225" T = "0" Pressure = "0" />
		<Point X = "301" Y = "225" T = "0" Pressure = "0" />
		<Point X = "308" Y = "225" T = "0" Pressure = "0" />
		<Point X = "313" Y = "225" T = "0" Pressure = "0" />
		<Point X = "319" Y = "224" T = "0" Pressure = "0" />
		<Point X = "323" Y = "222" T = "0" Pressure = "0" />
		<Point X = "327" Y = "220" T = "0" Pressure = "0" />
		<Point X = "331" Y = "217" T = "0" Pressure = "0" />
		<Point X = "337" Y = "212" T = "0" Pressure = "0" />
		<Point X = "341" Y = "209" T = "0" Pressure = "0" />
		<Point X = "343" Y = "205" T = "0" Pressure = "0" />
		<Point X = "347" Y = "202" T = "0" Pressure = "0" />
		<Point X = "351" Y = "198" T = "0" Pressure = "0" />
		<Point X = "355" Y = "192" T = "0" Pressure = "0" />
		<Point X = "357" Y = "186" T = "0" Pressure = "0" />
		<Point X = "358" Y = "180" T = "0" Pressure = "0" />
		<Point X = "361" Y = "173" T = "0" Pressure = "0" />
		<Point X = "362" Y = "163" T = "0" Pressure = "0" />
		<Point X = "363" Y = "155" T = "0" Pressure = "0" />
		<Point X = "363" Y = "149" T = "0" Pressure = "0" />
		<Point X = "363" Y = "142" T = "0" Pressure = "0" />
		<Point X = "366" Y = "139" T = "0" Pressure = "0" />
		<Point X = "366" Y = "136" T = "0" Pressure = "0" />
		<Point X = "365" Y = "132" T = "0" Pressure = "0" />
		<Point X = "363" Y = "130" T = "0" Pressure = "0" />
		<Point X = "362" Y = "130" T = "0" Pressure = "0" />
		<Point X = "358" Y = "128" T = "0" Pressure = "0" />
		<Point X = "356" Y = "128" T = "0" Pressure = "0" />
		<Point X = "354" Y = "127" T = "0" Pressure = "0" />
		<Point X = "348" Y = "125" T = "0" Pressure = "0" />
		<Point X = "346" Y = "123" T = "0" Pressure = "0" />
		<Point X = "343" Y = "122" T = "0" Pressure = "0" />
		<Point X = "338" Y = "119" T = "0" Pressure = "0" />
		<Point X = "334" Y = "118" T = "0" Pressure = "0" />
		<Point X = "330" Y = "115" T = "0" Pressure = "0" />
		<Point X = "329" Y = "115" T = "0" Pressure = "0" />
		<Point X = "328" Y = "115" T = "0" Pressure = "0" />
		<Point X = "327" Y = "115" T = "0" Pressure = "0" />
		<Point X = "326" Y = "115" T = "0" Pressure = "0" />
		<Point X = "325" Y = "115" T = "0" Pressure = "0" />
		<Point X = "323" Y = "115" T = "0" Pressure = "0" />
		<Point X = "320" Y = "115" T = "0" Pressure = "0" />
		<Point X = "317" Y = "115" T = "0" Pressure = "0" />
		<Point X = "312" Y = "115" T = "0" Pressure = "0" />
		<Point X = "310" Y = "115" T = "0" Pressure = "0" />
		<Point X = "306" Y = "115" T = "0" Pressure = "0" />
		<Point X = "302" Y = "115" T = "0" Pressure = "0" />
		<Point X = "300" Y = "115" T = "0" Pressure = "0" />
		<Point X = "297" Y = "116" T = "0" Pressure = "0" />
		<Point X = "294" Y = "118" T = "0" Pressure = "0" />
		<Point X = "293" Y = "119" T = "0" Pressure = "0" />
		<Point X = "291" Y = "119" T = "0" Pressure = "0" />
		<Point X = "290" Y = "120" T = "0" Pressure = "0" />
		<Point X = "288" Y = "121" T = "0" Pressure = "0" />
		<Point X = "284" Y = "123" T = "0" Pressure = "0" />
		<Point X = "282" Y = "125" T = "0" Pressure = "0" />
		<Point X = "277" Y = "129" T = "0" Pressure = "0" />
		<Point X = "273" Y = "133" T = "0" Pressure = "0" />
		<Point X = "270" Y = "138" T = "0" Pressure = "0" />
		<Point X = "268" Y = "141" T = "0" Pressure = "0" />
		<Point X = "265" Y = "147" T = "0" Pressure = "0" />
		<Point X = "263" Y = "151" T = "0" Pressure = "0" />
		<Point X = "262" Y = "153" T = "0" Pressure = "0" />
		<Point X = "261" Y = "156" T = "0" Pressure = "0" />
		<Point X = "261" Y = "158" T = "0" Pressure = "0" />
		<Point X = "261" Y = "159" T = "0" Pressure = "0" />
		<Point X = "261" Y = "162" T = "0" Pressure = "0" />
		<Point X = "261" Y = "165" T = "0" Pressure = "0" />
		<Point X = "261" Y = "167" T = "0" Pressure = "0" />
		<Point X = "262" Y = "171" T = "0" Pressure = "0" />
		<Point X = "264" Y = "173" T = "0" Pressure = "0" />
		<Point X = "266" Y = "174" T = "0" Pressure = "0" />
		<Point X = "267" Y = "177" T = "0" Pressure = "0" />
		<Point X = "269" Y = "178" T = "0" Pressure = "0" />
		<Point X = "269" Y = "179" T = "0" Pressure = "0" />
		<Point X = "271" Y = "181" T = "0" Pressure = "0" />
		<Point X = "274" Y = "182" T = "0" Pressure = "0" />
		<Point X = "276" Y = "183" T = "0" Pressure = "0" />
		<Point X = "279" Y = "184" T = "0" Pressure = "0" />
		<Point X = "283" Y = "184" T = "0" Pressure = "0" />
		<Point X = "285" Y = "184" T = "0" Pressure = "0" />
		<Point X = "287" Y = "184" T = "0" Pressure = "0" />
		<Point X = "289" Y = "184" T = "0" Pressure = "0" />
		<Point X = "290" Y = "184" T = "0" Pressure = "0" />
		<Point X = "292" Y = "184" T = "0" Pressure = "0" />
		<Point X = "294" Y = "184" T = "0" Pressure = "0" />
		<Point X = "297" Y = "184" T = "0" Pressure = "0" />
		<Point X = "299" Y = "184" T = "0" Pressure = "0" />
		<Point X = "300" Y = "184" T = "0" Pressure = "0" />
		<Point X = "303" Y = "184" T = "0" Pressure = "0" />
		<Point X = "304" Y = "183" T = "0" Pressure = "0" />
		<Point X = "305" Y = "183" T = "0" Pressure = "0" />
		<Point X = "306" Y = "181" T = "0" Pressure = "0" />
		<Point X = "307" Y = "181" T = "0" Pressure = "0" />
		<Point X = "307" Y = "180" T = "0" Pressure = "0" />
		<Point X = "308" Y = "178" T = "0" Pressure = "0" />
		<Point X = "310" Y = "175" T = "0" Pressure = "0" />
		<Point X = "310" Y = "173" T = "0" Pressure = "0" />
		<Point X = "311" Y = "170" T = "0" Pressure = "0" />
		<Point X = "311" Y = "169" T = "0" Pressure = "0" />
		<Point X = "311" Y = "167" T = "0" Pressure = "0" />
		<Point X = "311" Y = "166" T = "0" Pressure = "0" />
		<Point X = "311" Y = "164" T = "0" Pressure = "0" />
		<Point X = "311" Y = "163" T = "0" Pressure = "0" />
		<Point X = "311" Y = "162" T = "0" Pressure = "0" />
		<Point X = "310" Y = "160" T = "0" Pressure = "0" />
		<Point X = "309" Y = "160" T = "0" Pressure = "0" />
		<Point X = "307" Y = "158" T = "0" Pressure = "0" />
		<Point X = "306" Y = "158" T = "0" Pressure = "0" />
		<Point X = "304" Y = "156" T = "0" Pressure = "0" />
		<Point X = "304" Y = "155" T = "0" Pressure = "0" />
		<Point X = "303" Y = "154" T = "0" Pressure = "0" />
		<Point X = "302" Y = "154" T = "0" Pressure = "0" />
		<Point X = "301" Y = "154" T = "0" Pressure = "0" />
		<Point X = "300" Y = "154" T = "0" Pressure = "0" />
		<Point X = "299" Y = "154" T = "0" Pressure = "0" />
		<Point X = "298" Y = "154" T = "0" Pressure = "0" />
		<Point X = "297" Y = "154" T = "0" Pressure = "0" />
		<Point X = "295" Y = "154" T = "0" Pressure = "0" />
		<Point X = "294" Y = "154" T = "0" Pressure = "0" />
		<Point X = "292" Y = "154" T = "0" Pressure = "0" />
		<Point X = "291" Y = "154" T = "0" Pressure = "0" />
		<Point X = "288" Y = "156" T = "0" Pressure = "0" />
		<Point X = "288" Y = "157" T = "0" Pressure = "0" />
		<Point X = "287" Y = "158" T = "0" Pressure = "0" />
		<Point X = "287" Y = "159" T = "0" Pressure = "0" />
		<Point X = "286" Y = "160" T = "0" Pressure = "0" />
		<Point X = "285" Y = "162" T = "0" Pressure = "0" />
		<Point X = "284" Y = "163" T = "0" Pressure = "0" />
		<Point X = "284" Y = "164" T = "0" Pressure = "0" />
		<Point X = "284" Y = "166" T = "0" Pressure = "0" />
		<Point X = "284" Y = "168" T = "0" Pressure = "0" />
		<Point X = "284" Y = "170" T = "0" Pressure = "0" />
		<Point X = "284" Y = "173" T = "0" Pressure = "0" />
		<Point X = "284" Y = "175" T = "0" Pressure = "0" />
	</Stroke>
</Gesture>
