<?xml version="1.0" encoding="utf-8" standalone="yes"?>
<Gesture Name = "spiral">
	<Stroke>
		<Point X = "291" Y = "121" T = "0" Pressure = "0" />
		<Point X = "288" Y = "121" T = "0" Pressure = "0" />
		<Point X = "283" Y = "119" T = "0" Pressure = "0" />
		<Point X = "281" Y = "119" T = "0" Pressure = "0" />
		<Point X = "280" Y = "119" T = "0" Pressure = "0" />
		<Point X = "279" Y = "119" T = "0" Pressure = "0" />
		<Point X = "278" Y = "119" T = "0" Pressure = "0" />
		<Point X = "277" Y = "120" T = "0" Pressure = "0" />
		<Point X = "276" Y = "121" T = "0" Pressure = "0" />
		<Point X = "275" Y = "123" T = "0" Pressure = "0" />
		<Point X = "272" Y = "127" T = "0" Pressure = "0" />
		<Point X = "272" Y = "130" T = "0" Pressure = "0" />
		<Point X = "268" Y = "137" T = "0" Pressure = "0" />
		<Point X = "267" Y = "143" T = "0" Pressure = "0" />
		<Point X = "263" Y = "152" T = "0" Pressure = "0" />
		<Point X = "261" Y = "162" T = "0" Pressure = "0" />
		<Point X = "258" Y = "172" T = "0" Pressure = "0" />
		<Point X = "256" Y = "181" T = "0" Pressure = "0" />
		<Point X = "254" Y = "190" T = "0" Pressure = "0" />
		<Point X = "252" Y = "195" T = "0" Pressure = "0" />
		<Point X = "251" Y = "199" T = "0" Pressure = "0" />
		<Point X = "250" Y = "202" T = "0" Pressure = "0" />
		<Point X = "248" Y = "205" T = "0" Pressure = "0" />
		<Point X = "247" Y = "211" T = "0" Pressure = "0" />
		<Point X = "247" Y = "213" T = "0" Pressure = "0" />
		<Point X = "247" Y = "219" T = "0" Pressure = "0" />
		<Point X = "247" Y = "224" T = "0" Pressure = "0" />
		<Point X = "247" Y = "227" T = "0" Pressure = "0" />
		<Point X = "247" Y = "233" T = "0" Pressure = "0" />
		<Point X = "248" Y = "238" T = "0" Pressure = "0" />
		<Point X = "251" Y = "244" T = "0" Pressure = "0" />
		<Point X = "254" Y = "249" T = "0" Pressure = "0" />
		<Point X = "259" Y = "255" T = "0" Pressure = "0" />
		<Point X = "264" Y = "260" T = "0" Pressure = "0" />
		<Point X = "268" Y = "264" T = "0" Pressure = "0" />
		<Point X = "272" Y = "267" T = "0" Pressure = "0" />
		<Point X = "275" Y = "268" T = "0" Pressure = "0" />
		<Point X = "277" Y = "268" T = "0" Pressure = "0" />
		<Point X = "280" Y = "268" T = "0" Pressure = "0" />
		<Point X = "283" Y = "268" T = "0" Pressure = "0" />
		<Point X = "286" Y = "268" T = "0" Pressure = "0" />
		<Point X = "290" Y = "268" T = "0" Pressure = "0" />
		<Point X = "296" Y = "267" T = "0" Pressure = "0" />
		<Point X = "302" Y = "263" T = "0" Pressure = "0" />
		<Point X = "308" Y = "260" T = "0" Pressure = "0" />
		<Point X = "316" Y = "255" T = "0" Pressure = "0" />
		<Point X = "321" Y = "251" T = "0" Pressure = "0" />
		<Point X = "325" Y = "247" T = "0" Pressure = "0" />
		<Point X = "329" Y = "241" T = "0" Pressure = "0" />
		<Point X = "330" Y = "237" T = "0" Pressure = "0" />
		<Point X = "332" Y = "230" T = "0" Pressure = "0" />
		<Point X = "332" Y = "221" T = "0" Pressure = "0" />
		<Point X = "332" Y = "215" T = "0" Pressure = "0" />
		<Point X = "332" Y = "208" T = "0" Pressure = "0" />
		<Point X = "332" Y = "205" T = "0" Pressure = "0" />
		<Point X = "332" Y = "202" T = "0" Pressure = "0" />
		<Point X = "332" Y = "197" T = "0" Pressure = "0" />
		<Point X = "332" Y = "194" T = "0" Pressure = "0" />
		<Point X = "332" Y = "190" T = "0" Pressure = "0" />
		<Point X = "332" Y = "186" T = "0" Pressure = "0" />
		<Point X = "332" Y = "183" T = "0" Pressure = "0" />
		<Point X = "332" Y = "179" T = "0" Pressure = "0" />
		<Point X = "332" Y = "175" T = "0" Pressure = "0" />
		<Point X = "329" Y = "172" T = "0" Pressure = "0" />
		<Point X = "327" Y = "169" T = "0" Pressure = "0" />
		<Point X = "323" Y = "169" T = "0" Pressure = "0" />
		<Point X = "319" Y = "166" T = "0" Pressure = "0" />
		<Point X = "318" Y = "166" T = "0" Pressure = "0" />
		<Point X = "315" Y = "165" T = "0" Pressure = "0" />
		<Point X = "312" Y = "164" T = "0" Pressure = "0" />
		<Point X = "311" Y = "164" T = "0" Pressure = "0" />
		<Point X = "308" Y = "164" T = "0" Pressure = "0" />
		<Point X = "305" Y = "164" T = "0" Pressure = "0" />
		<Point X = "301" Y = "164" T = "0" Pressure = "0" />
		<Point X = "298" Y = "164" T = "0" Pressure = "0" />
		<Point X = "292" Y = "164" T = "0" Pressure = "0" />
		<Point X = "286" Y = "166" T = "0" Pressure = "0" />
		<Point X = "282" Y = "167" T = "0" Pressure = "0" />
		<Point X = "276" Y = "171" T = "0" Pressure = "0" />
		<Point X = "272" Y = "173" T = "0" Pressure = "0" />
		<Point X = "269" Y = "173" T = "0" Pressure = "0" />
		<Point X = "267" Y = "175" T = "0" Pressure = "0" />
		<Point X = "265" Y = "177" T = "0" Pressure = "0" />
		<Point X = "264" Y = "178" T = "0" Pressure = "0" />
		<Point X = "261" Y = "182" T = "0" Pressure = "0" />
		<Point X = "261" Y = "186" T = "0" Pressure = "0" />
		<Point X = "261" Y = "188" T = "0" Pressure = "0" />
		<Point X = "261" Y = "191" T = "0" Pressure = "0" />
		<Point X = "261" Y = "194" T = "0" Pressure = "0" />
		<Point X = "261" Y = "195" T = "0" Pressure = "0" />
		<Point X = "261" Y = "197" T = "0" Pressure = "0" />
		<Point X = "262" Y = "198" T = "0" Pressure = "0" />
		<Point X = "264" Y = "203" T = "0" Pressure = "0" />
		<Point X = "266" Y = "206" T = "0" Pressure = "0" />
		<Point X = "268" Y = "208" T = "0" Pressure = "0" />
		<Point X = "269" Y = "210" T = "0" Pressure = "0" />
		<Point X = "271" Y = "212" T = "0" Pressure = "0" />
		<Point X = "272" Y = "215" T = "0" Pressure = "0" />
		<Point X = "273" Y = "215" T = "0" Pressure = "0" />
		<Point X = "276" Y = "217" T = "0" Pressure = "0" />
		<Point X = "277" Y = "218" T = "0" Pressure = "0" />
		<Point X = "279" Y = "219" T = "0" Pressure = "0" />
		<Point X = "279" Y = "220" T = "0" Pressure = "0" />
		<Point X = "280" Y = "220" T = "0" Pressure = "0" />
		<Point X = "283" Y = "220" T = "0" Pressure = "0" />
		<Point X = "285" Y = "220" T = "0" Pressure = "0" />
		<Point X = "287" Y = "220" T = "0" Pressure = "0" />
		<Point X = "289" Y = "220" T = "0" Pressure = "0" />
		<Point X = "290" Y = "220" T = "0" Pressure = "0" />
		<Point X = "292" Y = "220" T = "0" Pressure = "0" />
		<Point X = "294" Y = "221" T = "0" Pressure = "0" />
		<Point X = "296" Y = "221" T = "0" Pressure = "0" />
		<Point X = "297" Y = "221" T = "0" Pressure = "0" />
		<Point X = "298" Y = "221" T = "0" Pressure = "0" />
		<Point X = "300" Y = "221" T = "0" Pressure = "0" />
		<Point X = "301" Y = "220" T = "0" Pressure = "0" />
		<Point X = "302" Y = "218" T = "0" Pressure = "0" />
		<Point X = "303" Y = "214" T = "0" Pressure = "0" />
		<Point X = "304" Y = "213" T = "0" Pressure = "0" />
		<Point X = "305" Y = "210" T = "0" Pressure = "0" />
		<Point X = "307" Y = "208" T = "0" Pressure = "0" />
		<Point X = "307" Y = "207" T = "0" Pressure = "0" />
		<Point X = "307" Y = "205" T = "0" Pressure = "0" />
		<Point X = "308" Y = "203" T = "0" Pressure = "0" />
		<Point X = "308" Y = "201" T = "0" Pressure = "0" />
		<Point X = "308" Y = "200" T = "0" Pressure = "0" />
		<Point X = "308" Y = "198" T = "0" Pressure = "0" />
		<Point X = "308" Y = "197" T = "0" Pressure = "0" />
		<Point X = "308" Y = "196" T = "0" Pressure = "0" />
		<Point X = "306" Y = "195" T = "0" Pressure = "0" />
		<Point X = "302" Y = "195" T = "0" Pressure = "0" />
		<Point X = "300" Y = "193" T = "0" Pressure = "0" />
		<Point X = "297" Y = "193" T = "0" Pressure = "0" />
		<Point X = "296" Y = "193" T = "0" Pressure = "0" />
		<Point X = "295" Y = "192" T = "0" Pressure = "0" />
		<Point X = "294" Y = "192" T = "0" Pressure = "0" />
		<Point X = "293" Y = "192" T = "0" Pressure = "0" />
		<Point X = "292" Y = "193" T = "0" Pressure = "0" />
		<Point X = "291" Y = "194" T = "0" Pressure = "0" />
		<Point X = "290" Y = "194" T = "0" Pressure = "0" />
		<Point X = "290" Y = "196" T = "0" Pressure = "0" />
		<Point X = "289" Y = "197" T = "0" Pressure = "0" />
		<Point X = "288" Y = "199" T = "0" Pressure = "0" />
		<Point X = "288" Y = "200" T = "0" Pressure = "0" />
		<Point X = "288" Y = "202" T = "0" Pressure = "0" />
		<Point X = "288" Y = "204" T = "0" Pressure = "0" />
		<Point X = "288" Y = "205" T = "0" Pressure = "0" />
		<Point X = "288" Y = "206" T = "0" Pressure = "0" />
		<Point X = "288" Y = "207" T = "0" Pressure = "0" />
	</Stroke>
</Gesture>
