<?xml version="1.0" encoding="utf-8" standalone="yes"?>
<Gesture Name = "spiral">
	<Stroke>
		<Point X = "160" Y = "269" T = "0" Pressure = "0" />
		<Point X = "159" Y = "269" T = "0" Pressure = "0" />
		<Point X = "156" Y = "269" T = "0" Pressure = "0" />
		<Point X = "152" Y = "269" T = "0" Pressure = "0" />
		<Point X = "146" Y = "269" T = "0" Pressure = "0" />
		<Point X = "138" Y = "266" T = "0" Pressure = "0" />
		<Point X = "129" Y = "262" T = "0" Pressure = "0" />
		<Point X = "118" Y = "259" T = "0" Pressure = "0" />
		<Point X = "105" Y = "253" T = "0" Pressure = "0" />
		<Point X = "95" Y = "248" T = "0" Pressure = "0" />
		<Point X = "84" Y = "242" T = "0" Pressure = "0" />
		<Point X = "76" Y = "238" T = "0" Pressure = "0" />
		<Point X = "71" Y = "233" T = "0" Pressure = "0" />
		<Point X = "69" Y = "231" T = "0" Pressure = "0" />
		<Point X = "68" Y = "228" T = "0" Pressure = "0" />
		<Point X = "66" Y = "224" T = "0" Pressure = "0" />
		<Point X = "66" Y = "220" T = "0" Pressure = "0" />
		<Point X = "66" Y = "216" T = "0" Pressure = "0" />
		<Point X = "66" Y = "209" T = "0" Pressure = "0" />
		<Point X = "66" Y = "204" T = "0" Pressure = "0" />
		<Point X = "66" Y = "195" T = "0" Pressure = "0" />
		<Point X = "66" Y = "190" T = "0" Pressure = "0" />
		<Point X = "67" Y = "181" T = "0" Pressure = "0" />
		<Point X = "68" Y = "174" T = "0" Pressure = "0" />
		<Point X = "71" Y = "167" T = "0" Pressure = "0" />
		<Point X = "73" Y = "160" T = "0" Pressure = "0" />
		<Point X = "78" Y = "150" T = "0" Pressure = "0" />
		<Point X = "84" Y = "142" T = "0" Pressure = "0" />
		<Point X = "89" Y = "135" T = "0" Pressure = "0" />
		<Point X = "93" Y = "129" T = "0" Pressure = "0" />
		<Point X = "97" Y = "124" T = "0" Pressure = "0" />
		<Point X = "99" Y = "121" T = "0" Pressure = "0" />
		<Point X = "103" Y = "118" T = "0" Pressure = "0" />
		<Point X = "105" Y = "116" T = "0" Pressure = "0" />
		<Point X = "109" Y = "114" T = "0" Pressure = "0" />
		<Point X = "111" Y = "114" T = "0" Pressure = "0" />
		<Point X = "117" Y = "113" T = "0" Pressure = "0" />
		<Point X = "126" Y = "113" T = "0" Pressure = "0" />
		<Point X = "139" Y = "113" T = "0" Pressure = "0" />
		<Point X = "150" Y = "113" T = "0" Pressure = "0" />
		<Point X = "161" Y = "116" T = "0" Pressure = "0" />
		<Point X = "169" Y = "119" T = "0" Pressure = "0" />
		<Point X = "175" Y = "122" T = "0" Pressure = "0" />
		<Point X = "181" Y = "125" T = "0" Pressure = "0" />
		<Point X = "183" Y = "127" T = "0" Pressure = "0" />
		<Point X = "187" Y = "130" T = "0" Pressure = "0" />
		<Point X = "188" Y = "134" T = "0" Pressure = "0" />
		<Point X = "191" Y = "137" T = "0" Pressure = "0" />
		<Point X = "193" Y = "143" T = "0" Pressure = "0" />
		<Point X = "194" Y = "146" T = "0" Pressure = "0" />
		<Point X = "197" Y = "154" T = "0" Pressure = "0" />
		<Point X = "198" Y = "163" T = "0" Pressure = "0" />
		<Point X = "199" Y = "172" T = "0" Pressure = "0" />
		<Point X = "200" Y = "179" T = "0" Pressure = "0" />
		<Point X = "201" Y = "182" T = "0" Pressure = "0" />
		<Point X = "201" Y = "186" T = "0" Pressure = "0" />
		<Point X = "201" Y = "189" T = "0" Pressure = "0" />
		<Point X = "201" Y = "190" T = "0" Pressure = "0" />
		<Point X = "201" Y = "192" T = "0" Pressure = "0" />
		<Point X = "200" Y = "193" T = "0" Pressure = "0" />
		<Point X = "200" Y = "194" T = "0" Pressure = "0" />
		<Point X = "198" Y = "195" T = "0" Pressure = "0" />
		<Point X = "195" Y = "196" T = "0" Pressure = "0" />
		<Point X = "194" Y = "197" T = "0" Pressure = "0" />
		<Point X = "189" Y = "197" T = "0" Pressure = "0" />
		<Point X = "183" Y = "197" T = "0" Pressure = "0" />
		<Point X = "177" Y = "197" T = "0" Pressure = "0" />
		<Point X = "172" Y = "197" T = "0" Pressure = "0" />
		<Point X = "168" Y = "197" T = "0" Pressure = "0" />
		<Point X = "164" Y = "197" T = "0" Pressure = "0" />
		<Point X = "162" Y = "198" T = "0" Pressure = "0" />
		<Point X = "161" Y = "198" T = "0" Pressure = "0" />
		<Point X = "158" Y = "199" T = "0" Pressure = "0" />
		<Point X = "156" Y = "200" T = "0" Pressure = "0" />
		<Point X = "155" Y = "202" T = "0" Pressure = "0" />
		<Point X = "152" Y = "203" T = "0" Pressure = "0" />
		<Point X = "152" Y = "204" T = "0" Pressure = "0" />
		<Point X = "151" Y = "204" T = "0" Pressure = "0" />
		<Point X = "150" Y = "205" T = "0" Pressure = "0" />
		<Point X = "148" Y = "205" T = "0" Pressure = "0" />
		<Point X = "146" Y = "206" T = "0" Pressure = "0" />
		<Point X = "144" Y = "206" T = "0" Pressure = "0" />
		<Point X = "143" Y = "206" T = "0" Pressure = "0" />
		<Point X = "142" Y = "206" T = "0" Pressure = "0" />
		<Point X = "141" Y = "206" T = "0" Pressure = "0" />
		<Point X = "139" Y = "206" T = "0" Pressure = "0" />
		<Point X = "137" Y = "206" T = "0" Pressure = "0" />
		<Point X = "136" Y = "205" T = "0" Pressure = "0" />
		<Point X = "135" Y = "203" T = "0" Pressure = "0" />
		<Point X = "134" Y = "201" T = "0" Pressure = "0" />
		<Point X = "132" Y = "199" T = "0" Pressure = "0" />
		<Point X = "131" Y = "196" T = "0" Pressure = "0" />
		<Point X = "131" Y = "193" T = "0" Pressure = "0" />
		<Point X = "128" Y = "187" T = "0" Pressure = "0" />
		<Point X = "127" Y = "183" T = "0" Pressure = "0" />
		<Point X = "127" Y = "180" T = "0" Pressure = "0" />
		<Point X = "126" Y = "177" T = "0" Pressure = "0" />
		<Point X = "126" Y = "172" T = "0" Pressure = "0" />
		<Point X = "124" Y = "168" T = "0" Pressure = "0" />
		<Point X = "124" Y = "165" T = "0" Pressure = "0" />
		<Point X = "124" Y = "161" T = "0" Pressure = "0" />
		<Point X = "124" Y = "159" T = "0" Pressure = "0" />
		<Point X = "124" Y = "154" T = "0" Pressure = "0" />
		<Point X = "124" Y = "151" T = "0" Pressure = "0" />
		<Point X = "124" Y = "148" T = "0" Pressure = "0" />
		<Point X = "125" Y = "145" T = "0" Pressure = "0" />
		<Point X = "125" Y = "143" T = "0" Pressure = "0" />
		<Point X = "125" Y = "141" T = "0" Pressure = "0" />
		<Point X = "127" Y = "139" T = "0" Pressure = "0" />
		<Point X = "128" Y = "138" T = "0" Pressure = "0" />
		<Point X = "128" Y = "137" T = "0" Pressure = "0" />
		<Point X = "129" Y = "136" T = "0" Pressure = "0" />
		<Point X = "130" Y = "136" T = "0" Pressure = "0" />
		<Point X = "131" Y = "136" T = "0" Pressure = "0" />
		<Point X = "133" Y = "136" T = "0" Pressure = "0" />
		<Point X = "133" Y = "137" T = "0" Pressure = "0" />
		<Point X = "135" Y = "138" T = "0" Pressure = "0" />
		<Point X = "137" Y = "138" T = "0" Pressure = "0" />
		<Point X = "138" Y = "140" T = "0" Pressure = "0" />
		<Point X = "139" Y = "140" T = "0" Pressure = "0" />
		<Point X = "140" Y = "141" T = "0" Pressure = "0" />
		<Point X = "141" Y = "142" T = "0" Pressure = "0" />
		<Point X = "142" Y = "143" T = "0" Pressure = "0" />
		<Point X = "143" Y = "144" T = "0" Pressure = "0" />
		<Point X = "144" Y = "145" T = "0" Pressure = "0" />
		<Point X = "145" Y = "147" T = "0" Pressure = "0" />
		<Point X = "146" Y = "148" T = "0" Pressure = "0" />
		<Point X = "148" Y = "150" T = "0" Pressure = "0" />
		<Point X = "149" Y = "153" T = "0" Pressure = "0" />
		<Point X = "151" Y = "155" T = "0" Pressure = "0" />
		<Point X = "153" Y = "156" T = "0" Pressure = "0" />
		<Point X = "154" Y = "158" T = "0" Pressure = "0" />
		<Point X = "155" Y = "159" T = "0" Pressure = "0" />
		<Point X = "155" Y = "160" T = "0" Pressure = "0" />
		<Point X = "156" Y = "160" T = "0" Pressure = "0" />
		<Point X = "156" Y = "161" T = "0" Pressure = "0" />
		<Point X = "156" Y = "163" T = "0" Pressure = "0" />
		<Point X = "156" Y = "164" T = "0" Pressure = "0" />
		<Point X = "156" Y = "166" T = "0" Pressure = "0" />
		<Point X = "156" Y = "168" T = "0" Pressure = "0" />
		<Point X = "156" Y = "170" T = "0" Pressure = "0" />
		<Point X = "155" Y = "171" T = "0" Pressure = "0" />
		<Point X = "155" Y = "172" T = "0" Pressure = "0" />
		<Point X = "154" Y = "172" T = "0" Pressure = "0" />
		<Point X = "152" Y = "172" T = "0" Pressure = "0" />
		<Point X = "150" Y = "171" T = "0" Pressure = "0" />
		<Point X = "148" Y = "169" T = "0" Pressure = "0" />
		<Point X = "147" Y = "167" T = "0" Pressure = "0" />
		<Point X = "146" Y = "165" T = "0" Pressure = "0" />
		<Point X = "144" Y = "163" T = "0" Pressure = "0" />
		<Point X = "144" Y = "162" T = "0" Pressure = "0" />
		<Point X = "143" Y = "162" T = "0" Pressure = "0" />
		<Point X = "142" Y = "160" T = "0" Pressure = "0" />
	</Stroke>
</Gesture>
