<?xml version="1.0" encoding="utf-8" standalone="yes"?>
<Gesture Name = "spiral">
	<Stroke>
		<Point X = "158" Y = "55" T = "0" Pressure = "0" />
		<Point X = "157" Y = "55" T = "0" Pressure = "0" />
		<Point X = "155" Y = "55" T = "0" Pressure = "0" />
		<Point X = "151" Y = "56" T = "0" Pressure = "0" />
		<Point X = "147" Y = "57" T = "0" Pressure = "0" />
		<Point X = "141" Y = "59" T = "0" Pressure = "0" />
		<Point X = "136" Y = "61" T = "0" Pressure = "0" />
		<Point X = "132" Y = "63" T = "0" Pressure = "0" />
		<Point X = "123" Y = "66" T = "0" Pressure = "0" />
		<Point X = "116" Y = "70" T = "0" Pressure = "0" />
		<Point X = "108" Y = "73" T = "0" Pressure = "0" />
		<Point X = "102" Y = "77" T = "0" Pressure = "0" />
		<Point X = "96" Y = "81" T = "0" Pressure = "0" />
		<Point X = "91" Y = "83" T = "0" Pressure = "0" />
		<Point X = "88" Y = "86" T = "0" Pressure = "0" />
		<Point X = "85" Y = "88" T = "0" Pressure = "0" />
		<Point X = "82" Y = "90" T = "0" Pressure = "0" />
		<Point X = "80" Y = "93" T = "0" Pressure = "0" />
		<Point X = "78" Y = "94" T = "0" Pressure = "0" />
		<Point X = "76" Y = "97" T = "0" Pressure = "0" />
		<Point X = "75" Y = "102" T = "0" Pressure = "0" />
		<Point X = "74" Y = "105" T = "0" Pressure = "0" />
		<Point X = "72" Y = "111" T = "0" Pressure = "0" />
		<Point X = "71" Y = "115" T = "0" Pressure = "0" />
		<Point X = "70" Y = "120" T = "0" Pressure = "0" />
		<Point X = "70" Y = "123" T = "0" Pressure = "0" />
		<Point X = "70" Y = "127" T = "0" Pressure = "0" />
		<Point X = "70" Y = "131" T = "0" Pressure = "0" />
		<Point X = "70" Y = "135" T = "0" Pressure = "0" />
		<Point X = "70" Y = "141" T = "0" Pressure = "0" />
		<Point X = "70" Y = "147" T = "0" Pressure = "0" />
		<Point X = "70" Y = "153" T = "0" Pressure = "0" />
		<Point X = "72" Y = "161" T = "0" Pressure = "0" />
		<Point X = "76" Y = "168" T = "0" Pressure = "0" />
		<Point X = "78" Y = "174" T = "0" Pressure = "0" />
		<Point X = "83" Y = "180" T = "0" Pressure = "0" />
		<Point X = "88" Y = "188" T = "0" Pressure = "0" />
		<Point X = "93" Y = "194" T = "0" Pressure = "0" />
		<Point X = "98" Y = "199" T = "0" Pressure = "0" />
		<Point X = "102" Y = "203" T = "0" Pressure = "0" />
		<Point X = "107" Y = "207" T = "0" Pressure = "0" />
		<Point X = "112" Y = "210" T = "0" Pressure = "0" />
		<Point X = "115" Y = "212" T = "0" Pressure = "0" />
		<Point X = "117" Y = "213" T = "0" Pressure = "0" />
		<Point X = "122" Y = "216" T = "0" Pressure = "0" />
		<Point X = "125" Y = "217" T = "0" Pressure = "0" />
		<Point X = "131" Y = "219" T = "0" Pressure = "0" />
		<Point X = "136" Y = "221" T = "0" Pressure = "0" />
		<Point X = "143" Y = "222" T = "0" Pressure = "0" />
		<Point X = "149" Y = "224" T = "0" Pressure = "0" />
		<Point X = "154" Y = "224" T = "0" Pressure = "0" />
		<Point X = "160" Y = "224" T = "0" Pressure = "0" />
		<Point X = "168" Y = "224" T = "0" Pressure = "0" />
		<Point X = "174" Y = "224" T = "0" Pressure = "0" />
		<Point X = "182" Y = "224" T = "0" Pressure = "0" />
		<Point X = "189" Y = "223" T = "0" Pressure = "0" />
		<Point X = "195" Y = "222" T = "0" Pressure = "0" />
		<Point X = "203" Y = "220" T = "0" Pressure = "0" />
		<Point X = "209" Y = "218" T = "0" Pressure = "0" />
		<Point X = "218" Y = "214" T = "0" Pressure = "0" />
		<Point X = "224" Y = "212" T = "0" Pressure = "0" />
		<Point X = "230" Y = "207" T = "0" Pressure = "0" />
		<Point X = "236" Y = "200" T = "0" Pressure = "0" />
		<Point X = "242" Y = "194" T = "0" Pressure = "0" />
		<Point X = "247" Y = "184" T = "0" Pressure = "0" />
		<Point X = "250" Y = "176" T = "0" Pressure = "0" />
		<Point X = "252" Y = "167" T = "0" Pressure = "0" />
		<Point X = "256" Y = "157" T = "0" Pressure = "0" />
		<Point X = "257" Y = "151" T = "0" Pressure = "0" />
		<Point X = "257" Y = "144" T = "0" Pressure = "0" />
		<Point X = "257" Y = "137" T = "0" Pressure = "0" />
		<Point X = "257" Y = "133" T = "0" Pressure = "0" />
		<Point X = "256" Y = "127" T = "0" Pressure = "0" />
		<Point X = "254" Y = "125" T = "0" Pressure = "0" />
		<Point X = "253" Y = "122" T = "0" Pressure = "0" />
		<Point X = "250" Y = "119" T = "0" Pressure = "0" />
		<Point X = "247" Y = "117" T = "0" Pressure = "0" />
		<Point X = "242" Y = "113" T = "0" Pressure = "0" />
		<Point X = "236" Y = "110" T = "0" Pressure = "0" />
		<Point X = "232" Y = "107" T = "0" Pressure = "0" />
		<Point X = "225" Y = "103" T = "0" Pressure = "0" />
		<Point X = "217" Y = "100" T = "0" Pressure = "0" />
		<Point X = "209" Y = "94" T = "0" Pressure = "0" />
		<Point X = "201" Y = "89" T = "0" Pressure = "0" />
		<Point X = "194" Y = "83" T = "0" Pressure = "0" />
		<Point X = "188" Y = "81" T = "0" Pressure = "0" />
		<Point X = "183" Y = "78" T = "0" Pressure = "0" />
		<Point X = "181" Y = "78" T = "0" Pressure = "0" />
		<Point X = "181" Y = "77" T = "0" Pressure = "0" />
		<Point X = "180" Y = "77" T = "0" Pressure = "0" />
		<Point X = "179" Y = "77" T = "0" Pressure = "0" />
		<Point X = "178" Y = "77" T = "0" Pressure = "0" />
		<Point X = "176" Y = "77" T = "0" Pressure = "0" />
		<Point X = "174" Y = "78" T = "0" Pressure = "0" />
		<Point X = "172" Y = "79" T = "0" Pressure = "0" />
		<Point X = "167" Y = "82" T = "0" Pressure = "0" />
		<Point X = "164" Y = "84" T = "0" Pressure = "0" />
		<Point X = "161" Y = "86" T = "0" Pressure = "0" />
		<Point X = "157" Y = "89" T = "0" Pressure = "0" />
		<Point X = "152" Y = "93" T = "0" Pressure = "0" />
		<Point X = "146" Y = "98" T = "0" Pressure = "0" />
		<Point X = "142" Y = "102" T = "0" Pressure = "0" />
		<Point X = "137" Y = "107" T = "0" Pressure = "0" />
		<Point X = "136" Y = "108" T = "0" Pressure = "0" />
		<Point X = "133" Y = "111" T = "0" Pressure = "0" />
		<Point X = "131" Y = "113" T = "0" Pressure = "0" />
		<Point X = "129" Y = "114" T = "0" Pressure = "0" />
		<Point X = "127" Y = "117" T = "0" Pressure = "0" />
		<Point X = "126" Y = "118" T = "0" Pressure = "0" />
		<Point X = "125" Y = "121" T = "0" Pressure = "0" />
		<Point X = "122" Y = "124" T = "0" Pressure = "0" />
		<Point X = "122" Y = "126" T = "0" Pressure = "0" />
		<Point X = "121" Y = "128" T = "0" Pressure = "0" />
		<Point X = "119" Y = "133" T = "0" Pressure = "0" />
		<Point X = "118" Y = "138" T = "0" Pressure = "0" />
		<Point X = "117" Y = "143" T = "0" Pressure = "0" />
		<Point X = "117" Y = "147" T = "0" Pressure = "0" />
		<Point X = "117" Y = "153" T = "0" Pressure = "0" />
		<Point X = "117" Y = "157" T = "0" Pressure = "0" />
		<Point X = "117" Y = "161" T = "0" Pressure = "0" />
		<Point X = "117" Y = "163" T = "0" Pressure = "0" />
		<Point X = "117" Y = "165" T = "0" Pressure = "0" />
		<Point X = "117" Y = "168" T = "0" Pressure = "0" />
		<Point X = "118" Y = "169" T = "0" Pressure = "0" />
		<Point X = "119" Y = "171" T = "0" Pressure = "0" />
		<Point X = "121" Y = "173" T = "0" Pressure = "0" />
		<Point X = "122" Y = "174" T = "0" Pressure = "0" />
		<Point X = "124" Y = "176" T = "0" Pressure = "0" />
		<Point X = "126" Y = "177" T = "0" Pressure = "0" />
		<Point X = "130" Y = "179" T = "0" Pressure = "0" />
		<Point X = "134" Y = "181" T = "0" Pressure = "0" />
		<Point X = "136" Y = "183" T = "0" Pressure = "0" />
		<Point X = "139" Y = "185" T = "0" Pressure = "0" />
		<Point X = "144" Y = "188" T = "0" Pressure = "0" />
		<Point X = "147" Y = "189" T = "0" Pressure = "0" />
		<Point X = "151" Y = "190" T = "0" Pressure = "0" />
		<Point X = "153" Y = "192" T = "0" Pressure = "0" />
		<Point X = "156" Y = "193" T = "0" Pressure = "0" />
		<Point X = "160" Y = "193" T = "0" Pressure = "0" />
		<Point X = "165" Y = "193" T = "0" Pressure = "0" />
		<Point X = "170" Y = "193" T = "0" Pressure = "0" />
		<Point X = "173" Y = "193" T = "0" Pressure = "0" />
		<Point X = "177" Y = "193" T = "0" Pressure = "0" />
		<Point X = "180" Y = "192" T = "0" Pressure = "0" />
		<Point X = "181" Y = "191" T = "0" Pressure = "0" />
		<Point X = "185" Y = "190" T = "0" Pressure = "0" />
		<Point X = "187" Y = "188" T = "0" Pressure = "0" />
		<Point X = "190" Y = "186" T = "0" Pressure = "0" />
		<Point X = "192" Y = "184" T = "0" Pressure = "0" />
		<Point X = "194" Y = "182" T = "0" Pressure = "0" />
		<Point X = "195" Y = "180" T = "0" Pressure = "0" />
		<Point X = "197" Y = "177" T = "0" Pressure = "0" />
		<Point X = "200" Y = "174" T = "0" Pressure = "0" />
		<Point X = "200" Y = "171" T = "0" Pressure = "0" />
		<Point X = "202" Y = "167" T = "0" Pressure = "0" />
		<Point X = "204" Y = "164" T = "0" Pressure = "0" />
		<Point X = "204" Y = "163" T = "0" Pressure = "0" />
		<Point X = "205" Y = "161" T = "0" Pressure = "0" />
		<Point X = "206" Y = "160" T = "0" Pressure = "0" />
		<Point X = "206" Y = "157" T = "0" Pressure = "0" />
		<Point X = "206" Y = "155" T = "0" Pressure = "0" />
		<Point X = "206" Y = "153" T = "0" Pressure = "0" />
		<Point X = "206" Y = "150" T = "0" Pressure = "0" />
		<Point X = "206" Y = "146" T = "0" Pressure = "0" />
		<Point X = "206" Y = "142" T = "0" Pressure = "0" />
		<Point X = "206" Y = "137" T = "0" Pressure = "0" />
		<Point X = "204" Y = "131" T = "0" Pressure = "0" />
		<Point X = "202" Y = "125" T = "0" Pressure = "0" />
		<Point X = "201" Y = "122" T = "0" Pressure = "0" />
		<Point X = "198" Y = "117" T = "0" Pressure = "0" />
		<Point X = "197" Y = "115" T = "0" Pressure = "0" />
		<Point X = "197" Y = "112" T = "0" Pressure = "0" />
		<Point X = "195" Y = "110" T = "0" Pressure = "0" />
		<Point X = "194" Y = "108" T = "0" Pressure = "0" />
		<Point X = "193" Y = "107" T = "0" Pressure = "0" />
		<Point X = "191" Y = "107" T = "0" Pressure = "0" />
		<Point X = "189" Y = "107" T = "0" Pressure = "0" />
		<Point X = "188" Y = "107" T = "0" Pressure = "0" />
		<Point X = "186" Y = "107" T = "0" Pressure = "0" />
		<Point X = "184" Y = "107" T = "0" Pressure = "0" />
		<Point X = "182" Y = "107" T = "0" Pressure = "0" />
		<Point X = "181" Y = "107" T = "0" Pressure = "0" />
		<Point X = "178" Y = "108" T = "0" Pressure = "0" />
		<Point X = "177" Y = "108" T = "0" Pressure = "0" />
		<Point X = "176" Y = "109" T = "0" Pressure = "0" />
		<Point X = "173" Y = "111" T = "0" Pressure = "0" />
		<Point X = "172" Y = "113" T = "0" Pressure = "0" />
		<Point X = "169" Y = "115" T = "0" Pressure = "0" />
		<Point X = "168" Y = "116" T = "0" Pressure = "0" />
		<Point X = "165" Y = "119" T = "0" Pressure = "0" />
		<Point X = "163" Y = "121" T = "0" Pressure = "0" />
		<Point X = "162" Y = "122" T = "0" Pressure = "0" />
		<Point X = "162" Y = "125" T = "0" Pressure = "0" />
		<Point X = "161" Y = "126" T = "0" Pressure = "0" />
		<Point X = "159" Y = "128" T = "0" Pressure = "0" />
		<Point X = "159" Y = "130" T = "0" Pressure = "0" />
		<Point X = "159" Y = "132" T = "0" Pressure = "0" />
		<Point X = "159" Y = "133" T = "0" Pressure = "0" />
		<Point X = "159" Y = "136" T = "0" Pressure = "0" />
		<Point X = "159" Y = "138" T = "0" Pressure = "0" />
		<Point X = "159" Y = "139" T = "0" Pressure = "0" />
		<Point X = "159" Y = "140" T = "0" Pressure = "0" />
		<Point X = "159" Y = "142" T = "0" Pressure = "0" />
		<Point X = "159" Y = "144" T = "0" Pressure = "0" />
		<Point X = "159" Y = "146" T = "0" Pressure = "0" />
		<Point X = "161" Y = "147" T = "0" Pressure = "0" />
		<Point X = "162" Y = "148" T = "0" Pressure = "0" />
		<Point X = "163" Y = "150" T = "0" Pressure = "0" />
		<Point X = "165" Y = "152" T = "0" Pressure = "0" />
		<Point X = "167" Y = "153" T = "0" Pressure = "0" />
		<Point X = "169" Y = "154" T = "0" Pressure = "0" />
		<Point X = "170" Y = "155" T = "0" Pressure = "0" />
		<Point X = "171" Y = "155" T = "0" Pressure = "0" />
		<Point X = "173" Y = "155" T = "0" Pressure = "0" />
		<Point X = "173" Y = "156" T = "0" Pressure = "0" />
		<Point X = "174" Y = "157" T = "0" Pressure = "0" />
		<Point X = "175" Y = "157" T = "0" Pressure = "0" />
		<Point X = "176" Y = "157" T = "0" Pressure = "0" />
		<Point X = "177" Y = "157" T = "0" Pressure = "0" />
		<Point X = "178" Y = "157" T = "0" Pressure = "0" />
		<Point X = "179" Y = "157" T = "0" Pressure = "0" />
		<Point X = "180" Y = "157" T = "0" Pressure = "0" />
		<Point X = "183" Y = "157" T = "0" Pressure = "0" />
		<Point X = "185" Y = "157" T = "0" Pressure = "0" />
		<Point X = "187" Y = "157" T = "0" Pressure = "0" />
		<Point X = "188" Y = "157" T = "0" Pressure = "0" />
		<Point X = "189" Y = "156" T = "0" Pressure = "0" />
		<Point X = "189" Y = "155" T = "0" Pressure = "0" />
		<Point X = "189" Y = "154" T = "0" Pressure = "0" />
		<Point X = "189" Y = "151" T = "0" Pressure = "0" />
		<Point X = "189" Y = "150" T = "0" Pressure = "0" />
		<Point X = "189" Y = "149" T = "0" Pressure = "0" />
		<Point X = "189" Y = "147" T = "0" Pressure = "0" />
		<Point X = "189" Y = "146" T = "0" Pressure = "0" />
		<Point X = "189" Y = "145" T = "0" Pressure = "0" />
		<Point X = "189" Y = "144" T = "0" Pressure = "0" />
		<Point X = "189" Y = "143" T = "0" Pressure = "0" />
		<Point X = "189" Y = "141" T = "0" Pressure = "0" />
		<Point X = "189" Y = "139" T = "0" Pressure = "0" />
		<Point X = "189" Y = "138" T = "0" Pressure = "0" />
		<Point X = "189" Y = "136" T = "0" Pressure = "0" />
		<Point X = "189" Y = "135" T = "0" Pressure = "0" />
		<Point X = "188" Y = "134" T = "0" Pressure = "0" />
		<Point X = "187" Y = "134" T = "0" Pressure = "0" />
		<Point X = "186" Y = "134" T = "0" Pressure = "0" />
		<Point X = "185" Y = "134" T = "0" Pressure = "0" />
		<Point X = "184" Y = "134" T = "0" Pressure = "0" />
		<Point X = "183" Y = "134" T = "0" Pressure = "0" />
		<Point X = "182" Y = "134" T = "0" Pressure = "0" />
		<Point X = "181" Y = "134" T = "0" Pressure = "0" />
		<Point X = "180" Y = "134" T = "0" Pressure = "0" />
		<Point X = "179" Y = "134" T = "0" Pressure = "0" />
		<Point X = "178" Y = "134" T = "0" Pressure = "0" />
		<Point X = "177" Y = "134" T = "0" Pressure = "0" />
		<Point X = "177" Y = "135" T = "0" Pressure = "0" />
	</Stroke>
</Gesture>
