<?xml version="1.0" encoding="utf-8" standalone="yes"?>
<Gesture Name = "spiral">
	<Stroke>
		<Point X = "48" Y = "32" T = "0" Pressure = "0" />
		<Point X = "48" Y = "34" T = "0" Pressure = "0" />
		<Point X = "48" Y = "35" T = "0" Pressure = "0" />
		<Point X = "48" Y = "37" T = "0" Pressure = "0" />
		<Point X = "48" Y = "39" T = "0" Pressure = "0" />
		<Point X = "48" Y = "42" T = "0" Pressure = "0" />
		<Point X = "48" Y = "47" T = "0" Pressure = "0" />
		<Point X = "48" Y = "51" T = "0" Pressure = "0" />
		<Point X = "48" Y = "56" T = "0" Pressure = "0" />
		<Point X = "48" Y = "63" T = "0" Pressure = "0" />
		<Point X = "48" Y = "70" T = "0" Pressure = "0" />
		<Point X = "48" Y = "76" T = "0" Pressure = "0" />
		<Point X = "48" Y = "82" T = "0" Pressure = "0" />
		<Point X = "48" Y = "88" T = "0" Pressure = "0" />
		<Point X = "48" Y = "95" T = "0" Pressure = "0" />
		<Point X = "48" Y = "99" T = "0" Pressure = "0" />
		<Point X = "48" Y = "105" T = "0" Pressure = "0" />
		<Point X = "49" Y = "111" T = "0" Pressure = "0" />
		<Point X = "49" Y = "115" T = "0" Pressure = "0" />
		<Point X = "52" Y = "121" T = "0" Pressure = "0" />
		<Point X = "54" Y = "127" T = "0" Pressure = "0" />
		<Point X = "57" Y = "133" T = "0" Pressure = "0" />
		<Point X = "59" Y = "136" T = "0" Pressure = "0" />
		<Point X = "64" Y = "143" T = "0" Pressure = "0" />
		<Point X = "67" Y = "145" T = "0" Pressure = "0" />
		<Point X = "68" Y = "147" T = "0" Pressure = "0" />
		<Point X = "72" Y = "151" T = "0" Pressure = "0" />
		<Point X = "75" Y = "152" T = "0" Pressure = "0" />
		<Point X = "80" Y = "155" T = "0" Pressure = "0" />
		<Point X = "84" Y = "157" T = "0" Pressure = "0" />
		<Point X = "90" Y = "160" T = "0" Pressure = "0" />
		<Point X = "93" Y = "160" T = "0" Pressure = "0" />
		<Point X = "98" Y = "160" T = "0" Pressure = "0" />
		<Point X = "101" Y = "160" T = "0" Pressure = "0" />
		<Point X = "104" Y = "160" T = "0" Pressure = "0" />
		<Point X = "106" Y = "160" T = "0" Pressure = "0" />
		<Point X = "110" Y = "160" T = "0" Pressure = "0" />
		<Point X = "116" Y = "159" T = "0" Pressure = "0" />
		<Point X = "122" Y = "157" T = "0" Pressure = "0" />
		<Point X = "129" Y = "153" T = "0" Pressure = "0" />
		<Point X = "135" Y = "152" T = "0" Pressure = "0" />
		<Point X = "144" Y = "149" T = "0" Pressure = "0" />
		<Point X = "151" Y = "148" T = "0" Pressure = "0" />
		<Point X = "159" Y = "146" T = "0" Pressure = "0" />
		<Point X = "164" Y = "143" T = "0" Pressure = "0" />
		<Point X = "171" Y = "138" T = "0" Pressure = "0" />
		<Point X = "177" Y = "133" T = "0" Pressure = "0" />
		<Point X = "180" Y = "128" T = "0" Pressure = "0" />
		<Point X = "183" Y = "122" T = "0" Pressure = "0" />
		<Point X = "185" Y = "116" T = "0" Pressure = "0" />
		<Point X = "188" Y = "109" T = "0" Pressure = "0" />
		<Point X = "190" Y = "101" T = "0" Pressure = "0" />
		<Point X = "191" Y = "92" T = "0" Pressure = "0" />
		<Point X = "193" Y = "86" T = "0" Pressure = "0" />
		<Point X = "193" Y = "79" T = "0" Pressure = "0" />
		<Point X = "193" Y = "77" T = "0" Pressure = "0" />
		<Point X = "193" Y = "74" T = "0" Pressure = "0" />
		<Point X = "193" Y = "72" T = "0" Pressure = "0" />
		<Point X = "193" Y = "69" T = "0" Pressure = "0" />
		<Point X = "193" Y = "66" T = "0" Pressure = "0" />
		<Point X = "191" Y = "64" T = "0" Pressure = "0" />
		<Point X = "191" Y = "62" T = "0" Pressure = "0" />
		<Point X = "189" Y = "58" T = "0" Pressure = "0" />
		<Point X = "186" Y = "54" T = "0" Pressure = "0" />
		<Point X = "185" Y = "51" T = "0" Pressure = "0" />
		<Point X = "181" Y = "49" T = "0" Pressure = "0" />
		<Point X = "175" Y = "45" T = "0" Pressure = "0" />
		<Point X = "172" Y = "44" T = "0" Pressure = "0" />
		<Point X = "167" Y = "41" T = "0" Pressure = "0" />
		<Point X = "166" Y = "41" T = "0" Pressure = "0" />
		<Point X = "164" Y = "41" T = "0" Pressure = "0" />
		<Point X = "160" Y = "41" T = "0" Pressure = "0" />
		<Point X = "156" Y = "41" T = "0" Pressure = "0" />
		<Point X = "152" Y = "41" T = "0" Pressure = "0" />
		<Point X = "149" Y = "41" T = "0" Pressure = "0" />
		<Point X = "146" Y = "41" T = "0" Pressure = "0" />
		<Point X = "144" Y = "41" T = "0" Pressure = "0" />
		<Point X = "141" Y = "41" T = "0" Pressure = "0" />
		<Point X = "139" Y = "41" T = "0" Pressure = "0" />
		<Point X = "136" Y = "41" T = "0" Pressure = "0" />
		<Point X = "133" Y = "41" T = "0" Pressure = "0" />
		<Point X = "130" Y = "41" T = "0" Pressure = "0" />
		<Point X = "129" Y = "41" T = "0" Pressure = "0" />
		<Point X = "124" Y = "43" T = "0" Pressure = "0" />
		<Point X = "121" Y = "45" T = "0" Pressure = "0" />
		<Point X = "115" Y = "50" T = "0" Pressure = "0" />
		<Point X = "110" Y = "54" T = "0" Pressure = "0" />
		<Point X = "108" Y = "56" T = "0" Pressure = "0" />
		<Point X = "106" Y = "58" T = "0" Pressure = "0" />
		<Point X = "104" Y = "60" T = "0" Pressure = "0" />
		<Point X = "101" Y = "63" T = "0" Pressure = "0" />
		<Point X = "99" Y = "66" T = "0" Pressure = "0" />
		<Point X = "97" Y = "68" T = "0" Pressure = "0" />
		<Point X = "94" Y = "72" T = "0" Pressure = "0" />
		<Point X = "93" Y = "74" T = "0" Pressure = "0" />
		<Point X = "91" Y = "77" T = "0" Pressure = "0" />
		<Point X = "90" Y = "79" T = "0" Pressure = "0" />
		<Point X = "89" Y = "81" T = "0" Pressure = "0" />
		<Point X = "89" Y = "83" T = "0" Pressure = "0" />
		<Point X = "89" Y = "85" T = "0" Pressure = "0" />
		<Point X = "89" Y = "86" T = "0" Pressure = "0" />
		<Point X = "89" Y = "89" T = "0" Pressure = "0" />
		<Point X = "89" Y = "91" T = "0" Pressure = "0" />
		<Point X = "89" Y = "93" T = "0" Pressure = "0" />
		<Point X = "89" Y = "94" T = "0" Pressure = "0" />
		<Point X = "89" Y = "96" T = "0" Pressure = "0" />
		<Point X = "89" Y = "99" T = "0" Pressure = "0" />
		<Point X = "89" Y = "101" T = "0" Pressure = "0" />
		<Point X = "89" Y = "103" T = "0" Pressure = "0" />
		<Point X = "89" Y = "104" T = "0" Pressure = "0" />
		<Point X = "89" Y = "105" T = "0" Pressure = "0" />
		<Point X = "90" Y = "105" T = "0" Pressure = "0" />
		<Point X = "93" Y = "105" T = "0" Pressure = "0" />
		<Point X = "94" Y = "107" T = "0" Pressure = "0" />
		<Point X = "97" Y = "108" T = "0" Pressure = "0" />
		<Point X = "99" Y = "108" T = "0" Pressure = "0" />
		<Point X = "100" Y = "108" T = "0" Pressure = "0" />
		<Point X = "101" Y = "108" T = "0" Pressure = "0" />
		<Point X = "103" Y = "108" T = "0" Pressure = "0" />
		<Point X = "105" Y = "108" T = "0" Pressure = "0" />
		<Point X = "107" Y = "108" T = "0" Pressure = "0" />
		<Point X = "108" Y = "108" T = "0" Pressure = "0" />
		<Point X = "109" Y = "108" T = "0" Pressure = "0" />
		<Point X = "111" Y = "108" T = "0" Pressure = "0" />
		<Point X = "112" Y = "108" T = "0" Pressure = "0" />
		<Point X = "114" Y = "109" T = "0" Pressure = "0" />
		<Point X = "115" Y = "109" T = "0" Pressure = "0" />
		<Point X = "117" Y = "109" T = "0" Pressure = "0" />
		<Point X = "118" Y = "109" T = "0" Pressure = "0" />
		<Point X = "121" Y = "109" T = "0" Pressure = "0" />
		<Point X = "122" Y = "109" T = "0" Pressure = "0" />
		<Point X = "127" Y = "109" T = "0" Pressure = "0" />
		<Point X = "131" Y = "109" T = "0" Pressure = "0" />
		<Point X = "134" Y = "109" T = "0" Pressure = "0" />
		<Point X = "140" Y = "106" T = "0" Pressure = "0" />
		<Point X = "142" Y = "106" T = "0" Pressure = "0" />
		<Point X = "148" Y = "102" T = "0" Pressure = "0" />
		<Point X = "149" Y = "101" T = "0" Pressure = "0" />
		<Point X = "151" Y = "99" T = "0" Pressure = "0" />
		<Point X = "155" Y = "95" T = "0" Pressure = "0" />
		<Point X = "156" Y = "94" T = "0" Pressure = "0" />
		<Point X = "156" Y = "93" T = "0" Pressure = "0" />
		<Point X = "158" Y = "90" T = "0" Pressure = "0" />
		<Point X = "159" Y = "88" T = "0" Pressure = "0" />
		<Point X = "160" Y = "86" T = "0" Pressure = "0" />
		<Point X = "160" Y = "85" T = "0" Pressure = "0" />
		<Point X = "160" Y = "84" T = "0" Pressure = "0" />
		<Point X = "160" Y = "81" T = "0" Pressure = "0" />
		<Point X = "160" Y = "80" T = "0" Pressure = "0" />
		<Point X = "160" Y = "78" T = "0" Pressure = "0" />
		<Point X = "160" Y = "77" T = "0" Pressure = "0" />
		<Point X = "160" Y = "76" T = "0" Pressure = "0" />
		<Point X = "160" Y = "75" T = "0" Pressure = "0" />
		<Point X = "160" Y = "74" T = "0" Pressure = "0" />
		<Point X = "159" Y = "72" T = "0" Pressure = "0" />
		<Point X = "158" Y = "71" T = "0" Pressure = "0" />
		<Point X = "158" Y = "70" T = "0" Pressure = "0" />
		<Point X = "157" Y = "70" T = "0" Pressure = "0" />
		<Point X = "156" Y = "69" T = "0" Pressure = "0" />
		<Point X = "153" Y = "68" T = "0" Pressure = "0" />
		<Point X = "152" Y = "68" T = "0" Pressure = "0" />
		<Point X = "149" Y = "68" T = "0" Pressure = "0" />
		<Point X = "148" Y = "67" T = "0" Pressure = "0" />
		<Point X = "146" Y = "67" T = "0" Pressure = "0" />
		<Point X = "145" Y = "67" T = "0" Pressure = "0" />
		<Point X = "144" Y = "67" T = "0" Pressure = "0" />
		<Point X = "143" Y = "67" T = "0" Pressure = "0" />
		<Point X = "142" Y = "67" T = "0" Pressure = "0" />
		<Point X = "141" Y = "67" T = "0" Pressure = "0" />
		<Point X = "140" Y = "67" T = "0" Pressure = "0" />
		<Point X = "139" Y = "67" T = "0" Pressure = "0" />
		<Point X = "138" Y = "67" T = "0" Pressure = "0" />
		<Point X = "136" Y = "67" T = "0" Pressure = "0" />
		<Point X = "135" Y = "67" T = "0" Pressure = "0" />
		<Point X = "134" Y = "67" T = "0" Pressure = "0" />
		<Point X = "133" Y = "67" T = "0" Pressure = "0" />
		<Point X = "133" Y = "68" T = "0" Pressure = "0" />
		<Point X = "132" Y = "68" T = "0" Pressure = "0" />
		<Point X = "132" Y = "69" T = "0" Pressure = "0" />
		<Point X = "132" Y = "71" T = "0" Pressure = "0" />
		<Point X = "131" Y = "74" T = "0" Pressure = "0" />
		<Point X = "131" Y = "75" T = "0" Pressure = "0" />
		<Point X = "129" Y = "78" T = "0" Pressure = "0" />
		<Point X = "129" Y = "80" T = "0" Pressure = "0" />
		<Point X = "129" Y = "81" T = "0" Pressure = "0" />
		<Point X = "129" Y = "82" T = "0" Pressure = "0" />
		<Point X = "129" Y = "83" T = "0" Pressure = "0" />
		<Point X = "129" Y = "84" T = "0" Pressure = "0" />
		<Point X = "129" Y = "85" T = "0" Pressure = "0" />
		<Point X = "129" Y = "87" T = "0" Pressure = "0" />
		<Point X = "130" Y = "87" T = "0" Pressure = "0" />
		<Point X = "130" Y = "88" T = "0" Pressure = "0" />
		<Point X = "131" Y = "89" T = "0" Pressure = "0" />
		<Point X = "132" Y = "89" T = "0" Pressure = "0" />
		<Point X = "134" Y = "89" T = "0" Pressure = "0" />
		<Point X = "135" Y = "89" T = "0" Pressure = "0" />
		<Point X = "137" Y = "89" T = "0" Pressure = "0" />
		<Point X = "138" Y = "89" T = "0" Pressure = "0" />
		<Point X = "139" Y = "89" T = "0" Pressure = "0" />
		<Point X = "139" Y = "88" T = "0" Pressure = "0" />
		<Point X = "139" Y = "87" T = "0" Pressure = "0" />
	</Stroke>
</Gesture>
