<?xml version="1.0" encoding="utf-8" standalone="yes"?>
<Gesture Name = "spiral">
	<Stroke>
		<Point X = "126" Y = "141" T = "0" Pressure = "0" />
		<Point X = "126" Y = "140" T = "0" Pressure = "0" />
		<Point X = "126" Y = "139" T = "0" Pressure = "0" />
		<Point X = "126" Y = "137" T = "0" Pressure = "0" />
		<Point X = "126" Y = "136" T = "0" Pressure = "0" />
		<Point X = "126" Y = "133" T = "0" Pressure = "0" />
		<Point X = "126" Y = "130" T = "0" Pressure = "0" />
		<Point X = "127" Y = "126" T = "0" Pressure = "0" />
		<Point X = "129" Y = "119" T = "0" Pressure = "0" />
		<Point X = "131" Y = "113" T = "0" Pressure = "0" />
		<Point X = "133" Y = "108" T = "0" Pressure = "0" />
		<Point X = "134" Y = "100" T = "0" Pressure = "0" />
		<Point X = "137" Y = "94" T = "0" Pressure = "0" />
		<Point X = "138" Y = "88" T = "0" Pressure = "0" />
		<Point X = "140" Y = "83" T = "0" Pressure = "0" />
		<Point X = "141" Y = "79" T = "0" Pressure = "0" />
		<Point X = "142" Y = "77" T = "0" Pressure = "0" />
		<Point X = "142" Y = "76" T = "0" Pressure = "0" />
		<Point X = "143" Y = "76" T = "0" Pressure = "0" />
		<Point X = "143" Y = "74" T = "0" Pressure = "0" />
		<Point X = "145" Y = "73" T = "0" Pressure = "0" />
		<Point X = "145" Y = "72" T = "0" Pressure = "0" />
		<Point X = "146" Y = "72" T = "0" Pressure = "0" />
		<Point X = "149" Y = "69" T = "0" Pressure = "0" />
		<Point X = "151" Y = "69" T = "0" Pressure = "0" />
		<Point X = "153" Y = "66" T = "0" Pressure = "0" />
		<Point X = "158" Y = "63" T = "0" Pressure = "0" />
		<Point X = "160" Y = "62" T = "0" Pressure = "0" />
		<Point X = "163" Y = "59" T = "0" Pressure = "0" />
		<Point X = "166" Y = "58" T = "0" Pressure = "0" />
		<Point X = "168" Y = "57" T = "0" Pressure = "0" />
		<Point X = "170" Y = "56" T = "0" Pressure = "0" />
		<Point X = "173" Y = "56" T = "0" Pressure = "0" />
		<Point X = "177" Y = "53" T = "0" Pressure = "0" />
		<Point X = "178" Y = "53" T = "0" Pressure = "0" />
		<Point X = "180" Y = "52" T = "0" Pressure = "0" />
		<Point X = "181" Y = "52" T = "0" Pressure = "0" />
		<Point X = "182" Y = "52" T = "0" Pressure = "0" />
		<Point X = "184" Y = "52" T = "0" Pressure = "0" />
		<Point X = "187" Y = "52" T = "0" Pressure = "0" />
		<Point X = "193" Y = "54" T = "0" Pressure = "0" />
		<Point X = "198" Y = "58" T = "0" Pressure = "0" />
		<Point X = "201" Y = "60" T = "0" Pressure = "0" />
		<Point X = "206" Y = "64" T = "0" Pressure = "0" />
		<Point X = "208" Y = "67" T = "0" Pressure = "0" />
		<Point X = "209" Y = "69" T = "0" Pressure = "0" />
		<Point X = "211" Y = "71" T = "0" Pressure = "0" />
		<Point X = "211" Y = "72" T = "0" Pressure = "0" />
		<Point X = "212" Y = "73" T = "0" Pressure = "0" />
		<Point X = "212" Y = "75" T = "0" Pressure = "0" />
		<Point X = "212" Y = "77" T = "0" Pressure = "0" />
		<Point X = "214" Y = "78" T = "0" Pressure = "0" />
		<Point X = "215" Y = "83" T = "0" Pressure = "0" />
		<Point X = "216" Y = "85" T = "0" Pressure = "0" />
		<Point X = "218" Y = "89" T = "0" Pressure = "0" />
		<Point X = "219" Y = "96" T = "0" Pressure = "0" />
		<Point X = "221" Y = "103" T = "0" Pressure = "0" />
		<Point X = "223" Y = "111" T = "0" Pressure = "0" />
		<Point X = "224" Y = "118" T = "0" Pressure = "0" />
		<Point X = "224" Y = "121" T = "0" Pressure = "0" />
		<Point X = "224" Y = "126" T = "0" Pressure = "0" />
		<Point X = "224" Y = "129" T = "0" Pressure = "0" />
		<Point X = "224" Y = "133" T = "0" Pressure = "0" />
		<Point X = "224" Y = "137" T = "0" Pressure = "0" />
		<Point X = "223" Y = "142" T = "0" Pressure = "0" />
		<Point X = "222" Y = "146" T = "0" Pressure = "0" />
		<Point X = "222" Y = "149" T = "0" Pressure = "0" />
		<Point X = "222" Y = "153" T = "0" Pressure = "0" />
		<Point X = "220" Y = "155" T = "0" Pressure = "0" />
		<Point X = "219" Y = "158" T = "0" Pressure = "0" />
		<Point X = "218" Y = "161" T = "0" Pressure = "0" />
		<Point X = "217" Y = "163" T = "0" Pressure = "0" />
		<Point X = "215" Y = "166" T = "0" Pressure = "0" />
		<Point X = "212" Y = "171" T = "0" Pressure = "0" />
		<Point X = "210" Y = "172" T = "0" Pressure = "0" />
		<Point X = "207" Y = "175" T = "0" Pressure = "0" />
		<Point X = "206" Y = "177" T = "0" Pressure = "0" />
		<Point X = "205" Y = "178" T = "0" Pressure = "0" />
		<Point X = "204" Y = "179" T = "0" Pressure = "0" />
		<Point X = "201" Y = "180" T = "0" Pressure = "0" />
		<Point X = "200" Y = "180" T = "0" Pressure = "0" />
		<Point X = "198" Y = "182" T = "0" Pressure = "0" />
		<Point X = "196" Y = "183" T = "0" Pressure = "0" />
		<Point X = "195" Y = "183" T = "0" Pressure = "0" />
		<Point X = "193" Y = "183" T = "0" Pressure = "0" />
		<Point X = "190" Y = "185" T = "0" Pressure = "0" />
		<Point X = "189" Y = "185" T = "0" Pressure = "0" />
		<Point X = "187" Y = "185" T = "0" Pressure = "0" />
		<Point X = "186" Y = "185" T = "0" Pressure = "0" />
		<Point X = "185" Y = "185" T = "0" Pressure = "0" />
		<Point X = "182" Y = "185" T = "0" Pressure = "0" />
		<Point X = "177" Y = "183" T = "0" Pressure = "0" />
		<Point X = "175" Y = "180" T = "0" Pressure = "0" />
		<Point X = "171" Y = "175" T = "0" Pressure = "0" />
		<Point X = "167" Y = "167" T = "0" Pressure = "0" />
		<Point X = "163" Y = "162" T = "0" Pressure = "0" />
		<Point X = "161" Y = "158" T = "0" Pressure = "0" />
		<Point X = "159" Y = "154" T = "0" Pressure = "0" />
		<Point X = "158" Y = "152" T = "0" Pressure = "0" />
		<Point X = "158" Y = "150" T = "0" Pressure = "0" />
		<Point X = "158" Y = "149" T = "0" Pressure = "0" />
		<Point X = "158" Y = "147" T = "0" Pressure = "0" />
		<Point X = "158" Y = "146" T = "0" Pressure = "0" />
		<Point X = "158" Y = "143" T = "0" Pressure = "0" />
		<Point X = "158" Y = "141" T = "0" Pressure = "0" />
		<Point X = "158" Y = "139" T = "0" Pressure = "0" />
		<Point X = "158" Y = "136" T = "0" Pressure = "0" />
		<Point X = "158" Y = "135" T = "0" Pressure = "0" />
		<Point X = "158" Y = "133" T = "0" Pressure = "0" />
		<Point X = "158" Y = "131" T = "0" Pressure = "0" />
		<Point X = "158" Y = "128" T = "0" Pressure = "0" />
		<Point X = "158" Y = "126" T = "0" Pressure = "0" />
		<Point X = "159" Y = "123" T = "0" Pressure = "0" />
		<Point X = "159" Y = "121" T = "0" Pressure = "0" />
		<Point X = "160" Y = "120" T = "0" Pressure = "0" />
		<Point X = "161" Y = "117" T = "0" Pressure = "0" />
		<Point X = "161" Y = "114" T = "0" Pressure = "0" />
		<Point X = "162" Y = "113" T = "0" Pressure = "0" />
		<Point X = "163" Y = "111" T = "0" Pressure = "0" />
		<Point X = "163" Y = "110" T = "0" Pressure = "0" />
		<Point X = "164" Y = "109" T = "0" Pressure = "0" />
		<Point X = "164" Y = "108" T = "0" Pressure = "0" />
		<Point X = "165" Y = "106" T = "0" Pressure = "0" />
		<Point X = "166" Y = "106" T = "0" Pressure = "0" />
		<Point X = "166" Y = "105" T = "0" Pressure = "0" />
		<Point X = "167" Y = "104" T = "0" Pressure = "0" />
		<Point X = "167" Y = "103" T = "0" Pressure = "0" />
		<Point X = "168" Y = "103" T = "0" Pressure = "0" />
		<Point X = "169" Y = "101" T = "0" Pressure = "0" />
		<Point X = "171" Y = "100" T = "0" Pressure = "0" />
		<Point X = "172" Y = "99" T = "0" Pressure = "0" />
		<Point X = "173" Y = "97" T = "0" Pressure = "0" />
		<Point X = "176" Y = "95" T = "0" Pressure = "0" />
		<Point X = "178" Y = "93" T = "0" Pressure = "0" />
		<Point X = "181" Y = "92" T = "0" Pressure = "0" />
		<Point X = "184" Y = "91" T = "0" Pressure = "0" />
		<Point X = "185" Y = "89" T = "0" Pressure = "0" />
		<Point X = "186" Y = "89" T = "0" Pressure = "0" />
		<Point X = "187" Y = "89" T = "0" Pressure = "0" />
		<Point X = "188" Y = "89" T = "0" Pressure = "0" />
		<Point X = "189" Y = "89" T = "0" Pressure = "0" />
		<Point X = "191" Y = "89" T = "0" Pressure = "0" />
		<Point X = "191" Y = "90" T = "0" Pressure = "0" />
		<Point X = "193" Y = "91" T = "0" Pressure = "0" />
		<Point X = "195" Y = "93" T = "0" Pressure = "0" />
		<Point X = "197" Y = "97" T = "0" Pressure = "0" />
		<Point X = "199" Y = "99" T = "0" Pressure = "0" />
		<Point X = "200" Y = "101" T = "0" Pressure = "0" />
		<Point X = "202" Y = "105" T = "0" Pressure = "0" />
		<Point X = "202" Y = "107" T = "0" Pressure = "0" />
		<Point X = "203" Y = "109" T = "0" Pressure = "0" />
		<Point X = "204" Y = "110" T = "0" Pressure = "0" />
		<Point X = "204" Y = "113" T = "0" Pressure = "0" />
		<Point X = "204" Y = "115" T = "0" Pressure = "0" />
		<Point X = "204" Y = "118" T = "0" Pressure = "0" />
		<Point X = "205" Y = "120" T = "0" Pressure = "0" />
		<Point X = "205" Y = "124" T = "0" Pressure = "0" />
		<Point X = "205" Y = "128" T = "0" Pressure = "0" />
		<Point X = "205" Y = "133" T = "0" Pressure = "0" />
		<Point X = "205" Y = "137" T = "0" Pressure = "0" />
		<Point X = "205" Y = "140" T = "0" Pressure = "0" />
		<Point X = "205" Y = "145" T = "0" Pressure = "0" />
		<Point X = "205" Y = "148" T = "0" Pressure = "0" />
		<Point X = "205" Y = "152" T = "0" Pressure = "0" />
		<Point X = "205" Y = "155" T = "0" Pressure = "0" />
		<Point X = "205" Y = "158" T = "0" Pressure = "0" />
		<Point X = "205" Y = "159" T = "0" Pressure = "0" />
		<Point X = "205" Y = "160" T = "0" Pressure = "0" />
		<Point X = "203" Y = "160" T = "0" Pressure = "0" />
		<Point X = "202" Y = "160" T = "0" Pressure = "0" />
		<Point X = "200" Y = "160" T = "0" Pressure = "0" />
		<Point X = "199" Y = "160" T = "0" Pressure = "0" />
		<Point X = "197" Y = "160" T = "0" Pressure = "0" />
		<Point X = "195" Y = "160" T = "0" Pressure = "0" />
		<Point X = "194" Y = "160" T = "0" Pressure = "0" />
		<Point X = "192" Y = "160" T = "0" Pressure = "0" />
		<Point X = "190" Y = "160" T = "0" Pressure = "0" />
		<Point X = "189" Y = "158" T = "0" Pressure = "0" />
		<Point X = "187" Y = "156" T = "0" Pressure = "0" />
		<Point X = "186" Y = "154" T = "0" Pressure = "0" />
		<Point X = "185" Y = "152" T = "0" Pressure = "0" />
		<Point X = "184" Y = "151" T = "0" Pressure = "0" />
		<Point X = "184" Y = "149" T = "0" Pressure = "0" />
		<Point X = "184" Y = "148" T = "0" Pressure = "0" />
		<Point X = "184" Y = "146" T = "0" Pressure = "0" />
		<Point X = "184" Y = "145" T = "0" Pressure = "0" />
		<Point X = "184" Y = "143" T = "0" Pressure = "0" />
		<Point X = "184" Y = "141" T = "0" Pressure = "0" />
		<Point X = "184" Y = "140" T = "0" Pressure = "0" />
		<Point X = "184" Y = "139" T = "0" Pressure = "0" />
		<Point X = "184" Y = "138" T = "0" Pressure = "0" />
		<Point X = "184" Y = "137" T = "0" Pressure = "0" />
		<Point X = "184" Y = "136" T = "0" Pressure = "0" />
		<Point X = "185" Y = "134" T = "0" Pressure = "0" />
		<Point X = "185" Y = "133" T = "0" Pressure = "0" />
		<Point X = "185" Y = "132" T = "0" Pressure = "0" />
		<Point X = "186" Y = "132" T = "0" Pressure = "0" />
		<Point X = "186" Y = "130" T = "0" Pressure = "0" />
		<Point X = "187" Y = "129" T = "0" Pressure = "0" />
		<Point X = "188" Y = "128" T = "0" Pressure = "0" />
		<Point X = "189" Y = "128" T = "0" Pressure = "0" />
		<Point X = "191" Y = "127" T = "0" Pressure = "0" />
		<Point X = "192" Y = "127" T = "0" Pressure = "0" />
		<Point X = "194" Y = "127" T = "0" Pressure = "0" />
		<Point X = "195" Y = "127" T = "0" Pressure = "0" />
		<Point X = "195" Y = "128" T = "0" Pressure = "0" />
		<Point X = "195" Y = "129" T = "0" Pressure = "0" />
		<Point X = "196" Y = "129" T = "0" Pressure = "0" />
		<Point X = "196" Y = "130" T = "0" Pressure = "0" />
		<Point X = "197" Y = "131" T = "0" Pressure = "0" />
		<Point X = "197" Y = "132" T = "0" Pressure = "0" />
		<Point X = "197" Y = "133" T = "0" Pressure = "0" />
		<Point X = "197" Y = "134" T = "0" Pressure = "0" />
		<Point X = "197" Y = "135" T = "0" Pressure = "0" />
		<Point X = "197" Y = "136" T = "0" Pressure = "0" />
		<Point X = "196" Y = "137" T = "0" Pressure = "0" />
		<Point X = "196" Y = "138" T = "0" Pressure = "0" />
		<Point X = "195" Y = "138" T = "0" Pressure = "0" />
		<Point X = "194" Y = "138" T = "0" Pressure = "0" />
	</Stroke>
</Gesture>
