<?xml version="1.0" encoding="utf-8" standalone="yes"?>
<Gesture Name = "spiral">
	<Stroke>
		<Point X = "250" Y = "71" T = "0" Pressure = "0" />
		<Point X = "248" Y = "71" T = "0" Pressure = "0" />
		<Point X = "244" Y = "71" T = "0" Pressure = "0" />
		<Point X = "238" Y = "71" T = "0" Pressure = "0" />
		<Point X = "230" Y = "71" T = "0" Pressure = "0" />
		<Point X = "222" Y = "71" T = "0" Pressure = "0" />
		<Point X = "213" Y = "71" T = "0" Pressure = "0" />
		<Point X = "204" Y = "71" T = "0" Pressure = "0" />
		<Point X = "194" Y = "71" T = "0" Pressure = "0" />
		<Point X = "182" Y = "71" T = "0" Pressure = "0" />
		<Point X = "168" Y = "72" T = "0" Pressure = "0" />
		<Point X = "152" Y = "77" T = "0" Pressure = "0" />
		<Point X = "138" Y = "82" T = "0" Pressure = "0" />
		<Point X = "128" Y = "84" T = "0" Pressure = "0" />
		<Point X = "122" Y = "87" T = "0" Pressure = "0" />
		<Point X = "114" Y = "89" T = "0" Pressure = "0" />
		<Point X = "106" Y = "93" T = "0" Pressure = "0" />
		<Point X = "99" Y = "95" T = "0" Pressure = "0" />
		<Point X = "95" Y = "98" T = "0" Pressure = "0" />
		<Point X = "92" Y = "100" T = "0" Pressure = "0" />
		<Point X = "88" Y = "103" T = "0" Pressure = "0" />
		<Point X = "87" Y = "105" T = "0" Pressure = "0" />
		<Point X = "84" Y = "110" T = "0" Pressure = "0" />
		<Point X = "82" Y = "116" T = "0" Pressure = "0" />
		<Point X = "80" Y = "121" T = "0" Pressure = "0" />
		<Point X = "79" Y = "127" T = "0" Pressure = "0" />
		<Point X = "77" Y = "134" T = "0" Pressure = "0" />
		<Point X = "75" Y = "141" T = "0" Pressure = "0" />
		<Point X = "73" Y = "149" T = "0" Pressure = "0" />
		<Point X = "71" Y = "157" T = "0" Pressure = "0" />
		<Point X = "70" Y = "165" T = "0" Pressure = "0" />
		<Point X = "69" Y = "171" T = "0" Pressure = "0" />
		<Point X = "69" Y = "176" T = "0" Pressure = "0" />
		<Point X = "69" Y = "184" T = "0" Pressure = "0" />
		<Point X = "69" Y = "193" T = "0" Pressure = "0" />
		<Point X = "71" Y = "203" T = "0" Pressure = "0" />
		<Point X = "76" Y = "214" T = "0" Pressure = "0" />
		<Point X = "80" Y = "223" T = "0" Pressure = "0" />
		<Point X = "86" Y = "233" T = "0" Pressure = "0" />
		<Point X = "91" Y = "241" T = "0" Pressure = "0" />
		<Point X = "96" Y = "248" T = "0" Pressure = "0" />
		<Point X = "102" Y = "253" T = "0" Pressure = "0" />
		<Point X = "105" Y = "255" T = "0" Pressure = "0" />
		<Point X = "110" Y = "256" T = "0" Pressure = "0" />
		<Point X = "112" Y = "257" T = "0" Pressure = "0" />
		<Point X = "116" Y = "257" T = "0" Pressure = "0" />
		<Point X = "120" Y = "258" T = "0" Pressure = "0" />
		<Point X = "127" Y = "258" T = "0" Pressure = "0" />
		<Point X = "133" Y = "260" T = "0" Pressure = "0" />
		<Point X = "140" Y = "261" T = "0" Pressure = "0" />
		<Point X = "148" Y = "261" T = "0" Pressure = "0" />
		<Point X = "157" Y = "261" T = "0" Pressure = "0" />
		<Point X = "163" Y = "261" T = "0" Pressure = "0" />
		<Point X = "169" Y = "261" T = "0" Pressure = "0" />
		<Point X = "177" Y = "261" T = "0" Pressure = "0" />
		<Point X = "186" Y = "259" T = "0" Pressure = "0" />
		<Point X = "195" Y = "254" T = "0" Pressure = "0" />
		<Point X = "203" Y = "249" T = "0" Pressure = "0" />
		<Point X = "210" Y = "242" T = "0" Pressure = "0" />
		<Point X = "217" Y = "235" T = "0" Pressure = "0" />
		<Point X = "222" Y = "227" T = "0" Pressure = "0" />
		<Point X = "225" Y = "221" T = "0" Pressure = "0" />
		<Point X = "229" Y = "213" T = "0" Pressure = "0" />
		<Point X = "233" Y = "204" T = "0" Pressure = "0" />
		<Point X = "234" Y = "197" T = "0" Pressure = "0" />
		<Point X = "235" Y = "191" T = "0" Pressure = "0" />
		<Point X = "237" Y = "185" T = "0" Pressure = "0" />
		<Point X = "237" Y = "178" T = "0" Pressure = "0" />
		<Point X = "237" Y = "171" T = "0" Pressure = "0" />
		<Point X = "237" Y = "166" T = "0" Pressure = "0" />
		<Point X = "237" Y = "162" T = "0" Pressure = "0" />
		<Point X = "236" Y = "154" T = "0" Pressure = "0" />
		<Point X = "232" Y = "150" T = "0" Pressure = "0" />
		<Point X = "228" Y = "145" T = "0" Pressure = "0" />
		<Point X = "227" Y = "143" T = "0" Pressure = "0" />
		<Point X = "223" Y = "140" T = "0" Pressure = "0" />
		<Point X = "221" Y = "138" T = "0" Pressure = "0" />
		<Point X = "217" Y = "135" T = "0" Pressure = "0" />
		<Point X = "214" Y = "135" T = "0" Pressure = "0" />
		<Point X = "210" Y = "135" T = "0" Pressure = "0" />
		<Point X = "203" Y = "134" T = "0" Pressure = "0" />
		<Point X = "198" Y = "133" T = "0" Pressure = "0" />
		<Point X = "191" Y = "133" T = "0" Pressure = "0" />
		<Point X = "181" Y = "133" T = "0" Pressure = "0" />
		<Point X = "171" Y = "130" T = "0" Pressure = "0" />
		<Point X = "162" Y = "130" T = "0" Pressure = "0" />
		<Point X = "154" Y = "130" T = "0" Pressure = "0" />
		<Point X = "145" Y = "130" T = "0" Pressure = "0" />
		<Point X = "140" Y = "130" T = "0" Pressure = "0" />
		<Point X = "135" Y = "132" T = "0" Pressure = "0" />
		<Point X = "131" Y = "135" T = "0" Pressure = "0" />
		<Point X = "129" Y = "138" T = "0" Pressure = "0" />
		<Point X = "127" Y = "143" T = "0" Pressure = "0" />
		<Point X = "125" Y = "148" T = "0" Pressure = "0" />
		<Point X = "124" Y = "153" T = "0" Pressure = "0" />
		<Point X = "124" Y = "159" T = "0" Pressure = "0" />
		<Point X = "122" Y = "168" T = "0" Pressure = "0" />
		<Point X = "122" Y = "172" T = "0" Pressure = "0" />
		<Point X = "122" Y = "177" T = "0" Pressure = "0" />
		<Point X = "122" Y = "182" T = "0" Pressure = "0" />
		<Point X = "122" Y = "186" T = "0" Pressure = "0" />
		<Point X = "122" Y = "191" T = "0" Pressure = "0" />
		<Point X = "123" Y = "196" T = "0" Pressure = "0" />
		<Point X = "126" Y = "201" T = "0" Pressure = "0" />
		<Point X = "127" Y = "202" T = "0" Pressure = "0" />
		<Point X = "129" Y = "204" T = "0" Pressure = "0" />
		<Point X = "131" Y = "204" T = "0" Pressure = "0" />
		<Point X = "132" Y = "204" T = "0" Pressure = "0" />
		<Point X = "134" Y = "204" T = "0" Pressure = "0" />
		<Point X = "137" Y = "204" T = "0" Pressure = "0" />
		<Point X = "142" Y = "204" T = "0" Pressure = "0" />
		<Point X = "147" Y = "205" T = "0" Pressure = "0" />
		<Point X = "154" Y = "207" T = "0" Pressure = "0" />
		<Point X = "160" Y = "207" T = "0" Pressure = "0" />
		<Point X = "164" Y = "207" T = "0" Pressure = "0" />
		<Point X = "170" Y = "207" T = "0" Pressure = "0" />
		<Point X = "176" Y = "207" T = "0" Pressure = "0" />
		<Point X = "178" Y = "206" T = "0" Pressure = "0" />
		<Point X = "182" Y = "202" T = "0" Pressure = "0" />
		<Point X = "184" Y = "199" T = "0" Pressure = "0" />
		<Point X = "187" Y = "194" T = "0" Pressure = "0" />
		<Point X = "187" Y = "191" T = "0" Pressure = "0" />
		<Point X = "188" Y = "188" T = "0" Pressure = "0" />
		<Point X = "188" Y = "187" T = "0" Pressure = "0" />
		<Point X = "189" Y = "183" T = "0" Pressure = "0" />
		<Point X = "189" Y = "182" T = "0" Pressure = "0" />
		<Point X = "189" Y = "181" T = "0" Pressure = "0" />
		<Point X = "189" Y = "180" T = "0" Pressure = "0" />
		<Point X = "189" Y = "179" T = "0" Pressure = "0" />
		<Point X = "189" Y = "178" T = "0" Pressure = "0" />
		<Point X = "189" Y = "177" T = "0" Pressure = "0" />
		<Point X = "189" Y = "176" T = "0" Pressure = "0" />
		<Point X = "187" Y = "176" T = "0" Pressure = "0" />
		<Point X = "185" Y = "176" T = "0" Pressure = "0" />
		<Point X = "184" Y = "176" T = "0" Pressure = "0" />
		<Point X = "181" Y = "176" T = "0" Pressure = "0" />
		<Point X = "178" Y = "176" T = "0" Pressure = "0" />
		<Point X = "176" Y = "176" T = "0" Pressure = "0" />
		<Point X = "174" Y = "176" T = "0" Pressure = "0" />
		<Point X = "173" Y = "176" T = "0" Pressure = "0" />
		<Point X = "171" Y = "176" T = "0" Pressure = "0" />
		<Point X = "170" Y = "176" T = "0" Pressure = "0" />
		<Point X = "168" Y = "176" T = "0" Pressure = "0" />
		<Point X = "167" Y = "176" T = "0" Pressure = "0" />
		<Point X = "166" Y = "176" T = "0" Pressure = "0" />
		<Point X = "165" Y = "176" T = "0" Pressure = "0" />
		<Point X = "164" Y = "176" T = "0" Pressure = "0" />
		<Point X = "162" Y = "176" T = "0" Pressure = "0" />
		<Point X = "162" Y = "177" T = "0" Pressure = "0" />
		<Point X = "161" Y = "177" T = "0" Pressure = "0" />
		<Point X = "161" Y = "178" T = "0" Pressure = "0" />
		<Point X = "160" Y = "180" T = "0" Pressure = "0" />
		<Point X = "160" Y = "182" T = "0" Pressure = "0" />
		<Point X = "159" Y = "182" T = "0" Pressure = "0" />
		<Point X = "159" Y = "183" T = "0" Pressure = "0" />
		<Point X = "159" Y = "185" T = "0" Pressure = "0" />
		<Point X = "159" Y = "186" T = "0" Pressure = "0" />
		<Point X = "159" Y = "188" T = "0" Pressure = "0" />
		<Point X = "160" Y = "189" T = "0" Pressure = "0" />
		<Point X = "161" Y = "190" T = "0" Pressure = "0" />
		<Point X = "162" Y = "191" T = "0" Pressure = "0" />
		<Point X = "163" Y = "192" T = "0" Pressure = "0" />
		<Point X = "165" Y = "192" T = "0" Pressure = "0" />
		<Point X = "166" Y = "192" T = "0" Pressure = "0" />
		<Point X = "167" Y = "192" T = "0" Pressure = "0" />
		<Point X = "168" Y = "192" T = "0" Pressure = "0" />
		<Point X = "169" Y = "192" T = "0" Pressure = "0" />
		<Point X = "170" Y = "191" T = "0" Pressure = "0" />
	</Stroke>
</Gesture>
