<?xml version="1.0" encoding="utf-8" standalone="yes"?>
<Gesture Name = "spiral">
	<Stroke>
		<Point X = "143" Y = "262" T = "0" Pressure = "0" />
		<Point X = "143" Y = "261" T = "0" Pressure = "0" />
		<Point X = "143" Y = "259" T = "0" Pressure = "0" />
		<Point X = "143" Y = "255" T = "0" Pressure = "0" />
		<Point X = "141" Y = "249" T = "0" Pressure = "0" />
		<Point X = "140" Y = "241" T = "0" Pressure = "0" />
		<Point X = "139" Y = "231" T = "0" Pressure = "0" />
		<Point X = "138" Y = "221" T = "0" Pressure = "0" />
		<Point X = "138" Y = "213" T = "0" Pressure = "0" />
		<Point X = "138" Y = "206" T = "0" Pressure = "0" />
		<Point X = "138" Y = "199" T = "0" Pressure = "0" />
		<Point X = "141" Y = "189" T = "0" Pressure = "0" />
		<Point X = "146" Y = "182" T = "0" Pressure = "0" />
		<Point X = "150" Y = "178" T = "0" Pressure = "0" />
		<Point X = "155" Y = "174" T = "0" Pressure = "0" />
		<Point X = "162" Y = "170" T = "0" Pressure = "0" />
		<Point X = "168" Y = "167" T = "0" Pressure = "0" />
		<Point X = "172" Y = "165" T = "0" Pressure = "0" />
		<Point X = "177" Y = "162" T = "0" Pressure = "0" />
		<Point X = "181" Y = "160" T = "0" Pressure = "0" />
		<Point X = "184" Y = "160" T = "0" Pressure = "0" />
		<Point X = "187" Y = "160" T = "0" Pressure = "0" />
		<Point X = "190" Y = "158" T = "0" Pressure = "0" />
		<Point X = "191" Y = "158" T = "0" Pressure = "0" />
		<Point X = "194" Y = "158" T = "0" Pressure = "0" />
		<Point X = "196" Y = "158" T = "0" Pressure = "0" />
		<Point X = "202" Y = "160" T = "0" Pressure = "0" />
		<Point X = "210" Y = "165" T = "0" Pressure = "0" />
		<Point X = "220" Y = "172" T = "0" Pressure = "0" />
		<Point X = "228" Y = "177" T = "0" Pressure = "0" />
		<Point X = "233" Y = "181" T = "0" Pressure = "0" />
		<Point X = "236" Y = "185" T = "0" Pressure = "0" />
		<Point X = "240" Y = "189" T = "0" Pressure = "0" />
		<Point X = "242" Y = "192" T = "0" Pressure = "0" />
		<Point X = "242" Y = "195" T = "0" Pressure = "0" />
		<Point X = "243" Y = "201" T = "0" Pressure = "0" />
		<Point X = "244" Y = "206" T = "0" Pressure = "0" />
		<Point X = "244" Y = "212" T = "0" Pressure = "0" />
		<Point X = "244" Y = "221" T = "0" Pressure = "0" />
		<Point X = "244" Y = "228" T = "0" Pressure = "0" />
		<Point X = "244" Y = "237" T = "0" Pressure = "0" />
		<Point X = "244" Y = "248" T = "0" Pressure = "0" />
		<Point X = "244" Y = "258" T = "0" Pressure = "0" />
		<Point X = "244" Y = "267" T = "0" Pressure = "0" />
		<Point X = "244" Y = "273" T = "0" Pressure = "0" />
		<Point X = "244" Y = "276" T = "0" Pressure = "0" />
		<Point X = "244" Y = "278" T = "0" Pressure = "0" />
		<Point X = "244" Y = "279" T = "0" Pressure = "0" />
		<Point X = "244" Y = "280" T = "0" Pressure = "0" />
		<Point X = "243" Y = "282" T = "0" Pressure = "0" />
		<Point X = "243" Y = "283" T = "0" Pressure = "0" />
		<Point X = "242" Y = "284" T = "0" Pressure = "0" />
		<Point X = "241" Y = "285" T = "0" Pressure = "0" />
		<Point X = "239" Y = "287" T = "0" Pressure = "0" />
		<Point X = "238" Y = "289" T = "0" Pressure = "0" />
		<Point X = "234" Y = "291" T = "0" Pressure = "0" />
		<Point X = "230" Y = "292" T = "0" Pressure = "0" />
		<Point X = "228" Y = "293" T = "0" Pressure = "0" />
		<Point X = "225" Y = "294" T = "0" Pressure = "0" />
		<Point X = "223" Y = "295" T = "0" Pressure = "0" />
		<Point X = "222" Y = "295" T = "0" Pressure = "0" />
		<Point X = "220" Y = "295" T = "0" Pressure = "0" />
		<Point X = "218" Y = "295" T = "0" Pressure = "0" />
		<Point X = "215" Y = "295" T = "0" Pressure = "0" />
		<Point X = "213" Y = "293" T = "0" Pressure = "0" />
		<Point X = "209" Y = "291" T = "0" Pressure = "0" />
		<Point X = "207" Y = "289" T = "0" Pressure = "0" />
		<Point X = "205" Y = "288" T = "0" Pressure = "0" />
		<Point X = "203" Y = "286" T = "0" Pressure = "0" />
		<Point X = "202" Y = "285" T = "0" Pressure = "0" />
		<Point X = "198" Y = "284" T = "0" Pressure = "0" />
		<Point X = "198" Y = "283" T = "0" Pressure = "0" />
		<Point X = "196" Y = "282" T = "0" Pressure = "0" />
		<Point X = "195" Y = "281" T = "0" Pressure = "0" />
		<Point X = "195" Y = "280" T = "0" Pressure = "0" />
		<Point X = "192" Y = "274" T = "0" Pressure = "0" />
		<Point X = "190" Y = "271" T = "0" Pressure = "0" />
		<Point X = "189" Y = "266" T = "0" Pressure = "0" />
		<Point X = "188" Y = "263" T = "0" Pressure = "0" />
		<Point X = "187" Y = "261" T = "0" Pressure = "0" />
		<Point X = "186" Y = "258" T = "0" Pressure = "0" />
		<Point X = "185" Y = "256" T = "0" Pressure = "0" />
		<Point X = "185" Y = "255" T = "0" Pressure = "0" />
		<Point X = "185" Y = "252" T = "0" Pressure = "0" />
		<Point X = "184" Y = "250" T = "0" Pressure = "0" />
		<Point X = "184" Y = "247" T = "0" Pressure = "0" />
		<Point X = "184" Y = "245" T = "0" Pressure = "0" />
		<Point X = "184" Y = "242" T = "0" Pressure = "0" />
		<Point X = "184" Y = "239" T = "0" Pressure = "0" />
		<Point X = "184" Y = "236" T = "0" Pressure = "0" />
		<Point X = "184" Y = "233" T = "0" Pressure = "0" />
		<Point X = "184" Y = "232" T = "0" Pressure = "0" />
		<Point X = "184" Y = "229" T = "0" Pressure = "0" />
		<Point X = "184" Y = "228" T = "0" Pressure = "0" />
		<Point X = "184" Y = "226" T = "0" Pressure = "0" />
		<Point X = "184" Y = "225" T = "0" Pressure = "0" />
		<Point X = "184" Y = "223" T = "0" Pressure = "0" />
		<Point X = "184" Y = "222" T = "0" Pressure = "0" />
		<Point X = "185" Y = "220" T = "0" Pressure = "0" />
		<Point X = "187" Y = "217" T = "0" Pressure = "0" />
		<Point X = "189" Y = "215" T = "0" Pressure = "0" />
		<Point X = "190" Y = "213" T = "0" Pressure = "0" />
		<Point X = "192" Y = "211" T = "0" Pressure = "0" />
		<Point X = "194" Y = "209" T = "0" Pressure = "0" />
		<Point X = "195" Y = "207" T = "0" Pressure = "0" />
		<Point X = "196" Y = "206" T = "0" Pressure = "0" />
		<Point X = "197" Y = "206" T = "0" Pressure = "0" />
		<Point X = "198" Y = "206" T = "0" Pressure = "0" />
		<Point X = "200" Y = "206" T = "0" Pressure = "0" />
		<Point X = "201" Y = "206" T = "0" Pressure = "0" />
		<Point X = "204" Y = "206" T = "0" Pressure = "0" />
		<Point X = "205" Y = "206" T = "0" Pressure = "0" />
		<Point X = "207" Y = "206" T = "0" Pressure = "0" />
		<Point X = "209" Y = "206" T = "0" Pressure = "0" />
		<Point X = "212" Y = "206" T = "0" Pressure = "0" />
		<Point X = "214" Y = "209" T = "0" Pressure = "0" />
		<Point X = "215" Y = "209" T = "0" Pressure = "0" />
		<Point X = "218" Y = "212" T = "0" Pressure = "0" />
		<Point X = "220" Y = "213" T = "0" Pressure = "0" />
		<Point X = "223" Y = "217" T = "0" Pressure = "0" />
		<Point X = "224" Y = "219" T = "0" Pressure = "0" />
		<Point X = "225" Y = "221" T = "0" Pressure = "0" />
		<Point X = "225" Y = "222" T = "0" Pressure = "0" />
		<Point X = "226" Y = "226" T = "0" Pressure = "0" />
		<Point X = "226" Y = "228" T = "0" Pressure = "0" />
		<Point X = "227" Y = "231" T = "0" Pressure = "0" />
		<Point X = "227" Y = "234" T = "0" Pressure = "0" />
		<Point X = "228" Y = "236" T = "0" Pressure = "0" />
		<Point X = "228" Y = "238" T = "0" Pressure = "0" />
		<Point X = "228" Y = "242" T = "0" Pressure = "0" />
		<Point X = "228" Y = "244" T = "0" Pressure = "0" />
		<Point X = "228" Y = "245" T = "0" Pressure = "0" />
		<Point X = "228" Y = "246" T = "0" Pressure = "0" />
		<Point X = "228" Y = "248" T = "0" Pressure = "0" />
		<Point X = "227" Y = "249" T = "0" Pressure = "0" />
		<Point X = "226" Y = "251" T = "0" Pressure = "0" />
		<Point X = "225" Y = "253" T = "0" Pressure = "0" />
		<Point X = "223" Y = "254" T = "0" Pressure = "0" />
		<Point X = "223" Y = "255" T = "0" Pressure = "0" />
		<Point X = "222" Y = "256" T = "0" Pressure = "0" />
		<Point X = "221" Y = "257" T = "0" Pressure = "0" />
		<Point X = "219" Y = "258" T = "0" Pressure = "0" />
		<Point X = "217" Y = "258" T = "0" Pressure = "0" />
		<Point X = "216" Y = "259" T = "0" Pressure = "0" />
		<Point X = "215" Y = "259" T = "0" Pressure = "0" />
		<Point X = "214" Y = "259" T = "0" Pressure = "0" />
		<Point X = "213" Y = "259" T = "0" Pressure = "0" />
		<Point X = "212" Y = "259" T = "0" Pressure = "0" />
		<Point X = "210" Y = "259" T = "0" Pressure = "0" />
		<Point X = "208" Y = "257" T = "0" Pressure = "0" />
		<Point X = "207" Y = "255" T = "0" Pressure = "0" />
		<Point X = "205" Y = "254" T = "0" Pressure = "0" />
		<Point X = "205" Y = "253" T = "0" Pressure = "0" />
		<Point X = "204" Y = "252" T = "0" Pressure = "0" />
		<Point X = "204" Y = "251" T = "0" Pressure = "0" />
		<Point X = "203" Y = "249" T = "0" Pressure = "0" />
		<Point X = "203" Y = "248" T = "0" Pressure = "0" />
		<Point X = "203" Y = "245" T = "0" Pressure = "0" />
		<Point X = "203" Y = "243" T = "0" Pressure = "0" />
		<Point X = "203" Y = "241" T = "0" Pressure = "0" />
		<Point X = "203" Y = "238" T = "0" Pressure = "0" />
		<Point X = "203" Y = "235" T = "0" Pressure = "0" />
		<Point X = "203" Y = "234" T = "0" Pressure = "0" />
		<Point X = "203" Y = "232" T = "0" Pressure = "0" />
		<Point X = "203" Y = "229" T = "0" Pressure = "0" />
		<Point X = "203" Y = "228" T = "0" Pressure = "0" />
		<Point X = "203" Y = "227" T = "0" Pressure = "0" />
		<Point X = "203" Y = "226" T = "0" Pressure = "0" />
		<Point X = "203" Y = "225" T = "0" Pressure = "0" />
		<Point X = "204" Y = "225" T = "0" Pressure = "0" />
		<Point X = "205" Y = "225" T = "0" Pressure = "0" />
		<Point X = "206" Y = "225" T = "0" Pressure = "0" />
		<Point X = "207" Y = "225" T = "0" Pressure = "0" />
		<Point X = "209" Y = "225" T = "0" Pressure = "0" />
		<Point X = "210" Y = "225" T = "0" Pressure = "0" />
		<Point X = "211" Y = "225" T = "0" Pressure = "0" />
		<Point X = "213" Y = "226" T = "0" Pressure = "0" />
		<Point X = "213" Y = "228" T = "0" Pressure = "0" />
		<Point X = "215" Y = "231" T = "0" Pressure = "0" />
		<Point X = "216" Y = "233" T = "0" Pressure = "0" />
		<Point X = "216" Y = "234" T = "0" Pressure = "0" />
		<Point X = "217" Y = "235" T = "0" Pressure = "0" />
		<Point X = "218" Y = "237" T = "0" Pressure = "0" />
		<Point X = "218" Y = "238" T = "0" Pressure = "0" />
	</Stroke>
</Gesture>
