<?xml version="1.0" encoding="utf-8" standalone="yes"?>
<Gesture Name = "spiral">
	<Stroke>
		<Point X = "339" Y = "107" T = "0" Pressure = "0" />
		<Point X = "344" Y = "107" T = "0" Pressure = "0" />
		<Point X = "348" Y = "107" T = "0" Pressure = "0" />
		<Point X = "355" Y = "108" T = "0" Pressure = "0" />
		<Point X = "361" Y = "109" T = "0" Pressure = "0" />
		<Point X = "365" Y = "110" T = "0" Pressure = "0" />
		<Point X = "371" Y = "113" T = "0" Pressure = "0" />
		<Point X = "376" Y = "115" T = "0" Pressure = "0" />
		<Point X = "382" Y = "119" T = "0" Pressure = "0" />
		<Point X = "388" Y = "123" T = "0" Pressure = "0" />
		<Point X = "393" Y = "128" T = "0" Pressure = "0" />
		<Point X = "399" Y = "135" T = "0" Pressure = "0" />
		<Point X = "406" Y = "146" T = "0" Pressure = "0" />
		<Point X = "414" Y = "156" T = "0" Pressure = "0" />
		<Point X = "418" Y = "166" T = "0" Pressure = "0" />
		<Point X = "420" Y = "176" T = "0" Pressure = "0" />
		<Point X = "421" Y = "181" T = "0" Pressure = "0" />
		<Point X = "423" Y = "187" T = "0" Pressure = "0" />
		<Point X = "423" Y = "193" T = "0" Pressure = "0" />
		<Point X = "423" Y = "201" T = "0" Pressure = "0" />
		<Point X = "423" Y = "205" T = "0" Pressure = "0" />
		<Point X = "422" Y = "209" T = "0" Pressure = "0" />
		<Point X = "420" Y = "213" T = "0" Pressure = "0" />
		<Point X = "417" Y = "219" T = "0" Pressure = "0" />
		<Point X = "414" Y = "223" T = "0" Pressure = "0" />
		<Point X = "410" Y = "229" T = "0" Pressure = "0" />
		<Point X = "406" Y = "233" T = "0" Pressure = "0" />
		<Point X = "400" Y = "237" T = "0" Pressure = "0" />
		<Point X = "393" Y = "240" T = "0" Pressure = "0" />
		<Point X = "384" Y = "242" T = "0" Pressure = "0" />
		<Point X = "372" Y = "244" T = "0" Pressure = "0" />
		<Point X = "361" Y = "246" T = "0" Pressure = "0" />
		<Point X = "348" Y = "247" T = "0" Pressure = "0" />
		<Point X = "339" Y = "247" T = "0" Pressure = "0" />
		<Point X = "333" Y = "248" T = "0" Pressure = "0" />
		<Point X = "329" Y = "248" T = "0" Pressure = "0" />
		<Point X = "325" Y = "248" T = "0" Pressure = "0" />
		<Point X = "320" Y = "248" T = "0" Pressure = "0" />
		<Point X = "316" Y = "248" T = "0" Pressure = "0" />
		<Point X = "310" Y = "246" T = "0" Pressure = "0" />
		<Point X = "305" Y = "243" T = "0" Pressure = "0" />
		<Point X = "300" Y = "238" T = "0" Pressure = "0" />
		<Point X = "297" Y = "233" T = "0" Pressure = "0" />
		<Point X = "295" Y = "227" T = "0" Pressure = "0" />
		<Point X = "293" Y = "223" T = "0" Pressure = "0" />
		<Point X = "292" Y = "220" T = "0" Pressure = "0" />
		<Point X = "291" Y = "217" T = "0" Pressure = "0" />
		<Point X = "291" Y = "212" T = "0" Pressure = "0" />
		<Point X = "291" Y = "207" T = "0" Pressure = "0" />
		<Point X = "291" Y = "203" T = "0" Pressure = "0" />
		<Point X = "291" Y = "198" T = "0" Pressure = "0" />
		<Point X = "291" Y = "194" T = "0" Pressure = "0" />
		<Point X = "291" Y = "191" T = "0" Pressure = "0" />
		<Point X = "292" Y = "187" T = "0" Pressure = "0" />
		<Point X = "293" Y = "185" T = "0" Pressure = "0" />
		<Point X = "296" Y = "182" T = "0" Pressure = "0" />
		<Point X = "299" Y = "180" T = "0" Pressure = "0" />
		<Point X = "303" Y = "178" T = "0" Pressure = "0" />
		<Point X = "310" Y = "174" T = "0" Pressure = "0" />
		<Point X = "316" Y = "172" T = "0" Pressure = "0" />
		<Point X = "323" Y = "169" T = "0" Pressure = "0" />
		<Point X = "331" Y = "167" T = "0" Pressure = "0" />
		<Point X = "337" Y = "164" T = "0" Pressure = "0" />
		<Point X = "341" Y = "162" T = "0" Pressure = "0" />
		<Point X = "347" Y = "159" T = "0" Pressure = "0" />
		<Point X = "353" Y = "158" T = "0" Pressure = "0" />
		<Point X = "359" Y = "158" T = "0" Pressure = "0" />
		<Point X = "362" Y = "158" T = "0" Pressure = "0" />
		<Point X = "365" Y = "158" T = "0" Pressure = "0" />
		<Point X = "367" Y = "158" T = "0" Pressure = "0" />
		<Point X = "368" Y = "158" T = "0" Pressure = "0" />
		<Point X = "370" Y = "158" T = "0" Pressure = "0" />
		<Point X = "371" Y = "160" T = "0" Pressure = "0" />
		<Point X = "372" Y = "163" T = "0" Pressure = "0" />
		<Point X = "374" Y = "167" T = "0" Pressure = "0" />
		<Point X = "374" Y = "171" T = "0" Pressure = "0" />
		<Point X = "375" Y = "176" T = "0" Pressure = "0" />
		<Point X = "375" Y = "181" T = "0" Pressure = "0" />
		<Point X = "375" Y = "188" T = "0" Pressure = "0" />
		<Point X = "375" Y = "191" T = "0" Pressure = "0" />
		<Point X = "375" Y = "195" T = "0" Pressure = "0" />
		<Point X = "374" Y = "198" T = "0" Pressure = "0" />
		<Point X = "371" Y = "202" T = "0" Pressure = "0" />
		<Point X = "369" Y = "204" T = "0" Pressure = "0" />
		<Point X = "366" Y = "206" T = "0" Pressure = "0" />
		<Point X = "360" Y = "211" T = "0" Pressure = "0" />
		<Point X = "355" Y = "213" T = "0" Pressure = "0" />
		<Point X = "352" Y = "216" T = "0" Pressure = "0" />
		<Point X = "349" Y = "218" T = "0" Pressure = "0" />
		<Point X = "344" Y = "221" T = "0" Pressure = "0" />
		<Point X = "339" Y = "223" T = "0" Pressure = "0" />
		<Point X = "337" Y = "224" T = "0" Pressure = "0" />
		<Point X = "336" Y = "224" T = "0" Pressure = "0" />
		<Point X = "332" Y = "226" T = "0" Pressure = "0" />
		<Point X = "331" Y = "226" T = "0" Pressure = "0" />
		<Point X = "330" Y = "226" T = "0" Pressure = "0" />
		<Point X = "329" Y = "226" T = "0" Pressure = "0" />
		<Point X = "328" Y = "226" T = "0" Pressure = "0" />
		<Point X = "326" Y = "226" T = "0" Pressure = "0" />
		<Point X = "324" Y = "224" T = "0" Pressure = "0" />
		<Point X = "323" Y = "221" T = "0" Pressure = "0" />
		<Point X = "321" Y = "220" T = "0" Pressure = "0" />
		<Point X = "321" Y = "218" T = "0" Pressure = "0" />
		<Point X = "320" Y = "217" T = "0" Pressure = "0" />
		<Point X = "320" Y = "215" T = "0" Pressure = "0" />
		<Point X = "320" Y = "213" T = "0" Pressure = "0" />
		<Point X = "320" Y = "211" T = "0" Pressure = "0" />
		<Point X = "320" Y = "210" T = "0" Pressure = "0" />
		<Point X = "320" Y = "208" T = "0" Pressure = "0" />
		<Point X = "320" Y = "206" T = "0" Pressure = "0" />
		<Point X = "320" Y = "204" T = "0" Pressure = "0" />
		<Point X = "320" Y = "202" T = "0" Pressure = "0" />
		<Point X = "321" Y = "201" T = "0" Pressure = "0" />
		<Point X = "322" Y = "200" T = "0" Pressure = "0" />
		<Point X = "322" Y = "198" T = "0" Pressure = "0" />
		<Point X = "323" Y = "198" T = "0" Pressure = "0" />
		<Point X = "324" Y = "196" T = "0" Pressure = "0" />
		<Point X = "325" Y = "196" T = "0" Pressure = "0" />
		<Point X = "327" Y = "196" T = "0" Pressure = "0" />
		<Point X = "328" Y = "196" T = "0" Pressure = "0" />
		<Point X = "330" Y = "196" T = "0" Pressure = "0" />
		<Point X = "331" Y = "196" T = "0" Pressure = "0" />
		<Point X = "333" Y = "196" T = "0" Pressure = "0" />
		<Point X = "334" Y = "196" T = "0" Pressure = "0" />
		<Point X = "336" Y = "196" T = "0" Pressure = "0" />
		<Point X = "338" Y = "196" T = "0" Pressure = "0" />
		<Point X = "339" Y = "196" T = "0" Pressure = "0" />
		<Point X = "341" Y = "196" T = "0" Pressure = "0" />
		<Point X = "341" Y = "197" T = "0" Pressure = "0" />
		<Point X = "342" Y = "197" T = "0" Pressure = "0" />
		<Point X = "342" Y = "199" T = "0" Pressure = "0" />
		<Point X = "342" Y = "200" T = "0" Pressure = "0" />
		<Point X = "340" Y = "203" T = "0" Pressure = "0" />
		<Point X = "339" Y = "206" T = "0" Pressure = "0" />
	</Stroke>
</Gesture>
