<?xml version="1.0" encoding="utf-8" standalone="yes"?>
<Gesture Name = "spiral">
	<Stroke>
		<Point X = "116" Y = "260" T = "0" Pressure = "0" />
		<Point X = "116" Y = "259" T = "0" Pressure = "0" />
		<Point X = "116" Y = "257" T = "0" Pressure = "0" />
		<Point X = "116" Y = "256" T = "0" Pressure = "0" />
		<Point X = "116" Y = "253" T = "0" Pressure = "0" />
		<Point X = "116" Y = "250" T = "0" Pressure = "0" />
		<Point X = "116" Y = "248" T = "0" Pressure = "0" />
		<Point X = "113" Y = "245" T = "0" Pressure = "0" />
		<Point X = "113" Y = "243" T = "0" Pressure = "0" />
		<Point X = "113" Y = "242" T = "0" Pressure = "0" />
		<Point X = "113" Y = "239" T = "0" Pressure = "0" />
		<Point X = "112" Y = "238" T = "0" Pressure = "0" />
		<Point X = "111" Y = "236" T = "0" Pressure = "0" />
		<Point X = "111" Y = "235" T = "0" Pressure = "0" />
		<Point X = "111" Y = "232" T = "0" Pressure = "0" />
		<Point X = "110" Y = "231" T = "0" Pressure = "0" />
		<Point X = "110" Y = "229" T = "0" Pressure = "0" />
		<Point X = "110" Y = "227" T = "0" Pressure = "0" />
		<Point X = "109" Y = "224" T = "0" Pressure = "0" />
		<Point X = "109" Y = "220" T = "0" Pressure = "0" />
		<Point X = "107" Y = "216" T = "0" Pressure = "0" />
		<Point X = "107" Y = "213" T = "0" Pressure = "0" />
		<Point X = "106" Y = "210" T = "0" Pressure = "0" />
		<Point X = "106" Y = "207" T = "0" Pressure = "0" />
		<Point X = "106" Y = "204" T = "0" Pressure = "0" />
		<Point X = "105" Y = "201" T = "0" Pressure = "0" />
		<Point X = "105" Y = "199" T = "0" Pressure = "0" />
		<Point X = "105" Y = "197" T = "0" Pressure = "0" />
		<Point X = "104" Y = "195" T = "0" Pressure = "0" />
		<Point X = "104" Y = "193" T = "0" Pressure = "0" />
		<Point X = "104" Y = "192" T = "0" Pressure = "0" />
		<Point X = "104" Y = "191" T = "0" Pressure = "0" />
		<Point X = "104" Y = "190" T = "0" Pressure = "0" />
		<Point X = "104" Y = "189" T = "0" Pressure = "0" />
		<Point X = "104" Y = "188" T = "0" Pressure = "0" />
		<Point X = "104" Y = "187" T = "0" Pressure = "0" />
		<Point X = "104" Y = "186" T = "0" Pressure = "0" />
		<Point X = "104" Y = "184" T = "0" Pressure = "0" />
		<Point X = "104" Y = "182" T = "0" Pressure = "0" />
		<Point X = "104" Y = "179" T = "0" Pressure = "0" />
		<Point X = "104" Y = "176" T = "0" Pressure = "0" />
		<Point X = "105" Y = "171" T = "0" Pressure = "0" />
		<Point X = "108" Y = "167" T = "0" Pressure = "0" />
		<Point X = "111" Y = "161" T = "0" Pressure = "0" />
		<Point X = "112" Y = "159" T = "0" Pressure = "0" />
		<Point X = "112" Y = "156" T = "0" Pressure = "0" />
		<Point X = "115" Y = "151" T = "0" Pressure = "0" />
		<Point X = "116" Y = "149" T = "0" Pressure = "0" />
		<Point X = "118" Y = "144" T = "0" Pressure = "0" />
		<Point X = "120" Y = "141" T = "0" Pressure = "0" />
		<Point X = "121" Y = "139" T = "0" Pressure = "0" />
		<Point X = "122" Y = "137" T = "0" Pressure = "0" />
		<Point X = "123" Y = "136" T = "0" Pressure = "0" />
		<Point X = "124" Y = "134" T = "0" Pressure = "0" />
		<Point X = "126" Y = "132" T = "0" Pressure = "0" />
		<Point X = "127" Y = "131" T = "0" Pressure = "0" />
		<Point X = "128" Y = "131" T = "0" Pressure = "0" />
		<Point X = "128" Y = "130" T = "0" Pressure = "0" />
		<Point X = "130" Y = "129" T = "0" Pressure = "0" />
		<Point X = "131" Y = "126" T = "0" Pressure = "0" />
		<Point X = "132" Y = "124" T = "0" Pressure = "0" />
		<Point X = "134" Y = "122" T = "0" Pressure = "0" />
		<Point X = "136" Y = "118" T = "0" Pressure = "0" />
		<Point X = "139" Y = "115" T = "0" Pressure = "0" />
		<Point X = "139" Y = "112" T = "0" Pressure = "0" />
		<Point X = "142" Y = "109" T = "0" Pressure = "0" />
		<Point X = "143" Y = "107" T = "0" Pressure = "0" />
		<Point X = "144" Y = "106" T = "0" Pressure = "0" />
		<Point X = "146" Y = "103" T = "0" Pressure = "0" />
		<Point X = "147" Y = "103" T = "0" Pressure = "0" />
		<Point X = "147" Y = "102" T = "0" Pressure = "0" />
		<Point X = "148" Y = "102" T = "0" Pressure = "0" />
		<Point X = "149" Y = "100" T = "0" Pressure = "0" />
		<Point X = "150" Y = "100" T = "0" Pressure = "0" />
		<Point X = "152" Y = "100" T = "0" Pressure = "0" />
		<Point X = "153" Y = "100" T = "0" Pressure = "0" />
		<Point X = "156" Y = "100" T = "0" Pressure = "0" />
		<Point X = "159" Y = "100" T = "0" Pressure = "0" />
		<Point X = "160" Y = "100" T = "0" Pressure = "0" />
		<Point X = "163" Y = "100" T = "0" Pressure = "0" />
		<Point X = "166" Y = "100" T = "0" Pressure = "0" />
		<Point X = "167" Y = "99" T = "0" Pressure = "0" />
		<Point X = "168" Y = "99" T = "0" Pressure = "0" />
		<Point X = "170" Y = "99" T = "0" Pressure = "0" />
		<Point X = "173" Y = "99" T = "0" Pressure = "0" />
		<Point X = "177" Y = "99" T = "0" Pressure = "0" />
		<Point X = "181" Y = "99" T = "0" Pressure = "0" />
		<Point X = "185" Y = "99" T = "0" Pressure = "0" />
		<Point X = "189" Y = "99" T = "0" Pressure = "0" />
		<Point X = "194" Y = "99" T = "0" Pressure = "0" />
		<Point X = "198" Y = "99" T = "0" Pressure = "0" />
		<Point X = "199" Y = "99" T = "0" Pressure = "0" />
		<Point X = "201" Y = "99" T = "0" Pressure = "0" />
		<Point X = "203" Y = "99" T = "0" Pressure = "0" />
		<Point X = "205" Y = "99" T = "0" Pressure = "0" />
		<Point X = "206" Y = "99" T = "0" Pressure = "0" />
		<Point X = "206" Y = "100" T = "0" Pressure = "0" />
		<Point X = "209" Y = "101" T = "0" Pressure = "0" />
		<Point X = "212" Y = "103" T = "0" Pressure = "0" />
		<Point X = "216" Y = "104" T = "0" Pressure = "0" />
		<Point X = "220" Y = "105" T = "0" Pressure = "0" />
		<Point X = "225" Y = "105" T = "0" Pressure = "0" />
		<Point X = "229" Y = "107" T = "0" Pressure = "0" />
		<Point X = "235" Y = "108" T = "0" Pressure = "0" />
		<Point X = "239" Y = "108" T = "0" Pressure = "0" />
		<Point X = "242" Y = "108" T = "0" Pressure = "0" />
		<Point X = "246" Y = "108" T = "0" Pressure = "0" />
		<Point X = "249" Y = "108" T = "0" Pressure = "0" />
		<Point X = "251" Y = "109" T = "0" Pressure = "0" />
		<Point X = "252" Y = "110" T = "0" Pressure = "0" />
		<Point X = "254" Y = "111" T = "0" Pressure = "0" />
		<Point X = "256" Y = "113" T = "0" Pressure = "0" />
		<Point X = "259" Y = "115" T = "0" Pressure = "0" />
		<Point X = "263" Y = "118" T = "0" Pressure = "0" />
		<Point X = "264" Y = "119" T = "0" Pressure = "0" />
		<Point X = "268" Y = "120" T = "0" Pressure = "0" />
		<Point X = "270" Y = "121" T = "0" Pressure = "0" />
		<Point X = "271" Y = "122" T = "0" Pressure = "0" />
		<Point X = "272" Y = "122" T = "0" Pressure = "0" />
		<Point X = "274" Y = "122" T = "0" Pressure = "0" />
		<Point X = "274" Y = "123" T = "0" Pressure = "0" />
		<Point X = "275" Y = "123" T = "0" Pressure = "0" />
		<Point X = "276" Y = "124" T = "0" Pressure = "0" />
		<Point X = "278" Y = "125" T = "0" Pressure = "0" />
		<Point X = "279" Y = "127" T = "0" Pressure = "0" />
		<Point X = "281" Y = "129" T = "0" Pressure = "0" />
		<Point X = "283" Y = "131" T = "0" Pressure = "0" />
		<Point X = "285" Y = "133" T = "0" Pressure = "0" />
		<Point X = "288" Y = "137" T = "0" Pressure = "0" />
		<Point X = "290" Y = "139" T = "0" Pressure = "0" />
		<Point X = "292" Y = "141" T = "0" Pressure = "0" />
		<Point X = "293" Y = "143" T = "0" Pressure = "0" />
		<Point X = "294" Y = "143" T = "0" Pressure = "0" />
		<Point X = "295" Y = "145" T = "0" Pressure = "0" />
		<Point X = "296" Y = "147" T = "0" Pressure = "0" />
		<Point X = "296" Y = "148" T = "0" Pressure = "0" />
		<Point X = "297" Y = "151" T = "0" Pressure = "0" />
		<Point X = "298" Y = "154" T = "0" Pressure = "0" />
		<Point X = "299" Y = "158" T = "0" Pressure = "0" />
		<Point X = "299" Y = "162" T = "0" Pressure = "0" />
		<Point X = "300" Y = "167" T = "0" Pressure = "0" />
		<Point X = "300" Y = "168" T = "0" Pressure = "0" />
		<Point X = "301" Y = "170" T = "0" Pressure = "0" />
		<Point X = "302" Y = "171" T = "0" Pressure = "0" />
		<Point X = "302" Y = "172" T = "0" Pressure = "0" />
		<Point X = "302" Y = "173" T = "0" Pressure = "0" />
		<Point X = "302" Y = "174" T = "0" Pressure = "0" />
		<Point X = "302" Y = "175" T = "0" Pressure = "0" />
		<Point X = "302" Y = "178" T = "0" Pressure = "0" />
		<Point X = "302" Y = "180" T = "0" Pressure = "0" />
		<Point X = "302" Y = "183" T = "0" Pressure = "0" />
		<Point X = "302" Y = "188" T = "0" Pressure = "0" />
		<Point X = "301" Y = "193" T = "0" Pressure = "0" />
		<Point X = "301" Y = "198" T = "0" Pressure = "0" />
		<Point X = "300" Y = "203" T = "0" Pressure = "0" />
		<Point X = "299" Y = "207" T = "0" Pressure = "0" />
		<Point X = "299" Y = "210" T = "0" Pressure = "0" />
		<Point X = "298" Y = "213" T = "0" Pressure = "0" />
		<Point X = "298" Y = "216" T = "0" Pressure = "0" />
		<Point X = "298" Y = "219" T = "0" Pressure = "0" />
		<Point X = "297" Y = "219" T = "0" Pressure = "0" />
		<Point X = "296" Y = "221" T = "0" Pressure = "0" />
		<Point X = "296" Y = "223" T = "0" Pressure = "0" />
		<Point X = "295" Y = "223" T = "0" Pressure = "0" />
		<Point X = "294" Y = "223" T = "0" Pressure = "0" />
		<Point X = "294" Y = "224" T = "0" Pressure = "0" />
		<Point X = "293" Y = "224" T = "0" Pressure = "0" />
		<Point X = "293" Y = "225" T = "0" Pressure = "0" />
		<Point X = "292" Y = "226" T = "0" Pressure = "0" />
		<Point X = "291" Y = "227" T = "0" Pressure = "0" />
		<Point X = "290" Y = "228" T = "0" Pressure = "0" />
		<Point X = "290" Y = "229" T = "0" Pressure = "0" />
		<Point X = "289" Y = "229" T = "0" Pressure = "0" />
		<Point X = "287" Y = "231" T = "0" Pressure = "0" />
		<Point X = "286" Y = "231" T = "0" Pressure = "0" />
		<Point X = "284" Y = "233" T = "0" Pressure = "0" />
		<Point X = "283" Y = "234" T = "0" Pressure = "0" />
		<Point X = "281" Y = "236" T = "0" Pressure = "0" />
		<Point X = "279" Y = "238" T = "0" Pressure = "0" />
		<Point X = "278" Y = "239" T = "0" Pressure = "0" />
		<Point X = "277" Y = "240" T = "0" Pressure = "0" />
		<Point X = "276" Y = "241" T = "0" Pressure = "0" />
		<Point X = "274" Y = "243" T = "0" Pressure = "0" />
		<Point X = "272" Y = "243" T = "0" Pressure = "0" />
		<Point X = "271" Y = "243" T = "0" Pressure = "0" />
		<Point X = "269" Y = "245" T = "0" Pressure = "0" />
		<Point X = "266" Y = "245" T = "0" Pressure = "0" />
		<Point X = "264" Y = "246" T = "0" Pressure = "0" />
		<Point X = "262" Y = "246" T = "0" Pressure = "0" />
		<Point X = "259" Y = "246" T = "0" Pressure = "0" />
		<Point X = "256" Y = "246" T = "0" Pressure = "0" />
		<Point X = "252" Y = "247" T = "0" Pressure = "0" />
		<Point X = "251" Y = "247" T = "0" Pressure = "0" />
		<Point X = "248" Y = "249" T = "0" Pressure = "0" />
		<Point X = "245" Y = "250" T = "0" Pressure = "0" />
		<Point X = "242" Y = "250" T = "0" Pressure = "0" />
		<Point X = "241" Y = "250" T = "0" Pressure = "0" />
		<Point X = "236" Y = "253" T = "0" Pressure = "0" />
		<Point X = "235" Y = "253" T = "0" Pressure = "0" />
		<Point X = "232" Y = "253" T = "0" Pressure = "0" />
		<Point X = "229" Y = "254" T = "0" Pressure = "0" />
		<Point X = "228" Y = "254" T = "0" Pressure = "0" />
		<Point X = "225" Y = "255" T = "0" Pressure = "0" />
		<Point X = "222" Y = "255" T = "0" Pressure = "0" />
		<Point X = "219" Y = "255" T = "0" Pressure = "0" />
		<Point X = "217" Y = "255" T = "0" Pressure = "0" />
		<Point X = "213" Y = "255" T = "0" Pressure = "0" />
		<Point X = "210" Y = "255" T = "0" Pressure = "0" />
		<Point X = "207" Y = "255" T = "0" Pressure = "0" />
		<Point X = "205" Y = "255" T = "0" Pressure = "0" />
		<Point X = "203" Y = "255" T = "0" Pressure = "0" />
		<Point X = "200" Y = "255" T = "0" Pressure = "0" />
		<Point X = "199" Y = "255" T = "0" Pressure = "0" />
		<Point X = "198" Y = "255" T = "0" Pressure = "0" />
		<Point X = "196" Y = "255" T = "0" Pressure = "0" />
		<Point X = "195" Y = "255" T = "0" Pressure = "0" />
		<Point X = "193" Y = "255" T = "0" Pressure = "0" />
		<Point X = "192" Y = "255" T = "0" Pressure = "0" />
		<Point X = "190" Y = "255" T = "0" Pressure = "0" />
		<Point X = "189" Y = "255" T = "0" Pressure = "0" />
		<Point X = "188" Y = "255" T = "0" Pressure = "0" />
		<Point X = "186" Y = "255" T = "0" Pressure = "0" />
		<Point X = "185" Y = "255" T = "0" Pressure = "0" />
		<Point X = "183" Y = "255" T = "0" Pressure = "0" />
		<Point X = "182" Y = "254" T = "0" Pressure = "0" />
		<Point X = "181" Y = "253" T = "0" Pressure = "0" />
		<Point X = "178" Y = "252" T = "0" Pressure = "0" />
		<Point X = "177" Y = "250" T = "0" Pressure = "0" />
		<Point X = "175" Y = "248" T = "0" Pressure = "0" />
		<Point X = "172" Y = "246" T = "0" Pressure = "0" />
		<Point X = "171" Y = "244" T = "0" Pressure = "0" />
		<Point X = "167" Y = "242" T = "0" Pressure = "0" />
		<Point X = "167" Y = "241" T = "0" Pressure = "0" />
		<Point X = "166" Y = "241" T = "0" Pressure = "0" />
		<Point X = "165" Y = "239" T = "0" Pressure = "0" />
		<Point X = "164" Y = "239" T = "0" Pressure = "0" />
		<Point X = "164" Y = "238" T = "0" Pressure = "0" />
		<Point X = "163" Y = "238" T = "0" Pressure = "0" />
		<Point X = "163" Y = "236" T = "0" Pressure = "0" />
		<Point X = "160" Y = "234" T = "0" Pressure = "0" />
		<Point X = "159" Y = "232" T = "0" Pressure = "0" />
		<Point X = "157" Y = "230" T = "0" Pressure = "0" />
		<Point X = "156" Y = "228" T = "0" Pressure = "0" />
		<Point X = "154" Y = "227" T = "0" Pressure = "0" />
		<Point X = "154" Y = "225" T = "0" Pressure = "0" />
		<Point X = "153" Y = "225" T = "0" Pressure = "0" />
		<Point X = "152" Y = "223" T = "0" Pressure = "0" />
		<Point X = "151" Y = "221" T = "0" Pressure = "0" />
		<Point X = "150" Y = "221" T = "0" Pressure = "0" />
		<Point X = "150" Y = "220" T = "0" Pressure = "0" />
		<Point X = "150" Y = "219" T = "0" Pressure = "0" />
		<Point X = "150" Y = "218" T = "0" Pressure = "0" />
		<Point X = "150" Y = "217" T = "0" Pressure = "0" />
		<Point X = "149" Y = "215" T = "0" Pressure = "0" />
		<Point X = "149" Y = "213" T = "0" Pressure = "0" />
		<Point X = "149" Y = "212" T = "0" Pressure = "0" />
		<Point X = "149" Y = "211" T = "0" Pressure = "0" />
		<Point X = "149" Y = "210" T = "0" Pressure = "0" />
		<Point X = "149" Y = "208" T = "0" Pressure = "0" />
		<Point X = "149" Y = "206" T = "0" Pressure = "0" />
		<Point X = "149" Y = "205" T = "0" Pressure = "0" />
		<Point X = "149" Y = "203" T = "0" Pressure = "0" />
		<Point X = "149" Y = "199" T = "0" Pressure = "0" />
		<Point X = "149" Y = "194" T = "0" Pressure = "0" />
		<Point X = "149" Y = "190" T = "0" Pressure = "0" />
		<Point X = "149" Y = "187" T = "0" Pressure = "0" />
		<Point X = "149" Y = "182" T = "0" Pressure = "0" />
		<Point X = "149" Y = "181" T = "0" Pressure = "0" />
		<Point X = "149" Y = "178" T = "0" Pressure = "0" />
		<Point X = "149" Y = "175" T = "0" Pressure = "0" />
		<Point X = "149" Y = "174" T = "0" Pressure = "0" />
		<Point X = "149" Y = "172" T = "0" Pressure = "0" />
		<Point X = "149" Y = "171" T = "0" Pressure = "0" />
		<Point X = "149" Y = "169" T = "0" Pressure = "0" />
		<Point X = "149" Y = "168" T = "0" Pressure = "0" />
		<Point X = "149" Y = "167" T = "0" Pressure = "0" />
		<Point X = "149" Y = "165" T = "0" Pressure = "0" />
		<Point X = "149" Y = "163" T = "0" Pressure = "0" />
		<Point X = "149" Y = "162" T = "0" Pressure = "0" />
		<Point X = "150" Y = "161" T = "0" Pressure = "0" />
		<Point X = "151" Y = "160" T = "0" Pressure = "0" />
		<Point X = "151" Y = "158" T = "0" Pressure = "0" />
		<Point X = "151" Y = "157" T = "0" Pressure = "0" />
		<Point X = "152" Y = "157" T = "0" Pressure = "0" />
		<Point X = "153" Y = "155" T = "0" Pressure = "0" />
		<Point X = "153" Y = "154" T = "0" Pressure = "0" />
		<Point X = "154" Y = "154" T = "0" Pressure = "0" />
		<Point X = "155" Y = "154" T = "0" Pressure = "0" />
		<Point X = "157" Y = "154" T = "0" Pressure = "0" />
		<Point X = "159" Y = "154" T = "0" Pressure = "0" />
		<Point X = "162" Y = "153" T = "0" Pressure = "0" />
		<Point X = "166" Y = "151" T = "0" Pressure = "0" />
		<Point X = "168" Y = "150" T = "0" Pressure = "0" />
		<Point X = "171" Y = "150" T = "0" Pressure = "0" />
		<Point X = "175" Y = "147" T = "0" Pressure = "0" />
		<Point X = "177" Y = "145" T = "0" Pressure = "0" />
		<Point X = "180" Y = "145" T = "0" Pressure = "0" />
		<Point X = "184" Y = "142" T = "0" Pressure = "0" />
		<Point X = "186" Y = "141" T = "0" Pressure = "0" />
		<Point X = "188" Y = "140" T = "0" Pressure = "0" />
		<Point X = "191" Y = "138" T = "0" Pressure = "0" />
		<Point X = "192" Y = "137" T = "0" Pressure = "0" />
		<Point X = "194" Y = "137" T = "0" Pressure = "0" />
		<Point X = "196" Y = "136" T = "0" Pressure = "0" />
		<Point X = "196" Y = "135" T = "0" Pressure = "0" />
		<Point X = "197" Y = "135" T = "0" Pressure = "0" />
		<Point X = "198" Y = "135" T = "0" Pressure = "0" />
		<Point X = "200" Y = "135" T = "0" Pressure = "0" />
		<Point X = "203" Y = "135" T = "0" Pressure = "0" />
		<Point X = "205" Y = "135" T = "0" Pressure = "0" />
		<Point X = "206" Y = "135" T = "0" Pressure = "0" />
		<Point X = "209" Y = "135" T = "0" Pressure = "0" />
		<Point X = "210" Y = "135" T = "0" Pressure = "0" />
		<Point X = "211" Y = "135" T = "0" Pressure = "0" />
		<Point X = "213" Y = "135" T = "0" Pressure = "0" />
		<Point X = "214" Y = "135" T = "0" Pressure = "0" />
		<Point X = "216" Y = "135" T = "0" Pressure = "0" />
		<Point X = "217" Y = "135" T = "0" Pressure = "0" />
		<Point X = "219" Y = "135" T = "0" Pressure = "0" />
		<Point X = "220" Y = "135" T = "0" Pressure = "0" />
		<Point X = "222" Y = "135" T = "0" Pressure = "0" />
		<Point X = "223" Y = "135" T = "0" Pressure = "0" />
		<Point X = "225" Y = "135" T = "0" Pressure = "0" />
		<Point X = "226" Y = "135" T = "0" Pressure = "0" />
		<Point X = "227" Y = "135" T = "0" Pressure = "0" />
		<Point X = "229" Y = "135" T = "0" Pressure = "0" />
		<Point X = "232" Y = "137" T = "0" Pressure = "0" />
		<Point X = "234" Y = "140" T = "0" Pressure = "0" />
		<Point X = "236" Y = "142" T = "0" Pressure = "0" />
		<Point X = "237" Y = "143" T = "0" Pressure = "0" />
		<Point X = "238" Y = "144" T = "0" Pressure = "0" />
		<Point X = "239" Y = "145" T = "0" Pressure = "0" />
		<Point X = "240" Y = "146" T = "0" Pressure = "0" />
		<Point X = "240" Y = "147" T = "0" Pressure = "0" />
		<Point X = "241" Y = "148" T = "0" Pressure = "0" />
		<Point X = "243" Y = "150" T = "0" Pressure = "0" />
		<Point X = "243" Y = "152" T = "0" Pressure = "0" />
		<Point X = "244" Y = "154" T = "0" Pressure = "0" />
		<Point X = "245" Y = "156" T = "0" Pressure = "0" />
		<Point X = "246" Y = "159" T = "0" Pressure = "0" />
		<Point X = "247" Y = "161" T = "0" Pressure = "0" />
		<Point X = "248" Y = "164" T = "0" Pressure = "0" />
		<Point X = "248" Y = "168" T = "0" Pressure = "0" />
		<Point X = "249" Y = "172" T = "0" Pressure = "0" />
		<Point X = "249" Y = "175" T = "0" Pressure = "0" />
		<Point X = "250" Y = "178" T = "0" Pressure = "0" />
		<Point X = "250" Y = "182" T = "0" Pressure = "0" />
		<Point X = "251" Y = "184" T = "0" Pressure = "0" />
		<Point X = "251" Y = "187" T = "0" Pressure = "0" />
		<Point X = "251" Y = "188" T = "0" Pressure = "0" />
		<Point X = "251" Y = "189" T = "0" Pressure = "0" />
		<Point X = "251" Y = "190" T = "0" Pressure = "0" />
		<Point X = "252" Y = "191" T = "0" Pressure = "0" />
		<Point X = "252" Y = "193" T = "0" Pressure = "0" />
		<Point X = "252" Y = "194" T = "0" Pressure = "0" />
		<Point X = "252" Y = "196" T = "0" Pressure = "0" />
		<Point X = "252" Y = "197" T = "0" Pressure = "0" />
		<Point X = "252" Y = "200" T = "0" Pressure = "0" />
		<Point X = "252" Y = "201" T = "0" Pressure = "0" />
		<Point X = "252" Y = "203" T = "0" Pressure = "0" />
		<Point X = "251" Y = "204" T = "0" Pressure = "0" />
		<Point X = "251" Y = "205" T = "0" Pressure = "0" />
		<Point X = "250" Y = "206" T = "0" Pressure = "0" />
		<Point X = "249" Y = "208" T = "0" Pressure = "0" />
		<Point X = "248" Y = "209" T = "0" Pressure = "0" />
		<Point X = "247" Y = "210" T = "0" Pressure = "0" />
		<Point X = "246" Y = "211" T = "0" Pressure = "0" />
		<Point X = "246" Y = "212" T = "0" Pressure = "0" />
		<Point X = "244" Y = "212" T = "0" Pressure = "0" />
		<Point X = "242" Y = "212" T = "0" Pressure = "0" />
		<Point X = "241" Y = "212" T = "0" Pressure = "0" />
		<Point X = "239" Y = "212" T = "0" Pressure = "0" />
		<Point X = "237" Y = "212" T = "0" Pressure = "0" />
		<Point X = "235" Y = "212" T = "0" Pressure = "0" />
		<Point X = "233" Y = "211" T = "0" Pressure = "0" />
		<Point X = "231" Y = "211" T = "0" Pressure = "0" />
		<Point X = "230" Y = "211" T = "0" Pressure = "0" />
		<Point X = "229" Y = "211" T = "0" Pressure = "0" />
		<Point X = "228" Y = "211" T = "0" Pressure = "0" />
		<Point X = "227" Y = "211" T = "0" Pressure = "0" />
		<Point X = "226" Y = "211" T = "0" Pressure = "0" />
		<Point X = "224" Y = "210" T = "0" Pressure = "0" />
		<Point X = "222" Y = "210" T = "0" Pressure = "0" />
		<Point X = "221" Y = "210" T = "0" Pressure = "0" />
		<Point X = "220" Y = "210" T = "0" Pressure = "0" />
		<Point X = "219" Y = "210" T = "0" Pressure = "0" />
		<Point X = "217" Y = "210" T = "0" Pressure = "0" />
		<Point X = "215" Y = "209" T = "0" Pressure = "0" />
		<Point X = "214" Y = "208" T = "0" Pressure = "0" />
		<Point X = "213" Y = "208" T = "0" Pressure = "0" />
		<Point X = "212" Y = "207" T = "0" Pressure = "0" />
		<Point X = "210" Y = "206" T = "0" Pressure = "0" />
		<Point X = "209" Y = "206" T = "0" Pressure = "0" />
		<Point X = "208" Y = "206" T = "0" Pressure = "0" />
		<Point X = "208" Y = "205" T = "0" Pressure = "0" />
		<Point X = "207" Y = "205" T = "0" Pressure = "0" />
		<Point X = "206" Y = "204" T = "0" Pressure = "0" />
		<Point X = "205" Y = "204" T = "0" Pressure = "0" />
		<Point X = "205" Y = "203" T = "0" Pressure = "0" />
		<Point X = "204" Y = "203" T = "0" Pressure = "0" />
		<Point X = "204" Y = "202" T = "0" Pressure = "0" />
		<Point X = "203" Y = "202" T = "0" Pressure = "0" />
		<Point X = "203" Y = "201" T = "0" Pressure = "0" />
		<Point X = "203" Y = "200" T = "0" Pressure = "0" />
		<Point X = "202" Y = "198" T = "0" Pressure = "0" />
		<Point X = "202" Y = "197" T = "0" Pressure = "0" />
		<Point X = "202" Y = "195" T = "0" Pressure = "0" />
		<Point X = "202" Y = "194" T = "0" Pressure = "0" />
		<Point X = "202" Y = "193" T = "0" Pressure = "0" />
		<Point X = "202" Y = "192" T = "0" Pressure = "0" />
		<Point X = "202" Y = "191" T = "0" Pressure = "0" />
		<Point X = "202" Y = "190" T = "0" Pressure = "0" />
		<Point X = "202" Y = "189" T = "0" Pressure = "0" />
		<Point X = "202" Y = "188" T = "0" Pressure = "0" />
		<Point X = "202" Y = "187" T = "0" Pressure = "0" />
		<Point X = "202" Y = "186" T = "0" Pressure = "0" />
		<Point X = "202" Y = "185" T = "0" Pressure = "0" />
		<Point X = "202" Y = "182" T = "0" Pressure = "0" />
		<Point X = "203" Y = "180" T = "0" Pressure = "0" />
		<Point X = "204" Y = "178" T = "0" Pressure = "0" />
		<Point X = "204" Y = "177" T = "0" Pressure = "0" />
		<Point X = "205" Y = "176" T = "0" Pressure = "0" />
		<Point X = "206" Y = "174" T = "0" Pressure = "0" />
		<Point X = "207" Y = "172" T = "0" Pressure = "0" />
		<Point X = "208" Y = "172" T = "0" Pressure = "0" />
		<Point X = "209" Y = "172" T = "0" Pressure = "0" />
		<Point X = "210" Y = "172" T = "0" Pressure = "0" />
		<Point X = "211" Y = "172" T = "0" Pressure = "0" />
		<Point X = "212" Y = "171" T = "0" Pressure = "0" />
		<Point X = "213" Y = "171" T = "0" Pressure = "0" />
		<Point X = "214" Y = "171" T = "0" Pressure = "0" />
		<Point X = "215" Y = "171" T = "0" Pressure = "0" />
		<Point X = "216" Y = "172" T = "0" Pressure = "0" />
		<Point X = "217" Y = "172" T = "0" Pressure = "0" />
		<Point X = "218" Y = "172" T = "0" Pressure = "0" />
		<Point X = "218" Y = "173" T = "0" Pressure = "0" />
		<Point X = "219" Y = "173" T = "0" Pressure = "0" />
		<Point X = "219" Y = "174" T = "0" Pressure = "0" />
		<Point X = "220" Y = "176" T = "0" Pressure = "0" />
		<Point X = "220" Y = "177" T = "0" Pressure = "0" />
		<Point X = "220" Y = "179" T = "0" Pressure = "0" />
		<Point X = "220" Y = "180" T = "0" Pressure = "0" />
		<Point X = "220" Y = "181" T = "0" Pressure = "0" />
		<Point X = "220" Y = "182" T = "0" Pressure = "0" />
		<Point X = "220" Y = "184" T = "0" Pressure = "0" />
		<Point X = "218" Y = "185" T = "0" Pressure = "0" />
		<Point X = "217" Y = "185" T = "0" Pressure = "0" />
		<Point X = "216" Y = "185" T = "0" Pressure = "0" />
	</Stroke>
</Gesture>
