<?xml version="1.0" encoding="utf-8" standalone="yes"?>
<Gesture Name = "spiral">
	<Stroke>
		<Point X = "223" Y = "107" T = "0" Pressure = "0" />
		<Point X = "221" Y = "107" T = "0" Pressure = "0" />
		<Point X = "220" Y = "107" T = "0" Pressure = "0" />
		<Point X = "218" Y = "107" T = "0" Pressure = "0" />
		<Point X = "216" Y = "107" T = "0" Pressure = "0" />
		<Point X = "215" Y = "108" T = "0" Pressure = "0" />
		<Point X = "213" Y = "108" T = "0" Pressure = "0" />
		<Point X = "211" Y = "108" T = "0" Pressure = "0" />
		<Point X = "209" Y = "110" T = "0" Pressure = "0" />
		<Point X = "207" Y = "111" T = "0" Pressure = "0" />
		<Point X = "206" Y = "111" T = "0" Pressure = "0" />
		<Point X = "204" Y = "111" T = "0" Pressure = "0" />
		<Point X = "199" Y = "112" T = "0" Pressure = "0" />
		<Point X = "196" Y = "113" T = "0" Pressure = "0" />
		<Point X = "193" Y = "115" T = "0" Pressure = "0" />
		<Point X = "189" Y = "117" T = "0" Pressure = "0" />
		<Point X = "183" Y = "119" T = "0" Pressure = "0" />
		<Point X = "177" Y = "121" T = "0" Pressure = "0" />
		<Point X = "175" Y = "123" T = "0" Pressure = "0" />
		<Point X = "170" Y = "125" T = "0" Pressure = "0" />
		<Point X = "165" Y = "129" T = "0" Pressure = "0" />
		<Point X = "162" Y = "131" T = "0" Pressure = "0" />
		<Point X = "160" Y = "132" T = "0" Pressure = "0" />
		<Point X = "158" Y = "134" T = "0" Pressure = "0" />
		<Point X = "157" Y = "135" T = "0" Pressure = "0" />
		<Point X = "156" Y = "136" T = "0" Pressure = "0" />
		<Point X = "155" Y = "136" T = "0" Pressure = "0" />
		<Point X = "155" Y = "137" T = "0" Pressure = "0" />
		<Point X = "154" Y = "138" T = "0" Pressure = "0" />
		<Point X = "154" Y = "139" T = "0" Pressure = "0" />
		<Point X = "154" Y = "140" T = "0" Pressure = "0" />
		<Point X = "152" Y = "142" T = "0" Pressure = "0" />
		<Point X = "151" Y = "143" T = "0" Pressure = "0" />
		<Point X = "151" Y = "144" T = "0" Pressure = "0" />
		<Point X = "149" Y = "148" T = "0" Pressure = "0" />
		<Point X = "147" Y = "151" T = "0" Pressure = "0" />
		<Point X = "147" Y = "156" T = "0" Pressure = "0" />
		<Point X = "145" Y = "159" T = "0" Pressure = "0" />
		<Point X = "145" Y = "163" T = "0" Pressure = "0" />
		<Point X = "144" Y = "165" T = "0" Pressure = "0" />
		<Point X = "144" Y = "168" T = "0" Pressure = "0" />
		<Point X = "144" Y = "169" T = "0" Pressure = "0" />
		<Point X = "144" Y = "172" T = "0" Pressure = "0" />
		<Point X = "144" Y = "175" T = "0" Pressure = "0" />
		<Point X = "144" Y = "177" T = "0" Pressure = "0" />
		<Point X = "145" Y = "180" T = "0" Pressure = "0" />
		<Point X = "145" Y = "182" T = "0" Pressure = "0" />
		<Point X = "147" Y = "184" T = "0" Pressure = "0" />
		<Point X = "149" Y = "186" T = "0" Pressure = "0" />
		<Point X = "150" Y = "187" T = "0" Pressure = "0" />
		<Point X = "150" Y = "188" T = "0" Pressure = "0" />
		<Point X = "152" Y = "189" T = "0" Pressure = "0" />
		<Point X = "155" Y = "192" T = "0" Pressure = "0" />
		<Point X = "158" Y = "194" T = "0" Pressure = "0" />
		<Point X = "161" Y = "196" T = "0" Pressure = "0" />
		<Point X = "167" Y = "201" T = "0" Pressure = "0" />
		<Point X = "173" Y = "205" T = "0" Pressure = "0" />
		<Point X = "176" Y = "206" T = "0" Pressure = "0" />
		<Point X = "181" Y = "210" T = "0" Pressure = "0" />
		<Point X = "183" Y = "211" T = "0" Pressure = "0" />
		<Point X = "188" Y = "213" T = "0" Pressure = "0" />
		<Point X = "190" Y = "214" T = "0" Pressure = "0" />
		<Point X = "192" Y = "215" T = "0" Pressure = "0" />
		<Point X = "195" Y = "215" T = "0" Pressure = "0" />
		<Point X = "197" Y = "215" T = "0" Pressure = "0" />
		<Point X = "198" Y = "215" T = "0" Pressure = "0" />
		<Point X = "199" Y = "215" T = "0" Pressure = "0" />
		<Point X = "200" Y = "215" T = "0" Pressure = "0" />
		<Point X = "202" Y = "215" T = "0" Pressure = "0" />
		<Point X = "204" Y = "215" T = "0" Pressure = "0" />
		<Point X = "205" Y = "215" T = "0" Pressure = "0" />
		<Point X = "206" Y = "215" T = "0" Pressure = "0" />
		<Point X = "208" Y = "215" T = "0" Pressure = "0" />
		<Point X = "211" Y = "214" T = "0" Pressure = "0" />
		<Point X = "212" Y = "214" T = "0" Pressure = "0" />
		<Point X = "213" Y = "214" T = "0" Pressure = "0" />
		<Point X = "214" Y = "213" T = "0" Pressure = "0" />
		<Point X = "216" Y = "212" T = "0" Pressure = "0" />
		<Point X = "217" Y = "212" T = "0" Pressure = "0" />
		<Point X = "220" Y = "210" T = "0" Pressure = "0" />
		<Point X = "221" Y = "209" T = "0" Pressure = "0" />
		<Point X = "222" Y = "208" T = "0" Pressure = "0" />
		<Point X = "224" Y = "206" T = "0" Pressure = "0" />
		<Point X = "227" Y = "202" T = "0" Pressure = "0" />
		<Point X = "227" Y = "201" T = "0" Pressure = "0" />
		<Point X = "231" Y = "196" T = "0" Pressure = "0" />
		<Point X = "232" Y = "193" T = "0" Pressure = "0" />
		<Point X = "235" Y = "188" T = "0" Pressure = "0" />
		<Point X = "237" Y = "185" T = "0" Pressure = "0" />
		<Point X = "240" Y = "180" T = "0" Pressure = "0" />
		<Point X = "241" Y = "175" T = "0" Pressure = "0" />
		<Point X = "242" Y = "171" T = "0" Pressure = "0" />
		<Point X = "242" Y = "168" T = "0" Pressure = "0" />
		<Point X = "242" Y = "163" T = "0" Pressure = "0" />
		<Point X = "242" Y = "160" T = "0" Pressure = "0" />
		<Point X = "242" Y = "157" T = "0" Pressure = "0" />
		<Point X = "242" Y = "155" T = "0" Pressure = "0" />
		<Point X = "242" Y = "153" T = "0" Pressure = "0" />
		<Point X = "242" Y = "152" T = "0" Pressure = "0" />
		<Point X = "242" Y = "151" T = "0" Pressure = "0" />
		<Point X = "242" Y = "150" T = "0" Pressure = "0" />
		<Point X = "241" Y = "148" T = "0" Pressure = "0" />
		<Point X = "239" Y = "147" T = "0" Pressure = "0" />
		<Point X = "237" Y = "144" T = "0" Pressure = "0" />
		<Point X = "235" Y = "143" T = "0" Pressure = "0" />
		<Point X = "231" Y = "140" T = "0" Pressure = "0" />
		<Point X = "222" Y = "137" T = "0" Pressure = "0" />
		<Point X = "218" Y = "134" T = "0" Pressure = "0" />
		<Point X = "215" Y = "134" T = "0" Pressure = "0" />
		<Point X = "212" Y = "134" T = "0" Pressure = "0" />
		<Point X = "210" Y = "134" T = "0" Pressure = "0" />
		<Point X = "209" Y = "134" T = "0" Pressure = "0" />
		<Point X = "207" Y = "134" T = "0" Pressure = "0" />
		<Point X = "205" Y = "134" T = "0" Pressure = "0" />
		<Point X = "203" Y = "134" T = "0" Pressure = "0" />
		<Point X = "200" Y = "134" T = "0" Pressure = "0" />
		<Point X = "199" Y = "134" T = "0" Pressure = "0" />
		<Point X = "197" Y = "134" T = "0" Pressure = "0" />
		<Point X = "196" Y = "134" T = "0" Pressure = "0" />
		<Point X = "195" Y = "135" T = "0" Pressure = "0" />
		<Point X = "193" Y = "135" T = "0" Pressure = "0" />
		<Point X = "191" Y = "136" T = "0" Pressure = "0" />
		<Point X = "190" Y = "136" T = "0" Pressure = "0" />
		<Point X = "189" Y = "137" T = "0" Pressure = "0" />
		<Point X = "188" Y = "138" T = "0" Pressure = "0" />
		<Point X = "186" Y = "139" T = "0" Pressure = "0" />
		<Point X = "186" Y = "140" T = "0" Pressure = "0" />
		<Point X = "185" Y = "142" T = "0" Pressure = "0" />
		<Point X = "183" Y = "145" T = "0" Pressure = "0" />
		<Point X = "183" Y = "146" T = "0" Pressure = "0" />
		<Point X = "183" Y = "150" T = "0" Pressure = "0" />
		<Point X = "182" Y = "154" T = "0" Pressure = "0" />
		<Point X = "182" Y = "157" T = "0" Pressure = "0" />
		<Point X = "182" Y = "161" T = "0" Pressure = "0" />
		<Point X = "182" Y = "164" T = "0" Pressure = "0" />
		<Point X = "182" Y = "165" T = "0" Pressure = "0" />
		<Point X = "182" Y = "166" T = "0" Pressure = "0" />
		<Point X = "182" Y = "167" T = "0" Pressure = "0" />
		<Point X = "182" Y = "168" T = "0" Pressure = "0" />
		<Point X = "182" Y = "169" T = "0" Pressure = "0" />
		<Point X = "181" Y = "169" T = "0" Pressure = "0" />
		<Point X = "181" Y = "170" T = "0" Pressure = "0" />
		<Point X = "181" Y = "171" T = "0" Pressure = "0" />
		<Point X = "181" Y = "172" T = "0" Pressure = "0" />
		<Point X = "181" Y = "173" T = "0" Pressure = "0" />
		<Point X = "181" Y = "174" T = "0" Pressure = "0" />
		<Point X = "182" Y = "174" T = "0" Pressure = "0" />
		<Point X = "183" Y = "175" T = "0" Pressure = "0" />
		<Point X = "184" Y = "175" T = "0" Pressure = "0" />
		<Point X = "186" Y = "177" T = "0" Pressure = "0" />
		<Point X = "187" Y = "177" T = "0" Pressure = "0" />
		<Point X = "189" Y = "178" T = "0" Pressure = "0" />
		<Point X = "190" Y = "178" T = "0" Pressure = "0" />
		<Point X = "192" Y = "178" T = "0" Pressure = "0" />
		<Point X = "193" Y = "178" T = "0" Pressure = "0" />
		<Point X = "195" Y = "178" T = "0" Pressure = "0" />
		<Point X = "196" Y = "178" T = "0" Pressure = "0" />
		<Point X = "198" Y = "178" T = "0" Pressure = "0" />
		<Point X = "199" Y = "178" T = "0" Pressure = "0" />
		<Point X = "200" Y = "178" T = "0" Pressure = "0" />
		<Point X = "201" Y = "178" T = "0" Pressure = "0" />
		<Point X = "202" Y = "178" T = "0" Pressure = "0" />
		<Point X = "204" Y = "178" T = "0" Pressure = "0" />
		<Point X = "205" Y = "177" T = "0" Pressure = "0" />
		<Point X = "207" Y = "177" T = "0" Pressure = "0" />
		<Point X = "208" Y = "176" T = "0" Pressure = "0" />
		<Point X = "210" Y = "174" T = "0" Pressure = "0" />
		<Point X = "211" Y = "173" T = "0" Pressure = "0" />
		<Point X = "213" Y = "171" T = "0" Pressure = "0" />
		<Point X = "214" Y = "170" T = "0" Pressure = "0" />
		<Point X = "215" Y = "168" T = "0" Pressure = "0" />
		<Point X = "215" Y = "167" T = "0" Pressure = "0" />
		<Point X = "216" Y = "165" T = "0" Pressure = "0" />
		<Point X = "216" Y = "164" T = "0" Pressure = "0" />
		<Point X = "217" Y = "163" T = "0" Pressure = "0" />
		<Point X = "217" Y = "161" T = "0" Pressure = "0" />
		<Point X = "217" Y = "159" T = "0" Pressure = "0" />
		<Point X = "217" Y = "157" T = "0" Pressure = "0" />
		<Point X = "217" Y = "156" T = "0" Pressure = "0" />
		<Point X = "217" Y = "155" T = "0" Pressure = "0" />
		<Point X = "217" Y = "154" T = "0" Pressure = "0" />
		<Point X = "217" Y = "153" T = "0" Pressure = "0" />
		<Point X = "216" Y = "153" T = "0" Pressure = "0" />
		<Point X = "215" Y = "153" T = "0" Pressure = "0" />
		<Point X = "214" Y = "153" T = "0" Pressure = "0" />
		<Point X = "213" Y = "153" T = "0" Pressure = "0" />
		<Point X = "212" Y = "153" T = "0" Pressure = "0" />
		<Point X = "211" Y = "153" T = "0" Pressure = "0" />
		<Point X = "210" Y = "153" T = "0" Pressure = "0" />
		<Point X = "209" Y = "154" T = "0" Pressure = "0" />
		<Point X = "208" Y = "154" T = "0" Pressure = "0" />
		<Point X = "207" Y = "155" T = "0" Pressure = "0" />
	</Stroke>
</Gesture>
