<?xml version="1.0" encoding="utf-8" standalone="yes"?>
<Gesture Name = "spiral">
	<Stroke>
		<Point X = "120" Y = "78" T = "0" Pressure = "0" />
		<Point X = "121" Y = "77" T = "0" Pressure = "0" />
		<Point X = "123" Y = "76" T = "0" Pressure = "0" />
		<Point X = "126" Y = "75" T = "0" Pressure = "0" />
		<Point X = "127" Y = "75" T = "0" Pressure = "0" />
		<Point X = "130" Y = "75" T = "0" Pressure = "0" />
		<Point X = "132" Y = "75" T = "0" Pressure = "0" />
		<Point X = "134" Y = "74" T = "0" Pressure = "0" />
		<Point X = "136" Y = "74" T = "0" Pressure = "0" />
		<Point X = "139" Y = "74" T = "0" Pressure = "0" />
		<Point X = "141" Y = "74" T = "0" Pressure = "0" />
		<Point X = "145" Y = "74" T = "0" Pressure = "0" />
		<Point X = "149" Y = "74" T = "0" Pressure = "0" />
		<Point X = "154" Y = "73" T = "0" Pressure = "0" />
		<Point X = "159" Y = "73" T = "0" Pressure = "0" />
		<Point X = "164" Y = "72" T = "0" Pressure = "0" />
		<Point X = "169" Y = "71" T = "0" Pressure = "0" />
		<Point X = "171" Y = "71" T = "0" Pressure = "0" />
		<Point X = "176" Y = "71" T = "0" Pressure = "0" />
		<Point X = "179" Y = "70" T = "0" Pressure = "0" />
		<Point X = "182" Y = "70" T = "0" Pressure = "0" />
		<Point X = "184" Y = "70" T = "0" Pressure = "0" />
		<Point X = "187" Y = "70" T = "0" Pressure = "0" />
		<Point X = "189" Y = "70" T = "0" Pressure = "0" />
		<Point X = "191" Y = "70" T = "0" Pressure = "0" />
		<Point X = "193" Y = "70" T = "0" Pressure = "0" />
		<Point X = "195" Y = "70" T = "0" Pressure = "0" />
		<Point X = "198" Y = "70" T = "0" Pressure = "0" />
		<Point X = "201" Y = "71" T = "0" Pressure = "0" />
		<Point X = "203" Y = "71" T = "0" Pressure = "0" />
		<Point X = "206" Y = "72" T = "0" Pressure = "0" />
		<Point X = "208" Y = "73" T = "0" Pressure = "0" />
		<Point X = "209" Y = "73" T = "0" Pressure = "0" />
		<Point X = "212" Y = "73" T = "0" Pressure = "0" />
		<Point X = "216" Y = "74" T = "0" Pressure = "0" />
		<Point X = "218" Y = "74" T = "0" Pressure = "0" />
		<Point X = "222" Y = "75" T = "0" Pressure = "0" />
		<Point X = "224" Y = "75" T = "0" Pressure = "0" />
		<Point X = "228" Y = "78" T = "0" Pressure = "0" />
		<Point X = "230" Y = "78" T = "0" Pressure = "0" />
		<Point X = "233" Y = "79" T = "0" Pressure = "0" />
		<Point X = "235" Y = "80" T = "0" Pressure = "0" />
		<Point X = "237" Y = "81" T = "0" Pressure = "0" />
		<Point X = "237" Y = "82" T = "0" Pressure = "0" />
		<Point X = "241" Y = "83" T = "0" Pressure = "0" />
		<Point X = "242" Y = "84" T = "0" Pressure = "0" />
		<Point X = "244" Y = "86" T = "0" Pressure = "0" />
		<Point X = "246" Y = "89" T = "0" Pressure = "0" />
		<Point X = "249" Y = "91" T = "0" Pressure = "0" />
		<Point X = "253" Y = "96" T = "0" Pressure = "0" />
		<Point X = "253" Y = "98" T = "0" Pressure = "0" />
		<Point X = "257" Y = "104" T = "0" Pressure = "0" />
		<Point X = "259" Y = "107" T = "0" Pressure = "0" />
		<Point X = "261" Y = "112" T = "0" Pressure = "0" />
		<Point X = "262" Y = "114" T = "0" Pressure = "0" />
		<Point X = "263" Y = "116" T = "0" Pressure = "0" />
		<Point X = "265" Y = "119" T = "0" Pressure = "0" />
		<Point X = "265" Y = "120" T = "0" Pressure = "0" />
		<Point X = "266" Y = "120" T = "0" Pressure = "0" />
		<Point X = "266" Y = "122" T = "0" Pressure = "0" />
		<Point X = "267" Y = "123" T = "0" Pressure = "0" />
		<Point X = "267" Y = "126" T = "0" Pressure = "0" />
		<Point X = "267" Y = "127" T = "0" Pressure = "0" />
		<Point X = "267" Y = "130" T = "0" Pressure = "0" />
		<Point X = "267" Y = "134" T = "0" Pressure = "0" />
		<Point X = "267" Y = "138" T = "0" Pressure = "0" />
		<Point X = "267" Y = "144" T = "0" Pressure = "0" />
		<Point X = "267" Y = "151" T = "0" Pressure = "0" />
		<Point X = "265" Y = "156" T = "0" Pressure = "0" />
		<Point X = "262" Y = "159" T = "0" Pressure = "0" />
		<Point X = "258" Y = "164" T = "0" Pressure = "0" />
		<Point X = "254" Y = "168" T = "0" Pressure = "0" />
		<Point X = "252" Y = "170" T = "0" Pressure = "0" />
		<Point X = "250" Y = "172" T = "0" Pressure = "0" />
		<Point X = "245" Y = "175" T = "0" Pressure = "0" />
		<Point X = "242" Y = "179" T = "0" Pressure = "0" />
		<Point X = "239" Y = "180" T = "0" Pressure = "0" />
		<Point X = "234" Y = "185" T = "0" Pressure = "0" />
		<Point X = "231" Y = "188" T = "0" Pressure = "0" />
		<Point X = "229" Y = "188" T = "0" Pressure = "0" />
		<Point X = "225" Y = "190" T = "0" Pressure = "0" />
		<Point X = "220" Y = "193" T = "0" Pressure = "0" />
		<Point X = "216" Y = "194" T = "0" Pressure = "0" />
		<Point X = "212" Y = "195" T = "0" Pressure = "0" />
		<Point X = "208" Y = "196" T = "0" Pressure = "0" />
		<Point X = "205" Y = "196" T = "0" Pressure = "0" />
		<Point X = "202" Y = "197" T = "0" Pressure = "0" />
		<Point X = "199" Y = "198" T = "0" Pressure = "0" />
		<Point X = "195" Y = "198" T = "0" Pressure = "0" />
		<Point X = "192" Y = "198" T = "0" Pressure = "0" />
		<Point X = "188" Y = "199" T = "0" Pressure = "0" />
		<Point X = "185" Y = "199" T = "0" Pressure = "0" />
		<Point X = "181" Y = "199" T = "0" Pressure = "0" />
		<Point X = "178" Y = "199" T = "0" Pressure = "0" />
		<Point X = "174" Y = "199" T = "0" Pressure = "0" />
		<Point X = "172" Y = "199" T = "0" Pressure = "0" />
		<Point X = "171" Y = "199" T = "0" Pressure = "0" />
		<Point X = "168" Y = "199" T = "0" Pressure = "0" />
		<Point X = "166" Y = "199" T = "0" Pressure = "0" />
		<Point X = "164" Y = "199" T = "0" Pressure = "0" />
		<Point X = "162" Y = "197" T = "0" Pressure = "0" />
		<Point X = "160" Y = "195" T = "0" Pressure = "0" />
		<Point X = "157" Y = "190" T = "0" Pressure = "0" />
		<Point X = "154" Y = "188" T = "0" Pressure = "0" />
		<Point X = "152" Y = "184" T = "0" Pressure = "0" />
		<Point X = "150" Y = "182" T = "0" Pressure = "0" />
		<Point X = "149" Y = "180" T = "0" Pressure = "0" />
		<Point X = "149" Y = "179" T = "0" Pressure = "0" />
		<Point X = "148" Y = "178" T = "0" Pressure = "0" />
		<Point X = "147" Y = "176" T = "0" Pressure = "0" />
		<Point X = "147" Y = "174" T = "0" Pressure = "0" />
		<Point X = "147" Y = "173" T = "0" Pressure = "0" />
		<Point X = "147" Y = "170" T = "0" Pressure = "0" />
		<Point X = "147" Y = "166" T = "0" Pressure = "0" />
		<Point X = "147" Y = "165" T = "0" Pressure = "0" />
		<Point X = "147" Y = "162" T = "0" Pressure = "0" />
		<Point X = "147" Y = "159" T = "0" Pressure = "0" />
		<Point X = "148" Y = "155" T = "0" Pressure = "0" />
		<Point X = "148" Y = "152" T = "0" Pressure = "0" />
		<Point X = "150" Y = "147" T = "0" Pressure = "0" />
		<Point X = "151" Y = "144" T = "0" Pressure = "0" />
		<Point X = "153" Y = "142" T = "0" Pressure = "0" />
		<Point X = "154" Y = "140" T = "0" Pressure = "0" />
		<Point X = "155" Y = "137" T = "0" Pressure = "0" />
		<Point X = "156" Y = "136" T = "0" Pressure = "0" />
		<Point X = "157" Y = "134" T = "0" Pressure = "0" />
		<Point X = "159" Y = "130" T = "0" Pressure = "0" />
		<Point X = "161" Y = "129" T = "0" Pressure = "0" />
		<Point X = "163" Y = "126" T = "0" Pressure = "0" />
		<Point X = "166" Y = "125" T = "0" Pressure = "0" />
		<Point X = "170" Y = "122" T = "0" Pressure = "0" />
		<Point X = "173" Y = "120" T = "0" Pressure = "0" />
		<Point X = "178" Y = "119" T = "0" Pressure = "0" />
		<Point X = "183" Y = "117" T = "0" Pressure = "0" />
		<Point X = "187" Y = "116" T = "0" Pressure = "0" />
		<Point X = "192" Y = "114" T = "0" Pressure = "0" />
		<Point X = "196" Y = "113" T = "0" Pressure = "0" />
		<Point X = "199" Y = "112" T = "0" Pressure = "0" />
		<Point X = "202" Y = "112" T = "0" Pressure = "0" />
		<Point X = "204" Y = "112" T = "0" Pressure = "0" />
		<Point X = "206" Y = "110" T = "0" Pressure = "0" />
		<Point X = "207" Y = "110" T = "0" Pressure = "0" />
		<Point X = "208" Y = "109" T = "0" Pressure = "0" />
		<Point X = "209" Y = "109" T = "0" Pressure = "0" />
		<Point X = "210" Y = "109" T = "0" Pressure = "0" />
		<Point X = "211" Y = "109" T = "0" Pressure = "0" />
		<Point X = "213" Y = "110" T = "0" Pressure = "0" />
		<Point X = "215" Y = "112" T = "0" Pressure = "0" />
		<Point X = "216" Y = "114" T = "0" Pressure = "0" />
		<Point X = "217" Y = "115" T = "0" Pressure = "0" />
		<Point X = "218" Y = "117" T = "0" Pressure = "0" />
		<Point X = "218" Y = "119" T = "0" Pressure = "0" />
		<Point X = "218" Y = "120" T = "0" Pressure = "0" />
		<Point X = "220" Y = "122" T = "0" Pressure = "0" />
		<Point X = "220" Y = "123" T = "0" Pressure = "0" />
		<Point X = "220" Y = "124" T = "0" Pressure = "0" />
		<Point X = "220" Y = "126" T = "0" Pressure = "0" />
		<Point X = "220" Y = "129" T = "0" Pressure = "0" />
		<Point X = "220" Y = "132" T = "0" Pressure = "0" />
		<Point X = "220" Y = "136" T = "0" Pressure = "0" />
		<Point X = "220" Y = "140" T = "0" Pressure = "0" />
		<Point X = "220" Y = "143" T = "0" Pressure = "0" />
		<Point X = "220" Y = "145" T = "0" Pressure = "0" />
		<Point X = "220" Y = "147" T = "0" Pressure = "0" />
		<Point X = "220" Y = "149" T = "0" Pressure = "0" />
		<Point X = "220" Y = "150" T = "0" Pressure = "0" />
		<Point X = "219" Y = "152" T = "0" Pressure = "0" />
		<Point X = "219" Y = "154" T = "0" Pressure = "0" />
		<Point X = "219" Y = "156" T = "0" Pressure = "0" />
		<Point X = "219" Y = "157" T = "0" Pressure = "0" />
		<Point X = "218" Y = "158" T = "0" Pressure = "0" />
		<Point X = "217" Y = "159" T = "0" Pressure = "0" />
		<Point X = "217" Y = "160" T = "0" Pressure = "0" />
		<Point X = "215" Y = "160" T = "0" Pressure = "0" />
		<Point X = "214" Y = "160" T = "0" Pressure = "0" />
		<Point X = "212" Y = "163" T = "0" Pressure = "0" />
		<Point X = "211" Y = "163" T = "0" Pressure = "0" />
		<Point X = "210" Y = "163" T = "0" Pressure = "0" />
		<Point X = "208" Y = "163" T = "0" Pressure = "0" />
		<Point X = "207" Y = "163" T = "0" Pressure = "0" />
		<Point X = "205" Y = "163" T = "0" Pressure = "0" />
		<Point X = "203" Y = "164" T = "0" Pressure = "0" />
		<Point X = "202" Y = "164" T = "0" Pressure = "0" />
		<Point X = "201" Y = "164" T = "0" Pressure = "0" />
		<Point X = "200" Y = "164" T = "0" Pressure = "0" />
		<Point X = "199" Y = "164" T = "0" Pressure = "0" />
		<Point X = "198" Y = "164" T = "0" Pressure = "0" />
		<Point X = "196" Y = "164" T = "0" Pressure = "0" />
		<Point X = "194" Y = "164" T = "0" Pressure = "0" />
		<Point X = "193" Y = "163" T = "0" Pressure = "0" />
		<Point X = "190" Y = "160" T = "0" Pressure = "0" />
		<Point X = "189" Y = "159" T = "0" Pressure = "0" />
		<Point X = "187" Y = "157" T = "0" Pressure = "0" />
		<Point X = "186" Y = "156" T = "0" Pressure = "0" />
		<Point X = "186" Y = "155" T = "0" Pressure = "0" />
		<Point X = "185" Y = "155" T = "0" Pressure = "0" />
		<Point X = "185" Y = "154" T = "0" Pressure = "0" />
		<Point X = "184" Y = "153" T = "0" Pressure = "0" />
		<Point X = "184" Y = "152" T = "0" Pressure = "0" />
		<Point X = "184" Y = "151" T = "0" Pressure = "0" />
		<Point X = "184" Y = "150" T = "0" Pressure = "0" />
		<Point X = "184" Y = "147" T = "0" Pressure = "0" />
		<Point X = "184" Y = "146" T = "0" Pressure = "0" />
		<Point X = "184" Y = "144" T = "0" Pressure = "0" />
		<Point X = "184" Y = "142" T = "0" Pressure = "0" />
		<Point X = "184" Y = "140" T = "0" Pressure = "0" />
		<Point X = "184" Y = "139" T = "0" Pressure = "0" />
		<Point X = "185" Y = "138" T = "0" Pressure = "0" />
		<Point X = "186" Y = "137" T = "0" Pressure = "0" />
		<Point X = "186" Y = "136" T = "0" Pressure = "0" />
		<Point X = "187" Y = "135" T = "0" Pressure = "0" />
		<Point X = "189" Y = "135" T = "0" Pressure = "0" />
		<Point X = "190" Y = "135" T = "0" Pressure = "0" />
		<Point X = "192" Y = "134" T = "0" Pressure = "0" />
		<Point X = "193" Y = "133" T = "0" Pressure = "0" />
		<Point X = "194" Y = "133" T = "0" Pressure = "0" />
		<Point X = "196" Y = "133" T = "0" Pressure = "0" />
		<Point X = "198" Y = "133" T = "0" Pressure = "0" />
		<Point X = "199" Y = "133" T = "0" Pressure = "0" />
		<Point X = "200" Y = "133" T = "0" Pressure = "0" />
		<Point X = "201" Y = "133" T = "0" Pressure = "0" />
		<Point X = "202" Y = "133" T = "0" Pressure = "0" />
		<Point X = "203" Y = "133" T = "0" Pressure = "0" />
		<Point X = "204" Y = "133" T = "0" Pressure = "0" />
		<Point X = "204" Y = "135" T = "0" Pressure = "0" />
		<Point X = "204" Y = "136" T = "0" Pressure = "0" />
		<Point X = "204" Y = "138" T = "0" Pressure = "0" />
		<Point X = "204" Y = "139" T = "0" Pressure = "0" />
		<Point X = "204" Y = "140" T = "0" Pressure = "0" />
		<Point X = "203" Y = "141" T = "0" Pressure = "0" />
		<Point X = "203" Y = "142" T = "0" Pressure = "0" />
		<Point X = "202" Y = "142" T = "0" Pressure = "0" />
		<Point X = "202" Y = "144" T = "0" Pressure = "0" />
		<Point X = "202" Y = "145" T = "0" Pressure = "0" />
		<Point X = "201" Y = "145" T = "0" Pressure = "0" />
	</Stroke>
</Gesture>
