<?xml version="1.0" encoding="utf-8" standalone="yes"?>
<Gesture Name = "spiral">
	<Stroke>
		<Point X = "59" Y = "219" T = "0" Pressure = "0" />
		<Point X = "58" Y = "212" T = "0" Pressure = "0" />
		<Point X = "57" Y = "207" T = "0" Pressure = "0" />
		<Point X = "57" Y = "201" T = "0" Pressure = "0" />
		<Point X = "57" Y = "194" T = "0" Pressure = "0" />
		<Point X = "57" Y = "192" T = "0" Pressure = "0" />
		<Point X = "57" Y = "189" T = "0" Pressure = "0" />
		<Point X = "57" Y = "187" T = "0" Pressure = "0" />
		<Point X = "57" Y = "185" T = "0" Pressure = "0" />
		<Point X = "57" Y = "184" T = "0" Pressure = "0" />
		<Point X = "57" Y = "183" T = "0" Pressure = "0" />
		<Point X = "57" Y = "182" T = "0" Pressure = "0" />
		<Point X = "59" Y = "179" T = "0" Pressure = "0" />
		<Point X = "62" Y = "174" T = "0" Pressure = "0" />
		<Point X = "65" Y = "172" T = "0" Pressure = "0" />
		<Point X = "70" Y = "165" T = "0" Pressure = "0" />
		<Point X = "75" Y = "160" T = "0" Pressure = "0" />
		<Point X = "80" Y = "156" T = "0" Pressure = "0" />
		<Point X = "84" Y = "153" T = "0" Pressure = "0" />
		<Point X = "91" Y = "147" T = "0" Pressure = "0" />
		<Point X = "97" Y = "143" T = "0" Pressure = "0" />
		<Point X = "102" Y = "140" T = "0" Pressure = "0" />
		<Point X = "107" Y = "138" T = "0" Pressure = "0" />
		<Point X = "110" Y = "136" T = "0" Pressure = "0" />
		<Point X = "115" Y = "135" T = "0" Pressure = "0" />
		<Point X = "119" Y = "133" T = "0" Pressure = "0" />
		<Point X = "122" Y = "133" T = "0" Pressure = "0" />
		<Point X = "125" Y = "133" T = "0" Pressure = "0" />
		<Point X = "127" Y = "133" T = "0" Pressure = "0" />
		<Point X = "128" Y = "133" T = "0" Pressure = "0" />
		<Point X = "133" Y = "135" T = "0" Pressure = "0" />
		<Point X = "136" Y = "137" T = "0" Pressure = "0" />
		<Point X = "141" Y = "140" T = "0" Pressure = "0" />
		<Point X = "145" Y = "145" T = "0" Pressure = "0" />
		<Point X = "150" Y = "150" T = "0" Pressure = "0" />
		<Point X = "153" Y = "155" T = "0" Pressure = "0" />
		<Point X = "157" Y = "165" T = "0" Pressure = "0" />
		<Point X = "162" Y = "175" T = "0" Pressure = "0" />
		<Point X = "163" Y = "181" T = "0" Pressure = "0" />
		<Point X = "163" Y = "185" T = "0" Pressure = "0" />
		<Point X = "163" Y = "190" T = "0" Pressure = "0" />
		<Point X = "163" Y = "194" T = "0" Pressure = "0" />
		<Point X = "160" Y = "200" T = "0" Pressure = "0" />
		<Point X = "157" Y = "209" T = "0" Pressure = "0" />
		<Point X = "154" Y = "216" T = "0" Pressure = "0" />
		<Point X = "149" Y = "223" T = "0" Pressure = "0" />
		<Point X = "144" Y = "231" T = "0" Pressure = "0" />
		<Point X = "139" Y = "240" T = "0" Pressure = "0" />
		<Point X = "132" Y = "246" T = "0" Pressure = "0" />
		<Point X = "127" Y = "251" T = "0" Pressure = "0" />
		<Point X = "122" Y = "254" T = "0" Pressure = "0" />
		<Point X = "119" Y = "256" T = "0" Pressure = "0" />
		<Point X = "116" Y = "257" T = "0" Pressure = "0" />
		<Point X = "113" Y = "258" T = "0" Pressure = "0" />
		<Point X = "112" Y = "258" T = "0" Pressure = "0" />
		<Point X = "109" Y = "258" T = "0" Pressure = "0" />
		<Point X = "106" Y = "258" T = "0" Pressure = "0" />
		<Point X = "102" Y = "258" T = "0" Pressure = "0" />
		<Point X = "96" Y = "256" T = "0" Pressure = "0" />
		<Point X = "90" Y = "255" T = "0" Pressure = "0" />
		<Point X = "86" Y = "253" T = "0" Pressure = "0" />
		<Point X = "82" Y = "252" T = "0" Pressure = "0" />
		<Point X = "81" Y = "250" T = "0" Pressure = "0" />
		<Point X = "79" Y = "249" T = "0" Pressure = "0" />
		<Point X = "78" Y = "249" T = "0" Pressure = "0" />
		<Point X = "77" Y = "248" T = "0" Pressure = "0" />
		<Point X = "77" Y = "245" T = "0" Pressure = "0" />
		<Point X = "77" Y = "243" T = "0" Pressure = "0" />
		<Point X = "77" Y = "240" T = "0" Pressure = "0" />
		<Point X = "77" Y = "237" T = "0" Pressure = "0" />
		<Point X = "77" Y = "232" T = "0" Pressure = "0" />
		<Point X = "77" Y = "228" T = "0" Pressure = "0" />
		<Point X = "77" Y = "225" T = "0" Pressure = "0" />
		<Point X = "77" Y = "219" T = "0" Pressure = "0" />
		<Point X = "79" Y = "215" T = "0" Pressure = "0" />
		<Point X = "81" Y = "210" T = "0" Pressure = "0" />
		<Point X = "84" Y = "205" T = "0" Pressure = "0" />
		<Point X = "86" Y = "202" T = "0" Pressure = "0" />
		<Point X = "88" Y = "198" T = "0" Pressure = "0" />
		<Point X = "91" Y = "195" T = "0" Pressure = "0" />
		<Point X = "93" Y = "192" T = "0" Pressure = "0" />
		<Point X = "94" Y = "188" T = "0" Pressure = "0" />
		<Point X = "97" Y = "185" T = "0" Pressure = "0" />
		<Point X = "98" Y = "183" T = "0" Pressure = "0" />
		<Point X = "100" Y = "179" T = "0" Pressure = "0" />
		<Point X = "102" Y = "177" T = "0" Pressure = "0" />
		<Point X = "104" Y = "175" T = "0" Pressure = "0" />
		<Point X = "107" Y = "173" T = "0" Pressure = "0" />
		<Point X = "108" Y = "172" T = "0" Pressure = "0" />
		<Point X = "111" Y = "171" T = "0" Pressure = "0" />
		<Point X = "116" Y = "170" T = "0" Pressure = "0" />
		<Point X = "117" Y = "169" T = "0" Pressure = "0" />
		<Point X = "121" Y = "169" T = "0" Pressure = "0" />
		<Point X = "125" Y = "169" T = "0" Pressure = "0" />
		<Point X = "130" Y = "169" T = "0" Pressure = "0" />
		<Point X = "134" Y = "169" T = "0" Pressure = "0" />
		<Point X = "137" Y = "169" T = "0" Pressure = "0" />
		<Point X = "140" Y = "169" T = "0" Pressure = "0" />
		<Point X = "141" Y = "169" T = "0" Pressure = "0" />
		<Point X = "142" Y = "169" T = "0" Pressure = "0" />
		<Point X = "144" Y = "171" T = "0" Pressure = "0" />
		<Point X = "145" Y = "175" T = "0" Pressure = "0" />
		<Point X = "147" Y = "178" T = "0" Pressure = "0" />
		<Point X = "149" Y = "183" T = "0" Pressure = "0" />
		<Point X = "149" Y = "186" T = "0" Pressure = "0" />
		<Point X = "150" Y = "189" T = "0" Pressure = "0" />
		<Point X = "150" Y = "193" T = "0" Pressure = "0" />
		<Point X = "150" Y = "196" T = "0" Pressure = "0" />
		<Point X = "150" Y = "199" T = "0" Pressure = "0" />
		<Point X = "148" Y = "203" T = "0" Pressure = "0" />
		<Point X = "146" Y = "205" T = "0" Pressure = "0" />
		<Point X = "142" Y = "209" T = "0" Pressure = "0" />
		<Point X = "140" Y = "210" T = "0" Pressure = "0" />
		<Point X = "136" Y = "213" T = "0" Pressure = "0" />
		<Point X = "132" Y = "216" T = "0" Pressure = "0" />
		<Point X = "128" Y = "218" T = "0" Pressure = "0" />
		<Point X = "124" Y = "219" T = "0" Pressure = "0" />
		<Point X = "121" Y = "220" T = "0" Pressure = "0" />
		<Point X = "116" Y = "222" T = "0" Pressure = "0" />
		<Point X = "113" Y = "223" T = "0" Pressure = "0" />
		<Point X = "111" Y = "224" T = "0" Pressure = "0" />
		<Point X = "108" Y = "226" T = "0" Pressure = "0" />
		<Point X = "107" Y = "227" T = "0" Pressure = "0" />
		<Point X = "106" Y = "227" T = "0" Pressure = "0" />
		<Point X = "106" Y = "226" T = "0" Pressure = "0" />
		<Point X = "106" Y = "225" T = "0" Pressure = "0" />
		<Point X = "106" Y = "223" T = "0" Pressure = "0" />
		<Point X = "106" Y = "220" T = "0" Pressure = "0" />
		<Point X = "106" Y = "219" T = "0" Pressure = "0" />
		<Point X = "106" Y = "217" T = "0" Pressure = "0" />
		<Point X = "106" Y = "216" T = "0" Pressure = "0" />
		<Point X = "106" Y = "213" T = "0" Pressure = "0" />
		<Point X = "106" Y = "212" T = "0" Pressure = "0" />
		<Point X = "107" Y = "210" T = "0" Pressure = "0" />
		<Point X = "107" Y = "208" T = "0" Pressure = "0" />
		<Point X = "108" Y = "206" T = "0" Pressure = "0" />
		<Point X = "109" Y = "204" T = "0" Pressure = "0" />
		<Point X = "110" Y = "203" T = "0" Pressure = "0" />
		<Point X = "111" Y = "200" T = "0" Pressure = "0" />
		<Point X = "112" Y = "198" T = "0" Pressure = "0" />
		<Point X = "113" Y = "197" T = "0" Pressure = "0" />
		<Point X = "114" Y = "197" T = "0" Pressure = "0" />
		<Point X = "114" Y = "195" T = "0" Pressure = "0" />
		<Point X = "116" Y = "193" T = "0" Pressure = "0" />
		<Point X = "116" Y = "192" T = "0" Pressure = "0" />
		<Point X = "117" Y = "192" T = "0" Pressure = "0" />
		<Point X = "118" Y = "192" T = "0" Pressure = "0" />
		<Point X = "119" Y = "192" T = "0" Pressure = "0" />
		<Point X = "120" Y = "192" T = "0" Pressure = "0" />
		<Point X = "121" Y = "192" T = "0" Pressure = "0" />
		<Point X = "122" Y = "192" T = "0" Pressure = "0" />
		<Point X = "123" Y = "192" T = "0" Pressure = "0" />
		<Point X = "124" Y = "193" T = "0" Pressure = "0" />
		<Point X = "124" Y = "194" T = "0" Pressure = "0" />
		<Point X = "125" Y = "195" T = "0" Pressure = "0" />
		<Point X = "125" Y = "196" T = "0" Pressure = "0" />
		<Point X = "125" Y = "197" T = "0" Pressure = "0" />
		<Point X = "125" Y = "198" T = "0" Pressure = "0" />
		<Point X = "126" Y = "199" T = "0" Pressure = "0" />
		<Point X = "126" Y = "200" T = "0" Pressure = "0" />
		<Point X = "126" Y = "201" T = "0" Pressure = "0" />
		<Point X = "126" Y = "202" T = "0" Pressure = "0" />
		<Point X = "126" Y = "203" T = "0" Pressure = "0" />
		<Point X = "125" Y = "204" T = "0" Pressure = "0" />
	</Stroke>
</Gesture>
