<?xml version="1.0" encoding="utf-8" standalone="yes"?>
<Gesture Name = "spiral">
	<Stroke>
		<Point X = "270" Y = "79" T = "0" Pressure = "0" />
		<Point X = "271" Y = "77" T = "0" Pressure = "0" />
		<Point X = "271" Y = "72" T = "0" Pressure = "0" />
		<Point X = "271" Y = "69" T = "0" Pressure = "0" />
		<Point X = "274" Y = "64" T = "0" Pressure = "0" />
		<Point X = "275" Y = "62" T = "0" Pressure = "0" />
		<Point X = "276" Y = "59" T = "0" Pressure = "0" />
		<Point X = "279" Y = "56" T = "0" Pressure = "0" />
		<Point X = "281" Y = "54" T = "0" Pressure = "0" />
		<Point X = "286" Y = "51" T = "0" Pressure = "0" />
		<Point X = "289" Y = "47" T = "0" Pressure = "0" />
		<Point X = "293" Y = "45" T = "0" Pressure = "0" />
		<Point X = "294" Y = "43" T = "0" Pressure = "0" />
		<Point X = "297" Y = "42" T = "0" Pressure = "0" />
		<Point X = "297" Y = "41" T = "0" Pressure = "0" />
		<Point X = "298" Y = "40" T = "0" Pressure = "0" />
		<Point X = "299" Y = "39" T = "0" Pressure = "0" />
		<Point X = "300" Y = "39" T = "0" Pressure = "0" />
		<Point X = "302" Y = "39" T = "0" Pressure = "0" />
		<Point X = "303" Y = "39" T = "0" Pressure = "0" />
		<Point X = "305" Y = "39" T = "0" Pressure = "0" />
		<Point X = "306" Y = "39" T = "0" Pressure = "0" />
		<Point X = "308" Y = "39" T = "0" Pressure = "0" />
		<Point X = "310" Y = "39" T = "0" Pressure = "0" />
		<Point X = "315" Y = "41" T = "0" Pressure = "0" />
		<Point X = "318" Y = "41" T = "0" Pressure = "0" />
		<Point X = "322" Y = "41" T = "0" Pressure = "0" />
		<Point X = "327" Y = "43" T = "0" Pressure = "0" />
		<Point X = "330" Y = "44" T = "0" Pressure = "0" />
		<Point X = "333" Y = "45" T = "0" Pressure = "0" />
		<Point X = "334" Y = "46" T = "0" Pressure = "0" />
		<Point X = "337" Y = "47" T = "0" Pressure = "0" />
		<Point X = "339" Y = "50" T = "0" Pressure = "0" />
		<Point X = "341" Y = "54" T = "0" Pressure = "0" />
		<Point X = "343" Y = "57" T = "0" Pressure = "0" />
		<Point X = "346" Y = "61" T = "0" Pressure = "0" />
		<Point X = "348" Y = "67" T = "0" Pressure = "0" />
		<Point X = "350" Y = "69" T = "0" Pressure = "0" />
		<Point X = "353" Y = "73" T = "0" Pressure = "0" />
		<Point X = "355" Y = "76" T = "0" Pressure = "0" />
		<Point X = "357" Y = "78" T = "0" Pressure = "0" />
		<Point X = "358" Y = "79" T = "0" Pressure = "0" />
		<Point X = "360" Y = "81" T = "0" Pressure = "0" />
		<Point X = "362" Y = "81" T = "0" Pressure = "0" />
		<Point X = "362" Y = "82" T = "0" Pressure = "0" />
		<Point X = "363" Y = "83" T = "0" Pressure = "0" />
		<Point X = "364" Y = "83" T = "0" Pressure = "0" />
		<Point X = "364" Y = "84" T = "0" Pressure = "0" />
		<Point X = "365" Y = "85" T = "0" Pressure = "0" />
		<Point X = "365" Y = "86" T = "0" Pressure = "0" />
		<Point X = "366" Y = "89" T = "0" Pressure = "0" />
		<Point X = "366" Y = "92" T = "0" Pressure = "0" />
		<Point X = "366" Y = "95" T = "0" Pressure = "0" />
		<Point X = "366" Y = "99" T = "0" Pressure = "0" />
		<Point X = "366" Y = "103" T = "0" Pressure = "0" />
		<Point X = "366" Y = "107" T = "0" Pressure = "0" />
		<Point X = "366" Y = "110" T = "0" Pressure = "0" />
		<Point X = "366" Y = "114" T = "0" Pressure = "0" />
		<Point X = "365" Y = "122" T = "0" Pressure = "0" />
		<Point X = "365" Y = "125" T = "0" Pressure = "0" />
		<Point X = "363" Y = "133" T = "0" Pressure = "0" />
		<Point X = "360" Y = "139" T = "0" Pressure = "0" />
		<Point X = "360" Y = "144" T = "0" Pressure = "0" />
		<Point X = "359" Y = "148" T = "0" Pressure = "0" />
		<Point X = "359" Y = "150" T = "0" Pressure = "0" />
		<Point X = "357" Y = "152" T = "0" Pressure = "0" />
		<Point X = "355" Y = "154" T = "0" Pressure = "0" />
		<Point X = "353" Y = "155" T = "0" Pressure = "0" />
		<Point X = "352" Y = "156" T = "0" Pressure = "0" />
		<Point X = "348" Y = "158" T = "0" Pressure = "0" />
		<Point X = "347" Y = "160" T = "0" Pressure = "0" />
		<Point X = "344" Y = "162" T = "0" Pressure = "0" />
		<Point X = "341" Y = "164" T = "0" Pressure = "0" />
		<Point X = "339" Y = "166" T = "0" Pressure = "0" />
		<Point X = "338" Y = "166" T = "0" Pressure = "0" />
		<Point X = "336" Y = "167" T = "0" Pressure = "0" />
		<Point X = "334" Y = "168" T = "0" Pressure = "0" />
		<Point X = "332" Y = "168" T = "0" Pressure = "0" />
		<Point X = "329" Y = "168" T = "0" Pressure = "0" />
		<Point X = "325" Y = "170" T = "0" Pressure = "0" />
		<Point X = "323" Y = "170" T = "0" Pressure = "0" />
		<Point X = "321" Y = "171" T = "0" Pressure = "0" />
		<Point X = "320" Y = "171" T = "0" Pressure = "0" />
		<Point X = "318" Y = "171" T = "0" Pressure = "0" />
		<Point X = "316" Y = "170" T = "0" Pressure = "0" />
		<Point X = "312" Y = "169" T = "0" Pressure = "0" />
		<Point X = "310" Y = "166" T = "0" Pressure = "0" />
		<Point X = "305" Y = "164" T = "0" Pressure = "0" />
		<Point X = "301" Y = "162" T = "0" Pressure = "0" />
		<Point X = "296" Y = "161" T = "0" Pressure = "0" />
		<Point X = "289" Y = "160" T = "0" Pressure = "0" />
		<Point X = "286" Y = "158" T = "0" Pressure = "0" />
		<Point X = "284" Y = "158" T = "0" Pressure = "0" />
		<Point X = "283" Y = "157" T = "0" Pressure = "0" />
		<Point X = "281" Y = "155" T = "0" Pressure = "0" />
		<Point X = "280" Y = "153" T = "0" Pressure = "0" />
		<Point X = "279" Y = "152" T = "0" Pressure = "0" />
		<Point X = "278" Y = "148" T = "0" Pressure = "0" />
		<Point X = "277" Y = "144" T = "0" Pressure = "0" />
		<Point X = "276" Y = "142" T = "0" Pressure = "0" />
		<Point X = "275" Y = "140" T = "0" Pressure = "0" />
		<Point X = "275" Y = "138" T = "0" Pressure = "0" />
		<Point X = "275" Y = "134" T = "0" Pressure = "0" />
		<Point X = "275" Y = "129" T = "0" Pressure = "0" />
		<Point X = "275" Y = "125" T = "0" Pressure = "0" />
		<Point X = "275" Y = "121" T = "0" Pressure = "0" />
		<Point X = "275" Y = "118" T = "0" Pressure = "0" />
		<Point X = "275" Y = "116" T = "0" Pressure = "0" />
		<Point X = "275" Y = "114" T = "0" Pressure = "0" />
		<Point X = "275" Y = "112" T = "0" Pressure = "0" />
		<Point X = "275" Y = "111" T = "0" Pressure = "0" />
		<Point X = "275" Y = "110" T = "0" Pressure = "0" />
		<Point X = "275" Y = "109" T = "0" Pressure = "0" />
		<Point X = "275" Y = "107" T = "0" Pressure = "0" />
		<Point X = "277" Y = "106" T = "0" Pressure = "0" />
		<Point X = "279" Y = "104" T = "0" Pressure = "0" />
		<Point X = "281" Y = "101" T = "0" Pressure = "0" />
		<Point X = "283" Y = "99" T = "0" Pressure = "0" />
		<Point X = "285" Y = "96" T = "0" Pressure = "0" />
		<Point X = "287" Y = "94" T = "0" Pressure = "0" />
		<Point X = "293" Y = "88" T = "0" Pressure = "0" />
		<Point X = "294" Y = "86" T = "0" Pressure = "0" />
		<Point X = "297" Y = "84" T = "0" Pressure = "0" />
		<Point X = "298" Y = "83" T = "0" Pressure = "0" />
		<Point X = "298" Y = "82" T = "0" Pressure = "0" />
		<Point X = "299" Y = "82" T = "0" Pressure = "0" />
		<Point X = "300" Y = "82" T = "0" Pressure = "0" />
		<Point X = "301" Y = "82" T = "0" Pressure = "0" />
		<Point X = "303" Y = "82" T = "0" Pressure = "0" />
		<Point X = "305" Y = "82" T = "0" Pressure = "0" />
		<Point X = "306" Y = "82" T = "0" Pressure = "0" />
		<Point X = "308" Y = "82" T = "0" Pressure = "0" />
		<Point X = "309" Y = "82" T = "0" Pressure = "0" />
		<Point X = "312" Y = "82" T = "0" Pressure = "0" />
		<Point X = "314" Y = "82" T = "0" Pressure = "0" />
		<Point X = "316" Y = "82" T = "0" Pressure = "0" />
		<Point X = "317" Y = "82" T = "0" Pressure = "0" />
		<Point X = "318" Y = "82" T = "0" Pressure = "0" />
		<Point X = "319" Y = "82" T = "0" Pressure = "0" />
		<Point X = "320" Y = "82" T = "0" Pressure = "0" />
		<Point X = "322" Y = "82" T = "0" Pressure = "0" />
		<Point X = "324" Y = "84" T = "0" Pressure = "0" />
		<Point X = "326" Y = "85" T = "0" Pressure = "0" />
		<Point X = "329" Y = "87" T = "0" Pressure = "0" />
		<Point X = "331" Y = "89" T = "0" Pressure = "0" />
		<Point X = "332" Y = "91" T = "0" Pressure = "0" />
		<Point X = "333" Y = "93" T = "0" Pressure = "0" />
		<Point X = "335" Y = "94" T = "0" Pressure = "0" />
		<Point X = "335" Y = "95" T = "0" Pressure = "0" />
		<Point X = "336" Y = "95" T = "0" Pressure = "0" />
		<Point X = "337" Y = "97" T = "0" Pressure = "0" />
		<Point X = "338" Y = "99" T = "0" Pressure = "0" />
		<Point X = "338" Y = "101" T = "0" Pressure = "0" />
		<Point X = "339" Y = "105" T = "0" Pressure = "0" />
		<Point X = "341" Y = "106" T = "0" Pressure = "0" />
		<Point X = "341" Y = "108" T = "0" Pressure = "0" />
		<Point X = "341" Y = "110" T = "0" Pressure = "0" />
		<Point X = "341" Y = "111" T = "0" Pressure = "0" />
		<Point X = "341" Y = "112" T = "0" Pressure = "0" />
		<Point X = "342" Y = "114" T = "0" Pressure = "0" />
		<Point X = "342" Y = "116" T = "0" Pressure = "0" />
		<Point X = "342" Y = "118" T = "0" Pressure = "0" />
		<Point X = "342" Y = "119" T = "0" Pressure = "0" />
		<Point X = "342" Y = "124" T = "0" Pressure = "0" />
		<Point X = "341" Y = "125" T = "0" Pressure = "0" />
		<Point X = "340" Y = "128" T = "0" Pressure = "0" />
		<Point X = "340" Y = "129" T = "0" Pressure = "0" />
		<Point X = "339" Y = "131" T = "0" Pressure = "0" />
		<Point X = "338" Y = "132" T = "0" Pressure = "0" />
		<Point X = "337" Y = "133" T = "0" Pressure = "0" />
		<Point X = "335" Y = "134" T = "0" Pressure = "0" />
		<Point X = "335" Y = "135" T = "0" Pressure = "0" />
		<Point X = "334" Y = "135" T = "0" Pressure = "0" />
		<Point X = "332" Y = "135" T = "0" Pressure = "0" />
		<Point X = "331" Y = "135" T = "0" Pressure = "0" />
		<Point X = "329" Y = "136" T = "0" Pressure = "0" />
		<Point X = "327" Y = "136" T = "0" Pressure = "0" />
		<Point X = "326" Y = "137" T = "0" Pressure = "0" />
		<Point X = "325" Y = "137" T = "0" Pressure = "0" />
		<Point X = "323" Y = "137" T = "0" Pressure = "0" />
		<Point X = "321" Y = "137" T = "0" Pressure = "0" />
		<Point X = "320" Y = "137" T = "0" Pressure = "0" />
		<Point X = "318" Y = "137" T = "0" Pressure = "0" />
		<Point X = "317" Y = "137" T = "0" Pressure = "0" />
		<Point X = "314" Y = "137" T = "0" Pressure = "0" />
		<Point X = "310" Y = "132" T = "0" Pressure = "0" />
		<Point X = "308" Y = "130" T = "0" Pressure = "0" />
		<Point X = "306" Y = "126" T = "0" Pressure = "0" />
		<Point X = "304" Y = "124" T = "0" Pressure = "0" />
		<Point X = "303" Y = "122" T = "0" Pressure = "0" />
		<Point X = "301" Y = "120" T = "0" Pressure = "0" />
		<Point X = "301" Y = "118" T = "0" Pressure = "0" />
		<Point X = "298" Y = "116" T = "0" Pressure = "0" />
		<Point X = "298" Y = "114" T = "0" Pressure = "0" />
		<Point X = "298" Y = "111" T = "0" Pressure = "0" />
		<Point X = "298" Y = "110" T = "0" Pressure = "0" />
		<Point X = "297" Y = "109" T = "0" Pressure = "0" />
		<Point X = "297" Y = "108" T = "0" Pressure = "0" />
		<Point X = "297" Y = "107" T = "0" Pressure = "0" />
		<Point X = "297" Y = "106" T = "0" Pressure = "0" />
		<Point X = "298" Y = "105" T = "0" Pressure = "0" />
		<Point X = "298" Y = "104" T = "0" Pressure = "0" />
		<Point X = "299" Y = "101" T = "0" Pressure = "0" />
		<Point X = "300" Y = "101" T = "0" Pressure = "0" />
		<Point X = "301" Y = "99" T = "0" Pressure = "0" />
		<Point X = "303" Y = "98" T = "0" Pressure = "0" />
		<Point X = "303" Y = "97" T = "0" Pressure = "0" />
		<Point X = "304" Y = "96" T = "0" Pressure = "0" />
		<Point X = "305" Y = "96" T = "0" Pressure = "0" />
		<Point X = "306" Y = "96" T = "0" Pressure = "0" />
		<Point X = "307" Y = "96" T = "0" Pressure = "0" />
		<Point X = "308" Y = "96" T = "0" Pressure = "0" />
		<Point X = "310" Y = "96" T = "0" Pressure = "0" />
		<Point X = "311" Y = "97" T = "0" Pressure = "0" />
		<Point X = "312" Y = "98" T = "0" Pressure = "0" />
		<Point X = "313" Y = "98" T = "0" Pressure = "0" />
		<Point X = "315" Y = "101" T = "0" Pressure = "0" />
		<Point X = "316" Y = "101" T = "0" Pressure = "0" />
		<Point X = "316" Y = "102" T = "0" Pressure = "0" />
		<Point X = "317" Y = "103" T = "0" Pressure = "0" />
		<Point X = "318" Y = "104" T = "0" Pressure = "0" />
		<Point X = "319" Y = "105" T = "0" Pressure = "0" />
		<Point X = "319" Y = "106" T = "0" Pressure = "0" />
		<Point X = "320" Y = "108" T = "0" Pressure = "0" />
		<Point X = "320" Y = "110" T = "0" Pressure = "0" />
		<Point X = "320" Y = "111" T = "0" Pressure = "0" />
		<Point X = "321" Y = "111" T = "0" Pressure = "0" />
		<Point X = "321" Y = "113" T = "0" Pressure = "0" />
		<Point X = "321" Y = "114" T = "0" Pressure = "0" />
		<Point X = "321" Y = "116" T = "0" Pressure = "0" />
		<Point X = "321" Y = "117" T = "0" Pressure = "0" />
	</Stroke>
</Gesture>
