<?xml version="1.0" encoding="utf-8" standalone="yes"?>
<Gesture Name = "spiral">
	<Stroke>
		<Point X = "216" Y = "233" T = "0" Pressure = "0" />
		<Point X = "217" Y = "233" T = "0" Pressure = "0" />
		<Point X = "218" Y = "233" T = "0" Pressure = "0" />
		<Point X = "219" Y = "233" T = "0" Pressure = "0" />
		<Point X = "220" Y = "233" T = "0" Pressure = "0" />
		<Point X = "222" Y = "233" T = "0" Pressure = "0" />
		<Point X = "223" Y = "232" T = "0" Pressure = "0" />
		<Point X = "224" Y = "232" T = "0" Pressure = "0" />
		<Point X = "225" Y = "232" T = "0" Pressure = "0" />
		<Point X = "229" Y = "232" T = "0" Pressure = "0" />
		<Point X = "232" Y = "232" T = "0" Pressure = "0" />
		<Point X = "234" Y = "232" T = "0" Pressure = "0" />
		<Point X = "236" Y = "232" T = "0" Pressure = "0" />
		<Point X = "237" Y = "232" T = "0" Pressure = "0" />
		<Point X = "239" Y = "232" T = "0" Pressure = "0" />
		<Point X = "240" Y = "232" T = "0" Pressure = "0" />
		<Point X = "242" Y = "232" T = "0" Pressure = "0" />
		<Point X = "243" Y = "232" T = "0" Pressure = "0" />
		<Point X = "246" Y = "232" T = "0" Pressure = "0" />
		<Point X = "248" Y = "232" T = "0" Pressure = "0" />
		<Point X = "250" Y = "232" T = "0" Pressure = "0" />
		<Point X = "253" Y = "232" T = "0" Pressure = "0" />
		<Point X = "254" Y = "232" T = "0" Pressure = "0" />
		<Point X = "257" Y = "233" T = "0" Pressure = "0" />
		<Point X = "259" Y = "234" T = "0" Pressure = "0" />
		<Point X = "260" Y = "234" T = "0" Pressure = "0" />
		<Point X = "262" Y = "235" T = "0" Pressure = "0" />
		<Point X = "264" Y = "235" T = "0" Pressure = "0" />
		<Point X = "265" Y = "236" T = "0" Pressure = "0" />
		<Point X = "268" Y = "237" T = "0" Pressure = "0" />
		<Point X = "273" Y = "238" T = "0" Pressure = "0" />
		<Point X = "278" Y = "239" T = "0" Pressure = "0" />
		<Point X = "282" Y = "240" T = "0" Pressure = "0" />
		<Point X = "286" Y = "243" T = "0" Pressure = "0" />
		<Point X = "288" Y = "244" T = "0" Pressure = "0" />
		<Point X = "290" Y = "244" T = "0" Pressure = "0" />
		<Point X = "293" Y = "245" T = "0" Pressure = "0" />
		<Point X = "295" Y = "246" T = "0" Pressure = "0" />
		<Point X = "296" Y = "247" T = "0" Pressure = "0" />
		<Point X = "297" Y = "248" T = "0" Pressure = "0" />
		<Point X = "299" Y = "249" T = "0" Pressure = "0" />
		<Point X = "300" Y = "250" T = "0" Pressure = "0" />
		<Point X = "301" Y = "251" T = "0" Pressure = "0" />
		<Point X = "303" Y = "252" T = "0" Pressure = "0" />
		<Point X = "305" Y = "252" T = "0" Pressure = "0" />
		<Point X = "307" Y = "254" T = "0" Pressure = "0" />
		<Point X = "308" Y = "255" T = "0" Pressure = "0" />
		<Point X = "309" Y = "256" T = "0" Pressure = "0" />
		<Point X = "310" Y = "257" T = "0" Pressure = "0" />
		<Point X = "311" Y = "258" T = "0" Pressure = "0" />
		<Point X = "313" Y = "260" T = "0" Pressure = "0" />
		<Point X = "314" Y = "262" T = "0" Pressure = "0" />
		<Point X = "315" Y = "263" T = "0" Pressure = "0" />
		<Point X = "315" Y = "264" T = "0" Pressure = "0" />
		<Point X = "315" Y = "267" T = "0" Pressure = "0" />
		<Point X = "315" Y = "268" T = "0" Pressure = "0" />
		<Point X = "315" Y = "270" T = "0" Pressure = "0" />
		<Point X = "315" Y = "271" T = "0" Pressure = "0" />
		<Point X = "315" Y = "274" T = "0" Pressure = "0" />
		<Point X = "315" Y = "276" T = "0" Pressure = "0" />
		<Point X = "315" Y = "279" T = "0" Pressure = "0" />
		<Point X = "315" Y = "281" T = "0" Pressure = "0" />
		<Point X = "315" Y = "283" T = "0" Pressure = "0" />
		<Point X = "315" Y = "286" T = "0" Pressure = "0" />
		<Point X = "314" Y = "287" T = "0" Pressure = "0" />
		<Point X = "314" Y = "289" T = "0" Pressure = "0" />
		<Point X = "312" Y = "290" T = "0" Pressure = "0" />
		<Point X = "311" Y = "292" T = "0" Pressure = "0" />
		<Point X = "310" Y = "292" T = "0" Pressure = "0" />
		<Point X = "309" Y = "294" T = "0" Pressure = "0" />
		<Point X = "308" Y = "294" T = "0" Pressure = "0" />
		<Point X = "308" Y = "295" T = "0" Pressure = "0" />
		<Point X = "307" Y = "296" T = "0" Pressure = "0" />
		<Point X = "306" Y = "297" T = "0" Pressure = "0" />
		<Point X = "304" Y = "298" T = "0" Pressure = "0" />
		<Point X = "302" Y = "299" T = "0" Pressure = "0" />
		<Point X = "299" Y = "300" T = "0" Pressure = "0" />
		<Point X = "298" Y = "302" T = "0" Pressure = "0" />
		<Point X = "297" Y = "302" T = "0" Pressure = "0" />
		<Point X = "295" Y = "303" T = "0" Pressure = "0" />
		<Point X = "292" Y = "304" T = "0" Pressure = "0" />
		<Point X = "290" Y = "304" T = "0" Pressure = "0" />
		<Point X = "287" Y = "304" T = "0" Pressure = "0" />
		<Point X = "284" Y = "304" T = "0" Pressure = "0" />
		<Point X = "281" Y = "304" T = "0" Pressure = "0" />
		<Point X = "279" Y = "304" T = "0" Pressure = "0" />
		<Point X = "276" Y = "304" T = "0" Pressure = "0" />
		<Point X = "272" Y = "304" T = "0" Pressure = "0" />
		<Point X = "269" Y = "304" T = "0" Pressure = "0" />
		<Point X = "267" Y = "305" T = "0" Pressure = "0" />
		<Point X = "264" Y = "305" T = "0" Pressure = "0" />
		<Point X = "262" Y = "305" T = "0" Pressure = "0" />
		<Point X = "258" Y = "305" T = "0" Pressure = "0" />
		<Point X = "256" Y = "305" T = "0" Pressure = "0" />
		<Point X = "253" Y = "305" T = "0" Pressure = "0" />
		<Point X = "250" Y = "305" T = "0" Pressure = "0" />
		<Point X = "249" Y = "305" T = "0" Pressure = "0" />
		<Point X = "246" Y = "305" T = "0" Pressure = "0" />
		<Point X = "245" Y = "305" T = "0" Pressure = "0" />
		<Point X = "243" Y = "305" T = "0" Pressure = "0" />
		<Point X = "242" Y = "305" T = "0" Pressure = "0" />
		<Point X = "240" Y = "304" T = "0" Pressure = "0" />
		<Point X = "239" Y = "304" T = "0" Pressure = "0" />
		<Point X = "238" Y = "302" T = "0" Pressure = "0" />
		<Point X = "237" Y = "300" T = "0" Pressure = "0" />
		<Point X = "236" Y = "299" T = "0" Pressure = "0" />
		<Point X = "235" Y = "298" T = "0" Pressure = "0" />
		<Point X = "234" Y = "297" T = "0" Pressure = "0" />
		<Point X = "233" Y = "295" T = "0" Pressure = "0" />
		<Point X = "232" Y = "295" T = "0" Pressure = "0" />
		<Point X = "232" Y = "294" T = "0" Pressure = "0" />
		<Point X = "231" Y = "293" T = "0" Pressure = "0" />
		<Point X = "230" Y = "292" T = "0" Pressure = "0" />
		<Point X = "229" Y = "291" T = "0" Pressure = "0" />
		<Point X = "228" Y = "290" T = "0" Pressure = "0" />
		<Point X = "228" Y = "288" T = "0" Pressure = "0" />
		<Point X = "226" Y = "284" T = "0" Pressure = "0" />
		<Point X = "226" Y = "282" T = "0" Pressure = "0" />
		<Point X = "226" Y = "280" T = "0" Pressure = "0" />
		<Point X = "226" Y = "279" T = "0" Pressure = "0" />
		<Point X = "226" Y = "276" T = "0" Pressure = "0" />
		<Point X = "226" Y = "274" T = "0" Pressure = "0" />
		<Point X = "226" Y = "272" T = "0" Pressure = "0" />
		<Point X = "226" Y = "269" T = "0" Pressure = "0" />
		<Point X = "227" Y = "268" T = "0" Pressure = "0" />
		<Point X = "229" Y = "266" T = "0" Pressure = "0" />
		<Point X = "230" Y = "265" T = "0" Pressure = "0" />
		<Point X = "231" Y = "264" T = "0" Pressure = "0" />
		<Point X = "233" Y = "263" T = "0" Pressure = "0" />
		<Point X = "235" Y = "262" T = "0" Pressure = "0" />
		<Point X = "236" Y = "261" T = "0" Pressure = "0" />
		<Point X = "238" Y = "260" T = "0" Pressure = "0" />
		<Point X = "240" Y = "259" T = "0" Pressure = "0" />
		<Point X = "243" Y = "258" T = "0" Pressure = "0" />
		<Point X = "245" Y = "257" T = "0" Pressure = "0" />
		<Point X = "248" Y = "257" T = "0" Pressure = "0" />
		<Point X = "252" Y = "255" T = "0" Pressure = "0" />
		<Point X = "255" Y = "255" T = "0" Pressure = "0" />
		<Point X = "257" Y = "254" T = "0" Pressure = "0" />
		<Point X = "258" Y = "254" T = "0" Pressure = "0" />
		<Point X = "260" Y = "253" T = "0" Pressure = "0" />
		<Point X = "262" Y = "253" T = "0" Pressure = "0" />
		<Point X = "263" Y = "253" T = "0" Pressure = "0" />
		<Point X = "265" Y = "253" T = "0" Pressure = "0" />
		<Point X = "268" Y = "253" T = "0" Pressure = "0" />
		<Point X = "271" Y = "253" T = "0" Pressure = "0" />
		<Point X = "274" Y = "255" T = "0" Pressure = "0" />
		<Point X = "276" Y = "256" T = "0" Pressure = "0" />
		<Point X = "277" Y = "256" T = "0" Pressure = "0" />
		<Point X = "278" Y = "256" T = "0" Pressure = "0" />
		<Point X = "280" Y = "257" T = "0" Pressure = "0" />
		<Point X = "282" Y = "259" T = "0" Pressure = "0" />
		<Point X = "282" Y = "260" T = "0" Pressure = "0" />
		<Point X = "283" Y = "262" T = "0" Pressure = "0" />
		<Point X = "284" Y = "262" T = "0" Pressure = "0" />
		<Point X = "284" Y = "264" T = "0" Pressure = "0" />
		<Point X = "285" Y = "265" T = "0" Pressure = "0" />
		<Point X = "285" Y = "266" T = "0" Pressure = "0" />
		<Point X = "285" Y = "267" T = "0" Pressure = "0" />
		<Point X = "285" Y = "269" T = "0" Pressure = "0" />
		<Point X = "285" Y = "271" T = "0" Pressure = "0" />
		<Point X = "285" Y = "272" T = "0" Pressure = "0" />
		<Point X = "285" Y = "273" T = "0" Pressure = "0" />
		<Point X = "285" Y = "274" T = "0" Pressure = "0" />
		<Point X = "284" Y = "275" T = "0" Pressure = "0" />
		<Point X = "282" Y = "277" T = "0" Pressure = "0" />
		<Point X = "279" Y = "278" T = "0" Pressure = "0" />
		<Point X = "277" Y = "278" T = "0" Pressure = "0" />
		<Point X = "276" Y = "279" T = "0" Pressure = "0" />
		<Point X = "274" Y = "279" T = "0" Pressure = "0" />
		<Point X = "272" Y = "279" T = "0" Pressure = "0" />
		<Point X = "271" Y = "279" T = "0" Pressure = "0" />
		<Point X = "270" Y = "279" T = "0" Pressure = "0" />
		<Point X = "269" Y = "279" T = "0" Pressure = "0" />
		<Point X = "268" Y = "279" T = "0" Pressure = "0" />
		<Point X = "267" Y = "279" T = "0" Pressure = "0" />
		<Point X = "266" Y = "279" T = "0" Pressure = "0" />
		<Point X = "264" Y = "279" T = "0" Pressure = "0" />
		<Point X = "263" Y = "279" T = "0" Pressure = "0" />
		<Point X = "261" Y = "279" T = "0" Pressure = "0" />
		<Point X = "260" Y = "278" T = "0" Pressure = "0" />
		<Point X = "260" Y = "277" T = "0" Pressure = "0" />
		<Point X = "259" Y = "277" T = "0" Pressure = "0" />
		<Point X = "258" Y = "276" T = "0" Pressure = "0" />
		<Point X = "258" Y = "275" T = "0" Pressure = "0" />
		<Point X = "258" Y = "273" T = "0" Pressure = "0" />
		<Point X = "258" Y = "272" T = "0" Pressure = "0" />
		<Point X = "258" Y = "271" T = "0" Pressure = "0" />
		<Point X = "258" Y = "270" T = "0" Pressure = "0" />
		<Point X = "258" Y = "269" T = "0" Pressure = "0" />
		<Point X = "258" Y = "268" T = "0" Pressure = "0" />
		<Point X = "258" Y = "267" T = "0" Pressure = "0" />
		<Point X = "259" Y = "266" T = "0" Pressure = "0" />
		<Point X = "260" Y = "265" T = "0" Pressure = "0" />
		<Point X = "261" Y = "264" T = "0" Pressure = "0" />
		<Point X = "263" Y = "264" T = "0" Pressure = "0" />
		<Point X = "264" Y = "264" T = "0" Pressure = "0" />
		<Point X = "266" Y = "264" T = "0" Pressure = "0" />
		<Point X = "267" Y = "264" T = "0" Pressure = "0" />
		<Point X = "269" Y = "264" T = "0" Pressure = "0" />
		<Point X = "270" Y = "264" T = "0" Pressure = "0" />
		<Point X = "270" Y = "265" T = "0" Pressure = "0" />
		<Point X = "271" Y = "265" T = "0" Pressure = "0" />
		<Point X = "271" Y = "266" T = "0" Pressure = "0" />
		<Point X = "271" Y = "267" T = "0" Pressure = "0" />
	</Stroke>
</Gesture>
