<?xml version="1.0" encoding="utf-8" standalone="yes"?>
<Gesture Name = "spiral">
	<Stroke>
		<Point X = "316" Y = "97" T = "0" Pressure = "0" />
		<Point X = "316" Y = "98" T = "0" Pressure = "0" />
		<Point X = "318" Y = "99" T = "0" Pressure = "0" />
		<Point X = "318" Y = "100" T = "0" Pressure = "0" />
		<Point X = "318" Y = "103" T = "0" Pressure = "0" />
		<Point X = "318" Y = "106" T = "0" Pressure = "0" />
		<Point X = "318" Y = "108" T = "0" Pressure = "0" />
		<Point X = "318" Y = "112" T = "0" Pressure = "0" />
		<Point X = "318" Y = "115" T = "0" Pressure = "0" />
		<Point X = "318" Y = "121" T = "0" Pressure = "0" />
		<Point X = "318" Y = "126" T = "0" Pressure = "0" />
		<Point X = "318" Y = "130" T = "0" Pressure = "0" />
		<Point X = "317" Y = "133" T = "0" Pressure = "0" />
		<Point X = "314" Y = "139" T = "0" Pressure = "0" />
		<Point X = "312" Y = "143" T = "0" Pressure = "0" />
		<Point X = "308" Y = "150" T = "0" Pressure = "0" />
		<Point X = "306" Y = "153" T = "0" Pressure = "0" />
		<Point X = "302" Y = "157" T = "0" Pressure = "0" />
		<Point X = "300" Y = "159" T = "0" Pressure = "0" />
		<Point X = "299" Y = "160" T = "0" Pressure = "0" />
		<Point X = "298" Y = "160" T = "0" Pressure = "0" />
		<Point X = "297" Y = "161" T = "0" Pressure = "0" />
		<Point X = "296" Y = "161" T = "0" Pressure = "0" />
		<Point X = "294" Y = "161" T = "0" Pressure = "0" />
		<Point X = "293" Y = "161" T = "0" Pressure = "0" />
		<Point X = "290" Y = "161" T = "0" Pressure = "0" />
		<Point X = "289" Y = "161" T = "0" Pressure = "0" />
		<Point X = "287" Y = "161" T = "0" Pressure = "0" />
		<Point X = "286" Y = "161" T = "0" Pressure = "0" />
		<Point X = "283" Y = "161" T = "0" Pressure = "0" />
		<Point X = "280" Y = "161" T = "0" Pressure = "0" />
		<Point X = "278" Y = "161" T = "0" Pressure = "0" />
		<Point X = "270" Y = "155" T = "0" Pressure = "0" />
		<Point X = "263" Y = "150" T = "0" Pressure = "0" />
		<Point X = "254" Y = "143" T = "0" Pressure = "0" />
		<Point X = "243" Y = "136" T = "0" Pressure = "0" />
		<Point X = "235" Y = "130" T = "0" Pressure = "0" />
		<Point X = "230" Y = "125" T = "0" Pressure = "0" />
		<Point X = "226" Y = "121" T = "0" Pressure = "0" />
		<Point X = "225" Y = "119" T = "0" Pressure = "0" />
		<Point X = "225" Y = "117" T = "0" Pressure = "0" />
		<Point X = "225" Y = "114" T = "0" Pressure = "0" />
		<Point X = "225" Y = "111" T = "0" Pressure = "0" />
		<Point X = "225" Y = "108" T = "0" Pressure = "0" />
		<Point X = "225" Y = "106" T = "0" Pressure = "0" />
		<Point X = "225" Y = "104" T = "0" Pressure = "0" />
		<Point X = "225" Y = "101" T = "0" Pressure = "0" />
		<Point X = "225" Y = "99" T = "0" Pressure = "0" />
		<Point X = "225" Y = "96" T = "0" Pressure = "0" />
		<Point X = "227" Y = "95" T = "0" Pressure = "0" />
		<Point X = "229" Y = "92" T = "0" Pressure = "0" />
		<Point X = "233" Y = "90" T = "0" Pressure = "0" />
		<Point X = "236" Y = "88" T = "0" Pressure = "0" />
		<Point X = "239" Y = "86" T = "0" Pressure = "0" />
		<Point X = "242" Y = "85" T = "0" Pressure = "0" />
		<Point X = "243" Y = "84" T = "0" Pressure = "0" />
		<Point X = "246" Y = "82" T = "0" Pressure = "0" />
		<Point X = "248" Y = "82" T = "0" Pressure = "0" />
		<Point X = "250" Y = "81" T = "0" Pressure = "0" />
		<Point X = "251" Y = "80" T = "0" Pressure = "0" />
		<Point X = "254" Y = "79" T = "0" Pressure = "0" />
		<Point X = "259" Y = "79" T = "0" Pressure = "0" />
		<Point X = "262" Y = "79" T = "0" Pressure = "0" />
		<Point X = "263" Y = "79" T = "0" Pressure = "0" />
		<Point X = "264" Y = "79" T = "0" Pressure = "0" />
		<Point X = "266" Y = "79" T = "0" Pressure = "0" />
		<Point X = "269" Y = "80" T = "0" Pressure = "0" />
		<Point X = "270" Y = "80" T = "0" Pressure = "0" />
		<Point X = "271" Y = "82" T = "0" Pressure = "0" />
		<Point X = "273" Y = "84" T = "0" Pressure = "0" />
		<Point X = "275" Y = "85" T = "0" Pressure = "0" />
		<Point X = "277" Y = "87" T = "0" Pressure = "0" />
		<Point X = "278" Y = "88" T = "0" Pressure = "0" />
		<Point X = "279" Y = "88" T = "0" Pressure = "0" />
		<Point X = "280" Y = "89" T = "0" Pressure = "0" />
		<Point X = "281" Y = "90" T = "0" Pressure = "0" />
		<Point X = "281" Y = "91" T = "0" Pressure = "0" />
		<Point X = "282" Y = "92" T = "0" Pressure = "0" />
		<Point X = "283" Y = "95" T = "0" Pressure = "0" />
		<Point X = "283" Y = "97" T = "0" Pressure = "0" />
		<Point X = "283" Y = "98" T = "0" Pressure = "0" />
		<Point X = "283" Y = "101" T = "0" Pressure = "0" />
		<Point X = "283" Y = "104" T = "0" Pressure = "0" />
		<Point X = "283" Y = "106" T = "0" Pressure = "0" />
		<Point X = "283" Y = "109" T = "0" Pressure = "0" />
		<Point X = "283" Y = "110" T = "0" Pressure = "0" />
		<Point X = "283" Y = "112" T = "0" Pressure = "0" />
		<Point X = "283" Y = "113" T = "0" Pressure = "0" />
		<Point X = "283" Y = "115" T = "0" Pressure = "0" />
		<Point X = "282" Y = "115" T = "0" Pressure = "0" />
		<Point X = "280" Y = "117" T = "0" Pressure = "0" />
		<Point X = "279" Y = "117" T = "0" Pressure = "0" />
		<Point X = "278" Y = "117" T = "0" Pressure = "0" />
		<Point X = "276" Y = "119" T = "0" Pressure = "0" />
		<Point X = "275" Y = "120" T = "0" Pressure = "0" />
		<Point X = "273" Y = "120" T = "0" Pressure = "0" />
		<Point X = "272" Y = "120" T = "0" Pressure = "0" />
		<Point X = "271" Y = "120" T = "0" Pressure = "0" />
		<Point X = "269" Y = "121" T = "0" Pressure = "0" />
		<Point X = "267" Y = "121" T = "0" Pressure = "0" />
		<Point X = "266" Y = "121" T = "0" Pressure = "0" />
		<Point X = "264" Y = "121" T = "0" Pressure = "0" />
		<Point X = "263" Y = "120" T = "0" Pressure = "0" />
		<Point X = "261" Y = "120" T = "0" Pressure = "0" />
		<Point X = "259" Y = "120" T = "0" Pressure = "0" />
		<Point X = "259" Y = "119" T = "0" Pressure = "0" />
		<Point X = "257" Y = "119" T = "0" Pressure = "0" />
		<Point X = "256" Y = "119" T = "0" Pressure = "0" />
		<Point X = "255" Y = "118" T = "0" Pressure = "0" />
		<Point X = "254" Y = "117" T = "0" Pressure = "0" />
		<Point X = "253" Y = "115" T = "0" Pressure = "0" />
		<Point X = "252" Y = "114" T = "0" Pressure = "0" />
		<Point X = "252" Y = "113" T = "0" Pressure = "0" />
		<Point X = "252" Y = "112" T = "0" Pressure = "0" />
		<Point X = "252" Y = "111" T = "0" Pressure = "0" />
		<Point X = "252" Y = "110" T = "0" Pressure = "0" />
		<Point X = "252" Y = "109" T = "0" Pressure = "0" />
		<Point X = "252" Y = "107" T = "0" Pressure = "0" />
		<Point X = "252" Y = "106" T = "0" Pressure = "0" />
		<Point X = "252" Y = "104" T = "0" Pressure = "0" />
		<Point X = "252" Y = "102" T = "0" Pressure = "0" />
		<Point X = "252" Y = "100" T = "0" Pressure = "0" />
		<Point X = "252" Y = "99" T = "0" Pressure = "0" />
		<Point X = "252" Y = "98" T = "0" Pressure = "0" />
		<Point X = "252" Y = "97" T = "0" Pressure = "0" />
		<Point X = "252" Y = "96" T = "0" Pressure = "0" />
		<Point X = "253" Y = "95" T = "0" Pressure = "0" />
		<Point X = "254" Y = "95" T = "0" Pressure = "0" />
		<Point X = "255" Y = "95" T = "0" Pressure = "0" />
		<Point X = "256" Y = "95" T = "0" Pressure = "0" />
		<Point X = "257" Y = "95" T = "0" Pressure = "0" />
		<Point X = "258" Y = "95" T = "0" Pressure = "0" />
		<Point X = "259" Y = "95" T = "0" Pressure = "0" />
		<Point X = "260" Y = "95" T = "0" Pressure = "0" />
		<Point X = "263" Y = "96" T = "0" Pressure = "0" />
		<Point X = "265" Y = "98" T = "0" Pressure = "0" />
		<Point X = "266" Y = "98" T = "0" Pressure = "0" />
		<Point X = "267" Y = "99" T = "0" Pressure = "0" />
		<Point X = "267" Y = "100" T = "0" Pressure = "0" />
		<Point X = "268" Y = "100" T = "0" Pressure = "0" />
		<Point X = "268" Y = "101" T = "0" Pressure = "0" />
		<Point X = "269" Y = "101" T = "0" Pressure = "0" />
		<Point X = "269" Y = "102" T = "0" Pressure = "0" />
		<Point X = "269" Y = "103" T = "0" Pressure = "0" />
		<Point X = "269" Y = "104" T = "0" Pressure = "0" />
		<Point X = "268" Y = "104" T = "0" Pressure = "0" />
		<Point X = "268" Y = "105" T = "0" Pressure = "0" />
		<Point X = "266" Y = "106" T = "0" Pressure = "0" />
		<Point X = "266" Y = "107" T = "0" Pressure = "0" />
		<Point X = "265" Y = "107" T = "0" Pressure = "0" />
		<Point X = "264" Y = "107" T = "0" Pressure = "0" />
		<Point X = "263" Y = "109" T = "0" Pressure = "0" />
		<Point X = "262" Y = "109" T = "0" Pressure = "0" />
		<Point X = "262" Y = "108" T = "0" Pressure = "0" />
		<Point X = "262" Y = "107" T = "0" Pressure = "0" />
		<Point X = "262" Y = "106" T = "0" Pressure = "0" />
		<Point X = "262" Y = "105" T = "0" Pressure = "0" />
		<Point X = "261" Y = "103" T = "0" Pressure = "0" />
	</Stroke>
</Gesture>
