<?xml version="1.0" encoding="utf-8" standalone="yes"?>
<Gesture Name = "spiral">
	<Stroke>
		<Point X = "368" Y = "236" T = "0" Pressure = "0" />
		<Point X = "366" Y = "236" T = "0" Pressure = "0" />
		<Point X = "365" Y = "236" T = "0" Pressure = "0" />
		<Point X = "362" Y = "236" T = "0" Pressure = "0" />
		<Point X = "360" Y = "236" T = "0" Pressure = "0" />
		<Point X = "356" Y = "236" T = "0" Pressure = "0" />
		<Point X = "351" Y = "236" T = "0" Pressure = "0" />
		<Point X = "343" Y = "236" T = "0" Pressure = "0" />
		<Point X = "332" Y = "236" T = "0" Pressure = "0" />
		<Point X = "321" Y = "237" T = "0" Pressure = "0" />
		<Point X = "309" Y = "238" T = "0" Pressure = "0" />
		<Point X = "299" Y = "241" T = "0" Pressure = "0" />
		<Point X = "289" Y = "242" T = "0" Pressure = "0" />
		<Point X = "285" Y = "244" T = "0" Pressure = "0" />
		<Point X = "281" Y = "245" T = "0" Pressure = "0" />
		<Point X = "280" Y = "245" T = "0" Pressure = "0" />
		<Point X = "279" Y = "245" T = "0" Pressure = "0" />
		<Point X = "278" Y = "246" T = "0" Pressure = "0" />
		<Point X = "277" Y = "246" T = "0" Pressure = "0" />
		<Point X = "276" Y = "247" T = "0" Pressure = "0" />
		<Point X = "273" Y = "247" T = "0" Pressure = "0" />
		<Point X = "270" Y = "247" T = "0" Pressure = "0" />
		<Point X = "262" Y = "251" T = "0" Pressure = "0" />
		<Point X = "255" Y = "252" T = "0" Pressure = "0" />
		<Point X = "249" Y = "255" T = "0" Pressure = "0" />
		<Point X = "240" Y = "257" T = "0" Pressure = "0" />
		<Point X = "234" Y = "260" T = "0" Pressure = "0" />
		<Point X = "227" Y = "265" T = "0" Pressure = "0" />
		<Point X = "222" Y = "266" T = "0" Pressure = "0" />
		<Point X = "220" Y = "267" T = "0" Pressure = "0" />
		<Point X = "216" Y = "271" T = "0" Pressure = "0" />
		<Point X = "214" Y = "272" T = "0" Pressure = "0" />
		<Point X = "210" Y = "275" T = "0" Pressure = "0" />
		<Point X = "208" Y = "277" T = "0" Pressure = "0" />
		<Point X = "207" Y = "279" T = "0" Pressure = "0" />
		<Point X = "205" Y = "282" T = "0" Pressure = "0" />
		<Point X = "202" Y = "287" T = "0" Pressure = "0" />
		<Point X = "201" Y = "290" T = "0" Pressure = "0" />
		<Point X = "201" Y = "293" T = "0" Pressure = "0" />
		<Point X = "201" Y = "295" T = "0" Pressure = "0" />
		<Point X = "199" Y = "297" T = "0" Pressure = "0" />
		<Point X = "199" Y = "298" T = "0" Pressure = "0" />
		<Point X = "198" Y = "300" T = "0" Pressure = "0" />
		<Point X = "198" Y = "303" T = "0" Pressure = "0" />
		<Point X = "198" Y = "304" T = "0" Pressure = "0" />
		<Point X = "198" Y = "306" T = "0" Pressure = "0" />
		<Point X = "198" Y = "308" T = "0" Pressure = "0" />
		<Point X = "200" Y = "311" T = "0" Pressure = "0" />
		<Point X = "202" Y = "313" T = "0" Pressure = "0" />
		<Point X = "203" Y = "314" T = "0" Pressure = "0" />
		<Point X = "208" Y = "317" T = "0" Pressure = "0" />
		<Point X = "211" Y = "318" T = "0" Pressure = "0" />
		<Point X = "216" Y = "321" T = "0" Pressure = "0" />
		<Point X = "221" Y = "326" T = "0" Pressure = "0" />
		<Point X = "225" Y = "328" T = "0" Pressure = "0" />
		<Point X = "234" Y = "331" T = "0" Pressure = "0" />
		<Point X = "240" Y = "333" T = "0" Pressure = "0" />
		<Point X = "247" Y = "334" T = "0" Pressure = "0" />
		<Point X = "254" Y = "334" T = "0" Pressure = "0" />
		<Point X = "259" Y = "334" T = "0" Pressure = "0" />
		<Point X = "265" Y = "334" T = "0" Pressure = "0" />
		<Point X = "269" Y = "334" T = "0" Pressure = "0" />
		<Point X = "273" Y = "334" T = "0" Pressure = "0" />
		<Point X = "276" Y = "334" T = "0" Pressure = "0" />
		<Point X = "278" Y = "334" T = "0" Pressure = "0" />
		<Point X = "281" Y = "332" T = "0" Pressure = "0" />
		<Point X = "284" Y = "332" T = "0" Pressure = "0" />
		<Point X = "289" Y = "332" T = "0" Pressure = "0" />
		<Point X = "294" Y = "332" T = "0" Pressure = "0" />
		<Point X = "298" Y = "332" T = "0" Pressure = "0" />
		<Point X = "304" Y = "332" T = "0" Pressure = "0" />
		<Point X = "308" Y = "332" T = "0" Pressure = "0" />
		<Point X = "311" Y = "332" T = "0" Pressure = "0" />
		<Point X = "314" Y = "332" T = "0" Pressure = "0" />
		<Point X = "316" Y = "331" T = "0" Pressure = "0" />
		<Point X = "318" Y = "330" T = "0" Pressure = "0" />
		<Point X = "320" Y = "329" T = "0" Pressure = "0" />
		<Point X = "321" Y = "329" T = "0" Pressure = "0" />
		<Point X = "323" Y = "327" T = "0" Pressure = "0" />
		<Point X = "325" Y = "325" T = "0" Pressure = "0" />
		<Point X = "326" Y = "323" T = "0" Pressure = "0" />
		<Point X = "327" Y = "320" T = "0" Pressure = "0" />
		<Point X = "329" Y = "316" T = "0" Pressure = "0" />
		<Point X = "329" Y = "311" T = "0" Pressure = "0" />
		<Point X = "330" Y = "308" T = "0" Pressure = "0" />
		<Point X = "330" Y = "304" T = "0" Pressure = "0" />
		<Point X = "330" Y = "300" T = "0" Pressure = "0" />
		<Point X = "330" Y = "297" T = "0" Pressure = "0" />
		<Point X = "329" Y = "293" T = "0" Pressure = "0" />
		<Point X = "328" Y = "291" T = "0" Pressure = "0" />
		<Point X = "326" Y = "287" T = "0" Pressure = "0" />
		<Point X = "325" Y = "285" T = "0" Pressure = "0" />
		<Point X = "323" Y = "284" T = "0" Pressure = "0" />
		<Point X = "321" Y = "282" T = "0" Pressure = "0" />
		<Point X = "320" Y = "280" T = "0" Pressure = "0" />
		<Point X = "317" Y = "279" T = "0" Pressure = "0" />
		<Point X = "314" Y = "277" T = "0" Pressure = "0" />
		<Point X = "312" Y = "275" T = "0" Pressure = "0" />
		<Point X = "310" Y = "275" T = "0" Pressure = "0" />
		<Point X = "308" Y = "273" T = "0" Pressure = "0" />
		<Point X = "307" Y = "272" T = "0" Pressure = "0" />
		<Point X = "305" Y = "272" T = "0" Pressure = "0" />
		<Point X = "302" Y = "270" T = "0" Pressure = "0" />
		<Point X = "301" Y = "270" T = "0" Pressure = "0" />
		<Point X = "299" Y = "269" T = "0" Pressure = "0" />
		<Point X = "296" Y = "269" T = "0" Pressure = "0" />
		<Point X = "294" Y = "269" T = "0" Pressure = "0" />
		<Point X = "290" Y = "267" T = "0" Pressure = "0" />
		<Point X = "288" Y = "267" T = "0" Pressure = "0" />
		<Point X = "286" Y = "267" T = "0" Pressure = "0" />
		<Point X = "284" Y = "267" T = "0" Pressure = "0" />
		<Point X = "283" Y = "267" T = "0" Pressure = "0" />
		<Point X = "281" Y = "267" T = "0" Pressure = "0" />
		<Point X = "279" Y = "267" T = "0" Pressure = "0" />
		<Point X = "276" Y = "267" T = "0" Pressure = "0" />
		<Point X = "274" Y = "267" T = "0" Pressure = "0" />
		<Point X = "270" Y = "269" T = "0" Pressure = "0" />
		<Point X = "268" Y = "269" T = "0" Pressure = "0" />
		<Point X = "265" Y = "269" T = "0" Pressure = "0" />
		<Point X = "264" Y = "270" T = "0" Pressure = "0" />
		<Point X = "262" Y = "271" T = "0" Pressure = "0" />
		<Point X = "260" Y = "272" T = "0" Pressure = "0" />
		<Point X = "258" Y = "273" T = "0" Pressure = "0" />
		<Point X = "257" Y = "273" T = "0" Pressure = "0" />
		<Point X = "257" Y = "274" T = "0" Pressure = "0" />
		<Point X = "255" Y = "274" T = "0" Pressure = "0" />
		<Point X = "254" Y = "275" T = "0" Pressure = "0" />
		<Point X = "253" Y = "276" T = "0" Pressure = "0" />
		<Point X = "251" Y = "278" T = "0" Pressure = "0" />
		<Point X = "250" Y = "281" T = "0" Pressure = "0" />
		<Point X = "249" Y = "284" T = "0" Pressure = "0" />
		<Point X = "249" Y = "287" T = "0" Pressure = "0" />
		<Point X = "248" Y = "289" T = "0" Pressure = "0" />
		<Point X = "248" Y = "291" T = "0" Pressure = "0" />
		<Point X = "248" Y = "294" T = "0" Pressure = "0" />
		<Point X = "248" Y = "296" T = "0" Pressure = "0" />
		<Point X = "248" Y = "297" T = "0" Pressure = "0" />
		<Point X = "248" Y = "298" T = "0" Pressure = "0" />
		<Point X = "248" Y = "301" T = "0" Pressure = "0" />
		<Point X = "248" Y = "302" T = "0" Pressure = "0" />
		<Point X = "248" Y = "303" T = "0" Pressure = "0" />
		<Point X = "248" Y = "304" T = "0" Pressure = "0" />
		<Point X = "250" Y = "306" T = "0" Pressure = "0" />
		<Point X = "251" Y = "306" T = "0" Pressure = "0" />
		<Point X = "253" Y = "308" T = "0" Pressure = "0" />
		<Point X = "254" Y = "309" T = "0" Pressure = "0" />
		<Point X = "257" Y = "309" T = "0" Pressure = "0" />
		<Point X = "261" Y = "312" T = "0" Pressure = "0" />
		<Point X = "262" Y = "313" T = "0" Pressure = "0" />
		<Point X = "264" Y = "313" T = "0" Pressure = "0" />
		<Point X = "266" Y = "313" T = "0" Pressure = "0" />
		<Point X = "268" Y = "314" T = "0" Pressure = "0" />
		<Point X = "269" Y = "314" T = "0" Pressure = "0" />
		<Point X = "271" Y = "314" T = "0" Pressure = "0" />
		<Point X = "273" Y = "314" T = "0" Pressure = "0" />
		<Point X = "275" Y = "314" T = "0" Pressure = "0" />
		<Point X = "277" Y = "314" T = "0" Pressure = "0" />
		<Point X = "278" Y = "314" T = "0" Pressure = "0" />
		<Point X = "280" Y = "314" T = "0" Pressure = "0" />
		<Point X = "281" Y = "313" T = "0" Pressure = "0" />
		<Point X = "282" Y = "312" T = "0" Pressure = "0" />
		<Point X = "283" Y = "311" T = "0" Pressure = "0" />
		<Point X = "284" Y = "310" T = "0" Pressure = "0" />
		<Point X = "286" Y = "308" T = "0" Pressure = "0" />
		<Point X = "286" Y = "306" T = "0" Pressure = "0" />
		<Point X = "286" Y = "305" T = "0" Pressure = "0" />
		<Point X = "286" Y = "304" T = "0" Pressure = "0" />
		<Point X = "286" Y = "302" T = "0" Pressure = "0" />
		<Point X = "286" Y = "300" T = "0" Pressure = "0" />
		<Point X = "286" Y = "299" T = "0" Pressure = "0" />
		<Point X = "286" Y = "298" T = "0" Pressure = "0" />
		<Point X = "286" Y = "297" T = "0" Pressure = "0" />
		<Point X = "286" Y = "296" T = "0" Pressure = "0" />
		<Point X = "286" Y = "295" T = "0" Pressure = "0" />
		<Point X = "285" Y = "294" T = "0" Pressure = "0" />
		<Point X = "283" Y = "294" T = "0" Pressure = "0" />
		<Point X = "283" Y = "293" T = "0" Pressure = "0" />
		<Point X = "282" Y = "293" T = "0" Pressure = "0" />
		<Point X = "280" Y = "293" T = "0" Pressure = "0" />
		<Point X = "279" Y = "293" T = "0" Pressure = "0" />
		<Point X = "278" Y = "293" T = "0" Pressure = "0" />
		<Point X = "277" Y = "293" T = "0" Pressure = "0" />
		<Point X = "276" Y = "293" T = "0" Pressure = "0" />
		<Point X = "274" Y = "293" T = "0" Pressure = "0" />
		<Point X = "274" Y = "294" T = "0" Pressure = "0" />
		<Point X = "274" Y = "295" T = "0" Pressure = "0" />
		<Point X = "273" Y = "296" T = "0" Pressure = "0" />
		<Point X = "273" Y = "298" T = "0" Pressure = "0" />
		<Point X = "273" Y = "299" T = "0" Pressure = "0" />
	</Stroke>
</Gesture>
