<?xml version="1.0" encoding="utf-8" standalone="yes"?>
<Gesture Name = "spiral">
	<Stroke>
		<Point X = "365" Y = "39" T = "0" Pressure = "0" />
		<Point X = "369" Y = "39" T = "0" Pressure = "0" />
		<Point X = "373" Y = "39" T = "0" Pressure = "0" />
		<Point X = "380" Y = "39" T = "0" Pressure = "0" />
		<Point X = "386" Y = "39" T = "0" Pressure = "0" />
		<Point X = "391" Y = "39" T = "0" Pressure = "0" />
		<Point X = "394" Y = "39" T = "0" Pressure = "0" />
		<Point X = "399" Y = "39" T = "0" Pressure = "0" />
		<Point X = "400" Y = "39" T = "0" Pressure = "0" />
		<Point X = "402" Y = "39" T = "0" Pressure = "0" />
		<Point X = "404" Y = "40" T = "0" Pressure = "0" />
		<Point X = "406" Y = "42" T = "0" Pressure = "0" />
		<Point X = "407" Y = "44" T = "0" Pressure = "0" />
		<Point X = "411" Y = "50" T = "0" Pressure = "0" />
		<Point X = "418" Y = "57" T = "0" Pressure = "0" />
		<Point X = "424" Y = "66" T = "0" Pressure = "0" />
		<Point X = "428" Y = "70" T = "0" Pressure = "0" />
		<Point X = "432" Y = "77" T = "0" Pressure = "0" />
		<Point X = "434" Y = "80" T = "0" Pressure = "0" />
		<Point X = "435" Y = "83" T = "0" Pressure = "0" />
		<Point X = "436" Y = "85" T = "0" Pressure = "0" />
		<Point X = "436" Y = "87" T = "0" Pressure = "0" />
		<Point X = "436" Y = "90" T = "0" Pressure = "0" />
		<Point X = "437" Y = "93" T = "0" Pressure = "0" />
		<Point X = "437" Y = "97" T = "0" Pressure = "0" />
		<Point X = "437" Y = "100" T = "0" Pressure = "0" />
		<Point X = "437" Y = "106" T = "0" Pressure = "0" />
		<Point X = "437" Y = "113" T = "0" Pressure = "0" />
		<Point X = "437" Y = "121" T = "0" Pressure = "0" />
		<Point X = "437" Y = "131" T = "0" Pressure = "0" />
		<Point X = "436" Y = "139" T = "0" Pressure = "0" />
		<Point X = "435" Y = "145" T = "0" Pressure = "0" />
		<Point X = "433" Y = "152" T = "0" Pressure = "0" />
		<Point X = "430" Y = "157" T = "0" Pressure = "0" />
		<Point X = "429" Y = "159" T = "0" Pressure = "0" />
		<Point X = "428" Y = "162" T = "0" Pressure = "0" />
		<Point X = "426" Y = "165" T = "0" Pressure = "0" />
		<Point X = "424" Y = "167" T = "0" Pressure = "0" />
		<Point X = "423" Y = "170" T = "0" Pressure = "0" />
		<Point X = "422" Y = "170" T = "0" Pressure = "0" />
		<Point X = "421" Y = "172" T = "0" Pressure = "0" />
		<Point X = "419" Y = "174" T = "0" Pressure = "0" />
		<Point X = "417" Y = "175" T = "0" Pressure = "0" />
		<Point X = "414" Y = "177" T = "0" Pressure = "0" />
		<Point X = "411" Y = "178" T = "0" Pressure = "0" />
		<Point X = "406" Y = "180" T = "0" Pressure = "0" />
		<Point X = "403" Y = "180" T = "0" Pressure = "0" />
		<Point X = "399" Y = "180" T = "0" Pressure = "0" />
		<Point X = "395" Y = "180" T = "0" Pressure = "0" />
		<Point X = "389" Y = "180" T = "0" Pressure = "0" />
		<Point X = "382" Y = "180" T = "0" Pressure = "0" />
		<Point X = "375" Y = "179" T = "0" Pressure = "0" />
		<Point X = "369" Y = "178" T = "0" Pressure = "0" />
		<Point X = "365" Y = "177" T = "0" Pressure = "0" />
		<Point X = "361" Y = "175" T = "0" Pressure = "0" />
		<Point X = "360" Y = "174" T = "0" Pressure = "0" />
		<Point X = "358" Y = "174" T = "0" Pressure = "0" />
		<Point X = "356" Y = "173" T = "0" Pressure = "0" />
		<Point X = "354" Y = "172" T = "0" Pressure = "0" />
		<Point X = "352" Y = "171" T = "0" Pressure = "0" />
		<Point X = "348" Y = "168" T = "0" Pressure = "0" />
		<Point X = "346" Y = "166" T = "0" Pressure = "0" />
		<Point X = "343" Y = "163" T = "0" Pressure = "0" />
		<Point X = "341" Y = "159" T = "0" Pressure = "0" />
		<Point X = "337" Y = "154" T = "0" Pressure = "0" />
		<Point X = "334" Y = "149" T = "0" Pressure = "0" />
		<Point X = "332" Y = "145" T = "0" Pressure = "0" />
		<Point X = "331" Y = "140" T = "0" Pressure = "0" />
		<Point X = "329" Y = "134" T = "0" Pressure = "0" />
		<Point X = "329" Y = "126" T = "0" Pressure = "0" />
		<Point X = "327" Y = "122" T = "0" Pressure = "0" />
		<Point X = "326" Y = "115" T = "0" Pressure = "0" />
		<Point X = "326" Y = "108" T = "0" Pressure = "0" />
		<Point X = "326" Y = "102" T = "0" Pressure = "0" />
		<Point X = "326" Y = "98" T = "0" Pressure = "0" />
		<Point X = "326" Y = "94" T = "0" Pressure = "0" />
		<Point X = "326" Y = "91" T = "0" Pressure = "0" />
		<Point X = "326" Y = "89" T = "0" Pressure = "0" />
		<Point X = "327" Y = "86" T = "0" Pressure = "0" />
		<Point X = "329" Y = "83" T = "0" Pressure = "0" />
		<Point X = "330" Y = "82" T = "0" Pressure = "0" />
		<Point X = "331" Y = "80" T = "0" Pressure = "0" />
		<Point X = "334" Y = "77" T = "0" Pressure = "0" />
		<Point X = "335" Y = "75" T = "0" Pressure = "0" />
		<Point X = "338" Y = "74" T = "0" Pressure = "0" />
		<Point X = "342" Y = "71" T = "0" Pressure = "0" />
		<Point X = "347" Y = "68" T = "0" Pressure = "0" />
		<Point X = "352" Y = "65" T = "0" Pressure = "0" />
		<Point X = "355" Y = "64" T = "0" Pressure = "0" />
		<Point X = "358" Y = "64" T = "0" Pressure = "0" />
		<Point X = "361" Y = "63" T = "0" Pressure = "0" />
		<Point X = "363" Y = "62" T = "0" Pressure = "0" />
		<Point X = "364" Y = "62" T = "0" Pressure = "0" />
		<Point X = "365" Y = "62" T = "0" Pressure = "0" />
		<Point X = "366" Y = "62" T = "0" Pressure = "0" />
		<Point X = "368" Y = "62" T = "0" Pressure = "0" />
		<Point X = "371" Y = "63" T = "0" Pressure = "0" />
		<Point X = "374" Y = "65" T = "0" Pressure = "0" />
		<Point X = "379" Y = "68" T = "0" Pressure = "0" />
		<Point X = "384" Y = "73" T = "0" Pressure = "0" />
		<Point X = "389" Y = "77" T = "0" Pressure = "0" />
		<Point X = "393" Y = "82" T = "0" Pressure = "0" />
		<Point X = "395" Y = "85" T = "0" Pressure = "0" />
		<Point X = "397" Y = "88" T = "0" Pressure = "0" />
		<Point X = "399" Y = "90" T = "0" Pressure = "0" />
		<Point X = "399" Y = "92" T = "0" Pressure = "0" />
		<Point X = "401" Y = "94" T = "0" Pressure = "0" />
		<Point X = "402" Y = "97" T = "0" Pressure = "0" />
		<Point X = "402" Y = "100" T = "0" Pressure = "0" />
		<Point X = "403" Y = "103" T = "0" Pressure = "0" />
		<Point X = "405" Y = "106" T = "0" Pressure = "0" />
		<Point X = "405" Y = "108" T = "0" Pressure = "0" />
		<Point X = "405" Y = "111" T = "0" Pressure = "0" />
		<Point X = "405" Y = "112" T = "0" Pressure = "0" />
		<Point X = "405" Y = "114" T = "0" Pressure = "0" />
		<Point X = "404" Y = "117" T = "0" Pressure = "0" />
		<Point X = "403" Y = "118" T = "0" Pressure = "0" />
		<Point X = "401" Y = "121" T = "0" Pressure = "0" />
		<Point X = "399" Y = "124" T = "0" Pressure = "0" />
		<Point X = "396" Y = "126" T = "0" Pressure = "0" />
		<Point X = "395" Y = "128" T = "0" Pressure = "0" />
		<Point X = "394" Y = "129" T = "0" Pressure = "0" />
		<Point X = "391" Y = "131" T = "0" Pressure = "0" />
		<Point X = "389" Y = "133" T = "0" Pressure = "0" />
		<Point X = "388" Y = "134" T = "0" Pressure = "0" />
		<Point X = "386" Y = "134" T = "0" Pressure = "0" />
		<Point X = "386" Y = "135" T = "0" Pressure = "0" />
		<Point X = "384" Y = "136" T = "0" Pressure = "0" />
		<Point X = "383" Y = "136" T = "0" Pressure = "0" />
		<Point X = "382" Y = "136" T = "0" Pressure = "0" />
		<Point X = "380" Y = "136" T = "0" Pressure = "0" />
		<Point X = "379" Y = "136" T = "0" Pressure = "0" />
		<Point X = "377" Y = "136" T = "0" Pressure = "0" />
		<Point X = "375" Y = "136" T = "0" Pressure = "0" />
		<Point X = "373" Y = "136" T = "0" Pressure = "0" />
		<Point X = "372" Y = "136" T = "0" Pressure = "0" />
		<Point X = "369" Y = "136" T = "0" Pressure = "0" />
		<Point X = "368" Y = "136" T = "0" Pressure = "0" />
		<Point X = "368" Y = "135" T = "0" Pressure = "0" />
		<Point X = "368" Y = "134" T = "0" Pressure = "0" />
		<Point X = "368" Y = "132" T = "0" Pressure = "0" />
		<Point X = "368" Y = "131" T = "0" Pressure = "0" />
		<Point X = "367" Y = "127" T = "0" Pressure = "0" />
		<Point X = "366" Y = "125" T = "0" Pressure = "0" />
		<Point X = "365" Y = "123" T = "0" Pressure = "0" />
		<Point X = "365" Y = "119" T = "0" Pressure = "0" />
		<Point X = "365" Y = "116" T = "0" Pressure = "0" />
		<Point X = "365" Y = "113" T = "0" Pressure = "0" />
		<Point X = "365" Y = "110" T = "0" Pressure = "0" />
		<Point X = "365" Y = "108" T = "0" Pressure = "0" />
		<Point X = "365" Y = "105" T = "0" Pressure = "0" />
		<Point X = "365" Y = "102" T = "0" Pressure = "0" />
		<Point X = "365" Y = "97" T = "0" Pressure = "0" />
		<Point X = "365" Y = "96" T = "0" Pressure = "0" />
		<Point X = "365" Y = "94" T = "0" Pressure = "0" />
		<Point X = "365" Y = "93" T = "0" Pressure = "0" />
		<Point X = "365" Y = "92" T = "0" Pressure = "0" />
		<Point X = "367" Y = "92" T = "0" Pressure = "0" />
		<Point X = "369" Y = "92" T = "0" Pressure = "0" />
		<Point X = "371" Y = "92" T = "0" Pressure = "0" />
		<Point X = "372" Y = "92" T = "0" Pressure = "0" />
		<Point X = "373" Y = "92" T = "0" Pressure = "0" />
		<Point X = "375" Y = "94" T = "0" Pressure = "0" />
		<Point X = "376" Y = "95" T = "0" Pressure = "0" />
		<Point X = "378" Y = "96" T = "0" Pressure = "0" />
		<Point X = "380" Y = "98" T = "0" Pressure = "0" />
		<Point X = "382" Y = "99" T = "0" Pressure = "0" />
		<Point X = "383" Y = "100" T = "0" Pressure = "0" />
		<Point X = "384" Y = "100" T = "0" Pressure = "0" />
		<Point X = "385" Y = "101" T = "0" Pressure = "0" />
		<Point X = "385" Y = "102" T = "0" Pressure = "0" />
		<Point X = "385" Y = "103" T = "0" Pressure = "0" />
		<Point X = "385" Y = "104" T = "0" Pressure = "0" />
		<Point X = "385" Y = "105" T = "0" Pressure = "0" />
		<Point X = "385" Y = "106" T = "0" Pressure = "0" />
		<Point X = "384" Y = "107" T = "0" Pressure = "0" />
		<Point X = "384" Y = "108" T = "0" Pressure = "0" />
		<Point X = "382" Y = "110" T = "0" Pressure = "0" />
	</Stroke>
</Gesture>
