<?xml version="1.0" encoding="utf-8" standalone="yes"?>
<Gesture Name = "spiral">
	<Stroke>
		<Point X = "297" Y = "132" T = "0" Pressure = "0" />
		<Point X = "298" Y = "131" T = "0" Pressure = "0" />
		<Point X = "300" Y = "131" T = "0" Pressure = "0" />
		<Point X = "303" Y = "131" T = "0" Pressure = "0" />
		<Point X = "306" Y = "131" T = "0" Pressure = "0" />
		<Point X = "310" Y = "131" T = "0" Pressure = "0" />
		<Point X = "314" Y = "131" T = "0" Pressure = "0" />
		<Point X = "319" Y = "131" T = "0" Pressure = "0" />
		<Point X = "320" Y = "131" T = "0" Pressure = "0" />
		<Point X = "324" Y = "131" T = "0" Pressure = "0" />
		<Point X = "328" Y = "131" T = "0" Pressure = "0" />
		<Point X = "335" Y = "131" T = "0" Pressure = "0" />
		<Point X = "341" Y = "131" T = "0" Pressure = "0" />
		<Point X = "347" Y = "133" T = "0" Pressure = "0" />
		<Point X = "353" Y = "137" T = "0" Pressure = "0" />
		<Point X = "356" Y = "138" T = "0" Pressure = "0" />
		<Point X = "362" Y = "141" T = "0" Pressure = "0" />
		<Point X = "364" Y = "141" T = "0" Pressure = "0" />
		<Point X = "366" Y = "142" T = "0" Pressure = "0" />
		<Point X = "369" Y = "144" T = "0" Pressure = "0" />
		<Point X = "370" Y = "145" T = "0" Pressure = "0" />
		<Point X = "373" Y = "146" T = "0" Pressure = "0" />
		<Point X = "374" Y = "147" T = "0" Pressure = "0" />
		<Point X = "376" Y = "150" T = "0" Pressure = "0" />
		<Point X = "378" Y = "152" T = "0" Pressure = "0" />
		<Point X = "380" Y = "154" T = "0" Pressure = "0" />
		<Point X = "382" Y = "157" T = "0" Pressure = "0" />
		<Point X = "384" Y = "160" T = "0" Pressure = "0" />
		<Point X = "386" Y = "162" T = "0" Pressure = "0" />
		<Point X = "388" Y = "166" T = "0" Pressure = "0" />
		<Point X = "389" Y = "170" T = "0" Pressure = "0" />
		<Point X = "389" Y = "176" T = "0" Pressure = "0" />
		<Point X = "390" Y = "183" T = "0" Pressure = "0" />
		<Point X = "392" Y = "189" T = "0" Pressure = "0" />
		<Point X = "392" Y = "194" T = "0" Pressure = "0" />
		<Point X = "392" Y = "201" T = "0" Pressure = "0" />
		<Point X = "392" Y = "209" T = "0" Pressure = "0" />
		<Point X = "391" Y = "219" T = "0" Pressure = "0" />
		<Point X = "388" Y = "229" T = "0" Pressure = "0" />
		<Point X = "385" Y = "236" T = "0" Pressure = "0" />
		<Point X = "380" Y = "246" T = "0" Pressure = "0" />
		<Point X = "378" Y = "252" T = "0" Pressure = "0" />
		<Point X = "376" Y = "256" T = "0" Pressure = "0" />
		<Point X = "373" Y = "262" T = "0" Pressure = "0" />
		<Point X = "370" Y = "264" T = "0" Pressure = "0" />
		<Point X = "369" Y = "266" T = "0" Pressure = "0" />
		<Point X = "367" Y = "268" T = "0" Pressure = "0" />
		<Point X = "365" Y = "269" T = "0" Pressure = "0" />
		<Point X = "364" Y = "269" T = "0" Pressure = "0" />
		<Point X = "361" Y = "269" T = "0" Pressure = "0" />
		<Point X = "358" Y = "269" T = "0" Pressure = "0" />
		<Point X = "354" Y = "269" T = "0" Pressure = "0" />
		<Point X = "350" Y = "269" T = "0" Pressure = "0" />
		<Point X = "348" Y = "269" T = "0" Pressure = "0" />
		<Point X = "344" Y = "269" T = "0" Pressure = "0" />
		<Point X = "341" Y = "269" T = "0" Pressure = "0" />
		<Point X = "336" Y = "269" T = "0" Pressure = "0" />
		<Point X = "329" Y = "268" T = "0" Pressure = "0" />
		<Point X = "326" Y = "267" T = "0" Pressure = "0" />
		<Point X = "322" Y = "267" T = "0" Pressure = "0" />
		<Point X = "319" Y = "267" T = "0" Pressure = "0" />
		<Point X = "317" Y = "267" T = "0" Pressure = "0" />
		<Point X = "315" Y = "267" T = "0" Pressure = "0" />
		<Point X = "313" Y = "267" T = "0" Pressure = "0" />
		<Point X = "312" Y = "267" T = "0" Pressure = "0" />
		<Point X = "312" Y = "266" T = "0" Pressure = "0" />
		<Point X = "311" Y = "265" T = "0" Pressure = "0" />
		<Point X = "308" Y = "261" T = "0" Pressure = "0" />
		<Point X = "307" Y = "256" T = "0" Pressure = "0" />
		<Point X = "306" Y = "252" T = "0" Pressure = "0" />
		<Point X = "305" Y = "247" T = "0" Pressure = "0" />
		<Point X = "304" Y = "244" T = "0" Pressure = "0" />
		<Point X = "304" Y = "240" T = "0" Pressure = "0" />
		<Point X = "304" Y = "238" T = "0" Pressure = "0" />
		<Point X = "303" Y = "235" T = "0" Pressure = "0" />
		<Point X = "303" Y = "231" T = "0" Pressure = "0" />
		<Point X = "302" Y = "225" T = "0" Pressure = "0" />
		<Point X = "301" Y = "221" T = "0" Pressure = "0" />
		<Point X = "300" Y = "216" T = "0" Pressure = "0" />
		<Point X = "298" Y = "212" T = "0" Pressure = "0" />
		<Point X = "298" Y = "208" T = "0" Pressure = "0" />
		<Point X = "298" Y = "203" T = "0" Pressure = "0" />
		<Point X = "298" Y = "200" T = "0" Pressure = "0" />
		<Point X = "298" Y = "196" T = "0" Pressure = "0" />
		<Point X = "298" Y = "193" T = "0" Pressure = "0" />
		<Point X = "298" Y = "191" T = "0" Pressure = "0" />
		<Point X = "298" Y = "187" T = "0" Pressure = "0" />
		<Point X = "298" Y = "182" T = "0" Pressure = "0" />
		<Point X = "298" Y = "179" T = "0" Pressure = "0" />
		<Point X = "298" Y = "176" T = "0" Pressure = "0" />
		<Point X = "298" Y = "172" T = "0" Pressure = "0" />
		<Point X = "299" Y = "169" T = "0" Pressure = "0" />
		<Point X = "300" Y = "167" T = "0" Pressure = "0" />
		<Point X = "300" Y = "165" T = "0" Pressure = "0" />
		<Point X = "301" Y = "164" T = "0" Pressure = "0" />
		<Point X = "301" Y = "162" T = "0" Pressure = "0" />
		<Point X = "303" Y = "160" T = "0" Pressure = "0" />
		<Point X = "303" Y = "159" T = "0" Pressure = "0" />
		<Point X = "304" Y = "159" T = "0" Pressure = "0" />
		<Point X = "306" Y = "159" T = "0" Pressure = "0" />
		<Point X = "309" Y = "159" T = "0" Pressure = "0" />
		<Point X = "311" Y = "159" T = "0" Pressure = "0" />
		<Point X = "313" Y = "159" T = "0" Pressure = "0" />
		<Point X = "315" Y = "159" T = "0" Pressure = "0" />
		<Point X = "318" Y = "159" T = "0" Pressure = "0" />
		<Point X = "320" Y = "159" T = "0" Pressure = "0" />
		<Point X = "322" Y = "159" T = "0" Pressure = "0" />
		<Point X = "324" Y = "159" T = "0" Pressure = "0" />
		<Point X = "326" Y = "159" T = "0" Pressure = "0" />
		<Point X = "328" Y = "159" T = "0" Pressure = "0" />
		<Point X = "329" Y = "159" T = "0" Pressure = "0" />
		<Point X = "330" Y = "159" T = "0" Pressure = "0" />
		<Point X = "331" Y = "159" T = "0" Pressure = "0" />
		<Point X = "332" Y = "159" T = "0" Pressure = "0" />
		<Point X = "334" Y = "159" T = "0" Pressure = "0" />
		<Point X = "339" Y = "161" T = "0" Pressure = "0" />
		<Point X = "341" Y = "162" T = "0" Pressure = "0" />
		<Point X = "345" Y = "164" T = "0" Pressure = "0" />
		<Point X = "347" Y = "165" T = "0" Pressure = "0" />
		<Point X = "350" Y = "167" T = "0" Pressure = "0" />
		<Point X = "352" Y = "169" T = "0" Pressure = "0" />
		<Point X = "354" Y = "171" T = "0" Pressure = "0" />
		<Point X = "355" Y = "174" T = "0" Pressure = "0" />
		<Point X = "356" Y = "176" T = "0" Pressure = "0" />
		<Point X = "356" Y = "179" T = "0" Pressure = "0" />
		<Point X = "357" Y = "180" T = "0" Pressure = "0" />
		<Point X = "357" Y = "183" T = "0" Pressure = "0" />
		<Point X = "358" Y = "185" T = "0" Pressure = "0" />
		<Point X = "359" Y = "187" T = "0" Pressure = "0" />
		<Point X = "359" Y = "190" T = "0" Pressure = "0" />
		<Point X = "359" Y = "194" T = "0" Pressure = "0" />
		<Point X = "359" Y = "196" T = "0" Pressure = "0" />
		<Point X = "359" Y = "200" T = "0" Pressure = "0" />
		<Point X = "359" Y = "204" T = "0" Pressure = "0" />
		<Point X = "359" Y = "208" T = "0" Pressure = "0" />
		<Point X = "359" Y = "212" T = "0" Pressure = "0" />
		<Point X = "359" Y = "216" T = "0" Pressure = "0" />
		<Point X = "358" Y = "221" T = "0" Pressure = "0" />
		<Point X = "357" Y = "226" T = "0" Pressure = "0" />
		<Point X = "356" Y = "229" T = "0" Pressure = "0" />
		<Point X = "354" Y = "233" T = "0" Pressure = "0" />
		<Point X = "352" Y = "235" T = "0" Pressure = "0" />
		<Point X = "351" Y = "238" T = "0" Pressure = "0" />
		<Point X = "349" Y = "239" T = "0" Pressure = "0" />
		<Point X = "348" Y = "241" T = "0" Pressure = "0" />
		<Point X = "347" Y = "241" T = "0" Pressure = "0" />
		<Point X = "346" Y = "241" T = "0" Pressure = "0" />
		<Point X = "344" Y = "241" T = "0" Pressure = "0" />
		<Point X = "343" Y = "241" T = "0" Pressure = "0" />
		<Point X = "339" Y = "241" T = "0" Pressure = "0" />
		<Point X = "336" Y = "240" T = "0" Pressure = "0" />
		<Point X = "335" Y = "239" T = "0" Pressure = "0" />
		<Point X = "333" Y = "239" T = "0" Pressure = "0" />
		<Point X = "333" Y = "238" T = "0" Pressure = "0" />
		<Point X = "332" Y = "237" T = "0" Pressure = "0" />
		<Point X = "331" Y = "235" T = "0" Pressure = "0" />
		<Point X = "330" Y = "234" T = "0" Pressure = "0" />
		<Point X = "329" Y = "233" T = "0" Pressure = "0" />
		<Point X = "328" Y = "231" T = "0" Pressure = "0" />
		<Point X = "326" Y = "228" T = "0" Pressure = "0" />
		<Point X = "326" Y = "227" T = "0" Pressure = "0" />
		<Point X = "325" Y = "226" T = "0" Pressure = "0" />
		<Point X = "324" Y = "224" T = "0" Pressure = "0" />
		<Point X = "322" Y = "220" T = "0" Pressure = "0" />
		<Point X = "322" Y = "219" T = "0" Pressure = "0" />
		<Point X = "321" Y = "217" T = "0" Pressure = "0" />
		<Point X = "321" Y = "214" T = "0" Pressure = "0" />
		<Point X = "321" Y = "213" T = "0" Pressure = "0" />
		<Point X = "321" Y = "211" T = "0" Pressure = "0" />
		<Point X = "321" Y = "210" T = "0" Pressure = "0" />
		<Point X = "321" Y = "208" T = "0" Pressure = "0" />
		<Point X = "321" Y = "206" T = "0" Pressure = "0" />
		<Point X = "321" Y = "205" T = "0" Pressure = "0" />
		<Point X = "323" Y = "204" T = "0" Pressure = "0" />
		<Point X = "323" Y = "203" T = "0" Pressure = "0" />
		<Point X = "325" Y = "202" T = "0" Pressure = "0" />
		<Point X = "325" Y = "201" T = "0" Pressure = "0" />
		<Point X = "326" Y = "201" T = "0" Pressure = "0" />
		<Point X = "326" Y = "200" T = "0" Pressure = "0" />
		<Point X = "327" Y = "200" T = "0" Pressure = "0" />
		<Point X = "328" Y = "200" T = "0" Pressure = "0" />
		<Point X = "329" Y = "200" T = "0" Pressure = "0" />
		<Point X = "330" Y = "200" T = "0" Pressure = "0" />
		<Point X = "331" Y = "201" T = "0" Pressure = "0" />
		<Point X = "332" Y = "202" T = "0" Pressure = "0" />
		<Point X = "333" Y = "202" T = "0" Pressure = "0" />
		<Point X = "334" Y = "202" T = "0" Pressure = "0" />
		<Point X = "334" Y = "203" T = "0" Pressure = "0" />
		<Point X = "335" Y = "204" T = "0" Pressure = "0" />
		<Point X = "335" Y = "206" T = "0" Pressure = "0" />
		<Point X = "335" Y = "207" T = "0" Pressure = "0" />
		<Point X = "336" Y = "210" T = "0" Pressure = "0" />
		<Point X = "336" Y = "211" T = "0" Pressure = "0" />
		<Point X = "336" Y = "212" T = "0" Pressure = "0" />
		<Point X = "336" Y = "214" T = "0" Pressure = "0" />
	</Stroke>
</Gesture>
