<?xml version="1.0" encoding="utf-8" standalone="yes"?>
<Gesture Name = "spiral">
	<Stroke>
		<Point X = "332" Y = "152" T = "0" Pressure = "0" />
		<Point X = "332" Y = "154" T = "0" Pressure = "0" />
		<Point X = "333" Y = "157" T = "0" Pressure = "0" />
		<Point X = "335" Y = "160" T = "0" Pressure = "0" />
		<Point X = "335" Y = "163" T = "0" Pressure = "0" />
		<Point X = "335" Y = "166" T = "0" Pressure = "0" />
		<Point X = "335" Y = "169" T = "0" Pressure = "0" />
		<Point X = "335" Y = "172" T = "0" Pressure = "0" />
		<Point X = "335" Y = "174" T = "0" Pressure = "0" />
		<Point X = "335" Y = "177" T = "0" Pressure = "0" />
		<Point X = "334" Y = "181" T = "0" Pressure = "0" />
		<Point X = "333" Y = "185" T = "0" Pressure = "0" />
		<Point X = "333" Y = "188" T = "0" Pressure = "0" />
		<Point X = "330" Y = "194" T = "0" Pressure = "0" />
		<Point X = "330" Y = "197" T = "0" Pressure = "0" />
		<Point X = "329" Y = "199" T = "0" Pressure = "0" />
		<Point X = "327" Y = "204" T = "0" Pressure = "0" />
		<Point X = "326" Y = "208" T = "0" Pressure = "0" />
		<Point X = "325" Y = "211" T = "0" Pressure = "0" />
		<Point X = "323" Y = "213" T = "0" Pressure = "0" />
		<Point X = "321" Y = "216" T = "0" Pressure = "0" />
		<Point X = "321" Y = "219" T = "0" Pressure = "0" />
		<Point X = "318" Y = "222" T = "0" Pressure = "0" />
		<Point X = "316" Y = "226" T = "0" Pressure = "0" />
		<Point X = "315" Y = "228" T = "0" Pressure = "0" />
		<Point X = "313" Y = "230" T = "0" Pressure = "0" />
		<Point X = "311" Y = "233" T = "0" Pressure = "0" />
		<Point X = "309" Y = "235" T = "0" Pressure = "0" />
		<Point X = "307" Y = "237" T = "0" Pressure = "0" />
		<Point X = "305" Y = "240" T = "0" Pressure = "0" />
		<Point X = "301" Y = "242" T = "0" Pressure = "0" />
		<Point X = "299" Y = "245" T = "0" Pressure = "0" />
		<Point X = "295" Y = "247" T = "0" Pressure = "0" />
		<Point X = "292" Y = "250" T = "0" Pressure = "0" />
		<Point X = "288" Y = "253" T = "0" Pressure = "0" />
		<Point X = "285" Y = "254" T = "0" Pressure = "0" />
		<Point X = "280" Y = "255" T = "0" Pressure = "0" />
		<Point X = "276" Y = "257" T = "0" Pressure = "0" />
		<Point X = "271" Y = "259" T = "0" Pressure = "0" />
		<Point X = "268" Y = "261" T = "0" Pressure = "0" />
		<Point X = "264" Y = "262" T = "0" Pressure = "0" />
		<Point X = "262" Y = "262" T = "0" Pressure = "0" />
		<Point X = "257" Y = "264" T = "0" Pressure = "0" />
		<Point X = "255" Y = "265" T = "0" Pressure = "0" />
		<Point X = "252" Y = "265" T = "0" Pressure = "0" />
		<Point X = "251" Y = "265" T = "0" Pressure = "0" />
		<Point X = "249" Y = "266" T = "0" Pressure = "0" />
		<Point X = "247" Y = "266" T = "0" Pressure = "0" />
		<Point X = "244" Y = "266" T = "0" Pressure = "0" />
		<Point X = "239" Y = "266" T = "0" Pressure = "0" />
		<Point X = "236" Y = "266" T = "0" Pressure = "0" />
		<Point X = "231" Y = "265" T = "0" Pressure = "0" />
		<Point X = "226" Y = "263" T = "0" Pressure = "0" />
		<Point X = "222" Y = "260" T = "0" Pressure = "0" />
		<Point X = "218" Y = "258" T = "0" Pressure = "0" />
		<Point X = "217" Y = "257" T = "0" Pressure = "0" />
		<Point X = "216" Y = "255" T = "0" Pressure = "0" />
		<Point X = "214" Y = "251" T = "0" Pressure = "0" />
		<Point X = "212" Y = "249" T = "0" Pressure = "0" />
		<Point X = "210" Y = "247" T = "0" Pressure = "0" />
		<Point X = "209" Y = "243" T = "0" Pressure = "0" />
		<Point X = "208" Y = "243" T = "0" Pressure = "0" />
		<Point X = "206" Y = "239" T = "0" Pressure = "0" />
		<Point X = "203" Y = "233" T = "0" Pressure = "0" />
		<Point X = "201" Y = "230" T = "0" Pressure = "0" />
		<Point X = "199" Y = "222" T = "0" Pressure = "0" />
		<Point X = "196" Y = "216" T = "0" Pressure = "0" />
		<Point X = "195" Y = "212" T = "0" Pressure = "0" />
		<Point X = "194" Y = "207" T = "0" Pressure = "0" />
		<Point X = "194" Y = "203" T = "0" Pressure = "0" />
		<Point X = "193" Y = "199" T = "0" Pressure = "0" />
		<Point X = "193" Y = "197" T = "0" Pressure = "0" />
		<Point X = "193" Y = "195" T = "0" Pressure = "0" />
		<Point X = "193" Y = "194" T = "0" Pressure = "0" />
		<Point X = "193" Y = "192" T = "0" Pressure = "0" />
		<Point X = "193" Y = "190" T = "0" Pressure = "0" />
		<Point X = "194" Y = "188" T = "0" Pressure = "0" />
		<Point X = "195" Y = "187" T = "0" Pressure = "0" />
		<Point X = "196" Y = "186" T = "0" Pressure = "0" />
		<Point X = "197" Y = "184" T = "0" Pressure = "0" />
		<Point X = "199" Y = "182" T = "0" Pressure = "0" />
		<Point X = "201" Y = "180" T = "0" Pressure = "0" />
		<Point X = "203" Y = "177" T = "0" Pressure = "0" />
		<Point X = "205" Y = "176" T = "0" Pressure = "0" />
		<Point X = "207" Y = "174" T = "0" Pressure = "0" />
		<Point X = "209" Y = "173" T = "0" Pressure = "0" />
		<Point X = "211" Y = "172" T = "0" Pressure = "0" />
		<Point X = "214" Y = "170" T = "0" Pressure = "0" />
		<Point X = "217" Y = "169" T = "0" Pressure = "0" />
		<Point X = "220" Y = "168" T = "0" Pressure = "0" />
		<Point X = "222" Y = "167" T = "0" Pressure = "0" />
		<Point X = "225" Y = "167" T = "0" Pressure = "0" />
		<Point X = "226" Y = "166" T = "0" Pressure = "0" />
		<Point X = "229" Y = "165" T = "0" Pressure = "0" />
		<Point X = "232" Y = "164" T = "0" Pressure = "0" />
		<Point X = "233" Y = "164" T = "0" Pressure = "0" />
		<Point X = "234" Y = "164" T = "0" Pressure = "0" />
		<Point X = "236" Y = "162" T = "0" Pressure = "0" />
		<Point X = "237" Y = "162" T = "0" Pressure = "0" />
		<Point X = "238" Y = "162" T = "0" Pressure = "0" />
		<Point X = "240" Y = "162" T = "0" Pressure = "0" />
		<Point X = "242" Y = "162" T = "0" Pressure = "0" />
		<Point X = "244" Y = "162" T = "0" Pressure = "0" />
		<Point X = "245" Y = "162" T = "0" Pressure = "0" />
		<Point X = "246" Y = "162" T = "0" Pressure = "0" />
		<Point X = "248" Y = "162" T = "0" Pressure = "0" />
		<Point X = "250" Y = "162" T = "0" Pressure = "0" />
		<Point X = "252" Y = "162" T = "0" Pressure = "0" />
		<Point X = "253" Y = "162" T = "0" Pressure = "0" />
		<Point X = "255" Y = "162" T = "0" Pressure = "0" />
		<Point X = "257" Y = "164" T = "0" Pressure = "0" />
		<Point X = "259" Y = "167" T = "0" Pressure = "0" />
		<Point X = "261" Y = "169" T = "0" Pressure = "0" />
		<Point X = "265" Y = "174" T = "0" Pressure = "0" />
		<Point X = "266" Y = "178" T = "0" Pressure = "0" />
		<Point X = "269" Y = "183" T = "0" Pressure = "0" />
		<Point X = "271" Y = "185" T = "0" Pressure = "0" />
		<Point X = "271" Y = "187" T = "0" Pressure = "0" />
		<Point X = "272" Y = "188" T = "0" Pressure = "0" />
		<Point X = "273" Y = "190" T = "0" Pressure = "0" />
		<Point X = "274" Y = "191" T = "0" Pressure = "0" />
		<Point X = "274" Y = "193" T = "0" Pressure = "0" />
		<Point X = "274" Y = "194" T = "0" Pressure = "0" />
		<Point X = "274" Y = "195" T = "0" Pressure = "0" />
		<Point X = "274" Y = "196" T = "0" Pressure = "0" />
		<Point X = "274" Y = "197" T = "0" Pressure = "0" />
		<Point X = "274" Y = "198" T = "0" Pressure = "0" />
		<Point X = "274" Y = "201" T = "0" Pressure = "0" />
		<Point X = "274" Y = "202" T = "0" Pressure = "0" />
		<Point X = "274" Y = "204" T = "0" Pressure = "0" />
		<Point X = "274" Y = "207" T = "0" Pressure = "0" />
		<Point X = "274" Y = "209" T = "0" Pressure = "0" />
		<Point X = "274" Y = "212" T = "0" Pressure = "0" />
		<Point X = "273" Y = "214" T = "0" Pressure = "0" />
		<Point X = "272" Y = "216" T = "0" Pressure = "0" />
		<Point X = "272" Y = "218" T = "0" Pressure = "0" />
		<Point X = "271" Y = "219" T = "0" Pressure = "0" />
		<Point X = "270" Y = "220" T = "0" Pressure = "0" />
		<Point X = "269" Y = "221" T = "0" Pressure = "0" />
		<Point X = "268" Y = "222" T = "0" Pressure = "0" />
		<Point X = "267" Y = "223" T = "0" Pressure = "0" />
		<Point X = "266" Y = "224" T = "0" Pressure = "0" />
		<Point X = "264" Y = "225" T = "0" Pressure = "0" />
		<Point X = "264" Y = "226" T = "0" Pressure = "0" />
		<Point X = "263" Y = "226" T = "0" Pressure = "0" />
		<Point X = "261" Y = "226" T = "0" Pressure = "0" />
		<Point X = "260" Y = "226" T = "0" Pressure = "0" />
		<Point X = "258" Y = "226" T = "0" Pressure = "0" />
		<Point X = "257" Y = "226" T = "0" Pressure = "0" />
		<Point X = "256" Y = "226" T = "0" Pressure = "0" />
		<Point X = "255" Y = "226" T = "0" Pressure = "0" />
		<Point X = "254" Y = "226" T = "0" Pressure = "0" />
		<Point X = "252" Y = "226" T = "0" Pressure = "0" />
		<Point X = "251" Y = "226" T = "0" Pressure = "0" />
		<Point X = "250" Y = "226" T = "0" Pressure = "0" />
		<Point X = "249" Y = "226" T = "0" Pressure = "0" />
		<Point X = "247" Y = "226" T = "0" Pressure = "0" />
		<Point X = "245" Y = "226" T = "0" Pressure = "0" />
		<Point X = "244" Y = "226" T = "0" Pressure = "0" />
		<Point X = "241" Y = "226" T = "0" Pressure = "0" />
		<Point X = "239" Y = "226" T = "0" Pressure = "0" />
		<Point X = "239" Y = "225" T = "0" Pressure = "0" />
		<Point X = "238" Y = "225" T = "0" Pressure = "0" />
		<Point X = "237" Y = "224" T = "0" Pressure = "0" />
		<Point X = "236" Y = "224" T = "0" Pressure = "0" />
		<Point X = "235" Y = "224" T = "0" Pressure = "0" />
		<Point X = "235" Y = "223" T = "0" Pressure = "0" />
		<Point X = "235" Y = "222" T = "0" Pressure = "0" />
		<Point X = "234" Y = "221" T = "0" Pressure = "0" />
		<Point X = "233" Y = "219" T = "0" Pressure = "0" />
		<Point X = "233" Y = "218" T = "0" Pressure = "0" />
		<Point X = "232" Y = "214" T = "0" Pressure = "0" />
		<Point X = "231" Y = "212" T = "0" Pressure = "0" />
		<Point X = "230" Y = "210" T = "0" Pressure = "0" />
		<Point X = "229" Y = "208" T = "0" Pressure = "0" />
		<Point X = "229" Y = "207" T = "0" Pressure = "0" />
		<Point X = "229" Y = "206" T = "0" Pressure = "0" />
		<Point X = "229" Y = "204" T = "0" Pressure = "0" />
		<Point X = "229" Y = "203" T = "0" Pressure = "0" />
		<Point X = "229" Y = "202" T = "0" Pressure = "0" />
		<Point X = "229" Y = "201" T = "0" Pressure = "0" />
		<Point X = "229" Y = "200" T = "0" Pressure = "0" />
		<Point X = "229" Y = "199" T = "0" Pressure = "0" />
		<Point X = "229" Y = "198" T = "0" Pressure = "0" />
		<Point X = "229" Y = "197" T = "0" Pressure = "0" />
		<Point X = "229" Y = "196" T = "0" Pressure = "0" />
		<Point X = "229" Y = "195" T = "0" Pressure = "0" />
		<Point X = "229" Y = "194" T = "0" Pressure = "0" />
		<Point X = "229" Y = "192" T = "0" Pressure = "0" />
		<Point X = "229" Y = "191" T = "0" Pressure = "0" />
		<Point X = "229" Y = "189" T = "0" Pressure = "0" />
		<Point X = "231" Y = "188" T = "0" Pressure = "0" />
		<Point X = "231" Y = "187" T = "0" Pressure = "0" />
		<Point X = "232" Y = "186" T = "0" Pressure = "0" />
		<Point X = "232" Y = "185" T = "0" Pressure = "0" />
		<Point X = "233" Y = "185" T = "0" Pressure = "0" />
		<Point X = "235" Y = "185" T = "0" Pressure = "0" />
		<Point X = "237" Y = "185" T = "0" Pressure = "0" />
		<Point X = "238" Y = "185" T = "0" Pressure = "0" />
		<Point X = "240" Y = "185" T = "0" Pressure = "0" />
		<Point X = "242" Y = "186" T = "0" Pressure = "0" />
		<Point X = "244" Y = "186" T = "0" Pressure = "0" />
		<Point X = "246" Y = "188" T = "0" Pressure = "0" />
		<Point X = "247" Y = "188" T = "0" Pressure = "0" />
		<Point X = "247" Y = "189" T = "0" Pressure = "0" />
		<Point X = "248" Y = "189" T = "0" Pressure = "0" />
		<Point X = "249" Y = "191" T = "0" Pressure = "0" />
		<Point X = "249" Y = "192" T = "0" Pressure = "0" />
		<Point X = "249" Y = "194" T = "0" Pressure = "0" />
		<Point X = "250" Y = "196" T = "0" Pressure = "0" />
		<Point X = "250" Y = "197" T = "0" Pressure = "0" />
		<Point X = "251" Y = "198" T = "0" Pressure = "0" />
		<Point X = "251" Y = "199" T = "0" Pressure = "0" />
		<Point X = "251" Y = "200" T = "0" Pressure = "0" />
		<Point X = "251" Y = "201" T = "0" Pressure = "0" />
		<Point X = "251" Y = "202" T = "0" Pressure = "0" />
		<Point X = "250" Y = "203" T = "0" Pressure = "0" />
		<Point X = "250" Y = "204" T = "0" Pressure = "0" />
		<Point X = "249" Y = "204" T = "0" Pressure = "0" />
		<Point X = "248" Y = "204" T = "0" Pressure = "0" />
		<Point X = "248" Y = "205" T = "0" Pressure = "0" />
		<Point X = "247" Y = "205" T = "0" Pressure = "0" />
		<Point X = "245" Y = "206" T = "0" Pressure = "0" />
		<Point X = "244" Y = "205" T = "0" Pressure = "0" />
		<Point X = "244" Y = "204" T = "0" Pressure = "0" />
		<Point X = "243" Y = "203" T = "0" Pressure = "0" />
		<Point X = "242" Y = "203" T = "0" Pressure = "0" />
		<Point X = "242" Y = "202" T = "0" Pressure = "0" />
	</Stroke>
</Gesture>
