<?xml version="1.0" encoding="utf-8" standalone="yes"?>
<Gesture Name = "spiral">
	<Stroke>
		<Point X = "144" Y = "88" T = "0" Pressure = "0" />
		<Point X = "144" Y = "90" T = "0" Pressure = "0" />
		<Point X = "144" Y = "91" T = "0" Pressure = "0" />
		<Point X = "144" Y = "94" T = "0" Pressure = "0" />
		<Point X = "144" Y = "96" T = "0" Pressure = "0" />
		<Point X = "144" Y = "97" T = "0" Pressure = "0" />
		<Point X = "144" Y = "101" T = "0" Pressure = "0" />
		<Point X = "144" Y = "102" T = "0" Pressure = "0" />
		<Point X = "144" Y = "105" T = "0" Pressure = "0" />
		<Point X = "144" Y = "107" T = "0" Pressure = "0" />
		<Point X = "144" Y = "109" T = "0" Pressure = "0" />
		<Point X = "144" Y = "113" T = "0" Pressure = "0" />
		<Point X = "144" Y = "116" T = "0" Pressure = "0" />
		<Point X = "144" Y = "121" T = "0" Pressure = "0" />
		<Point X = "144" Y = "124" T = "0" Pressure = "0" />
		<Point X = "144" Y = "127" T = "0" Pressure = "0" />
		<Point X = "144" Y = "129" T = "0" Pressure = "0" />
		<Point X = "143" Y = "131" T = "0" Pressure = "0" />
		<Point X = "142" Y = "132" T = "0" Pressure = "0" />
		<Point X = "142" Y = "134" T = "0" Pressure = "0" />
		<Point X = "141" Y = "136" T = "0" Pressure = "0" />
		<Point X = "141" Y = "137" T = "0" Pressure = "0" />
		<Point X = "140" Y = "139" T = "0" Pressure = "0" />
		<Point X = "140" Y = "140" T = "0" Pressure = "0" />
		<Point X = "139" Y = "142" T = "0" Pressure = "0" />
		<Point X = "139" Y = "144" T = "0" Pressure = "0" />
		<Point X = "139" Y = "145" T = "0" Pressure = "0" />
		<Point X = "139" Y = "147" T = "0" Pressure = "0" />
		<Point X = "139" Y = "149" T = "0" Pressure = "0" />
		<Point X = "139" Y = "152" T = "0" Pressure = "0" />
		<Point X = "139" Y = "153" T = "0" Pressure = "0" />
		<Point X = "139" Y = "156" T = "0" Pressure = "0" />
		<Point X = "139" Y = "157" T = "0" Pressure = "0" />
		<Point X = "139" Y = "158" T = "0" Pressure = "0" />
		<Point X = "139" Y = "159" T = "0" Pressure = "0" />
		<Point X = "139" Y = "160" T = "0" Pressure = "0" />
		<Point X = "139" Y = "162" T = "0" Pressure = "0" />
		<Point X = "139" Y = "163" T = "0" Pressure = "0" />
		<Point X = "139" Y = "166" T = "0" Pressure = "0" />
		<Point X = "139" Y = "170" T = "0" Pressure = "0" />
		<Point X = "139" Y = "173" T = "0" Pressure = "0" />
		<Point X = "139" Y = "176" T = "0" Pressure = "0" />
		<Point X = "139" Y = "178" T = "0" Pressure = "0" />
		<Point X = "141" Y = "182" T = "0" Pressure = "0" />
		<Point X = "141" Y = "184" T = "0" Pressure = "0" />
		<Point X = "142" Y = "186" T = "0" Pressure = "0" />
		<Point X = "143" Y = "188" T = "0" Pressure = "0" />
		<Point X = "144" Y = "190" T = "0" Pressure = "0" />
		<Point X = "145" Y = "193" T = "0" Pressure = "0" />
		<Point X = "146" Y = "196" T = "0" Pressure = "0" />
		<Point X = "147" Y = "199" T = "0" Pressure = "0" />
		<Point X = "149" Y = "202" T = "0" Pressure = "0" />
		<Point X = "154" Y = "209" T = "0" Pressure = "0" />
		<Point X = "156" Y = "212" T = "0" Pressure = "0" />
		<Point X = "159" Y = "216" T = "0" Pressure = "0" />
		<Point X = "159" Y = "218" T = "0" Pressure = "0" />
		<Point X = "160" Y = "219" T = "0" Pressure = "0" />
		<Point X = "161" Y = "220" T = "0" Pressure = "0" />
		<Point X = "161" Y = "222" T = "0" Pressure = "0" />
		<Point X = "162" Y = "222" T = "0" Pressure = "0" />
		<Point X = "163" Y = "224" T = "0" Pressure = "0" />
		<Point X = "163" Y = "226" T = "0" Pressure = "0" />
		<Point X = "167" Y = "230" T = "0" Pressure = "0" />
		<Point X = "170" Y = "235" T = "0" Pressure = "0" />
		<Point X = "172" Y = "238" T = "0" Pressure = "0" />
		<Point X = "175" Y = "240" T = "0" Pressure = "0" />
		<Point X = "179" Y = "242" T = "0" Pressure = "0" />
		<Point X = "181" Y = "244" T = "0" Pressure = "0" />
		<Point X = "185" Y = "247" T = "0" Pressure = "0" />
		<Point X = "187" Y = "247" T = "0" Pressure = "0" />
		<Point X = "189" Y = "248" T = "0" Pressure = "0" />
		<Point X = "193" Y = "248" T = "0" Pressure = "0" />
		<Point X = "196" Y = "248" T = "0" Pressure = "0" />
		<Point X = "200" Y = "248" T = "0" Pressure = "0" />
		<Point X = "205" Y = "248" T = "0" Pressure = "0" />
		<Point X = "212" Y = "248" T = "0" Pressure = "0" />
		<Point X = "218" Y = "247" T = "0" Pressure = "0" />
		<Point X = "224" Y = "245" T = "0" Pressure = "0" />
		<Point X = "229" Y = "243" T = "0" Pressure = "0" />
		<Point X = "230" Y = "242" T = "0" Pressure = "0" />
		<Point X = "231" Y = "241" T = "0" Pressure = "0" />
		<Point X = "232" Y = "241" T = "0" Pressure = "0" />
		<Point X = "233" Y = "239" T = "0" Pressure = "0" />
		<Point X = "235" Y = "238" T = "0" Pressure = "0" />
		<Point X = "236" Y = "236" T = "0" Pressure = "0" />
		<Point X = "239" Y = "233" T = "0" Pressure = "0" />
		<Point X = "240" Y = "230" T = "0" Pressure = "0" />
		<Point X = "243" Y = "225" T = "0" Pressure = "0" />
		<Point X = "245" Y = "222" T = "0" Pressure = "0" />
		<Point X = "247" Y = "218" T = "0" Pressure = "0" />
		<Point X = "248" Y = "214" T = "0" Pressure = "0" />
		<Point X = "248" Y = "211" T = "0" Pressure = "0" />
		<Point X = "249" Y = "205" T = "0" Pressure = "0" />
		<Point X = "249" Y = "201" T = "0" Pressure = "0" />
		<Point X = "249" Y = "194" T = "0" Pressure = "0" />
		<Point X = "249" Y = "191" T = "0" Pressure = "0" />
		<Point X = "249" Y = "186" T = "0" Pressure = "0" />
		<Point X = "249" Y = "183" T = "0" Pressure = "0" />
		<Point X = "249" Y = "179" T = "0" Pressure = "0" />
		<Point X = "247" Y = "174" T = "0" Pressure = "0" />
		<Point X = "246" Y = "171" T = "0" Pressure = "0" />
		<Point X = "245" Y = "166" T = "0" Pressure = "0" />
		<Point X = "242" Y = "160" T = "0" Pressure = "0" />
		<Point X = "241" Y = "156" T = "0" Pressure = "0" />
		<Point X = "240" Y = "151" T = "0" Pressure = "0" />
		<Point X = "238" Y = "147" T = "0" Pressure = "0" />
		<Point X = "236" Y = "141" T = "0" Pressure = "0" />
		<Point X = "235" Y = "135" T = "0" Pressure = "0" />
		<Point X = "233" Y = "132" T = "0" Pressure = "0" />
		<Point X = "232" Y = "128" T = "0" Pressure = "0" />
		<Point X = "229" Y = "124" T = "0" Pressure = "0" />
		<Point X = "228" Y = "121" T = "0" Pressure = "0" />
		<Point X = "225" Y = "118" T = "0" Pressure = "0" />
		<Point X = "222" Y = "114" T = "0" Pressure = "0" />
		<Point X = "219" Y = "110" T = "0" Pressure = "0" />
		<Point X = "216" Y = "106" T = "0" Pressure = "0" />
		<Point X = "214" Y = "104" T = "0" Pressure = "0" />
		<Point X = "212" Y = "102" T = "0" Pressure = "0" />
		<Point X = "209" Y = "101" T = "0" Pressure = "0" />
		<Point X = "207" Y = "100" T = "0" Pressure = "0" />
		<Point X = "206" Y = "99" T = "0" Pressure = "0" />
		<Point X = "205" Y = "99" T = "0" Pressure = "0" />
		<Point X = "204" Y = "99" T = "0" Pressure = "0" />
		<Point X = "201" Y = "99" T = "0" Pressure = "0" />
		<Point X = "199" Y = "99" T = "0" Pressure = "0" />
		<Point X = "197" Y = "99" T = "0" Pressure = "0" />
		<Point X = "195" Y = "99" T = "0" Pressure = "0" />
		<Point X = "194" Y = "99" T = "0" Pressure = "0" />
		<Point X = "192" Y = "99" T = "0" Pressure = "0" />
		<Point X = "189" Y = "99" T = "0" Pressure = "0" />
		<Point X = "187" Y = "99" T = "0" Pressure = "0" />
		<Point X = "185" Y = "100" T = "0" Pressure = "0" />
		<Point X = "184" Y = "100" T = "0" Pressure = "0" />
		<Point X = "183" Y = "100" T = "0" Pressure = "0" />
		<Point X = "183" Y = "101" T = "0" Pressure = "0" />
		<Point X = "182" Y = "101" T = "0" Pressure = "0" />
		<Point X = "180" Y = "104" T = "0" Pressure = "0" />
		<Point X = "179" Y = "106" T = "0" Pressure = "0" />
		<Point X = "178" Y = "110" T = "0" Pressure = "0" />
		<Point X = "175" Y = "115" T = "0" Pressure = "0" />
		<Point X = "175" Y = "118" T = "0" Pressure = "0" />
		<Point X = "175" Y = "121" T = "0" Pressure = "0" />
		<Point X = "174" Y = "122" T = "0" Pressure = "0" />
		<Point X = "173" Y = "126" T = "0" Pressure = "0" />
		<Point X = "172" Y = "126" T = "0" Pressure = "0" />
		<Point X = "172" Y = "128" T = "0" Pressure = "0" />
		<Point X = "172" Y = "130" T = "0" Pressure = "0" />
		<Point X = "172" Y = "132" T = "0" Pressure = "0" />
		<Point X = "172" Y = "136" T = "0" Pressure = "0" />
		<Point X = "172" Y = "138" T = "0" Pressure = "0" />
		<Point X = "172" Y = "141" T = "0" Pressure = "0" />
		<Point X = "172" Y = "145" T = "0" Pressure = "0" />
		<Point X = "172" Y = "148" T = "0" Pressure = "0" />
		<Point X = "172" Y = "152" T = "0" Pressure = "0" />
		<Point X = "172" Y = "156" T = "0" Pressure = "0" />
		<Point X = "172" Y = "159" T = "0" Pressure = "0" />
		<Point X = "172" Y = "162" T = "0" Pressure = "0" />
		<Point X = "172" Y = "164" T = "0" Pressure = "0" />
		<Point X = "172" Y = "166" T = "0" Pressure = "0" />
		<Point X = "172" Y = "167" T = "0" Pressure = "0" />
		<Point X = "172" Y = "169" T = "0" Pressure = "0" />
		<Point X = "172" Y = "170" T = "0" Pressure = "0" />
		<Point X = "172" Y = "171" T = "0" Pressure = "0" />
		<Point X = "172" Y = "173" T = "0" Pressure = "0" />
		<Point X = "172" Y = "177" T = "0" Pressure = "0" />
		<Point X = "172" Y = "178" T = "0" Pressure = "0" />
		<Point X = "173" Y = "181" T = "0" Pressure = "0" />
		<Point X = "174" Y = "184" T = "0" Pressure = "0" />
		<Point X = "175" Y = "186" T = "0" Pressure = "0" />
		<Point X = "176" Y = "186" T = "0" Pressure = "0" />
		<Point X = "176" Y = "187" T = "0" Pressure = "0" />
		<Point X = "177" Y = "189" T = "0" Pressure = "0" />
		<Point X = "179" Y = "192" T = "0" Pressure = "0" />
		<Point X = "180" Y = "193" T = "0" Pressure = "0" />
		<Point X = "182" Y = "196" T = "0" Pressure = "0" />
		<Point X = "183" Y = "197" T = "0" Pressure = "0" />
		<Point X = "185" Y = "200" T = "0" Pressure = "0" />
		<Point X = "186" Y = "202" T = "0" Pressure = "0" />
		<Point X = "187" Y = "203" T = "0" Pressure = "0" />
		<Point X = "187" Y = "204" T = "0" Pressure = "0" />
		<Point X = "187" Y = "205" T = "0" Pressure = "0" />
		<Point X = "188" Y = "206" T = "0" Pressure = "0" />
		<Point X = "189" Y = "206" T = "0" Pressure = "0" />
		<Point X = "190" Y = "207" T = "0" Pressure = "0" />
		<Point X = "191" Y = "207" T = "0" Pressure = "0" />
		<Point X = "192" Y = "207" T = "0" Pressure = "0" />
		<Point X = "193" Y = "207" T = "0" Pressure = "0" />
		<Point X = "195" Y = "207" T = "0" Pressure = "0" />
		<Point X = "196" Y = "207" T = "0" Pressure = "0" />
		<Point X = "198" Y = "207" T = "0" Pressure = "0" />
		<Point X = "200" Y = "207" T = "0" Pressure = "0" />
		<Point X = "202" Y = "207" T = "0" Pressure = "0" />
		<Point X = "205" Y = "206" T = "0" Pressure = "0" />
		<Point X = "206" Y = "206" T = "0" Pressure = "0" />
		<Point X = "207" Y = "205" T = "0" Pressure = "0" />
		<Point X = "207" Y = "204" T = "0" Pressure = "0" />
		<Point X = "209" Y = "202" T = "0" Pressure = "0" />
		<Point X = "211" Y = "199" T = "0" Pressure = "0" />
		<Point X = "212" Y = "196" T = "0" Pressure = "0" />
		<Point X = "213" Y = "191" T = "0" Pressure = "0" />
		<Point X = "213" Y = "188" T = "0" Pressure = "0" />
		<Point X = "213" Y = "185" T = "0" Pressure = "0" />
		<Point X = "214" Y = "182" T = "0" Pressure = "0" />
		<Point X = "214" Y = "180" T = "0" Pressure = "0" />
		<Point X = "214" Y = "178" T = "0" Pressure = "0" />
		<Point X = "214" Y = "177" T = "0" Pressure = "0" />
		<Point X = "214" Y = "176" T = "0" Pressure = "0" />
		<Point X = "214" Y = "175" T = "0" Pressure = "0" />
		<Point X = "214" Y = "173" T = "0" Pressure = "0" />
		<Point X = "214" Y = "171" T = "0" Pressure = "0" />
		<Point X = "214" Y = "169" T = "0" Pressure = "0" />
		<Point X = "214" Y = "165" T = "0" Pressure = "0" />
		<Point X = "213" Y = "162" T = "0" Pressure = "0" />
		<Point X = "213" Y = "159" T = "0" Pressure = "0" />
		<Point X = "212" Y = "155" T = "0" Pressure = "0" />
		<Point X = "212" Y = "153" T = "0" Pressure = "0" />
		<Point X = "212" Y = "152" T = "0" Pressure = "0" />
		<Point X = "210" Y = "148" T = "0" Pressure = "0" />
		<Point X = "210" Y = "146" T = "0" Pressure = "0" />
		<Point X = "210" Y = "145" T = "0" Pressure = "0" />
		<Point X = "209" Y = "143" T = "0" Pressure = "0" />
		<Point X = "209" Y = "142" T = "0" Pressure = "0" />
		<Point X = "208" Y = "142" T = "0" Pressure = "0" />
		<Point X = "207" Y = "141" T = "0" Pressure = "0" />
		<Point X = "207" Y = "140" T = "0" Pressure = "0" />
		<Point X = "206" Y = "140" T = "0" Pressure = "0" />
		<Point X = "206" Y = "139" T = "0" Pressure = "0" />
		<Point X = "204" Y = "139" T = "0" Pressure = "0" />
		<Point X = "202" Y = "139" T = "0" Pressure = "0" />
		<Point X = "201" Y = "139" T = "0" Pressure = "0" />
		<Point X = "199" Y = "139" T = "0" Pressure = "0" />
		<Point X = "198" Y = "139" T = "0" Pressure = "0" />
		<Point X = "197" Y = "139" T = "0" Pressure = "0" />
		<Point X = "195" Y = "140" T = "0" Pressure = "0" />
		<Point X = "194" Y = "140" T = "0" Pressure = "0" />
		<Point X = "193" Y = "141" T = "0" Pressure = "0" />
		<Point X = "191" Y = "143" T = "0" Pressure = "0" />
		<Point X = "190" Y = "145" T = "0" Pressure = "0" />
		<Point X = "190" Y = "146" T = "0" Pressure = "0" />
		<Point X = "189" Y = "148" T = "0" Pressure = "0" />
		<Point X = "189" Y = "149" T = "0" Pressure = "0" />
		<Point X = "189" Y = "150" T = "0" Pressure = "0" />
		<Point X = "188" Y = "152" T = "0" Pressure = "0" />
		<Point X = "188" Y = "153" T = "0" Pressure = "0" />
		<Point X = "188" Y = "155" T = "0" Pressure = "0" />
		<Point X = "188" Y = "156" T = "0" Pressure = "0" />
		<Point X = "188" Y = "158" T = "0" Pressure = "0" />
		<Point X = "188" Y = "159" T = "0" Pressure = "0" />
		<Point X = "188" Y = "162" T = "0" Pressure = "0" />
		<Point X = "188" Y = "163" T = "0" Pressure = "0" />
		<Point X = "188" Y = "164" T = "0" Pressure = "0" />
		<Point X = "188" Y = "165" T = "0" Pressure = "0" />
		<Point X = "188" Y = "167" T = "0" Pressure = "0" />
		<Point X = "189" Y = "168" T = "0" Pressure = "0" />
		<Point X = "189" Y = "169" T = "0" Pressure = "0" />
		<Point X = "190" Y = "170" T = "0" Pressure = "0" />
		<Point X = "191" Y = "171" T = "0" Pressure = "0" />
		<Point X = "191" Y = "172" T = "0" Pressure = "0" />
		<Point X = "191" Y = "173" T = "0" Pressure = "0" />
		<Point X = "192" Y = "173" T = "0" Pressure = "0" />
		<Point X = "193" Y = "173" T = "0" Pressure = "0" />
		<Point X = "194" Y = "173" T = "0" Pressure = "0" />
		<Point X = "195" Y = "173" T = "0" Pressure = "0" />
		<Point X = "196" Y = "173" T = "0" Pressure = "0" />
		<Point X = "197" Y = "172" T = "0" Pressure = "0" />
		<Point X = "198" Y = "172" T = "0" Pressure = "0" />
		<Point X = "199" Y = "171" T = "0" Pressure = "0" />
		<Point X = "200" Y = "171" T = "0" Pressure = "0" />
		<Point X = "201" Y = "170" T = "0" Pressure = "0" />
		<Point X = "201" Y = "169" T = "0" Pressure = "0" />
		<Point X = "202" Y = "168" T = "0" Pressure = "0" />
		<Point X = "203" Y = "167" T = "0" Pressure = "0" />
		<Point X = "203" Y = "166" T = "0" Pressure = "0" />
		<Point X = "202" Y = "165" T = "0" Pressure = "0" />
		<Point X = "202" Y = "164" T = "0" Pressure = "0" />
		<Point X = "202" Y = "163" T = "0" Pressure = "0" />
		<Point X = "201" Y = "163" T = "0" Pressure = "0" />
		<Point X = "201" Y = "162" T = "0" Pressure = "0" />
		<Point X = "201" Y = "161" T = "0" Pressure = "0" />
		<Point X = "200" Y = "161" T = "0" Pressure = "0" />
		<Point X = "200" Y = "160" T = "0" Pressure = "0" />
		<Point X = "199" Y = "160" T = "0" Pressure = "0" />
	</Stroke>
</Gesture>
