<?xml version="1.0" encoding="utf-8" standalone="yes"?>
<Gesture Name = "spiral">
	<Stroke>
		<Point X = "159" Y = "205" T = "0" Pressure = "0" />
		<Point X = "150" Y = "199" T = "0" Pressure = "0" />
		<Point X = "143" Y = "195" T = "0" Pressure = "0" />
		<Point X = "137" Y = "193" T = "0" Pressure = "0" />
		<Point X = "133" Y = "191" T = "0" Pressure = "0" />
		<Point X = "129" Y = "191" T = "0" Pressure = "0" />
		<Point X = "126" Y = "191" T = "0" Pressure = "0" />
		<Point X = "123" Y = "191" T = "0" Pressure = "0" />
		<Point X = "121" Y = "191" T = "0" Pressure = "0" />
		<Point X = "119" Y = "192" T = "0" Pressure = "0" />
		<Point X = "117" Y = "193" T = "0" Pressure = "0" />
		<Point X = "114" Y = "194" T = "0" Pressure = "0" />
		<Point X = "111" Y = "196" T = "0" Pressure = "0" />
		<Point X = "106" Y = "197" T = "0" Pressure = "0" />
		<Point X = "102" Y = "200" T = "0" Pressure = "0" />
		<Point X = "97" Y = "201" T = "0" Pressure = "0" />
		<Point X = "91" Y = "204" T = "0" Pressure = "0" />
		<Point X = "85" Y = "206" T = "0" Pressure = "0" />
		<Point X = "80" Y = "209" T = "0" Pressure = "0" />
		<Point X = "76" Y = "210" T = "0" Pressure = "0" />
		<Point X = "71" Y = "213" T = "0" Pressure = "0" />
		<Point X = "67" Y = "216" T = "0" Pressure = "0" />
		<Point X = "66" Y = "218" T = "0" Pressure = "0" />
		<Point X = "63" Y = "221" T = "0" Pressure = "0" />
		<Point X = "62" Y = "226" T = "0" Pressure = "0" />
		<Point X = "60" Y = "231" T = "0" Pressure = "0" />
		<Point X = "60" Y = "236" T = "0" Pressure = "0" />
		<Point X = "59" Y = "242" T = "0" Pressure = "0" />
		<Point X = "59" Y = "250" T = "0" Pressure = "0" />
		<Point X = "59" Y = "256" T = "0" Pressure = "0" />
		<Point X = "59" Y = "264" T = "0" Pressure = "0" />
		<Point X = "59" Y = "271" T = "0" Pressure = "0" />
		<Point X = "61" Y = "281" T = "0" Pressure = "0" />
		<Point X = "65" Y = "287" T = "0" Pressure = "0" />
		<Point X = "70" Y = "294" T = "0" Pressure = "0" />
		<Point X = "77" Y = "301" T = "0" Pressure = "0" />
		<Point X = "81" Y = "304" T = "0" Pressure = "0" />
		<Point X = "85" Y = "308" T = "0" Pressure = "0" />
		<Point X = "91" Y = "309" T = "0" Pressure = "0" />
		<Point X = "96" Y = "311" T = "0" Pressure = "0" />
		<Point X = "99" Y = "312" T = "0" Pressure = "0" />
		<Point X = "102" Y = "312" T = "0" Pressure = "0" />
		<Point X = "106" Y = "312" T = "0" Pressure = "0" />
		<Point X = "110" Y = "312" T = "0" Pressure = "0" />
		<Point X = "116" Y = "312" T = "0" Pressure = "0" />
		<Point X = "124" Y = "312" T = "0" Pressure = "0" />
		<Point X = "134" Y = "312" T = "0" Pressure = "0" />
		<Point X = "143" Y = "314" T = "0" Pressure = "0" />
		<Point X = "155" Y = "316" T = "0" Pressure = "0" />
		<Point X = "166" Y = "318" T = "0" Pressure = "0" />
		<Point X = "174" Y = "319" T = "0" Pressure = "0" />
		<Point X = "180" Y = "319" T = "0" Pressure = "0" />
		<Point X = "184" Y = "319" T = "0" Pressure = "0" />
		<Point X = "188" Y = "319" T = "0" Pressure = "0" />
		<Point X = "190" Y = "319" T = "0" Pressure = "0" />
		<Point X = "192" Y = "318" T = "0" Pressure = "0" />
		<Point X = "194" Y = "314" T = "0" Pressure = "0" />
		<Point X = "196" Y = "309" T = "0" Pressure = "0" />
		<Point X = "196" Y = "304" T = "0" Pressure = "0" />
		<Point X = "197" Y = "299" T = "0" Pressure = "0" />
		<Point X = "198" Y = "293" T = "0" Pressure = "0" />
		<Point X = "198" Y = "285" T = "0" Pressure = "0" />
		<Point X = "198" Y = "280" T = "0" Pressure = "0" />
		<Point X = "198" Y = "273" T = "0" Pressure = "0" />
		<Point X = "198" Y = "266" T = "0" Pressure = "0" />
		<Point X = "198" Y = "260" T = "0" Pressure = "0" />
		<Point X = "194" Y = "254" T = "0" Pressure = "0" />
		<Point X = "190" Y = "248" T = "0" Pressure = "0" />
		<Point X = "188" Y = "244" T = "0" Pressure = "0" />
		<Point X = "185" Y = "241" T = "0" Pressure = "0" />
		<Point X = "182" Y = "238" T = "0" Pressure = "0" />
		<Point X = "179" Y = "236" T = "0" Pressure = "0" />
		<Point X = "177" Y = "235" T = "0" Pressure = "0" />
		<Point X = "174" Y = "233" T = "0" Pressure = "0" />
		<Point X = "169" Y = "232" T = "0" Pressure = "0" />
		<Point X = "168" Y = "232" T = "0" Pressure = "0" />
		<Point X = "164" Y = "232" T = "0" Pressure = "0" />
		<Point X = "162" Y = "231" T = "0" Pressure = "0" />
		<Point X = "159" Y = "231" T = "0" Pressure = "0" />
		<Point X = "156" Y = "231" T = "0" Pressure = "0" />
		<Point X = "154" Y = "231" T = "0" Pressure = "0" />
		<Point X = "153" Y = "231" T = "0" Pressure = "0" />
		<Point X = "150" Y = "231" T = "0" Pressure = "0" />
		<Point X = "147" Y = "231" T = "0" Pressure = "0" />
		<Point X = "143" Y = "231" T = "0" Pressure = "0" />
		<Point X = "138" Y = "231" T = "0" Pressure = "0" />
		<Point X = "135" Y = "231" T = "0" Pressure = "0" />
		<Point X = "131" Y = "231" T = "0" Pressure = "0" />
		<Point X = "128" Y = "233" T = "0" Pressure = "0" />
		<Point X = "123" Y = "235" T = "0" Pressure = "0" />
		<Point X = "118" Y = "238" T = "0" Pressure = "0" />
		<Point X = "115" Y = "240" T = "0" Pressure = "0" />
		<Point X = "111" Y = "241" T = "0" Pressure = "0" />
		<Point X = "106" Y = "247" T = "0" Pressure = "0" />
		<Point X = "104" Y = "248" T = "0" Pressure = "0" />
		<Point X = "101" Y = "251" T = "0" Pressure = "0" />
		<Point X = "100" Y = "253" T = "0" Pressure = "0" />
		<Point X = "99" Y = "253" T = "0" Pressure = "0" />
		<Point X = "99" Y = "255" T = "0" Pressure = "0" />
		<Point X = "98" Y = "256" T = "0" Pressure = "0" />
		<Point X = "98" Y = "257" T = "0" Pressure = "0" />
		<Point X = "98" Y = "258" T = "0" Pressure = "0" />
		<Point X = "98" Y = "260" T = "0" Pressure = "0" />
		<Point X = "98" Y = "261" T = "0" Pressure = "0" />
		<Point X = "98" Y = "263" T = "0" Pressure = "0" />
		<Point X = "98" Y = "265" T = "0" Pressure = "0" />
		<Point X = "98" Y = "268" T = "0" Pressure = "0" />
		<Point X = "98" Y = "271" T = "0" Pressure = "0" />
		<Point X = "98" Y = "274" T = "0" Pressure = "0" />
		<Point X = "98" Y = "275" T = "0" Pressure = "0" />
		<Point X = "98" Y = "277" T = "0" Pressure = "0" />
		<Point X = "100" Y = "280" T = "0" Pressure = "0" />
		<Point X = "101" Y = "280" T = "0" Pressure = "0" />
		<Point X = "102" Y = "282" T = "0" Pressure = "0" />
		<Point X = "103" Y = "283" T = "0" Pressure = "0" />
		<Point X = "106" Y = "284" T = "0" Pressure = "0" />
		<Point X = "108" Y = "284" T = "0" Pressure = "0" />
		<Point X = "111" Y = "284" T = "0" Pressure = "0" />
		<Point X = "115" Y = "284" T = "0" Pressure = "0" />
		<Point X = "118" Y = "284" T = "0" Pressure = "0" />
		<Point X = "123" Y = "284" T = "0" Pressure = "0" />
		<Point X = "126" Y = "284" T = "0" Pressure = "0" />
		<Point X = "128" Y = "284" T = "0" Pressure = "0" />
		<Point X = "130" Y = "284" T = "0" Pressure = "0" />
		<Point X = "133" Y = "284" T = "0" Pressure = "0" />
		<Point X = "135" Y = "284" T = "0" Pressure = "0" />
		<Point X = "137" Y = "284" T = "0" Pressure = "0" />
		<Point X = "139" Y = "285" T = "0" Pressure = "0" />
		<Point X = "140" Y = "285" T = "0" Pressure = "0" />
		<Point X = "141" Y = "285" T = "0" Pressure = "0" />
		<Point X = "143" Y = "285" T = "0" Pressure = "0" />
		<Point X = "144" Y = "285" T = "0" Pressure = "0" />
		<Point X = "145" Y = "285" T = "0" Pressure = "0" />
		<Point X = "147" Y = "284" T = "0" Pressure = "0" />
		<Point X = "148" Y = "283" T = "0" Pressure = "0" />
		<Point X = "150" Y = "282" T = "0" Pressure = "0" />
		<Point X = "150" Y = "279" T = "0" Pressure = "0" />
		<Point X = "151" Y = "279" T = "0" Pressure = "0" />
		<Point X = "152" Y = "277" T = "0" Pressure = "0" />
		<Point X = "152" Y = "275" T = "0" Pressure = "0" />
		<Point X = "152" Y = "272" T = "0" Pressure = "0" />
		<Point X = "152" Y = "270" T = "0" Pressure = "0" />
		<Point X = "152" Y = "269" T = "0" Pressure = "0" />
		<Point X = "152" Y = "268" T = "0" Pressure = "0" />
		<Point X = "151" Y = "268" T = "0" Pressure = "0" />
		<Point X = "149" Y = "268" T = "0" Pressure = "0" />
		<Point X = "148" Y = "267" T = "0" Pressure = "0" />
		<Point X = "147" Y = "266" T = "0" Pressure = "0" />
		<Point X = "145" Y = "265" T = "0" Pressure = "0" />
		<Point X = "144" Y = "265" T = "0" Pressure = "0" />
		<Point X = "142" Y = "265" T = "0" Pressure = "0" />
		<Point X = "141" Y = "264" T = "0" Pressure = "0" />
		<Point X = "140" Y = "263" T = "0" Pressure = "0" />
		<Point X = "138" Y = "263" T = "0" Pressure = "0" />
		<Point X = "136" Y = "263" T = "0" Pressure = "0" />
		<Point X = "134" Y = "263" T = "0" Pressure = "0" />
		<Point X = "133" Y = "263" T = "0" Pressure = "0" />
		<Point X = "131" Y = "263" T = "0" Pressure = "0" />
		<Point X = "131" Y = "262" T = "0" Pressure = "0" />
		<Point X = "129" Y = "262" T = "0" Pressure = "0" />
		<Point X = "128" Y = "262" T = "0" Pressure = "0" />
		<Point X = "126" Y = "262" T = "0" Pressure = "0" />
		<Point X = "125" Y = "262" T = "0" Pressure = "0" />
		<Point X = "125" Y = "263" T = "0" Pressure = "0" />
		<Point X = "125" Y = "266" T = "0" Pressure = "0" />
		<Point X = "125" Y = "268" T = "0" Pressure = "0" />
		<Point X = "125" Y = "270" T = "0" Pressure = "0" />
		<Point X = "125" Y = "271" T = "0" Pressure = "0" />
		<Point X = "126" Y = "272" T = "0" Pressure = "0" />
		<Point X = "126" Y = "273" T = "0" Pressure = "0" />
		<Point X = "127" Y = "273" T = "0" Pressure = "0" />
		<Point X = "129" Y = "273" T = "0" Pressure = "0" />
		<Point X = "131" Y = "273" T = "0" Pressure = "0" />
		<Point X = "132" Y = "273" T = "0" Pressure = "0" />
		<Point X = "134" Y = "272" T = "0" Pressure = "0" />
		<Point X = "135" Y = "271" T = "0" Pressure = "0" />
		<Point X = "136" Y = "270" T = "0" Pressure = "0" />
		<Point X = "135" Y = "270" T = "0" Pressure = "0" />
	</Stroke>
</Gesture>
