<?xml version="1.0" encoding="utf-8" standalone="yes"?>
<Gesture Name = "spiral">
	<Stroke>
		<Point X = "95" Y = "41" T = "0" Pressure = "0" />
		<Point X = "96" Y = "41" T = "0" Pressure = "0" />
		<Point X = "99" Y = "41" T = "0" Pressure = "0" />
		<Point X = "104" Y = "41" T = "0" Pressure = "0" />
		<Point X = "111" Y = "41" T = "0" Pressure = "0" />
		<Point X = "120" Y = "41" T = "0" Pressure = "0" />
		<Point X = "126" Y = "41" T = "0" Pressure = "0" />
		<Point X = "136" Y = "42" T = "0" Pressure = "0" />
		<Point X = "145" Y = "45" T = "0" Pressure = "0" />
		<Point X = "152" Y = "48" T = "0" Pressure = "0" />
		<Point X = "161" Y = "53" T = "0" Pressure = "0" />
		<Point X = "168" Y = "57" T = "0" Pressure = "0" />
		<Point X = "176" Y = "62" T = "0" Pressure = "0" />
		<Point X = "183" Y = "68" T = "0" Pressure = "0" />
		<Point X = "188" Y = "73" T = "0" Pressure = "0" />
		<Point X = "195" Y = "79" T = "0" Pressure = "0" />
		<Point X = "201" Y = "85" T = "0" Pressure = "0" />
		<Point X = "206" Y = "92" T = "0" Pressure = "0" />
		<Point X = "209" Y = "98" T = "0" Pressure = "0" />
		<Point X = "211" Y = "102" T = "0" Pressure = "0" />
		<Point X = "211" Y = "106" T = "0" Pressure = "0" />
		<Point X = "211" Y = "112" T = "0" Pressure = "0" />
		<Point X = "211" Y = "118" T = "0" Pressure = "0" />
		<Point X = "211" Y = "122" T = "0" Pressure = "0" />
		<Point X = "209" Y = "129" T = "0" Pressure = "0" />
		<Point X = "206" Y = "135" T = "0" Pressure = "0" />
		<Point X = "203" Y = "140" T = "0" Pressure = "0" />
		<Point X = "198" Y = "146" T = "0" Pressure = "0" />
		<Point X = "194" Y = "151" T = "0" Pressure = "0" />
		<Point X = "189" Y = "157" T = "0" Pressure = "0" />
		<Point X = "186" Y = "160" T = "0" Pressure = "0" />
		<Point X = "185" Y = "161" T = "0" Pressure = "0" />
		<Point X = "182" Y = "162" T = "0" Pressure = "0" />
		<Point X = "178" Y = "164" T = "0" Pressure = "0" />
		<Point X = "174" Y = "165" T = "0" Pressure = "0" />
		<Point X = "170" Y = "165" T = "0" Pressure = "0" />
		<Point X = "166" Y = "165" T = "0" Pressure = "0" />
		<Point X = "160" Y = "165" T = "0" Pressure = "0" />
		<Point X = "154" Y = "165" T = "0" Pressure = "0" />
		<Point X = "151" Y = "165" T = "0" Pressure = "0" />
		<Point X = "147" Y = "165" T = "0" Pressure = "0" />
		<Point X = "144" Y = "164" T = "0" Pressure = "0" />
		<Point X = "138" Y = "163" T = "0" Pressure = "0" />
		<Point X = "135" Y = "162" T = "0" Pressure = "0" />
		<Point X = "129" Y = "159" T = "0" Pressure = "0" />
		<Point X = "127" Y = "158" T = "0" Pressure = "0" />
		<Point X = "123" Y = "156" T = "0" Pressure = "0" />
		<Point X = "121" Y = "154" T = "0" Pressure = "0" />
		<Point X = "116" Y = "149" T = "0" Pressure = "0" />
		<Point X = "114" Y = "146" T = "0" Pressure = "0" />
		<Point X = "110" Y = "140" T = "0" Pressure = "0" />
		<Point X = "105" Y = "132" T = "0" Pressure = "0" />
		<Point X = "101" Y = "125" T = "0" Pressure = "0" />
		<Point X = "99" Y = "118" T = "0" Pressure = "0" />
		<Point X = "96" Y = "110" T = "0" Pressure = "0" />
		<Point X = "95" Y = "106" T = "0" Pressure = "0" />
		<Point X = "95" Y = "100" T = "0" Pressure = "0" />
		<Point X = "95" Y = "96" T = "0" Pressure = "0" />
		<Point X = "95" Y = "92" T = "0" Pressure = "0" />
		<Point X = "95" Y = "89" T = "0" Pressure = "0" />
		<Point X = "97" Y = "85" T = "0" Pressure = "0" />
		<Point X = "99" Y = "83" T = "0" Pressure = "0" />
		<Point X = "104" Y = "79" T = "0" Pressure = "0" />
		<Point X = "105" Y = "78" T = "0" Pressure = "0" />
		<Point X = "110" Y = "76" T = "0" Pressure = "0" />
		<Point X = "112" Y = "75" T = "0" Pressure = "0" />
		<Point X = "113" Y = "74" T = "0" Pressure = "0" />
		<Point X = "118" Y = "73" T = "0" Pressure = "0" />
		<Point X = "120" Y = "72" T = "0" Pressure = "0" />
		<Point X = "121" Y = "71" T = "0" Pressure = "0" />
		<Point X = "125" Y = "70" T = "0" Pressure = "0" />
		<Point X = "127" Y = "69" T = "0" Pressure = "0" />
		<Point X = "129" Y = "69" T = "0" Pressure = "0" />
		<Point X = "130" Y = "69" T = "0" Pressure = "0" />
		<Point X = "131" Y = "68" T = "0" Pressure = "0" />
		<Point X = "132" Y = "68" T = "0" Pressure = "0" />
		<Point X = "133" Y = "68" T = "0" Pressure = "0" />
		<Point X = "135" Y = "68" T = "0" Pressure = "0" />
		<Point X = "138" Y = "68" T = "0" Pressure = "0" />
		<Point X = "140" Y = "68" T = "0" Pressure = "0" />
		<Point X = "144" Y = "70" T = "0" Pressure = "0" />
		<Point X = "148" Y = "72" T = "0" Pressure = "0" />
		<Point X = "150" Y = "75" T = "0" Pressure = "0" />
		<Point X = "154" Y = "78" T = "0" Pressure = "0" />
		<Point X = "156" Y = "82" T = "0" Pressure = "0" />
		<Point X = "159" Y = "87" T = "0" Pressure = "0" />
		<Point X = "161" Y = "91" T = "0" Pressure = "0" />
		<Point X = "162" Y = "95" T = "0" Pressure = "0" />
		<Point X = "164" Y = "98" T = "0" Pressure = "0" />
		<Point X = "164" Y = "99" T = "0" Pressure = "0" />
		<Point X = "164" Y = "102" T = "0" Pressure = "0" />
		<Point X = "164" Y = "104" T = "0" Pressure = "0" />
		<Point X = "164" Y = "107" T = "0" Pressure = "0" />
		<Point X = "164" Y = "110" T = "0" Pressure = "0" />
		<Point X = "164" Y = "113" T = "0" Pressure = "0" />
		<Point X = "164" Y = "115" T = "0" Pressure = "0" />
		<Point X = "164" Y = "117" T = "0" Pressure = "0" />
		<Point X = "164" Y = "119" T = "0" Pressure = "0" />
		<Point X = "164" Y = "121" T = "0" Pressure = "0" />
		<Point X = "164" Y = "124" T = "0" Pressure = "0" />
		<Point X = "164" Y = "125" T = "0" Pressure = "0" />
		<Point X = "164" Y = "127" T = "0" Pressure = "0" />
		<Point X = "164" Y = "129" T = "0" Pressure = "0" />
		<Point X = "163" Y = "129" T = "0" Pressure = "0" />
		<Point X = "163" Y = "130" T = "0" Pressure = "0" />
		<Point X = "162" Y = "131" T = "0" Pressure = "0" />
		<Point X = "161" Y = "131" T = "0" Pressure = "0" />
		<Point X = "160" Y = "131" T = "0" Pressure = "0" />
		<Point X = "159" Y = "131" T = "0" Pressure = "0" />
		<Point X = "158" Y = "131" T = "0" Pressure = "0" />
		<Point X = "156" Y = "131" T = "0" Pressure = "0" />
		<Point X = "154" Y = "131" T = "0" Pressure = "0" />
		<Point X = "152" Y = "130" T = "0" Pressure = "0" />
		<Point X = "149" Y = "128" T = "0" Pressure = "0" />
		<Point X = "145" Y = "125" T = "0" Pressure = "0" />
		<Point X = "142" Y = "122" T = "0" Pressure = "0" />
		<Point X = "137" Y = "119" T = "0" Pressure = "0" />
		<Point X = "134" Y = "118" T = "0" Pressure = "0" />
		<Point X = "132" Y = "117" T = "0" Pressure = "0" />
		<Point X = "131" Y = "116" T = "0" Pressure = "0" />
		<Point X = "130" Y = "116" T = "0" Pressure = "0" />
		<Point X = "129" Y = "115" T = "0" Pressure = "0" />
		<Point X = "128" Y = "114" T = "0" Pressure = "0" />
		<Point X = "126" Y = "113" T = "0" Pressure = "0" />
		<Point X = "126" Y = "112" T = "0" Pressure = "0" />
		<Point X = "125" Y = "110" T = "0" Pressure = "0" />
		<Point X = "125" Y = "109" T = "0" Pressure = "0" />
		<Point X = "125" Y = "108" T = "0" Pressure = "0" />
		<Point X = "125" Y = "106" T = "0" Pressure = "0" />
		<Point X = "123" Y = "103" T = "0" Pressure = "0" />
		<Point X = "123" Y = "101" T = "0" Pressure = "0" />
		<Point X = "123" Y = "99" T = "0" Pressure = "0" />
		<Point X = "123" Y = "98" T = "0" Pressure = "0" />
		<Point X = "123" Y = "97" T = "0" Pressure = "0" />
		<Point X = "123" Y = "96" T = "0" Pressure = "0" />
		<Point X = "124" Y = "96" T = "0" Pressure = "0" />
		<Point X = "124" Y = "95" T = "0" Pressure = "0" />
		<Point X = "126" Y = "94" T = "0" Pressure = "0" />
		<Point X = "129" Y = "92" T = "0" Pressure = "0" />
		<Point X = "130" Y = "92" T = "0" Pressure = "0" />
		<Point X = "132" Y = "91" T = "0" Pressure = "0" />
		<Point X = "135" Y = "90" T = "0" Pressure = "0" />
		<Point X = "137" Y = "90" T = "0" Pressure = "0" />
		<Point X = "140" Y = "90" T = "0" Pressure = "0" />
		<Point X = "142" Y = "90" T = "0" Pressure = "0" />
		<Point X = "145" Y = "90" T = "0" Pressure = "0" />
		<Point X = "147" Y = "90" T = "0" Pressure = "0" />
		<Point X = "148" Y = "90" T = "0" Pressure = "0" />
		<Point X = "149" Y = "90" T = "0" Pressure = "0" />
		<Point X = "150" Y = "90" T = "0" Pressure = "0" />
		<Point X = "152" Y = "91" T = "0" Pressure = "0" />
		<Point X = "153" Y = "92" T = "0" Pressure = "0" />
		<Point X = "155" Y = "94" T = "0" Pressure = "0" />
		<Point X = "156" Y = "97" T = "0" Pressure = "0" />
		<Point X = "157" Y = "99" T = "0" Pressure = "0" />
		<Point X = "157" Y = "101" T = "0" Pressure = "0" />
		<Point X = "158" Y = "103" T = "0" Pressure = "0" />
		<Point X = "158" Y = "105" T = "0" Pressure = "0" />
		<Point X = "158" Y = "107" T = "0" Pressure = "0" />
		<Point X = "158" Y = "108" T = "0" Pressure = "0" />
		<Point X = "157" Y = "108" T = "0" Pressure = "0" />
		<Point X = "157" Y = "109" T = "0" Pressure = "0" />
		<Point X = "156" Y = "110" T = "0" Pressure = "0" />
		<Point X = "155" Y = "111" T = "0" Pressure = "0" />
		<Point X = "154" Y = "111" T = "0" Pressure = "0" />
	</Stroke>
</Gesture>
