<?xml version="1.0" encoding="utf-8" standalone="yes"?>
<Gesture Name = "spiral">
	<Stroke>
		<Point X = "286" Y = "224" T = "0" Pressure = "0" />
		<Point X = "285" Y = "222" T = "0" Pressure = "0" />
		<Point X = "284" Y = "219" T = "0" Pressure = "0" />
		<Point X = "281" Y = "215" T = "0" Pressure = "0" />
		<Point X = "281" Y = "214" T = "0" Pressure = "0" />
		<Point X = "281" Y = "210" T = "0" Pressure = "0" />
		<Point X = "281" Y = "205" T = "0" Pressure = "0" />
		<Point X = "281" Y = "200" T = "0" Pressure = "0" />
		<Point X = "281" Y = "194" T = "0" Pressure = "0" />
		<Point X = "281" Y = "189" T = "0" Pressure = "0" />
		<Point X = "282" Y = "181" T = "0" Pressure = "0" />
		<Point X = "283" Y = "176" T = "0" Pressure = "0" />
		<Point X = "285" Y = "169" T = "0" Pressure = "0" />
		<Point X = "288" Y = "160" T = "0" Pressure = "0" />
		<Point X = "289" Y = "154" T = "0" Pressure = "0" />
		<Point X = "292" Y = "147" T = "0" Pressure = "0" />
		<Point X = "295" Y = "142" T = "0" Pressure = "0" />
		<Point X = "300" Y = "136" T = "0" Pressure = "0" />
		<Point X = "304" Y = "128" T = "0" Pressure = "0" />
		<Point X = "309" Y = "123" T = "0" Pressure = "0" />
		<Point X = "313" Y = "120" T = "0" Pressure = "0" />
		<Point X = "317" Y = "116" T = "0" Pressure = "0" />
		<Point X = "319" Y = "114" T = "0" Pressure = "0" />
		<Point X = "321" Y = "113" T = "0" Pressure = "0" />
		<Point X = "323" Y = "112" T = "0" Pressure = "0" />
		<Point X = "324" Y = "112" T = "0" Pressure = "0" />
		<Point X = "325" Y = "112" T = "0" Pressure = "0" />
		<Point X = "328" Y = "112" T = "0" Pressure = "0" />
		<Point X = "332" Y = "112" T = "0" Pressure = "0" />
		<Point X = "338" Y = "115" T = "0" Pressure = "0" />
		<Point X = "347" Y = "120" T = "0" Pressure = "0" />
		<Point X = "358" Y = "124" T = "0" Pressure = "0" />
		<Point X = "368" Y = "127" T = "0" Pressure = "0" />
		<Point X = "379" Y = "132" T = "0" Pressure = "0" />
		<Point X = "387" Y = "137" T = "0" Pressure = "0" />
		<Point X = "393" Y = "141" T = "0" Pressure = "0" />
		<Point X = "397" Y = "145" T = "0" Pressure = "0" />
		<Point X = "398" Y = "150" T = "0" Pressure = "0" />
		<Point X = "402" Y = "157" T = "0" Pressure = "0" />
		<Point X = "402" Y = "165" T = "0" Pressure = "0" />
		<Point X = "402" Y = "172" T = "0" Pressure = "0" />
		<Point X = "402" Y = "182" T = "0" Pressure = "0" />
		<Point X = "402" Y = "191" T = "0" Pressure = "0" />
		<Point X = "402" Y = "197" T = "0" Pressure = "0" />
		<Point X = "402" Y = "202" T = "0" Pressure = "0" />
		<Point X = "402" Y = "209" T = "0" Pressure = "0" />
		<Point X = "402" Y = "214" T = "0" Pressure = "0" />
		<Point X = "400" Y = "216" T = "0" Pressure = "0" />
		<Point X = "399" Y = "218" T = "0" Pressure = "0" />
		<Point X = "397" Y = "221" T = "0" Pressure = "0" />
		<Point X = "393" Y = "224" T = "0" Pressure = "0" />
		<Point X = "390" Y = "227" T = "0" Pressure = "0" />
		<Point X = "386" Y = "229" T = "0" Pressure = "0" />
		<Point X = "379" Y = "233" T = "0" Pressure = "0" />
		<Point X = "373" Y = "236" T = "0" Pressure = "0" />
		<Point X = "368" Y = "239" T = "0" Pressure = "0" />
		<Point X = "363" Y = "242" T = "0" Pressure = "0" />
		<Point X = "359" Y = "244" T = "0" Pressure = "0" />
		<Point X = "354" Y = "244" T = "0" Pressure = "0" />
		<Point X = "350" Y = "244" T = "0" Pressure = "0" />
		<Point X = "344" Y = "244" T = "0" Pressure = "0" />
		<Point X = "340" Y = "244" T = "0" Pressure = "0" />
		<Point X = "338" Y = "244" T = "0" Pressure = "0" />
		<Point X = "337" Y = "244" T = "0" Pressure = "0" />
		<Point X = "335" Y = "244" T = "0" Pressure = "0" />
		<Point X = "333" Y = "244" T = "0" Pressure = "0" />
		<Point X = "331" Y = "244" T = "0" Pressure = "0" />
		<Point X = "330" Y = "243" T = "0" Pressure = "0" />
		<Point X = "329" Y = "240" T = "0" Pressure = "0" />
		<Point X = "327" Y = "235" T = "0" Pressure = "0" />
		<Point X = "327" Y = "230" T = "0" Pressure = "0" />
		<Point X = "326" Y = "225" T = "0" Pressure = "0" />
		<Point X = "326" Y = "220" T = "0" Pressure = "0" />
		<Point X = "326" Y = "216" T = "0" Pressure = "0" />
		<Point X = "326" Y = "213" T = "0" Pressure = "0" />
		<Point X = "326" Y = "211" T = "0" Pressure = "0" />
		<Point X = "326" Y = "208" T = "0" Pressure = "0" />
		<Point X = "326" Y = "206" T = "0" Pressure = "0" />
		<Point X = "326" Y = "205" T = "0" Pressure = "0" />
		<Point X = "327" Y = "202" T = "0" Pressure = "0" />
		<Point X = "327" Y = "200" T = "0" Pressure = "0" />
		<Point X = "327" Y = "198" T = "0" Pressure = "0" />
		<Point X = "327" Y = "197" T = "0" Pressure = "0" />
		<Point X = "328" Y = "194" T = "0" Pressure = "0" />
		<Point X = "331" Y = "190" T = "0" Pressure = "0" />
		<Point X = "331" Y = "189" T = "0" Pressure = "0" />
		<Point X = "334" Y = "185" T = "0" Pressure = "0" />
		<Point X = "335" Y = "184" T = "0" Pressure = "0" />
		<Point X = "337" Y = "181" T = "0" Pressure = "0" />
		<Point X = "338" Y = "180" T = "0" Pressure = "0" />
		<Point X = "340" Y = "179" T = "0" Pressure = "0" />
		<Point X = "342" Y = "177" T = "0" Pressure = "0" />
		<Point X = "345" Y = "176" T = "0" Pressure = "0" />
		<Point X = "348" Y = "175" T = "0" Pressure = "0" />
		<Point X = "350" Y = "174" T = "0" Pressure = "0" />
		<Point X = "352" Y = "174" T = "0" Pressure = "0" />
		<Point X = "353" Y = "174" T = "0" Pressure = "0" />
		<Point X = "354" Y = "174" T = "0" Pressure = "0" />
		<Point X = "355" Y = "174" T = "0" Pressure = "0" />
		<Point X = "356" Y = "174" T = "0" Pressure = "0" />
		<Point X = "359" Y = "174" T = "0" Pressure = "0" />
		<Point X = "360" Y = "174" T = "0" Pressure = "0" />
		<Point X = "363" Y = "174" T = "0" Pressure = "0" />
		<Point X = "368" Y = "177" T = "0" Pressure = "0" />
		<Point X = "373" Y = "179" T = "0" Pressure = "0" />
		<Point X = "375" Y = "182" T = "0" Pressure = "0" />
		<Point X = "378" Y = "185" T = "0" Pressure = "0" />
		<Point X = "378" Y = "188" T = "0" Pressure = "0" />
		<Point X = "379" Y = "192" T = "0" Pressure = "0" />
		<Point X = "381" Y = "196" T = "0" Pressure = "0" />
		<Point X = "381" Y = "201" T = "0" Pressure = "0" />
		<Point X = "381" Y = "205" T = "0" Pressure = "0" />
		<Point X = "381" Y = "208" T = "0" Pressure = "0" />
		<Point X = "381" Y = "211" T = "0" Pressure = "0" />
		<Point X = "381" Y = "213" T = "0" Pressure = "0" />
		<Point X = "381" Y = "215" T = "0" Pressure = "0" />
		<Point X = "381" Y = "217" T = "0" Pressure = "0" />
		<Point X = "380" Y = "217" T = "0" Pressure = "0" />
		<Point X = "379" Y = "219" T = "0" Pressure = "0" />
		<Point X = "378" Y = "219" T = "0" Pressure = "0" />
		<Point X = "376" Y = "219" T = "0" Pressure = "0" />
		<Point X = "376" Y = "220" T = "0" Pressure = "0" />
		<Point X = "374" Y = "221" T = "0" Pressure = "0" />
		<Point X = "371" Y = "221" T = "0" Pressure = "0" />
		<Point X = "369" Y = "223" T = "0" Pressure = "0" />
		<Point X = "368" Y = "223" T = "0" Pressure = "0" />
		<Point X = "366" Y = "223" T = "0" Pressure = "0" />
		<Point X = "365" Y = "223" T = "0" Pressure = "0" />
		<Point X = "364" Y = "223" T = "0" Pressure = "0" />
		<Point X = "362" Y = "223" T = "0" Pressure = "0" />
		<Point X = "360" Y = "222" T = "0" Pressure = "0" />
		<Point X = "359" Y = "222" T = "0" Pressure = "0" />
		<Point X = "358" Y = "220" T = "0" Pressure = "0" />
		<Point X = "357" Y = "219" T = "0" Pressure = "0" />
		<Point X = "356" Y = "217" T = "0" Pressure = "0" />
		<Point X = "355" Y = "215" T = "0" Pressure = "0" />
		<Point X = "355" Y = "213" T = "0" Pressure = "0" />
		<Point X = "355" Y = "212" T = "0" Pressure = "0" />
		<Point X = "354" Y = "210" T = "0" Pressure = "0" />
		<Point X = "354" Y = "209" T = "0" Pressure = "0" />
		<Point X = "354" Y = "208" T = "0" Pressure = "0" />
		<Point X = "354" Y = "206" T = "0" Pressure = "0" />
		<Point X = "354" Y = "204" T = "0" Pressure = "0" />
		<Point X = "353" Y = "203" T = "0" Pressure = "0" />
		<Point X = "353" Y = "202" T = "0" Pressure = "0" />
		<Point X = "353" Y = "200" T = "0" Pressure = "0" />
		<Point X = "354" Y = "200" T = "0" Pressure = "0" />
		<Point X = "354" Y = "199" T = "0" Pressure = "0" />
		<Point X = "355" Y = "199" T = "0" Pressure = "0" />
		<Point X = "356" Y = "199" T = "0" Pressure = "0" />
		<Point X = "357" Y = "199" T = "0" Pressure = "0" />
		<Point X = "358" Y = "199" T = "0" Pressure = "0" />
		<Point X = "360" Y = "199" T = "0" Pressure = "0" />
		<Point X = "361" Y = "199" T = "0" Pressure = "0" />
		<Point X = "362" Y = "199" T = "0" Pressure = "0" />
		<Point X = "364" Y = "199" T = "0" Pressure = "0" />
		<Point X = "364" Y = "200" T = "0" Pressure = "0" />
		<Point X = "364" Y = "201" T = "0" Pressure = "0" />
		<Point X = "364" Y = "202" T = "0" Pressure = "0" />
		<Point X = "364" Y = "203" T = "0" Pressure = "0" />
		<Point X = "364" Y = "205" T = "0" Pressure = "0" />
		<Point X = "364" Y = "206" T = "0" Pressure = "0" />
		<Point X = "364" Y = "207" T = "0" Pressure = "0" />
	</Stroke>
</Gesture>
