<?xml version="1.0" encoding="utf-8" standalone="yes"?>
<Gesture Name = "spiral">
	<Stroke>
		<Point X = "150" Y = "293" T = "0" Pressure = "0" />
		<Point X = "149" Y = "290" T = "0" Pressure = "0" />
		<Point X = "146" Y = "288" T = "0" Pressure = "0" />
		<Point X = "141" Y = "283" T = "0" Pressure = "0" />
		<Point X = "138" Y = "279" T = "0" Pressure = "0" />
		<Point X = "122" Y = "270" T = "0" Pressure = "0" />
		<Point X = "115" Y = "263" T = "0" Pressure = "0" />
		<Point X = "107" Y = "256" T = "0" Pressure = "0" />
		<Point X = "98" Y = "247" T = "0" Pressure = "0" />
		<Point X = "91" Y = "238" T = "0" Pressure = "0" />
		<Point X = "86" Y = "228" T = "0" Pressure = "0" />
		<Point X = "84" Y = "221" T = "0" Pressure = "0" />
		<Point X = "83" Y = "211" T = "0" Pressure = "0" />
		<Point X = "81" Y = "205" T = "0" Pressure = "0" />
		<Point X = "81" Y = "201" T = "0" Pressure = "0" />
		<Point X = "81" Y = "197" T = "0" Pressure = "0" />
		<Point X = "83" Y = "191" T = "0" Pressure = "0" />
		<Point X = "86" Y = "185" T = "0" Pressure = "0" />
		<Point X = "89" Y = "181" T = "0" Pressure = "0" />
		<Point X = "94" Y = "176" T = "0" Pressure = "0" />
		<Point X = "99" Y = "172" T = "0" Pressure = "0" />
		<Point X = "105" Y = "169" T = "0" Pressure = "0" />
		<Point X = "110" Y = "165" T = "0" Pressure = "0" />
		<Point X = "116" Y = "161" T = "0" Pressure = "0" />
		<Point X = "121" Y = "159" T = "0" Pressure = "0" />
		<Point X = "126" Y = "156" T = "0" Pressure = "0" />
		<Point X = "133" Y = "154" T = "0" Pressure = "0" />
		<Point X = "140" Y = "151" T = "0" Pressure = "0" />
		<Point X = "150" Y = "149" T = "0" Pressure = "0" />
		<Point X = "157" Y = "149" T = "0" Pressure = "0" />
		<Point X = "171" Y = "149" T = "0" Pressure = "0" />
		<Point X = "183" Y = "149" T = "0" Pressure = "0" />
		<Point X = "192" Y = "149" T = "0" Pressure = "0" />
		<Point X = "201" Y = "149" T = "0" Pressure = "0" />
		<Point X = "210" Y = "149" T = "0" Pressure = "0" />
		<Point X = "217" Y = "149" T = "0" Pressure = "0" />
		<Point X = "225" Y = "149" T = "0" Pressure = "0" />
		<Point X = "232" Y = "149" T = "0" Pressure = "0" />
		<Point X = "238" Y = "149" T = "0" Pressure = "0" />
		<Point X = "242" Y = "149" T = "0" Pressure = "0" />
		<Point X = "246" Y = "151" T = "0" Pressure = "0" />
		<Point X = "248" Y = "153" T = "0" Pressure = "0" />
		<Point X = "251" Y = "156" T = "0" Pressure = "0" />
		<Point X = "255" Y = "160" T = "0" Pressure = "0" />
		<Point X = "259" Y = "165" T = "0" Pressure = "0" />
		<Point X = "265" Y = "174" T = "0" Pressure = "0" />
		<Point X = "269" Y = "181" T = "0" Pressure = "0" />
		<Point X = "274" Y = "190" T = "0" Pressure = "0" />
		<Point X = "279" Y = "198" T = "0" Pressure = "0" />
		<Point X = "280" Y = "202" T = "0" Pressure = "0" />
		<Point X = "282" Y = "207" T = "0" Pressure = "0" />
		<Point X = "282" Y = "212" T = "0" Pressure = "0" />
		<Point X = "282" Y = "218" T = "0" Pressure = "0" />
		<Point X = "282" Y = "225" T = "0" Pressure = "0" />
		<Point X = "282" Y = "231" T = "0" Pressure = "0" />
		<Point X = "280" Y = "238" T = "0" Pressure = "0" />
		<Point X = "274" Y = "247" T = "0" Pressure = "0" />
		<Point X = "267" Y = "255" T = "0" Pressure = "0" />
		<Point X = "261" Y = "264" T = "0" Pressure = "0" />
		<Point X = "256" Y = "271" T = "0" Pressure = "0" />
		<Point X = "255" Y = "273" T = "0" Pressure = "0" />
		<Point X = "251" Y = "276" T = "0" Pressure = "0" />
		<Point X = "251" Y = "277" T = "0" Pressure = "0" />
		<Point X = "249" Y = "278" T = "0" Pressure = "0" />
		<Point X = "247" Y = "278" T = "0" Pressure = "0" />
		<Point X = "244" Y = "279" T = "0" Pressure = "0" />
		<Point X = "242" Y = "280" T = "0" Pressure = "0" />
		<Point X = "240" Y = "281" T = "0" Pressure = "0" />
		<Point X = "236" Y = "281" T = "0" Pressure = "0" />
		<Point X = "229" Y = "281" T = "0" Pressure = "0" />
		<Point X = "223" Y = "281" T = "0" Pressure = "0" />
		<Point X = "214" Y = "281" T = "0" Pressure = "0" />
		<Point X = "209" Y = "281" T = "0" Pressure = "0" />
		<Point X = "202" Y = "281" T = "0" Pressure = "0" />
		<Point X = "193" Y = "279" T = "0" Pressure = "0" />
		<Point X = "187" Y = "277" T = "0" Pressure = "0" />
		<Point X = "182" Y = "276" T = "0" Pressure = "0" />
		<Point X = "179" Y = "274" T = "0" Pressure = "0" />
		<Point X = "177" Y = "273" T = "0" Pressure = "0" />
		<Point X = "175" Y = "271" T = "0" Pressure = "0" />
		<Point X = "175" Y = "267" T = "0" Pressure = "0" />
		<Point X = "175" Y = "264" T = "0" Pressure = "0" />
		<Point X = "175" Y = "261" T = "0" Pressure = "0" />
		<Point X = "174" Y = "256" T = "0" Pressure = "0" />
		<Point X = "173" Y = "251" T = "0" Pressure = "0" />
		<Point X = "173" Y = "248" T = "0" Pressure = "0" />
		<Point X = "171" Y = "243" T = "0" Pressure = "0" />
		<Point X = "171" Y = "239" T = "0" Pressure = "0" />
		<Point X = "171" Y = "236" T = "0" Pressure = "0" />
		<Point X = "171" Y = "235" T = "0" Pressure = "0" />
		<Point X = "172" Y = "230" T = "0" Pressure = "0" />
		<Point X = "173" Y = "229" T = "0" Pressure = "0" />
		<Point X = "175" Y = "225" T = "0" Pressure = "0" />
		<Point X = "176" Y = "221" T = "0" Pressure = "0" />
		<Point X = "178" Y = "217" T = "0" Pressure = "0" />
		<Point X = "179" Y = "215" T = "0" Pressure = "0" />
		<Point X = "181" Y = "211" T = "0" Pressure = "0" />
		<Point X = "185" Y = "208" T = "0" Pressure = "0" />
		<Point X = "188" Y = "205" T = "0" Pressure = "0" />
		<Point X = "193" Y = "203" T = "0" Pressure = "0" />
		<Point X = "203" Y = "201" T = "0" Pressure = "0" />
		<Point X = "208" Y = "201" T = "0" Pressure = "0" />
		<Point X = "212" Y = "201" T = "0" Pressure = "0" />
		<Point X = "217" Y = "201" T = "0" Pressure = "0" />
		<Point X = "220" Y = "201" T = "0" Pressure = "0" />
		<Point X = "221" Y = "201" T = "0" Pressure = "0" />
		<Point X = "223" Y = "201" T = "0" Pressure = "0" />
		<Point X = "224" Y = "202" T = "0" Pressure = "0" />
		<Point X = "227" Y = "204" T = "0" Pressure = "0" />
		<Point X = "228" Y = "207" T = "0" Pressure = "0" />
		<Point X = "230" Y = "209" T = "0" Pressure = "0" />
		<Point X = "231" Y = "210" T = "0" Pressure = "0" />
		<Point X = "235" Y = "214" T = "0" Pressure = "0" />
		<Point X = "235" Y = "215" T = "0" Pressure = "0" />
		<Point X = "235" Y = "216" T = "0" Pressure = "0" />
		<Point X = "235" Y = "219" T = "0" Pressure = "0" />
		<Point X = "235" Y = "222" T = "0" Pressure = "0" />
		<Point X = "235" Y = "223" T = "0" Pressure = "0" />
		<Point X = "235" Y = "226" T = "0" Pressure = "0" />
		<Point X = "235" Y = "227" T = "0" Pressure = "0" />
		<Point X = "235" Y = "231" T = "0" Pressure = "0" />
		<Point X = "233" Y = "234" T = "0" Pressure = "0" />
		<Point X = "232" Y = "235" T = "0" Pressure = "0" />
		<Point X = "228" Y = "239" T = "0" Pressure = "0" />
		<Point X = "227" Y = "240" T = "0" Pressure = "0" />
		<Point X = "224" Y = "240" T = "0" Pressure = "0" />
		<Point X = "222" Y = "243" T = "0" Pressure = "0" />
		<Point X = "221" Y = "243" T = "0" Pressure = "0" />
		<Point X = "219" Y = "243" T = "0" Pressure = "0" />
		<Point X = "216" Y = "244" T = "0" Pressure = "0" />
		<Point X = "213" Y = "246" T = "0" Pressure = "0" />
		<Point X = "212" Y = "246" T = "0" Pressure = "0" />
		<Point X = "211" Y = "246" T = "0" Pressure = "0" />
		<Point X = "210" Y = "246" T = "0" Pressure = "0" />
		<Point X = "209" Y = "246" T = "0" Pressure = "0" />
		<Point X = "208" Y = "246" T = "0" Pressure = "0" />
		<Point X = "205" Y = "246" T = "0" Pressure = "0" />
		<Point X = "203" Y = "244" T = "0" Pressure = "0" />
		<Point X = "202" Y = "244" T = "0" Pressure = "0" />
		<Point X = "202" Y = "243" T = "0" Pressure = "0" />
		<Point X = "201" Y = "242" T = "0" Pressure = "0" />
		<Point X = "200" Y = "241" T = "0" Pressure = "0" />
		<Point X = "200" Y = "240" T = "0" Pressure = "0" />
		<Point X = "200" Y = "239" T = "0" Pressure = "0" />
		<Point X = "200" Y = "238" T = "0" Pressure = "0" />
		<Point X = "200" Y = "237" T = "0" Pressure = "0" />
		<Point X = "200" Y = "236" T = "0" Pressure = "0" />
		<Point X = "200" Y = "235" T = "0" Pressure = "0" />
		<Point X = "201" Y = "234" T = "0" Pressure = "0" />
	</Stroke>
</Gesture>
