<?xml version="1.0" encoding="utf-8" standalone="yes"?>
<Gesture Name = "spiral">
	<Stroke>
		<Point X = "380" Y = "88" T = "0" Pressure = "0" />
		<Point X = "378" Y = "88" T = "0" Pressure = "0" />
		<Point X = "375" Y = "88" T = "0" Pressure = "0" />
		<Point X = "370" Y = "88" T = "0" Pressure = "0" />
		<Point X = "363" Y = "88" T = "0" Pressure = "0" />
		<Point X = "352" Y = "90" T = "0" Pressure = "0" />
		<Point X = "339" Y = "95" T = "0" Pressure = "0" />
		<Point X = "321" Y = "100" T = "0" Pressure = "0" />
		<Point X = "309" Y = "103" T = "0" Pressure = "0" />
		<Point X = "299" Y = "106" T = "0" Pressure = "0" />
		<Point X = "289" Y = "110" T = "0" Pressure = "0" />
		<Point X = "279" Y = "116" T = "0" Pressure = "0" />
		<Point X = "271" Y = "123" T = "0" Pressure = "0" />
		<Point X = "264" Y = "130" T = "0" Pressure = "0" />
		<Point X = "259" Y = "135" T = "0" Pressure = "0" />
		<Point X = "252" Y = "140" T = "0" Pressure = "0" />
		<Point X = "249" Y = "143" T = "0" Pressure = "0" />
		<Point X = "246" Y = "145" T = "0" Pressure = "0" />
		<Point X = "244" Y = "147" T = "0" Pressure = "0" />
		<Point X = "242" Y = "151" T = "0" Pressure = "0" />
		<Point X = "241" Y = "152" T = "0" Pressure = "0" />
		<Point X = "240" Y = "156" T = "0" Pressure = "0" />
		<Point X = "239" Y = "163" T = "0" Pressure = "0" />
		<Point X = "239" Y = "170" T = "0" Pressure = "0" />
		<Point X = "239" Y = "179" T = "0" Pressure = "0" />
		<Point X = "239" Y = "187" T = "0" Pressure = "0" />
		<Point X = "239" Y = "194" T = "0" Pressure = "0" />
		<Point X = "239" Y = "201" T = "0" Pressure = "0" />
		<Point X = "239" Y = "206" T = "0" Pressure = "0" />
		<Point X = "239" Y = "213" T = "0" Pressure = "0" />
		<Point X = "239" Y = "220" T = "0" Pressure = "0" />
		<Point X = "241" Y = "227" T = "0" Pressure = "0" />
		<Point X = "244" Y = "234" T = "0" Pressure = "0" />
		<Point X = "248" Y = "239" T = "0" Pressure = "0" />
		<Point X = "255" Y = "246" T = "0" Pressure = "0" />
		<Point X = "262" Y = "252" T = "0" Pressure = "0" />
		<Point X = "269" Y = "258" T = "0" Pressure = "0" />
		<Point X = "276" Y = "262" T = "0" Pressure = "0" />
		<Point X = "283" Y = "263" T = "0" Pressure = "0" />
		<Point X = "289" Y = "264" T = "0" Pressure = "0" />
		<Point X = "295" Y = "266" T = "0" Pressure = "0" />
		<Point X = "302" Y = "266" T = "0" Pressure = "0" />
		<Point X = "307" Y = "266" T = "0" Pressure = "0" />
		<Point X = "313" Y = "266" T = "0" Pressure = "0" />
		<Point X = "318" Y = "266" T = "0" Pressure = "0" />
		<Point X = "326" Y = "266" T = "0" Pressure = "0" />
		<Point X = "336" Y = "266" T = "0" Pressure = "0" />
		<Point X = "343" Y = "266" T = "0" Pressure = "0" />
		<Point X = "351" Y = "266" T = "0" Pressure = "0" />
		<Point X = "354" Y = "266" T = "0" Pressure = "0" />
		<Point X = "358" Y = "264" T = "0" Pressure = "0" />
		<Point X = "363" Y = "260" T = "0" Pressure = "0" />
		<Point X = "365" Y = "257" T = "0" Pressure = "0" />
		<Point X = "367" Y = "252" T = "0" Pressure = "0" />
		<Point X = "371" Y = "246" T = "0" Pressure = "0" />
		<Point X = "372" Y = "239" T = "0" Pressure = "0" />
		<Point X = "375" Y = "232" T = "0" Pressure = "0" />
		<Point X = "377" Y = "226" T = "0" Pressure = "0" />
		<Point X = "377" Y = "221" T = "0" Pressure = "0" />
		<Point X = "377" Y = "217" T = "0" Pressure = "0" />
		<Point X = "377" Y = "212" T = "0" Pressure = "0" />
		<Point X = "377" Y = "209" T = "0" Pressure = "0" />
		<Point X = "377" Y = "205" T = "0" Pressure = "0" />
		<Point X = "377" Y = "201" T = "0" Pressure = "0" />
		<Point X = "377" Y = "198" T = "0" Pressure = "0" />
		<Point X = "376" Y = "194" T = "0" Pressure = "0" />
		<Point X = "373" Y = "189" T = "0" Pressure = "0" />
		<Point X = "369" Y = "187" T = "0" Pressure = "0" />
		<Point X = "366" Y = "184" T = "0" Pressure = "0" />
		<Point X = "362" Y = "182" T = "0" Pressure = "0" />
		<Point X = "357" Y = "179" T = "0" Pressure = "0" />
		<Point X = "355" Y = "179" T = "0" Pressure = "0" />
		<Point X = "354" Y = "178" T = "0" Pressure = "0" />
		<Point X = "349" Y = "176" T = "0" Pressure = "0" />
		<Point X = "348" Y = "175" T = "0" Pressure = "0" />
		<Point X = "347" Y = "175" T = "0" Pressure = "0" />
		<Point X = "341" Y = "174" T = "0" Pressure = "0" />
		<Point X = "339" Y = "174" T = "0" Pressure = "0" />
		<Point X = "337" Y = "174" T = "0" Pressure = "0" />
		<Point X = "334" Y = "174" T = "0" Pressure = "0" />
		<Point X = "332" Y = "174" T = "0" Pressure = "0" />
		<Point X = "330" Y = "174" T = "0" Pressure = "0" />
		<Point X = "328" Y = "174" T = "0" Pressure = "0" />
		<Point X = "327" Y = "174" T = "0" Pressure = "0" />
		<Point X = "323" Y = "174" T = "0" Pressure = "0" />
		<Point X = "321" Y = "175" T = "0" Pressure = "0" />
		<Point X = "318" Y = "177" T = "0" Pressure = "0" />
		<Point X = "313" Y = "181" T = "0" Pressure = "0" />
		<Point X = "309" Y = "184" T = "0" Pressure = "0" />
		<Point X = "304" Y = "189" T = "0" Pressure = "0" />
		<Point X = "299" Y = "194" T = "0" Pressure = "0" />
		<Point X = "297" Y = "197" T = "0" Pressure = "0" />
		<Point X = "294" Y = "204" T = "0" Pressure = "0" />
		<Point X = "293" Y = "208" T = "0" Pressure = "0" />
		<Point X = "291" Y = "213" T = "0" Pressure = "0" />
		<Point X = "290" Y = "217" T = "0" Pressure = "0" />
		<Point X = "289" Y = "221" T = "0" Pressure = "0" />
		<Point X = "289" Y = "224" T = "0" Pressure = "0" />
		<Point X = "287" Y = "227" T = "0" Pressure = "0" />
		<Point X = "287" Y = "229" T = "0" Pressure = "0" />
		<Point X = "287" Y = "230" T = "0" Pressure = "0" />
		<Point X = "287" Y = "234" T = "0" Pressure = "0" />
		<Point X = "287" Y = "237" T = "0" Pressure = "0" />
		<Point X = "287" Y = "240" T = "0" Pressure = "0" />
		<Point X = "287" Y = "242" T = "0" Pressure = "0" />
		<Point X = "287" Y = "245" T = "0" Pressure = "0" />
		<Point X = "287" Y = "248" T = "0" Pressure = "0" />
		<Point X = "290" Y = "250" T = "0" Pressure = "0" />
		<Point X = "292" Y = "252" T = "0" Pressure = "0" />
		<Point X = "294" Y = "254" T = "0" Pressure = "0" />
		<Point X = "297" Y = "254" T = "0" Pressure = "0" />
		<Point X = "300" Y = "255" T = "0" Pressure = "0" />
		<Point X = "302" Y = "255" T = "0" Pressure = "0" />
		<Point X = "306" Y = "255" T = "0" Pressure = "0" />
		<Point X = "312" Y = "255" T = "0" Pressure = "0" />
		<Point X = "320" Y = "255" T = "0" Pressure = "0" />
		<Point X = "325" Y = "255" T = "0" Pressure = "0" />
		<Point X = "329" Y = "255" T = "0" Pressure = "0" />
		<Point X = "332" Y = "253" T = "0" Pressure = "0" />
		<Point X = "334" Y = "252" T = "0" Pressure = "0" />
		<Point X = "338" Y = "250" T = "0" Pressure = "0" />
		<Point X = "339" Y = "249" T = "0" Pressure = "0" />
		<Point X = "342" Y = "244" T = "0" Pressure = "0" />
		<Point X = "343" Y = "242" T = "0" Pressure = "0" />
		<Point X = "345" Y = "239" T = "0" Pressure = "0" />
		<Point X = "345" Y = "238" T = "0" Pressure = "0" />
		<Point X = "346" Y = "236" T = "0" Pressure = "0" />
		<Point X = "346" Y = "234" T = "0" Pressure = "0" />
		<Point X = "347" Y = "232" T = "0" Pressure = "0" />
		<Point X = "347" Y = "230" T = "0" Pressure = "0" />
		<Point X = "347" Y = "229" T = "0" Pressure = "0" />
		<Point X = "347" Y = "228" T = "0" Pressure = "0" />
		<Point X = "347" Y = "226" T = "0" Pressure = "0" />
		<Point X = "347" Y = "224" T = "0" Pressure = "0" />
		<Point X = "347" Y = "222" T = "0" Pressure = "0" />
		<Point X = "347" Y = "220" T = "0" Pressure = "0" />
		<Point X = "347" Y = "219" T = "0" Pressure = "0" />
		<Point X = "347" Y = "218" T = "0" Pressure = "0" />
		<Point X = "345" Y = "217" T = "0" Pressure = "0" />
		<Point X = "341" Y = "217" T = "0" Pressure = "0" />
		<Point X = "339" Y = "216" T = "0" Pressure = "0" />
		<Point X = "338" Y = "216" T = "0" Pressure = "0" />
		<Point X = "336" Y = "216" T = "0" Pressure = "0" />
		<Point X = "334" Y = "216" T = "0" Pressure = "0" />
		<Point X = "333" Y = "216" T = "0" Pressure = "0" />
		<Point X = "332" Y = "216" T = "0" Pressure = "0" />
		<Point X = "331" Y = "216" T = "0" Pressure = "0" />
		<Point X = "329" Y = "216" T = "0" Pressure = "0" />
		<Point X = "328" Y = "216" T = "0" Pressure = "0" />
		<Point X = "326" Y = "216" T = "0" Pressure = "0" />
		<Point X = "325" Y = "216" T = "0" Pressure = "0" />
		<Point X = "324" Y = "216" T = "0" Pressure = "0" />
		<Point X = "324" Y = "217" T = "0" Pressure = "0" />
		<Point X = "323" Y = "219" T = "0" Pressure = "0" />
		<Point X = "323" Y = "220" T = "0" Pressure = "0" />
		<Point X = "322" Y = "222" T = "0" Pressure = "0" />
		<Point X = "322" Y = "223" T = "0" Pressure = "0" />
		<Point X = "322" Y = "225" T = "0" Pressure = "0" />
		<Point X = "322" Y = "226" T = "0" Pressure = "0" />
		<Point X = "322" Y = "227" T = "0" Pressure = "0" />
		<Point X = "323" Y = "227" T = "0" Pressure = "0" />
		<Point X = "324" Y = "228" T = "0" Pressure = "0" />
		<Point X = "324" Y = "229" T = "0" Pressure = "0" />
		<Point X = "325" Y = "229" T = "0" Pressure = "0" />
		<Point X = "326" Y = "229" T = "0" Pressure = "0" />
		<Point X = "327" Y = "229" T = "0" Pressure = "0" />
		<Point X = "328" Y = "229" T = "0" Pressure = "0" />
		<Point X = "329" Y = "229" T = "0" Pressure = "0" />
		<Point X = "329" Y = "228" T = "0" Pressure = "0" />
	</Stroke>
</Gesture>
