<?xml version="1.0" encoding="utf-8" standalone="yes"?>
<Gesture Name = "spiral">
	<Stroke>
		<Point X = "365" Y = "107" T = "0" Pressure = "0" />
		<Point X = "362" Y = "105" T = "0" Pressure = "0" />
		<Point X = "361" Y = "104" T = "0" Pressure = "0" />
		<Point X = "360" Y = "104" T = "0" Pressure = "0" />
		<Point X = "360" Y = "103" T = "0" Pressure = "0" />
		<Point X = "358" Y = "103" T = "0" Pressure = "0" />
		<Point X = "357" Y = "101" T = "0" Pressure = "0" />
		<Point X = "356" Y = "101" T = "0" Pressure = "0" />
		<Point X = "356" Y = "100" T = "0" Pressure = "0" />
		<Point X = "354" Y = "99" T = "0" Pressure = "0" />
		<Point X = "353" Y = "99" T = "0" Pressure = "0" />
		<Point X = "351" Y = "98" T = "0" Pressure = "0" />
		<Point X = "350" Y = "97" T = "0" Pressure = "0" />
		<Point X = "347" Y = "97" T = "0" Pressure = "0" />
		<Point X = "343" Y = "95" T = "0" Pressure = "0" />
		<Point X = "342" Y = "94" T = "0" Pressure = "0" />
		<Point X = "340" Y = "93" T = "0" Pressure = "0" />
		<Point X = "338" Y = "93" T = "0" Pressure = "0" />
		<Point X = "337" Y = "92" T = "0" Pressure = "0" />
		<Point X = "335" Y = "91" T = "0" Pressure = "0" />
		<Point X = "333" Y = "90" T = "0" Pressure = "0" />
		<Point X = "330" Y = "88" T = "0" Pressure = "0" />
		<Point X = "328" Y = "88" T = "0" Pressure = "0" />
		<Point X = "324" Y = "86" T = "0" Pressure = "0" />
		<Point X = "320" Y = "86" T = "0" Pressure = "0" />
		<Point X = "314" Y = "86" T = "0" Pressure = "0" />
		<Point X = "308" Y = "85" T = "0" Pressure = "0" />
		<Point X = "304" Y = "85" T = "0" Pressure = "0" />
		<Point X = "299" Y = "83" T = "0" Pressure = "0" />
		<Point X = "296" Y = "83" T = "0" Pressure = "0" />
		<Point X = "294" Y = "84" T = "0" Pressure = "0" />
		<Point X = "292" Y = "84" T = "0" Pressure = "0" />
		<Point X = "288" Y = "87" T = "0" Pressure = "0" />
		<Point X = "285" Y = "89" T = "0" Pressure = "0" />
		<Point X = "281" Y = "93" T = "0" Pressure = "0" />
		<Point X = "278" Y = "97" T = "0" Pressure = "0" />
		<Point X = "275" Y = "98" T = "0" Pressure = "0" />
		<Point X = "272" Y = "102" T = "0" Pressure = "0" />
		<Point X = "268" Y = "105" T = "0" Pressure = "0" />
		<Point X = "266" Y = "106" T = "0" Pressure = "0" />
		<Point X = "263" Y = "109" T = "0" Pressure = "0" />
		<Point X = "262" Y = "109" T = "0" Pressure = "0" />
		<Point X = "259" Y = "110" T = "0" Pressure = "0" />
		<Point X = "258" Y = "111" T = "0" Pressure = "0" />
		<Point X = "257" Y = "112" T = "0" Pressure = "0" />
		<Point X = "256" Y = "113" T = "0" Pressure = "0" />
		<Point X = "255" Y = "115" T = "0" Pressure = "0" />
		<Point X = "254" Y = "118" T = "0" Pressure = "0" />
		<Point X = "251" Y = "123" T = "0" Pressure = "0" />
		<Point X = "251" Y = "126" T = "0" Pressure = "0" />
		<Point X = "248" Y = "132" T = "0" Pressure = "0" />
		<Point X = "246" Y = "136" T = "0" Pressure = "0" />
		<Point X = "244" Y = "142" T = "0" Pressure = "0" />
		<Point X = "242" Y = "146" T = "0" Pressure = "0" />
		<Point X = "242" Y = "150" T = "0" Pressure = "0" />
		<Point X = "241" Y = "152" T = "0" Pressure = "0" />
		<Point X = "241" Y = "155" T = "0" Pressure = "0" />
		<Point X = "241" Y = "160" T = "0" Pressure = "0" />
		<Point X = "241" Y = "163" T = "0" Pressure = "0" />
		<Point X = "241" Y = "164" T = "0" Pressure = "0" />
		<Point X = "241" Y = "167" T = "0" Pressure = "0" />
		<Point X = "241" Y = "170" T = "0" Pressure = "0" />
		<Point X = "242" Y = "172" T = "0" Pressure = "0" />
		<Point X = "243" Y = "175" T = "0" Pressure = "0" />
		<Point X = "246" Y = "179" T = "0" Pressure = "0" />
		<Point X = "248" Y = "181" T = "0" Pressure = "0" />
		<Point X = "250" Y = "185" T = "0" Pressure = "0" />
		<Point X = "253" Y = "187" T = "0" Pressure = "0" />
		<Point X = "255" Y = "190" T = "0" Pressure = "0" />
		<Point X = "256" Y = "192" T = "0" Pressure = "0" />
		<Point X = "259" Y = "194" T = "0" Pressure = "0" />
		<Point X = "263" Y = "199" T = "0" Pressure = "0" />
		<Point X = "265" Y = "201" T = "0" Pressure = "0" />
		<Point X = "269" Y = "204" T = "0" Pressure = "0" />
		<Point X = "275" Y = "209" T = "0" Pressure = "0" />
		<Point X = "280" Y = "212" T = "0" Pressure = "0" />
		<Point X = "283" Y = "214" T = "0" Pressure = "0" />
		<Point X = "288" Y = "216" T = "0" Pressure = "0" />
		<Point X = "289" Y = "216" T = "0" Pressure = "0" />
		<Point X = "290" Y = "216" T = "0" Pressure = "0" />
		<Point X = "291" Y = "216" T = "0" Pressure = "0" />
		<Point X = "293" Y = "216" T = "0" Pressure = "0" />
		<Point X = "294" Y = "216" T = "0" Pressure = "0" />
		<Point X = "295" Y = "216" T = "0" Pressure = "0" />
		<Point X = "298" Y = "216" T = "0" Pressure = "0" />
		<Point X = "301" Y = "216" T = "0" Pressure = "0" />
		<Point X = "304" Y = "214" T = "0" Pressure = "0" />
		<Point X = "307" Y = "214" T = "0" Pressure = "0" />
		<Point X = "309" Y = "214" T = "0" Pressure = "0" />
		<Point X = "311" Y = "214" T = "0" Pressure = "0" />
		<Point X = "312" Y = "213" T = "0" Pressure = "0" />
		<Point X = "313" Y = "212" T = "0" Pressure = "0" />
		<Point X = "316" Y = "210" T = "0" Pressure = "0" />
		<Point X = "319" Y = "208" T = "0" Pressure = "0" />
		<Point X = "321" Y = "206" T = "0" Pressure = "0" />
		<Point X = "325" Y = "204" T = "0" Pressure = "0" />
		<Point X = "327" Y = "202" T = "0" Pressure = "0" />
		<Point X = "331" Y = "198" T = "0" Pressure = "0" />
		<Point X = "332" Y = "197" T = "0" Pressure = "0" />
		<Point X = "335" Y = "194" T = "0" Pressure = "0" />
		<Point X = "337" Y = "192" T = "0" Pressure = "0" />
		<Point X = "338" Y = "191" T = "0" Pressure = "0" />
		<Point X = "339" Y = "186" T = "0" Pressure = "0" />
		<Point X = "339" Y = "185" T = "0" Pressure = "0" />
		<Point X = "340" Y = "182" T = "0" Pressure = "0" />
		<Point X = "341" Y = "179" T = "0" Pressure = "0" />
		<Point X = "341" Y = "177" T = "0" Pressure = "0" />
		<Point X = "341" Y = "173" T = "0" Pressure = "0" />
		<Point X = "341" Y = "171" T = "0" Pressure = "0" />
		<Point X = "341" Y = "168" T = "0" Pressure = "0" />
		<Point X = "341" Y = "167" T = "0" Pressure = "0" />
		<Point X = "341" Y = "165" T = "0" Pressure = "0" />
		<Point X = "341" Y = "164" T = "0" Pressure = "0" />
		<Point X = "341" Y = "163" T = "0" Pressure = "0" />
		<Point X = "341" Y = "161" T = "0" Pressure = "0" />
		<Point X = "341" Y = "159" T = "0" Pressure = "0" />
		<Point X = "341" Y = "156" T = "0" Pressure = "0" />
		<Point X = "341" Y = "154" T = "0" Pressure = "0" />
		<Point X = "341" Y = "152" T = "0" Pressure = "0" />
		<Point X = "341" Y = "149" T = "0" Pressure = "0" />
		<Point X = "340" Y = "146" T = "0" Pressure = "0" />
		<Point X = "340" Y = "144" T = "0" Pressure = "0" />
		<Point X = "339" Y = "141" T = "0" Pressure = "0" />
		<Point X = "339" Y = "139" T = "0" Pressure = "0" />
		<Point X = "338" Y = "137" T = "0" Pressure = "0" />
		<Point X = "337" Y = "135" T = "0" Pressure = "0" />
		<Point X = "337" Y = "134" T = "0" Pressure = "0" />
		<Point X = "336" Y = "133" T = "0" Pressure = "0" />
		<Point X = "335" Y = "132" T = "0" Pressure = "0" />
		<Point X = "335" Y = "131" T = "0" Pressure = "0" />
		<Point X = "334" Y = "131" T = "0" Pressure = "0" />
		<Point X = "333" Y = "130" T = "0" Pressure = "0" />
		<Point X = "331" Y = "130" T = "0" Pressure = "0" />
		<Point X = "329" Y = "128" T = "0" Pressure = "0" />
		<Point X = "327" Y = "127" T = "0" Pressure = "0" />
		<Point X = "327" Y = "126" T = "0" Pressure = "0" />
		<Point X = "325" Y = "126" T = "0" Pressure = "0" />
		<Point X = "324" Y = "125" T = "0" Pressure = "0" />
		<Point X = "322" Y = "124" T = "0" Pressure = "0" />
		<Point X = "320" Y = "124" T = "0" Pressure = "0" />
		<Point X = "319" Y = "124" T = "0" Pressure = "0" />
		<Point X = "318" Y = "124" T = "0" Pressure = "0" />
		<Point X = "317" Y = "124" T = "0" Pressure = "0" />
		<Point X = "316" Y = "124" T = "0" Pressure = "0" />
		<Point X = "315" Y = "124" T = "0" Pressure = "0" />
		<Point X = "314" Y = "124" T = "0" Pressure = "0" />
		<Point X = "312" Y = "124" T = "0" Pressure = "0" />
		<Point X = "311" Y = "124" T = "0" Pressure = "0" />
		<Point X = "310" Y = "124" T = "0" Pressure = "0" />
		<Point X = "308" Y = "125" T = "0" Pressure = "0" />
		<Point X = "307" Y = "125" T = "0" Pressure = "0" />
		<Point X = "305" Y = "125" T = "0" Pressure = "0" />
		<Point X = "303" Y = "125" T = "0" Pressure = "0" />
		<Point X = "302" Y = "126" T = "0" Pressure = "0" />
		<Point X = "301" Y = "127" T = "0" Pressure = "0" />
		<Point X = "299" Y = "128" T = "0" Pressure = "0" />
		<Point X = "298" Y = "130" T = "0" Pressure = "0" />
		<Point X = "297" Y = "130" T = "0" Pressure = "0" />
		<Point X = "296" Y = "132" T = "0" Pressure = "0" />
		<Point X = "293" Y = "134" T = "0" Pressure = "0" />
		<Point X = "292" Y = "135" T = "0" Pressure = "0" />
		<Point X = "290" Y = "137" T = "0" Pressure = "0" />
		<Point X = "287" Y = "139" T = "0" Pressure = "0" />
		<Point X = "287" Y = "140" T = "0" Pressure = "0" />
		<Point X = "285" Y = "141" T = "0" Pressure = "0" />
		<Point X = "283" Y = "143" T = "0" Pressure = "0" />
		<Point X = "282" Y = "144" T = "0" Pressure = "0" />
		<Point X = "282" Y = "145" T = "0" Pressure = "0" />
		<Point X = "280" Y = "147" T = "0" Pressure = "0" />
		<Point X = "279" Y = "147" T = "0" Pressure = "0" />
		<Point X = "279" Y = "148" T = "0" Pressure = "0" />
		<Point X = "278" Y = "150" T = "0" Pressure = "0" />
		<Point X = "277" Y = "151" T = "0" Pressure = "0" />
		<Point X = "276" Y = "153" T = "0" Pressure = "0" />
		<Point X = "275" Y = "155" T = "0" Pressure = "0" />
		<Point X = "274" Y = "157" T = "0" Pressure = "0" />
		<Point X = "273" Y = "160" T = "0" Pressure = "0" />
		<Point X = "271" Y = "164" T = "0" Pressure = "0" />
		<Point X = "270" Y = "167" T = "0" Pressure = "0" />
		<Point X = "270" Y = "169" T = "0" Pressure = "0" />
		<Point X = "268" Y = "173" T = "0" Pressure = "0" />
		<Point X = "268" Y = "176" T = "0" Pressure = "0" />
		<Point X = "268" Y = "179" T = "0" Pressure = "0" />
		<Point X = "268" Y = "180" T = "0" Pressure = "0" />
		<Point X = "268" Y = "182" T = "0" Pressure = "0" />
		<Point X = "268" Y = "183" T = "0" Pressure = "0" />
		<Point X = "268" Y = "184" T = "0" Pressure = "0" />
		<Point X = "268" Y = "185" T = "0" Pressure = "0" />
		<Point X = "268" Y = "186" T = "0" Pressure = "0" />
		<Point X = "269" Y = "186" T = "0" Pressure = "0" />
		<Point X = "270" Y = "186" T = "0" Pressure = "0" />
		<Point X = "270" Y = "187" T = "0" Pressure = "0" />
		<Point X = "272" Y = "188" T = "0" Pressure = "0" />
		<Point X = "275" Y = "189" T = "0" Pressure = "0" />
		<Point X = "276" Y = "190" T = "0" Pressure = "0" />
		<Point X = "278" Y = "191" T = "0" Pressure = "0" />
		<Point X = "279" Y = "191" T = "0" Pressure = "0" />
		<Point X = "283" Y = "192" T = "0" Pressure = "0" />
		<Point X = "285" Y = "193" T = "0" Pressure = "0" />
		<Point X = "287" Y = "193" T = "0" Pressure = "0" />
		<Point X = "290" Y = "194" T = "0" Pressure = "0" />
		<Point X = "293" Y = "194" T = "0" Pressure = "0" />
		<Point X = "297" Y = "194" T = "0" Pressure = "0" />
		<Point X = "300" Y = "194" T = "0" Pressure = "0" />
		<Point X = "301" Y = "194" T = "0" Pressure = "0" />
		<Point X = "304" Y = "193" T = "0" Pressure = "0" />
		<Point X = "305" Y = "192" T = "0" Pressure = "0" />
		<Point X = "306" Y = "190" T = "0" Pressure = "0" />
		<Point X = "307" Y = "187" T = "0" Pressure = "0" />
		<Point X = "308" Y = "186" T = "0" Pressure = "0" />
		<Point X = "310" Y = "184" T = "0" Pressure = "0" />
		<Point X = "310" Y = "181" T = "0" Pressure = "0" />
		<Point X = "311" Y = "181" T = "0" Pressure = "0" />
		<Point X = "313" Y = "179" T = "0" Pressure = "0" />
		<Point X = "314" Y = "178" T = "0" Pressure = "0" />
		<Point X = "314" Y = "177" T = "0" Pressure = "0" />
		<Point X = "315" Y = "177" T = "0" Pressure = "0" />
		<Point X = "315" Y = "175" T = "0" Pressure = "0" />
		<Point X = "315" Y = "174" T = "0" Pressure = "0" />
		<Point X = "316" Y = "172" T = "0" Pressure = "0" />
		<Point X = "316" Y = "170" T = "0" Pressure = "0" />
		<Point X = "317" Y = "168" T = "0" Pressure = "0" />
		<Point X = "317" Y = "167" T = "0" Pressure = "0" />
		<Point X = "317" Y = "164" T = "0" Pressure = "0" />
		<Point X = "317" Y = "163" T = "0" Pressure = "0" />
		<Point X = "317" Y = "162" T = "0" Pressure = "0" />
		<Point X = "317" Y = "161" T = "0" Pressure = "0" />
		<Point X = "317" Y = "159" T = "0" Pressure = "0" />
		<Point X = "317" Y = "158" T = "0" Pressure = "0" />
		<Point X = "317" Y = "157" T = "0" Pressure = "0" />
		<Point X = "317" Y = "156" T = "0" Pressure = "0" />
		<Point X = "315" Y = "154" T = "0" Pressure = "0" />
		<Point X = "314" Y = "153" T = "0" Pressure = "0" />
		<Point X = "313" Y = "151" T = "0" Pressure = "0" />
		<Point X = "312" Y = "151" T = "0" Pressure = "0" />
		<Point X = "311" Y = "151" T = "0" Pressure = "0" />
		<Point X = "310" Y = "151" T = "0" Pressure = "0" />
		<Point X = "308" Y = "149" T = "0" Pressure = "0" />
		<Point X = "307" Y = "149" T = "0" Pressure = "0" />
		<Point X = "305" Y = "149" T = "0" Pressure = "0" />
		<Point X = "304" Y = "148" T = "0" Pressure = "0" />
		<Point X = "303" Y = "148" T = "0" Pressure = "0" />
		<Point X = "302" Y = "148" T = "0" Pressure = "0" />
		<Point X = "300" Y = "148" T = "0" Pressure = "0" />
		<Point X = "299" Y = "148" T = "0" Pressure = "0" />
		<Point X = "297" Y = "148" T = "0" Pressure = "0" />
		<Point X = "296" Y = "148" T = "0" Pressure = "0" />
		<Point X = "295" Y = "149" T = "0" Pressure = "0" />
		<Point X = "294" Y = "150" T = "0" Pressure = "0" />
		<Point X = "293" Y = "151" T = "0" Pressure = "0" />
		<Point X = "293" Y = "152" T = "0" Pressure = "0" />
		<Point X = "293" Y = "153" T = "0" Pressure = "0" />
		<Point X = "292" Y = "153" T = "0" Pressure = "0" />
		<Point X = "292" Y = "154" T = "0" Pressure = "0" />
		<Point X = "291" Y = "156" T = "0" Pressure = "0" />
		<Point X = "291" Y = "157" T = "0" Pressure = "0" />
		<Point X = "291" Y = "158" T = "0" Pressure = "0" />
		<Point X = "290" Y = "160" T = "0" Pressure = "0" />
		<Point X = "290" Y = "161" T = "0" Pressure = "0" />
		<Point X = "290" Y = "163" T = "0" Pressure = "0" />
		<Point X = "290" Y = "164" T = "0" Pressure = "0" />
		<Point X = "290" Y = "165" T = "0" Pressure = "0" />
		<Point X = "290" Y = "167" T = "0" Pressure = "0" />
		<Point X = "290" Y = "168" T = "0" Pressure = "0" />
		<Point X = "290" Y = "169" T = "0" Pressure = "0" />
		<Point X = "290" Y = "171" T = "0" Pressure = "0" />
		<Point X = "291" Y = "171" T = "0" Pressure = "0" />
		<Point X = "292" Y = "171" T = "0" Pressure = "0" />
		<Point X = "293" Y = "171" T = "0" Pressure = "0" />
		<Point X = "294" Y = "171" T = "0" Pressure = "0" />
		<Point X = "295" Y = "171" T = "0" Pressure = "0" />
		<Point X = "297" Y = "171" T = "0" Pressure = "0" />
		<Point X = "297" Y = "170" T = "0" Pressure = "0" />
		<Point X = "297" Y = "169" T = "0" Pressure = "0" />
		<Point X = "297" Y = "168" T = "0" Pressure = "0" />
		<Point X = "298" Y = "167" T = "0" Pressure = "0" />
		<Point X = "298" Y = "166" T = "0" Pressure = "0" />
		<Point X = "298" Y = "165" T = "0" Pressure = "0" />
		<Point X = "298" Y = "164" T = "0" Pressure = "0" />
		<Point X = "298" Y = "163" T = "0" Pressure = "0" />
	</Stroke>
</Gesture>
