<?xml version="1.0" encoding="utf-8" standalone="yes"?>
<Gesture Name = "spiral">
	<Stroke>
		<Point X = "142" Y = "66" T = "0" Pressure = "0" />
		<Point X = "149" Y = "67" T = "0" Pressure = "0" />
		<Point X = "156" Y = "68" T = "0" Pressure = "0" />
		<Point X = "164" Y = "68" T = "0" Pressure = "0" />
		<Point X = "171" Y = "68" T = "0" Pressure = "0" />
		<Point X = "179" Y = "68" T = "0" Pressure = "0" />
		<Point X = "184" Y = "68" T = "0" Pressure = "0" />
		<Point X = "190" Y = "68" T = "0" Pressure = "0" />
		<Point X = "200" Y = "72" T = "0" Pressure = "0" />
		<Point X = "210" Y = "73" T = "0" Pressure = "0" />
		<Point X = "224" Y = "78" T = "0" Pressure = "0" />
		<Point X = "238" Y = "81" T = "0" Pressure = "0" />
		<Point X = "256" Y = "86" T = "0" Pressure = "0" />
		<Point X = "276" Y = "95" T = "0" Pressure = "0" />
		<Point X = "289" Y = "101" T = "0" Pressure = "0" />
		<Point X = "306" Y = "110" T = "0" Pressure = "0" />
		<Point X = "318" Y = "117" T = "0" Pressure = "0" />
		<Point X = "326" Y = "121" T = "0" Pressure = "0" />
		<Point X = "331" Y = "126" T = "0" Pressure = "0" />
		<Point X = "335" Y = "130" T = "0" Pressure = "0" />
		<Point X = "336" Y = "131" T = "0" Pressure = "0" />
		<Point X = "337" Y = "135" T = "0" Pressure = "0" />
		<Point X = "338" Y = "138" T = "0" Pressure = "0" />
		<Point X = "338" Y = "143" T = "0" Pressure = "0" />
		<Point X = "338" Y = "149" T = "0" Pressure = "0" />
		<Point X = "338" Y = "158" T = "0" Pressure = "0" />
		<Point X = "338" Y = "171" T = "0" Pressure = "0" />
		<Point X = "336" Y = "183" T = "0" Pressure = "0" />
		<Point X = "333" Y = "197" T = "0" Pressure = "0" />
		<Point X = "330" Y = "205" T = "0" Pressure = "0" />
		<Point X = "327" Y = "215" T = "0" Pressure = "0" />
		<Point X = "324" Y = "221" T = "0" Pressure = "0" />
		<Point X = "318" Y = "230" T = "0" Pressure = "0" />
		<Point X = "314" Y = "238" T = "0" Pressure = "0" />
		<Point X = "310" Y = "243" T = "0" Pressure = "0" />
		<Point X = "305" Y = "249" T = "0" Pressure = "0" />
		<Point X = "300" Y = "254" T = "0" Pressure = "0" />
		<Point X = "294" Y = "258" T = "0" Pressure = "0" />
		<Point X = "288" Y = "261" T = "0" Pressure = "0" />
		<Point X = "279" Y = "264" T = "0" Pressure = "0" />
		<Point X = "274" Y = "264" T = "0" Pressure = "0" />
		<Point X = "264" Y = "266" T = "0" Pressure = "0" />
		<Point X = "258" Y = "266" T = "0" Pressure = "0" />
		<Point X = "250" Y = "266" T = "0" Pressure = "0" />
		<Point X = "244" Y = "266" T = "0" Pressure = "0" />
		<Point X = "239" Y = "265" T = "0" Pressure = "0" />
		<Point X = "231" Y = "262" T = "0" Pressure = "0" />
		<Point X = "225" Y = "260" T = "0" Pressure = "0" />
		<Point X = "219" Y = "257" T = "0" Pressure = "0" />
		<Point X = "212" Y = "254" T = "0" Pressure = "0" />
		<Point X = "205" Y = "251" T = "0" Pressure = "0" />
		<Point X = "197" Y = "248" T = "0" Pressure = "0" />
		<Point X = "190" Y = "244" T = "0" Pressure = "0" />
		<Point X = "184" Y = "240" T = "0" Pressure = "0" />
		<Point X = "176" Y = "235" T = "0" Pressure = "0" />
		<Point X = "170" Y = "230" T = "0" Pressure = "0" />
		<Point X = "165" Y = "225" T = "0" Pressure = "0" />
		<Point X = "161" Y = "219" T = "0" Pressure = "0" />
		<Point X = "156" Y = "211" T = "0" Pressure = "0" />
		<Point X = "152" Y = "203" T = "0" Pressure = "0" />
		<Point X = "151" Y = "196" T = "0" Pressure = "0" />
		<Point X = "151" Y = "190" T = "0" Pressure = "0" />
		<Point X = "151" Y = "183" T = "0" Pressure = "0" />
		<Point X = "151" Y = "174" T = "0" Pressure = "0" />
		<Point X = "151" Y = "167" T = "0" Pressure = "0" />
		<Point X = "153" Y = "157" T = "0" Pressure = "0" />
		<Point X = "155" Y = "150" T = "0" Pressure = "0" />
		<Point X = "159" Y = "142" T = "0" Pressure = "0" />
		<Point X = "163" Y = "132" T = "0" Pressure = "0" />
		<Point X = "168" Y = "124" T = "0" Pressure = "0" />
		<Point X = "170" Y = "118" T = "0" Pressure = "0" />
		<Point X = "174" Y = "113" T = "0" Pressure = "0" />
		<Point X = "175" Y = "108" T = "0" Pressure = "0" />
		<Point X = "179" Y = "105" T = "0" Pressure = "0" />
		<Point X = "182" Y = "103" T = "0" Pressure = "0" />
		<Point X = "188" Y = "101" T = "0" Pressure = "0" />
		<Point X = "196" Y = "98" T = "0" Pressure = "0" />
		<Point X = "200" Y = "97" T = "0" Pressure = "0" />
		<Point X = "206" Y = "96" T = "0" Pressure = "0" />
		<Point X = "212" Y = "95" T = "0" Pressure = "0" />
		<Point X = "216" Y = "95" T = "0" Pressure = "0" />
		<Point X = "222" Y = "93" T = "0" Pressure = "0" />
		<Point X = "227" Y = "92" T = "0" Pressure = "0" />
		<Point X = "232" Y = "92" T = "0" Pressure = "0" />
		<Point X = "235" Y = "92" T = "0" Pressure = "0" />
		<Point X = "238" Y = "92" T = "0" Pressure = "0" />
		<Point X = "241" Y = "92" T = "0" Pressure = "0" />
		<Point X = "242" Y = "92" T = "0" Pressure = "0" />
		<Point X = "245" Y = "93" T = "0" Pressure = "0" />
		<Point X = "247" Y = "94" T = "0" Pressure = "0" />
		<Point X = "248" Y = "96" T = "0" Pressure = "0" />
		<Point X = "250" Y = "101" T = "0" Pressure = "0" />
		<Point X = "251" Y = "105" T = "0" Pressure = "0" />
		<Point X = "253" Y = "109" T = "0" Pressure = "0" />
		<Point X = "254" Y = "113" T = "0" Pressure = "0" />
		<Point X = "256" Y = "123" T = "0" Pressure = "0" />
		<Point X = "256" Y = "128" T = "0" Pressure = "0" />
		<Point X = "258" Y = "136" T = "0" Pressure = "0" />
		<Point X = "259" Y = "144" T = "0" Pressure = "0" />
		<Point X = "259" Y = "149" T = "0" Pressure = "0" />
		<Point X = "259" Y = "154" T = "0" Pressure = "0" />
		<Point X = "259" Y = "157" T = "0" Pressure = "0" />
		<Point X = "259" Y = "158" T = "0" Pressure = "0" />
		<Point X = "259" Y = "160" T = "0" Pressure = "0" />
		<Point X = "258" Y = "161" T = "0" Pressure = "0" />
		<Point X = "255" Y = "163" T = "0" Pressure = "0" />
		<Point X = "254" Y = "166" T = "0" Pressure = "0" />
		<Point X = "252" Y = "168" T = "0" Pressure = "0" />
		<Point X = "249" Y = "171" T = "0" Pressure = "0" />
		<Point X = "244" Y = "175" T = "0" Pressure = "0" />
		<Point X = "240" Y = "178" T = "0" Pressure = "0" />
		<Point X = "236" Y = "182" T = "0" Pressure = "0" />
		<Point X = "233" Y = "184" T = "0" Pressure = "0" />
		<Point X = "228" Y = "186" T = "0" Pressure = "0" />
		<Point X = "225" Y = "187" T = "0" Pressure = "0" />
		<Point X = "224" Y = "187" T = "0" Pressure = "0" />
		<Point X = "223" Y = "188" T = "0" Pressure = "0" />
		<Point X = "221" Y = "188" T = "0" Pressure = "0" />
		<Point X = "219" Y = "188" T = "0" Pressure = "0" />
		<Point X = "218" Y = "188" T = "0" Pressure = "0" />
		<Point X = "215" Y = "188" T = "0" Pressure = "0" />
		<Point X = "211" Y = "188" T = "0" Pressure = "0" />
		<Point X = "209" Y = "186" T = "0" Pressure = "0" />
		<Point X = "204" Y = "182" T = "0" Pressure = "0" />
		<Point X = "202" Y = "181" T = "0" Pressure = "0" />
		<Point X = "200" Y = "179" T = "0" Pressure = "0" />
		<Point X = "196" Y = "176" T = "0" Pressure = "0" />
		<Point X = "195" Y = "174" T = "0" Pressure = "0" />
		<Point X = "193" Y = "170" T = "0" Pressure = "0" />
		<Point X = "192" Y = "166" T = "0" Pressure = "0" />
		<Point X = "192" Y = "162" T = "0" Pressure = "0" />
		<Point X = "191" Y = "158" T = "0" Pressure = "0" />
		<Point X = "191" Y = "154" T = "0" Pressure = "0" />
		<Point X = "191" Y = "152" T = "0" Pressure = "0" />
		<Point X = "191" Y = "148" T = "0" Pressure = "0" />
		<Point X = "191" Y = "146" T = "0" Pressure = "0" />
		<Point X = "191" Y = "142" T = "0" Pressure = "0" />
		<Point X = "191" Y = "139" T = "0" Pressure = "0" />
		<Point X = "194" Y = "135" T = "0" Pressure = "0" />
		<Point X = "196" Y = "130" T = "0" Pressure = "0" />
		<Point X = "199" Y = "128" T = "0" Pressure = "0" />
		<Point X = "204" Y = "125" T = "0" Pressure = "0" />
		<Point X = "206" Y = "123" T = "0" Pressure = "0" />
		<Point X = "210" Y = "122" T = "0" Pressure = "0" />
		<Point X = "212" Y = "120" T = "0" Pressure = "0" />
		<Point X = "213" Y = "120" T = "0" Pressure = "0" />
		<Point X = "214" Y = "119" T = "0" Pressure = "0" />
		<Point X = "214" Y = "118" T = "0" Pressure = "0" />
		<Point X = "215" Y = "118" T = "0" Pressure = "0" />
		<Point X = "217" Y = "118" T = "0" Pressure = "0" />
		<Point X = "218" Y = "118" T = "0" Pressure = "0" />
		<Point X = "221" Y = "118" T = "0" Pressure = "0" />
		<Point X = "225" Y = "121" T = "0" Pressure = "0" />
		<Point X = "232" Y = "125" T = "0" Pressure = "0" />
		<Point X = "235" Y = "129" T = "0" Pressure = "0" />
		<Point X = "237" Y = "132" T = "0" Pressure = "0" />
		<Point X = "240" Y = "136" T = "0" Pressure = "0" />
		<Point X = "240" Y = "137" T = "0" Pressure = "0" />
		<Point X = "240" Y = "138" T = "0" Pressure = "0" />
		<Point X = "241" Y = "139" T = "0" Pressure = "0" />
		<Point X = "241" Y = "141" T = "0" Pressure = "0" />
		<Point X = "241" Y = "142" T = "0" Pressure = "0" />
		<Point X = "241" Y = "144" T = "0" Pressure = "0" />
		<Point X = "241" Y = "146" T = "0" Pressure = "0" />
		<Point X = "241" Y = "147" T = "0" Pressure = "0" />
		<Point X = "241" Y = "149" T = "0" Pressure = "0" />
		<Point X = "239" Y = "151" T = "0" Pressure = "0" />
		<Point X = "238" Y = "152" T = "0" Pressure = "0" />
		<Point X = "237" Y = "155" T = "0" Pressure = "0" />
		<Point X = "236" Y = "155" T = "0" Pressure = "0" />
		<Point X = "235" Y = "156" T = "0" Pressure = "0" />
		<Point X = "234" Y = "156" T = "0" Pressure = "0" />
		<Point X = "233" Y = "157" T = "0" Pressure = "0" />
		<Point X = "233" Y = "158" T = "0" Pressure = "0" />
		<Point X = "231" Y = "158" T = "0" Pressure = "0" />
		<Point X = "230" Y = "158" T = "0" Pressure = "0" />
		<Point X = "228" Y = "157" T = "0" Pressure = "0" />
		<Point X = "226" Y = "156" T = "0" Pressure = "0" />
		<Point X = "224" Y = "154" T = "0" Pressure = "0" />
	</Stroke>
</Gesture>
