<?xml version="1.0" encoding="utf-8" standalone="yes"?>
<Gesture Name = "spiral">
	<Stroke>
		<Point X = "310" Y = "235" T = "0" Pressure = "0" />
		<Point X = "310" Y = "232" T = "0" Pressure = "0" />
		<Point X = "310" Y = "229" T = "0" Pressure = "0" />
		<Point X = "310" Y = "226" T = "0" Pressure = "0" />
		<Point X = "311" Y = "223" T = "0" Pressure = "0" />
		<Point X = "315" Y = "218" T = "0" Pressure = "0" />
		<Point X = "319" Y = "213" T = "0" Pressure = "0" />
		<Point X = "322" Y = "211" T = "0" Pressure = "0" />
		<Point X = "327" Y = "207" T = "0" Pressure = "0" />
		<Point X = "333" Y = "203" T = "0" Pressure = "0" />
		<Point X = "339" Y = "201" T = "0" Pressure = "0" />
		<Point X = "345" Y = "198" T = "0" Pressure = "0" />
		<Point X = "354" Y = "197" T = "0" Pressure = "0" />
		<Point X = "359" Y = "196" T = "0" Pressure = "0" />
		<Point X = "369" Y = "193" T = "0" Pressure = "0" />
		<Point X = "379" Y = "193" T = "0" Pressure = "0" />
		<Point X = "386" Y = "193" T = "0" Pressure = "0" />
		<Point X = "391" Y = "193" T = "0" Pressure = "0" />
		<Point X = "395" Y = "194" T = "0" Pressure = "0" />
		<Point X = "399" Y = "196" T = "0" Pressure = "0" />
		<Point X = "402" Y = "200" T = "0" Pressure = "0" />
		<Point X = "405" Y = "207" T = "0" Pressure = "0" />
		<Point X = "412" Y = "217" T = "0" Pressure = "0" />
		<Point X = "422" Y = "231" T = "0" Pressure = "0" />
		<Point X = "429" Y = "244" T = "0" Pressure = "0" />
		<Point X = "441" Y = "259" T = "0" Pressure = "0" />
		<Point X = "448" Y = "270" T = "0" Pressure = "0" />
		<Point X = "454" Y = "283" T = "0" Pressure = "0" />
		<Point X = "458" Y = "292" T = "0" Pressure = "0" />
		<Point X = "459" Y = "297" T = "0" Pressure = "0" />
		<Point X = "459" Y = "306" T = "0" Pressure = "0" />
		<Point X = "459" Y = "311" T = "0" Pressure = "0" />
		<Point X = "459" Y = "317" T = "0" Pressure = "0" />
		<Point X = "459" Y = "324" T = "0" Pressure = "0" />
		<Point X = "458" Y = "328" T = "0" Pressure = "0" />
		<Point X = "457" Y = "331" T = "0" Pressure = "0" />
		<Point X = "453" Y = "335" T = "0" Pressure = "0" />
		<Point X = "450" Y = "336" T = "0" Pressure = "0" />
		<Point X = "445" Y = "339" T = "0" Pressure = "0" />
		<Point X = "442" Y = "339" T = "0" Pressure = "0" />
		<Point X = "438" Y = "340" T = "0" Pressure = "0" />
		<Point X = "433" Y = "342" T = "0" Pressure = "0" />
		<Point X = "430" Y = "342" T = "0" Pressure = "0" />
		<Point X = "425" Y = "343" T = "0" Pressure = "0" />
		<Point X = "419" Y = "343" T = "0" Pressure = "0" />
		<Point X = "413" Y = "343" T = "0" Pressure = "0" />
		<Point X = "408" Y = "343" T = "0" Pressure = "0" />
		<Point X = "401" Y = "343" T = "0" Pressure = "0" />
		<Point X = "394" Y = "343" T = "0" Pressure = "0" />
		<Point X = "388" Y = "342" T = "0" Pressure = "0" />
		<Point X = "380" Y = "339" T = "0" Pressure = "0" />
		<Point X = "371" Y = "333" T = "0" Pressure = "0" />
		<Point X = "362" Y = "328" T = "0" Pressure = "0" />
		<Point X = "354" Y = "321" T = "0" Pressure = "0" />
		<Point X = "350" Y = "319" T = "0" Pressure = "0" />
		<Point X = "346" Y = "316" T = "0" Pressure = "0" />
		<Point X = "345" Y = "314" T = "0" Pressure = "0" />
		<Point X = "343" Y = "312" T = "0" Pressure = "0" />
		<Point X = "342" Y = "309" T = "0" Pressure = "0" />
		<Point X = "342" Y = "307" T = "0" Pressure = "0" />
		<Point X = "342" Y = "305" T = "0" Pressure = "0" />
		<Point X = "342" Y = "302" T = "0" Pressure = "0" />
		<Point X = "342" Y = "300" T = "0" Pressure = "0" />
		<Point X = "342" Y = "297" T = "0" Pressure = "0" />
		<Point X = "342" Y = "294" T = "0" Pressure = "0" />
		<Point X = "342" Y = "291" T = "0" Pressure = "0" />
		<Point X = "344" Y = "287" T = "0" Pressure = "0" />
		<Point X = "347" Y = "281" T = "0" Pressure = "0" />
		<Point X = "350" Y = "277" T = "0" Pressure = "0" />
		<Point X = "352" Y = "273" T = "0" Pressure = "0" />
		<Point X = "356" Y = "269" T = "0" Pressure = "0" />
		<Point X = "359" Y = "266" T = "0" Pressure = "0" />
		<Point X = "362" Y = "262" T = "0" Pressure = "0" />
		<Point X = "364" Y = "260" T = "0" Pressure = "0" />
		<Point X = "367" Y = "257" T = "0" Pressure = "0" />
		<Point X = "368" Y = "255" T = "0" Pressure = "0" />
		<Point X = "369" Y = "254" T = "0" Pressure = "0" />
		<Point X = "370" Y = "253" T = "0" Pressure = "0" />
		<Point X = "372" Y = "253" T = "0" Pressure = "0" />
		<Point X = "374" Y = "251" T = "0" Pressure = "0" />
		<Point X = "376" Y = "250" T = "0" Pressure = "0" />
		<Point X = "377" Y = "250" T = "0" Pressure = "0" />
		<Point X = "379" Y = "250" T = "0" Pressure = "0" />
		<Point X = "382" Y = "251" T = "0" Pressure = "0" />
		<Point X = "385" Y = "254" T = "0" Pressure = "0" />
		<Point X = "386" Y = "258" T = "0" Pressure = "0" />
		<Point X = "388" Y = "261" T = "0" Pressure = "0" />
		<Point X = "391" Y = "265" T = "0" Pressure = "0" />
		<Point X = "394" Y = "269" T = "0" Pressure = "0" />
		<Point X = "396" Y = "272" T = "0" Pressure = "0" />
		<Point X = "399" Y = "276" T = "0" Pressure = "0" />
		<Point X = "401" Y = "279" T = "0" Pressure = "0" />
		<Point X = "403" Y = "282" T = "0" Pressure = "0" />
		<Point X = "404" Y = "285" T = "0" Pressure = "0" />
		<Point X = "406" Y = "291" T = "0" Pressure = "0" />
		<Point X = "406" Y = "293" T = "0" Pressure = "0" />
		<Point X = "406" Y = "297" T = "0" Pressure = "0" />
		<Point X = "406" Y = "300" T = "0" Pressure = "0" />
		<Point X = "406" Y = "303" T = "0" Pressure = "0" />
		<Point X = "405" Y = "306" T = "0" Pressure = "0" />
		<Point X = "403" Y = "310" T = "0" Pressure = "0" />
		<Point X = "400" Y = "314" T = "0" Pressure = "0" />
		<Point X = "397" Y = "316" T = "0" Pressure = "0" />
		<Point X = "396" Y = "318" T = "0" Pressure = "0" />
		<Point X = "393" Y = "321" T = "0" Pressure = "0" />
		<Point X = "390" Y = "323" T = "0" Pressure = "0" />
		<Point X = "388" Y = "324" T = "0" Pressure = "0" />
		<Point X = "387" Y = "324" T = "0" Pressure = "0" />
		<Point X = "386" Y = "324" T = "0" Pressure = "0" />
		<Point X = "384" Y = "324" T = "0" Pressure = "0" />
		<Point X = "383" Y = "324" T = "0" Pressure = "0" />
		<Point X = "380" Y = "324" T = "0" Pressure = "0" />
		<Point X = "375" Y = "321" T = "0" Pressure = "0" />
		<Point X = "373" Y = "320" T = "0" Pressure = "0" />
		<Point X = "369" Y = "316" T = "0" Pressure = "0" />
		<Point X = "366" Y = "314" T = "0" Pressure = "0" />
		<Point X = "362" Y = "311" T = "0" Pressure = "0" />
		<Point X = "361" Y = "310" T = "0" Pressure = "0" />
		<Point X = "360" Y = "308" T = "0" Pressure = "0" />
		<Point X = "359" Y = "307" T = "0" Pressure = "0" />
		<Point X = "358" Y = "305" T = "0" Pressure = "0" />
		<Point X = "357" Y = "305" T = "0" Pressure = "0" />
		<Point X = "357" Y = "304" T = "0" Pressure = "0" />
		<Point X = "357" Y = "303" T = "0" Pressure = "0" />
		<Point X = "357" Y = "302" T = "0" Pressure = "0" />
		<Point X = "357" Y = "301" T = "0" Pressure = "0" />
		<Point X = "357" Y = "299" T = "0" Pressure = "0" />
		<Point X = "357" Y = "297" T = "0" Pressure = "0" />
		<Point X = "357" Y = "295" T = "0" Pressure = "0" />
		<Point X = "361" Y = "291" T = "0" Pressure = "0" />
		<Point X = "363" Y = "290" T = "0" Pressure = "0" />
		<Point X = "367" Y = "287" T = "0" Pressure = "0" />
		<Point X = "368" Y = "287" T = "0" Pressure = "0" />
		<Point X = "371" Y = "284" T = "0" Pressure = "0" />
		<Point X = "372" Y = "284" T = "0" Pressure = "0" />
		<Point X = "374" Y = "283" T = "0" Pressure = "0" />
		<Point X = "374" Y = "282" T = "0" Pressure = "0" />
		<Point X = "375" Y = "282" T = "0" Pressure = "0" />
		<Point X = "377" Y = "282" T = "0" Pressure = "0" />
		<Point X = "378" Y = "283" T = "0" Pressure = "0" />
		<Point X = "378" Y = "284" T = "0" Pressure = "0" />
		<Point X = "378" Y = "285" T = "0" Pressure = "0" />
		<Point X = "378" Y = "286" T = "0" Pressure = "0" />
		<Point X = "379" Y = "288" T = "0" Pressure = "0" />
		<Point X = "379" Y = "290" T = "0" Pressure = "0" />
		<Point X = "379" Y = "291" T = "0" Pressure = "0" />
		<Point X = "379" Y = "292" T = "0" Pressure = "0" />
		<Point X = "379" Y = "293" T = "0" Pressure = "0" />
		<Point X = "379" Y = "294" T = "0" Pressure = "0" />
		<Point X = "379" Y = "295" T = "0" Pressure = "0" />
		<Point X = "379" Y = "296" T = "0" Pressure = "0" />
		<Point X = "379" Y = "297" T = "0" Pressure = "0" />
		<Point X = "379" Y = "298" T = "0" Pressure = "0" />
		<Point X = "379" Y = "299" T = "0" Pressure = "0" />
		<Point X = "379" Y = "300" T = "0" Pressure = "0" />
		<Point X = "379" Y = "301" T = "0" Pressure = "0" />
		<Point X = "378" Y = "301" T = "0" Pressure = "0" />
	</Stroke>
</Gesture>
