<?xml version="1.0" encoding="utf-8" standalone="yes"?>
<Gesture Name = "spiral">
	<Stroke>
		<Point X = "82" Y = "247" T = "0" Pressure = "0" />
		<Point X = "82" Y = "241" T = "0" Pressure = "0" />
		<Point X = "85" Y = "234" T = "0" Pressure = "0" />
		<Point X = "86" Y = "228" T = "0" Pressure = "0" />
		<Point X = "89" Y = "222" T = "0" Pressure = "0" />
		<Point X = "92" Y = "218" T = "0" Pressure = "0" />
		<Point X = "94" Y = "214" T = "0" Pressure = "0" />
		<Point X = "97" Y = "209" T = "0" Pressure = "0" />
		<Point X = "100" Y = "207" T = "0" Pressure = "0" />
		<Point X = "106" Y = "203" T = "0" Pressure = "0" />
		<Point X = "112" Y = "199" T = "0" Pressure = "0" />
		<Point X = "117" Y = "197" T = "0" Pressure = "0" />
		<Point X = "123" Y = "194" T = "0" Pressure = "0" />
		<Point X = "127" Y = "193" T = "0" Pressure = "0" />
		<Point X = "132" Y = "190" T = "0" Pressure = "0" />
		<Point X = "138" Y = "188" T = "0" Pressure = "0" />
		<Point X = "140" Y = "187" T = "0" Pressure = "0" />
		<Point X = "142" Y = "187" T = "0" Pressure = "0" />
		<Point X = "146" Y = "186" T = "0" Pressure = "0" />
		<Point X = "149" Y = "186" T = "0" Pressure = "0" />
		<Point X = "153" Y = "186" T = "0" Pressure = "0" />
		<Point X = "162" Y = "188" T = "0" Pressure = "0" />
		<Point X = "172" Y = "195" T = "0" Pressure = "0" />
		<Point X = "182" Y = "203" T = "0" Pressure = "0" />
		<Point X = "192" Y = "213" T = "0" Pressure = "0" />
		<Point X = "200" Y = "220" T = "0" Pressure = "0" />
		<Point X = "207" Y = "231" T = "0" Pressure = "0" />
		<Point X = "211" Y = "240" T = "0" Pressure = "0" />
		<Point X = "214" Y = "248" T = "0" Pressure = "0" />
		<Point X = "216" Y = "257" T = "0" Pressure = "0" />
		<Point X = "220" Y = "267" T = "0" Pressure = "0" />
		<Point X = "220" Y = "274" T = "0" Pressure = "0" />
		<Point X = "220" Y = "283" T = "0" Pressure = "0" />
		<Point X = "220" Y = "290" T = "0" Pressure = "0" />
		<Point X = "220" Y = "294" T = "0" Pressure = "0" />
		<Point X = "219" Y = "301" T = "0" Pressure = "0" />
		<Point X = "217" Y = "307" T = "0" Pressure = "0" />
		<Point X = "214" Y = "313" T = "0" Pressure = "0" />
		<Point X = "213" Y = "316" T = "0" Pressure = "0" />
		<Point X = "211" Y = "321" T = "0" Pressure = "0" />
		<Point X = "210" Y = "322" T = "0" Pressure = "0" />
		<Point X = "208" Y = "325" T = "0" Pressure = "0" />
		<Point X = "206" Y = "327" T = "0" Pressure = "0" />
		<Point X = "202" Y = "331" T = "0" Pressure = "0" />
		<Point X = "197" Y = "333" T = "0" Pressure = "0" />
		<Point X = "196" Y = "334" T = "0" Pressure = "0" />
		<Point X = "192" Y = "335" T = "0" Pressure = "0" />
		<Point X = "187" Y = "336" T = "0" Pressure = "0" />
		<Point X = "184" Y = "338" T = "0" Pressure = "0" />
		<Point X = "178" Y = "338" T = "0" Pressure = "0" />
		<Point X = "171" Y = "338" T = "0" Pressure = "0" />
		<Point X = "166" Y = "338" T = "0" Pressure = "0" />
		<Point X = "162" Y = "338" T = "0" Pressure = "0" />
		<Point X = "157" Y = "338" T = "0" Pressure = "0" />
		<Point X = "155" Y = "338" T = "0" Pressure = "0" />
		<Point X = "153" Y = "337" T = "0" Pressure = "0" />
		<Point X = "152" Y = "334" T = "0" Pressure = "0" />
		<Point X = "149" Y = "329" T = "0" Pressure = "0" />
		<Point X = "146" Y = "323" T = "0" Pressure = "0" />
		<Point X = "139" Y = "318" T = "0" Pressure = "0" />
		<Point X = "133" Y = "310" T = "0" Pressure = "0" />
		<Point X = "130" Y = "305" T = "0" Pressure = "0" />
		<Point X = "126" Y = "301" T = "0" Pressure = "0" />
		<Point X = "123" Y = "297" T = "0" Pressure = "0" />
		<Point X = "123" Y = "295" T = "0" Pressure = "0" />
		<Point X = "120" Y = "291" T = "0" Pressure = "0" />
		<Point X = "120" Y = "288" T = "0" Pressure = "0" />
		<Point X = "119" Y = "285" T = "0" Pressure = "0" />
		<Point X = "119" Y = "280" T = "0" Pressure = "0" />
		<Point X = "119" Y = "276" T = "0" Pressure = "0" />
		<Point X = "119" Y = "272" T = "0" Pressure = "0" />
		<Point X = "119" Y = "266" T = "0" Pressure = "0" />
		<Point X = "120" Y = "262" T = "0" Pressure = "0" />
		<Point X = "120" Y = "261" T = "0" Pressure = "0" />
		<Point X = "122" Y = "257" T = "0" Pressure = "0" />
		<Point X = "124" Y = "254" T = "0" Pressure = "0" />
		<Point X = "126" Y = "249" T = "0" Pressure = "0" />
		<Point X = "129" Y = "246" T = "0" Pressure = "0" />
		<Point X = "131" Y = "242" T = "0" Pressure = "0" />
		<Point X = "132" Y = "240" T = "0" Pressure = "0" />
		<Point X = "134" Y = "238" T = "0" Pressure = "0" />
		<Point X = "134" Y = "236" T = "0" Pressure = "0" />
		<Point X = "138" Y = "233" T = "0" Pressure = "0" />
		<Point X = "139" Y = "231" T = "0" Pressure = "0" />
		<Point X = "142" Y = "230" T = "0" Pressure = "0" />
		<Point X = "144" Y = "227" T = "0" Pressure = "0" />
		<Point X = "148" Y = "226" T = "0" Pressure = "0" />
		<Point X = "152" Y = "226" T = "0" Pressure = "0" />
		<Point X = "156" Y = "226" T = "0" Pressure = "0" />
		<Point X = "161" Y = "226" T = "0" Pressure = "0" />
		<Point X = "167" Y = "226" T = "0" Pressure = "0" />
		<Point X = "172" Y = "226" T = "0" Pressure = "0" />
		<Point X = "179" Y = "226" T = "0" Pressure = "0" />
		<Point X = "187" Y = "229" T = "0" Pressure = "0" />
		<Point X = "191" Y = "230" T = "0" Pressure = "0" />
		<Point X = "194" Y = "231" T = "0" Pressure = "0" />
		<Point X = "197" Y = "231" T = "0" Pressure = "0" />
		<Point X = "199" Y = "233" T = "0" Pressure = "0" />
		<Point X = "200" Y = "234" T = "0" Pressure = "0" />
		<Point X = "201" Y = "234" T = "0" Pressure = "0" />
		<Point X = "201" Y = "236" T = "0" Pressure = "0" />
		<Point X = "202" Y = "239" T = "0" Pressure = "0" />
		<Point X = "202" Y = "243" T = "0" Pressure = "0" />
		<Point X = "203" Y = "248" T = "0" Pressure = "0" />
		<Point X = "203" Y = "251" T = "0" Pressure = "0" />
		<Point X = "204" Y = "256" T = "0" Pressure = "0" />
		<Point X = "204" Y = "262" T = "0" Pressure = "0" />
		<Point X = "204" Y = "269" T = "0" Pressure = "0" />
		<Point X = "204" Y = "274" T = "0" Pressure = "0" />
		<Point X = "204" Y = "280" T = "0" Pressure = "0" />
		<Point X = "204" Y = "284" T = "0" Pressure = "0" />
		<Point X = "204" Y = "285" T = "0" Pressure = "0" />
		<Point X = "204" Y = "287" T = "0" Pressure = "0" />
		<Point X = "204" Y = "291" T = "0" Pressure = "0" />
		<Point X = "204" Y = "292" T = "0" Pressure = "0" />
		<Point X = "203" Y = "293" T = "0" Pressure = "0" />
		<Point X = "202" Y = "295" T = "0" Pressure = "0" />
		<Point X = "201" Y = "295" T = "0" Pressure = "0" />
		<Point X = "200" Y = "296" T = "0" Pressure = "0" />
		<Point X = "199" Y = "297" T = "0" Pressure = "0" />
		<Point X = "198" Y = "297" T = "0" Pressure = "0" />
		<Point X = "196" Y = "297" T = "0" Pressure = "0" />
		<Point X = "195" Y = "297" T = "0" Pressure = "0" />
		<Point X = "192" Y = "297" T = "0" Pressure = "0" />
		<Point X = "189" Y = "297" T = "0" Pressure = "0" />
		<Point X = "186" Y = "297" T = "0" Pressure = "0" />
		<Point X = "185" Y = "297" T = "0" Pressure = "0" />
		<Point X = "183" Y = "297" T = "0" Pressure = "0" />
		<Point X = "182" Y = "297" T = "0" Pressure = "0" />
		<Point X = "181" Y = "297" T = "0" Pressure = "0" />
		<Point X = "180" Y = "297" T = "0" Pressure = "0" />
		<Point X = "179" Y = "297" T = "0" Pressure = "0" />
		<Point X = "178" Y = "297" T = "0" Pressure = "0" />
		<Point X = "175" Y = "295" T = "0" Pressure = "0" />
		<Point X = "174" Y = "292" T = "0" Pressure = "0" />
		<Point X = "171" Y = "290" T = "0" Pressure = "0" />
		<Point X = "170" Y = "289" T = "0" Pressure = "0" />
		<Point X = "168" Y = "286" T = "0" Pressure = "0" />
		<Point X = "167" Y = "286" T = "0" Pressure = "0" />
		<Point X = "166" Y = "284" T = "0" Pressure = "0" />
		<Point X = "166" Y = "283" T = "0" Pressure = "0" />
		<Point X = "166" Y = "281" T = "0" Pressure = "0" />
		<Point X = "166" Y = "278" T = "0" Pressure = "0" />
		<Point X = "166" Y = "276" T = "0" Pressure = "0" />
		<Point X = "166" Y = "273" T = "0" Pressure = "0" />
		<Point X = "166" Y = "270" T = "0" Pressure = "0" />
		<Point X = "166" Y = "269" T = "0" Pressure = "0" />
		<Point X = "166" Y = "267" T = "0" Pressure = "0" />
		<Point X = "166" Y = "266" T = "0" Pressure = "0" />
		<Point X = "166" Y = "265" T = "0" Pressure = "0" />
		<Point X = "166" Y = "264" T = "0" Pressure = "0" />
		<Point X = "166" Y = "261" T = "0" Pressure = "0" />
		<Point X = "166" Y = "259" T = "0" Pressure = "0" />
		<Point X = "167" Y = "256" T = "0" Pressure = "0" />
		<Point X = "167" Y = "255" T = "0" Pressure = "0" />
		<Point X = "168" Y = "255" T = "0" Pressure = "0" />
		<Point X = "169" Y = "254" T = "0" Pressure = "0" />
		<Point X = "170" Y = "253" T = "0" Pressure = "0" />
		<Point X = "171" Y = "252" T = "0" Pressure = "0" />
		<Point X = "173" Y = "251" T = "0" Pressure = "0" />
		<Point X = "174" Y = "251" T = "0" Pressure = "0" />
		<Point X = "176" Y = "251" T = "0" Pressure = "0" />
		<Point X = "177" Y = "251" T = "0" Pressure = "0" />
		<Point X = "180" Y = "251" T = "0" Pressure = "0" />
		<Point X = "181" Y = "251" T = "0" Pressure = "0" />
		<Point X = "183" Y = "251" T = "0" Pressure = "0" />
		<Point X = "184" Y = "251" T = "0" Pressure = "0" />
		<Point X = "186" Y = "252" T = "0" Pressure = "0" />
		<Point X = "189" Y = "254" T = "0" Pressure = "0" />
		<Point X = "189" Y = "256" T = "0" Pressure = "0" />
		<Point X = "191" Y = "257" T = "0" Pressure = "0" />
		<Point X = "192" Y = "260" T = "0" Pressure = "0" />
		<Point X = "193" Y = "260" T = "0" Pressure = "0" />
		<Point X = "193" Y = "261" T = "0" Pressure = "0" />
		<Point X = "193" Y = "262" T = "0" Pressure = "0" />
		<Point X = "193" Y = "263" T = "0" Pressure = "0" />
		<Point X = "193" Y = "264" T = "0" Pressure = "0" />
		<Point X = "193" Y = "265" T = "0" Pressure = "0" />
		<Point X = "193" Y = "266" T = "0" Pressure = "0" />
		<Point X = "193" Y = "267" T = "0" Pressure = "0" />
		<Point X = "193" Y = "269" T = "0" Pressure = "0" />
		<Point X = "193" Y = "270" T = "0" Pressure = "0" />
		<Point X = "192" Y = "272" T = "0" Pressure = "0" />
		<Point X = "190" Y = "274" T = "0" Pressure = "0" />
		<Point X = "190" Y = "275" T = "0" Pressure = "0" />
		<Point X = "189" Y = "275" T = "0" Pressure = "0" />
		<Point X = "188" Y = "275" T = "0" Pressure = "0" />
		<Point X = "187" Y = "276" T = "0" Pressure = "0" />
		<Point X = "185" Y = "275" T = "0" Pressure = "0" />
		<Point X = "185" Y = "274" T = "0" Pressure = "0" />
		<Point X = "185" Y = "273" T = "0" Pressure = "0" />
		<Point X = "185" Y = "272" T = "0" Pressure = "0" />
		<Point X = "184" Y = "270" T = "0" Pressure = "0" />
		<Point X = "183" Y = "270" T = "0" Pressure = "0" />
	</Stroke>
</Gesture>
