<?xml version="1.0" encoding="utf-8" standalone="yes"?>
<Gesture Name = "star">
	<Stroke>
		<Point X = "164" Y = "179" T = "0" Pressure = "0" />
		<Point X = "167" Y = "177" T = "0" Pressure = "0" />
		<Point X = "169" Y = "177" T = "0" Pressure = "0" />
		<Point X = "173" Y = "177" T = "0" Pressure = "0" />
		<Point X = "176" Y = "177" T = "0" Pressure = "0" />
		<Point X = "180" Y = "177" T = "0" Pressure = "0" />
		<Point X = "183" Y = "177" T = "0" Pressure = "0" />
		<Point X = "186" Y = "177" T = "0" Pressure = "0" />
		<Point X = "188" Y = "177" T = "0" Pressure = "0" />
		<Point X = "191" Y = "177" T = "0" Pressure = "0" />
		<Point X = "198" Y = "177" T = "0" Pressure = "0" />
		<Point X = "205" Y = "177" T = "0" Pressure = "0" />
		<Point X = "210" Y = "178" T = "0" Pressure = "0" />
		<Point X = "219" Y = "179" T = "0" Pressure = "0" />
		<Point X = "226" Y = "181" T = "0" Pressure = "0" />
		<Point X = "232" Y = "182" T = "0" Pressure = "0" />
		<Point X = "237" Y = "182" T = "0" Pressure = "0" />
		<Point X = "241" Y = "182" T = "0" Pressure = "0" />
		<Point X = "245" Y = "182" T = "0" Pressure = "0" />
		<Point X = "247" Y = "182" T = "0" Pressure = "0" />
		<Point X = "250" Y = "182" T = "0" Pressure = "0" />
		<Point X = "253" Y = "182" T = "0" Pressure = "0" />
		<Point X = "256" Y = "182" T = "0" Pressure = "0" />
		<Point X = "259" Y = "182" T = "0" Pressure = "0" />
		<Point X = "261" Y = "182" T = "0" Pressure = "0" />
		<Point X = "263" Y = "182" T = "0" Pressure = "0" />
		<Point X = "266" Y = "182" T = "0" Pressure = "0" />
		<Point X = "268" Y = "181" T = "0" Pressure = "0" />
		<Point X = "269" Y = "181" T = "0" Pressure = "0" />
		<Point X = "271" Y = "180" T = "0" Pressure = "0" />
		<Point X = "272" Y = "180" T = "0" Pressure = "0" />
		<Point X = "273" Y = "180" T = "0" Pressure = "0" />
		<Point X = "276" Y = "179" T = "0" Pressure = "0" />
		<Point X = "277" Y = "179" T = "0" Pressure = "0" />
		<Point X = "280" Y = "179" T = "0" Pressure = "0" />
		<Point X = "284" Y = "179" T = "0" Pressure = "0" />
		<Point X = "287" Y = "179" T = "0" Pressure = "0" />
		<Point X = "290" Y = "179" T = "0" Pressure = "0" />
		<Point X = "292" Y = "179" T = "0" Pressure = "0" />
		<Point X = "296" Y = "178" T = "0" Pressure = "0" />
		<Point X = "297" Y = "178" T = "0" Pressure = "0" />
		<Point X = "300" Y = "177" T = "0" Pressure = "0" />
		<Point X = "303" Y = "177" T = "0" Pressure = "0" />
		<Point X = "304" Y = "177" T = "0" Pressure = "0" />
		<Point X = "306" Y = "177" T = "0" Pressure = "0" />
		<Point X = "310" Y = "175" T = "0" Pressure = "0" />
		<Point X = "310" Y = "174" T = "0" Pressure = "0" />
		<Point X = "311" Y = "174" T = "0" Pressure = "0" />
		<Point X = "312" Y = "174" T = "0" Pressure = "0" />
		<Point X = "312" Y = "175" T = "0" Pressure = "0" />
		<Point X = "312" Y = "176" T = "0" Pressure = "0" />
		<Point X = "310" Y = "178" T = "0" Pressure = "0" />
		<Point X = "308" Y = "179" T = "0" Pressure = "0" />
		<Point X = "306" Y = "180" T = "0" Pressure = "0" />
		<Point X = "304" Y = "182" T = "0" Pressure = "0" />
		<Point X = "301" Y = "184" T = "0" Pressure = "0" />
		<Point X = "299" Y = "186" T = "0" Pressure = "0" />
		<Point X = "295" Y = "190" T = "0" Pressure = "0" />
		<Point X = "293" Y = "192" T = "0" Pressure = "0" />
		<Point X = "290" Y = "195" T = "0" Pressure = "0" />
		<Point X = "287" Y = "199" T = "0" Pressure = "0" />
		<Point X = "285" Y = "200" T = "0" Pressure = "0" />
		<Point X = "283" Y = "202" T = "0" Pressure = "0" />
		<Point X = "281" Y = "204" T = "0" Pressure = "0" />
		<Point X = "280" Y = "205" T = "0" Pressure = "0" />
		<Point X = "279" Y = "206" T = "0" Pressure = "0" />
		<Point X = "278" Y = "206" T = "0" Pressure = "0" />
		<Point X = "277" Y = "207" T = "0" Pressure = "0" />
		<Point X = "274" Y = "209" T = "0" Pressure = "0" />
		<Point X = "273" Y = "210" T = "0" Pressure = "0" />
		<Point X = "271" Y = "212" T = "0" Pressure = "0" />
		<Point X = "267" Y = "214" T = "0" Pressure = "0" />
		<Point X = "265" Y = "215" T = "0" Pressure = "0" />
		<Point X = "263" Y = "217" T = "0" Pressure = "0" />
		<Point X = "258" Y = "221" T = "0" Pressure = "0" />
		<Point X = "255" Y = "222" T = "0" Pressure = "0" />
		<Point X = "251" Y = "224" T = "0" Pressure = "0" />
		<Point X = "246" Y = "227" T = "0" Pressure = "0" />
		<Point X = "245" Y = "227" T = "0" Pressure = "0" />
		<Point X = "243" Y = "228" T = "0" Pressure = "0" />
		<Point X = "241" Y = "230" T = "0" Pressure = "0" />
		<Point X = "239" Y = "231" T = "0" Pressure = "0" />
		<Point X = "238" Y = "232" T = "0" Pressure = "0" />
		<Point X = "237" Y = "232" T = "0" Pressure = "0" />
		<Point X = "236" Y = "234" T = "0" Pressure = "0" />
		<Point X = "235" Y = "234" T = "0" Pressure = "0" />
		<Point X = "233" Y = "235" T = "0" Pressure = "0" />
		<Point X = "231" Y = "236" T = "0" Pressure = "0" />
		<Point X = "230" Y = "237" T = "0" Pressure = "0" />
		<Point X = "230" Y = "238" T = "0" Pressure = "0" />
		<Point X = "229" Y = "238" T = "0" Pressure = "0" />
		<Point X = "228" Y = "238" T = "0" Pressure = "0" />
		<Point X = "227" Y = "239" T = "0" Pressure = "0" />
		<Point X = "226" Y = "240" T = "0" Pressure = "0" />
		<Point X = "225" Y = "241" T = "0" Pressure = "0" />
		<Point X = "222" Y = "242" T = "0" Pressure = "0" />
		<Point X = "222" Y = "243" T = "0" Pressure = "0" />
		<Point X = "221" Y = "244" T = "0" Pressure = "0" />
		<Point X = "219" Y = "246" T = "0" Pressure = "0" />
		<Point X = "217" Y = "247" T = "0" Pressure = "0" />
		<Point X = "216" Y = "248" T = "0" Pressure = "0" />
		<Point X = "215" Y = "248" T = "0" Pressure = "0" />
		<Point X = "212" Y = "250" T = "0" Pressure = "0" />
		<Point X = "211" Y = "251" T = "0" Pressure = "0" />
		<Point X = "208" Y = "254" T = "0" Pressure = "0" />
		<Point X = "204" Y = "255" T = "0" Pressure = "0" />
		<Point X = "201" Y = "258" T = "0" Pressure = "0" />
		<Point X = "199" Y = "259" T = "0" Pressure = "0" />
		<Point X = "195" Y = "260" T = "0" Pressure = "0" />
		<Point X = "193" Y = "262" T = "0" Pressure = "0" />
		<Point X = "192" Y = "262" T = "0" Pressure = "0" />
		<Point X = "191" Y = "262" T = "0" Pressure = "0" />
		<Point X = "190" Y = "262" T = "0" Pressure = "0" />
		<Point X = "188" Y = "263" T = "0" Pressure = "0" />
		<Point X = "187" Y = "264" T = "0" Pressure = "0" />
		<Point X = "186" Y = "264" T = "0" Pressure = "0" />
		<Point X = "185" Y = "265" T = "0" Pressure = "0" />
		<Point X = "185" Y = "266" T = "0" Pressure = "0" />
		<Point X = "185" Y = "264" T = "0" Pressure = "0" />
		<Point X = "185" Y = "259" T = "0" Pressure = "0" />
		<Point X = "185" Y = "253" T = "0" Pressure = "0" />
		<Point X = "185" Y = "250" T = "0" Pressure = "0" />
		<Point X = "186" Y = "245" T = "0" Pressure = "0" />
		<Point X = "187" Y = "243" T = "0" Pressure = "0" />
		<Point X = "188" Y = "239" T = "0" Pressure = "0" />
		<Point X = "189" Y = "236" T = "0" Pressure = "0" />
		<Point X = "191" Y = "233" T = "0" Pressure = "0" />
		<Point X = "194" Y = "229" T = "0" Pressure = "0" />
		<Point X = "194" Y = "224" T = "0" Pressure = "0" />
		<Point X = "196" Y = "219" T = "0" Pressure = "0" />
		<Point X = "196" Y = "213" T = "0" Pressure = "0" />
		<Point X = "196" Y = "209" T = "0" Pressure = "0" />
		<Point X = "198" Y = "203" T = "0" Pressure = "0" />
		<Point X = "199" Y = "200" T = "0" Pressure = "0" />
		<Point X = "200" Y = "195" T = "0" Pressure = "0" />
		<Point X = "201" Y = "192" T = "0" Pressure = "0" />
		<Point X = "203" Y = "189" T = "0" Pressure = "0" />
		<Point X = "203" Y = "187" T = "0" Pressure = "0" />
		<Point X = "204" Y = "185" T = "0" Pressure = "0" />
		<Point X = "205" Y = "183" T = "0" Pressure = "0" />
		<Point X = "206" Y = "180" T = "0" Pressure = "0" />
		<Point X = "207" Y = "179" T = "0" Pressure = "0" />
		<Point X = "208" Y = "176" T = "0" Pressure = "0" />
		<Point X = "210" Y = "172" T = "0" Pressure = "0" />
		<Point X = "211" Y = "168" T = "0" Pressure = "0" />
		<Point X = "212" Y = "165" T = "0" Pressure = "0" />
		<Point X = "215" Y = "161" T = "0" Pressure = "0" />
		<Point X = "215" Y = "159" T = "0" Pressure = "0" />
		<Point X = "217" Y = "155" T = "0" Pressure = "0" />
		<Point X = "219" Y = "152" T = "0" Pressure = "0" />
		<Point X = "220" Y = "148" T = "0" Pressure = "0" />
		<Point X = "220" Y = "146" T = "0" Pressure = "0" />
		<Point X = "221" Y = "143" T = "0" Pressure = "0" />
		<Point X = "223" Y = "141" T = "0" Pressure = "0" />
		<Point X = "223" Y = "138" T = "0" Pressure = "0" />
		<Point X = "223" Y = "136" T = "0" Pressure = "0" />
		<Point X = "224" Y = "135" T = "0" Pressure = "0" />
		<Point X = "225" Y = "132" T = "0" Pressure = "0" />
		<Point X = "227" Y = "127" T = "0" Pressure = "0" />
		<Point X = "227" Y = "125" T = "0" Pressure = "0" />
		<Point X = "228" Y = "123" T = "0" Pressure = "0" />
		<Point X = "228" Y = "119" T = "0" Pressure = "0" />
		<Point X = "229" Y = "116" T = "0" Pressure = "0" />
		<Point X = "231" Y = "113" T = "0" Pressure = "0" />
		<Point X = "232" Y = "111" T = "0" Pressure = "0" />
		<Point X = "232" Y = "108" T = "0" Pressure = "0" />
		<Point X = "233" Y = "107" T = "0" Pressure = "0" />
		<Point X = "234" Y = "106" T = "0" Pressure = "0" />
		<Point X = "234" Y = "105" T = "0" Pressure = "0" />
		<Point X = "235" Y = "104" T = "0" Pressure = "0" />
		<Point X = "236" Y = "102" T = "0" Pressure = "0" />
		<Point X = "236" Y = "101" T = "0" Pressure = "0" />
		<Point X = "237" Y = "100" T = "0" Pressure = "0" />
		<Point X = "238" Y = "99" T = "0" Pressure = "0" />
		<Point X = "238" Y = "98" T = "0" Pressure = "0" />
		<Point X = "239" Y = "96" T = "0" Pressure = "0" />
		<Point X = "239" Y = "95" T = "0" Pressure = "0" />
		<Point X = "239" Y = "94" T = "0" Pressure = "0" />
		<Point X = "239" Y = "93" T = "0" Pressure = "0" />
		<Point X = "239" Y = "92" T = "0" Pressure = "0" />
		<Point X = "239" Y = "91" T = "0" Pressure = "0" />
		<Point X = "239" Y = "90" T = "0" Pressure = "0" />
		<Point X = "241" Y = "88" T = "0" Pressure = "0" />
		<Point X = "241" Y = "91" T = "0" Pressure = "0" />
		<Point X = "241" Y = "96" T = "0" Pressure = "0" />
		<Point X = "241" Y = "101" T = "0" Pressure = "0" />
		<Point X = "241" Y = "108" T = "0" Pressure = "0" />
		<Point X = "241" Y = "115" T = "0" Pressure = "0" />
		<Point X = "241" Y = "123" T = "0" Pressure = "0" />
		<Point X = "241" Y = "130" T = "0" Pressure = "0" />
		<Point X = "241" Y = "137" T = "0" Pressure = "0" />
		<Point X = "241" Y = "144" T = "0" Pressure = "0" />
		<Point X = "241" Y = "148" T = "0" Pressure = "0" />
		<Point X = "242" Y = "153" T = "0" Pressure = "0" />
		<Point X = "242" Y = "155" T = "0" Pressure = "0" />
		<Point X = "243" Y = "158" T = "0" Pressure = "0" />
		<Point X = "243" Y = "160" T = "0" Pressure = "0" />
		<Point X = "243" Y = "162" T = "0" Pressure = "0" />
		<Point X = "243" Y = "164" T = "0" Pressure = "0" />
		<Point X = "244" Y = "165" T = "0" Pressure = "0" />
		<Point X = "245" Y = "166" T = "0" Pressure = "0" />
		<Point X = "245" Y = "168" T = "0" Pressure = "0" />
		<Point X = "246" Y = "169" T = "0" Pressure = "0" />
		<Point X = "247" Y = "171" T = "0" Pressure = "0" />
		<Point X = "249" Y = "174" T = "0" Pressure = "0" />
		<Point X = "249" Y = "175" T = "0" Pressure = "0" />
		<Point X = "250" Y = "176" T = "0" Pressure = "0" />
		<Point X = "250" Y = "178" T = "0" Pressure = "0" />
		<Point X = "250" Y = "179" T = "0" Pressure = "0" />
		<Point X = "250" Y = "182" T = "0" Pressure = "0" />
		<Point X = "250" Y = "183" T = "0" Pressure = "0" />
		<Point X = "252" Y = "188" T = "0" Pressure = "0" />
		<Point X = "252" Y = "191" T = "0" Pressure = "0" />
		<Point X = "252" Y = "195" T = "0" Pressure = "0" />
		<Point X = "254" Y = "199" T = "0" Pressure = "0" />
		<Point X = "255" Y = "204" T = "0" Pressure = "0" />
		<Point X = "257" Y = "208" T = "0" Pressure = "0" />
		<Point X = "258" Y = "214" T = "0" Pressure = "0" />
		<Point X = "258" Y = "218" T = "0" Pressure = "0" />
		<Point X = "259" Y = "227" T = "0" Pressure = "0" />
		<Point X = "259" Y = "232" T = "0" Pressure = "0" />
		<Point X = "260" Y = "239" T = "0" Pressure = "0" />
		<Point X = "263" Y = "247" T = "0" Pressure = "0" />
		<Point X = "265" Y = "254" T = "0" Pressure = "0" />
		<Point X = "268" Y = "259" T = "0" Pressure = "0" />
		<Point X = "269" Y = "263" T = "0" Pressure = "0" />
		<Point X = "270" Y = "266" T = "0" Pressure = "0" />
		<Point X = "270" Y = "267" T = "0" Pressure = "0" />
		<Point X = "271" Y = "268" T = "0" Pressure = "0" />
		<Point X = "271" Y = "269" T = "0" Pressure = "0" />
		<Point X = "271" Y = "271" T = "0" Pressure = "0" />
		<Point X = "271" Y = "273" T = "0" Pressure = "0" />
		<Point X = "271" Y = "275" T = "0" Pressure = "0" />
		<Point X = "272" Y = "276" T = "0" Pressure = "0" />
		<Point X = "273" Y = "280" T = "0" Pressure = "0" />
		<Point X = "274" Y = "282" T = "0" Pressure = "0" />
		<Point X = "274" Y = "283" T = "0" Pressure = "0" />
		<Point X = "275" Y = "285" T = "0" Pressure = "0" />
		<Point X = "275" Y = "286" T = "0" Pressure = "0" />
		<Point X = "275" Y = "287" T = "0" Pressure = "0" />
		<Point X = "275" Y = "288" T = "0" Pressure = "0" />
		<Point X = "275" Y = "289" T = "0" Pressure = "0" />
		<Point X = "275" Y = "290" T = "0" Pressure = "0" />
		<Point X = "275" Y = "291" T = "0" Pressure = "0" />
		<Point X = "274" Y = "291" T = "0" Pressure = "0" />
		<Point X = "272" Y = "291" T = "0" Pressure = "0" />
		<Point X = "271" Y = "291" T = "0" Pressure = "0" />
		<Point X = "269" Y = "291" T = "0" Pressure = "0" />
		<Point X = "268" Y = "291" T = "0" Pressure = "0" />
		<Point X = "264" Y = "290" T = "0" Pressure = "0" />
		<Point X = "263" Y = "288" T = "0" Pressure = "0" />
		<Point X = "260" Y = "286" T = "0" Pressure = "0" />
		<Point X = "259" Y = "285" T = "0" Pressure = "0" />
		<Point X = "258" Y = "284" T = "0" Pressure = "0" />
		<Point X = "257" Y = "283" T = "0" Pressure = "0" />
		<Point X = "257" Y = "282" T = "0" Pressure = "0" />
		<Point X = "256" Y = "282" T = "0" Pressure = "0" />
		<Point X = "255" Y = "281" T = "0" Pressure = "0" />
		<Point X = "254" Y = "280" T = "0" Pressure = "0" />
		<Point X = "251" Y = "278" T = "0" Pressure = "0" />
		<Point X = "249" Y = "277" T = "0" Pressure = "0" />
		<Point X = "245" Y = "274" T = "0" Pressure = "0" />
		<Point X = "240" Y = "271" T = "0" Pressure = "0" />
		<Point X = "237" Y = "269" T = "0" Pressure = "0" />
		<Point X = "233" Y = "267" T = "0" Pressure = "0" />
		<Point X = "232" Y = "266" T = "0" Pressure = "0" />
		<Point X = "230" Y = "265" T = "0" Pressure = "0" />
		<Point X = "228" Y = "264" T = "0" Pressure = "0" />
		<Point X = "226" Y = "262" T = "0" Pressure = "0" />
		<Point X = "225" Y = "262" T = "0" Pressure = "0" />
		<Point X = "223" Y = "261" T = "0" Pressure = "0" />
		<Point X = "222" Y = "260" T = "0" Pressure = "0" />
		<Point X = "221" Y = "259" T = "0" Pressure = "0" />
		<Point X = "220" Y = "258" T = "0" Pressure = "0" />
		<Point X = "219" Y = "257" T = "0" Pressure = "0" />
		<Point X = "217" Y = "255" T = "0" Pressure = "0" />
		<Point X = "216" Y = "255" T = "0" Pressure = "0" />
		<Point X = "215" Y = "254" T = "0" Pressure = "0" />
		<Point X = "214" Y = "254" T = "0" Pressure = "0" />
		<Point X = "214" Y = "253" T = "0" Pressure = "0" />
		<Point X = "212" Y = "251" T = "0" Pressure = "0" />
		<Point X = "210" Y = "249" T = "0" Pressure = "0" />
		<Point X = "210" Y = "248" T = "0" Pressure = "0" />
		<Point X = "208" Y = "246" T = "0" Pressure = "0" />
		<Point X = "208" Y = "245" T = "0" Pressure = "0" />
		<Point X = "207" Y = "245" T = "0" Pressure = "0" />
		<Point X = "207" Y = "244" T = "0" Pressure = "0" />
		<Point X = "205" Y = "243" T = "0" Pressure = "0" />
		<Point X = "204" Y = "242" T = "0" Pressure = "0" />
		<Point X = "202" Y = "241" T = "0" Pressure = "0" />
		<Point X = "199" Y = "239" T = "0" Pressure = "0" />
		<Point X = "197" Y = "238" T = "0" Pressure = "0" />
		<Point X = "195" Y = "237" T = "0" Pressure = "0" />
		<Point X = "194" Y = "236" T = "0" Pressure = "0" />
		<Point X = "192" Y = "234" T = "0" Pressure = "0" />
		<Point X = "191" Y = "234" T = "0" Pressure = "0" />
		<Point X = "189" Y = "232" T = "0" Pressure = "0" />
		<Point X = "187" Y = "231" T = "0" Pressure = "0" />
		<Point X = "187" Y = "230" T = "0" Pressure = "0" />
		<Point X = "185" Y = "229" T = "0" Pressure = "0" />
		<Point X = "183" Y = "228" T = "0" Pressure = "0" />
		<Point X = "183" Y = "227" T = "0" Pressure = "0" />
		<Point X = "180" Y = "225" T = "0" Pressure = "0" />
		<Point X = "178" Y = "224" T = "0" Pressure = "0" />
		<Point X = "177" Y = "223" T = "0" Pressure = "0" />
		<Point X = "176" Y = "222" T = "0" Pressure = "0" />
		<Point X = "175" Y = "221" T = "0" Pressure = "0" />
		<Point X = "174" Y = "220" T = "0" Pressure = "0" />
		<Point X = "173" Y = "219" T = "0" Pressure = "0" />
		<Point X = "171" Y = "218" T = "0" Pressure = "0" />
		<Point X = "170" Y = "217" T = "0" Pressure = "0" />
		<Point X = "168" Y = "216" T = "0" Pressure = "0" />
		<Point X = "166" Y = "214" T = "0" Pressure = "0" />
		<Point X = "165" Y = "214" T = "0" Pressure = "0" />
		<Point X = "164" Y = "213" T = "0" Pressure = "0" />
		<Point X = "163" Y = "212" T = "0" Pressure = "0" />
		<Point X = "162" Y = "212" T = "0" Pressure = "0" />
		<Point X = "162" Y = "211" T = "0" Pressure = "0" />
		<Point X = "161" Y = "211" T = "0" Pressure = "0" />
		<Point X = "160" Y = "210" T = "0" Pressure = "0" />
		<Point X = "159" Y = "208" T = "0" Pressure = "0" />
		<Point X = "158" Y = "208" T = "0" Pressure = "0" />
		<Point X = "157" Y = "207" T = "0" Pressure = "0" />
		<Point X = "157" Y = "206" T = "0" Pressure = "0" />
		<Point X = "157" Y = "205" T = "0" Pressure = "0" />
		<Point X = "156" Y = "205" T = "0" Pressure = "0" />
		<Point X = "155" Y = "204" T = "0" Pressure = "0" />
		<Point X = "153" Y = "203" T = "0" Pressure = "0" />
		<Point X = "152" Y = "203" T = "0" Pressure = "0" />
		<Point X = "151" Y = "202" T = "0" Pressure = "0" />
		<Point X = "150" Y = "201" T = "0" Pressure = "0" />
		<Point X = "148" Y = "199" T = "0" Pressure = "0" />
		<Point X = "147" Y = "198" T = "0" Pressure = "0" />
		<Point X = "146" Y = "196" T = "0" Pressure = "0" />
		<Point X = "145" Y = "194" T = "0" Pressure = "0" />
		<Point X = "143" Y = "191" T = "0" Pressure = "0" />
		<Point X = "143" Y = "190" T = "0" Pressure = "0" />
		<Point X = "142" Y = "189" T = "0" Pressure = "0" />
		<Point X = "142" Y = "188" T = "0" Pressure = "0" />
		<Point X = "142" Y = "187" T = "0" Pressure = "0" />
		<Point X = "142" Y = "186" T = "0" Pressure = "0" />
		<Point X = "142" Y = "185" T = "0" Pressure = "0" />
		<Point X = "142" Y = "184" T = "0" Pressure = "0" />
		<Point X = "143" Y = "184" T = "0" Pressure = "0" />
		<Point X = "144" Y = "183" T = "0" Pressure = "0" />
		<Point X = "144" Y = "182" T = "0" Pressure = "0" />
		<Point X = "145" Y = "182" T = "0" Pressure = "0" />
		<Point X = "146" Y = "181" T = "0" Pressure = "0" />
		<Point X = "147" Y = "181" T = "0" Pressure = "0" />
		<Point X = "148" Y = "181" T = "0" Pressure = "0" />
		<Point X = "149" Y = "181" T = "0" Pressure = "0" />
		<Point X = "150" Y = "181" T = "0" Pressure = "0" />
		<Point X = "151" Y = "181" T = "0" Pressure = "0" />
		<Point X = "152" Y = "181" T = "0" Pressure = "0" />
		<Point X = "153" Y = "181" T = "0" Pressure = "0" />
		<Point X = "154" Y = "181" T = "0" Pressure = "0" />
		<Point X = "155" Y = "181" T = "0" Pressure = "0" />
		<Point X = "156" Y = "181" T = "0" Pressure = "0" />
		<Point X = "157" Y = "180" T = "0" Pressure = "0" />
		<Point X = "158" Y = "179" T = "0" Pressure = "0" />
		<Point X = "159" Y = "179" T = "0" Pressure = "0" />
		<Point X = "161" Y = "179" T = "0" Pressure = "0" />
		<Point X = "162" Y = "179" T = "0" Pressure = "0" />
		<Point X = "164" Y = "179" T = "0" Pressure = "0" />
		<Point X = "166" Y = "179" T = "0" Pressure = "0" />
		<Point X = "167" Y = "179" T = "0" Pressure = "0" />
		<Point X = "168" Y = "179" T = "0" Pressure = "0" />
		<Point X = "170" Y = "179" T = "0" Pressure = "0" />
		<Point X = "172" Y = "179" T = "0" Pressure = "0" />
		<Point X = "173" Y = "179" T = "0" Pressure = "0" />
		<Point X = "175" Y = "179" T = "0" Pressure = "0" />
		<Point X = "178" Y = "179" T = "0" Pressure = "0" />
		<Point X = "181" Y = "178" T = "0" Pressure = "0" />
		<Point X = "183" Y = "178" T = "0" Pressure = "0" />
		<Point X = "184" Y = "177" T = "0" Pressure = "0" />
		<Point X = "186" Y = "177" T = "0" Pressure = "0" />
		<Point X = "187" Y = "176" T = "0" Pressure = "0" />
		<Point X = "188" Y = "175" T = "0" Pressure = "0" />
	</Stroke>
</Gesture>
