<?xml version="1.0" encoding="utf-8" standalone="yes"?>
<Gesture Name = "star">
	<Stroke>
		<Point X = "98" Y = "111" T = "0" Pressure = "0" />
		<Point X = "98" Y = "110" T = "0" Pressure = "0" />
		<Point X = "100" Y = "109" T = "0" Pressure = "0" />
		<Point X = "101" Y = "109" T = "0" Pressure = "0" />
		<Point X = "104" Y = "107" T = "0" Pressure = "0" />
		<Point X = "105" Y = "107" T = "0" Pressure = "0" />
		<Point X = "108" Y = "107" T = "0" Pressure = "0" />
		<Point X = "113" Y = "107" T = "0" Pressure = "0" />
		<Point X = "118" Y = "107" T = "0" Pressure = "0" />
		<Point X = "123" Y = "107" T = "0" Pressure = "0" />
		<Point X = "128" Y = "107" T = "0" Pressure = "0" />
		<Point X = "132" Y = "107" T = "0" Pressure = "0" />
		<Point X = "138" Y = "107" T = "0" Pressure = "0" />
		<Point X = "141" Y = "107" T = "0" Pressure = "0" />
		<Point X = "145" Y = "107" T = "0" Pressure = "0" />
		<Point X = "151" Y = "107" T = "0" Pressure = "0" />
		<Point X = "155" Y = "107" T = "0" Pressure = "0" />
		<Point X = "160" Y = "107" T = "0" Pressure = "0" />
		<Point X = "166" Y = "107" T = "0" Pressure = "0" />
		<Point X = "171" Y = "107" T = "0" Pressure = "0" />
		<Point X = "178" Y = "107" T = "0" Pressure = "0" />
		<Point X = "185" Y = "107" T = "0" Pressure = "0" />
		<Point X = "191" Y = "107" T = "0" Pressure = "0" />
		<Point X = "195" Y = "107" T = "0" Pressure = "0" />
		<Point X = "202" Y = "107" T = "0" Pressure = "0" />
		<Point X = "209" Y = "109" T = "0" Pressure = "0" />
		<Point X = "215" Y = "109" T = "0" Pressure = "0" />
		<Point X = "221" Y = "110" T = "0" Pressure = "0" />
		<Point X = "226" Y = "111" T = "0" Pressure = "0" />
		<Point X = "232" Y = "111" T = "0" Pressure = "0" />
		<Point X = "236" Y = "111" T = "0" Pressure = "0" />
		<Point X = "240" Y = "111" T = "0" Pressure = "0" />
		<Point X = "243" Y = "111" T = "0" Pressure = "0" />
		<Point X = "246" Y = "111" T = "0" Pressure = "0" />
		<Point X = "250" Y = "111" T = "0" Pressure = "0" />
		<Point X = "253" Y = "111" T = "0" Pressure = "0" />
		<Point X = "258" Y = "111" T = "0" Pressure = "0" />
		<Point X = "265" Y = "111" T = "0" Pressure = "0" />
		<Point X = "270" Y = "111" T = "0" Pressure = "0" />
		<Point X = "277" Y = "111" T = "0" Pressure = "0" />
		<Point X = "281" Y = "111" T = "0" Pressure = "0" />
		<Point X = "285" Y = "111" T = "0" Pressure = "0" />
		<Point X = "287" Y = "111" T = "0" Pressure = "0" />
		<Point X = "287" Y = "112" T = "0" Pressure = "0" />
		<Point X = "287" Y = "113" T = "0" Pressure = "0" />
		<Point X = "287" Y = "114" T = "0" Pressure = "0" />
		<Point X = "287" Y = "118" T = "0" Pressure = "0" />
		<Point X = "285" Y = "119" T = "0" Pressure = "0" />
		<Point X = "283" Y = "121" T = "0" Pressure = "0" />
		<Point X = "279" Y = "125" T = "0" Pressure = "0" />
		<Point X = "276" Y = "128" T = "0" Pressure = "0" />
		<Point X = "269" Y = "132" T = "0" Pressure = "0" />
		<Point X = "263" Y = "137" T = "0" Pressure = "0" />
		<Point X = "257" Y = "141" T = "0" Pressure = "0" />
		<Point X = "252" Y = "145" T = "0" Pressure = "0" />
		<Point X = "249" Y = "148" T = "0" Pressure = "0" />
		<Point X = "241" Y = "153" T = "0" Pressure = "0" />
		<Point X = "236" Y = "157" T = "0" Pressure = "0" />
		<Point X = "234" Y = "159" T = "0" Pressure = "0" />
		<Point X = "230" Y = "161" T = "0" Pressure = "0" />
		<Point X = "227" Y = "162" T = "0" Pressure = "0" />
		<Point X = "224" Y = "164" T = "0" Pressure = "0" />
		<Point X = "222" Y = "164" T = "0" Pressure = "0" />
		<Point X = "215" Y = "166" T = "0" Pressure = "0" />
		<Point X = "209" Y = "168" T = "0" Pressure = "0" />
		<Point X = "203" Y = "170" T = "0" Pressure = "0" />
		<Point X = "196" Y = "174" T = "0" Pressure = "0" />
		<Point X = "189" Y = "176" T = "0" Pressure = "0" />
		<Point X = "181" Y = "180" T = "0" Pressure = "0" />
		<Point X = "175" Y = "182" T = "0" Pressure = "0" />
		<Point X = "169" Y = "185" T = "0" Pressure = "0" />
		<Point X = "166" Y = "185" T = "0" Pressure = "0" />
		<Point X = "162" Y = "186" T = "0" Pressure = "0" />
		<Point X = "160" Y = "186" T = "0" Pressure = "0" />
		<Point X = "157" Y = "188" T = "0" Pressure = "0" />
		<Point X = "155" Y = "189" T = "0" Pressure = "0" />
		<Point X = "154" Y = "189" T = "0" Pressure = "0" />
		<Point X = "153" Y = "189" T = "0" Pressure = "0" />
		<Point X = "151" Y = "190" T = "0" Pressure = "0" />
		<Point X = "148" Y = "191" T = "0" Pressure = "0" />
		<Point X = "146" Y = "192" T = "0" Pressure = "0" />
		<Point X = "143" Y = "194" T = "0" Pressure = "0" />
		<Point X = "139" Y = "195" T = "0" Pressure = "0" />
		<Point X = "137" Y = "196" T = "0" Pressure = "0" />
		<Point X = "134" Y = "198" T = "0" Pressure = "0" />
		<Point X = "131" Y = "199" T = "0" Pressure = "0" />
		<Point X = "130" Y = "200" T = "0" Pressure = "0" />
		<Point X = "129" Y = "201" T = "0" Pressure = "0" />
		<Point X = "127" Y = "201" T = "0" Pressure = "0" />
		<Point X = "125" Y = "203" T = "0" Pressure = "0" />
		<Point X = "124" Y = "204" T = "0" Pressure = "0" />
		<Point X = "123" Y = "205" T = "0" Pressure = "0" />
		<Point X = "123" Y = "204" T = "0" Pressure = "0" />
		<Point X = "124" Y = "200" T = "0" Pressure = "0" />
		<Point X = "127" Y = "195" T = "0" Pressure = "0" />
		<Point X = "130" Y = "190" T = "0" Pressure = "0" />
		<Point X = "133" Y = "186" T = "0" Pressure = "0" />
		<Point X = "134" Y = "179" T = "0" Pressure = "0" />
		<Point X = "137" Y = "170" T = "0" Pressure = "0" />
		<Point X = "139" Y = "161" T = "0" Pressure = "0" />
		<Point X = "142" Y = "153" T = "0" Pressure = "0" />
		<Point X = "143" Y = "145" T = "0" Pressure = "0" />
		<Point X = "146" Y = "138" T = "0" Pressure = "0" />
		<Point X = "149" Y = "132" T = "0" Pressure = "0" />
		<Point X = "151" Y = "128" T = "0" Pressure = "0" />
		<Point X = "153" Y = "124" T = "0" Pressure = "0" />
		<Point X = "155" Y = "121" T = "0" Pressure = "0" />
		<Point X = "158" Y = "117" T = "0" Pressure = "0" />
		<Point X = "161" Y = "114" T = "0" Pressure = "0" />
		<Point X = "163" Y = "110" T = "0" Pressure = "0" />
		<Point X = "166" Y = "107" T = "0" Pressure = "0" />
		<Point X = "168" Y = "104" T = "0" Pressure = "0" />
		<Point X = "170" Y = "101" T = "0" Pressure = "0" />
		<Point X = "175" Y = "95" T = "0" Pressure = "0" />
		<Point X = "178" Y = "91" T = "0" Pressure = "0" />
		<Point X = "181" Y = "86" T = "0" Pressure = "0" />
		<Point X = "185" Y = "81" T = "0" Pressure = "0" />
		<Point X = "188" Y = "75" T = "0" Pressure = "0" />
		<Point X = "191" Y = "71" T = "0" Pressure = "0" />
		<Point X = "195" Y = "66" T = "0" Pressure = "0" />
		<Point X = "198" Y = "61" T = "0" Pressure = "0" />
		<Point X = "199" Y = "59" T = "0" Pressure = "0" />
		<Point X = "202" Y = "56" T = "0" Pressure = "0" />
		<Point X = "203" Y = "54" T = "0" Pressure = "0" />
		<Point X = "204" Y = "52" T = "0" Pressure = "0" />
		<Point X = "204" Y = "51" T = "0" Pressure = "0" />
		<Point X = "206" Y = "50" T = "0" Pressure = "0" />
		<Point X = "206" Y = "49" T = "0" Pressure = "0" />
		<Point X = "206" Y = "48" T = "0" Pressure = "0" />
		<Point X = "207" Y = "47" T = "0" Pressure = "0" />
		<Point X = "208" Y = "45" T = "0" Pressure = "0" />
		<Point X = "209" Y = "44" T = "0" Pressure = "0" />
		<Point X = "210" Y = "42" T = "0" Pressure = "0" />
		<Point X = "211" Y = "41" T = "0" Pressure = "0" />
		<Point X = "212" Y = "39" T = "0" Pressure = "0" />
		<Point X = "213" Y = "38" T = "0" Pressure = "0" />
		<Point X = "215" Y = "37" T = "0" Pressure = "0" />
		<Point X = "215" Y = "36" T = "0" Pressure = "0" />
		<Point X = "216" Y = "36" T = "0" Pressure = "0" />
		<Point X = "216" Y = "38" T = "0" Pressure = "0" />
		<Point X = "216" Y = "44" T = "0" Pressure = "0" />
		<Point X = "216" Y = "51" T = "0" Pressure = "0" />
		<Point X = "216" Y = "61" T = "0" Pressure = "0" />
		<Point X = "216" Y = "69" T = "0" Pressure = "0" />
		<Point X = "216" Y = "73" T = "0" Pressure = "0" />
		<Point X = "216" Y = "82" T = "0" Pressure = "0" />
		<Point X = "217" Y = "86" T = "0" Pressure = "0" />
		<Point X = "217" Y = "92" T = "0" Pressure = "0" />
		<Point X = "218" Y = "97" T = "0" Pressure = "0" />
		<Point X = "220" Y = "101" T = "0" Pressure = "0" />
		<Point X = "222" Y = "105" T = "0" Pressure = "0" />
		<Point X = "224" Y = "111" T = "0" Pressure = "0" />
		<Point X = "227" Y = "117" T = "0" Pressure = "0" />
		<Point X = "230" Y = "125" T = "0" Pressure = "0" />
		<Point X = "233" Y = "132" T = "0" Pressure = "0" />
		<Point X = "237" Y = "142" T = "0" Pressure = "0" />
		<Point X = "241" Y = "153" T = "0" Pressure = "0" />
		<Point X = "242" Y = "161" T = "0" Pressure = "0" />
		<Point X = "245" Y = "170" T = "0" Pressure = "0" />
		<Point X = "247" Y = "175" T = "0" Pressure = "0" />
		<Point X = "248" Y = "179" T = "0" Pressure = "0" />
		<Point X = "248" Y = "181" T = "0" Pressure = "0" />
		<Point X = "250" Y = "183" T = "0" Pressure = "0" />
		<Point X = "250" Y = "184" T = "0" Pressure = "0" />
		<Point X = "250" Y = "185" T = "0" Pressure = "0" />
		<Point X = "250" Y = "186" T = "0" Pressure = "0" />
		<Point X = "251" Y = "187" T = "0" Pressure = "0" />
		<Point X = "251" Y = "191" T = "0" Pressure = "0" />
		<Point X = "251" Y = "193" T = "0" Pressure = "0" />
		<Point X = "252" Y = "196" T = "0" Pressure = "0" />
		<Point X = "252" Y = "199" T = "0" Pressure = "0" />
		<Point X = "253" Y = "201" T = "0" Pressure = "0" />
		<Point X = "253" Y = "202" T = "0" Pressure = "0" />
		<Point X = "253" Y = "203" T = "0" Pressure = "0" />
		<Point X = "253" Y = "204" T = "0" Pressure = "0" />
		<Point X = "253" Y = "206" T = "0" Pressure = "0" />
		<Point X = "253" Y = "207" T = "0" Pressure = "0" />
		<Point X = "253" Y = "210" T = "0" Pressure = "0" />
		<Point X = "253" Y = "211" T = "0" Pressure = "0" />
		<Point X = "253" Y = "214" T = "0" Pressure = "0" />
		<Point X = "253" Y = "218" T = "0" Pressure = "0" />
		<Point X = "253" Y = "219" T = "0" Pressure = "0" />
		<Point X = "253" Y = "220" T = "0" Pressure = "0" />
		<Point X = "253" Y = "221" T = "0" Pressure = "0" />
		<Point X = "253" Y = "222" T = "0" Pressure = "0" />
		<Point X = "253" Y = "223" T = "0" Pressure = "0" />
		<Point X = "253" Y = "224" T = "0" Pressure = "0" />
		<Point X = "251" Y = "224" T = "0" Pressure = "0" />
		<Point X = "250" Y = "224" T = "0" Pressure = "0" />
		<Point X = "247" Y = "224" T = "0" Pressure = "0" />
		<Point X = "244" Y = "224" T = "0" Pressure = "0" />
		<Point X = "238" Y = "222" T = "0" Pressure = "0" />
		<Point X = "235" Y = "219" T = "0" Pressure = "0" />
		<Point X = "229" Y = "215" T = "0" Pressure = "0" />
		<Point X = "224" Y = "213" T = "0" Pressure = "0" />
		<Point X = "221" Y = "213" T = "0" Pressure = "0" />
		<Point X = "219" Y = "211" T = "0" Pressure = "0" />
		<Point X = "218" Y = "210" T = "0" Pressure = "0" />
		<Point X = "217" Y = "208" T = "0" Pressure = "0" />
		<Point X = "215" Y = "207" T = "0" Pressure = "0" />
		<Point X = "214" Y = "204" T = "0" Pressure = "0" />
		<Point X = "211" Y = "201" T = "0" Pressure = "0" />
		<Point X = "206" Y = "197" T = "0" Pressure = "0" />
		<Point X = "202" Y = "193" T = "0" Pressure = "0" />
		<Point X = "199" Y = "191" T = "0" Pressure = "0" />
		<Point X = "196" Y = "188" T = "0" Pressure = "0" />
		<Point X = "194" Y = "187" T = "0" Pressure = "0" />
		<Point X = "192" Y = "183" T = "0" Pressure = "0" />
		<Point X = "190" Y = "182" T = "0" Pressure = "0" />
		<Point X = "188" Y = "180" T = "0" Pressure = "0" />
		<Point X = "187" Y = "179" T = "0" Pressure = "0" />
		<Point X = "184" Y = "177" T = "0" Pressure = "0" />
		<Point X = "183" Y = "176" T = "0" Pressure = "0" />
		<Point X = "176" Y = "172" T = "0" Pressure = "0" />
		<Point X = "172" Y = "170" T = "0" Pressure = "0" />
		<Point X = "167" Y = "168" T = "0" Pressure = "0" />
		<Point X = "159" Y = "163" T = "0" Pressure = "0" />
		<Point X = "155" Y = "162" T = "0" Pressure = "0" />
		<Point X = "151" Y = "159" T = "0" Pressure = "0" />
		<Point X = "150" Y = "158" T = "0" Pressure = "0" />
		<Point X = "148" Y = "157" T = "0" Pressure = "0" />
		<Point X = "146" Y = "156" T = "0" Pressure = "0" />
		<Point X = "146" Y = "155" T = "0" Pressure = "0" />
		<Point X = "143" Y = "154" T = "0" Pressure = "0" />
		<Point X = "142" Y = "153" T = "0" Pressure = "0" />
		<Point X = "139" Y = "151" T = "0" Pressure = "0" />
		<Point X = "135" Y = "148" T = "0" Pressure = "0" />
		<Point X = "133" Y = "147" T = "0" Pressure = "0" />
		<Point X = "130" Y = "144" T = "0" Pressure = "0" />
		<Point X = "126" Y = "142" T = "0" Pressure = "0" />
		<Point X = "121" Y = "138" T = "0" Pressure = "0" />
		<Point X = "117" Y = "135" T = "0" Pressure = "0" />
		<Point X = "115" Y = "133" T = "0" Pressure = "0" />
		<Point X = "113" Y = "130" T = "0" Pressure = "0" />
		<Point X = "111" Y = "129" T = "0" Pressure = "0" />
		<Point X = "110" Y = "128" T = "0" Pressure = "0" />
		<Point X = "109" Y = "127" T = "0" Pressure = "0" />
		<Point X = "107" Y = "126" T = "0" Pressure = "0" />
		<Point X = "107" Y = "123" T = "0" Pressure = "0" />
		<Point X = "106" Y = "121" T = "0" Pressure = "0" />
		<Point X = "106" Y = "120" T = "0" Pressure = "0" />
		<Point X = "106" Y = "117" T = "0" Pressure = "0" />
		<Point X = "106" Y = "115" T = "0" Pressure = "0" />
		<Point X = "106" Y = "113" T = "0" Pressure = "0" />
		<Point X = "106" Y = "112" T = "0" Pressure = "0" />
		<Point X = "106" Y = "111" T = "0" Pressure = "0" />
		<Point X = "106" Y = "110" T = "0" Pressure = "0" />
		<Point X = "106" Y = "109" T = "0" Pressure = "0" />
		<Point X = "106" Y = "108" T = "0" Pressure = "0" />
		<Point X = "106" Y = "107" T = "0" Pressure = "0" />
		<Point X = "106" Y = "106" T = "0" Pressure = "0" />
		<Point X = "105" Y = "106" T = "0" Pressure = "0" />
		<Point X = "105" Y = "105" T = "0" Pressure = "0" />
		<Point X = "104" Y = "105" T = "0" Pressure = "0" />
		<Point X = "103" Y = "105" T = "0" Pressure = "0" />
		<Point X = "102" Y = "105" T = "0" Pressure = "0" />
		<Point X = "101" Y = "105" T = "0" Pressure = "0" />
	</Stroke>
</Gesture>
