<?xml version="1.0" encoding="utf-8" standalone="yes"?>
<Gesture Name = "star">
	<Stroke>
		<Point X = "211" Y = "70" T = "0" Pressure = "0" />
		<Point X = "213" Y = "70" T = "0" Pressure = "0" />
		<Point X = "216" Y = "71" T = "0" Pressure = "0" />
		<Point X = "221" Y = "72" T = "0" Pressure = "0" />
		<Point X = "227" Y = "74" T = "0" Pressure = "0" />
		<Point X = "234" Y = "76" T = "0" Pressure = "0" />
		<Point X = "240" Y = "78" T = "0" Pressure = "0" />
		<Point X = "245" Y = "78" T = "0" Pressure = "0" />
		<Point X = "254" Y = "79" T = "0" Pressure = "0" />
		<Point X = "260" Y = "79" T = "0" Pressure = "0" />
		<Point X = "266" Y = "81" T = "0" Pressure = "0" />
		<Point X = "273" Y = "81" T = "0" Pressure = "0" />
		<Point X = "279" Y = "81" T = "0" Pressure = "0" />
		<Point X = "286" Y = "81" T = "0" Pressure = "0" />
		<Point X = "294" Y = "81" T = "0" Pressure = "0" />
		<Point X = "299" Y = "81" T = "0" Pressure = "0" />
		<Point X = "308" Y = "81" T = "0" Pressure = "0" />
		<Point X = "313" Y = "81" T = "0" Pressure = "0" />
		<Point X = "317" Y = "81" T = "0" Pressure = "0" />
		<Point X = "320" Y = "81" T = "0" Pressure = "0" />
		<Point X = "323" Y = "81" T = "0" Pressure = "0" />
		<Point X = "324" Y = "81" T = "0" Pressure = "0" />
		<Point X = "325" Y = "81" T = "0" Pressure = "0" />
		<Point X = "325" Y = "84" T = "0" Pressure = "0" />
		<Point X = "325" Y = "87" T = "0" Pressure = "0" />
		<Point X = "323" Y = "91" T = "0" Pressure = "0" />
		<Point X = "321" Y = "94" T = "0" Pressure = "0" />
		<Point X = "318" Y = "102" T = "0" Pressure = "0" />
		<Point X = "314" Y = "109" T = "0" Pressure = "0" />
		<Point X = "308" Y = "117" T = "0" Pressure = "0" />
		<Point X = "303" Y = "126" T = "0" Pressure = "0" />
		<Point X = "296" Y = "135" T = "0" Pressure = "0" />
		<Point X = "291" Y = "141" T = "0" Pressure = "0" />
		<Point X = "284" Y = "149" T = "0" Pressure = "0" />
		<Point X = "279" Y = "153" T = "0" Pressure = "0" />
		<Point X = "274" Y = "158" T = "0" Pressure = "0" />
		<Point X = "272" Y = "162" T = "0" Pressure = "0" />
		<Point X = "267" Y = "164" T = "0" Pressure = "0" />
		<Point X = "265" Y = "166" T = "0" Pressure = "0" />
		<Point X = "261" Y = "168" T = "0" Pressure = "0" />
		<Point X = "259" Y = "169" T = "0" Pressure = "0" />
		<Point X = "257" Y = "171" T = "0" Pressure = "0" />
		<Point X = "255" Y = "171" T = "0" Pressure = "0" />
		<Point X = "251" Y = "174" T = "0" Pressure = "0" />
		<Point X = "250" Y = "175" T = "0" Pressure = "0" />
		<Point X = "247" Y = "176" T = "0" Pressure = "0" />
		<Point X = "246" Y = "177" T = "0" Pressure = "0" />
		<Point X = "245" Y = "178" T = "0" Pressure = "0" />
		<Point X = "245" Y = "177" T = "0" Pressure = "0" />
		<Point X = "245" Y = "174" T = "0" Pressure = "0" />
		<Point X = "245" Y = "171" T = "0" Pressure = "0" />
		<Point X = "245" Y = "167" T = "0" Pressure = "0" />
		<Point X = "246" Y = "161" T = "0" Pressure = "0" />
		<Point X = "249" Y = "154" T = "0" Pressure = "0" />
		<Point X = "250" Y = "149" T = "0" Pressure = "0" />
		<Point X = "252" Y = "140" T = "0" Pressure = "0" />
		<Point X = "256" Y = "131" T = "0" Pressure = "0" />
		<Point X = "257" Y = "123" T = "0" Pressure = "0" />
		<Point X = "257" Y = "114" T = "0" Pressure = "0" />
		<Point X = "258" Y = "107" T = "0" Pressure = "0" />
		<Point X = "260" Y = "99" T = "0" Pressure = "0" />
		<Point X = "261" Y = "92" T = "0" Pressure = "0" />
		<Point X = "262" Y = "83" T = "0" Pressure = "0" />
		<Point X = "263" Y = "78" T = "0" Pressure = "0" />
		<Point X = "263" Y = "70" T = "0" Pressure = "0" />
		<Point X = "265" Y = "65" T = "0" Pressure = "0" />
		<Point X = "265" Y = "60" T = "0" Pressure = "0" />
		<Point X = "266" Y = "56" T = "0" Pressure = "0" />
		<Point X = "267" Y = "52" T = "0" Pressure = "0" />
		<Point X = "270" Y = "47" T = "0" Pressure = "0" />
		<Point X = "270" Y = "43" T = "0" Pressure = "0" />
		<Point X = "271" Y = "37" T = "0" Pressure = "0" />
		<Point X = "271" Y = "34" T = "0" Pressure = "0" />
		<Point X = "272" Y = "30" T = "0" Pressure = "0" />
		<Point X = "274" Y = "25" T = "0" Pressure = "0" />
		<Point X = "274" Y = "23" T = "0" Pressure = "0" />
		<Point X = "275" Y = "20" T = "0" Pressure = "0" />
		<Point X = "275" Y = "19" T = "0" Pressure = "0" />
		<Point X = "276" Y = "17" T = "0" Pressure = "0" />
		<Point X = "276" Y = "15" T = "0" Pressure = "0" />
		<Point X = "276" Y = "14" T = "0" Pressure = "0" />
		<Point X = "277" Y = "14" T = "0" Pressure = "0" />
		<Point X = "277" Y = "13" T = "0" Pressure = "0" />
		<Point X = "278" Y = "16" T = "0" Pressure = "0" />
		<Point X = "279" Y = "22" T = "0" Pressure = "0" />
		<Point X = "279" Y = "26" T = "0" Pressure = "0" />
		<Point X = "280" Y = "32" T = "0" Pressure = "0" />
		<Point X = "282" Y = "41" T = "0" Pressure = "0" />
		<Point X = "283" Y = "50" T = "0" Pressure = "0" />
		<Point X = "284" Y = "61" T = "0" Pressure = "0" />
		<Point X = "285" Y = "74" T = "0" Pressure = "0" />
		<Point X = "290" Y = "85" T = "0" Pressure = "0" />
		<Point X = "293" Y = "97" T = "0" Pressure = "0" />
		<Point X = "295" Y = "107" T = "0" Pressure = "0" />
		<Point X = "299" Y = "118" T = "0" Pressure = "0" />
		<Point X = "301" Y = "126" T = "0" Pressure = "0" />
		<Point X = "304" Y = "133" T = "0" Pressure = "0" />
		<Point X = "305" Y = "137" T = "0" Pressure = "0" />
		<Point X = "306" Y = "142" T = "0" Pressure = "0" />
		<Point X = "306" Y = "144" T = "0" Pressure = "0" />
		<Point X = "308" Y = "148" T = "0" Pressure = "0" />
		<Point X = "309" Y = "151" T = "0" Pressure = "0" />
		<Point X = "310" Y = "152" T = "0" Pressure = "0" />
		<Point X = "310" Y = "154" T = "0" Pressure = "0" />
		<Point X = "312" Y = "156" T = "0" Pressure = "0" />
		<Point X = "312" Y = "157" T = "0" Pressure = "0" />
		<Point X = "313" Y = "158" T = "0" Pressure = "0" />
		<Point X = "313" Y = "159" T = "0" Pressure = "0" />
		<Point X = "314" Y = "159" T = "0" Pressure = "0" />
		<Point X = "314" Y = "160" T = "0" Pressure = "0" />
		<Point X = "314" Y = "161" T = "0" Pressure = "0" />
		<Point X = "313" Y = "162" T = "0" Pressure = "0" />
		<Point X = "311" Y = "162" T = "0" Pressure = "0" />
		<Point X = "307" Y = "162" T = "0" Pressure = "0" />
		<Point X = "303" Y = "162" T = "0" Pressure = "0" />
		<Point X = "296" Y = "159" T = "0" Pressure = "0" />
		<Point X = "291" Y = "158" T = "0" Pressure = "0" />
		<Point X = "288" Y = "155" T = "0" Pressure = "0" />
		<Point X = "283" Y = "151" T = "0" Pressure = "0" />
		<Point X = "279" Y = "148" T = "0" Pressure = "0" />
		<Point X = "276" Y = "146" T = "0" Pressure = "0" />
		<Point X = "269" Y = "142" T = "0" Pressure = "0" />
		<Point X = "265" Y = "139" T = "0" Pressure = "0" />
		<Point X = "256" Y = "133" T = "0" Pressure = "0" />
		<Point X = "252" Y = "129" T = "0" Pressure = "0" />
		<Point X = "247" Y = "126" T = "0" Pressure = "0" />
		<Point X = "244" Y = "123" T = "0" Pressure = "0" />
		<Point X = "241" Y = "120" T = "0" Pressure = "0" />
		<Point X = "238" Y = "119" T = "0" Pressure = "0" />
		<Point X = "236" Y = "117" T = "0" Pressure = "0" />
		<Point X = "233" Y = "116" T = "0" Pressure = "0" />
		<Point X = "232" Y = "114" T = "0" Pressure = "0" />
		<Point X = "231" Y = "112" T = "0" Pressure = "0" />
		<Point X = "230" Y = "109" T = "0" Pressure = "0" />
		<Point X = "229" Y = "105" T = "0" Pressure = "0" />
		<Point X = "229" Y = "102" T = "0" Pressure = "0" />
		<Point X = "228" Y = "99" T = "0" Pressure = "0" />
		<Point X = "226" Y = "94" T = "0" Pressure = "0" />
		<Point X = "225" Y = "91" T = "0" Pressure = "0" />
		<Point X = "224" Y = "89" T = "0" Pressure = "0" />
		<Point X = "222" Y = "86" T = "0" Pressure = "0" />
		<Point X = "221" Y = "85" T = "0" Pressure = "0" />
		<Point X = "220" Y = "83" T = "0" Pressure = "0" />
		<Point X = "219" Y = "82" T = "0" Pressure = "0" />
		<Point X = "218" Y = "81" T = "0" Pressure = "0" />
		<Point X = "218" Y = "80" T = "0" Pressure = "0" />
		<Point X = "218" Y = "79" T = "0" Pressure = "0" />
		<Point X = "218" Y = "78" T = "0" Pressure = "0" />
		<Point X = "218" Y = "77" T = "0" Pressure = "0" />
		<Point X = "218" Y = "76" T = "0" Pressure = "0" />
		<Point X = "217" Y = "76" T = "0" Pressure = "0" />
		<Point X = "217" Y = "75" T = "0" Pressure = "0" />
		<Point X = "217" Y = "74" T = "0" Pressure = "0" />
		<Point X = "217" Y = "73" T = "0" Pressure = "0" />
		<Point X = "216" Y = "73" T = "0" Pressure = "0" />
		<Point X = "215" Y = "71" T = "0" Pressure = "0" />
		<Point X = "215" Y = "69" T = "0" Pressure = "0" />
		<Point X = "214" Y = "68" T = "0" Pressure = "0" />
		<Point X = "214" Y = "67" T = "0" Pressure = "0" />
		<Point X = "214" Y = "66" T = "0" Pressure = "0" />
		<Point X = "213" Y = "65" T = "0" Pressure = "0" />
	</Stroke>
</Gesture>
