<?xml version="1.0" encoding="utf-8" standalone="yes"?>
<Gesture Name = "star">
	<Stroke>
		<Point X = "86" Y = "174" T = "0" Pressure = "0" />
		<Point X = "87" Y = "174" T = "0" Pressure = "0" />
		<Point X = "89" Y = "174" T = "0" Pressure = "0" />
		<Point X = "90" Y = "174" T = "0" Pressure = "0" />
		<Point X = "93" Y = "175" T = "0" Pressure = "0" />
		<Point X = "99" Y = "176" T = "0" Pressure = "0" />
		<Point X = "107" Y = "177" T = "0" Pressure = "0" />
		<Point X = "117" Y = "179" T = "0" Pressure = "0" />
		<Point X = "128" Y = "180" T = "0" Pressure = "0" />
		<Point X = "138" Y = "180" T = "0" Pressure = "0" />
		<Point X = "147" Y = "180" T = "0" Pressure = "0" />
		<Point X = "157" Y = "180" T = "0" Pressure = "0" />
		<Point X = "164" Y = "180" T = "0" Pressure = "0" />
		<Point X = "171" Y = "180" T = "0" Pressure = "0" />
		<Point X = "173" Y = "179" T = "0" Pressure = "0" />
		<Point X = "174" Y = "179" T = "0" Pressure = "0" />
		<Point X = "175" Y = "179" T = "0" Pressure = "0" />
		<Point X = "176" Y = "179" T = "0" Pressure = "0" />
		<Point X = "177" Y = "179" T = "0" Pressure = "0" />
		<Point X = "180" Y = "178" T = "0" Pressure = "0" />
		<Point X = "181" Y = "178" T = "0" Pressure = "0" />
		<Point X = "183" Y = "178" T = "0" Pressure = "0" />
		<Point X = "186" Y = "178" T = "0" Pressure = "0" />
		<Point X = "189" Y = "178" T = "0" Pressure = "0" />
		<Point X = "192" Y = "178" T = "0" Pressure = "0" />
		<Point X = "195" Y = "178" T = "0" Pressure = "0" />
		<Point X = "197" Y = "178" T = "0" Pressure = "0" />
		<Point X = "201" Y = "178" T = "0" Pressure = "0" />
		<Point X = "202" Y = "178" T = "0" Pressure = "0" />
		<Point X = "206" Y = "178" T = "0" Pressure = "0" />
		<Point X = "209" Y = "180" T = "0" Pressure = "0" />
		<Point X = "212" Y = "180" T = "0" Pressure = "0" />
		<Point X = "216" Y = "180" T = "0" Pressure = "0" />
		<Point X = "218" Y = "180" T = "0" Pressure = "0" />
		<Point X = "222" Y = "180" T = "0" Pressure = "0" />
		<Point X = "229" Y = "180" T = "0" Pressure = "0" />
		<Point X = "233" Y = "180" T = "0" Pressure = "0" />
		<Point X = "239" Y = "180" T = "0" Pressure = "0" />
		<Point X = "243" Y = "180" T = "0" Pressure = "0" />
		<Point X = "248" Y = "178" T = "0" Pressure = "0" />
		<Point X = "249" Y = "178" T = "0" Pressure = "0" />
		<Point X = "253" Y = "178" T = "0" Pressure = "0" />
		<Point X = "255" Y = "178" T = "0" Pressure = "0" />
		<Point X = "257" Y = "178" T = "0" Pressure = "0" />
		<Point X = "260" Y = "178" T = "0" Pressure = "0" />
		<Point X = "263" Y = "178" T = "0" Pressure = "0" />
		<Point X = "266" Y = "178" T = "0" Pressure = "0" />
		<Point X = "269" Y = "178" T = "0" Pressure = "0" />
		<Point X = "272" Y = "180" T = "0" Pressure = "0" />
		<Point X = "275" Y = "180" T = "0" Pressure = "0" />
		<Point X = "278" Y = "181" T = "0" Pressure = "0" />
		<Point X = "279" Y = "181" T = "0" Pressure = "0" />
		<Point X = "280" Y = "181" T = "0" Pressure = "0" />
		<Point X = "282" Y = "181" T = "0" Pressure = "0" />
		<Point X = "285" Y = "181" T = "0" Pressure = "0" />
		<Point X = "286" Y = "181" T = "0" Pressure = "0" />
		<Point X = "290" Y = "181" T = "0" Pressure = "0" />
		<Point X = "292" Y = "181" T = "0" Pressure = "0" />
		<Point X = "293" Y = "181" T = "0" Pressure = "0" />
		<Point X = "292" Y = "181" T = "0" Pressure = "0" />
		<Point X = "291" Y = "182" T = "0" Pressure = "0" />
		<Point X = "289" Y = "183" T = "0" Pressure = "0" />
		<Point X = "287" Y = "184" T = "0" Pressure = "0" />
		<Point X = "285" Y = "185" T = "0" Pressure = "0" />
		<Point X = "282" Y = "186" T = "0" Pressure = "0" />
		<Point X = "280" Y = "188" T = "0" Pressure = "0" />
		<Point X = "279" Y = "188" T = "0" Pressure = "0" />
		<Point X = "274" Y = "192" T = "0" Pressure = "0" />
		<Point X = "267" Y = "196" T = "0" Pressure = "0" />
		<Point X = "262" Y = "200" T = "0" Pressure = "0" />
		<Point X = "256" Y = "203" T = "0" Pressure = "0" />
		<Point X = "250" Y = "207" T = "0" Pressure = "0" />
		<Point X = "246" Y = "210" T = "0" Pressure = "0" />
		<Point X = "242" Y = "212" T = "0" Pressure = "0" />
		<Point X = "237" Y = "215" T = "0" Pressure = "0" />
		<Point X = "235" Y = "215" T = "0" Pressure = "0" />
		<Point X = "231" Y = "217" T = "0" Pressure = "0" />
		<Point X = "229" Y = "219" T = "0" Pressure = "0" />
		<Point X = "227" Y = "221" T = "0" Pressure = "0" />
		<Point X = "225" Y = "222" T = "0" Pressure = "0" />
		<Point X = "223" Y = "224" T = "0" Pressure = "0" />
		<Point X = "221" Y = "224" T = "0" Pressure = "0" />
		<Point X = "220" Y = "225" T = "0" Pressure = "0" />
		<Point X = "218" Y = "226" T = "0" Pressure = "0" />
		<Point X = "217" Y = "227" T = "0" Pressure = "0" />
		<Point X = "216" Y = "228" T = "0" Pressure = "0" />
		<Point X = "213" Y = "229" T = "0" Pressure = "0" />
		<Point X = "213" Y = "230" T = "0" Pressure = "0" />
		<Point X = "210" Y = "230" T = "0" Pressure = "0" />
		<Point X = "207" Y = "230" T = "0" Pressure = "0" />
		<Point X = "205" Y = "232" T = "0" Pressure = "0" />
		<Point X = "200" Y = "235" T = "0" Pressure = "0" />
		<Point X = "196" Y = "236" T = "0" Pressure = "0" />
		<Point X = "192" Y = "238" T = "0" Pressure = "0" />
		<Point X = "187" Y = "241" T = "0" Pressure = "0" />
		<Point X = "180" Y = "245" T = "0" Pressure = "0" />
		<Point X = "173" Y = "249" T = "0" Pressure = "0" />
		<Point X = "165" Y = "251" T = "0" Pressure = "0" />
		<Point X = "161" Y = "254" T = "0" Pressure = "0" />
		<Point X = "153" Y = "256" T = "0" Pressure = "0" />
		<Point X = "147" Y = "259" T = "0" Pressure = "0" />
		<Point X = "142" Y = "260" T = "0" Pressure = "0" />
		<Point X = "138" Y = "261" T = "0" Pressure = "0" />
		<Point X = "135" Y = "263" T = "0" Pressure = "0" />
		<Point X = "134" Y = "263" T = "0" Pressure = "0" />
		<Point X = "131" Y = "264" T = "0" Pressure = "0" />
		<Point X = "130" Y = "264" T = "0" Pressure = "0" />
		<Point X = "129" Y = "264" T = "0" Pressure = "0" />
		<Point X = "128" Y = "264" T = "0" Pressure = "0" />
		<Point X = "127" Y = "265" T = "0" Pressure = "0" />
		<Point X = "125" Y = "266" T = "0" Pressure = "0" />
		<Point X = "124" Y = "267" T = "0" Pressure = "0" />
		<Point X = "123" Y = "268" T = "0" Pressure = "0" />
		<Point X = "121" Y = "268" T = "0" Pressure = "0" />
		<Point X = "120" Y = "270" T = "0" Pressure = "0" />
		<Point X = "119" Y = "271" T = "0" Pressure = "0" />
		<Point X = "118" Y = "271" T = "0" Pressure = "0" />
		<Point X = "117" Y = "272" T = "0" Pressure = "0" />
		<Point X = "116" Y = "272" T = "0" Pressure = "0" />
		<Point X = "116" Y = "273" T = "0" Pressure = "0" />
		<Point X = "115" Y = "274" T = "0" Pressure = "0" />
		<Point X = "114" Y = "274" T = "0" Pressure = "0" />
		<Point X = "114" Y = "275" T = "0" Pressure = "0" />
		<Point X = "112" Y = "276" T = "0" Pressure = "0" />
		<Point X = "110" Y = "277" T = "0" Pressure = "0" />
		<Point X = "109" Y = "278" T = "0" Pressure = "0" />
		<Point X = "108" Y = "279" T = "0" Pressure = "0" />
		<Point X = "108" Y = "278" T = "0" Pressure = "0" />
		<Point X = "110" Y = "275" T = "0" Pressure = "0" />
		<Point X = "112" Y = "274" T = "0" Pressure = "0" />
		<Point X = "113" Y = "272" T = "0" Pressure = "0" />
		<Point X = "114" Y = "268" T = "0" Pressure = "0" />
		<Point X = "116" Y = "267" T = "0" Pressure = "0" />
		<Point X = "116" Y = "265" T = "0" Pressure = "0" />
		<Point X = "118" Y = "262" T = "0" Pressure = "0" />
		<Point X = "119" Y = "260" T = "0" Pressure = "0" />
		<Point X = "119" Y = "258" T = "0" Pressure = "0" />
		<Point X = "121" Y = "254" T = "0" Pressure = "0" />
		<Point X = "122" Y = "252" T = "0" Pressure = "0" />
		<Point X = "124" Y = "249" T = "0" Pressure = "0" />
		<Point X = "125" Y = "246" T = "0" Pressure = "0" />
		<Point X = "128" Y = "242" T = "0" Pressure = "0" />
		<Point X = "130" Y = "240" T = "0" Pressure = "0" />
		<Point X = "132" Y = "236" T = "0" Pressure = "0" />
		<Point X = "135" Y = "232" T = "0" Pressure = "0" />
		<Point X = "136" Y = "229" T = "0" Pressure = "0" />
		<Point X = "137" Y = "227" T = "0" Pressure = "0" />
		<Point X = "140" Y = "224" T = "0" Pressure = "0" />
		<Point X = "140" Y = "223" T = "0" Pressure = "0" />
		<Point X = "141" Y = "221" T = "0" Pressure = "0" />
		<Point X = "142" Y = "220" T = "0" Pressure = "0" />
		<Point X = "144" Y = "217" T = "0" Pressure = "0" />
		<Point X = "145" Y = "216" T = "0" Pressure = "0" />
		<Point X = "147" Y = "214" T = "0" Pressure = "0" />
		<Point X = "148" Y = "212" T = "0" Pressure = "0" />
		<Point X = "148" Y = "209" T = "0" Pressure = "0" />
		<Point X = "150" Y = "207" T = "0" Pressure = "0" />
		<Point X = "151" Y = "204" T = "0" Pressure = "0" />
		<Point X = "151" Y = "202" T = "0" Pressure = "0" />
		<Point X = "151" Y = "199" T = "0" Pressure = "0" />
		<Point X = "152" Y = "197" T = "0" Pressure = "0" />
		<Point X = "155" Y = "192" T = "0" Pressure = "0" />
		<Point X = "156" Y = "190" T = "0" Pressure = "0" />
		<Point X = "156" Y = "189" T = "0" Pressure = "0" />
		<Point X = "158" Y = "184" T = "0" Pressure = "0" />
		<Point X = "159" Y = "182" T = "0" Pressure = "0" />
		<Point X = "160" Y = "179" T = "0" Pressure = "0" />
		<Point X = "160" Y = "177" T = "0" Pressure = "0" />
		<Point X = "163" Y = "172" T = "0" Pressure = "0" />
		<Point X = "164" Y = "170" T = "0" Pressure = "0" />
		<Point X = "165" Y = "166" T = "0" Pressure = "0" />
		<Point X = "167" Y = "161" T = "0" Pressure = "0" />
		<Point X = "169" Y = "155" T = "0" Pressure = "0" />
		<Point X = "171" Y = "152" T = "0" Pressure = "0" />
		<Point X = "172" Y = "147" T = "0" Pressure = "0" />
		<Point X = "172" Y = "144" T = "0" Pressure = "0" />
		<Point X = "172" Y = "143" T = "0" Pressure = "0" />
		<Point X = "172" Y = "141" T = "0" Pressure = "0" />
		<Point X = "172" Y = "140" T = "0" Pressure = "0" />
		<Point X = "172" Y = "137" T = "0" Pressure = "0" />
		<Point X = "173" Y = "134" T = "0" Pressure = "0" />
		<Point X = "173" Y = "133" T = "0" Pressure = "0" />
		<Point X = "173" Y = "130" T = "0" Pressure = "0" />
		<Point X = "173" Y = "128" T = "0" Pressure = "0" />
		<Point X = "175" Y = "126" T = "0" Pressure = "0" />
		<Point X = "176" Y = "123" T = "0" Pressure = "0" />
		<Point X = "176" Y = "121" T = "0" Pressure = "0" />
		<Point X = "177" Y = "118" T = "0" Pressure = "0" />
		<Point X = "179" Y = "117" T = "0" Pressure = "0" />
		<Point X = "179" Y = "116" T = "0" Pressure = "0" />
		<Point X = "181" Y = "115" T = "0" Pressure = "0" />
		<Point X = "181" Y = "114" T = "0" Pressure = "0" />
		<Point X = "182" Y = "114" T = "0" Pressure = "0" />
		<Point X = "182" Y = "113" T = "0" Pressure = "0" />
		<Point X = "183" Y = "112" T = "0" Pressure = "0" />
		<Point X = "184" Y = "112" T = "0" Pressure = "0" />
		<Point X = "184" Y = "114" T = "0" Pressure = "0" />
		<Point X = "184" Y = "115" T = "0" Pressure = "0" />
		<Point X = "186" Y = "117" T = "0" Pressure = "0" />
		<Point X = "187" Y = "119" T = "0" Pressure = "0" />
		<Point X = "187" Y = "121" T = "0" Pressure = "0" />
		<Point X = "187" Y = "122" T = "0" Pressure = "0" />
		<Point X = "187" Y = "125" T = "0" Pressure = "0" />
		<Point X = "190" Y = "131" T = "0" Pressure = "0" />
		<Point X = "190" Y = "134" T = "0" Pressure = "0" />
		<Point X = "192" Y = "138" T = "0" Pressure = "0" />
		<Point X = "193" Y = "142" T = "0" Pressure = "0" />
		<Point X = "194" Y = "145" T = "0" Pressure = "0" />
		<Point X = "195" Y = "148" T = "0" Pressure = "0" />
		<Point X = "196" Y = "152" T = "0" Pressure = "0" />
		<Point X = "197" Y = "156" T = "0" Pressure = "0" />
		<Point X = "198" Y = "159" T = "0" Pressure = "0" />
		<Point X = "198" Y = "163" T = "0" Pressure = "0" />
		<Point X = "199" Y = "170" T = "0" Pressure = "0" />
		<Point X = "203" Y = "178" T = "0" Pressure = "0" />
		<Point X = "205" Y = "183" T = "0" Pressure = "0" />
		<Point X = "206" Y = "191" T = "0" Pressure = "0" />
		<Point X = "209" Y = "199" T = "0" Pressure = "0" />
		<Point X = "210" Y = "202" T = "0" Pressure = "0" />
		<Point X = "210" Y = "205" T = "0" Pressure = "0" />
		<Point X = "210" Y = "206" T = "0" Pressure = "0" />
		<Point X = "212" Y = "207" T = "0" Pressure = "0" />
		<Point X = "212" Y = "208" T = "0" Pressure = "0" />
		<Point X = "214" Y = "211" T = "0" Pressure = "0" />
		<Point X = "215" Y = "214" T = "0" Pressure = "0" />
		<Point X = "216" Y = "216" T = "0" Pressure = "0" />
		<Point X = "217" Y = "218" T = "0" Pressure = "0" />
		<Point X = "218" Y = "220" T = "0" Pressure = "0" />
		<Point X = "218" Y = "221" T = "0" Pressure = "0" />
		<Point X = "218" Y = "222" T = "0" Pressure = "0" />
		<Point X = "218" Y = "223" T = "0" Pressure = "0" />
		<Point X = "218" Y = "224" T = "0" Pressure = "0" />
		<Point X = "218" Y = "225" T = "0" Pressure = "0" />
		<Point X = "218" Y = "226" T = "0" Pressure = "0" />
		<Point X = "220" Y = "228" T = "0" Pressure = "0" />
		<Point X = "221" Y = "231" T = "0" Pressure = "0" />
		<Point X = "221" Y = "233" T = "0" Pressure = "0" />
		<Point X = "223" Y = "239" T = "0" Pressure = "0" />
		<Point X = "224" Y = "246" T = "0" Pressure = "0" />
		<Point X = "224" Y = "250" T = "0" Pressure = "0" />
		<Point X = "226" Y = "254" T = "0" Pressure = "0" />
		<Point X = "228" Y = "259" T = "0" Pressure = "0" />
		<Point X = "229" Y = "264" T = "0" Pressure = "0" />
		<Point X = "229" Y = "265" T = "0" Pressure = "0" />
		<Point X = "229" Y = "266" T = "0" Pressure = "0" />
		<Point X = "229" Y = "267" T = "0" Pressure = "0" />
		<Point X = "229" Y = "269" T = "0" Pressure = "0" />
		<Point X = "229" Y = "271" T = "0" Pressure = "0" />
		<Point X = "228" Y = "275" T = "0" Pressure = "0" />
		<Point X = "228" Y = "279" T = "0" Pressure = "0" />
		<Point X = "227" Y = "284" T = "0" Pressure = "0" />
		<Point X = "227" Y = "286" T = "0" Pressure = "0" />
		<Point X = "227" Y = "288" T = "0" Pressure = "0" />
		<Point X = "227" Y = "289" T = "0" Pressure = "0" />
		<Point X = "227" Y = "290" T = "0" Pressure = "0" />
		<Point X = "226" Y = "291" T = "0" Pressure = "0" />
		<Point X = "225" Y = "291" T = "0" Pressure = "0" />
		<Point X = "224" Y = "291" T = "0" Pressure = "0" />
		<Point X = "223" Y = "291" T = "0" Pressure = "0" />
		<Point X = "222" Y = "291" T = "0" Pressure = "0" />
		<Point X = "221" Y = "291" T = "0" Pressure = "0" />
		<Point X = "219" Y = "292" T = "0" Pressure = "0" />
		<Point X = "219" Y = "293" T = "0" Pressure = "0" />
		<Point X = "218" Y = "293" T = "0" Pressure = "0" />
		<Point X = "215" Y = "293" T = "0" Pressure = "0" />
		<Point X = "212" Y = "293" T = "0" Pressure = "0" />
		<Point X = "210" Y = "293" T = "0" Pressure = "0" />
		<Point X = "208" Y = "291" T = "0" Pressure = "0" />
		<Point X = "204" Y = "289" T = "0" Pressure = "0" />
		<Point X = "203" Y = "288" T = "0" Pressure = "0" />
		<Point X = "199" Y = "286" T = "0" Pressure = "0" />
		<Point X = "198" Y = "284" T = "0" Pressure = "0" />
		<Point X = "196" Y = "282" T = "0" Pressure = "0" />
		<Point X = "194" Y = "280" T = "0" Pressure = "0" />
		<Point X = "192" Y = "278" T = "0" Pressure = "0" />
		<Point X = "190" Y = "277" T = "0" Pressure = "0" />
		<Point X = "187" Y = "272" T = "0" Pressure = "0" />
		<Point X = "185" Y = "271" T = "0" Pressure = "0" />
		<Point X = "183" Y = "270" T = "0" Pressure = "0" />
		<Point X = "181" Y = "269" T = "0" Pressure = "0" />
		<Point X = "178" Y = "268" T = "0" Pressure = "0" />
		<Point X = "175" Y = "266" T = "0" Pressure = "0" />
		<Point X = "173" Y = "265" T = "0" Pressure = "0" />
		<Point X = "172" Y = "265" T = "0" Pressure = "0" />
		<Point X = "170" Y = "264" T = "0" Pressure = "0" />
		<Point X = "169" Y = "262" T = "0" Pressure = "0" />
		<Point X = "167" Y = "261" T = "0" Pressure = "0" />
		<Point X = "167" Y = "258" T = "0" Pressure = "0" />
		<Point X = "165" Y = "256" T = "0" Pressure = "0" />
		<Point X = "164" Y = "255" T = "0" Pressure = "0" />
		<Point X = "163" Y = "253" T = "0" Pressure = "0" />
		<Point X = "161" Y = "252" T = "0" Pressure = "0" />
		<Point X = "159" Y = "251" T = "0" Pressure = "0" />
		<Point X = "158" Y = "249" T = "0" Pressure = "0" />
		<Point X = "155" Y = "248" T = "0" Pressure = "0" />
		<Point X = "154" Y = "247" T = "0" Pressure = "0" />
		<Point X = "153" Y = "246" T = "0" Pressure = "0" />
		<Point X = "153" Y = "245" T = "0" Pressure = "0" />
		<Point X = "151" Y = "243" T = "0" Pressure = "0" />
		<Point X = "150" Y = "243" T = "0" Pressure = "0" />
		<Point X = "149" Y = "243" T = "0" Pressure = "0" />
		<Point X = "147" Y = "242" T = "0" Pressure = "0" />
		<Point X = "145" Y = "241" T = "0" Pressure = "0" />
		<Point X = "145" Y = "240" T = "0" Pressure = "0" />
		<Point X = "144" Y = "240" T = "0" Pressure = "0" />
		<Point X = "143" Y = "238" T = "0" Pressure = "0" />
		<Point X = "141" Y = "236" T = "0" Pressure = "0" />
		<Point X = "141" Y = "235" T = "0" Pressure = "0" />
		<Point X = "140" Y = "233" T = "0" Pressure = "0" />
		<Point X = "139" Y = "232" T = "0" Pressure = "0" />
		<Point X = "137" Y = "230" T = "0" Pressure = "0" />
		<Point X = "136" Y = "229" T = "0" Pressure = "0" />
		<Point X = "136" Y = "228" T = "0" Pressure = "0" />
		<Point X = "134" Y = "225" T = "0" Pressure = "0" />
		<Point X = "133" Y = "224" T = "0" Pressure = "0" />
		<Point X = "132" Y = "223" T = "0" Pressure = "0" />
		<Point X = "132" Y = "222" T = "0" Pressure = "0" />
		<Point X = "130" Y = "220" T = "0" Pressure = "0" />
		<Point X = "130" Y = "219" T = "0" Pressure = "0" />
		<Point X = "129" Y = "217" T = "0" Pressure = "0" />
		<Point X = "127" Y = "215" T = "0" Pressure = "0" />
		<Point X = "126" Y = "214" T = "0" Pressure = "0" />
		<Point X = "125" Y = "213" T = "0" Pressure = "0" />
		<Point X = "123" Y = "210" T = "0" Pressure = "0" />
		<Point X = "122" Y = "209" T = "0" Pressure = "0" />
		<Point X = "122" Y = "208" T = "0" Pressure = "0" />
		<Point X = "122" Y = "206" T = "0" Pressure = "0" />
		<Point X = "122" Y = "204" T = "0" Pressure = "0" />
		<Point X = "121" Y = "203" T = "0" Pressure = "0" />
		<Point X = "120" Y = "202" T = "0" Pressure = "0" />
		<Point X = "119" Y = "202" T = "0" Pressure = "0" />
		<Point X = "118" Y = "202" T = "0" Pressure = "0" />
		<Point X = "118" Y = "201" T = "0" Pressure = "0" />
		<Point X = "117" Y = "201" T = "0" Pressure = "0" />
		<Point X = "116" Y = "200" T = "0" Pressure = "0" />
		<Point X = "114" Y = "200" T = "0" Pressure = "0" />
		<Point X = "114" Y = "199" T = "0" Pressure = "0" />
		<Point X = "113" Y = "198" T = "0" Pressure = "0" />
		<Point X = "111" Y = "196" T = "0" Pressure = "0" />
		<Point X = "110" Y = "195" T = "0" Pressure = "0" />
		<Point X = "108" Y = "194" T = "0" Pressure = "0" />
		<Point X = "106" Y = "193" T = "0" Pressure = "0" />
		<Point X = "105" Y = "192" T = "0" Pressure = "0" />
		<Point X = "104" Y = "191" T = "0" Pressure = "0" />
		<Point X = "103" Y = "191" T = "0" Pressure = "0" />
		<Point X = "102" Y = "190" T = "0" Pressure = "0" />
		<Point X = "100" Y = "189" T = "0" Pressure = "0" />
		<Point X = "99" Y = "189" T = "0" Pressure = "0" />
		<Point X = "98" Y = "188" T = "0" Pressure = "0" />
		<Point X = "97" Y = "187" T = "0" Pressure = "0" />
		<Point X = "97" Y = "186" T = "0" Pressure = "0" />
		<Point X = "96" Y = "186" T = "0" Pressure = "0" />
		<Point X = "95" Y = "186" T = "0" Pressure = "0" />
		<Point X = "94" Y = "184" T = "0" Pressure = "0" />
		<Point X = "92" Y = "182" T = "0" Pressure = "0" />
		<Point X = "92" Y = "181" T = "0" Pressure = "0" />
		<Point X = "91" Y = "181" T = "0" Pressure = "0" />
		<Point X = "90" Y = "180" T = "0" Pressure = "0" />
		<Point X = "90" Y = "179" T = "0" Pressure = "0" />
		<Point X = "90" Y = "177" T = "0" Pressure = "0" />
		<Point X = "89" Y = "177" T = "0" Pressure = "0" />
		<Point X = "89" Y = "176" T = "0" Pressure = "0" />
		<Point X = "89" Y = "175" T = "0" Pressure = "0" />
		<Point X = "89" Y = "174" T = "0" Pressure = "0" />
		<Point X = "88" Y = "172" T = "0" Pressure = "0" />
		<Point X = "88" Y = "171" T = "0" Pressure = "0" />
		<Point X = "88" Y = "169" T = "0" Pressure = "0" />
		<Point X = "87" Y = "169" T = "0" Pressure = "0" />
	</Stroke>
</Gesture>
