<?xml version="1.0" encoding="utf-8" standalone="yes"?>
<Gesture Name = "star">
	<Stroke>
		<Point X = "137" Y = "174" T = "0" Pressure = "0" />
		<Point X = "138" Y = "174" T = "0" Pressure = "0" />
		<Point X = "141" Y = "174" T = "0" Pressure = "0" />
		<Point X = "143" Y = "174" T = "0" Pressure = "0" />
		<Point X = "147" Y = "174" T = "0" Pressure = "0" />
		<Point X = "151" Y = "174" T = "0" Pressure = "0" />
		<Point X = "159" Y = "174" T = "0" Pressure = "0" />
		<Point X = "169" Y = "174" T = "0" Pressure = "0" />
		<Point X = "178" Y = "174" T = "0" Pressure = "0" />
		<Point X = "188" Y = "174" T = "0" Pressure = "0" />
		<Point X = "200" Y = "174" T = "0" Pressure = "0" />
		<Point X = "214" Y = "174" T = "0" Pressure = "0" />
		<Point X = "227" Y = "174" T = "0" Pressure = "0" />
		<Point X = "238" Y = "174" T = "0" Pressure = "0" />
		<Point X = "249" Y = "174" T = "0" Pressure = "0" />
		<Point X = "257" Y = "174" T = "0" Pressure = "0" />
		<Point X = "261" Y = "174" T = "0" Pressure = "0" />
		<Point X = "266" Y = "174" T = "0" Pressure = "0" />
		<Point X = "267" Y = "174" T = "0" Pressure = "0" />
		<Point X = "269" Y = "174" T = "0" Pressure = "0" />
		<Point X = "272" Y = "174" T = "0" Pressure = "0" />
		<Point X = "276" Y = "174" T = "0" Pressure = "0" />
		<Point X = "278" Y = "174" T = "0" Pressure = "0" />
		<Point X = "281" Y = "174" T = "0" Pressure = "0" />
		<Point X = "284" Y = "174" T = "0" Pressure = "0" />
		<Point X = "287" Y = "174" T = "0" Pressure = "0" />
		<Point X = "289" Y = "174" T = "0" Pressure = "0" />
		<Point X = "292" Y = "174" T = "0" Pressure = "0" />
		<Point X = "295" Y = "174" T = "0" Pressure = "0" />
		<Point X = "297" Y = "174" T = "0" Pressure = "0" />
		<Point X = "299" Y = "174" T = "0" Pressure = "0" />
		<Point X = "300" Y = "174" T = "0" Pressure = "0" />
		<Point X = "303" Y = "174" T = "0" Pressure = "0" />
		<Point X = "306" Y = "174" T = "0" Pressure = "0" />
		<Point X = "307" Y = "174" T = "0" Pressure = "0" />
		<Point X = "309" Y = "174" T = "0" Pressure = "0" />
		<Point X = "310" Y = "174" T = "0" Pressure = "0" />
		<Point X = "311" Y = "174" T = "0" Pressure = "0" />
		<Point X = "312" Y = "175" T = "0" Pressure = "0" />
		<Point X = "313" Y = "175" T = "0" Pressure = "0" />
		<Point X = "314" Y = "176" T = "0" Pressure = "0" />
		<Point X = "314" Y = "177" T = "0" Pressure = "0" />
		<Point X = "313" Y = "178" T = "0" Pressure = "0" />
		<Point X = "309" Y = "180" T = "0" Pressure = "0" />
		<Point X = "306" Y = "183" T = "0" Pressure = "0" />
		<Point X = "303" Y = "186" T = "0" Pressure = "0" />
		<Point X = "297" Y = "194" T = "0" Pressure = "0" />
		<Point X = "290" Y = "199" T = "0" Pressure = "0" />
		<Point X = "286" Y = "203" T = "0" Pressure = "0" />
		<Point X = "281" Y = "207" T = "0" Pressure = "0" />
		<Point X = "276" Y = "209" T = "0" Pressure = "0" />
		<Point X = "273" Y = "211" T = "0" Pressure = "0" />
		<Point X = "269" Y = "212" T = "0" Pressure = "0" />
		<Point X = "266" Y = "215" T = "0" Pressure = "0" />
		<Point X = "263" Y = "216" T = "0" Pressure = "0" />
		<Point X = "257" Y = "217" T = "0" Pressure = "0" />
		<Point X = "252" Y = "220" T = "0" Pressure = "0" />
		<Point X = "245" Y = "221" T = "0" Pressure = "0" />
		<Point X = "240" Y = "224" T = "0" Pressure = "0" />
		<Point X = "234" Y = "225" T = "0" Pressure = "0" />
		<Point X = "228" Y = "228" T = "0" Pressure = "0" />
		<Point X = "225" Y = "230" T = "0" Pressure = "0" />
		<Point X = "222" Y = "231" T = "0" Pressure = "0" />
		<Point X = "217" Y = "233" T = "0" Pressure = "0" />
		<Point X = "215" Y = "234" T = "0" Pressure = "0" />
		<Point X = "211" Y = "234" T = "0" Pressure = "0" />
		<Point X = "206" Y = "235" T = "0" Pressure = "0" />
		<Point X = "201" Y = "238" T = "0" Pressure = "0" />
		<Point X = "197" Y = "240" T = "0" Pressure = "0" />
		<Point X = "193" Y = "242" T = "0" Pressure = "0" />
		<Point X = "187" Y = "244" T = "0" Pressure = "0" />
		<Point X = "181" Y = "247" T = "0" Pressure = "0" />
		<Point X = "175" Y = "249" T = "0" Pressure = "0" />
		<Point X = "169" Y = "252" T = "0" Pressure = "0" />
		<Point X = "165" Y = "254" T = "0" Pressure = "0" />
		<Point X = "160" Y = "255" T = "0" Pressure = "0" />
		<Point X = "158" Y = "257" T = "0" Pressure = "0" />
		<Point X = "157" Y = "257" T = "0" Pressure = "0" />
		<Point X = "155" Y = "258" T = "0" Pressure = "0" />
		<Point X = "154" Y = "258" T = "0" Pressure = "0" />
		<Point X = "153" Y = "258" T = "0" Pressure = "0" />
		<Point X = "151" Y = "259" T = "0" Pressure = "0" />
		<Point X = "150" Y = "260" T = "0" Pressure = "0" />
		<Point X = "149" Y = "261" T = "0" Pressure = "0" />
		<Point X = "145" Y = "262" T = "0" Pressure = "0" />
		<Point X = "144" Y = "262" T = "0" Pressure = "0" />
		<Point X = "143" Y = "263" T = "0" Pressure = "0" />
		<Point X = "143" Y = "264" T = "0" Pressure = "0" />
		<Point X = "142" Y = "264" T = "0" Pressure = "0" />
		<Point X = "143" Y = "264" T = "0" Pressure = "0" />
		<Point X = "144" Y = "263" T = "0" Pressure = "0" />
		<Point X = "146" Y = "260" T = "0" Pressure = "0" />
		<Point X = "150" Y = "254" T = "0" Pressure = "0" />
		<Point X = "152" Y = "252" T = "0" Pressure = "0" />
		<Point X = "155" Y = "246" T = "0" Pressure = "0" />
		<Point X = "157" Y = "243" T = "0" Pressure = "0" />
		<Point X = "161" Y = "237" T = "0" Pressure = "0" />
		<Point X = "165" Y = "233" T = "0" Pressure = "0" />
		<Point X = "169" Y = "228" T = "0" Pressure = "0" />
		<Point X = "172" Y = "222" T = "0" Pressure = "0" />
		<Point X = "177" Y = "216" T = "0" Pressure = "0" />
		<Point X = "182" Y = "210" T = "0" Pressure = "0" />
		<Point X = "190" Y = "202" T = "0" Pressure = "0" />
		<Point X = "195" Y = "195" T = "0" Pressure = "0" />
		<Point X = "202" Y = "187" T = "0" Pressure = "0" />
		<Point X = "208" Y = "179" T = "0" Pressure = "0" />
		<Point X = "213" Y = "174" T = "0" Pressure = "0" />
		<Point X = "218" Y = "167" T = "0" Pressure = "0" />
		<Point X = "222" Y = "159" T = "0" Pressure = "0" />
		<Point X = "224" Y = "153" T = "0" Pressure = "0" />
		<Point X = "227" Y = "147" T = "0" Pressure = "0" />
		<Point X = "229" Y = "143" T = "0" Pressure = "0" />
		<Point X = "229" Y = "140" T = "0" Pressure = "0" />
		<Point X = "231" Y = "136" T = "0" Pressure = "0" />
		<Point X = "232" Y = "134" T = "0" Pressure = "0" />
		<Point X = "233" Y = "132" T = "0" Pressure = "0" />
		<Point X = "233" Y = "129" T = "0" Pressure = "0" />
		<Point X = "233" Y = "127" T = "0" Pressure = "0" />
		<Point X = "235" Y = "125" T = "0" Pressure = "0" />
		<Point X = "235" Y = "123" T = "0" Pressure = "0" />
		<Point X = "236" Y = "121" T = "0" Pressure = "0" />
		<Point X = "236" Y = "120" T = "0" Pressure = "0" />
		<Point X = "236" Y = "117" T = "0" Pressure = "0" />
		<Point X = "236" Y = "116" T = "0" Pressure = "0" />
		<Point X = "237" Y = "113" T = "0" Pressure = "0" />
		<Point X = "240" Y = "110" T = "0" Pressure = "0" />
		<Point X = "240" Y = "108" T = "0" Pressure = "0" />
		<Point X = "241" Y = "107" T = "0" Pressure = "0" />
		<Point X = "242" Y = "105" T = "0" Pressure = "0" />
		<Point X = "243" Y = "106" T = "0" Pressure = "0" />
		<Point X = "243" Y = "111" T = "0" Pressure = "0" />
		<Point X = "244" Y = "117" T = "0" Pressure = "0" />
		<Point X = "248" Y = "124" T = "0" Pressure = "0" />
		<Point X = "249" Y = "130" T = "0" Pressure = "0" />
		<Point X = "252" Y = "138" T = "0" Pressure = "0" />
		<Point X = "253" Y = "145" T = "0" Pressure = "0" />
		<Point X = "255" Y = "150" T = "0" Pressure = "0" />
		<Point X = "255" Y = "159" T = "0" Pressure = "0" />
		<Point X = "257" Y = "166" T = "0" Pressure = "0" />
		<Point X = "258" Y = "170" T = "0" Pressure = "0" />
		<Point X = "260" Y = "178" T = "0" Pressure = "0" />
		<Point X = "262" Y = "183" T = "0" Pressure = "0" />
		<Point X = "264" Y = "188" T = "0" Pressure = "0" />
		<Point X = "265" Y = "194" T = "0" Pressure = "0" />
		<Point X = "267" Y = "198" T = "0" Pressure = "0" />
		<Point X = "268" Y = "207" T = "0" Pressure = "0" />
		<Point X = "269" Y = "214" T = "0" Pressure = "0" />
		<Point X = "269" Y = "219" T = "0" Pressure = "0" />
		<Point X = "270" Y = "229" T = "0" Pressure = "0" />
		<Point X = "272" Y = "238" T = "0" Pressure = "0" />
		<Point X = "273" Y = "243" T = "0" Pressure = "0" />
		<Point X = "274" Y = "249" T = "0" Pressure = "0" />
		<Point X = "275" Y = "255" T = "0" Pressure = "0" />
		<Point X = "275" Y = "257" T = "0" Pressure = "0" />
		<Point X = "275" Y = "260" T = "0" Pressure = "0" />
		<Point X = "276" Y = "261" T = "0" Pressure = "0" />
		<Point X = "276" Y = "262" T = "0" Pressure = "0" />
		<Point X = "276" Y = "263" T = "0" Pressure = "0" />
		<Point X = "276" Y = "265" T = "0" Pressure = "0" />
		<Point X = "277" Y = "267" T = "0" Pressure = "0" />
		<Point X = "278" Y = "268" T = "0" Pressure = "0" />
		<Point X = "279" Y = "272" T = "0" Pressure = "0" />
		<Point X = "280" Y = "277" T = "0" Pressure = "0" />
		<Point X = "280" Y = "280" T = "0" Pressure = "0" />
		<Point X = "280" Y = "284" T = "0" Pressure = "0" />
		<Point X = "281" Y = "289" T = "0" Pressure = "0" />
		<Point X = "281" Y = "290" T = "0" Pressure = "0" />
		<Point X = "281" Y = "292" T = "0" Pressure = "0" />
		<Point X = "281" Y = "294" T = "0" Pressure = "0" />
		<Point X = "281" Y = "295" T = "0" Pressure = "0" />
		<Point X = "281" Y = "296" T = "0" Pressure = "0" />
		<Point X = "282" Y = "297" T = "0" Pressure = "0" />
		<Point X = "281" Y = "297" T = "0" Pressure = "0" />
		<Point X = "279" Y = "297" T = "0" Pressure = "0" />
		<Point X = "277" Y = "297" T = "0" Pressure = "0" />
		<Point X = "274" Y = "297" T = "0" Pressure = "0" />
		<Point X = "271" Y = "294" T = "0" Pressure = "0" />
		<Point X = "268" Y = "292" T = "0" Pressure = "0" />
		<Point X = "265" Y = "288" T = "0" Pressure = "0" />
		<Point X = "262" Y = "285" T = "0" Pressure = "0" />
		<Point X = "260" Y = "281" T = "0" Pressure = "0" />
		<Point X = "257" Y = "276" T = "0" Pressure = "0" />
		<Point X = "256" Y = "274" T = "0" Pressure = "0" />
		<Point X = "252" Y = "270" T = "0" Pressure = "0" />
		<Point X = "249" Y = "265" T = "0" Pressure = "0" />
		<Point X = "247" Y = "262" T = "0" Pressure = "0" />
		<Point X = "244" Y = "259" T = "0" Pressure = "0" />
		<Point X = "241" Y = "256" T = "0" Pressure = "0" />
		<Point X = "239" Y = "255" T = "0" Pressure = "0" />
		<Point X = "236" Y = "255" T = "0" Pressure = "0" />
		<Point X = "233" Y = "254" T = "0" Pressure = "0" />
		<Point X = "229" Y = "252" T = "0" Pressure = "0" />
		<Point X = "224" Y = "250" T = "0" Pressure = "0" />
		<Point X = "219" Y = "247" T = "0" Pressure = "0" />
		<Point X = "213" Y = "245" T = "0" Pressure = "0" />
		<Point X = "208" Y = "243" T = "0" Pressure = "0" />
		<Point X = "204" Y = "240" T = "0" Pressure = "0" />
		<Point X = "199" Y = "236" T = "0" Pressure = "0" />
		<Point X = "194" Y = "232" T = "0" Pressure = "0" />
		<Point X = "189" Y = "228" T = "0" Pressure = "0" />
		<Point X = "185" Y = "223" T = "0" Pressure = "0" />
		<Point X = "181" Y = "219" T = "0" Pressure = "0" />
		<Point X = "178" Y = "216" T = "0" Pressure = "0" />
		<Point X = "173" Y = "212" T = "0" Pressure = "0" />
		<Point X = "168" Y = "208" T = "0" Pressure = "0" />
		<Point X = "164" Y = "206" T = "0" Pressure = "0" />
		<Point X = "161" Y = "203" T = "0" Pressure = "0" />
		<Point X = "159" Y = "202" T = "0" Pressure = "0" />
		<Point X = "156" Y = "200" T = "0" Pressure = "0" />
		<Point X = "155" Y = "200" T = "0" Pressure = "0" />
		<Point X = "154" Y = "198" T = "0" Pressure = "0" />
		<Point X = "153" Y = "197" T = "0" Pressure = "0" />
		<Point X = "153" Y = "196" T = "0" Pressure = "0" />
		<Point X = "152" Y = "194" T = "0" Pressure = "0" />
		<Point X = "151" Y = "193" T = "0" Pressure = "0" />
		<Point X = "149" Y = "190" T = "0" Pressure = "0" />
		<Point X = "149" Y = "189" T = "0" Pressure = "0" />
		<Point X = "146" Y = "184" T = "0" Pressure = "0" />
		<Point X = "145" Y = "182" T = "0" Pressure = "0" />
		<Point X = "144" Y = "181" T = "0" Pressure = "0" />
		<Point X = "142" Y = "178" T = "0" Pressure = "0" />
		<Point X = "142" Y = "175" T = "0" Pressure = "0" />
		<Point X = "142" Y = "174" T = "0" Pressure = "0" />
		<Point X = "142" Y = "173" T = "0" Pressure = "0" />
		<Point X = "142" Y = "172" T = "0" Pressure = "0" />
	</Stroke>
</Gesture>
