<?xml version="1.0" encoding="utf-8" standalone="yes"?>
<Gesture Name = "star">
	<Stroke>
		<Point X = "88" Y = "170" T = "0" Pressure = "0" />
		<Point X = "90" Y = "170" T = "0" Pressure = "0" />
		<Point X = "91" Y = "169" T = "0" Pressure = "0" />
		<Point X = "92" Y = "169" T = "0" Pressure = "0" />
		<Point X = "95" Y = "168" T = "0" Pressure = "0" />
		<Point X = "97" Y = "167" T = "0" Pressure = "0" />
		<Point X = "101" Y = "166" T = "0" Pressure = "0" />
		<Point X = "105" Y = "166" T = "0" Pressure = "0" />
		<Point X = "110" Y = "165" T = "0" Pressure = "0" />
		<Point X = "112" Y = "165" T = "0" Pressure = "0" />
		<Point X = "115" Y = "165" T = "0" Pressure = "0" />
		<Point X = "117" Y = "165" T = "0" Pressure = "0" />
		<Point X = "120" Y = "163" T = "0" Pressure = "0" />
		<Point X = "123" Y = "163" T = "0" Pressure = "0" />
		<Point X = "128" Y = "163" T = "0" Pressure = "0" />
		<Point X = "132" Y = "163" T = "0" Pressure = "0" />
		<Point X = "137" Y = "163" T = "0" Pressure = "0" />
		<Point X = "143" Y = "163" T = "0" Pressure = "0" />
		<Point X = "152" Y = "163" T = "0" Pressure = "0" />
		<Point X = "163" Y = "163" T = "0" Pressure = "0" />
		<Point X = "171" Y = "163" T = "0" Pressure = "0" />
		<Point X = "182" Y = "163" T = "0" Pressure = "0" />
		<Point X = "193" Y = "163" T = "0" Pressure = "0" />
		<Point X = "204" Y = "163" T = "0" Pressure = "0" />
		<Point X = "211" Y = "163" T = "0" Pressure = "0" />
		<Point X = "217" Y = "164" T = "0" Pressure = "0" />
		<Point X = "220" Y = "164" T = "0" Pressure = "0" />
		<Point X = "221" Y = "165" T = "0" Pressure = "0" />
		<Point X = "223" Y = "165" T = "0" Pressure = "0" />
		<Point X = "224" Y = "165" T = "0" Pressure = "0" />
		<Point X = "225" Y = "165" T = "0" Pressure = "0" />
		<Point X = "226" Y = "165" T = "0" Pressure = "0" />
		<Point X = "227" Y = "165" T = "0" Pressure = "0" />
		<Point X = "228" Y = "165" T = "0" Pressure = "0" />
		<Point X = "229" Y = "165" T = "0" Pressure = "0" />
		<Point X = "231" Y = "165" T = "0" Pressure = "0" />
		<Point X = "232" Y = "165" T = "0" Pressure = "0" />
		<Point X = "233" Y = "165" T = "0" Pressure = "0" />
		<Point X = "234" Y = "165" T = "0" Pressure = "0" />
		<Point X = "235" Y = "166" T = "0" Pressure = "0" />
		<Point X = "235" Y = "167" T = "0" Pressure = "0" />
		<Point X = "233" Y = "167" T = "0" Pressure = "0" />
		<Point X = "233" Y = "168" T = "0" Pressure = "0" />
		<Point X = "232" Y = "169" T = "0" Pressure = "0" />
		<Point X = "230" Y = "171" T = "0" Pressure = "0" />
		<Point X = "228" Y = "172" T = "0" Pressure = "0" />
		<Point X = "226" Y = "175" T = "0" Pressure = "0" />
		<Point X = "224" Y = "176" T = "0" Pressure = "0" />
		<Point X = "221" Y = "178" T = "0" Pressure = "0" />
		<Point X = "220" Y = "179" T = "0" Pressure = "0" />
		<Point X = "218" Y = "182" T = "0" Pressure = "0" />
		<Point X = "215" Y = "184" T = "0" Pressure = "0" />
		<Point X = "213" Y = "186" T = "0" Pressure = "0" />
		<Point X = "208" Y = "189" T = "0" Pressure = "0" />
		<Point X = "206" Y = "191" T = "0" Pressure = "0" />
		<Point X = "203" Y = "194" T = "0" Pressure = "0" />
		<Point X = "199" Y = "197" T = "0" Pressure = "0" />
		<Point X = "197" Y = "198" T = "0" Pressure = "0" />
		<Point X = "192" Y = "201" T = "0" Pressure = "0" />
		<Point X = "189" Y = "204" T = "0" Pressure = "0" />
		<Point X = "185" Y = "206" T = "0" Pressure = "0" />
		<Point X = "182" Y = "209" T = "0" Pressure = "0" />
		<Point X = "178" Y = "212" T = "0" Pressure = "0" />
		<Point X = "175" Y = "214" T = "0" Pressure = "0" />
		<Point X = "174" Y = "215" T = "0" Pressure = "0" />
		<Point X = "172" Y = "216" T = "0" Pressure = "0" />
		<Point X = "171" Y = "218" T = "0" Pressure = "0" />
		<Point X = "170" Y = "218" T = "0" Pressure = "0" />
		<Point X = "169" Y = "219" T = "0" Pressure = "0" />
		<Point X = "168" Y = "221" T = "0" Pressure = "0" />
		<Point X = "168" Y = "222" T = "0" Pressure = "0" />
		<Point X = "167" Y = "223" T = "0" Pressure = "0" />
		<Point X = "166" Y = "225" T = "0" Pressure = "0" />
		<Point X = "165" Y = "225" T = "0" Pressure = "0" />
		<Point X = "164" Y = "226" T = "0" Pressure = "0" />
		<Point X = "164" Y = "227" T = "0" Pressure = "0" />
		<Point X = "162" Y = "229" T = "0" Pressure = "0" />
		<Point X = "161" Y = "230" T = "0" Pressure = "0" />
		<Point X = "159" Y = "232" T = "0" Pressure = "0" />
		<Point X = "159" Y = "233" T = "0" Pressure = "0" />
		<Point X = "157" Y = "234" T = "0" Pressure = "0" />
		<Point X = "155" Y = "236" T = "0" Pressure = "0" />
		<Point X = "153" Y = "238" T = "0" Pressure = "0" />
		<Point X = "152" Y = "239" T = "0" Pressure = "0" />
		<Point X = "150" Y = "239" T = "0" Pressure = "0" />
		<Point X = "149" Y = "241" T = "0" Pressure = "0" />
		<Point X = "147" Y = "242" T = "0" Pressure = "0" />
		<Point X = "145" Y = "244" T = "0" Pressure = "0" />
		<Point X = "144" Y = "246" T = "0" Pressure = "0" />
		<Point X = "143" Y = "248" T = "0" Pressure = "0" />
		<Point X = "141" Y = "249" T = "0" Pressure = "0" />
		<Point X = "141" Y = "250" T = "0" Pressure = "0" />
		<Point X = "140" Y = "250" T = "0" Pressure = "0" />
		<Point X = "139" Y = "252" T = "0" Pressure = "0" />
		<Point X = "138" Y = "252" T = "0" Pressure = "0" />
		<Point X = "138" Y = "253" T = "0" Pressure = "0" />
		<Point X = "137" Y = "253" T = "0" Pressure = "0" />
		<Point X = "136" Y = "255" T = "0" Pressure = "0" />
		<Point X = "134" Y = "256" T = "0" Pressure = "0" />
		<Point X = "134" Y = "257" T = "0" Pressure = "0" />
		<Point X = "133" Y = "258" T = "0" Pressure = "0" />
		<Point X = "132" Y = "259" T = "0" Pressure = "0" />
		<Point X = "131" Y = "259" T = "0" Pressure = "0" />
		<Point X = "130" Y = "260" T = "0" Pressure = "0" />
		<Point X = "129" Y = "260" T = "0" Pressure = "0" />
		<Point X = "128" Y = "261" T = "0" Pressure = "0" />
		<Point X = "128" Y = "262" T = "0" Pressure = "0" />
		<Point X = "127" Y = "262" T = "0" Pressure = "0" />
		<Point X = "126" Y = "263" T = "0" Pressure = "0" />
		<Point X = "125" Y = "263" T = "0" Pressure = "0" />
		<Point X = "125" Y = "264" T = "0" Pressure = "0" />
		<Point X = "124" Y = "265" T = "0" Pressure = "0" />
		<Point X = "123" Y = "265" T = "0" Pressure = "0" />
		<Point X = "123" Y = "266" T = "0" Pressure = "0" />
		<Point X = "122" Y = "267" T = "0" Pressure = "0" />
		<Point X = "120" Y = "267" T = "0" Pressure = "0" />
		<Point X = "119" Y = "265" T = "0" Pressure = "0" />
		<Point X = "119" Y = "258" T = "0" Pressure = "0" />
		<Point X = "121" Y = "248" T = "0" Pressure = "0" />
		<Point X = "125" Y = "240" T = "0" Pressure = "0" />
		<Point X = "126" Y = "234" T = "0" Pressure = "0" />
		<Point X = "127" Y = "228" T = "0" Pressure = "0" />
		<Point X = "130" Y = "223" T = "0" Pressure = "0" />
		<Point X = "131" Y = "219" T = "0" Pressure = "0" />
		<Point X = "133" Y = "214" T = "0" Pressure = "0" />
		<Point X = "135" Y = "209" T = "0" Pressure = "0" />
		<Point X = "137" Y = "203" T = "0" Pressure = "0" />
		<Point X = "140" Y = "199" T = "0" Pressure = "0" />
		<Point X = "140" Y = "194" T = "0" Pressure = "0" />
		<Point X = "143" Y = "187" T = "0" Pressure = "0" />
		<Point X = "144" Y = "181" T = "0" Pressure = "0" />
		<Point X = "144" Y = "175" T = "0" Pressure = "0" />
		<Point X = "145" Y = "169" T = "0" Pressure = "0" />
		<Point X = "145" Y = "162" T = "0" Pressure = "0" />
		<Point X = "145" Y = "155" T = "0" Pressure = "0" />
		<Point X = "145" Y = "151" T = "0" Pressure = "0" />
		<Point X = "145" Y = "148" T = "0" Pressure = "0" />
		<Point X = "145" Y = "145" T = "0" Pressure = "0" />
		<Point X = "145" Y = "142" T = "0" Pressure = "0" />
		<Point X = "145" Y = "141" T = "0" Pressure = "0" />
		<Point X = "145" Y = "140" T = "0" Pressure = "0" />
		<Point X = "145" Y = "137" T = "0" Pressure = "0" />
		<Point X = "145" Y = "135" T = "0" Pressure = "0" />
		<Point X = "145" Y = "132" T = "0" Pressure = "0" />
		<Point X = "145" Y = "127" T = "0" Pressure = "0" />
		<Point X = "145" Y = "122" T = "0" Pressure = "0" />
		<Point X = "145" Y = "116" T = "0" Pressure = "0" />
		<Point X = "145" Y = "114" T = "0" Pressure = "0" />
		<Point X = "145" Y = "110" T = "0" Pressure = "0" />
		<Point X = "145" Y = "108" T = "0" Pressure = "0" />
		<Point X = "146" Y = "105" T = "0" Pressure = "0" />
		<Point X = "146" Y = "103" T = "0" Pressure = "0" />
		<Point X = "147" Y = "101" T = "0" Pressure = "0" />
		<Point X = "147" Y = "100" T = "0" Pressure = "0" />
		<Point X = "147" Y = "99" T = "0" Pressure = "0" />
		<Point X = "147" Y = "98" T = "0" Pressure = "0" />
		<Point X = "148" Y = "97" T = "0" Pressure = "0" />
		<Point X = "149" Y = "97" T = "0" Pressure = "0" />
		<Point X = "151" Y = "99" T = "0" Pressure = "0" />
		<Point X = "152" Y = "102" T = "0" Pressure = "0" />
		<Point X = "152" Y = "105" T = "0" Pressure = "0" />
		<Point X = "155" Y = "111" T = "0" Pressure = "0" />
		<Point X = "156" Y = "114" T = "0" Pressure = "0" />
		<Point X = "157" Y = "120" T = "0" Pressure = "0" />
		<Point X = "158" Y = "124" T = "0" Pressure = "0" />
		<Point X = "161" Y = "133" T = "0" Pressure = "0" />
		<Point X = "162" Y = "136" T = "0" Pressure = "0" />
		<Point X = "163" Y = "142" T = "0" Pressure = "0" />
		<Point X = "166" Y = "147" T = "0" Pressure = "0" />
		<Point X = "167" Y = "152" T = "0" Pressure = "0" />
		<Point X = "168" Y = "157" T = "0" Pressure = "0" />
		<Point X = "170" Y = "161" T = "0" Pressure = "0" />
		<Point X = "170" Y = "166" T = "0" Pressure = "0" />
		<Point X = "171" Y = "172" T = "0" Pressure = "0" />
		<Point X = "172" Y = "180" T = "0" Pressure = "0" />
		<Point X = "174" Y = "187" T = "0" Pressure = "0" />
		<Point X = "176" Y = "197" T = "0" Pressure = "0" />
		<Point X = "177" Y = "202" T = "0" Pressure = "0" />
		<Point X = "177" Y = "207" T = "0" Pressure = "0" />
		<Point X = "179" Y = "212" T = "0" Pressure = "0" />
		<Point X = "181" Y = "214" T = "0" Pressure = "0" />
		<Point X = "181" Y = "215" T = "0" Pressure = "0" />
		<Point X = "183" Y = "219" T = "0" Pressure = "0" />
		<Point X = "183" Y = "221" T = "0" Pressure = "0" />
		<Point X = "184" Y = "222" T = "0" Pressure = "0" />
		<Point X = "184" Y = "224" T = "0" Pressure = "0" />
		<Point X = "185" Y = "227" T = "0" Pressure = "0" />
		<Point X = "185" Y = "230" T = "0" Pressure = "0" />
		<Point X = "187" Y = "234" T = "0" Pressure = "0" />
		<Point X = "187" Y = "236" T = "0" Pressure = "0" />
		<Point X = "188" Y = "241" T = "0" Pressure = "0" />
		<Point X = "189" Y = "243" T = "0" Pressure = "0" />
		<Point X = "190" Y = "246" T = "0" Pressure = "0" />
		<Point X = "191" Y = "249" T = "0" Pressure = "0" />
		<Point X = "191" Y = "250" T = "0" Pressure = "0" />
		<Point X = "192" Y = "252" T = "0" Pressure = "0" />
		<Point X = "193" Y = "253" T = "0" Pressure = "0" />
		<Point X = "193" Y = "254" T = "0" Pressure = "0" />
		<Point X = "193" Y = "256" T = "0" Pressure = "0" />
		<Point X = "193" Y = "257" T = "0" Pressure = "0" />
		<Point X = "194" Y = "259" T = "0" Pressure = "0" />
		<Point X = "195" Y = "261" T = "0" Pressure = "0" />
		<Point X = "196" Y = "263" T = "0" Pressure = "0" />
		<Point X = "197" Y = "264" T = "0" Pressure = "0" />
		<Point X = "197" Y = "265" T = "0" Pressure = "0" />
		<Point X = "197" Y = "266" T = "0" Pressure = "0" />
		<Point X = "196" Y = "266" T = "0" Pressure = "0" />
		<Point X = "195" Y = "266" T = "0" Pressure = "0" />
		<Point X = "194" Y = "266" T = "0" Pressure = "0" />
		<Point X = "193" Y = "266" T = "0" Pressure = "0" />
		<Point X = "190" Y = "266" T = "0" Pressure = "0" />
		<Point X = "188" Y = "266" T = "0" Pressure = "0" />
		<Point X = "186" Y = "266" T = "0" Pressure = "0" />
		<Point X = "185" Y = "265" T = "0" Pressure = "0" />
		<Point X = "182" Y = "263" T = "0" Pressure = "0" />
		<Point X = "179" Y = "262" T = "0" Pressure = "0" />
		<Point X = "176" Y = "258" T = "0" Pressure = "0" />
		<Point X = "172" Y = "254" T = "0" Pressure = "0" />
		<Point X = "168" Y = "250" T = "0" Pressure = "0" />
		<Point X = "163" Y = "242" T = "0" Pressure = "0" />
		<Point X = "159" Y = "237" T = "0" Pressure = "0" />
		<Point X = "155" Y = "233" T = "0" Pressure = "0" />
		<Point X = "150" Y = "228" T = "0" Pressure = "0" />
		<Point X = "149" Y = "227" T = "0" Pressure = "0" />
		<Point X = "146" Y = "225" T = "0" Pressure = "0" />
		<Point X = "145" Y = "223" T = "0" Pressure = "0" />
		<Point X = "143" Y = "222" T = "0" Pressure = "0" />
		<Point X = "142" Y = "221" T = "0" Pressure = "0" />
		<Point X = "141" Y = "220" T = "0" Pressure = "0" />
		<Point X = "140" Y = "220" T = "0" Pressure = "0" />
		<Point X = "137" Y = "218" T = "0" Pressure = "0" />
		<Point X = "134" Y = "213" T = "0" Pressure = "0" />
		<Point X = "133" Y = "212" T = "0" Pressure = "0" />
		<Point X = "132" Y = "209" T = "0" Pressure = "0" />
		<Point X = "129" Y = "204" T = "0" Pressure = "0" />
		<Point X = "127" Y = "202" T = "0" Pressure = "0" />
		<Point X = "124" Y = "198" T = "0" Pressure = "0" />
		<Point X = "123" Y = "196" T = "0" Pressure = "0" />
		<Point X = "121" Y = "194" T = "0" Pressure = "0" />
		<Point X = "119" Y = "193" T = "0" Pressure = "0" />
		<Point X = "119" Y = "192" T = "0" Pressure = "0" />
		<Point X = "118" Y = "192" T = "0" Pressure = "0" />
		<Point X = "118" Y = "191" T = "0" Pressure = "0" />
		<Point X = "116" Y = "191" T = "0" Pressure = "0" />
		<Point X = "113" Y = "189" T = "0" Pressure = "0" />
		<Point X = "112" Y = "188" T = "0" Pressure = "0" />
		<Point X = "110" Y = "186" T = "0" Pressure = "0" />
		<Point X = "106" Y = "183" T = "0" Pressure = "0" />
		<Point X = "104" Y = "182" T = "0" Pressure = "0" />
		<Point X = "102" Y = "180" T = "0" Pressure = "0" />
		<Point X = "100" Y = "178" T = "0" Pressure = "0" />
		<Point X = "99" Y = "177" T = "0" Pressure = "0" />
		<Point X = "98" Y = "176" T = "0" Pressure = "0" />
		<Point X = "96" Y = "175" T = "0" Pressure = "0" />
		<Point X = "96" Y = "174" T = "0" Pressure = "0" />
		<Point X = "95" Y = "173" T = "0" Pressure = "0" />
		<Point X = "94" Y = "173" T = "0" Pressure = "0" />
		<Point X = "92" Y = "171" T = "0" Pressure = "0" />
		<Point X = "91" Y = "170" T = "0" Pressure = "0" />
		<Point X = "91" Y = "169" T = "0" Pressure = "0" />
		<Point X = "91" Y = "168" T = "0" Pressure = "0" />
		<Point X = "90" Y = "168" T = "0" Pressure = "0" />
		<Point X = "90" Y = "167" T = "0" Pressure = "0" />
		<Point X = "89" Y = "167" T = "0" Pressure = "0" />
		<Point X = "89" Y = "166" T = "0" Pressure = "0" />
	</Stroke>
</Gesture>
