<?xml version="1.0" encoding="utf-8" standalone="yes"?>
<Gesture Name = "star">
	<Stroke>
		<Point X = "96" Y = "94" T = "0" Pressure = "0" />
		<Point X = "98" Y = "94" T = "0" Pressure = "0" />
		<Point X = "100" Y = "94" T = "0" Pressure = "0" />
		<Point X = "104" Y = "94" T = "0" Pressure = "0" />
		<Point X = "110" Y = "94" T = "0" Pressure = "0" />
		<Point X = "119" Y = "94" T = "0" Pressure = "0" />
		<Point X = "133" Y = "94" T = "0" Pressure = "0" />
		<Point X = "148" Y = "94" T = "0" Pressure = "0" />
		<Point X = "163" Y = "94" T = "0" Pressure = "0" />
		<Point X = "177" Y = "94" T = "0" Pressure = "0" />
		<Point X = "190" Y = "94" T = "0" Pressure = "0" />
		<Point X = "200" Y = "94" T = "0" Pressure = "0" />
		<Point X = "211" Y = "94" T = "0" Pressure = "0" />
		<Point X = "220" Y = "94" T = "0" Pressure = "0" />
		<Point X = "224" Y = "93" T = "0" Pressure = "0" />
		<Point X = "225" Y = "92" T = "0" Pressure = "0" />
		<Point X = "228" Y = "92" T = "0" Pressure = "0" />
		<Point X = "229" Y = "92" T = "0" Pressure = "0" />
		<Point X = "232" Y = "92" T = "0" Pressure = "0" />
		<Point X = "233" Y = "91" T = "0" Pressure = "0" />
		<Point X = "237" Y = "91" T = "0" Pressure = "0" />
		<Point X = "241" Y = "91" T = "0" Pressure = "0" />
		<Point X = "244" Y = "91" T = "0" Pressure = "0" />
		<Point X = "248" Y = "90" T = "0" Pressure = "0" />
		<Point X = "249" Y = "90" T = "0" Pressure = "0" />
		<Point X = "252" Y = "90" T = "0" Pressure = "0" />
		<Point X = "254" Y = "90" T = "0" Pressure = "0" />
		<Point X = "255" Y = "90" T = "0" Pressure = "0" />
		<Point X = "256" Y = "90" T = "0" Pressure = "0" />
		<Point X = "257" Y = "89" T = "0" Pressure = "0" />
		<Point X = "258" Y = "89" T = "0" Pressure = "0" />
		<Point X = "256" Y = "89" T = "0" Pressure = "0" />
		<Point X = "255" Y = "90" T = "0" Pressure = "0" />
		<Point X = "254" Y = "92" T = "0" Pressure = "0" />
		<Point X = "252" Y = "94" T = "0" Pressure = "0" />
		<Point X = "251" Y = "95" T = "0" Pressure = "0" />
		<Point X = "250" Y = "97" T = "0" Pressure = "0" />
		<Point X = "248" Y = "99" T = "0" Pressure = "0" />
		<Point X = "246" Y = "101" T = "0" Pressure = "0" />
		<Point X = "243" Y = "105" T = "0" Pressure = "0" />
		<Point X = "238" Y = "111" T = "0" Pressure = "0" />
		<Point X = "234" Y = "116" T = "0" Pressure = "0" />
		<Point X = "229" Y = "122" T = "0" Pressure = "0" />
		<Point X = "222" Y = "131" T = "0" Pressure = "0" />
		<Point X = "217" Y = "136" T = "0" Pressure = "0" />
		<Point X = "215" Y = "139" T = "0" Pressure = "0" />
		<Point X = "213" Y = "140" T = "0" Pressure = "0" />
		<Point X = "212" Y = "141" T = "0" Pressure = "0" />
		<Point X = "211" Y = "141" T = "0" Pressure = "0" />
		<Point X = "210" Y = "141" T = "0" Pressure = "0" />
		<Point X = "209" Y = "142" T = "0" Pressure = "0" />
		<Point X = "207" Y = "143" T = "0" Pressure = "0" />
		<Point X = "205" Y = "144" T = "0" Pressure = "0" />
		<Point X = "203" Y = "145" T = "0" Pressure = "0" />
		<Point X = "199" Y = "147" T = "0" Pressure = "0" />
		<Point X = "194" Y = "149" T = "0" Pressure = "0" />
		<Point X = "186" Y = "152" T = "0" Pressure = "0" />
		<Point X = "182" Y = "154" T = "0" Pressure = "0" />
		<Point X = "177" Y = "155" T = "0" Pressure = "0" />
		<Point X = "175" Y = "157" T = "0" Pressure = "0" />
		<Point X = "172" Y = "158" T = "0" Pressure = "0" />
		<Point X = "170" Y = "158" T = "0" Pressure = "0" />
		<Point X = "169" Y = "158" T = "0" Pressure = "0" />
		<Point X = "168" Y = "158" T = "0" Pressure = "0" />
		<Point X = "167" Y = "159" T = "0" Pressure = "0" />
		<Point X = "166" Y = "159" T = "0" Pressure = "0" />
		<Point X = "165" Y = "160" T = "0" Pressure = "0" />
		<Point X = "164" Y = "161" T = "0" Pressure = "0" />
		<Point X = "163" Y = "161" T = "0" Pressure = "0" />
		<Point X = "162" Y = "161" T = "0" Pressure = "0" />
		<Point X = "161" Y = "162" T = "0" Pressure = "0" />
		<Point X = "159" Y = "162" T = "0" Pressure = "0" />
		<Point X = "156" Y = "164" T = "0" Pressure = "0" />
		<Point X = "155" Y = "165" T = "0" Pressure = "0" />
		<Point X = "153" Y = "167" T = "0" Pressure = "0" />
		<Point X = "151" Y = "169" T = "0" Pressure = "0" />
		<Point X = "149" Y = "170" T = "0" Pressure = "0" />
		<Point X = "147" Y = "172" T = "0" Pressure = "0" />
		<Point X = "144" Y = "174" T = "0" Pressure = "0" />
		<Point X = "144" Y = "175" T = "0" Pressure = "0" />
		<Point X = "143" Y = "175" T = "0" Pressure = "0" />
		<Point X = "142" Y = "175" T = "0" Pressure = "0" />
		<Point X = "141" Y = "175" T = "0" Pressure = "0" />
		<Point X = "139" Y = "176" T = "0" Pressure = "0" />
		<Point X = "138" Y = "176" T = "0" Pressure = "0" />
		<Point X = "136" Y = "179" T = "0" Pressure = "0" />
		<Point X = "134" Y = "179" T = "0" Pressure = "0" />
		<Point X = "132" Y = "180" T = "0" Pressure = "0" />
		<Point X = "130" Y = "181" T = "0" Pressure = "0" />
		<Point X = "127" Y = "183" T = "0" Pressure = "0" />
		<Point X = "126" Y = "184" T = "0" Pressure = "0" />
		<Point X = "123" Y = "185" T = "0" Pressure = "0" />
		<Point X = "122" Y = "186" T = "0" Pressure = "0" />
		<Point X = "120" Y = "187" T = "0" Pressure = "0" />
		<Point X = "119" Y = "187" T = "0" Pressure = "0" />
		<Point X = "120" Y = "183" T = "0" Pressure = "0" />
		<Point X = "120" Y = "180" T = "0" Pressure = "0" />
		<Point X = "121" Y = "177" T = "0" Pressure = "0" />
		<Point X = "122" Y = "172" T = "0" Pressure = "0" />
		<Point X = "124" Y = "169" T = "0" Pressure = "0" />
		<Point X = "127" Y = "163" T = "0" Pressure = "0" />
		<Point X = "128" Y = "161" T = "0" Pressure = "0" />
		<Point X = "131" Y = "156" T = "0" Pressure = "0" />
		<Point X = "133" Y = "153" T = "0" Pressure = "0" />
		<Point X = "134" Y = "148" T = "0" Pressure = "0" />
		<Point X = "135" Y = "144" T = "0" Pressure = "0" />
		<Point X = "135" Y = "140" T = "0" Pressure = "0" />
		<Point X = "137" Y = "135" T = "0" Pressure = "0" />
		<Point X = "139" Y = "129" T = "0" Pressure = "0" />
		<Point X = "141" Y = "123" T = "0" Pressure = "0" />
		<Point X = "144" Y = "117" T = "0" Pressure = "0" />
		<Point X = "147" Y = "111" T = "0" Pressure = "0" />
		<Point X = "148" Y = "107" T = "0" Pressure = "0" />
		<Point X = "149" Y = "103" T = "0" Pressure = "0" />
		<Point X = "150" Y = "99" T = "0" Pressure = "0" />
		<Point X = "150" Y = "97" T = "0" Pressure = "0" />
		<Point X = "150" Y = "95" T = "0" Pressure = "0" />
		<Point X = "150" Y = "92" T = "0" Pressure = "0" />
		<Point X = "150" Y = "90" T = "0" Pressure = "0" />
		<Point X = "150" Y = "88" T = "0" Pressure = "0" />
		<Point X = "150" Y = "87" T = "0" Pressure = "0" />
		<Point X = "150" Y = "86" T = "0" Pressure = "0" />
		<Point X = "151" Y = "82" T = "0" Pressure = "0" />
		<Point X = "152" Y = "82" T = "0" Pressure = "0" />
		<Point X = "153" Y = "78" T = "0" Pressure = "0" />
		<Point X = "154" Y = "76" T = "0" Pressure = "0" />
		<Point X = "155" Y = "74" T = "0" Pressure = "0" />
		<Point X = "156" Y = "71" T = "0" Pressure = "0" />
		<Point X = "156" Y = "70" T = "0" Pressure = "0" />
		<Point X = "156" Y = "69" T = "0" Pressure = "0" />
		<Point X = "158" Y = "67" T = "0" Pressure = "0" />
		<Point X = "158" Y = "66" T = "0" Pressure = "0" />
		<Point X = "159" Y = "65" T = "0" Pressure = "0" />
		<Point X = "159" Y = "64" T = "0" Pressure = "0" />
		<Point X = "160" Y = "62" T = "0" Pressure = "0" />
		<Point X = "162" Y = "60" T = "0" Pressure = "0" />
		<Point X = "162" Y = "58" T = "0" Pressure = "0" />
		<Point X = "163" Y = "58" T = "0" Pressure = "0" />
		<Point X = "164" Y = "57" T = "0" Pressure = "0" />
		<Point X = "165" Y = "54" T = "0" Pressure = "0" />
		<Point X = "166" Y = "54" T = "0" Pressure = "0" />
		<Point X = "167" Y = "52" T = "0" Pressure = "0" />
		<Point X = "168" Y = "50" T = "0" Pressure = "0" />
		<Point X = "169" Y = "49" T = "0" Pressure = "0" />
		<Point X = "170" Y = "48" T = "0" Pressure = "0" />
		<Point X = "170" Y = "46" T = "0" Pressure = "0" />
		<Point X = "170" Y = "45" T = "0" Pressure = "0" />
		<Point X = "171" Y = "45" T = "0" Pressure = "0" />
		<Point X = "171" Y = "44" T = "0" Pressure = "0" />
		<Point X = "172" Y = "43" T = "0" Pressure = "0" />
		<Point X = "172" Y = "42" T = "0" Pressure = "0" />
		<Point X = "173" Y = "41" T = "0" Pressure = "0" />
		<Point X = "173" Y = "40" T = "0" Pressure = "0" />
		<Point X = "173" Y = "39" T = "0" Pressure = "0" />
		<Point X = "173" Y = "38" T = "0" Pressure = "0" />
		<Point X = "174" Y = "36" T = "0" Pressure = "0" />
		<Point X = "174" Y = "35" T = "0" Pressure = "0" />
		<Point X = "175" Y = "35" T = "0" Pressure = "0" />
		<Point X = "176" Y = "34" T = "0" Pressure = "0" />
		<Point X = "177" Y = "33" T = "0" Pressure = "0" />
		<Point X = "178" Y = "33" T = "0" Pressure = "0" />
		<Point X = "179" Y = "37" T = "0" Pressure = "0" />
		<Point X = "182" Y = "44" T = "0" Pressure = "0" />
		<Point X = "183" Y = "47" T = "0" Pressure = "0" />
		<Point X = "185" Y = "54" T = "0" Pressure = "0" />
		<Point X = "188" Y = "60" T = "0" Pressure = "0" />
		<Point X = "190" Y = "66" T = "0" Pressure = "0" />
		<Point X = "192" Y = "73" T = "0" Pressure = "0" />
		<Point X = "193" Y = "77" T = "0" Pressure = "0" />
		<Point X = "193" Y = "80" T = "0" Pressure = "0" />
		<Point X = "194" Y = "84" T = "0" Pressure = "0" />
		<Point X = "197" Y = "90" T = "0" Pressure = "0" />
		<Point X = "198" Y = "95" T = "0" Pressure = "0" />
		<Point X = "199" Y = "102" T = "0" Pressure = "0" />
		<Point X = "202" Y = "109" T = "0" Pressure = "0" />
		<Point X = "204" Y = "114" T = "0" Pressure = "0" />
		<Point X = "206" Y = "117" T = "0" Pressure = "0" />
		<Point X = "207" Y = "118" T = "0" Pressure = "0" />
		<Point X = "207" Y = "120" T = "0" Pressure = "0" />
		<Point X = "208" Y = "122" T = "0" Pressure = "0" />
		<Point X = "209" Y = "125" T = "0" Pressure = "0" />
		<Point X = "211" Y = "127" T = "0" Pressure = "0" />
		<Point X = "214" Y = "131" T = "0" Pressure = "0" />
		<Point X = "216" Y = "133" T = "0" Pressure = "0" />
		<Point X = "219" Y = "139" T = "0" Pressure = "0" />
		<Point X = "223" Y = "145" T = "0" Pressure = "0" />
		<Point X = "224" Y = "149" T = "0" Pressure = "0" />
		<Point X = "225" Y = "154" T = "0" Pressure = "0" />
		<Point X = "227" Y = "156" T = "0" Pressure = "0" />
		<Point X = "228" Y = "159" T = "0" Pressure = "0" />
		<Point X = "228" Y = "162" T = "0" Pressure = "0" />
		<Point X = "229" Y = "166" T = "0" Pressure = "0" />
		<Point X = "232" Y = "170" T = "0" Pressure = "0" />
		<Point X = "234" Y = "176" T = "0" Pressure = "0" />
		<Point X = "236" Y = "179" T = "0" Pressure = "0" />
		<Point X = "237" Y = "182" T = "0" Pressure = "0" />
		<Point X = "237" Y = "184" T = "0" Pressure = "0" />
		<Point X = "238" Y = "185" T = "0" Pressure = "0" />
		<Point X = "238" Y = "188" T = "0" Pressure = "0" />
		<Point X = "239" Y = "190" T = "0" Pressure = "0" />
		<Point X = "239" Y = "191" T = "0" Pressure = "0" />
		<Point X = "239" Y = "193" T = "0" Pressure = "0" />
		<Point X = "239" Y = "195" T = "0" Pressure = "0" />
		<Point X = "239" Y = "197" T = "0" Pressure = "0" />
		<Point X = "240" Y = "200" T = "0" Pressure = "0" />
		<Point X = "241" Y = "202" T = "0" Pressure = "0" />
		<Point X = "241" Y = "204" T = "0" Pressure = "0" />
		<Point X = "241" Y = "207" T = "0" Pressure = "0" />
		<Point X = "241" Y = "208" T = "0" Pressure = "0" />
		<Point X = "241" Y = "209" T = "0" Pressure = "0" />
		<Point X = "241" Y = "210" T = "0" Pressure = "0" />
		<Point X = "241" Y = "211" T = "0" Pressure = "0" />
		<Point X = "240" Y = "211" T = "0" Pressure = "0" />
		<Point X = "238" Y = "211" T = "0" Pressure = "0" />
		<Point X = "236" Y = "211" T = "0" Pressure = "0" />
		<Point X = "234" Y = "211" T = "0" Pressure = "0" />
		<Point X = "233" Y = "211" T = "0" Pressure = "0" />
		<Point X = "230" Y = "211" T = "0" Pressure = "0" />
		<Point X = "227" Y = "209" T = "0" Pressure = "0" />
		<Point X = "225" Y = "208" T = "0" Pressure = "0" />
		<Point X = "223" Y = "207" T = "0" Pressure = "0" />
		<Point X = "221" Y = "206" T = "0" Pressure = "0" />
		<Point X = "218" Y = "204" T = "0" Pressure = "0" />
		<Point X = "213" Y = "201" T = "0" Pressure = "0" />
		<Point X = "209" Y = "198" T = "0" Pressure = "0" />
		<Point X = "204" Y = "194" T = "0" Pressure = "0" />
		<Point X = "197" Y = "190" T = "0" Pressure = "0" />
		<Point X = "194" Y = "188" T = "0" Pressure = "0" />
		<Point X = "190" Y = "185" T = "0" Pressure = "0" />
		<Point X = "187" Y = "182" T = "0" Pressure = "0" />
		<Point X = "184" Y = "181" T = "0" Pressure = "0" />
		<Point X = "183" Y = "180" T = "0" Pressure = "0" />
		<Point X = "181" Y = "179" T = "0" Pressure = "0" />
		<Point X = "178" Y = "176" T = "0" Pressure = "0" />
		<Point X = "177" Y = "174" T = "0" Pressure = "0" />
		<Point X = "175" Y = "172" T = "0" Pressure = "0" />
		<Point X = "170" Y = "169" T = "0" Pressure = "0" />
		<Point X = "168" Y = "166" T = "0" Pressure = "0" />
		<Point X = "163" Y = "162" T = "0" Pressure = "0" />
		<Point X = "159" Y = "160" T = "0" Pressure = "0" />
		<Point X = "153" Y = "157" T = "0" Pressure = "0" />
		<Point X = "150" Y = "155" T = "0" Pressure = "0" />
		<Point X = "144" Y = "152" T = "0" Pressure = "0" />
		<Point X = "139" Y = "149" T = "0" Pressure = "0" />
		<Point X = "133" Y = "146" T = "0" Pressure = "0" />
		<Point X = "131" Y = "145" T = "0" Pressure = "0" />
		<Point X = "126" Y = "142" T = "0" Pressure = "0" />
		<Point X = "124" Y = "140" T = "0" Pressure = "0" />
		<Point X = "121" Y = "138" T = "0" Pressure = "0" />
		<Point X = "119" Y = "136" T = "0" Pressure = "0" />
		<Point X = "118" Y = "134" T = "0" Pressure = "0" />
		<Point X = "115" Y = "131" T = "0" Pressure = "0" />
		<Point X = "114" Y = "129" T = "0" Pressure = "0" />
		<Point X = "114" Y = "126" T = "0" Pressure = "0" />
		<Point X = "112" Y = "125" T = "0" Pressure = "0" />
		<Point X = "111" Y = "123" T = "0" Pressure = "0" />
		<Point X = "110" Y = "122" T = "0" Pressure = "0" />
		<Point X = "109" Y = "121" T = "0" Pressure = "0" />
		<Point X = "108" Y = "120" T = "0" Pressure = "0" />
		<Point X = "107" Y = "119" T = "0" Pressure = "0" />
		<Point X = "107" Y = "118" T = "0" Pressure = "0" />
		<Point X = "107" Y = "117" T = "0" Pressure = "0" />
		<Point X = "106" Y = "117" T = "0" Pressure = "0" />
		<Point X = "106" Y = "116" T = "0" Pressure = "0" />
		<Point X = "105" Y = "116" T = "0" Pressure = "0" />
		<Point X = "105" Y = "115" T = "0" Pressure = "0" />
		<Point X = "104" Y = "113" T = "0" Pressure = "0" />
		<Point X = "104" Y = "111" T = "0" Pressure = "0" />
		<Point X = "104" Y = "110" T = "0" Pressure = "0" />
		<Point X = "102" Y = "108" T = "0" Pressure = "0" />
		<Point X = "102" Y = "107" T = "0" Pressure = "0" />
		<Point X = "102" Y = "106" T = "0" Pressure = "0" />
		<Point X = "101" Y = "106" T = "0" Pressure = "0" />
		<Point X = "101" Y = "105" T = "0" Pressure = "0" />
		<Point X = "101" Y = "104" T = "0" Pressure = "0" />
		<Point X = "101" Y = "103" T = "0" Pressure = "0" />
		<Point X = "99" Y = "102" T = "0" Pressure = "0" />
		<Point X = "99" Y = "101" T = "0" Pressure = "0" />
		<Point X = "98" Y = "100" T = "0" Pressure = "0" />
		<Point X = "97" Y = "99" T = "0" Pressure = "0" />
		<Point X = "97" Y = "98" T = "0" Pressure = "0" />
		<Point X = "96" Y = "98" T = "0" Pressure = "0" />
		<Point X = "96" Y = "97" T = "0" Pressure = "0" />
		<Point X = "95" Y = "96" T = "0" Pressure = "0" />
		<Point X = "94" Y = "96" T = "0" Pressure = "0" />
		<Point X = "94" Y = "95" T = "0" Pressure = "0" />
		<Point X = "93" Y = "95" T = "0" Pressure = "0" />
		<Point X = "93" Y = "94" T = "0" Pressure = "0" />
		<Point X = "93" Y = "93" T = "0" Pressure = "0" />
		<Point X = "93" Y = "92" T = "0" Pressure = "0" />
		<Point X = "95" Y = "92" T = "0" Pressure = "0" />
	</Stroke>
</Gesture>
