<?xml version="1.0" encoding="utf-8" standalone="yes"?>
<Gesture Name = "star">
	<Stroke>
		<Point X = "200" Y = "127" T = "0" Pressure = "0" />
		<Point X = "202" Y = "127" T = "0" Pressure = "0" />
		<Point X = "204" Y = "127" T = "0" Pressure = "0" />
		<Point X = "205" Y = "127" T = "0" Pressure = "0" />
		<Point X = "206" Y = "127" T = "0" Pressure = "0" />
		<Point X = "208" Y = "127" T = "0" Pressure = "0" />
		<Point X = "211" Y = "126" T = "0" Pressure = "0" />
		<Point X = "214" Y = "126" T = "0" Pressure = "0" />
		<Point X = "216" Y = "126" T = "0" Pressure = "0" />
		<Point X = "219" Y = "126" T = "0" Pressure = "0" />
		<Point X = "223" Y = "126" T = "0" Pressure = "0" />
		<Point X = "228" Y = "126" T = "0" Pressure = "0" />
		<Point X = "233" Y = "126" T = "0" Pressure = "0" />
		<Point X = "241" Y = "126" T = "0" Pressure = "0" />
		<Point X = "250" Y = "126" T = "0" Pressure = "0" />
		<Point X = "258" Y = "126" T = "0" Pressure = "0" />
		<Point X = "267" Y = "126" T = "0" Pressure = "0" />
		<Point X = "277" Y = "126" T = "0" Pressure = "0" />
		<Point X = "285" Y = "126" T = "0" Pressure = "0" />
		<Point X = "293" Y = "126" T = "0" Pressure = "0" />
		<Point X = "299" Y = "126" T = "0" Pressure = "0" />
		<Point X = "303" Y = "126" T = "0" Pressure = "0" />
		<Point X = "305" Y = "126" T = "0" Pressure = "0" />
		<Point X = "307" Y = "126" T = "0" Pressure = "0" />
		<Point X = "308" Y = "125" T = "0" Pressure = "0" />
		<Point X = "309" Y = "124" T = "0" Pressure = "0" />
		<Point X = "312" Y = "124" T = "0" Pressure = "0" />
		<Point X = "315" Y = "124" T = "0" Pressure = "0" />
		<Point X = "318" Y = "124" T = "0" Pressure = "0" />
		<Point X = "321" Y = "124" T = "0" Pressure = "0" />
		<Point X = "324" Y = "124" T = "0" Pressure = "0" />
		<Point X = "326" Y = "124" T = "0" Pressure = "0" />
		<Point X = "328" Y = "123" T = "0" Pressure = "0" />
		<Point X = "329" Y = "123" T = "0" Pressure = "0" />
		<Point X = "330" Y = "122" T = "0" Pressure = "0" />
		<Point X = "329" Y = "123" T = "0" Pressure = "0" />
		<Point X = "328" Y = "123" T = "0" Pressure = "0" />
		<Point X = "327" Y = "124" T = "0" Pressure = "0" />
		<Point X = "324" Y = "127" T = "0" Pressure = "0" />
		<Point X = "322" Y = "128" T = "0" Pressure = "0" />
		<Point X = "320" Y = "131" T = "0" Pressure = "0" />
		<Point X = "315" Y = "133" T = "0" Pressure = "0" />
		<Point X = "312" Y = "135" T = "0" Pressure = "0" />
		<Point X = "310" Y = "139" T = "0" Pressure = "0" />
		<Point X = "307" Y = "141" T = "0" Pressure = "0" />
		<Point X = "303" Y = "144" T = "0" Pressure = "0" />
		<Point X = "301" Y = "146" T = "0" Pressure = "0" />
		<Point X = "297" Y = "149" T = "0" Pressure = "0" />
		<Point X = "293" Y = "152" T = "0" Pressure = "0" />
		<Point X = "290" Y = "154" T = "0" Pressure = "0" />
		<Point X = "283" Y = "159" T = "0" Pressure = "0" />
		<Point X = "279" Y = "160" T = "0" Pressure = "0" />
		<Point X = "270" Y = "165" T = "0" Pressure = "0" />
		<Point X = "263" Y = "170" T = "0" Pressure = "0" />
		<Point X = "254" Y = "174" T = "0" Pressure = "0" />
		<Point X = "248" Y = "176" T = "0" Pressure = "0" />
		<Point X = "242" Y = "181" T = "0" Pressure = "0" />
		<Point X = "237" Y = "183" T = "0" Pressure = "0" />
		<Point X = "233" Y = "186" T = "0" Pressure = "0" />
		<Point X = "229" Y = "188" T = "0" Pressure = "0" />
		<Point X = "228" Y = "189" T = "0" Pressure = "0" />
		<Point X = "226" Y = "190" T = "0" Pressure = "0" />
		<Point X = "225" Y = "192" T = "0" Pressure = "0" />
		<Point X = "224" Y = "192" T = "0" Pressure = "0" />
		<Point X = "224" Y = "193" T = "0" Pressure = "0" />
		<Point X = "223" Y = "193" T = "0" Pressure = "0" />
		<Point X = "222" Y = "194" T = "0" Pressure = "0" />
		<Point X = "222" Y = "193" T = "0" Pressure = "0" />
		<Point X = "222" Y = "192" T = "0" Pressure = "0" />
		<Point X = "222" Y = "189" T = "0" Pressure = "0" />
		<Point X = "223" Y = "187" T = "0" Pressure = "0" />
		<Point X = "224" Y = "184" T = "0" Pressure = "0" />
		<Point X = "225" Y = "181" T = "0" Pressure = "0" />
		<Point X = "226" Y = "177" T = "0" Pressure = "0" />
		<Point X = "227" Y = "172" T = "0" Pressure = "0" />
		<Point X = "228" Y = "167" T = "0" Pressure = "0" />
		<Point X = "229" Y = "161" T = "0" Pressure = "0" />
		<Point X = "231" Y = "157" T = "0" Pressure = "0" />
		<Point X = "232" Y = "152" T = "0" Pressure = "0" />
		<Point X = "234" Y = "148" T = "0" Pressure = "0" />
		<Point X = "236" Y = "143" T = "0" Pressure = "0" />
		<Point X = "237" Y = "139" T = "0" Pressure = "0" />
		<Point X = "238" Y = "133" T = "0" Pressure = "0" />
		<Point X = "241" Y = "127" T = "0" Pressure = "0" />
		<Point X = "242" Y = "124" T = "0" Pressure = "0" />
		<Point X = "245" Y = "117" T = "0" Pressure = "0" />
		<Point X = "246" Y = "114" T = "0" Pressure = "0" />
		<Point X = "247" Y = "110" T = "0" Pressure = "0" />
		<Point X = "248" Y = "105" T = "0" Pressure = "0" />
		<Point X = "250" Y = "102" T = "0" Pressure = "0" />
		<Point X = "250" Y = "98" T = "0" Pressure = "0" />
		<Point X = "251" Y = "95" T = "0" Pressure = "0" />
		<Point X = "252" Y = "93" T = "0" Pressure = "0" />
		<Point X = "252" Y = "91" T = "0" Pressure = "0" />
		<Point X = "254" Y = "89" T = "0" Pressure = "0" />
		<Point X = "254" Y = "86" T = "0" Pressure = "0" />
		<Point X = "255" Y = "85" T = "0" Pressure = "0" />
		<Point X = "256" Y = "84" T = "0" Pressure = "0" />
		<Point X = "256" Y = "82" T = "0" Pressure = "0" />
		<Point X = "258" Y = "80" T = "0" Pressure = "0" />
		<Point X = "258" Y = "79" T = "0" Pressure = "0" />
		<Point X = "259" Y = "78" T = "0" Pressure = "0" />
		<Point X = "259" Y = "77" T = "0" Pressure = "0" />
		<Point X = "260" Y = "78" T = "0" Pressure = "0" />
		<Point X = "260" Y = "80" T = "0" Pressure = "0" />
		<Point X = "262" Y = "83" T = "0" Pressure = "0" />
		<Point X = "263" Y = "84" T = "0" Pressure = "0" />
		<Point X = "264" Y = "87" T = "0" Pressure = "0" />
		<Point X = "266" Y = "92" T = "0" Pressure = "0" />
		<Point X = "267" Y = "97" T = "0" Pressure = "0" />
		<Point X = "270" Y = "104" T = "0" Pressure = "0" />
		<Point X = "270" Y = "109" T = "0" Pressure = "0" />
		<Point X = "271" Y = "116" T = "0" Pressure = "0" />
		<Point X = "272" Y = "125" T = "0" Pressure = "0" />
		<Point X = "274" Y = "132" T = "0" Pressure = "0" />
		<Point X = "276" Y = "138" T = "0" Pressure = "0" />
		<Point X = "277" Y = "142" T = "0" Pressure = "0" />
		<Point X = "279" Y = "150" T = "0" Pressure = "0" />
		<Point X = "280" Y = "154" T = "0" Pressure = "0" />
		<Point X = "281" Y = "156" T = "0" Pressure = "0" />
		<Point X = "282" Y = "160" T = "0" Pressure = "0" />
		<Point X = "283" Y = "164" T = "0" Pressure = "0" />
		<Point X = "284" Y = "166" T = "0" Pressure = "0" />
		<Point X = "285" Y = "168" T = "0" Pressure = "0" />
		<Point X = "285" Y = "171" T = "0" Pressure = "0" />
		<Point X = "285" Y = "173" T = "0" Pressure = "0" />
		<Point X = "285" Y = "175" T = "0" Pressure = "0" />
		<Point X = "285" Y = "178" T = "0" Pressure = "0" />
		<Point X = "285" Y = "181" T = "0" Pressure = "0" />
		<Point X = "285" Y = "182" T = "0" Pressure = "0" />
		<Point X = "285" Y = "185" T = "0" Pressure = "0" />
		<Point X = "287" Y = "190" T = "0" Pressure = "0" />
		<Point X = "287" Y = "191" T = "0" Pressure = "0" />
		<Point X = "287" Y = "193" T = "0" Pressure = "0" />
		<Point X = "287" Y = "195" T = "0" Pressure = "0" />
		<Point X = "288" Y = "197" T = "0" Pressure = "0" />
		<Point X = "289" Y = "199" T = "0" Pressure = "0" />
		<Point X = "289" Y = "200" T = "0" Pressure = "0" />
		<Point X = "289" Y = "201" T = "0" Pressure = "0" />
		<Point X = "287" Y = "201" T = "0" Pressure = "0" />
		<Point X = "284" Y = "199" T = "0" Pressure = "0" />
		<Point X = "281" Y = "197" T = "0" Pressure = "0" />
		<Point X = "278" Y = "195" T = "0" Pressure = "0" />
		<Point X = "274" Y = "192" T = "0" Pressure = "0" />
		<Point X = "271" Y = "191" T = "0" Pressure = "0" />
		<Point X = "267" Y = "188" T = "0" Pressure = "0" />
		<Point X = "265" Y = "186" T = "0" Pressure = "0" />
		<Point X = "261" Y = "184" T = "0" Pressure = "0" />
		<Point X = "259" Y = "183" T = "0" Pressure = "0" />
		<Point X = "256" Y = "182" T = "0" Pressure = "0" />
		<Point X = "252" Y = "179" T = "0" Pressure = "0" />
		<Point X = "248" Y = "177" T = "0" Pressure = "0" />
		<Point X = "244" Y = "173" T = "0" Pressure = "0" />
		<Point X = "242" Y = "171" T = "0" Pressure = "0" />
		<Point X = "240" Y = "169" T = "0" Pressure = "0" />
		<Point X = "238" Y = "167" T = "0" Pressure = "0" />
		<Point X = "236" Y = "165" T = "0" Pressure = "0" />
		<Point X = "235" Y = "163" T = "0" Pressure = "0" />
		<Point X = "234" Y = "161" T = "0" Pressure = "0" />
		<Point X = "233" Y = "160" T = "0" Pressure = "0" />
		<Point X = "231" Y = "157" T = "0" Pressure = "0" />
		<Point X = "230" Y = "157" T = "0" Pressure = "0" />
		<Point X = "229" Y = "155" T = "0" Pressure = "0" />
		<Point X = "229" Y = "154" T = "0" Pressure = "0" />
		<Point X = "227" Y = "153" T = "0" Pressure = "0" />
		<Point X = "227" Y = "152" T = "0" Pressure = "0" />
		<Point X = "225" Y = "149" T = "0" Pressure = "0" />
		<Point X = "224" Y = "148" T = "0" Pressure = "0" />
		<Point X = "223" Y = "147" T = "0" Pressure = "0" />
		<Point X = "222" Y = "145" T = "0" Pressure = "0" />
		<Point X = "222" Y = "144" T = "0" Pressure = "0" />
		<Point X = "220" Y = "141" T = "0" Pressure = "0" />
		<Point X = "220" Y = "140" T = "0" Pressure = "0" />
		<Point X = "219" Y = "139" T = "0" Pressure = "0" />
		<Point X = "219" Y = "137" T = "0" Pressure = "0" />
		<Point X = "219" Y = "136" T = "0" Pressure = "0" />
		<Point X = "218" Y = "134" T = "0" Pressure = "0" />
		<Point X = "217" Y = "133" T = "0" Pressure = "0" />
		<Point X = "216" Y = "131" T = "0" Pressure = "0" />
		<Point X = "214" Y = "129" T = "0" Pressure = "0" />
		<Point X = "213" Y = "128" T = "0" Pressure = "0" />
		<Point X = "212" Y = "128" T = "0" Pressure = "0" />
		<Point X = "211" Y = "128" T = "0" Pressure = "0" />
		<Point X = "209" Y = "128" T = "0" Pressure = "0" />
		<Point X = "208" Y = "127" T = "0" Pressure = "0" />
		<Point X = "207" Y = "126" T = "0" Pressure = "0" />
		<Point X = "206" Y = "125" T = "0" Pressure = "0" />
		<Point X = "204" Y = "124" T = "0" Pressure = "0" />
		<Point X = "204" Y = "123" T = "0" Pressure = "0" />
	</Stroke>
</Gesture>
