<?xml version="1.0" encoding="utf-8" standalone="yes"?>
<Gesture Name = "star">
	<Stroke>
		<Point X = "75" Y = "150" T = "0" Pressure = "0" />
		<Point X = "76" Y = "150" T = "0" Pressure = "0" />
		<Point X = "78" Y = "150" T = "0" Pressure = "0" />
		<Point X = "82" Y = "151" T = "0" Pressure = "0" />
		<Point X = "88" Y = "153" T = "0" Pressure = "0" />
		<Point X = "94" Y = "154" T = "0" Pressure = "0" />
		<Point X = "101" Y = "157" T = "0" Pressure = "0" />
		<Point X = "109" Y = "159" T = "0" Pressure = "0" />
		<Point X = "116" Y = "159" T = "0" Pressure = "0" />
		<Point X = "120" Y = "161" T = "0" Pressure = "0" />
		<Point X = "126" Y = "162" T = "0" Pressure = "0" />
		<Point X = "131" Y = "162" T = "0" Pressure = "0" />
		<Point X = "136" Y = "163" T = "0" Pressure = "0" />
		<Point X = "140" Y = "164" T = "0" Pressure = "0" />
		<Point X = "148" Y = "166" T = "0" Pressure = "0" />
		<Point X = "153" Y = "168" T = "0" Pressure = "0" />
		<Point X = "163" Y = "170" T = "0" Pressure = "0" />
		<Point X = "173" Y = "173" T = "0" Pressure = "0" />
		<Point X = "182" Y = "176" T = "0" Pressure = "0" />
		<Point X = "190" Y = "177" T = "0" Pressure = "0" />
		<Point X = "196" Y = "178" T = "0" Pressure = "0" />
		<Point X = "200" Y = "178" T = "0" Pressure = "0" />
		<Point X = "204" Y = "178" T = "0" Pressure = "0" />
		<Point X = "207" Y = "178" T = "0" Pressure = "0" />
		<Point X = "211" Y = "178" T = "0" Pressure = "0" />
		<Point X = "216" Y = "178" T = "0" Pressure = "0" />
		<Point X = "220" Y = "176" T = "0" Pressure = "0" />
		<Point X = "225" Y = "175" T = "0" Pressure = "0" />
		<Point X = "228" Y = "175" T = "0" Pressure = "0" />
		<Point X = "231" Y = "173" T = "0" Pressure = "0" />
		<Point X = "233" Y = "173" T = "0" Pressure = "0" />
		<Point X = "236" Y = "173" T = "0" Pressure = "0" />
		<Point X = "237" Y = "173" T = "0" Pressure = "0" />
		<Point X = "238" Y = "173" T = "0" Pressure = "0" />
		<Point X = "239" Y = "173" T = "0" Pressure = "0" />
		<Point X = "240" Y = "173" T = "0" Pressure = "0" />
		<Point X = "240" Y = "174" T = "0" Pressure = "0" />
		<Point X = "240" Y = "175" T = "0" Pressure = "0" />
		<Point X = "240" Y = "177" T = "0" Pressure = "0" />
		<Point X = "240" Y = "179" T = "0" Pressure = "0" />
		<Point X = "238" Y = "182" T = "0" Pressure = "0" />
		<Point X = "237" Y = "185" T = "0" Pressure = "0" />
		<Point X = "233" Y = "189" T = "0" Pressure = "0" />
		<Point X = "228" Y = "194" T = "0" Pressure = "0" />
		<Point X = "223" Y = "198" T = "0" Pressure = "0" />
		<Point X = "218" Y = "202" T = "0" Pressure = "0" />
		<Point X = "215" Y = "205" T = "0" Pressure = "0" />
		<Point X = "211" Y = "207" T = "0" Pressure = "0" />
		<Point X = "209" Y = "208" T = "0" Pressure = "0" />
		<Point X = "204" Y = "211" T = "0" Pressure = "0" />
		<Point X = "201" Y = "213" T = "0" Pressure = "0" />
		<Point X = "195" Y = "216" T = "0" Pressure = "0" />
		<Point X = "189" Y = "219" T = "0" Pressure = "0" />
		<Point X = "180" Y = "224" T = "0" Pressure = "0" />
		<Point X = "170" Y = "230" T = "0" Pressure = "0" />
		<Point X = "155" Y = "239" T = "0" Pressure = "0" />
		<Point X = "139" Y = "248" T = "0" Pressure = "0" />
		<Point X = "129" Y = "254" T = "0" Pressure = "0" />
		<Point X = "121" Y = "258" T = "0" Pressure = "0" />
		<Point X = "115" Y = "260" T = "0" Pressure = "0" />
		<Point X = "110" Y = "263" T = "0" Pressure = "0" />
		<Point X = "108" Y = "263" T = "0" Pressure = "0" />
		<Point X = "107" Y = "263" T = "0" Pressure = "0" />
		<Point X = "106" Y = "263" T = "0" Pressure = "0" />
		<Point X = "105" Y = "263" T = "0" Pressure = "0" />
		<Point X = "104" Y = "263" T = "0" Pressure = "0" />
		<Point X = "102" Y = "263" T = "0" Pressure = "0" />
		<Point X = "99" Y = "264" T = "0" Pressure = "0" />
		<Point X = "98" Y = "264" T = "0" Pressure = "0" />
		<Point X = "97" Y = "266" T = "0" Pressure = "0" />
		<Point X = "94" Y = "266" T = "0" Pressure = "0" />
		<Point X = "93" Y = "266" T = "0" Pressure = "0" />
		<Point X = "91" Y = "266" T = "0" Pressure = "0" />
		<Point X = "89" Y = "267" T = "0" Pressure = "0" />
		<Point X = "88" Y = "267" T = "0" Pressure = "0" />
		<Point X = "88" Y = "266" T = "0" Pressure = "0" />
		<Point X = "88" Y = "264" T = "0" Pressure = "0" />
		<Point X = "91" Y = "262" T = "0" Pressure = "0" />
		<Point X = "92" Y = "259" T = "0" Pressure = "0" />
		<Point X = "92" Y = "256" T = "0" Pressure = "0" />
		<Point X = "94" Y = "253" T = "0" Pressure = "0" />
		<Point X = "95" Y = "249" T = "0" Pressure = "0" />
		<Point X = "96" Y = "244" T = "0" Pressure = "0" />
		<Point X = "96" Y = "237" T = "0" Pressure = "0" />
		<Point X = "97" Y = "233" T = "0" Pressure = "0" />
		<Point X = "99" Y = "227" T = "0" Pressure = "0" />
		<Point X = "99" Y = "225" T = "0" Pressure = "0" />
		<Point X = "101" Y = "220" T = "0" Pressure = "0" />
		<Point X = "104" Y = "214" T = "0" Pressure = "0" />
		<Point X = "108" Y = "207" T = "0" Pressure = "0" />
		<Point X = "110" Y = "203" T = "0" Pressure = "0" />
		<Point X = "114" Y = "197" T = "0" Pressure = "0" />
		<Point X = "116" Y = "190" T = "0" Pressure = "0" />
		<Point X = "119" Y = "184" T = "0" Pressure = "0" />
		<Point X = "121" Y = "178" T = "0" Pressure = "0" />
		<Point X = "123" Y = "172" T = "0" Pressure = "0" />
		<Point X = "125" Y = "165" T = "0" Pressure = "0" />
		<Point X = "126" Y = "159" T = "0" Pressure = "0" />
		<Point X = "126" Y = "155" T = "0" Pressure = "0" />
		<Point X = "128" Y = "150" T = "0" Pressure = "0" />
		<Point X = "128" Y = "147" T = "0" Pressure = "0" />
		<Point X = "128" Y = "145" T = "0" Pressure = "0" />
		<Point X = "129" Y = "143" T = "0" Pressure = "0" />
		<Point X = "129" Y = "142" T = "0" Pressure = "0" />
		<Point X = "130" Y = "138" T = "0" Pressure = "0" />
		<Point X = "132" Y = "136" T = "0" Pressure = "0" />
		<Point X = "133" Y = "135" T = "0" Pressure = "0" />
		<Point X = "133" Y = "134" T = "0" Pressure = "0" />
		<Point X = "134" Y = "132" T = "0" Pressure = "0" />
		<Point X = "135" Y = "130" T = "0" Pressure = "0" />
		<Point X = "135" Y = "129" T = "0" Pressure = "0" />
		<Point X = "136" Y = "129" T = "0" Pressure = "0" />
		<Point X = "136" Y = "127" T = "0" Pressure = "0" />
		<Point X = "137" Y = "126" T = "0" Pressure = "0" />
		<Point X = "137" Y = "125" T = "0" Pressure = "0" />
		<Point X = "138" Y = "123" T = "0" Pressure = "0" />
		<Point X = "140" Y = "122" T = "0" Pressure = "0" />
		<Point X = "140" Y = "121" T = "0" Pressure = "0" />
		<Point X = "141" Y = "119" T = "0" Pressure = "0" />
		<Point X = "141" Y = "118" T = "0" Pressure = "0" />
		<Point X = "142" Y = "117" T = "0" Pressure = "0" />
		<Point X = "143" Y = "117" T = "0" Pressure = "0" />
		<Point X = "143" Y = "116" T = "0" Pressure = "0" />
		<Point X = "144" Y = "115" T = "0" Pressure = "0" />
		<Point X = "145" Y = "115" T = "0" Pressure = "0" />
		<Point X = "145" Y = "116" T = "0" Pressure = "0" />
		<Point X = "146" Y = "117" T = "0" Pressure = "0" />
		<Point X = "146" Y = "119" T = "0" Pressure = "0" />
		<Point X = "147" Y = "121" T = "0" Pressure = "0" />
		<Point X = "149" Y = "122" T = "0" Pressure = "0" />
		<Point X = "150" Y = "126" T = "0" Pressure = "0" />
		<Point X = "151" Y = "127" T = "0" Pressure = "0" />
		<Point X = "153" Y = "130" T = "0" Pressure = "0" />
		<Point X = "153" Y = "132" T = "0" Pressure = "0" />
		<Point X = "153" Y = "137" T = "0" Pressure = "0" />
		<Point X = "155" Y = "144" T = "0" Pressure = "0" />
		<Point X = "157" Y = "150" T = "0" Pressure = "0" />
		<Point X = "159" Y = "157" T = "0" Pressure = "0" />
		<Point X = "161" Y = "164" T = "0" Pressure = "0" />
		<Point X = "163" Y = "170" T = "0" Pressure = "0" />
		<Point X = "165" Y = "177" T = "0" Pressure = "0" />
		<Point X = "167" Y = "182" T = "0" Pressure = "0" />
		<Point X = "168" Y = "184" T = "0" Pressure = "0" />
		<Point X = "169" Y = "187" T = "0" Pressure = "0" />
		<Point X = "170" Y = "192" T = "0" Pressure = "0" />
		<Point X = "172" Y = "196" T = "0" Pressure = "0" />
		<Point X = "172" Y = "199" T = "0" Pressure = "0" />
		<Point X = "173" Y = "202" T = "0" Pressure = "0" />
		<Point X = "174" Y = "204" T = "0" Pressure = "0" />
		<Point X = "175" Y = "208" T = "0" Pressure = "0" />
		<Point X = "176" Y = "210" T = "0" Pressure = "0" />
		<Point X = "176" Y = "213" T = "0" Pressure = "0" />
		<Point X = "177" Y = "215" T = "0" Pressure = "0" />
		<Point X = "177" Y = "216" T = "0" Pressure = "0" />
		<Point X = "177" Y = "218" T = "0" Pressure = "0" />
		<Point X = "178" Y = "221" T = "0" Pressure = "0" />
		<Point X = "178" Y = "222" T = "0" Pressure = "0" />
		<Point X = "178" Y = "223" T = "0" Pressure = "0" />
		<Point X = "178" Y = "226" T = "0" Pressure = "0" />
		<Point X = "178" Y = "230" T = "0" Pressure = "0" />
		<Point X = "178" Y = "235" T = "0" Pressure = "0" />
		<Point X = "178" Y = "240" T = "0" Pressure = "0" />
		<Point X = "178" Y = "247" T = "0" Pressure = "0" />
		<Point X = "178" Y = "253" T = "0" Pressure = "0" />
		<Point X = "180" Y = "257" T = "0" Pressure = "0" />
		<Point X = "180" Y = "262" T = "0" Pressure = "0" />
		<Point X = "180" Y = "265" T = "0" Pressure = "0" />
		<Point X = "181" Y = "268" T = "0" Pressure = "0" />
		<Point X = "181" Y = "270" T = "0" Pressure = "0" />
		<Point X = "182" Y = "273" T = "0" Pressure = "0" />
		<Point X = "182" Y = "274" T = "0" Pressure = "0" />
		<Point X = "182" Y = "276" T = "0" Pressure = "0" />
		<Point X = "182" Y = "277" T = "0" Pressure = "0" />
		<Point X = "183" Y = "278" T = "0" Pressure = "0" />
		<Point X = "183" Y = "279" T = "0" Pressure = "0" />
		<Point X = "183" Y = "280" T = "0" Pressure = "0" />
		<Point X = "183" Y = "281" T = "0" Pressure = "0" />
		<Point X = "183" Y = "282" T = "0" Pressure = "0" />
		<Point X = "182" Y = "282" T = "0" Pressure = "0" />
		<Point X = "181" Y = "283" T = "0" Pressure = "0" />
		<Point X = "180" Y = "283" T = "0" Pressure = "0" />
		<Point X = "179" Y = "283" T = "0" Pressure = "0" />
		<Point X = "178" Y = "283" T = "0" Pressure = "0" />
		<Point X = "175" Y = "282" T = "0" Pressure = "0" />
		<Point X = "174" Y = "281" T = "0" Pressure = "0" />
		<Point X = "170" Y = "277" T = "0" Pressure = "0" />
		<Point X = "168" Y = "275" T = "0" Pressure = "0" />
		<Point X = "163" Y = "270" T = "0" Pressure = "0" />
		<Point X = "159" Y = "267" T = "0" Pressure = "0" />
		<Point X = "154" Y = "262" T = "0" Pressure = "0" />
		<Point X = "148" Y = "259" T = "0" Pressure = "0" />
		<Point X = "145" Y = "255" T = "0" Pressure = "0" />
		<Point X = "140" Y = "251" T = "0" Pressure = "0" />
		<Point X = "136" Y = "248" T = "0" Pressure = "0" />
		<Point X = "131" Y = "244" T = "0" Pressure = "0" />
		<Point X = "127" Y = "239" T = "0" Pressure = "0" />
		<Point X = "124" Y = "235" T = "0" Pressure = "0" />
		<Point X = "120" Y = "229" T = "0" Pressure = "0" />
		<Point X = "117" Y = "223" T = "0" Pressure = "0" />
		<Point X = "117" Y = "220" T = "0" Pressure = "0" />
		<Point X = "113" Y = "211" T = "0" Pressure = "0" />
		<Point X = "112" Y = "210" T = "0" Pressure = "0" />
		<Point X = "110" Y = "205" T = "0" Pressure = "0" />
		<Point X = "107" Y = "201" T = "0" Pressure = "0" />
		<Point X = "106" Y = "197" T = "0" Pressure = "0" />
		<Point X = "103" Y = "194" T = "0" Pressure = "0" />
		<Point X = "103" Y = "192" T = "0" Pressure = "0" />
		<Point X = "101" Y = "191" T = "0" Pressure = "0" />
		<Point X = "100" Y = "190" T = "0" Pressure = "0" />
		<Point X = "99" Y = "188" T = "0" Pressure = "0" />
		<Point X = "98" Y = "187" T = "0" Pressure = "0" />
		<Point X = "96" Y = "186" T = "0" Pressure = "0" />
		<Point X = "96" Y = "185" T = "0" Pressure = "0" />
		<Point X = "95" Y = "185" T = "0" Pressure = "0" />
		<Point X = "95" Y = "184" T = "0" Pressure = "0" />
		<Point X = "93" Y = "183" T = "0" Pressure = "0" />
		<Point X = "93" Y = "181" T = "0" Pressure = "0" />
		<Point X = "93" Y = "180" T = "0" Pressure = "0" />
		<Point X = "92" Y = "177" T = "0" Pressure = "0" />
		<Point X = "91" Y = "175" T = "0" Pressure = "0" />
		<Point X = "90" Y = "171" T = "0" Pressure = "0" />
		<Point X = "89" Y = "169" T = "0" Pressure = "0" />
		<Point X = "88" Y = "168" T = "0" Pressure = "0" />
		<Point X = "88" Y = "166" T = "0" Pressure = "0" />
		<Point X = "86" Y = "165" T = "0" Pressure = "0" />
		<Point X = "86" Y = "164" T = "0" Pressure = "0" />
		<Point X = "85" Y = "164" T = "0" Pressure = "0" />
		<Point X = "84" Y = "163" T = "0" Pressure = "0" />
		<Point X = "83" Y = "161" T = "0" Pressure = "0" />
		<Point X = "83" Y = "160" T = "0" Pressure = "0" />
		<Point X = "83" Y = "159" T = "0" Pressure = "0" />
		<Point X = "83" Y = "158" T = "0" Pressure = "0" />
		<Point X = "83" Y = "157" T = "0" Pressure = "0" />
		<Point X = "83" Y = "156" T = "0" Pressure = "0" />
		<Point X = "83" Y = "155" T = "0" Pressure = "0" />
		<Point X = "83" Y = "154" T = "0" Pressure = "0" />
		<Point X = "83" Y = "153" T = "0" Pressure = "0" />
		<Point X = "82" Y = "153" T = "0" Pressure = "0" />
		<Point X = "82" Y = "152" T = "0" Pressure = "0" />
		<Point X = "82" Y = "151" T = "0" Pressure = "0" />
		<Point X = "81" Y = "150" T = "0" Pressure = "0" />
		<Point X = "81" Y = "149" T = "0" Pressure = "0" />
		<Point X = "80" Y = "149" T = "0" Pressure = "0" />
	</Stroke>
</Gesture>
