<?xml version="1.0" encoding="utf-8" standalone="yes"?>
<Gesture Name = "star">
	<Stroke>
		<Point X = "127" Y = "146" T = "0" Pressure = "0" />
		<Point X = "131" Y = "144" T = "0" Pressure = "0" />
		<Point X = "134" Y = "144" T = "0" Pressure = "0" />
		<Point X = "139" Y = "144" T = "0" Pressure = "0" />
		<Point X = "145" Y = "144" T = "0" Pressure = "0" />
		<Point X = "151" Y = "144" T = "0" Pressure = "0" />
		<Point X = "155" Y = "146" T = "0" Pressure = "0" />
		<Point X = "161" Y = "148" T = "0" Pressure = "0" />
		<Point X = "166" Y = "150" T = "0" Pressure = "0" />
		<Point X = "174" Y = "151" T = "0" Pressure = "0" />
		<Point X = "179" Y = "153" T = "0" Pressure = "0" />
		<Point X = "183" Y = "154" T = "0" Pressure = "0" />
		<Point X = "189" Y = "155" T = "0" Pressure = "0" />
		<Point X = "193" Y = "155" T = "0" Pressure = "0" />
		<Point X = "196" Y = "155" T = "0" Pressure = "0" />
		<Point X = "202" Y = "157" T = "0" Pressure = "0" />
		<Point X = "206" Y = "157" T = "0" Pressure = "0" />
		<Point X = "212" Y = "159" T = "0" Pressure = "0" />
		<Point X = "217" Y = "160" T = "0" Pressure = "0" />
		<Point X = "226" Y = "162" T = "0" Pressure = "0" />
		<Point X = "234" Y = "162" T = "0" Pressure = "0" />
		<Point X = "241" Y = "163" T = "0" Pressure = "0" />
		<Point X = "246" Y = "164" T = "0" Pressure = "0" />
		<Point X = "250" Y = "164" T = "0" Pressure = "0" />
		<Point X = "252" Y = "164" T = "0" Pressure = "0" />
		<Point X = "253" Y = "164" T = "0" Pressure = "0" />
		<Point X = "256" Y = "164" T = "0" Pressure = "0" />
		<Point X = "262" Y = "164" T = "0" Pressure = "0" />
		<Point X = "267" Y = "164" T = "0" Pressure = "0" />
		<Point X = "273" Y = "164" T = "0" Pressure = "0" />
		<Point X = "280" Y = "164" T = "0" Pressure = "0" />
		<Point X = "284" Y = "164" T = "0" Pressure = "0" />
		<Point X = "288" Y = "164" T = "0" Pressure = "0" />
		<Point X = "289" Y = "164" T = "0" Pressure = "0" />
		<Point X = "292" Y = "164" T = "0" Pressure = "0" />
		<Point X = "292" Y = "166" T = "0" Pressure = "0" />
		<Point X = "290" Y = "167" T = "0" Pressure = "0" />
		<Point X = "287" Y = "171" T = "0" Pressure = "0" />
		<Point X = "285" Y = "172" T = "0" Pressure = "0" />
		<Point X = "281" Y = "176" T = "0" Pressure = "0" />
		<Point X = "279" Y = "176" T = "0" Pressure = "0" />
		<Point X = "276" Y = "179" T = "0" Pressure = "0" />
		<Point X = "273" Y = "181" T = "0" Pressure = "0" />
		<Point X = "270" Y = "183" T = "0" Pressure = "0" />
		<Point X = "266" Y = "186" T = "0" Pressure = "0" />
		<Point X = "262" Y = "187" T = "0" Pressure = "0" />
		<Point X = "258" Y = "190" T = "0" Pressure = "0" />
		<Point X = "255" Y = "193" T = "0" Pressure = "0" />
		<Point X = "251" Y = "194" T = "0" Pressure = "0" />
		<Point X = "249" Y = "195" T = "0" Pressure = "0" />
		<Point X = "247" Y = "197" T = "0" Pressure = "0" />
		<Point X = "245" Y = "198" T = "0" Pressure = "0" />
		<Point X = "241" Y = "200" T = "0" Pressure = "0" />
		<Point X = "239" Y = "201" T = "0" Pressure = "0" />
		<Point X = "233" Y = "204" T = "0" Pressure = "0" />
		<Point X = "228" Y = "207" T = "0" Pressure = "0" />
		<Point X = "222" Y = "210" T = "0" Pressure = "0" />
		<Point X = "212" Y = "213" T = "0" Pressure = "0" />
		<Point X = "206" Y = "215" T = "0" Pressure = "0" />
		<Point X = "198" Y = "220" T = "0" Pressure = "0" />
		<Point X = "192" Y = "222" T = "0" Pressure = "0" />
		<Point X = "187" Y = "225" T = "0" Pressure = "0" />
		<Point X = "184" Y = "226" T = "0" Pressure = "0" />
		<Point X = "180" Y = "227" T = "0" Pressure = "0" />
		<Point X = "179" Y = "228" T = "0" Pressure = "0" />
		<Point X = "177" Y = "229" T = "0" Pressure = "0" />
		<Point X = "174" Y = "231" T = "0" Pressure = "0" />
		<Point X = "173" Y = "232" T = "0" Pressure = "0" />
		<Point X = "171" Y = "233" T = "0" Pressure = "0" />
		<Point X = "168" Y = "234" T = "0" Pressure = "0" />
		<Point X = "163" Y = "237" T = "0" Pressure = "0" />
		<Point X = "161" Y = "237" T = "0" Pressure = "0" />
		<Point X = "158" Y = "238" T = "0" Pressure = "0" />
		<Point X = "156" Y = "239" T = "0" Pressure = "0" />
		<Point X = "153" Y = "240" T = "0" Pressure = "0" />
		<Point X = "151" Y = "241" T = "0" Pressure = "0" />
		<Point X = "148" Y = "242" T = "0" Pressure = "0" />
		<Point X = "145" Y = "243" T = "0" Pressure = "0" />
		<Point X = "143" Y = "245" T = "0" Pressure = "0" />
		<Point X = "141" Y = "246" T = "0" Pressure = "0" />
		<Point X = "139" Y = "247" T = "0" Pressure = "0" />
		<Point X = "139" Y = "248" T = "0" Pressure = "0" />
		<Point X = "137" Y = "249" T = "0" Pressure = "0" />
		<Point X = "139" Y = "249" T = "0" Pressure = "0" />
		<Point X = "140" Y = "249" T = "0" Pressure = "0" />
		<Point X = "141" Y = "249" T = "0" Pressure = "0" />
		<Point X = "142" Y = "249" T = "0" Pressure = "0" />
		<Point X = "142" Y = "248" T = "0" Pressure = "0" />
		<Point X = "143" Y = "248" T = "0" Pressure = "0" />
		<Point X = "145" Y = "247" T = "0" Pressure = "0" />
		<Point X = "147" Y = "245" T = "0" Pressure = "0" />
		<Point X = "148" Y = "243" T = "0" Pressure = "0" />
		<Point X = "150" Y = "241" T = "0" Pressure = "0" />
		<Point X = "152" Y = "238" T = "0" Pressure = "0" />
		<Point X = "155" Y = "234" T = "0" Pressure = "0" />
		<Point X = "159" Y = "228" T = "0" Pressure = "0" />
		<Point X = "162" Y = "221" T = "0" Pressure = "0" />
		<Point X = "166" Y = "212" T = "0" Pressure = "0" />
		<Point X = "172" Y = "203" T = "0" Pressure = "0" />
		<Point X = "176" Y = "194" T = "0" Pressure = "0" />
		<Point X = "178" Y = "186" T = "0" Pressure = "0" />
		<Point X = "183" Y = "178" T = "0" Pressure = "0" />
		<Point X = "186" Y = "171" T = "0" Pressure = "0" />
		<Point X = "189" Y = "166" T = "0" Pressure = "0" />
		<Point X = "192" Y = "160" T = "0" Pressure = "0" />
		<Point X = "192" Y = "156" T = "0" Pressure = "0" />
		<Point X = "195" Y = "151" T = "0" Pressure = "0" />
		<Point X = "196" Y = "149" T = "0" Pressure = "0" />
		<Point X = "198" Y = "145" T = "0" Pressure = "0" />
		<Point X = "198" Y = "141" T = "0" Pressure = "0" />
		<Point X = "199" Y = "138" T = "0" Pressure = "0" />
		<Point X = "200" Y = "135" T = "0" Pressure = "0" />
		<Point X = "201" Y = "133" T = "0" Pressure = "0" />
		<Point X = "201" Y = "131" T = "0" Pressure = "0" />
		<Point X = "202" Y = "129" T = "0" Pressure = "0" />
		<Point X = "203" Y = "126" T = "0" Pressure = "0" />
		<Point X = "203" Y = "125" T = "0" Pressure = "0" />
		<Point X = "204" Y = "123" T = "0" Pressure = "0" />
		<Point X = "205" Y = "120" T = "0" Pressure = "0" />
		<Point X = "206" Y = "118" T = "0" Pressure = "0" />
		<Point X = "206" Y = "115" T = "0" Pressure = "0" />
		<Point X = "207" Y = "111" T = "0" Pressure = "0" />
		<Point X = "208" Y = "106" T = "0" Pressure = "0" />
		<Point X = "209" Y = "102" T = "0" Pressure = "0" />
		<Point X = "210" Y = "99" T = "0" Pressure = "0" />
		<Point X = "212" Y = "95" T = "0" Pressure = "0" />
		<Point X = "212" Y = "94" T = "0" Pressure = "0" />
		<Point X = "214" Y = "89" T = "0" Pressure = "0" />
		<Point X = "215" Y = "88" T = "0" Pressure = "0" />
		<Point X = "215" Y = "87" T = "0" Pressure = "0" />
		<Point X = "216" Y = "86" T = "0" Pressure = "0" />
		<Point X = "216" Y = "85" T = "0" Pressure = "0" />
		<Point X = "217" Y = "84" T = "0" Pressure = "0" />
		<Point X = "217" Y = "82" T = "0" Pressure = "0" />
		<Point X = "219" Y = "81" T = "0" Pressure = "0" />
		<Point X = "219" Y = "80" T = "0" Pressure = "0" />
		<Point X = "220" Y = "78" T = "0" Pressure = "0" />
		<Point X = "220" Y = "79" T = "0" Pressure = "0" />
		<Point X = "220" Y = "80" T = "0" Pressure = "0" />
		<Point X = "220" Y = "83" T = "0" Pressure = "0" />
		<Point X = "221" Y = "84" T = "0" Pressure = "0" />
		<Point X = "222" Y = "89" T = "0" Pressure = "0" />
		<Point X = "224" Y = "92" T = "0" Pressure = "0" />
		<Point X = "228" Y = "98" T = "0" Pressure = "0" />
		<Point X = "232" Y = "104" T = "0" Pressure = "0" />
		<Point X = "235" Y = "108" T = "0" Pressure = "0" />
		<Point X = "240" Y = "116" T = "0" Pressure = "0" />
		<Point X = "245" Y = "123" T = "0" Pressure = "0" />
		<Point X = "247" Y = "128" T = "0" Pressure = "0" />
		<Point X = "250" Y = "134" T = "0" Pressure = "0" />
		<Point X = "253" Y = "139" T = "0" Pressure = "0" />
		<Point X = "254" Y = "143" T = "0" Pressure = "0" />
		<Point X = "257" Y = "150" T = "0" Pressure = "0" />
		<Point X = "259" Y = "155" T = "0" Pressure = "0" />
		<Point X = "262" Y = "161" T = "0" Pressure = "0" />
		<Point X = "264" Y = "167" T = "0" Pressure = "0" />
		<Point X = "267" Y = "173" T = "0" Pressure = "0" />
		<Point X = "268" Y = "177" T = "0" Pressure = "0" />
		<Point X = "269" Y = "184" T = "0" Pressure = "0" />
		<Point X = "270" Y = "189" T = "0" Pressure = "0" />
		<Point X = "274" Y = "194" T = "0" Pressure = "0" />
		<Point X = "274" Y = "198" T = "0" Pressure = "0" />
		<Point X = "274" Y = "201" T = "0" Pressure = "0" />
		<Point X = "274" Y = "204" T = "0" Pressure = "0" />
		<Point X = "275" Y = "208" T = "0" Pressure = "0" />
		<Point X = "275" Y = "213" T = "0" Pressure = "0" />
		<Point X = "275" Y = "217" T = "0" Pressure = "0" />
		<Point X = "276" Y = "220" T = "0" Pressure = "0" />
		<Point X = "276" Y = "223" T = "0" Pressure = "0" />
		<Point X = "276" Y = "226" T = "0" Pressure = "0" />
		<Point X = "277" Y = "228" T = "0" Pressure = "0" />
		<Point X = "277" Y = "231" T = "0" Pressure = "0" />
		<Point X = "278" Y = "232" T = "0" Pressure = "0" />
		<Point X = "278" Y = "234" T = "0" Pressure = "0" />
		<Point X = "278" Y = "237" T = "0" Pressure = "0" />
		<Point X = "278" Y = "239" T = "0" Pressure = "0" />
		<Point X = "278" Y = "240" T = "0" Pressure = "0" />
		<Point X = "278" Y = "241" T = "0" Pressure = "0" />
		<Point X = "278" Y = "244" T = "0" Pressure = "0" />
		<Point X = "278" Y = "246" T = "0" Pressure = "0" />
		<Point X = "278" Y = "249" T = "0" Pressure = "0" />
		<Point X = "278" Y = "252" T = "0" Pressure = "0" />
		<Point X = "278" Y = "253" T = "0" Pressure = "0" />
		<Point X = "279" Y = "256" T = "0" Pressure = "0" />
		<Point X = "279" Y = "259" T = "0" Pressure = "0" />
		<Point X = "280" Y = "260" T = "0" Pressure = "0" />
		<Point X = "280" Y = "261" T = "0" Pressure = "0" />
		<Point X = "280" Y = "262" T = "0" Pressure = "0" />
		<Point X = "280" Y = "263" T = "0" Pressure = "0" />
		<Point X = "280" Y = "264" T = "0" Pressure = "0" />
		<Point X = "280" Y = "265" T = "0" Pressure = "0" />
		<Point X = "280" Y = "266" T = "0" Pressure = "0" />
		<Point X = "280" Y = "267" T = "0" Pressure = "0" />
		<Point X = "279" Y = "267" T = "0" Pressure = "0" />
		<Point X = "277" Y = "267" T = "0" Pressure = "0" />
		<Point X = "275" Y = "267" T = "0" Pressure = "0" />
		<Point X = "272" Y = "267" T = "0" Pressure = "0" />
		<Point X = "270" Y = "265" T = "0" Pressure = "0" />
		<Point X = "266" Y = "263" T = "0" Pressure = "0" />
		<Point X = "262" Y = "260" T = "0" Pressure = "0" />
		<Point X = "258" Y = "256" T = "0" Pressure = "0" />
		<Point X = "250" Y = "251" T = "0" Pressure = "0" />
		<Point X = "245" Y = "247" T = "0" Pressure = "0" />
		<Point X = "240" Y = "243" T = "0" Pressure = "0" />
		<Point X = "236" Y = "239" T = "0" Pressure = "0" />
		<Point X = "233" Y = "235" T = "0" Pressure = "0" />
		<Point X = "227" Y = "230" T = "0" Pressure = "0" />
		<Point X = "223" Y = "226" T = "0" Pressure = "0" />
		<Point X = "217" Y = "223" T = "0" Pressure = "0" />
		<Point X = "210" Y = "218" T = "0" Pressure = "0" />
		<Point X = "206" Y = "215" T = "0" Pressure = "0" />
		<Point X = "202" Y = "212" T = "0" Pressure = "0" />
		<Point X = "196" Y = "207" T = "0" Pressure = "0" />
		<Point X = "194" Y = "206" T = "0" Pressure = "0" />
		<Point X = "191" Y = "204" T = "0" Pressure = "0" />
		<Point X = "189" Y = "201" T = "0" Pressure = "0" />
		<Point X = "188" Y = "200" T = "0" Pressure = "0" />
		<Point X = "185" Y = "195" T = "0" Pressure = "0" />
		<Point X = "182" Y = "193" T = "0" Pressure = "0" />
		<Point X = "179" Y = "189" T = "0" Pressure = "0" />
		<Point X = "176" Y = "184" T = "0" Pressure = "0" />
		<Point X = "175" Y = "181" T = "0" Pressure = "0" />
		<Point X = "171" Y = "175" T = "0" Pressure = "0" />
		<Point X = "169" Y = "172" T = "0" Pressure = "0" />
		<Point X = "167" Y = "169" T = "0" Pressure = "0" />
		<Point X = "165" Y = "166" T = "0" Pressure = "0" />
		<Point X = "162" Y = "163" T = "0" Pressure = "0" />
		<Point X = "162" Y = "161" T = "0" Pressure = "0" />
		<Point X = "158" Y = "157" T = "0" Pressure = "0" />
		<Point X = "157" Y = "155" T = "0" Pressure = "0" />
		<Point X = "157" Y = "154" T = "0" Pressure = "0" />
		<Point X = "154" Y = "150" T = "0" Pressure = "0" />
		<Point X = "153" Y = "149" T = "0" Pressure = "0" />
		<Point X = "153" Y = "148" T = "0" Pressure = "0" />
		<Point X = "152" Y = "148" T = "0" Pressure = "0" />
		<Point X = "151" Y = "147" T = "0" Pressure = "0" />
		<Point X = "150" Y = "147" T = "0" Pressure = "0" />
		<Point X = "149" Y = "146" T = "0" Pressure = "0" />
		<Point X = "148" Y = "144" T = "0" Pressure = "0" />
		<Point X = "146" Y = "143" T = "0" Pressure = "0" />
		<Point X = "145" Y = "142" T = "0" Pressure = "0" />
		<Point X = "143" Y = "138" T = "0" Pressure = "0" />
		<Point X = "141" Y = "136" T = "0" Pressure = "0" />
	</Stroke>
</Gesture>
