<?xml version="1.0" encoding="utf-8" standalone="yes"?>
<Gesture Name = "star">
	<Stroke>
		<Point X = "182" Y = "90" T = "0" Pressure = "0" />
		<Point X = "182" Y = "89" T = "0" Pressure = "0" />
		<Point X = "184" Y = "89" T = "0" Pressure = "0" />
		<Point X = "187" Y = "89" T = "0" Pressure = "0" />
		<Point X = "190" Y = "89" T = "0" Pressure = "0" />
		<Point X = "193" Y = "89" T = "0" Pressure = "0" />
		<Point X = "197" Y = "89" T = "0" Pressure = "0" />
		<Point X = "201" Y = "89" T = "0" Pressure = "0" />
		<Point X = "207" Y = "89" T = "0" Pressure = "0" />
		<Point X = "214" Y = "89" T = "0" Pressure = "0" />
		<Point X = "223" Y = "89" T = "0" Pressure = "0" />
		<Point X = "231" Y = "89" T = "0" Pressure = "0" />
		<Point X = "242" Y = "89" T = "0" Pressure = "0" />
		<Point X = "252" Y = "89" T = "0" Pressure = "0" />
		<Point X = "260" Y = "89" T = "0" Pressure = "0" />
		<Point X = "266" Y = "89" T = "0" Pressure = "0" />
		<Point X = "270" Y = "89" T = "0" Pressure = "0" />
		<Point X = "273" Y = "89" T = "0" Pressure = "0" />
		<Point X = "276" Y = "89" T = "0" Pressure = "0" />
		<Point X = "279" Y = "89" T = "0" Pressure = "0" />
		<Point X = "281" Y = "89" T = "0" Pressure = "0" />
		<Point X = "284" Y = "89" T = "0" Pressure = "0" />
		<Point X = "286" Y = "89" T = "0" Pressure = "0" />
		<Point X = "288" Y = "89" T = "0" Pressure = "0" />
		<Point X = "291" Y = "89" T = "0" Pressure = "0" />
		<Point X = "294" Y = "89" T = "0" Pressure = "0" />
		<Point X = "295" Y = "89" T = "0" Pressure = "0" />
		<Point X = "299" Y = "89" T = "0" Pressure = "0" />
		<Point X = "305" Y = "89" T = "0" Pressure = "0" />
		<Point X = "310" Y = "89" T = "0" Pressure = "0" />
		<Point X = "317" Y = "89" T = "0" Pressure = "0" />
		<Point X = "321" Y = "89" T = "0" Pressure = "0" />
		<Point X = "325" Y = "89" T = "0" Pressure = "0" />
		<Point X = "326" Y = "89" T = "0" Pressure = "0" />
		<Point X = "327" Y = "90" T = "0" Pressure = "0" />
		<Point X = "327" Y = "91" T = "0" Pressure = "0" />
		<Point X = "327" Y = "94" T = "0" Pressure = "0" />
		<Point X = "327" Y = "97" T = "0" Pressure = "0" />
		<Point X = "326" Y = "99" T = "0" Pressure = "0" />
		<Point X = "325" Y = "101" T = "0" Pressure = "0" />
		<Point X = "324" Y = "103" T = "0" Pressure = "0" />
		<Point X = "322" Y = "107" T = "0" Pressure = "0" />
		<Point X = "321" Y = "107" T = "0" Pressure = "0" />
		<Point X = "320" Y = "109" T = "0" Pressure = "0" />
		<Point X = "318" Y = "112" T = "0" Pressure = "0" />
		<Point X = "316" Y = "114" T = "0" Pressure = "0" />
		<Point X = "315" Y = "117" T = "0" Pressure = "0" />
		<Point X = "312" Y = "119" T = "0" Pressure = "0" />
		<Point X = "309" Y = "123" T = "0" Pressure = "0" />
		<Point X = "307" Y = "124" T = "0" Pressure = "0" />
		<Point X = "305" Y = "128" T = "0" Pressure = "0" />
		<Point X = "302" Y = "129" T = "0" Pressure = "0" />
		<Point X = "299" Y = "132" T = "0" Pressure = "0" />
		<Point X = "298" Y = "132" T = "0" Pressure = "0" />
		<Point X = "297" Y = "133" T = "0" Pressure = "0" />
		<Point X = "295" Y = "135" T = "0" Pressure = "0" />
		<Point X = "293" Y = "136" T = "0" Pressure = "0" />
		<Point X = "290" Y = "138" T = "0" Pressure = "0" />
		<Point X = "287" Y = "141" T = "0" Pressure = "0" />
		<Point X = "286" Y = "142" T = "0" Pressure = "0" />
		<Point X = "283" Y = "144" T = "0" Pressure = "0" />
		<Point X = "278" Y = "148" T = "0" Pressure = "0" />
		<Point X = "276" Y = "151" T = "0" Pressure = "0" />
		<Point X = "272" Y = "153" T = "0" Pressure = "0" />
		<Point X = "271" Y = "156" T = "0" Pressure = "0" />
		<Point X = "269" Y = "157" T = "0" Pressure = "0" />
		<Point X = "267" Y = "159" T = "0" Pressure = "0" />
		<Point X = "265" Y = "160" T = "0" Pressure = "0" />
		<Point X = "262" Y = "162" T = "0" Pressure = "0" />
		<Point X = "261" Y = "163" T = "0" Pressure = "0" />
		<Point X = "260" Y = "165" T = "0" Pressure = "0" />
		<Point X = "257" Y = "166" T = "0" Pressure = "0" />
		<Point X = "256" Y = "168" T = "0" Pressure = "0" />
		<Point X = "254" Y = "168" T = "0" Pressure = "0" />
		<Point X = "253" Y = "170" T = "0" Pressure = "0" />
		<Point X = "252" Y = "171" T = "0" Pressure = "0" />
		<Point X = "249" Y = "174" T = "0" Pressure = "0" />
		<Point X = "248" Y = "175" T = "0" Pressure = "0" />
		<Point X = "246" Y = "176" T = "0" Pressure = "0" />
		<Point X = "245" Y = "179" T = "0" Pressure = "0" />
		<Point X = "243" Y = "180" T = "0" Pressure = "0" />
		<Point X = "243" Y = "181" T = "0" Pressure = "0" />
		<Point X = "242" Y = "181" T = "0" Pressure = "0" />
		<Point X = "241" Y = "183" T = "0" Pressure = "0" />
		<Point X = "239" Y = "184" T = "0" Pressure = "0" />
		<Point X = "239" Y = "185" T = "0" Pressure = "0" />
		<Point X = "238" Y = "185" T = "0" Pressure = "0" />
		<Point X = "238" Y = "186" T = "0" Pressure = "0" />
		<Point X = "236" Y = "187" T = "0" Pressure = "0" />
		<Point X = "234" Y = "188" T = "0" Pressure = "0" />
		<Point X = "233" Y = "189" T = "0" Pressure = "0" />
		<Point X = "231" Y = "189" T = "0" Pressure = "0" />
		<Point X = "230" Y = "191" T = "0" Pressure = "0" />
		<Point X = "228" Y = "191" T = "0" Pressure = "0" />
		<Point X = "227" Y = "192" T = "0" Pressure = "0" />
		<Point X = "226" Y = "192" T = "0" Pressure = "0" />
		<Point X = "226" Y = "193" T = "0" Pressure = "0" />
		<Point X = "224" Y = "194" T = "0" Pressure = "0" />
		<Point X = "223" Y = "195" T = "0" Pressure = "0" />
		<Point X = "222" Y = "195" T = "0" Pressure = "0" />
		<Point X = "221" Y = "195" T = "0" Pressure = "0" />
		<Point X = "220" Y = "196" T = "0" Pressure = "0" />
		<Point X = "218" Y = "198" T = "0" Pressure = "0" />
		<Point X = "216" Y = "198" T = "0" Pressure = "0" />
		<Point X = "214" Y = "199" T = "0" Pressure = "0" />
		<Point X = "213" Y = "199" T = "0" Pressure = "0" />
		<Point X = "212" Y = "199" T = "0" Pressure = "0" />
		<Point X = "212" Y = "198" T = "0" Pressure = "0" />
		<Point X = "212" Y = "194" T = "0" Pressure = "0" />
		<Point X = "213" Y = "188" T = "0" Pressure = "0" />
		<Point X = "215" Y = "182" T = "0" Pressure = "0" />
		<Point X = "216" Y = "176" T = "0" Pressure = "0" />
		<Point X = "218" Y = "170" T = "0" Pressure = "0" />
		<Point X = "219" Y = "165" T = "0" Pressure = "0" />
		<Point X = "219" Y = "156" T = "0" Pressure = "0" />
		<Point X = "219" Y = "151" T = "0" Pressure = "0" />
		<Point X = "219" Y = "145" T = "0" Pressure = "0" />
		<Point X = "219" Y = "142" T = "0" Pressure = "0" />
		<Point X = "219" Y = "139" T = "0" Pressure = "0" />
		<Point X = "219" Y = "136" T = "0" Pressure = "0" />
		<Point X = "219" Y = "133" T = "0" Pressure = "0" />
		<Point X = "219" Y = "130" T = "0" Pressure = "0" />
		<Point X = "219" Y = "127" T = "0" Pressure = "0" />
		<Point X = "219" Y = "123" T = "0" Pressure = "0" />
		<Point X = "219" Y = "120" T = "0" Pressure = "0" />
		<Point X = "219" Y = "117" T = "0" Pressure = "0" />
		<Point X = "219" Y = "114" T = "0" Pressure = "0" />
		<Point X = "219" Y = "111" T = "0" Pressure = "0" />
		<Point X = "219" Y = "110" T = "0" Pressure = "0" />
		<Point X = "219" Y = "108" T = "0" Pressure = "0" />
		<Point X = "219" Y = "105" T = "0" Pressure = "0" />
		<Point X = "220" Y = "103" T = "0" Pressure = "0" />
		<Point X = "221" Y = "102" T = "0" Pressure = "0" />
		<Point X = "221" Y = "99" T = "0" Pressure = "0" />
		<Point X = "222" Y = "97" T = "0" Pressure = "0" />
		<Point X = "223" Y = "96" T = "0" Pressure = "0" />
		<Point X = "224" Y = "92" T = "0" Pressure = "0" />
		<Point X = "224" Y = "90" T = "0" Pressure = "0" />
		<Point X = "226" Y = "84" T = "0" Pressure = "0" />
		<Point X = "227" Y = "82" T = "0" Pressure = "0" />
		<Point X = "228" Y = "78" T = "0" Pressure = "0" />
		<Point X = "231" Y = "73" T = "0" Pressure = "0" />
		<Point X = "231" Y = "71" T = "0" Pressure = "0" />
		<Point X = "232" Y = "66" T = "0" Pressure = "0" />
		<Point X = "233" Y = "62" T = "0" Pressure = "0" />
		<Point X = "235" Y = "59" T = "0" Pressure = "0" />
		<Point X = "236" Y = "57" T = "0" Pressure = "0" />
		<Point X = "236" Y = "54" T = "0" Pressure = "0" />
		<Point X = "236" Y = "51" T = "0" Pressure = "0" />
		<Point X = "237" Y = "50" T = "0" Pressure = "0" />
		<Point X = "238" Y = "48" T = "0" Pressure = "0" />
		<Point X = "238" Y = "46" T = "0" Pressure = "0" />
		<Point X = "239" Y = "45" T = "0" Pressure = "0" />
		<Point X = "240" Y = "43" T = "0" Pressure = "0" />
		<Point X = "240" Y = "41" T = "0" Pressure = "0" />
		<Point X = "240" Y = "40" T = "0" Pressure = "0" />
		<Point X = "242" Y = "38" T = "0" Pressure = "0" />
		<Point X = "242" Y = "37" T = "0" Pressure = "0" />
		<Point X = "242" Y = "36" T = "0" Pressure = "0" />
		<Point X = "242" Y = "35" T = "0" Pressure = "0" />
		<Point X = "242" Y = "34" T = "0" Pressure = "0" />
		<Point X = "242" Y = "33" T = "0" Pressure = "0" />
		<Point X = "243" Y = "32" T = "0" Pressure = "0" />
		<Point X = "243" Y = "31" T = "0" Pressure = "0" />
		<Point X = "244" Y = "31" T = "0" Pressure = "0" />
		<Point X = "244" Y = "29" T = "0" Pressure = "0" />
		<Point X = "245" Y = "27" T = "0" Pressure = "0" />
		<Point X = "246" Y = "27" T = "0" Pressure = "0" />
		<Point X = "246" Y = "26" T = "0" Pressure = "0" />
		<Point X = "246" Y = "25" T = "0" Pressure = "0" />
		<Point X = "247" Y = "24" T = "0" Pressure = "0" />
		<Point X = "248" Y = "23" T = "0" Pressure = "0" />
		<Point X = "248" Y = "22" T = "0" Pressure = "0" />
		<Point X = "248" Y = "21" T = "0" Pressure = "0" />
		<Point X = "249" Y = "20" T = "0" Pressure = "0" />
		<Point X = "250" Y = "21" T = "0" Pressure = "0" />
		<Point X = "252" Y = "24" T = "0" Pressure = "0" />
		<Point X = "254" Y = "28" T = "0" Pressure = "0" />
		<Point X = "257" Y = "31" T = "0" Pressure = "0" />
		<Point X = "258" Y = "35" T = "0" Pressure = "0" />
		<Point X = "261" Y = "40" T = "0" Pressure = "0" />
		<Point X = "262" Y = "42" T = "0" Pressure = "0" />
		<Point X = "264" Y = "45" T = "0" Pressure = "0" />
		<Point X = "265" Y = "47" T = "0" Pressure = "0" />
		<Point X = "267" Y = "50" T = "0" Pressure = "0" />
		<Point X = "269" Y = "53" T = "0" Pressure = "0" />
		<Point X = "272" Y = "57" T = "0" Pressure = "0" />
		<Point X = "273" Y = "59" T = "0" Pressure = "0" />
		<Point X = "275" Y = "63" T = "0" Pressure = "0" />
		<Point X = "277" Y = "66" T = "0" Pressure = "0" />
		<Point X = "278" Y = "68" T = "0" Pressure = "0" />
		<Point X = "279" Y = "71" T = "0" Pressure = "0" />
		<Point X = "281" Y = "73" T = "0" Pressure = "0" />
		<Point X = "282" Y = "78" T = "0" Pressure = "0" />
		<Point X = "283" Y = "80" T = "0" Pressure = "0" />
		<Point X = "286" Y = "84" T = "0" Pressure = "0" />
		<Point X = "286" Y = "87" T = "0" Pressure = "0" />
		<Point X = "287" Y = "88" T = "0" Pressure = "0" />
		<Point X = "290" Y = "91" T = "0" Pressure = "0" />
		<Point X = "290" Y = "93" T = "0" Pressure = "0" />
		<Point X = "290" Y = "95" T = "0" Pressure = "0" />
		<Point X = "290" Y = "97" T = "0" Pressure = "0" />
		<Point X = "291" Y = "98" T = "0" Pressure = "0" />
		<Point X = "291" Y = "99" T = "0" Pressure = "0" />
		<Point X = "292" Y = "101" T = "0" Pressure = "0" />
		<Point X = "293" Y = "104" T = "0" Pressure = "0" />
		<Point X = "293" Y = "106" T = "0" Pressure = "0" />
		<Point X = "294" Y = "108" T = "0" Pressure = "0" />
		<Point X = "294" Y = "112" T = "0" Pressure = "0" />
		<Point X = "295" Y = "115" T = "0" Pressure = "0" />
		<Point X = "295" Y = "119" T = "0" Pressure = "0" />
		<Point X = "297" Y = "125" T = "0" Pressure = "0" />
		<Point X = "297" Y = "127" T = "0" Pressure = "0" />
		<Point X = "297" Y = "130" T = "0" Pressure = "0" />
		<Point X = "297" Y = "133" T = "0" Pressure = "0" />
		<Point X = "297" Y = "135" T = "0" Pressure = "0" />
		<Point X = "297" Y = "137" T = "0" Pressure = "0" />
		<Point X = "297" Y = "138" T = "0" Pressure = "0" />
		<Point X = "297" Y = "141" T = "0" Pressure = "0" />
		<Point X = "298" Y = "145" T = "0" Pressure = "0" />
		<Point X = "299" Y = "146" T = "0" Pressure = "0" />
		<Point X = "301" Y = "149" T = "0" Pressure = "0" />
		<Point X = "301" Y = "152" T = "0" Pressure = "0" />
		<Point X = "301" Y = "155" T = "0" Pressure = "0" />
		<Point X = "301" Y = "157" T = "0" Pressure = "0" />
		<Point X = "302" Y = "159" T = "0" Pressure = "0" />
		<Point X = "302" Y = "160" T = "0" Pressure = "0" />
		<Point X = "303" Y = "162" T = "0" Pressure = "0" />
		<Point X = "303" Y = "163" T = "0" Pressure = "0" />
		<Point X = "304" Y = "164" T = "0" Pressure = "0" />
		<Point X = "305" Y = "168" T = "0" Pressure = "0" />
		<Point X = "306" Y = "170" T = "0" Pressure = "0" />
		<Point X = "307" Y = "172" T = "0" Pressure = "0" />
		<Point X = "307" Y = "173" T = "0" Pressure = "0" />
		<Point X = "307" Y = "174" T = "0" Pressure = "0" />
		<Point X = "308" Y = "175" T = "0" Pressure = "0" />
		<Point X = "308" Y = "177" T = "0" Pressure = "0" />
		<Point X = "309" Y = "178" T = "0" Pressure = "0" />
		<Point X = "309" Y = "181" T = "0" Pressure = "0" />
		<Point X = "309" Y = "182" T = "0" Pressure = "0" />
		<Point X = "310" Y = "184" T = "0" Pressure = "0" />
		<Point X = "311" Y = "186" T = "0" Pressure = "0" />
		<Point X = "311" Y = "187" T = "0" Pressure = "0" />
		<Point X = "311" Y = "188" T = "0" Pressure = "0" />
		<Point X = "311" Y = "189" T = "0" Pressure = "0" />
		<Point X = "311" Y = "190" T = "0" Pressure = "0" />
		<Point X = "311" Y = "192" T = "0" Pressure = "0" />
		<Point X = "311" Y = "194" T = "0" Pressure = "0" />
		<Point X = "311" Y = "196" T = "0" Pressure = "0" />
		<Point X = "312" Y = "196" T = "0" Pressure = "0" />
		<Point X = "312" Y = "197" T = "0" Pressure = "0" />
		<Point X = "312" Y = "198" T = "0" Pressure = "0" />
		<Point X = "312" Y = "199" T = "0" Pressure = "0" />
		<Point X = "313" Y = "200" T = "0" Pressure = "0" />
		<Point X = "313" Y = "201" T = "0" Pressure = "0" />
		<Point X = "313" Y = "202" T = "0" Pressure = "0" />
		<Point X = "312" Y = "202" T = "0" Pressure = "0" />
		<Point X = "311" Y = "202" T = "0" Pressure = "0" />
		<Point X = "309" Y = "202" T = "0" Pressure = "0" />
		<Point X = "308" Y = "202" T = "0" Pressure = "0" />
		<Point X = "305" Y = "202" T = "0" Pressure = "0" />
		<Point X = "304" Y = "202" T = "0" Pressure = "0" />
		<Point X = "301" Y = "202" T = "0" Pressure = "0" />
		<Point X = "297" Y = "200" T = "0" Pressure = "0" />
		<Point X = "296" Y = "199" T = "0" Pressure = "0" />
		<Point X = "293" Y = "198" T = "0" Pressure = "0" />
		<Point X = "290" Y = "195" T = "0" Pressure = "0" />
		<Point X = "288" Y = "194" T = "0" Pressure = "0" />
		<Point X = "286" Y = "192" T = "0" Pressure = "0" />
		<Point X = "284" Y = "191" T = "0" Pressure = "0" />
		<Point X = "281" Y = "188" T = "0" Pressure = "0" />
		<Point X = "278" Y = "186" T = "0" Pressure = "0" />
		<Point X = "277" Y = "186" T = "0" Pressure = "0" />
		<Point X = "272" Y = "184" T = "0" Pressure = "0" />
		<Point X = "270" Y = "183" T = "0" Pressure = "0" />
		<Point X = "269" Y = "183" T = "0" Pressure = "0" />
		<Point X = "268" Y = "182" T = "0" Pressure = "0" />
		<Point X = "266" Y = "180" T = "0" Pressure = "0" />
		<Point X = "265" Y = "179" T = "0" Pressure = "0" />
		<Point X = "263" Y = "177" T = "0" Pressure = "0" />
		<Point X = "262" Y = "176" T = "0" Pressure = "0" />
		<Point X = "260" Y = "174" T = "0" Pressure = "0" />
		<Point X = "259" Y = "173" T = "0" Pressure = "0" />
		<Point X = "258" Y = "170" T = "0" Pressure = "0" />
		<Point X = "257" Y = "170" T = "0" Pressure = "0" />
		<Point X = "255" Y = "168" T = "0" Pressure = "0" />
		<Point X = "255" Y = "167" T = "0" Pressure = "0" />
		<Point X = "253" Y = "164" T = "0" Pressure = "0" />
		<Point X = "251" Y = "163" T = "0" Pressure = "0" />
		<Point X = "249" Y = "160" T = "0" Pressure = "0" />
		<Point X = "247" Y = "158" T = "0" Pressure = "0" />
		<Point X = "246" Y = "157" T = "0" Pressure = "0" />
		<Point X = "245" Y = "155" T = "0" Pressure = "0" />
		<Point X = "244" Y = "155" T = "0" Pressure = "0" />
		<Point X = "242" Y = "153" T = "0" Pressure = "0" />
		<Point X = "242" Y = "152" T = "0" Pressure = "0" />
		<Point X = "241" Y = "151" T = "0" Pressure = "0" />
		<Point X = "240" Y = "149" T = "0" Pressure = "0" />
		<Point X = "238" Y = "146" T = "0" Pressure = "0" />
		<Point X = "236" Y = "144" T = "0" Pressure = "0" />
		<Point X = "233" Y = "139" T = "0" Pressure = "0" />
		<Point X = "230" Y = "135" T = "0" Pressure = "0" />
		<Point X = "228" Y = "133" T = "0" Pressure = "0" />
		<Point X = "226" Y = "131" T = "0" Pressure = "0" />
		<Point X = "225" Y = "129" T = "0" Pressure = "0" />
		<Point X = "224" Y = "128" T = "0" Pressure = "0" />
		<Point X = "224" Y = "126" T = "0" Pressure = "0" />
		<Point X = "223" Y = "125" T = "0" Pressure = "0" />
		<Point X = "222" Y = "124" T = "0" Pressure = "0" />
		<Point X = "222" Y = "123" T = "0" Pressure = "0" />
		<Point X = "221" Y = "122" T = "0" Pressure = "0" />
		<Point X = "220" Y = "121" T = "0" Pressure = "0" />
		<Point X = "218" Y = "119" T = "0" Pressure = "0" />
		<Point X = "216" Y = "118" T = "0" Pressure = "0" />
		<Point X = "215" Y = "116" T = "0" Pressure = "0" />
		<Point X = "214" Y = "116" T = "0" Pressure = "0" />
		<Point X = "213" Y = "115" T = "0" Pressure = "0" />
		<Point X = "212" Y = "114" T = "0" Pressure = "0" />
		<Point X = "210" Y = "114" T = "0" Pressure = "0" />
		<Point X = "208" Y = "113" T = "0" Pressure = "0" />
		<Point X = "206" Y = "112" T = "0" Pressure = "0" />
		<Point X = "205" Y = "111" T = "0" Pressure = "0" />
		<Point X = "202" Y = "109" T = "0" Pressure = "0" />
		<Point X = "199" Y = "109" T = "0" Pressure = "0" />
		<Point X = "198" Y = "108" T = "0" Pressure = "0" />
		<Point X = "197" Y = "108" T = "0" Pressure = "0" />
		<Point X = "196" Y = "108" T = "0" Pressure = "0" />
		<Point X = "195" Y = "107" T = "0" Pressure = "0" />
		<Point X = "193" Y = "106" T = "0" Pressure = "0" />
		<Point X = "192" Y = "106" T = "0" Pressure = "0" />
		<Point X = "191" Y = "106" T = "0" Pressure = "0" />
		<Point X = "191" Y = "105" T = "0" Pressure = "0" />
		<Point X = "189" Y = "105" T = "0" Pressure = "0" />
		<Point X = "187" Y = "104" T = "0" Pressure = "0" />
		<Point X = "187" Y = "103" T = "0" Pressure = "0" />
		<Point X = "186" Y = "102" T = "0" Pressure = "0" />
		<Point X = "186" Y = "101" T = "0" Pressure = "0" />
		<Point X = "186" Y = "100" T = "0" Pressure = "0" />
		<Point X = "186" Y = "99" T = "0" Pressure = "0" />
		<Point X = "186" Y = "98" T = "0" Pressure = "0" />
		<Point X = "186" Y = "97" T = "0" Pressure = "0" />
		<Point X = "186" Y = "96" T = "0" Pressure = "0" />
		<Point X = "186" Y = "95" T = "0" Pressure = "0" />
		<Point X = "186" Y = "94" T = "0" Pressure = "0" />
		<Point X = "186" Y = "93" T = "0" Pressure = "0" />
		<Point X = "186" Y = "92" T = "0" Pressure = "0" />
		<Point X = "186" Y = "90" T = "0" Pressure = "0" />
		<Point X = "185" Y = "89" T = "0" Pressure = "0" />
		<Point X = "185" Y = "88" T = "0" Pressure = "0" />
		<Point X = "185" Y = "87" T = "0" Pressure = "0" />
		<Point X = "184" Y = "87" T = "0" Pressure = "0" />
		<Point X = "183" Y = "87" T = "0" Pressure = "0" />
	</Stroke>
</Gesture>
