<?xml version="1.0" encoding="utf-8" standalone="yes"?>
<Gesture Name = "star">
	<Stroke>
		<Point X = "82" Y = "163" T = "0" Pressure = "0" />
		<Point X = "84" Y = "163" T = "0" Pressure = "0" />
		<Point X = "85" Y = "163" T = "0" Pressure = "0" />
		<Point X = "88" Y = "163" T = "0" Pressure = "0" />
		<Point X = "89" Y = "163" T = "0" Pressure = "0" />
		<Point X = "92" Y = "163" T = "0" Pressure = "0" />
		<Point X = "93" Y = "163" T = "0" Pressure = "0" />
		<Point X = "95" Y = "163" T = "0" Pressure = "0" />
		<Point X = "97" Y = "164" T = "0" Pressure = "0" />
		<Point X = "101" Y = "166" T = "0" Pressure = "0" />
		<Point X = "103" Y = "168" T = "0" Pressure = "0" />
		<Point X = "105" Y = "168" T = "0" Pressure = "0" />
		<Point X = "108" Y = "168" T = "0" Pressure = "0" />
		<Point X = "112" Y = "168" T = "0" Pressure = "0" />
		<Point X = "116" Y = "168" T = "0" Pressure = "0" />
		<Point X = "120" Y = "168" T = "0" Pressure = "0" />
		<Point X = "126" Y = "168" T = "0" Pressure = "0" />
		<Point X = "130" Y = "168" T = "0" Pressure = "0" />
		<Point X = "137" Y = "168" T = "0" Pressure = "0" />
		<Point X = "142" Y = "168" T = "0" Pressure = "0" />
		<Point X = "148" Y = "168" T = "0" Pressure = "0" />
		<Point X = "152" Y = "168" T = "0" Pressure = "0" />
		<Point X = "155" Y = "168" T = "0" Pressure = "0" />
		<Point X = "158" Y = "168" T = "0" Pressure = "0" />
		<Point X = "160" Y = "168" T = "0" Pressure = "0" />
		<Point X = "162" Y = "168" T = "0" Pressure = "0" />
		<Point X = "164" Y = "168" T = "0" Pressure = "0" />
		<Point X = "166" Y = "168" T = "0" Pressure = "0" />
		<Point X = "168" Y = "168" T = "0" Pressure = "0" />
		<Point X = "173" Y = "169" T = "0" Pressure = "0" />
		<Point X = "179" Y = "169" T = "0" Pressure = "0" />
		<Point X = "185" Y = "170" T = "0" Pressure = "0" />
		<Point X = "189" Y = "170" T = "0" Pressure = "0" />
		<Point X = "193" Y = "171" T = "0" Pressure = "0" />
		<Point X = "196" Y = "171" T = "0" Pressure = "0" />
		<Point X = "198" Y = "171" T = "0" Pressure = "0" />
		<Point X = "201" Y = "171" T = "0" Pressure = "0" />
		<Point X = "203" Y = "171" T = "0" Pressure = "0" />
		<Point X = "206" Y = "171" T = "0" Pressure = "0" />
		<Point X = "208" Y = "171" T = "0" Pressure = "0" />
		<Point X = "210" Y = "171" T = "0" Pressure = "0" />
		<Point X = "212" Y = "171" T = "0" Pressure = "0" />
		<Point X = "216" Y = "171" T = "0" Pressure = "0" />
		<Point X = "220" Y = "171" T = "0" Pressure = "0" />
		<Point X = "223" Y = "171" T = "0" Pressure = "0" />
		<Point X = "226" Y = "171" T = "0" Pressure = "0" />
		<Point X = "229" Y = "171" T = "0" Pressure = "0" />
		<Point X = "231" Y = "171" T = "0" Pressure = "0" />
		<Point X = "233" Y = "171" T = "0" Pressure = "0" />
		<Point X = "234" Y = "171" T = "0" Pressure = "0" />
		<Point X = "236" Y = "171" T = "0" Pressure = "0" />
		<Point X = "237" Y = "171" T = "0" Pressure = "0" />
		<Point X = "239" Y = "171" T = "0" Pressure = "0" />
		<Point X = "237" Y = "171" T = "0" Pressure = "0" />
		<Point X = "236" Y = "173" T = "0" Pressure = "0" />
		<Point X = "233" Y = "174" T = "0" Pressure = "0" />
		<Point X = "231" Y = "177" T = "0" Pressure = "0" />
		<Point X = "229" Y = "178" T = "0" Pressure = "0" />
		<Point X = "227" Y = "180" T = "0" Pressure = "0" />
		<Point X = "224" Y = "181" T = "0" Pressure = "0" />
		<Point X = "219" Y = "185" T = "0" Pressure = "0" />
		<Point X = "215" Y = "188" T = "0" Pressure = "0" />
		<Point X = "213" Y = "190" T = "0" Pressure = "0" />
		<Point X = "211" Y = "193" T = "0" Pressure = "0" />
		<Point X = "208" Y = "194" T = "0" Pressure = "0" />
		<Point X = "206" Y = "195" T = "0" Pressure = "0" />
		<Point X = "204" Y = "196" T = "0" Pressure = "0" />
		<Point X = "203" Y = "196" T = "0" Pressure = "0" />
		<Point X = "202" Y = "197" T = "0" Pressure = "0" />
		<Point X = "200" Y = "198" T = "0" Pressure = "0" />
		<Point X = "199" Y = "198" T = "0" Pressure = "0" />
		<Point X = "197" Y = "198" T = "0" Pressure = "0" />
		<Point X = "195" Y = "200" T = "0" Pressure = "0" />
		<Point X = "193" Y = "201" T = "0" Pressure = "0" />
		<Point X = "188" Y = "202" T = "0" Pressure = "0" />
		<Point X = "184" Y = "205" T = "0" Pressure = "0" />
		<Point X = "181" Y = "206" T = "0" Pressure = "0" />
		<Point X = "177" Y = "207" T = "0" Pressure = "0" />
		<Point X = "176" Y = "208" T = "0" Pressure = "0" />
		<Point X = "173" Y = "209" T = "0" Pressure = "0" />
		<Point X = "172" Y = "209" T = "0" Pressure = "0" />
		<Point X = "170" Y = "210" T = "0" Pressure = "0" />
		<Point X = "169" Y = "210" T = "0" Pressure = "0" />
		<Point X = "167" Y = "211" T = "0" Pressure = "0" />
		<Point X = "166" Y = "211" T = "0" Pressure = "0" />
		<Point X = "165" Y = "213" T = "0" Pressure = "0" />
		<Point X = "163" Y = "214" T = "0" Pressure = "0" />
		<Point X = "162" Y = "215" T = "0" Pressure = "0" />
		<Point X = "159" Y = "216" T = "0" Pressure = "0" />
		<Point X = "156" Y = "217" T = "0" Pressure = "0" />
		<Point X = "155" Y = "219" T = "0" Pressure = "0" />
		<Point X = "151" Y = "219" T = "0" Pressure = "0" />
		<Point X = "148" Y = "220" T = "0" Pressure = "0" />
		<Point X = "147" Y = "221" T = "0" Pressure = "0" />
		<Point X = "144" Y = "223" T = "0" Pressure = "0" />
		<Point X = "141" Y = "224" T = "0" Pressure = "0" />
		<Point X = "138" Y = "226" T = "0" Pressure = "0" />
		<Point X = "136" Y = "227" T = "0" Pressure = "0" />
		<Point X = "135" Y = "228" T = "0" Pressure = "0" />
		<Point X = "131" Y = "229" T = "0" Pressure = "0" />
		<Point X = "128" Y = "230" T = "0" Pressure = "0" />
		<Point X = "125" Y = "231" T = "0" Pressure = "0" />
		<Point X = "123" Y = "233" T = "0" Pressure = "0" />
		<Point X = "119" Y = "234" T = "0" Pressure = "0" />
		<Point X = "117" Y = "235" T = "0" Pressure = "0" />
		<Point X = "116" Y = "236" T = "0" Pressure = "0" />
		<Point X = "114" Y = "236" T = "0" Pressure = "0" />
		<Point X = "113" Y = "237" T = "0" Pressure = "0" />
		<Point X = "111" Y = "238" T = "0" Pressure = "0" />
		<Point X = "110" Y = "238" T = "0" Pressure = "0" />
		<Point X = "109" Y = "238" T = "0" Pressure = "0" />
		<Point X = "107" Y = "239" T = "0" Pressure = "0" />
		<Point X = "106" Y = "239" T = "0" Pressure = "0" />
		<Point X = "104" Y = "240" T = "0" Pressure = "0" />
		<Point X = "101" Y = "241" T = "0" Pressure = "0" />
		<Point X = "99" Y = "243" T = "0" Pressure = "0" />
		<Point X = "98" Y = "243" T = "0" Pressure = "0" />
		<Point X = "95" Y = "244" T = "0" Pressure = "0" />
		<Point X = "92" Y = "246" T = "0" Pressure = "0" />
		<Point X = "91" Y = "246" T = "0" Pressure = "0" />
		<Point X = "89" Y = "246" T = "0" Pressure = "0" />
		<Point X = "88" Y = "247" T = "0" Pressure = "0" />
		<Point X = "87" Y = "247" T = "0" Pressure = "0" />
		<Point X = "85" Y = "248" T = "0" Pressure = "0" />
		<Point X = "84" Y = "249" T = "0" Pressure = "0" />
		<Point X = "82" Y = "250" T = "0" Pressure = "0" />
		<Point X = "81" Y = "251" T = "0" Pressure = "0" />
		<Point X = "78" Y = "252" T = "0" Pressure = "0" />
		<Point X = "76" Y = "253" T = "0" Pressure = "0" />
		<Point X = "75" Y = "253" T = "0" Pressure = "0" />
		<Point X = "74" Y = "254" T = "0" Pressure = "0" />
		<Point X = "75" Y = "253" T = "0" Pressure = "0" />
		<Point X = "76" Y = "253" T = "0" Pressure = "0" />
		<Point X = "77" Y = "252" T = "0" Pressure = "0" />
		<Point X = "79" Y = "250" T = "0" Pressure = "0" />
		<Point X = "81" Y = "248" T = "0" Pressure = "0" />
		<Point X = "82" Y = "247" T = "0" Pressure = "0" />
		<Point X = "86" Y = "243" T = "0" Pressure = "0" />
		<Point X = "86" Y = "241" T = "0" Pressure = "0" />
		<Point X = "88" Y = "238" T = "0" Pressure = "0" />
		<Point X = "89" Y = "235" T = "0" Pressure = "0" />
		<Point X = "90" Y = "233" T = "0" Pressure = "0" />
		<Point X = "91" Y = "229" T = "0" Pressure = "0" />
		<Point X = "93" Y = "228" T = "0" Pressure = "0" />
		<Point X = "94" Y = "225" T = "0" Pressure = "0" />
		<Point X = "96" Y = "224" T = "0" Pressure = "0" />
		<Point X = "97" Y = "221" T = "0" Pressure = "0" />
		<Point X = "98" Y = "221" T = "0" Pressure = "0" />
		<Point X = "99" Y = "220" T = "0" Pressure = "0" />
		<Point X = "100" Y = "218" T = "0" Pressure = "0" />
		<Point X = "101" Y = "216" T = "0" Pressure = "0" />
		<Point X = "103" Y = "214" T = "0" Pressure = "0" />
		<Point X = "104" Y = "212" T = "0" Pressure = "0" />
		<Point X = "105" Y = "210" T = "0" Pressure = "0" />
		<Point X = "107" Y = "208" T = "0" Pressure = "0" />
		<Point X = "108" Y = "207" T = "0" Pressure = "0" />
		<Point X = "109" Y = "206" T = "0" Pressure = "0" />
		<Point X = "109" Y = "203" T = "0" Pressure = "0" />
		<Point X = "111" Y = "202" T = "0" Pressure = "0" />
		<Point X = "112" Y = "200" T = "0" Pressure = "0" />
		<Point X = "113" Y = "199" T = "0" Pressure = "0" />
		<Point X = "113" Y = "197" T = "0" Pressure = "0" />
		<Point X = "114" Y = "197" T = "0" Pressure = "0" />
		<Point X = "115" Y = "195" T = "0" Pressure = "0" />
		<Point X = "115" Y = "193" T = "0" Pressure = "0" />
		<Point X = "116" Y = "191" T = "0" Pressure = "0" />
		<Point X = "117" Y = "190" T = "0" Pressure = "0" />
		<Point X = "118" Y = "189" T = "0" Pressure = "0" />
		<Point X = "119" Y = "186" T = "0" Pressure = "0" />
		<Point X = "119" Y = "185" T = "0" Pressure = "0" />
		<Point X = "121" Y = "184" T = "0" Pressure = "0" />
		<Point X = "121" Y = "183" T = "0" Pressure = "0" />
		<Point X = "121" Y = "182" T = "0" Pressure = "0" />
		<Point X = "121" Y = "181" T = "0" Pressure = "0" />
		<Point X = "122" Y = "181" T = "0" Pressure = "0" />
		<Point X = "122" Y = "180" T = "0" Pressure = "0" />
		<Point X = "122" Y = "178" T = "0" Pressure = "0" />
		<Point X = "124" Y = "176" T = "0" Pressure = "0" />
		<Point X = "125" Y = "174" T = "0" Pressure = "0" />
		<Point X = "125" Y = "173" T = "0" Pressure = "0" />
		<Point X = "125" Y = "170" T = "0" Pressure = "0" />
		<Point X = "126" Y = "165" T = "0" Pressure = "0" />
		<Point X = "128" Y = "162" T = "0" Pressure = "0" />
		<Point X = "128" Y = "159" T = "0" Pressure = "0" />
		<Point X = "128" Y = "157" T = "0" Pressure = "0" />
		<Point X = "128" Y = "155" T = "0" Pressure = "0" />
		<Point X = "128" Y = "154" T = "0" Pressure = "0" />
		<Point X = "128" Y = "152" T = "0" Pressure = "0" />
		<Point X = "128" Y = "151" T = "0" Pressure = "0" />
		<Point X = "128" Y = "150" T = "0" Pressure = "0" />
		<Point X = "129" Y = "149" T = "0" Pressure = "0" />
		<Point X = "129" Y = "148" T = "0" Pressure = "0" />
		<Point X = "129" Y = "147" T = "0" Pressure = "0" />
		<Point X = "131" Y = "145" T = "0" Pressure = "0" />
		<Point X = "132" Y = "144" T = "0" Pressure = "0" />
		<Point X = "132" Y = "143" T = "0" Pressure = "0" />
		<Point X = "133" Y = "140" T = "0" Pressure = "0" />
		<Point X = "135" Y = "138" T = "0" Pressure = "0" />
		<Point X = "135" Y = "137" T = "0" Pressure = "0" />
		<Point X = "135" Y = "136" T = "0" Pressure = "0" />
		<Point X = "136" Y = "134" T = "0" Pressure = "0" />
		<Point X = "137" Y = "133" T = "0" Pressure = "0" />
		<Point X = "137" Y = "131" T = "0" Pressure = "0" />
		<Point X = "137" Y = "130" T = "0" Pressure = "0" />
		<Point X = "138" Y = "129" T = "0" Pressure = "0" />
		<Point X = "138" Y = "128" T = "0" Pressure = "0" />
		<Point X = "138" Y = "127" T = "0" Pressure = "0" />
		<Point X = "139" Y = "126" T = "0" Pressure = "0" />
		<Point X = "139" Y = "125" T = "0" Pressure = "0" />
		<Point X = "140" Y = "123" T = "0" Pressure = "0" />
		<Point X = "141" Y = "121" T = "0" Pressure = "0" />
		<Point X = "141" Y = "120" T = "0" Pressure = "0" />
		<Point X = "142" Y = "118" T = "0" Pressure = "0" />
		<Point X = "142" Y = "117" T = "0" Pressure = "0" />
		<Point X = "143" Y = "115" T = "0" Pressure = "0" />
		<Point X = "145" Y = "113" T = "0" Pressure = "0" />
		<Point X = "145" Y = "111" T = "0" Pressure = "0" />
		<Point X = "145" Y = "110" T = "0" Pressure = "0" />
		<Point X = "146" Y = "107" T = "0" Pressure = "0" />
		<Point X = "146" Y = "106" T = "0" Pressure = "0" />
		<Point X = "146" Y = "103" T = "0" Pressure = "0" />
		<Point X = "147" Y = "101" T = "0" Pressure = "0" />
		<Point X = "147" Y = "100" T = "0" Pressure = "0" />
		<Point X = "147" Y = "99" T = "0" Pressure = "0" />
		<Point X = "147" Y = "97" T = "0" Pressure = "0" />
		<Point X = "147" Y = "96" T = "0" Pressure = "0" />
		<Point X = "148" Y = "94" T = "0" Pressure = "0" />
		<Point X = "149" Y = "93" T = "0" Pressure = "0" />
		<Point X = "149" Y = "92" T = "0" Pressure = "0" />
		<Point X = "150" Y = "92" T = "0" Pressure = "0" />
		<Point X = "151" Y = "92" T = "0" Pressure = "0" />
		<Point X = "152" Y = "92" T = "0" Pressure = "0" />
		<Point X = "153" Y = "94" T = "0" Pressure = "0" />
		<Point X = "155" Y = "96" T = "0" Pressure = "0" />
		<Point X = "155" Y = "97" T = "0" Pressure = "0" />
		<Point X = "156" Y = "101" T = "0" Pressure = "0" />
		<Point X = "156" Y = "103" T = "0" Pressure = "0" />
		<Point X = "157" Y = "105" T = "0" Pressure = "0" />
		<Point X = "157" Y = "107" T = "0" Pressure = "0" />
		<Point X = "160" Y = "110" T = "0" Pressure = "0" />
		<Point X = "161" Y = "113" T = "0" Pressure = "0" />
		<Point X = "161" Y = "115" T = "0" Pressure = "0" />
		<Point X = "163" Y = "118" T = "0" Pressure = "0" />
		<Point X = "163" Y = "120" T = "0" Pressure = "0" />
		<Point X = "163" Y = "123" T = "0" Pressure = "0" />
		<Point X = "163" Y = "126" T = "0" Pressure = "0" />
		<Point X = "163" Y = "128" T = "0" Pressure = "0" />
		<Point X = "163" Y = "132" T = "0" Pressure = "0" />
		<Point X = "163" Y = "135" T = "0" Pressure = "0" />
		<Point X = "163" Y = "138" T = "0" Pressure = "0" />
		<Point X = "163" Y = "142" T = "0" Pressure = "0" />
		<Point X = "164" Y = "147" T = "0" Pressure = "0" />
		<Point X = "165" Y = "149" T = "0" Pressure = "0" />
		<Point X = "165" Y = "151" T = "0" Pressure = "0" />
		<Point X = "165" Y = "154" T = "0" Pressure = "0" />
		<Point X = "167" Y = "157" T = "0" Pressure = "0" />
		<Point X = "167" Y = "160" T = "0" Pressure = "0" />
		<Point X = "168" Y = "163" T = "0" Pressure = "0" />
		<Point X = "168" Y = "165" T = "0" Pressure = "0" />
		<Point X = "169" Y = "168" T = "0" Pressure = "0" />
		<Point X = "169" Y = "170" T = "0" Pressure = "0" />
		<Point X = "169" Y = "173" T = "0" Pressure = "0" />
		<Point X = "169" Y = "175" T = "0" Pressure = "0" />
		<Point X = "171" Y = "178" T = "0" Pressure = "0" />
		<Point X = "171" Y = "181" T = "0" Pressure = "0" />
		<Point X = "171" Y = "183" T = "0" Pressure = "0" />
		<Point X = "171" Y = "186" T = "0" Pressure = "0" />
		<Point X = "171" Y = "189" T = "0" Pressure = "0" />
		<Point X = "171" Y = "193" T = "0" Pressure = "0" />
		<Point X = "171" Y = "196" T = "0" Pressure = "0" />
		<Point X = "171" Y = "197" T = "0" Pressure = "0" />
		<Point X = "171" Y = "198" T = "0" Pressure = "0" />
		<Point X = "171" Y = "200" T = "0" Pressure = "0" />
		<Point X = "171" Y = "202" T = "0" Pressure = "0" />
		<Point X = "171" Y = "203" T = "0" Pressure = "0" />
		<Point X = "171" Y = "206" T = "0" Pressure = "0" />
		<Point X = "171" Y = "211" T = "0" Pressure = "0" />
		<Point X = "171" Y = "214" T = "0" Pressure = "0" />
		<Point X = "172" Y = "216" T = "0" Pressure = "0" />
		<Point X = "173" Y = "219" T = "0" Pressure = "0" />
		<Point X = "173" Y = "222" T = "0" Pressure = "0" />
		<Point X = "174" Y = "224" T = "0" Pressure = "0" />
		<Point X = "175" Y = "227" T = "0" Pressure = "0" />
		<Point X = "175" Y = "230" T = "0" Pressure = "0" />
		<Point X = "175" Y = "233" T = "0" Pressure = "0" />
		<Point X = "176" Y = "236" T = "0" Pressure = "0" />
		<Point X = "177" Y = "238" T = "0" Pressure = "0" />
		<Point X = "179" Y = "243" T = "0" Pressure = "0" />
		<Point X = "179" Y = "246" T = "0" Pressure = "0" />
		<Point X = "180" Y = "250" T = "0" Pressure = "0" />
		<Point X = "181" Y = "255" T = "0" Pressure = "0" />
		<Point X = "183" Y = "258" T = "0" Pressure = "0" />
		<Point X = "183" Y = "261" T = "0" Pressure = "0" />
		<Point X = "184" Y = "263" T = "0" Pressure = "0" />
		<Point X = "184" Y = "266" T = "0" Pressure = "0" />
		<Point X = "184" Y = "267" T = "0" Pressure = "0" />
		<Point X = "184" Y = "268" T = "0" Pressure = "0" />
		<Point X = "184" Y = "269" T = "0" Pressure = "0" />
		<Point X = "185" Y = "271" T = "0" Pressure = "0" />
		<Point X = "185" Y = "272" T = "0" Pressure = "0" />
		<Point X = "185" Y = "273" T = "0" Pressure = "0" />
		<Point X = "185" Y = "274" T = "0" Pressure = "0" />
		<Point X = "185" Y = "275" T = "0" Pressure = "0" />
		<Point X = "186" Y = "276" T = "0" Pressure = "0" />
		<Point X = "186" Y = "277" T = "0" Pressure = "0" />
		<Point X = "186" Y = "278" T = "0" Pressure = "0" />
		<Point X = "186" Y = "279" T = "0" Pressure = "0" />
		<Point X = "186" Y = "281" T = "0" Pressure = "0" />
		<Point X = "186" Y = "282" T = "0" Pressure = "0" />
		<Point X = "186" Y = "284" T = "0" Pressure = "0" />
		<Point X = "186" Y = "285" T = "0" Pressure = "0" />
		<Point X = "186" Y = "286" T = "0" Pressure = "0" />
		<Point X = "186" Y = "287" T = "0" Pressure = "0" />
		<Point X = "185" Y = "287" T = "0" Pressure = "0" />
		<Point X = "184" Y = "287" T = "0" Pressure = "0" />
		<Point X = "182" Y = "287" T = "0" Pressure = "0" />
		<Point X = "180" Y = "287" T = "0" Pressure = "0" />
		<Point X = "178" Y = "287" T = "0" Pressure = "0" />
		<Point X = "177" Y = "286" T = "0" Pressure = "0" />
		<Point X = "175" Y = "285" T = "0" Pressure = "0" />
		<Point X = "173" Y = "282" T = "0" Pressure = "0" />
		<Point X = "169" Y = "280" T = "0" Pressure = "0" />
		<Point X = "168" Y = "278" T = "0" Pressure = "0" />
		<Point X = "165" Y = "276" T = "0" Pressure = "0" />
		<Point X = "164" Y = "274" T = "0" Pressure = "0" />
		<Point X = "162" Y = "272" T = "0" Pressure = "0" />
		<Point X = "160" Y = "271" T = "0" Pressure = "0" />
		<Point X = "159" Y = "268" T = "0" Pressure = "0" />
		<Point X = "157" Y = "267" T = "0" Pressure = "0" />
		<Point X = "156" Y = "265" T = "0" Pressure = "0" />
		<Point X = "153" Y = "263" T = "0" Pressure = "0" />
		<Point X = "152" Y = "262" T = "0" Pressure = "0" />
		<Point X = "150" Y = "260" T = "0" Pressure = "0" />
		<Point X = "148" Y = "258" T = "0" Pressure = "0" />
		<Point X = "146" Y = "256" T = "0" Pressure = "0" />
		<Point X = "145" Y = "256" T = "0" Pressure = "0" />
		<Point X = "145" Y = "254" T = "0" Pressure = "0" />
		<Point X = "143" Y = "253" T = "0" Pressure = "0" />
		<Point X = "142" Y = "251" T = "0" Pressure = "0" />
		<Point X = "142" Y = "250" T = "0" Pressure = "0" />
		<Point X = "141" Y = "249" T = "0" Pressure = "0" />
		<Point X = "140" Y = "246" T = "0" Pressure = "0" />
		<Point X = "138" Y = "245" T = "0" Pressure = "0" />
		<Point X = "137" Y = "244" T = "0" Pressure = "0" />
		<Point X = "136" Y = "241" T = "0" Pressure = "0" />
		<Point X = "135" Y = "240" T = "0" Pressure = "0" />
		<Point X = "134" Y = "238" T = "0" Pressure = "0" />
		<Point X = "132" Y = "235" T = "0" Pressure = "0" />
		<Point X = "130" Y = "233" T = "0" Pressure = "0" />
		<Point X = "129" Y = "231" T = "0" Pressure = "0" />
		<Point X = "126" Y = "229" T = "0" Pressure = "0" />
		<Point X = "125" Y = "227" T = "0" Pressure = "0" />
		<Point X = "123" Y = "225" T = "0" Pressure = "0" />
		<Point X = "122" Y = "223" T = "0" Pressure = "0" />
		<Point X = "120" Y = "221" T = "0" Pressure = "0" />
		<Point X = "120" Y = "220" T = "0" Pressure = "0" />
		<Point X = "119" Y = "218" T = "0" Pressure = "0" />
		<Point X = "117" Y = "215" T = "0" Pressure = "0" />
		<Point X = "117" Y = "214" T = "0" Pressure = "0" />
		<Point X = "116" Y = "213" T = "0" Pressure = "0" />
		<Point X = "115" Y = "211" T = "0" Pressure = "0" />
		<Point X = "114" Y = "209" T = "0" Pressure = "0" />
		<Point X = "113" Y = "208" T = "0" Pressure = "0" />
		<Point X = "113" Y = "206" T = "0" Pressure = "0" />
		<Point X = "112" Y = "206" T = "0" Pressure = "0" />
		<Point X = "111" Y = "203" T = "0" Pressure = "0" />
		<Point X = "110" Y = "202" T = "0" Pressure = "0" />
		<Point X = "109" Y = "202" T = "0" Pressure = "0" />
		<Point X = "109" Y = "201" T = "0" Pressure = "0" />
		<Point X = "107" Y = "199" T = "0" Pressure = "0" />
		<Point X = "107" Y = "198" T = "0" Pressure = "0" />
		<Point X = "106" Y = "196" T = "0" Pressure = "0" />
		<Point X = "105" Y = "196" T = "0" Pressure = "0" />
		<Point X = "105" Y = "195" T = "0" Pressure = "0" />
		<Point X = "105" Y = "193" T = "0" Pressure = "0" />
		<Point X = "104" Y = "192" T = "0" Pressure = "0" />
		<Point X = "104" Y = "191" T = "0" Pressure = "0" />
		<Point X = "104" Y = "190" T = "0" Pressure = "0" />
		<Point X = "103" Y = "189" T = "0" Pressure = "0" />
		<Point X = "103" Y = "187" T = "0" Pressure = "0" />
		<Point X = "102" Y = "186" T = "0" Pressure = "0" />
		<Point X = "101" Y = "185" T = "0" Pressure = "0" />
		<Point X = "100" Y = "184" T = "0" Pressure = "0" />
		<Point X = "99" Y = "183" T = "0" Pressure = "0" />
		<Point X = "98" Y = "181" T = "0" Pressure = "0" />
		<Point X = "97" Y = "180" T = "0" Pressure = "0" />
		<Point X = "96" Y = "180" T = "0" Pressure = "0" />
		<Point X = "95" Y = "180" T = "0" Pressure = "0" />
		<Point X = "94" Y = "179" T = "0" Pressure = "0" />
		<Point X = "92" Y = "178" T = "0" Pressure = "0" />
		<Point X = "91" Y = "177" T = "0" Pressure = "0" />
		<Point X = "90" Y = "176" T = "0" Pressure = "0" />
		<Point X = "89" Y = "175" T = "0" Pressure = "0" />
		<Point X = "88" Y = "173" T = "0" Pressure = "0" />
		<Point X = "87" Y = "172" T = "0" Pressure = "0" />
		<Point X = "86" Y = "171" T = "0" Pressure = "0" />
		<Point X = "86" Y = "170" T = "0" Pressure = "0" />
		<Point X = "86" Y = "169" T = "0" Pressure = "0" />
		<Point X = "85" Y = "168" T = "0" Pressure = "0" />
		<Point X = "84" Y = "167" T = "0" Pressure = "0" />
		<Point X = "84" Y = "166" T = "0" Pressure = "0" />
		<Point X = "83" Y = "164" T = "0" Pressure = "0" />
		<Point X = "83" Y = "162" T = "0" Pressure = "0" />
		<Point X = "82" Y = "161" T = "0" Pressure = "0" />
		<Point X = "82" Y = "160" T = "0" Pressure = "0" />
	</Stroke>
</Gesture>
