<?xml version="1.0" encoding="utf-8" standalone="yes"?>
<Gesture Name = "star">
	<Stroke>
		<Point X = "86" Y = "200" T = "0" Pressure = "0" />
		<Point X = "87" Y = "200" T = "0" Pressure = "0" />
		<Point X = "88" Y = "200" T = "0" Pressure = "0" />
		<Point X = "89" Y = "200" T = "0" Pressure = "0" />
		<Point X = "91" Y = "199" T = "0" Pressure = "0" />
		<Point X = "94" Y = "199" T = "0" Pressure = "0" />
		<Point X = "98" Y = "198" T = "0" Pressure = "0" />
		<Point X = "103" Y = "198" T = "0" Pressure = "0" />
		<Point X = "109" Y = "197" T = "0" Pressure = "0" />
		<Point X = "117" Y = "196" T = "0" Pressure = "0" />
		<Point X = "124" Y = "196" T = "0" Pressure = "0" />
		<Point X = "134" Y = "196" T = "0" Pressure = "0" />
		<Point X = "142" Y = "196" T = "0" Pressure = "0" />
		<Point X = "149" Y = "196" T = "0" Pressure = "0" />
		<Point X = "157" Y = "196" T = "0" Pressure = "0" />
		<Point X = "164" Y = "196" T = "0" Pressure = "0" />
		<Point X = "172" Y = "196" T = "0" Pressure = "0" />
		<Point X = "178" Y = "196" T = "0" Pressure = "0" />
		<Point X = "185" Y = "196" T = "0" Pressure = "0" />
		<Point X = "193" Y = "196" T = "0" Pressure = "0" />
		<Point X = "199" Y = "196" T = "0" Pressure = "0" />
		<Point X = "204" Y = "196" T = "0" Pressure = "0" />
		<Point X = "208" Y = "196" T = "0" Pressure = "0" />
		<Point X = "213" Y = "196" T = "0" Pressure = "0" />
		<Point X = "217" Y = "196" T = "0" Pressure = "0" />
		<Point X = "221" Y = "196" T = "0" Pressure = "0" />
		<Point X = "226" Y = "194" T = "0" Pressure = "0" />
		<Point X = "233" Y = "193" T = "0" Pressure = "0" />
		<Point X = "238" Y = "193" T = "0" Pressure = "0" />
		<Point X = "244" Y = "192" T = "0" Pressure = "0" />
		<Point X = "247" Y = "191" T = "0" Pressure = "0" />
		<Point X = "252" Y = "189" T = "0" Pressure = "0" />
		<Point X = "255" Y = "189" T = "0" Pressure = "0" />
		<Point X = "257" Y = "189" T = "0" Pressure = "0" />
		<Point X = "260" Y = "189" T = "0" Pressure = "0" />
		<Point X = "263" Y = "189" T = "0" Pressure = "0" />
		<Point X = "267" Y = "189" T = "0" Pressure = "0" />
		<Point X = "270" Y = "189" T = "0" Pressure = "0" />
		<Point X = "272" Y = "189" T = "0" Pressure = "0" />
		<Point X = "275" Y = "189" T = "0" Pressure = "0" />
		<Point X = "276" Y = "189" T = "0" Pressure = "0" />
		<Point X = "278" Y = "189" T = "0" Pressure = "0" />
		<Point X = "281" Y = "190" T = "0" Pressure = "0" />
		<Point X = "283" Y = "190" T = "0" Pressure = "0" />
		<Point X = "286" Y = "190" T = "0" Pressure = "0" />
		<Point X = "289" Y = "190" T = "0" Pressure = "0" />
		<Point X = "290" Y = "190" T = "0" Pressure = "0" />
		<Point X = "293" Y = "191" T = "0" Pressure = "0" />
		<Point X = "294" Y = "191" T = "0" Pressure = "0" />
		<Point X = "294" Y = "192" T = "0" Pressure = "0" />
		<Point X = "294" Y = "193" T = "0" Pressure = "0" />
		<Point X = "293" Y = "194" T = "0" Pressure = "0" />
		<Point X = "291" Y = "197" T = "0" Pressure = "0" />
		<Point X = "289" Y = "199" T = "0" Pressure = "0" />
		<Point X = "286" Y = "203" T = "0" Pressure = "0" />
		<Point X = "284" Y = "204" T = "0" Pressure = "0" />
		<Point X = "283" Y = "208" T = "0" Pressure = "0" />
		<Point X = "281" Y = "209" T = "0" Pressure = "0" />
		<Point X = "280" Y = "210" T = "0" Pressure = "0" />
		<Point X = "279" Y = "211" T = "0" Pressure = "0" />
		<Point X = "278" Y = "213" T = "0" Pressure = "0" />
		<Point X = "275" Y = "213" T = "0" Pressure = "0" />
		<Point X = "274" Y = "215" T = "0" Pressure = "0" />
		<Point X = "272" Y = "216" T = "0" Pressure = "0" />
		<Point X = "267" Y = "219" T = "0" Pressure = "0" />
		<Point X = "263" Y = "221" T = "0" Pressure = "0" />
		<Point X = "256" Y = "226" T = "0" Pressure = "0" />
		<Point X = "250" Y = "231" T = "0" Pressure = "0" />
		<Point X = "242" Y = "237" T = "0" Pressure = "0" />
		<Point X = "236" Y = "242" T = "0" Pressure = "0" />
		<Point X = "230" Y = "247" T = "0" Pressure = "0" />
		<Point X = "225" Y = "251" T = "0" Pressure = "0" />
		<Point X = "220" Y = "254" T = "0" Pressure = "0" />
		<Point X = "216" Y = "256" T = "0" Pressure = "0" />
		<Point X = "211" Y = "259" T = "0" Pressure = "0" />
		<Point X = "208" Y = "259" T = "0" Pressure = "0" />
		<Point X = "204" Y = "260" T = "0" Pressure = "0" />
		<Point X = "202" Y = "260" T = "0" Pressure = "0" />
		<Point X = "198" Y = "263" T = "0" Pressure = "0" />
		<Point X = "195" Y = "264" T = "0" Pressure = "0" />
		<Point X = "192" Y = "265" T = "0" Pressure = "0" />
		<Point X = "185" Y = "268" T = "0" Pressure = "0" />
		<Point X = "178" Y = "271" T = "0" Pressure = "0" />
		<Point X = "171" Y = "274" T = "0" Pressure = "0" />
		<Point X = "163" Y = "278" T = "0" Pressure = "0" />
		<Point X = "153" Y = "282" T = "0" Pressure = "0" />
		<Point X = "147" Y = "286" T = "0" Pressure = "0" />
		<Point X = "144" Y = "286" T = "0" Pressure = "0" />
		<Point X = "141" Y = "289" T = "0" Pressure = "0" />
		<Point X = "137" Y = "291" T = "0" Pressure = "0" />
		<Point X = "132" Y = "295" T = "0" Pressure = "0" />
		<Point X = "129" Y = "298" T = "0" Pressure = "0" />
		<Point X = "126" Y = "299" T = "0" Pressure = "0" />
		<Point X = "124" Y = "301" T = "0" Pressure = "0" />
		<Point X = "122" Y = "303" T = "0" Pressure = "0" />
		<Point X = "121" Y = "304" T = "0" Pressure = "0" />
		<Point X = "119" Y = "305" T = "0" Pressure = "0" />
		<Point X = "118" Y = "305" T = "0" Pressure = "0" />
		<Point X = "118" Y = "304" T = "0" Pressure = "0" />
		<Point X = "118" Y = "297" T = "0" Pressure = "0" />
		<Point X = "120" Y = "293" T = "0" Pressure = "0" />
		<Point X = "122" Y = "286" T = "0" Pressure = "0" />
		<Point X = "123" Y = "279" T = "0" Pressure = "0" />
		<Point X = "127" Y = "271" T = "0" Pressure = "0" />
		<Point X = "130" Y = "263" T = "0" Pressure = "0" />
		<Point X = "132" Y = "254" T = "0" Pressure = "0" />
		<Point X = "136" Y = "243" T = "0" Pressure = "0" />
		<Point X = "137" Y = "235" T = "0" Pressure = "0" />
		<Point X = "139" Y = "226" T = "0" Pressure = "0" />
		<Point X = "141" Y = "218" T = "0" Pressure = "0" />
		<Point X = "143" Y = "209" T = "0" Pressure = "0" />
		<Point X = "145" Y = "202" T = "0" Pressure = "0" />
		<Point X = "147" Y = "196" T = "0" Pressure = "0" />
		<Point X = "148" Y = "192" T = "0" Pressure = "0" />
		<Point X = "149" Y = "187" T = "0" Pressure = "0" />
		<Point X = "151" Y = "184" T = "0" Pressure = "0" />
		<Point X = "152" Y = "180" T = "0" Pressure = "0" />
		<Point X = "153" Y = "177" T = "0" Pressure = "0" />
		<Point X = "156" Y = "174" T = "0" Pressure = "0" />
		<Point X = "158" Y = "169" T = "0" Pressure = "0" />
		<Point X = "159" Y = "164" T = "0" Pressure = "0" />
		<Point X = "161" Y = "162" T = "0" Pressure = "0" />
		<Point X = "164" Y = "157" T = "0" Pressure = "0" />
		<Point X = "165" Y = "153" T = "0" Pressure = "0" />
		<Point X = "166" Y = "149" T = "0" Pressure = "0" />
		<Point X = "169" Y = "144" T = "0" Pressure = "0" />
		<Point X = "170" Y = "140" T = "0" Pressure = "0" />
		<Point X = "170" Y = "135" T = "0" Pressure = "0" />
		<Point X = "173" Y = "129" T = "0" Pressure = "0" />
		<Point X = "173" Y = "126" T = "0" Pressure = "0" />
		<Point X = "173" Y = "123" T = "0" Pressure = "0" />
		<Point X = "174" Y = "122" T = "0" Pressure = "0" />
		<Point X = "174" Y = "120" T = "0" Pressure = "0" />
		<Point X = "174" Y = "119" T = "0" Pressure = "0" />
		<Point X = "174" Y = "117" T = "0" Pressure = "0" />
		<Point X = "175" Y = "117" T = "0" Pressure = "0" />
		<Point X = "176" Y = "117" T = "0" Pressure = "0" />
		<Point X = "178" Y = "117" T = "0" Pressure = "0" />
		<Point X = "180" Y = "123" T = "0" Pressure = "0" />
		<Point X = "183" Y = "129" T = "0" Pressure = "0" />
		<Point X = "189" Y = "135" T = "0" Pressure = "0" />
		<Point X = "194" Y = "142" T = "0" Pressure = "0" />
		<Point X = "199" Y = "149" T = "0" Pressure = "0" />
		<Point X = "203" Y = "156" T = "0" Pressure = "0" />
		<Point X = "207" Y = "162" T = "0" Pressure = "0" />
		<Point X = "208" Y = "167" T = "0" Pressure = "0" />
		<Point X = "212" Y = "174" T = "0" Pressure = "0" />
		<Point X = "212" Y = "180" T = "0" Pressure = "0" />
		<Point X = "213" Y = "186" T = "0" Pressure = "0" />
		<Point X = "214" Y = "190" T = "0" Pressure = "0" />
		<Point X = "217" Y = "195" T = "0" Pressure = "0" />
		<Point X = "219" Y = "198" T = "0" Pressure = "0" />
		<Point X = "221" Y = "203" T = "0" Pressure = "0" />
		<Point X = "222" Y = "205" T = "0" Pressure = "0" />
		<Point X = "224" Y = "209" T = "0" Pressure = "0" />
		<Point X = "226" Y = "212" T = "0" Pressure = "0" />
		<Point X = "226" Y = "213" T = "0" Pressure = "0" />
		<Point X = "229" Y = "217" T = "0" Pressure = "0" />
		<Point X = "230" Y = "220" T = "0" Pressure = "0" />
		<Point X = "232" Y = "225" T = "0" Pressure = "0" />
		<Point X = "235" Y = "229" T = "0" Pressure = "0" />
		<Point X = "236" Y = "234" T = "0" Pressure = "0" />
		<Point X = "238" Y = "240" T = "0" Pressure = "0" />
		<Point X = "240" Y = "244" T = "0" Pressure = "0" />
		<Point X = "241" Y = "249" T = "0" Pressure = "0" />
		<Point X = "243" Y = "253" T = "0" Pressure = "0" />
		<Point X = "243" Y = "258" T = "0" Pressure = "0" />
		<Point X = "244" Y = "262" T = "0" Pressure = "0" />
		<Point X = "244" Y = "267" T = "0" Pressure = "0" />
		<Point X = "245" Y = "272" T = "0" Pressure = "0" />
		<Point X = "248" Y = "278" T = "0" Pressure = "0" />
		<Point X = "249" Y = "281" T = "0" Pressure = "0" />
		<Point X = "250" Y = "286" T = "0" Pressure = "0" />
		<Point X = "251" Y = "290" T = "0" Pressure = "0" />
		<Point X = "253" Y = "294" T = "0" Pressure = "0" />
		<Point X = "253" Y = "297" T = "0" Pressure = "0" />
		<Point X = "253" Y = "301" T = "0" Pressure = "0" />
		<Point X = "254" Y = "302" T = "0" Pressure = "0" />
		<Point X = "255" Y = "306" T = "0" Pressure = "0" />
		<Point X = "256" Y = "306" T = "0" Pressure = "0" />
		<Point X = "256" Y = "308" T = "0" Pressure = "0" />
		<Point X = "256" Y = "311" T = "0" Pressure = "0" />
		<Point X = "257" Y = "313" T = "0" Pressure = "0" />
		<Point X = "258" Y = "315" T = "0" Pressure = "0" />
		<Point X = "258" Y = "316" T = "0" Pressure = "0" />
		<Point X = "258" Y = "319" T = "0" Pressure = "0" />
		<Point X = "259" Y = "319" T = "0" Pressure = "0" />
		<Point X = "259" Y = "320" T = "0" Pressure = "0" />
		<Point X = "257" Y = "320" T = "0" Pressure = "0" />
		<Point X = "256" Y = "320" T = "0" Pressure = "0" />
		<Point X = "253" Y = "320" T = "0" Pressure = "0" />
		<Point X = "250" Y = "320" T = "0" Pressure = "0" />
		<Point X = "247" Y = "318" T = "0" Pressure = "0" />
		<Point X = "243" Y = "316" T = "0" Pressure = "0" />
		<Point X = "236" Y = "312" T = "0" Pressure = "0" />
		<Point X = "230" Y = "307" T = "0" Pressure = "0" />
		<Point X = "222" Y = "301" T = "0" Pressure = "0" />
		<Point X = "215" Y = "296" T = "0" Pressure = "0" />
		<Point X = "207" Y = "292" T = "0" Pressure = "0" />
		<Point X = "199" Y = "288" T = "0" Pressure = "0" />
		<Point X = "195" Y = "285" T = "0" Pressure = "0" />
		<Point X = "193" Y = "283" T = "0" Pressure = "0" />
		<Point X = "191" Y = "282" T = "0" Pressure = "0" />
		<Point X = "190" Y = "281" T = "0" Pressure = "0" />
		<Point X = "189" Y = "281" T = "0" Pressure = "0" />
		<Point X = "189" Y = "280" T = "0" Pressure = "0" />
		<Point X = "188" Y = "279" T = "0" Pressure = "0" />
		<Point X = "187" Y = "278" T = "0" Pressure = "0" />
		<Point X = "184" Y = "277" T = "0" Pressure = "0" />
		<Point X = "181" Y = "273" T = "0" Pressure = "0" />
		<Point X = "176" Y = "269" T = "0" Pressure = "0" />
		<Point X = "171" Y = "265" T = "0" Pressure = "0" />
		<Point X = "165" Y = "261" T = "0" Pressure = "0" />
		<Point X = "161" Y = "257" T = "0" Pressure = "0" />
		<Point X = "159" Y = "256" T = "0" Pressure = "0" />
		<Point X = "157" Y = "254" T = "0" Pressure = "0" />
		<Point X = "155" Y = "253" T = "0" Pressure = "0" />
		<Point X = "154" Y = "252" T = "0" Pressure = "0" />
		<Point X = "152" Y = "252" T = "0" Pressure = "0" />
		<Point X = "149" Y = "249" T = "0" Pressure = "0" />
		<Point X = "143" Y = "246" T = "0" Pressure = "0" />
		<Point X = "138" Y = "243" T = "0" Pressure = "0" />
		<Point X = "130" Y = "237" T = "0" Pressure = "0" />
		<Point X = "124" Y = "233" T = "0" Pressure = "0" />
		<Point X = "119" Y = "228" T = "0" Pressure = "0" />
		<Point X = "116" Y = "225" T = "0" Pressure = "0" />
		<Point X = "112" Y = "222" T = "0" Pressure = "0" />
		<Point X = "110" Y = "221" T = "0" Pressure = "0" />
		<Point X = "110" Y = "220" T = "0" Pressure = "0" />
		<Point X = "109" Y = "219" T = "0" Pressure = "0" />
		<Point X = "108" Y = "219" T = "0" Pressure = "0" />
		<Point X = "105" Y = "217" T = "0" Pressure = "0" />
		<Point X = "102" Y = "215" T = "0" Pressure = "0" />
		<Point X = "99" Y = "214" T = "0" Pressure = "0" />
		<Point X = "96" Y = "212" T = "0" Pressure = "0" />
		<Point X = "94" Y = "212" T = "0" Pressure = "0" />
		<Point X = "93" Y = "212" T = "0" Pressure = "0" />
		<Point X = "93" Y = "211" T = "0" Pressure = "0" />
		<Point X = "92" Y = "210" T = "0" Pressure = "0" />
		<Point X = "91" Y = "209" T = "0" Pressure = "0" />
		<Point X = "90" Y = "209" T = "0" Pressure = "0" />
		<Point X = "88" Y = "207" T = "0" Pressure = "0" />
		<Point X = "87" Y = "207" T = "0" Pressure = "0" />
		<Point X = "86" Y = "207" T = "0" Pressure = "0" />
		<Point X = "85" Y = "206" T = "0" Pressure = "0" />
		<Point X = "85" Y = "205" T = "0" Pressure = "0" />
		<Point X = "85" Y = "204" T = "0" Pressure = "0" />
		<Point X = "85" Y = "203" T = "0" Pressure = "0" />
		<Point X = "85" Y = "202" T = "0" Pressure = "0" />
		<Point X = "85" Y = "201" T = "0" Pressure = "0" />
		<Point X = "85" Y = "200" T = "0" Pressure = "0" />
		<Point X = "85" Y = "199" T = "0" Pressure = "0" />
	</Stroke>
</Gesture>
