<?xml version="1.0" encoding="utf-8" standalone="yes"?>
<Gesture Name = "star">
	<Stroke>
		<Point X = "120" Y = "217" T = "0" Pressure = "0" />
		<Point X = "121" Y = "217" T = "0" Pressure = "0" />
		<Point X = "123" Y = "217" T = "0" Pressure = "0" />
		<Point X = "124" Y = "216" T = "0" Pressure = "0" />
		<Point X = "125" Y = "216" T = "0" Pressure = "0" />
		<Point X = "127" Y = "216" T = "0" Pressure = "0" />
		<Point X = "129" Y = "216" T = "0" Pressure = "0" />
		<Point X = "132" Y = "216" T = "0" Pressure = "0" />
		<Point X = "136" Y = "216" T = "0" Pressure = "0" />
		<Point X = "140" Y = "216" T = "0" Pressure = "0" />
		<Point X = "144" Y = "216" T = "0" Pressure = "0" />
		<Point X = "148" Y = "216" T = "0" Pressure = "0" />
		<Point X = "153" Y = "216" T = "0" Pressure = "0" />
		<Point X = "157" Y = "216" T = "0" Pressure = "0" />
		<Point X = "159" Y = "216" T = "0" Pressure = "0" />
		<Point X = "161" Y = "216" T = "0" Pressure = "0" />
		<Point X = "163" Y = "216" T = "0" Pressure = "0" />
		<Point X = "164" Y = "216" T = "0" Pressure = "0" />
		<Point X = "167" Y = "216" T = "0" Pressure = "0" />
		<Point X = "171" Y = "216" T = "0" Pressure = "0" />
		<Point X = "177" Y = "216" T = "0" Pressure = "0" />
		<Point X = "186" Y = "217" T = "0" Pressure = "0" />
		<Point X = "192" Y = "217" T = "0" Pressure = "0" />
		<Point X = "202" Y = "217" T = "0" Pressure = "0" />
		<Point X = "210" Y = "217" T = "0" Pressure = "0" />
		<Point X = "215" Y = "217" T = "0" Pressure = "0" />
		<Point X = "218" Y = "217" T = "0" Pressure = "0" />
		<Point X = "221" Y = "217" T = "0" Pressure = "0" />
		<Point X = "223" Y = "218" T = "0" Pressure = "0" />
		<Point X = "225" Y = "218" T = "0" Pressure = "0" />
		<Point X = "227" Y = "218" T = "0" Pressure = "0" />
		<Point X = "231" Y = "217" T = "0" Pressure = "0" />
		<Point X = "235" Y = "216" T = "0" Pressure = "0" />
		<Point X = "241" Y = "215" T = "0" Pressure = "0" />
		<Point X = "244" Y = "215" T = "0" Pressure = "0" />
		<Point X = "250" Y = "213" T = "0" Pressure = "0" />
		<Point X = "252" Y = "213" T = "0" Pressure = "0" />
		<Point X = "253" Y = "213" T = "0" Pressure = "0" />
		<Point X = "255" Y = "213" T = "0" Pressure = "0" />
		<Point X = "255" Y = "212" T = "0" Pressure = "0" />
		<Point X = "256" Y = "212" T = "0" Pressure = "0" />
		<Point X = "256" Y = "213" T = "0" Pressure = "0" />
		<Point X = "254" Y = "215" T = "0" Pressure = "0" />
		<Point X = "253" Y = "216" T = "0" Pressure = "0" />
		<Point X = "250" Y = "218" T = "0" Pressure = "0" />
		<Point X = "248" Y = "221" T = "0" Pressure = "0" />
		<Point X = "246" Y = "222" T = "0" Pressure = "0" />
		<Point X = "243" Y = "227" T = "0" Pressure = "0" />
		<Point X = "240" Y = "229" T = "0" Pressure = "0" />
		<Point X = "238" Y = "232" T = "0" Pressure = "0" />
		<Point X = "237" Y = "233" T = "0" Pressure = "0" />
		<Point X = "233" Y = "236" T = "0" Pressure = "0" />
		<Point X = "232" Y = "237" T = "0" Pressure = "0" />
		<Point X = "229" Y = "239" T = "0" Pressure = "0" />
		<Point X = "227" Y = "240" T = "0" Pressure = "0" />
		<Point X = "225" Y = "241" T = "0" Pressure = "0" />
		<Point X = "220" Y = "244" T = "0" Pressure = "0" />
		<Point X = "214" Y = "248" T = "0" Pressure = "0" />
		<Point X = "211" Y = "249" T = "0" Pressure = "0" />
		<Point X = "206" Y = "253" T = "0" Pressure = "0" />
		<Point X = "201" Y = "258" T = "0" Pressure = "0" />
		<Point X = "196" Y = "261" T = "0" Pressure = "0" />
		<Point X = "193" Y = "264" T = "0" Pressure = "0" />
		<Point X = "189" Y = "266" T = "0" Pressure = "0" />
		<Point X = "187" Y = "267" T = "0" Pressure = "0" />
		<Point X = "185" Y = "269" T = "0" Pressure = "0" />
		<Point X = "182" Y = "271" T = "0" Pressure = "0" />
		<Point X = "180" Y = "273" T = "0" Pressure = "0" />
		<Point X = "178" Y = "274" T = "0" Pressure = "0" />
		<Point X = "175" Y = "276" T = "0" Pressure = "0" />
		<Point X = "172" Y = "277" T = "0" Pressure = "0" />
		<Point X = "171" Y = "279" T = "0" Pressure = "0" />
		<Point X = "168" Y = "279" T = "0" Pressure = "0" />
		<Point X = "166" Y = "282" T = "0" Pressure = "0" />
		<Point X = "164" Y = "283" T = "0" Pressure = "0" />
		<Point X = "161" Y = "284" T = "0" Pressure = "0" />
		<Point X = "159" Y = "285" T = "0" Pressure = "0" />
		<Point X = "158" Y = "286" T = "0" Pressure = "0" />
		<Point X = "157" Y = "286" T = "0" Pressure = "0" />
		<Point X = "156" Y = "287" T = "0" Pressure = "0" />
		<Point X = "154" Y = "287" T = "0" Pressure = "0" />
		<Point X = "153" Y = "288" T = "0" Pressure = "0" />
		<Point X = "153" Y = "287" T = "0" Pressure = "0" />
		<Point X = "153" Y = "285" T = "0" Pressure = "0" />
		<Point X = "153" Y = "283" T = "0" Pressure = "0" />
		<Point X = "153" Y = "282" T = "0" Pressure = "0" />
		<Point X = "153" Y = "280" T = "0" Pressure = "0" />
		<Point X = "153" Y = "278" T = "0" Pressure = "0" />
		<Point X = "153" Y = "275" T = "0" Pressure = "0" />
		<Point X = "154" Y = "270" T = "0" Pressure = "0" />
		<Point X = "155" Y = "266" T = "0" Pressure = "0" />
		<Point X = "160" Y = "261" T = "0" Pressure = "0" />
		<Point X = "165" Y = "254" T = "0" Pressure = "0" />
		<Point X = "165" Y = "251" T = "0" Pressure = "0" />
		<Point X = "168" Y = "245" T = "0" Pressure = "0" />
		<Point X = "170" Y = "242" T = "0" Pressure = "0" />
		<Point X = "171" Y = "237" T = "0" Pressure = "0" />
		<Point X = "176" Y = "230" T = "0" Pressure = "0" />
		<Point X = "178" Y = "224" T = "0" Pressure = "0" />
		<Point X = "180" Y = "218" T = "0" Pressure = "0" />
		<Point X = "180" Y = "212" T = "0" Pressure = "0" />
		<Point X = "181" Y = "208" T = "0" Pressure = "0" />
		<Point X = "181" Y = "204" T = "0" Pressure = "0" />
		<Point X = "182" Y = "201" T = "0" Pressure = "0" />
		<Point X = "183" Y = "200" T = "0" Pressure = "0" />
		<Point X = "183" Y = "198" T = "0" Pressure = "0" />
		<Point X = "184" Y = "196" T = "0" Pressure = "0" />
		<Point X = "184" Y = "195" T = "0" Pressure = "0" />
		<Point X = "185" Y = "193" T = "0" Pressure = "0" />
		<Point X = "186" Y = "189" T = "0" Pressure = "0" />
		<Point X = "187" Y = "186" T = "0" Pressure = "0" />
		<Point X = "188" Y = "184" T = "0" Pressure = "0" />
		<Point X = "190" Y = "179" T = "0" Pressure = "0" />
		<Point X = "190" Y = "176" T = "0" Pressure = "0" />
		<Point X = "192" Y = "171" T = "0" Pressure = "0" />
		<Point X = "192" Y = "169" T = "0" Pressure = "0" />
		<Point X = "192" Y = "166" T = "0" Pressure = "0" />
		<Point X = "192" Y = "164" T = "0" Pressure = "0" />
		<Point X = "193" Y = "162" T = "0" Pressure = "0" />
		<Point X = "194" Y = "160" T = "0" Pressure = "0" />
		<Point X = "195" Y = "159" T = "0" Pressure = "0" />
		<Point X = "195" Y = "158" T = "0" Pressure = "0" />
		<Point X = "196" Y = "157" T = "0" Pressure = "0" />
		<Point X = "197" Y = "157" T = "0" Pressure = "0" />
		<Point X = "198" Y = "157" T = "0" Pressure = "0" />
		<Point X = "199" Y = "157" T = "0" Pressure = "0" />
		<Point X = "201" Y = "159" T = "0" Pressure = "0" />
		<Point X = "201" Y = "161" T = "0" Pressure = "0" />
		<Point X = "203" Y = "164" T = "0" Pressure = "0" />
		<Point X = "205" Y = "167" T = "0" Pressure = "0" />
		<Point X = "206" Y = "172" T = "0" Pressure = "0" />
		<Point X = "207" Y = "175" T = "0" Pressure = "0" />
		<Point X = "210" Y = "180" T = "0" Pressure = "0" />
		<Point X = "212" Y = "186" T = "0" Pressure = "0" />
		<Point X = "215" Y = "191" T = "0" Pressure = "0" />
		<Point X = "217" Y = "194" T = "0" Pressure = "0" />
		<Point X = "219" Y = "199" T = "0" Pressure = "0" />
		<Point X = "221" Y = "202" T = "0" Pressure = "0" />
		<Point X = "224" Y = "206" T = "0" Pressure = "0" />
		<Point X = "226" Y = "209" T = "0" Pressure = "0" />
		<Point X = "226" Y = "212" T = "0" Pressure = "0" />
		<Point X = "227" Y = "214" T = "0" Pressure = "0" />
		<Point X = "228" Y = "218" T = "0" Pressure = "0" />
		<Point X = "228" Y = "220" T = "0" Pressure = "0" />
		<Point X = "228" Y = "222" T = "0" Pressure = "0" />
		<Point X = "228" Y = "225" T = "0" Pressure = "0" />
		<Point X = "229" Y = "229" T = "0" Pressure = "0" />
		<Point X = "230" Y = "234" T = "0" Pressure = "0" />
		<Point X = "232" Y = "240" T = "0" Pressure = "0" />
		<Point X = "232" Y = "244" T = "0" Pressure = "0" />
		<Point X = "233" Y = "250" T = "0" Pressure = "0" />
		<Point X = "233" Y = "253" T = "0" Pressure = "0" />
		<Point X = "233" Y = "256" T = "0" Pressure = "0" />
		<Point X = "233" Y = "257" T = "0" Pressure = "0" />
		<Point X = "234" Y = "258" T = "0" Pressure = "0" />
		<Point X = "235" Y = "260" T = "0" Pressure = "0" />
		<Point X = "235" Y = "261" T = "0" Pressure = "0" />
		<Point X = "236" Y = "262" T = "0" Pressure = "0" />
		<Point X = "236" Y = "263" T = "0" Pressure = "0" />
		<Point X = "237" Y = "266" T = "0" Pressure = "0" />
		<Point X = "240" Y = "268" T = "0" Pressure = "0" />
		<Point X = "241" Y = "272" T = "0" Pressure = "0" />
		<Point X = "242" Y = "275" T = "0" Pressure = "0" />
		<Point X = "244" Y = "277" T = "0" Pressure = "0" />
		<Point X = "245" Y = "280" T = "0" Pressure = "0" />
		<Point X = "245" Y = "283" T = "0" Pressure = "0" />
		<Point X = "245" Y = "285" T = "0" Pressure = "0" />
		<Point X = "245" Y = "287" T = "0" Pressure = "0" />
		<Point X = "246" Y = "288" T = "0" Pressure = "0" />
		<Point X = "247" Y = "290" T = "0" Pressure = "0" />
		<Point X = "247" Y = "293" T = "0" Pressure = "0" />
		<Point X = "247" Y = "294" T = "0" Pressure = "0" />
		<Point X = "247" Y = "295" T = "0" Pressure = "0" />
		<Point X = "248" Y = "297" T = "0" Pressure = "0" />
		<Point X = "248" Y = "298" T = "0" Pressure = "0" />
		<Point X = "247" Y = "298" T = "0" Pressure = "0" />
		<Point X = "244" Y = "298" T = "0" Pressure = "0" />
		<Point X = "242" Y = "297" T = "0" Pressure = "0" />
		<Point X = "241" Y = "297" T = "0" Pressure = "0" />
		<Point X = "240" Y = "296" T = "0" Pressure = "0" />
		<Point X = "237" Y = "296" T = "0" Pressure = "0" />
		<Point X = "235" Y = "294" T = "0" Pressure = "0" />
		<Point X = "232" Y = "293" T = "0" Pressure = "0" />
		<Point X = "228" Y = "291" T = "0" Pressure = "0" />
		<Point X = "225" Y = "289" T = "0" Pressure = "0" />
		<Point X = "219" Y = "286" T = "0" Pressure = "0" />
		<Point X = "214" Y = "282" T = "0" Pressure = "0" />
		<Point X = "210" Y = "280" T = "0" Pressure = "0" />
		<Point X = "208" Y = "278" T = "0" Pressure = "0" />
		<Point X = "206" Y = "276" T = "0" Pressure = "0" />
		<Point X = "205" Y = "275" T = "0" Pressure = "0" />
		<Point X = "204" Y = "273" T = "0" Pressure = "0" />
		<Point X = "202" Y = "271" T = "0" Pressure = "0" />
		<Point X = "201" Y = "269" T = "0" Pressure = "0" />
		<Point X = "200" Y = "268" T = "0" Pressure = "0" />
		<Point X = "199" Y = "266" T = "0" Pressure = "0" />
		<Point X = "197" Y = "265" T = "0" Pressure = "0" />
		<Point X = "196" Y = "264" T = "0" Pressure = "0" />
		<Point X = "190" Y = "262" T = "0" Pressure = "0" />
		<Point X = "188" Y = "261" T = "0" Pressure = "0" />
		<Point X = "185" Y = "260" T = "0" Pressure = "0" />
		<Point X = "183" Y = "259" T = "0" Pressure = "0" />
		<Point X = "182" Y = "258" T = "0" Pressure = "0" />
		<Point X = "181" Y = "257" T = "0" Pressure = "0" />
		<Point X = "180" Y = "257" T = "0" Pressure = "0" />
		<Point X = "179" Y = "256" T = "0" Pressure = "0" />
		<Point X = "178" Y = "255" T = "0" Pressure = "0" />
		<Point X = "177" Y = "254" T = "0" Pressure = "0" />
		<Point X = "177" Y = "253" T = "0" Pressure = "0" />
		<Point X = "176" Y = "252" T = "0" Pressure = "0" />
		<Point X = "172" Y = "249" T = "0" Pressure = "0" />
		<Point X = "170" Y = "246" T = "0" Pressure = "0" />
		<Point X = "168" Y = "243" T = "0" Pressure = "0" />
		<Point X = "166" Y = "240" T = "0" Pressure = "0" />
		<Point X = "163" Y = "238" T = "0" Pressure = "0" />
		<Point X = "160" Y = "236" T = "0" Pressure = "0" />
		<Point X = "158" Y = "234" T = "0" Pressure = "0" />
		<Point X = "156" Y = "233" T = "0" Pressure = "0" />
		<Point X = "154" Y = "233" T = "0" Pressure = "0" />
		<Point X = "153" Y = "233" T = "0" Pressure = "0" />
		<Point X = "150" Y = "233" T = "0" Pressure = "0" />
		<Point X = "149" Y = "231" T = "0" Pressure = "0" />
		<Point X = "148" Y = "231" T = "0" Pressure = "0" />
		<Point X = "147" Y = "231" T = "0" Pressure = "0" />
		<Point X = "146" Y = "230" T = "0" Pressure = "0" />
		<Point X = "144" Y = "229" T = "0" Pressure = "0" />
		<Point X = "142" Y = "227" T = "0" Pressure = "0" />
		<Point X = "141" Y = "225" T = "0" Pressure = "0" />
		<Point X = "139" Y = "225" T = "0" Pressure = "0" />
		<Point X = "138" Y = "223" T = "0" Pressure = "0" />
		<Point X = "135" Y = "222" T = "0" Pressure = "0" />
		<Point X = "134" Y = "220" T = "0" Pressure = "0" />
		<Point X = "132" Y = "220" T = "0" Pressure = "0" />
		<Point X = "132" Y = "219" T = "0" Pressure = "0" />
		<Point X = "130" Y = "218" T = "0" Pressure = "0" />
		<Point X = "128" Y = "217" T = "0" Pressure = "0" />
		<Point X = "127" Y = "216" T = "0" Pressure = "0" />
		<Point X = "126" Y = "216" T = "0" Pressure = "0" />
		<Point X = "125" Y = "215" T = "0" Pressure = "0" />
		<Point X = "122" Y = "213" T = "0" Pressure = "0" />
		<Point X = "122" Y = "212" T = "0" Pressure = "0" />
	</Stroke>
</Gesture>
