<?xml version="1.0" encoding="utf-8" standalone="yes"?>
<Gesture Name = "star">
	<Stroke>
		<Point X = "302" Y = "153" T = "0" Pressure = "0" />
		<Point X = "304" Y = "153" T = "0" Pressure = "0" />
		<Point X = "305" Y = "153" T = "0" Pressure = "0" />
		<Point X = "306" Y = "153" T = "0" Pressure = "0" />
		<Point X = "309" Y = "153" T = "0" Pressure = "0" />
		<Point X = "312" Y = "153" T = "0" Pressure = "0" />
		<Point X = "314" Y = "153" T = "0" Pressure = "0" />
		<Point X = "316" Y = "153" T = "0" Pressure = "0" />
		<Point X = "317" Y = "153" T = "0" Pressure = "0" />
		<Point X = "320" Y = "153" T = "0" Pressure = "0" />
		<Point X = "323" Y = "154" T = "0" Pressure = "0" />
		<Point X = "325" Y = "154" T = "0" Pressure = "0" />
		<Point X = "329" Y = "156" T = "0" Pressure = "0" />
		<Point X = "333" Y = "156" T = "0" Pressure = "0" />
		<Point X = "340" Y = "157" T = "0" Pressure = "0" />
		<Point X = "347" Y = "158" T = "0" Pressure = "0" />
		<Point X = "356" Y = "158" T = "0" Pressure = "0" />
		<Point X = "361" Y = "158" T = "0" Pressure = "0" />
		<Point X = "364" Y = "158" T = "0" Pressure = "0" />
		<Point X = "367" Y = "158" T = "0" Pressure = "0" />
		<Point X = "370" Y = "158" T = "0" Pressure = "0" />
		<Point X = "372" Y = "158" T = "0" Pressure = "0" />
		<Point X = "374" Y = "158" T = "0" Pressure = "0" />
		<Point X = "378" Y = "157" T = "0" Pressure = "0" />
		<Point X = "381" Y = "157" T = "0" Pressure = "0" />
		<Point X = "384" Y = "157" T = "0" Pressure = "0" />
		<Point X = "389" Y = "157" T = "0" Pressure = "0" />
		<Point X = "392" Y = "157" T = "0" Pressure = "0" />
		<Point X = "394" Y = "157" T = "0" Pressure = "0" />
		<Point X = "395" Y = "157" T = "0" Pressure = "0" />
		<Point X = "396" Y = "157" T = "0" Pressure = "0" />
		<Point X = "395" Y = "157" T = "0" Pressure = "0" />
		<Point X = "392" Y = "160" T = "0" Pressure = "0" />
		<Point X = "389" Y = "164" T = "0" Pressure = "0" />
		<Point X = "387" Y = "168" T = "0" Pressure = "0" />
		<Point X = "384" Y = "171" T = "0" Pressure = "0" />
		<Point X = "380" Y = "176" T = "0" Pressure = "0" />
		<Point X = "377" Y = "180" T = "0" Pressure = "0" />
		<Point X = "376" Y = "183" T = "0" Pressure = "0" />
		<Point X = "373" Y = "187" T = "0" Pressure = "0" />
		<Point X = "369" Y = "190" T = "0" Pressure = "0" />
		<Point X = "366" Y = "194" T = "0" Pressure = "0" />
		<Point X = "362" Y = "198" T = "0" Pressure = "0" />
		<Point X = "360" Y = "200" T = "0" Pressure = "0" />
		<Point X = "355" Y = "205" T = "0" Pressure = "0" />
		<Point X = "351" Y = "208" T = "0" Pressure = "0" />
		<Point X = "347" Y = "212" T = "0" Pressure = "0" />
		<Point X = "342" Y = "217" T = "0" Pressure = "0" />
		<Point X = "340" Y = "220" T = "0" Pressure = "0" />
		<Point X = "336" Y = "223" T = "0" Pressure = "0" />
		<Point X = "334" Y = "224" T = "0" Pressure = "0" />
		<Point X = "330" Y = "228" T = "0" Pressure = "0" />
		<Point X = "328" Y = "229" T = "0" Pressure = "0" />
		<Point X = "326" Y = "230" T = "0" Pressure = "0" />
		<Point X = "324" Y = "232" T = "0" Pressure = "0" />
		<Point X = "323" Y = "232" T = "0" Pressure = "0" />
		<Point X = "323" Y = "233" T = "0" Pressure = "0" />
		<Point X = "321" Y = "233" T = "0" Pressure = "0" />
		<Point X = "320" Y = "235" T = "0" Pressure = "0" />
		<Point X = "319" Y = "236" T = "0" Pressure = "0" />
		<Point X = "317" Y = "238" T = "0" Pressure = "0" />
		<Point X = "315" Y = "239" T = "0" Pressure = "0" />
		<Point X = "313" Y = "240" T = "0" Pressure = "0" />
		<Point X = "312" Y = "241" T = "0" Pressure = "0" />
		<Point X = "312" Y = "240" T = "0" Pressure = "0" />
		<Point X = "312" Y = "238" T = "0" Pressure = "0" />
		<Point X = "314" Y = "233" T = "0" Pressure = "0" />
		<Point X = "316" Y = "229" T = "0" Pressure = "0" />
		<Point X = "320" Y = "222" T = "0" Pressure = "0" />
		<Point X = "324" Y = "214" T = "0" Pressure = "0" />
		<Point X = "325" Y = "208" T = "0" Pressure = "0" />
		<Point X = "329" Y = "202" T = "0" Pressure = "0" />
		<Point X = "332" Y = "196" T = "0" Pressure = "0" />
		<Point X = "334" Y = "189" T = "0" Pressure = "0" />
		<Point X = "338" Y = "181" T = "0" Pressure = "0" />
		<Point X = "340" Y = "174" T = "0" Pressure = "0" />
		<Point X = "341" Y = "168" T = "0" Pressure = "0" />
		<Point X = "342" Y = "164" T = "0" Pressure = "0" />
		<Point X = "343" Y = "159" T = "0" Pressure = "0" />
		<Point X = "344" Y = "155" T = "0" Pressure = "0" />
		<Point X = "345" Y = "152" T = "0" Pressure = "0" />
		<Point X = "347" Y = "147" T = "0" Pressure = "0" />
		<Point X = "347" Y = "145" T = "0" Pressure = "0" />
		<Point X = "347" Y = "143" T = "0" Pressure = "0" />
		<Point X = "348" Y = "138" T = "0" Pressure = "0" />
		<Point X = "348" Y = "137" T = "0" Pressure = "0" />
		<Point X = "349" Y = "133" T = "0" Pressure = "0" />
		<Point X = "349" Y = "130" T = "0" Pressure = "0" />
		<Point X = "350" Y = "127" T = "0" Pressure = "0" />
		<Point X = "351" Y = "125" T = "0" Pressure = "0" />
		<Point X = "352" Y = "123" T = "0" Pressure = "0" />
		<Point X = "352" Y = "119" T = "0" Pressure = "0" />
		<Point X = "353" Y = "117" T = "0" Pressure = "0" />
		<Point X = "353" Y = "114" T = "0" Pressure = "0" />
		<Point X = "355" Y = "112" T = "0" Pressure = "0" />
		<Point X = "355" Y = "111" T = "0" Pressure = "0" />
		<Point X = "355" Y = "110" T = "0" Pressure = "0" />
		<Point X = "355" Y = "111" T = "0" Pressure = "0" />
		<Point X = "355" Y = "114" T = "0" Pressure = "0" />
		<Point X = "355" Y = "117" T = "0" Pressure = "0" />
		<Point X = "355" Y = "121" T = "0" Pressure = "0" />
		<Point X = "357" Y = "126" T = "0" Pressure = "0" />
		<Point X = "359" Y = "132" T = "0" Pressure = "0" />
		<Point X = "360" Y = "139" T = "0" Pressure = "0" />
		<Point X = "361" Y = "149" T = "0" Pressure = "0" />
		<Point X = "362" Y = "157" T = "0" Pressure = "0" />
		<Point X = "365" Y = "164" T = "0" Pressure = "0" />
		<Point X = "368" Y = "172" T = "0" Pressure = "0" />
		<Point X = "369" Y = "179" T = "0" Pressure = "0" />
		<Point X = "369" Y = "183" T = "0" Pressure = "0" />
		<Point X = "370" Y = "186" T = "0" Pressure = "0" />
		<Point X = "371" Y = "188" T = "0" Pressure = "0" />
		<Point X = "371" Y = "191" T = "0" Pressure = "0" />
		<Point X = "374" Y = "196" T = "0" Pressure = "0" />
		<Point X = "374" Y = "198" T = "0" Pressure = "0" />
		<Point X = "375" Y = "200" T = "0" Pressure = "0" />
		<Point X = "376" Y = "203" T = "0" Pressure = "0" />
		<Point X = "377" Y = "204" T = "0" Pressure = "0" />
		<Point X = "378" Y = "206" T = "0" Pressure = "0" />
		<Point X = "379" Y = "208" T = "0" Pressure = "0" />
		<Point X = "380" Y = "210" T = "0" Pressure = "0" />
		<Point X = "381" Y = "211" T = "0" Pressure = "0" />
		<Point X = "382" Y = "213" T = "0" Pressure = "0" />
		<Point X = "383" Y = "214" T = "0" Pressure = "0" />
		<Point X = "385" Y = "217" T = "0" Pressure = "0" />
		<Point X = "385" Y = "218" T = "0" Pressure = "0" />
		<Point X = "386" Y = "219" T = "0" Pressure = "0" />
		<Point X = "386" Y = "221" T = "0" Pressure = "0" />
		<Point X = "387" Y = "222" T = "0" Pressure = "0" />
		<Point X = "389" Y = "226" T = "0" Pressure = "0" />
		<Point X = "389" Y = "227" T = "0" Pressure = "0" />
		<Point X = "390" Y = "228" T = "0" Pressure = "0" />
		<Point X = "390" Y = "229" T = "0" Pressure = "0" />
		<Point X = "390" Y = "231" T = "0" Pressure = "0" />
		<Point X = "390" Y = "232" T = "0" Pressure = "0" />
		<Point X = "388" Y = "232" T = "0" Pressure = "0" />
		<Point X = "386" Y = "232" T = "0" Pressure = "0" />
		<Point X = "385" Y = "232" T = "0" Pressure = "0" />
		<Point X = "383" Y = "231" T = "0" Pressure = "0" />
		<Point X = "382" Y = "231" T = "0" Pressure = "0" />
		<Point X = "379" Y = "227" T = "0" Pressure = "0" />
		<Point X = "376" Y = "226" T = "0" Pressure = "0" />
		<Point X = "373" Y = "223" T = "0" Pressure = "0" />
		<Point X = "371" Y = "220" T = "0" Pressure = "0" />
		<Point X = "368" Y = "218" T = "0" Pressure = "0" />
		<Point X = "364" Y = "216" T = "0" Pressure = "0" />
		<Point X = "362" Y = "214" T = "0" Pressure = "0" />
		<Point X = "360" Y = "212" T = "0" Pressure = "0" />
		<Point X = "356" Y = "208" T = "0" Pressure = "0" />
		<Point X = "354" Y = "206" T = "0" Pressure = "0" />
		<Point X = "351" Y = "202" T = "0" Pressure = "0" />
		<Point X = "348" Y = "198" T = "0" Pressure = "0" />
		<Point X = "346" Y = "194" T = "0" Pressure = "0" />
		<Point X = "344" Y = "190" T = "0" Pressure = "0" />
		<Point X = "343" Y = "188" T = "0" Pressure = "0" />
		<Point X = "341" Y = "185" T = "0" Pressure = "0" />
		<Point X = "340" Y = "183" T = "0" Pressure = "0" />
		<Point X = "339" Y = "182" T = "0" Pressure = "0" />
		<Point X = "338" Y = "181" T = "0" Pressure = "0" />
		<Point X = "338" Y = "178" T = "0" Pressure = "0" />
		<Point X = "336" Y = "177" T = "0" Pressure = "0" />
		<Point X = "336" Y = "175" T = "0" Pressure = "0" />
		<Point X = "335" Y = "174" T = "0" Pressure = "0" />
		<Point X = "333" Y = "173" T = "0" Pressure = "0" />
		<Point X = "333" Y = "171" T = "0" Pressure = "0" />
		<Point X = "332" Y = "171" T = "0" Pressure = "0" />
		<Point X = "332" Y = "169" T = "0" Pressure = "0" />
		<Point X = "332" Y = "168" T = "0" Pressure = "0" />
		<Point X = "331" Y = "167" T = "0" Pressure = "0" />
		<Point X = "330" Y = "167" T = "0" Pressure = "0" />
		<Point X = "329" Y = "166" T = "0" Pressure = "0" />
		<Point X = "328" Y = "165" T = "0" Pressure = "0" />
		<Point X = "326" Y = "164" T = "0" Pressure = "0" />
		<Point X = "325" Y = "163" T = "0" Pressure = "0" />
		<Point X = "324" Y = "162" T = "0" Pressure = "0" />
		<Point X = "323" Y = "161" T = "0" Pressure = "0" />
		<Point X = "322" Y = "161" T = "0" Pressure = "0" />
		<Point X = "321" Y = "160" T = "0" Pressure = "0" />
		<Point X = "319" Y = "159" T = "0" Pressure = "0" />
		<Point X = "318" Y = "159" T = "0" Pressure = "0" />
		<Point X = "317" Y = "158" T = "0" Pressure = "0" />
		<Point X = "316" Y = "158" T = "0" Pressure = "0" />
		<Point X = "316" Y = "157" T = "0" Pressure = "0" />
		<Point X = "315" Y = "156" T = "0" Pressure = "0" />
		<Point X = "313" Y = "155" T = "0" Pressure = "0" />
		<Point X = "313" Y = "154" T = "0" Pressure = "0" />
		<Point X = "312" Y = "154" T = "0" Pressure = "0" />
		<Point X = "312" Y = "153" T = "0" Pressure = "0" />
		<Point X = "311" Y = "153" T = "0" Pressure = "0" />
		<Point X = "310" Y = "152" T = "0" Pressure = "0" />
		<Point X = "309" Y = "152" T = "0" Pressure = "0" />
		<Point X = "308" Y = "152" T = "0" Pressure = "0" />
	</Stroke>
</Gesture>
