<?xml version="1.0" encoding="utf-8" standalone="yes"?>
<Gesture Name = "star">
	<Stroke>
		<Point X = "107" Y = "97" T = "0" Pressure = "0" />
		<Point X = "108" Y = "97" T = "0" Pressure = "0" />
		<Point X = "113" Y = "97" T = "0" Pressure = "0" />
		<Point X = "116" Y = "98" T = "0" Pressure = "0" />
		<Point X = "121" Y = "100" T = "0" Pressure = "0" />
		<Point X = "125" Y = "102" T = "0" Pressure = "0" />
		<Point X = "130" Y = "104" T = "0" Pressure = "0" />
		<Point X = "136" Y = "106" T = "0" Pressure = "0" />
		<Point X = "143" Y = "107" T = "0" Pressure = "0" />
		<Point X = "150" Y = "108" T = "0" Pressure = "0" />
		<Point X = "161" Y = "110" T = "0" Pressure = "0" />
		<Point X = "172" Y = "111" T = "0" Pressure = "0" />
		<Point X = "185" Y = "111" T = "0" Pressure = "0" />
		<Point X = "202" Y = "111" T = "0" Pressure = "0" />
		<Point X = "222" Y = "111" T = "0" Pressure = "0" />
		<Point X = "239" Y = "111" T = "0" Pressure = "0" />
		<Point X = "255" Y = "111" T = "0" Pressure = "0" />
		<Point X = "269" Y = "111" T = "0" Pressure = "0" />
		<Point X = "280" Y = "111" T = "0" Pressure = "0" />
		<Point X = "288" Y = "111" T = "0" Pressure = "0" />
		<Point X = "292" Y = "111" T = "0" Pressure = "0" />
		<Point X = "294" Y = "111" T = "0" Pressure = "0" />
		<Point X = "296" Y = "111" T = "0" Pressure = "0" />
		<Point X = "297" Y = "112" T = "0" Pressure = "0" />
		<Point X = "299" Y = "112" T = "0" Pressure = "0" />
		<Point X = "299" Y = "113" T = "0" Pressure = "0" />
		<Point X = "299" Y = "114" T = "0" Pressure = "0" />
		<Point X = "299" Y = "115" T = "0" Pressure = "0" />
		<Point X = "299" Y = "116" T = "0" Pressure = "0" />
		<Point X = "299" Y = "118" T = "0" Pressure = "0" />
		<Point X = "299" Y = "120" T = "0" Pressure = "0" />
		<Point X = "299" Y = "121" T = "0" Pressure = "0" />
		<Point X = "299" Y = "123" T = "0" Pressure = "0" />
		<Point X = "299" Y = "125" T = "0" Pressure = "0" />
		<Point X = "299" Y = "126" T = "0" Pressure = "0" />
		<Point X = "298" Y = "128" T = "0" Pressure = "0" />
		<Point X = "296" Y = "129" T = "0" Pressure = "0" />
		<Point X = "292" Y = "131" T = "0" Pressure = "0" />
		<Point X = "291" Y = "132" T = "0" Pressure = "0" />
		<Point X = "288" Y = "134" T = "0" Pressure = "0" />
		<Point X = "284" Y = "137" T = "0" Pressure = "0" />
		<Point X = "279" Y = "141" T = "0" Pressure = "0" />
		<Point X = "271" Y = "147" T = "0" Pressure = "0" />
		<Point X = "266" Y = "152" T = "0" Pressure = "0" />
		<Point X = "260" Y = "157" T = "0" Pressure = "0" />
		<Point X = "254" Y = "162" T = "0" Pressure = "0" />
		<Point X = "249" Y = "167" T = "0" Pressure = "0" />
		<Point X = "243" Y = "171" T = "0" Pressure = "0" />
		<Point X = "239" Y = "173" T = "0" Pressure = "0" />
		<Point X = "235" Y = "176" T = "0" Pressure = "0" />
		<Point X = "232" Y = "177" T = "0" Pressure = "0" />
		<Point X = "229" Y = "177" T = "0" Pressure = "0" />
		<Point X = "226" Y = "179" T = "0" Pressure = "0" />
		<Point X = "223" Y = "181" T = "0" Pressure = "0" />
		<Point X = "220" Y = "182" T = "0" Pressure = "0" />
		<Point X = "214" Y = "184" T = "0" Pressure = "0" />
		<Point X = "210" Y = "186" T = "0" Pressure = "0" />
		<Point X = "205" Y = "189" T = "0" Pressure = "0" />
		<Point X = "201" Y = "192" T = "0" Pressure = "0" />
		<Point X = "197" Y = "194" T = "0" Pressure = "0" />
		<Point X = "193" Y = "195" T = "0" Pressure = "0" />
		<Point X = "189" Y = "198" T = "0" Pressure = "0" />
		<Point X = "184" Y = "200" T = "0" Pressure = "0" />
		<Point X = "180" Y = "204" T = "0" Pressure = "0" />
		<Point X = "177" Y = "205" T = "0" Pressure = "0" />
		<Point X = "173" Y = "209" T = "0" Pressure = "0" />
		<Point X = "170" Y = "212" T = "0" Pressure = "0" />
		<Point X = "167" Y = "213" T = "0" Pressure = "0" />
		<Point X = "163" Y = "216" T = "0" Pressure = "0" />
		<Point X = "161" Y = "217" T = "0" Pressure = "0" />
		<Point X = "156" Y = "219" T = "0" Pressure = "0" />
		<Point X = "153" Y = "222" T = "0" Pressure = "0" />
		<Point X = "150" Y = "222" T = "0" Pressure = "0" />
		<Point X = "146" Y = "223" T = "0" Pressure = "0" />
		<Point X = "144" Y = "225" T = "0" Pressure = "0" />
		<Point X = "142" Y = "226" T = "0" Pressure = "0" />
		<Point X = "140" Y = "226" T = "0" Pressure = "0" />
		<Point X = "138" Y = "226" T = "0" Pressure = "0" />
		<Point X = "136" Y = "226" T = "0" Pressure = "0" />
		<Point X = "135" Y = "226" T = "0" Pressure = "0" />
		<Point X = "132" Y = "228" T = "0" Pressure = "0" />
		<Point X = "131" Y = "229" T = "0" Pressure = "0" />
		<Point X = "130" Y = "229" T = "0" Pressure = "0" />
		<Point X = "129" Y = "229" T = "0" Pressure = "0" />
		<Point X = "128" Y = "230" T = "0" Pressure = "0" />
		<Point X = "130" Y = "229" T = "0" Pressure = "0" />
		<Point X = "133" Y = "224" T = "0" Pressure = "0" />
		<Point X = "134" Y = "218" T = "0" Pressure = "0" />
		<Point X = "138" Y = "211" T = "0" Pressure = "0" />
		<Point X = "140" Y = "204" T = "0" Pressure = "0" />
		<Point X = "144" Y = "194" T = "0" Pressure = "0" />
		<Point X = "148" Y = "186" T = "0" Pressure = "0" />
		<Point X = "153" Y = "175" T = "0" Pressure = "0" />
		<Point X = "156" Y = "168" T = "0" Pressure = "0" />
		<Point X = "160" Y = "160" T = "0" Pressure = "0" />
		<Point X = "164" Y = "154" T = "0" Pressure = "0" />
		<Point X = "168" Y = "147" T = "0" Pressure = "0" />
		<Point X = "170" Y = "143" T = "0" Pressure = "0" />
		<Point X = "173" Y = "137" T = "0" Pressure = "0" />
		<Point X = "175" Y = "133" T = "0" Pressure = "0" />
		<Point X = "176" Y = "129" T = "0" Pressure = "0" />
		<Point X = "179" Y = "125" T = "0" Pressure = "0" />
		<Point X = "179" Y = "122" T = "0" Pressure = "0" />
		<Point X = "180" Y = "121" T = "0" Pressure = "0" />
		<Point X = "181" Y = "118" T = "0" Pressure = "0" />
		<Point X = "182" Y = "116" T = "0" Pressure = "0" />
		<Point X = "184" Y = "113" T = "0" Pressure = "0" />
		<Point X = "186" Y = "111" T = "0" Pressure = "0" />
		<Point X = "187" Y = "107" T = "0" Pressure = "0" />
		<Point X = "188" Y = "105" T = "0" Pressure = "0" />
		<Point X = "191" Y = "101" T = "0" Pressure = "0" />
		<Point X = "192" Y = "96" T = "0" Pressure = "0" />
		<Point X = "192" Y = "92" T = "0" Pressure = "0" />
		<Point X = "195" Y = "88" T = "0" Pressure = "0" />
		<Point X = "197" Y = "84" T = "0" Pressure = "0" />
		<Point X = "199" Y = "81" T = "0" Pressure = "0" />
		<Point X = "199" Y = "80" T = "0" Pressure = "0" />
		<Point X = "200" Y = "77" T = "0" Pressure = "0" />
		<Point X = "201" Y = "76" T = "0" Pressure = "0" />
		<Point X = "201" Y = "73" T = "0" Pressure = "0" />
		<Point X = "203" Y = "72" T = "0" Pressure = "0" />
		<Point X = "204" Y = "70" T = "0" Pressure = "0" />
		<Point X = "204" Y = "67" T = "0" Pressure = "0" />
		<Point X = "206" Y = "63" T = "0" Pressure = "0" />
		<Point X = "207" Y = "61" T = "0" Pressure = "0" />
		<Point X = "208" Y = "58" T = "0" Pressure = "0" />
		<Point X = "210" Y = "54" T = "0" Pressure = "0" />
		<Point X = "211" Y = "52" T = "0" Pressure = "0" />
		<Point X = "212" Y = "49" T = "0" Pressure = "0" />
		<Point X = "213" Y = "47" T = "0" Pressure = "0" />
		<Point X = "214" Y = "44" T = "0" Pressure = "0" />
		<Point X = "215" Y = "43" T = "0" Pressure = "0" />
		<Point X = "215" Y = "42" T = "0" Pressure = "0" />
		<Point X = "215" Y = "41" T = "0" Pressure = "0" />
		<Point X = "215" Y = "40" T = "0" Pressure = "0" />
		<Point X = "216" Y = "39" T = "0" Pressure = "0" />
		<Point X = "217" Y = "37" T = "0" Pressure = "0" />
		<Point X = "218" Y = "41" T = "0" Pressure = "0" />
		<Point X = "219" Y = "48" T = "0" Pressure = "0" />
		<Point X = "220" Y = "53" T = "0" Pressure = "0" />
		<Point X = "223" Y = "58" T = "0" Pressure = "0" />
		<Point X = "224" Y = "64" T = "0" Pressure = "0" />
		<Point X = "226" Y = "70" T = "0" Pressure = "0" />
		<Point X = "228" Y = "74" T = "0" Pressure = "0" />
		<Point X = "229" Y = "79" T = "0" Pressure = "0" />
		<Point X = "230" Y = "85" T = "0" Pressure = "0" />
		<Point X = "232" Y = "89" T = "0" Pressure = "0" />
		<Point X = "233" Y = "96" T = "0" Pressure = "0" />
		<Point X = "233" Y = "101" T = "0" Pressure = "0" />
		<Point X = "235" Y = "108" T = "0" Pressure = "0" />
		<Point X = "235" Y = "117" T = "0" Pressure = "0" />
		<Point X = "235" Y = "130" T = "0" Pressure = "0" />
		<Point X = "235" Y = "144" T = "0" Pressure = "0" />
		<Point X = "235" Y = "159" T = "0" Pressure = "0" />
		<Point X = "235" Y = "176" T = "0" Pressure = "0" />
		<Point X = "235" Y = "193" T = "0" Pressure = "0" />
		<Point X = "232" Y = "209" T = "0" Pressure = "0" />
		<Point X = "231" Y = "217" T = "0" Pressure = "0" />
		<Point X = "230" Y = "222" T = "0" Pressure = "0" />
		<Point X = "229" Y = "225" T = "0" Pressure = "0" />
		<Point X = "228" Y = "227" T = "0" Pressure = "0" />
		<Point X = "228" Y = "228" T = "0" Pressure = "0" />
		<Point X = "228" Y = "229" T = "0" Pressure = "0" />
		<Point X = "228" Y = "231" T = "0" Pressure = "0" />
		<Point X = "228" Y = "232" T = "0" Pressure = "0" />
		<Point X = "228" Y = "236" T = "0" Pressure = "0" />
		<Point X = "228" Y = "240" T = "0" Pressure = "0" />
		<Point X = "228" Y = "246" T = "0" Pressure = "0" />
		<Point X = "228" Y = "250" T = "0" Pressure = "0" />
		<Point X = "228" Y = "254" T = "0" Pressure = "0" />
		<Point X = "228" Y = "257" T = "0" Pressure = "0" />
		<Point X = "228" Y = "258" T = "0" Pressure = "0" />
		<Point X = "228" Y = "259" T = "0" Pressure = "0" />
		<Point X = "228" Y = "260" T = "0" Pressure = "0" />
		<Point X = "228" Y = "261" T = "0" Pressure = "0" />
		<Point X = "228" Y = "262" T = "0" Pressure = "0" />
		<Point X = "228" Y = "263" T = "0" Pressure = "0" />
		<Point X = "227" Y = "263" T = "0" Pressure = "0" />
		<Point X = "226" Y = "261" T = "0" Pressure = "0" />
		<Point X = "224" Y = "259" T = "0" Pressure = "0" />
		<Point X = "224" Y = "257" T = "0" Pressure = "0" />
		<Point X = "222" Y = "253" T = "0" Pressure = "0" />
		<Point X = "219" Y = "250" T = "0" Pressure = "0" />
		<Point X = "216" Y = "245" T = "0" Pressure = "0" />
		<Point X = "214" Y = "241" T = "0" Pressure = "0" />
		<Point X = "210" Y = "237" T = "0" Pressure = "0" />
		<Point X = "206" Y = "230" T = "0" Pressure = "0" />
		<Point X = "204" Y = "227" T = "0" Pressure = "0" />
		<Point X = "200" Y = "220" T = "0" Pressure = "0" />
		<Point X = "198" Y = "215" T = "0" Pressure = "0" />
		<Point X = "195" Y = "210" T = "0" Pressure = "0" />
		<Point X = "194" Y = "206" T = "0" Pressure = "0" />
		<Point X = "193" Y = "201" T = "0" Pressure = "0" />
		<Point X = "190" Y = "195" T = "0" Pressure = "0" />
		<Point X = "190" Y = "192" T = "0" Pressure = "0" />
		<Point X = "187" Y = "187" T = "0" Pressure = "0" />
		<Point X = "184" Y = "180" T = "0" Pressure = "0" />
		<Point X = "180" Y = "174" T = "0" Pressure = "0" />
		<Point X = "177" Y = "168" T = "0" Pressure = "0" />
		<Point X = "173" Y = "162" T = "0" Pressure = "0" />
		<Point X = "169" Y = "157" T = "0" Pressure = "0" />
		<Point X = "166" Y = "153" T = "0" Pressure = "0" />
		<Point X = "165" Y = "151" T = "0" Pressure = "0" />
		<Point X = "163" Y = "149" T = "0" Pressure = "0" />
		<Point X = "161" Y = "147" T = "0" Pressure = "0" />
		<Point X = "161" Y = "146" T = "0" Pressure = "0" />
		<Point X = "159" Y = "146" T = "0" Pressure = "0" />
		<Point X = "157" Y = "143" T = "0" Pressure = "0" />
		<Point X = "155" Y = "142" T = "0" Pressure = "0" />
		<Point X = "151" Y = "138" T = "0" Pressure = "0" />
		<Point X = "145" Y = "133" T = "0" Pressure = "0" />
		<Point X = "141" Y = "129" T = "0" Pressure = "0" />
		<Point X = "138" Y = "126" T = "0" Pressure = "0" />
		<Point X = "136" Y = "124" T = "0" Pressure = "0" />
		<Point X = "134" Y = "121" T = "0" Pressure = "0" />
		<Point X = "132" Y = "118" T = "0" Pressure = "0" />
		<Point X = "130" Y = "116" T = "0" Pressure = "0" />
		<Point X = "129" Y = "115" T = "0" Pressure = "0" />
		<Point X = "128" Y = "114" T = "0" Pressure = "0" />
		<Point X = "128" Y = "111" T = "0" Pressure = "0" />
		<Point X = "127" Y = "110" T = "0" Pressure = "0" />
		<Point X = "124" Y = "108" T = "0" Pressure = "0" />
		<Point X = "124" Y = "106" T = "0" Pressure = "0" />
		<Point X = "121" Y = "105" T = "0" Pressure = "0" />
		<Point X = "120" Y = "102" T = "0" Pressure = "0" />
		<Point X = "119" Y = "102" T = "0" Pressure = "0" />
		<Point X = "118" Y = "99" T = "0" Pressure = "0" />
		<Point X = "116" Y = "97" T = "0" Pressure = "0" />
		<Point X = "116" Y = "96" T = "0" Pressure = "0" />
		<Point X = "115" Y = "94" T = "0" Pressure = "0" />
		<Point X = "115" Y = "93" T = "0" Pressure = "0" />
		<Point X = "114" Y = "92" T = "0" Pressure = "0" />
		<Point X = "114" Y = "91" T = "0" Pressure = "0" />
		<Point X = "113" Y = "90" T = "0" Pressure = "0" />
		<Point X = "112" Y = "90" T = "0" Pressure = "0" />
		<Point X = "111" Y = "90" T = "0" Pressure = "0" />
	</Stroke>
</Gesture>
