<?xml version="1.0" encoding="utf-8" standalone="yes"?>
<Gesture Name = "star">
	<Stroke>
		<Point X = "102" Y = "139" T = "0" Pressure = "0" />
		<Point X = "104" Y = "138" T = "0" Pressure = "0" />
		<Point X = "105" Y = "136" T = "0" Pressure = "0" />
		<Point X = "106" Y = "136" T = "0" Pressure = "0" />
		<Point X = "108" Y = "135" T = "0" Pressure = "0" />
		<Point X = "110" Y = "135" T = "0" Pressure = "0" />
		<Point X = "113" Y = "135" T = "0" Pressure = "0" />
		<Point X = "118" Y = "135" T = "0" Pressure = "0" />
		<Point X = "124" Y = "135" T = "0" Pressure = "0" />
		<Point X = "126" Y = "135" T = "0" Pressure = "0" />
		<Point X = "136" Y = "135" T = "0" Pressure = "0" />
		<Point X = "145" Y = "135" T = "0" Pressure = "0" />
		<Point X = "155" Y = "136" T = "0" Pressure = "0" />
		<Point X = "161" Y = "138" T = "0" Pressure = "0" />
		<Point X = "166" Y = "138" T = "0" Pressure = "0" />
		<Point X = "171" Y = "138" T = "0" Pressure = "0" />
		<Point X = "174" Y = "138" T = "0" Pressure = "0" />
		<Point X = "177" Y = "138" T = "0" Pressure = "0" />
		<Point X = "179" Y = "138" T = "0" Pressure = "0" />
		<Point X = "180" Y = "138" T = "0" Pressure = "0" />
		<Point X = "183" Y = "138" T = "0" Pressure = "0" />
		<Point X = "184" Y = "138" T = "0" Pressure = "0" />
		<Point X = "185" Y = "138" T = "0" Pressure = "0" />
		<Point X = "189" Y = "138" T = "0" Pressure = "0" />
		<Point X = "192" Y = "138" T = "0" Pressure = "0" />
		<Point X = "198" Y = "138" T = "0" Pressure = "0" />
		<Point X = "202" Y = "138" T = "0" Pressure = "0" />
		<Point X = "206" Y = "138" T = "0" Pressure = "0" />
		<Point X = "210" Y = "138" T = "0" Pressure = "0" />
		<Point X = "213" Y = "138" T = "0" Pressure = "0" />
		<Point X = "216" Y = "138" T = "0" Pressure = "0" />
		<Point X = "220" Y = "138" T = "0" Pressure = "0" />
		<Point X = "224" Y = "140" T = "0" Pressure = "0" />
		<Point X = "226" Y = "140" T = "0" Pressure = "0" />
		<Point X = "229" Y = "140" T = "0" Pressure = "0" />
		<Point X = "231" Y = "140" T = "0" Pressure = "0" />
		<Point X = "233" Y = "140" T = "0" Pressure = "0" />
		<Point X = "235" Y = "140" T = "0" Pressure = "0" />
		<Point X = "236" Y = "140" T = "0" Pressure = "0" />
		<Point X = "238" Y = "140" T = "0" Pressure = "0" />
		<Point X = "238" Y = "139" T = "0" Pressure = "0" />
		<Point X = "239" Y = "138" T = "0" Pressure = "0" />
		<Point X = "242" Y = "138" T = "0" Pressure = "0" />
		<Point X = "244" Y = "138" T = "0" Pressure = "0" />
		<Point X = "247" Y = "138" T = "0" Pressure = "0" />
		<Point X = "251" Y = "138" T = "0" Pressure = "0" />
		<Point X = "254" Y = "138" T = "0" Pressure = "0" />
		<Point X = "255" Y = "138" T = "0" Pressure = "0" />
		<Point X = "258" Y = "138" T = "0" Pressure = "0" />
		<Point X = "259" Y = "138" T = "0" Pressure = "0" />
		<Point X = "259" Y = "137" T = "0" Pressure = "0" />
		<Point X = "260" Y = "137" T = "0" Pressure = "0" />
		<Point X = "260" Y = "138" T = "0" Pressure = "0" />
		<Point X = "258" Y = "140" T = "0" Pressure = "0" />
		<Point X = "256" Y = "143" T = "0" Pressure = "0" />
		<Point X = "254" Y = "146" T = "0" Pressure = "0" />
		<Point X = "249" Y = "149" T = "0" Pressure = "0" />
		<Point X = "246" Y = "150" T = "0" Pressure = "0" />
		<Point X = "244" Y = "152" T = "0" Pressure = "0" />
		<Point X = "242" Y = "154" T = "0" Pressure = "0" />
		<Point X = "240" Y = "155" T = "0" Pressure = "0" />
		<Point X = "238" Y = "156" T = "0" Pressure = "0" />
		<Point X = "234" Y = "158" T = "0" Pressure = "0" />
		<Point X = "232" Y = "159" T = "0" Pressure = "0" />
		<Point X = "229" Y = "161" T = "0" Pressure = "0" />
		<Point X = "226" Y = "163" T = "0" Pressure = "0" />
		<Point X = "221" Y = "166" T = "0" Pressure = "0" />
		<Point X = "218" Y = "167" T = "0" Pressure = "0" />
		<Point X = "214" Y = "169" T = "0" Pressure = "0" />
		<Point X = "208" Y = "170" T = "0" Pressure = "0" />
		<Point X = "206" Y = "172" T = "0" Pressure = "0" />
		<Point X = "202" Y = "174" T = "0" Pressure = "0" />
		<Point X = "200" Y = "175" T = "0" Pressure = "0" />
		<Point X = "200" Y = "176" T = "0" Pressure = "0" />
		<Point X = "198" Y = "177" T = "0" Pressure = "0" />
		<Point X = "198" Y = "178" T = "0" Pressure = "0" />
		<Point X = "197" Y = "178" T = "0" Pressure = "0" />
		<Point X = "195" Y = "179" T = "0" Pressure = "0" />
		<Point X = "194" Y = "181" T = "0" Pressure = "0" />
		<Point X = "192" Y = "182" T = "0" Pressure = "0" />
		<Point X = "187" Y = "184" T = "0" Pressure = "0" />
		<Point X = "181" Y = "187" T = "0" Pressure = "0" />
		<Point X = "172" Y = "193" T = "0" Pressure = "0" />
		<Point X = "163" Y = "198" T = "0" Pressure = "0" />
		<Point X = "153" Y = "206" T = "0" Pressure = "0" />
		<Point X = "147" Y = "212" T = "0" Pressure = "0" />
		<Point X = "145" Y = "213" T = "0" Pressure = "0" />
		<Point X = "142" Y = "214" T = "0" Pressure = "0" />
		<Point X = "141" Y = "214" T = "0" Pressure = "0" />
		<Point X = "140" Y = "215" T = "0" Pressure = "0" />
		<Point X = "139" Y = "215" T = "0" Pressure = "0" />
		<Point X = "138" Y = "215" T = "0" Pressure = "0" />
		<Point X = "138" Y = "216" T = "0" Pressure = "0" />
		<Point X = "136" Y = "216" T = "0" Pressure = "0" />
		<Point X = "135" Y = "216" T = "0" Pressure = "0" />
		<Point X = "133" Y = "217" T = "0" Pressure = "0" />
		<Point X = "132" Y = "217" T = "0" Pressure = "0" />
		<Point X = "130" Y = "219" T = "0" Pressure = "0" />
		<Point X = "129" Y = "219" T = "0" Pressure = "0" />
		<Point X = "126" Y = "220" T = "0" Pressure = "0" />
		<Point X = "124" Y = "221" T = "0" Pressure = "0" />
		<Point X = "123" Y = "221" T = "0" Pressure = "0" />
		<Point X = "121" Y = "222" T = "0" Pressure = "0" />
		<Point X = "119" Y = "223" T = "0" Pressure = "0" />
		<Point X = "117" Y = "224" T = "0" Pressure = "0" />
		<Point X = "116" Y = "224" T = "0" Pressure = "0" />
		<Point X = "115" Y = "224" T = "0" Pressure = "0" />
		<Point X = "115" Y = "225" T = "0" Pressure = "0" />
		<Point X = "118" Y = "222" T = "0" Pressure = "0" />
		<Point X = "120" Y = "218" T = "0" Pressure = "0" />
		<Point X = "124" Y = "214" T = "0" Pressure = "0" />
		<Point X = "126" Y = "209" T = "0" Pressure = "0" />
		<Point X = "129" Y = "205" T = "0" Pressure = "0" />
		<Point X = "130" Y = "203" T = "0" Pressure = "0" />
		<Point X = "133" Y = "200" T = "0" Pressure = "0" />
		<Point X = "136" Y = "195" T = "0" Pressure = "0" />
		<Point X = "138" Y = "191" T = "0" Pressure = "0" />
		<Point X = "141" Y = "188" T = "0" Pressure = "0" />
		<Point X = "143" Y = "183" T = "0" Pressure = "0" />
		<Point X = "147" Y = "178" T = "0" Pressure = "0" />
		<Point X = "149" Y = "172" T = "0" Pressure = "0" />
		<Point X = "153" Y = "165" T = "0" Pressure = "0" />
		<Point X = "158" Y = "156" T = "0" Pressure = "0" />
		<Point X = "161" Y = "150" T = "0" Pressure = "0" />
		<Point X = "163" Y = "144" T = "0" Pressure = "0" />
		<Point X = "166" Y = "138" T = "0" Pressure = "0" />
		<Point X = "168" Y = "135" T = "0" Pressure = "0" />
		<Point X = "172" Y = "129" T = "0" Pressure = "0" />
		<Point X = "173" Y = "123" T = "0" Pressure = "0" />
		<Point X = "176" Y = "117" T = "0" Pressure = "0" />
		<Point X = "178" Y = "111" T = "0" Pressure = "0" />
		<Point X = "181" Y = "106" T = "0" Pressure = "0" />
		<Point X = "183" Y = "100" T = "0" Pressure = "0" />
		<Point X = "183" Y = "98" T = "0" Pressure = "0" />
		<Point X = "183" Y = "97" T = "0" Pressure = "0" />
		<Point X = "184" Y = "95" T = "0" Pressure = "0" />
		<Point X = "184" Y = "94" T = "0" Pressure = "0" />
		<Point X = "184" Y = "93" T = "0" Pressure = "0" />
		<Point X = "184" Y = "92" T = "0" Pressure = "0" />
		<Point X = "184" Y = "91" T = "0" Pressure = "0" />
		<Point X = "184" Y = "90" T = "0" Pressure = "0" />
		<Point X = "184" Y = "89" T = "0" Pressure = "0" />
		<Point X = "184" Y = "87" T = "0" Pressure = "0" />
		<Point X = "184" Y = "85" T = "0" Pressure = "0" />
		<Point X = "185" Y = "84" T = "0" Pressure = "0" />
		<Point X = "186" Y = "84" T = "0" Pressure = "0" />
		<Point X = "186" Y = "83" T = "0" Pressure = "0" />
		<Point X = "186" Y = "82" T = "0" Pressure = "0" />
		<Point X = "186" Y = "81" T = "0" Pressure = "0" />
		<Point X = "187" Y = "80" T = "0" Pressure = "0" />
		<Point X = "188" Y = "79" T = "0" Pressure = "0" />
		<Point X = "189" Y = "78" T = "0" Pressure = "0" />
		<Point X = "189" Y = "76" T = "0" Pressure = "0" />
		<Point X = "189" Y = "75" T = "0" Pressure = "0" />
		<Point X = "189" Y = "73" T = "0" Pressure = "0" />
		<Point X = "190" Y = "73" T = "0" Pressure = "0" />
		<Point X = "191" Y = "73" T = "0" Pressure = "0" />
		<Point X = "191" Y = "74" T = "0" Pressure = "0" />
		<Point X = "192" Y = "76" T = "0" Pressure = "0" />
		<Point X = "193" Y = "79" T = "0" Pressure = "0" />
		<Point X = "194" Y = "81" T = "0" Pressure = "0" />
		<Point X = "196" Y = "84" T = "0" Pressure = "0" />
		<Point X = "197" Y = "88" T = "0" Pressure = "0" />
		<Point X = "197" Y = "91" T = "0" Pressure = "0" />
		<Point X = "199" Y = "95" T = "0" Pressure = "0" />
		<Point X = "200" Y = "99" T = "0" Pressure = "0" />
		<Point X = "201" Y = "101" T = "0" Pressure = "0" />
		<Point X = "201" Y = "103" T = "0" Pressure = "0" />
		<Point X = "201" Y = "104" T = "0" Pressure = "0" />
		<Point X = "203" Y = "107" T = "0" Pressure = "0" />
		<Point X = "204" Y = "108" T = "0" Pressure = "0" />
		<Point X = "204" Y = "111" T = "0" Pressure = "0" />
		<Point X = "205" Y = "114" T = "0" Pressure = "0" />
		<Point X = "207" Y = "118" T = "0" Pressure = "0" />
		<Point X = "208" Y = "122" T = "0" Pressure = "0" />
		<Point X = "212" Y = "130" T = "0" Pressure = "0" />
		<Point X = "213" Y = "134" T = "0" Pressure = "0" />
		<Point X = "215" Y = "139" T = "0" Pressure = "0" />
		<Point X = "215" Y = "141" T = "0" Pressure = "0" />
		<Point X = "216" Y = "143" T = "0" Pressure = "0" />
		<Point X = "216" Y = "145" T = "0" Pressure = "0" />
		<Point X = "216" Y = "147" T = "0" Pressure = "0" />
		<Point X = "216" Y = "149" T = "0" Pressure = "0" />
		<Point X = "216" Y = "150" T = "0" Pressure = "0" />
		<Point X = "217" Y = "153" T = "0" Pressure = "0" />
		<Point X = "217" Y = "156" T = "0" Pressure = "0" />
		<Point X = "218" Y = "157" T = "0" Pressure = "0" />
		<Point X = "221" Y = "161" T = "0" Pressure = "0" />
		<Point X = "221" Y = "163" T = "0" Pressure = "0" />
		<Point X = "221" Y = "164" T = "0" Pressure = "0" />
		<Point X = "222" Y = "166" T = "0" Pressure = "0" />
		<Point X = "223" Y = "168" T = "0" Pressure = "0" />
		<Point X = "223" Y = "171" T = "0" Pressure = "0" />
		<Point X = "223" Y = "173" T = "0" Pressure = "0" />
		<Point X = "223" Y = "176" T = "0" Pressure = "0" />
		<Point X = "223" Y = "180" T = "0" Pressure = "0" />
		<Point X = "224" Y = "185" T = "0" Pressure = "0" />
		<Point X = "225" Y = "188" T = "0" Pressure = "0" />
		<Point X = "225" Y = "191" T = "0" Pressure = "0" />
		<Point X = "225" Y = "195" T = "0" Pressure = "0" />
		<Point X = "226" Y = "197" T = "0" Pressure = "0" />
		<Point X = "226" Y = "200" T = "0" Pressure = "0" />
		<Point X = "226" Y = "201" T = "0" Pressure = "0" />
		<Point X = "227" Y = "203" T = "0" Pressure = "0" />
		<Point X = "227" Y = "205" T = "0" Pressure = "0" />
		<Point X = "227" Y = "207" T = "0" Pressure = "0" />
		<Point X = "227" Y = "208" T = "0" Pressure = "0" />
		<Point X = "228" Y = "209" T = "0" Pressure = "0" />
		<Point X = "228" Y = "210" T = "0" Pressure = "0" />
		<Point X = "228" Y = "211" T = "0" Pressure = "0" />
		<Point X = "228" Y = "213" T = "0" Pressure = "0" />
		<Point X = "228" Y = "214" T = "0" Pressure = "0" />
		<Point X = "228" Y = "216" T = "0" Pressure = "0" />
		<Point X = "228" Y = "218" T = "0" Pressure = "0" />
		<Point X = "228" Y = "221" T = "0" Pressure = "0" />
		<Point X = "229" Y = "224" T = "0" Pressure = "0" />
		<Point X = "229" Y = "227" T = "0" Pressure = "0" />
		<Point X = "229" Y = "228" T = "0" Pressure = "0" />
		<Point X = "229" Y = "229" T = "0" Pressure = "0" />
		<Point X = "229" Y = "230" T = "0" Pressure = "0" />
		<Point X = "229" Y = "231" T = "0" Pressure = "0" />
		<Point X = "229" Y = "232" T = "0" Pressure = "0" />
		<Point X = "229" Y = "233" T = "0" Pressure = "0" />
		<Point X = "229" Y = "234" T = "0" Pressure = "0" />
		<Point X = "229" Y = "235" T = "0" Pressure = "0" />
		<Point X = "229" Y = "236" T = "0" Pressure = "0" />
		<Point X = "229" Y = "237" T = "0" Pressure = "0" />
		<Point X = "228" Y = "237" T = "0" Pressure = "0" />
		<Point X = "228" Y = "238" T = "0" Pressure = "0" />
		<Point X = "227" Y = "238" T = "0" Pressure = "0" />
		<Point X = "226" Y = "238" T = "0" Pressure = "0" />
		<Point X = "224" Y = "238" T = "0" Pressure = "0" />
		<Point X = "223" Y = "238" T = "0" Pressure = "0" />
		<Point X = "221" Y = "238" T = "0" Pressure = "0" />
		<Point X = "218" Y = "237" T = "0" Pressure = "0" />
		<Point X = "215" Y = "234" T = "0" Pressure = "0" />
		<Point X = "211" Y = "231" T = "0" Pressure = "0" />
		<Point X = "208" Y = "229" T = "0" Pressure = "0" />
		<Point X = "206" Y = "228" T = "0" Pressure = "0" />
		<Point X = "203" Y = "227" T = "0" Pressure = "0" />
		<Point X = "202" Y = "226" T = "0" Pressure = "0" />
		<Point X = "199" Y = "225" T = "0" Pressure = "0" />
		<Point X = "198" Y = "225" T = "0" Pressure = "0" />
		<Point X = "196" Y = "224" T = "0" Pressure = "0" />
		<Point X = "194" Y = "223" T = "0" Pressure = "0" />
		<Point X = "192" Y = "223" T = "0" Pressure = "0" />
		<Point X = "188" Y = "220" T = "0" Pressure = "0" />
		<Point X = "185" Y = "218" T = "0" Pressure = "0" />
		<Point X = "181" Y = "215" T = "0" Pressure = "0" />
		<Point X = "177" Y = "211" T = "0" Pressure = "0" />
		<Point X = "174" Y = "207" T = "0" Pressure = "0" />
		<Point X = "172" Y = "203" T = "0" Pressure = "0" />
		<Point X = "170" Y = "200" T = "0" Pressure = "0" />
		<Point X = "169" Y = "198" T = "0" Pressure = "0" />
		<Point X = "168" Y = "197" T = "0" Pressure = "0" />
		<Point X = "166" Y = "195" T = "0" Pressure = "0" />
		<Point X = "165" Y = "194" T = "0" Pressure = "0" />
		<Point X = "164" Y = "193" T = "0" Pressure = "0" />
		<Point X = "162" Y = "192" T = "0" Pressure = "0" />
		<Point X = "160" Y = "190" T = "0" Pressure = "0" />
		<Point X = "157" Y = "188" T = "0" Pressure = "0" />
		<Point X = "155" Y = "187" T = "0" Pressure = "0" />
		<Point X = "153" Y = "186" T = "0" Pressure = "0" />
		<Point X = "150" Y = "184" T = "0" Pressure = "0" />
		<Point X = "150" Y = "183" T = "0" Pressure = "0" />
		<Point X = "148" Y = "182" T = "0" Pressure = "0" />
		<Point X = "147" Y = "181" T = "0" Pressure = "0" />
		<Point X = "146" Y = "179" T = "0" Pressure = "0" />
		<Point X = "145" Y = "176" T = "0" Pressure = "0" />
		<Point X = "144" Y = "174" T = "0" Pressure = "0" />
		<Point X = "142" Y = "172" T = "0" Pressure = "0" />
		<Point X = "141" Y = "170" T = "0" Pressure = "0" />
		<Point X = "139" Y = "168" T = "0" Pressure = "0" />
		<Point X = "137" Y = "164" T = "0" Pressure = "0" />
		<Point X = "135" Y = "162" T = "0" Pressure = "0" />
		<Point X = "134" Y = "161" T = "0" Pressure = "0" />
		<Point X = "132" Y = "159" T = "0" Pressure = "0" />
		<Point X = "131" Y = "158" T = "0" Pressure = "0" />
		<Point X = "130" Y = "157" T = "0" Pressure = "0" />
		<Point X = "128" Y = "156" T = "0" Pressure = "0" />
		<Point X = "127" Y = "156" T = "0" Pressure = "0" />
		<Point X = "124" Y = "154" T = "0" Pressure = "0" />
		<Point X = "123" Y = "152" T = "0" Pressure = "0" />
		<Point X = "120" Y = "150" T = "0" Pressure = "0" />
		<Point X = "119" Y = "148" T = "0" Pressure = "0" />
		<Point X = "117" Y = "147" T = "0" Pressure = "0" />
		<Point X = "116" Y = "145" T = "0" Pressure = "0" />
		<Point X = "114" Y = "143" T = "0" Pressure = "0" />
		<Point X = "114" Y = "142" T = "0" Pressure = "0" />
		<Point X = "112" Y = "139" T = "0" Pressure = "0" />
		<Point X = "111" Y = "139" T = "0" Pressure = "0" />
		<Point X = "111" Y = "138" T = "0" Pressure = "0" />
		<Point X = "110" Y = "138" T = "0" Pressure = "0" />
		<Point X = "109" Y = "138" T = "0" Pressure = "0" />
		<Point X = "108" Y = "138" T = "0" Pressure = "0" />
		<Point X = "108" Y = "137" T = "0" Pressure = "0" />
		<Point X = "107" Y = "137" T = "0" Pressure = "0" />
		<Point X = "107" Y = "136" T = "0" Pressure = "0" />
		<Point X = "106" Y = "136" T = "0" Pressure = "0" />
	</Stroke>
</Gesture>
