<?xml version="1.0" encoding="utf-8" standalone="yes"?>
<Gesture Name = "star">
	<Stroke>
		<Point X = "87" Y = "147" T = "0" Pressure = "0" />
		<Point X = "87" Y = "148" T = "0" Pressure = "0" />
		<Point X = "89" Y = "149" T = "0" Pressure = "0" />
		<Point X = "94" Y = "152" T = "0" Pressure = "0" />
		<Point X = "96" Y = "152" T = "0" Pressure = "0" />
		<Point X = "99" Y = "153" T = "0" Pressure = "0" />
		<Point X = "104" Y = "155" T = "0" Pressure = "0" />
		<Point X = "106" Y = "155" T = "0" Pressure = "0" />
		<Point X = "108" Y = "155" T = "0" Pressure = "0" />
		<Point X = "111" Y = "155" T = "0" Pressure = "0" />
		<Point X = "114" Y = "155" T = "0" Pressure = "0" />
		<Point X = "117" Y = "155" T = "0" Pressure = "0" />
		<Point X = "119" Y = "155" T = "0" Pressure = "0" />
		<Point X = "124" Y = "155" T = "0" Pressure = "0" />
		<Point X = "128" Y = "156" T = "0" Pressure = "0" />
		<Point X = "132" Y = "157" T = "0" Pressure = "0" />
		<Point X = "137" Y = "157" T = "0" Pressure = "0" />
		<Point X = "144" Y = "158" T = "0" Pressure = "0" />
		<Point X = "148" Y = "158" T = "0" Pressure = "0" />
		<Point X = "155" Y = "158" T = "0" Pressure = "0" />
		<Point X = "162" Y = "158" T = "0" Pressure = "0" />
		<Point X = "169" Y = "158" T = "0" Pressure = "0" />
		<Point X = "176" Y = "158" T = "0" Pressure = "0" />
		<Point X = "184" Y = "158" T = "0" Pressure = "0" />
		<Point X = "188" Y = "158" T = "0" Pressure = "0" />
		<Point X = "194" Y = "158" T = "0" Pressure = "0" />
		<Point X = "196" Y = "158" T = "0" Pressure = "0" />
		<Point X = "198" Y = "158" T = "0" Pressure = "0" />
		<Point X = "199" Y = "158" T = "0" Pressure = "0" />
		<Point X = "200" Y = "158" T = "0" Pressure = "0" />
		<Point X = "201" Y = "158" T = "0" Pressure = "0" />
		<Point X = "203" Y = "158" T = "0" Pressure = "0" />
		<Point X = "206" Y = "158" T = "0" Pressure = "0" />
		<Point X = "209" Y = "158" T = "0" Pressure = "0" />
		<Point X = "213" Y = "158" T = "0" Pressure = "0" />
		<Point X = "220" Y = "158" T = "0" Pressure = "0" />
		<Point X = "223" Y = "158" T = "0" Pressure = "0" />
		<Point X = "225" Y = "158" T = "0" Pressure = "0" />
		<Point X = "228" Y = "158" T = "0" Pressure = "0" />
		<Point X = "230" Y = "157" T = "0" Pressure = "0" />
		<Point X = "231" Y = "157" T = "0" Pressure = "0" />
		<Point X = "232" Y = "157" T = "0" Pressure = "0" />
		<Point X = "234" Y = "156" T = "0" Pressure = "0" />
		<Point X = "235" Y = "156" T = "0" Pressure = "0" />
		<Point X = "237" Y = "156" T = "0" Pressure = "0" />
		<Point X = "238" Y = "156" T = "0" Pressure = "0" />
		<Point X = "241" Y = "156" T = "0" Pressure = "0" />
		<Point X = "244" Y = "156" T = "0" Pressure = "0" />
		<Point X = "245" Y = "156" T = "0" Pressure = "0" />
		<Point X = "246" Y = "156" T = "0" Pressure = "0" />
		<Point X = "247" Y = "156" T = "0" Pressure = "0" />
		<Point X = "248" Y = "156" T = "0" Pressure = "0" />
		<Point X = "249" Y = "156" T = "0" Pressure = "0" />
		<Point X = "252" Y = "155" T = "0" Pressure = "0" />
		<Point X = "255" Y = "155" T = "0" Pressure = "0" />
		<Point X = "256" Y = "155" T = "0" Pressure = "0" />
		<Point X = "259" Y = "154" T = "0" Pressure = "0" />
		<Point X = "261" Y = "154" T = "0" Pressure = "0" />
		<Point X = "262" Y = "154" T = "0" Pressure = "0" />
		<Point X = "263" Y = "154" T = "0" Pressure = "0" />
		<Point X = "262" Y = "154" T = "0" Pressure = "0" />
		<Point X = "261" Y = "154" T = "0" Pressure = "0" />
		<Point X = "260" Y = "154" T = "0" Pressure = "0" />
		<Point X = "259" Y = "155" T = "0" Pressure = "0" />
		<Point X = "257" Y = "156" T = "0" Pressure = "0" />
		<Point X = "256" Y = "157" T = "0" Pressure = "0" />
		<Point X = "255" Y = "158" T = "0" Pressure = "0" />
		<Point X = "253" Y = "160" T = "0" Pressure = "0" />
		<Point X = "250" Y = "161" T = "0" Pressure = "0" />
		<Point X = "246" Y = "164" T = "0" Pressure = "0" />
		<Point X = "243" Y = "168" T = "0" Pressure = "0" />
		<Point X = "239" Y = "170" T = "0" Pressure = "0" />
		<Point X = "235" Y = "174" T = "0" Pressure = "0" />
		<Point X = "232" Y = "178" T = "0" Pressure = "0" />
		<Point X = "229" Y = "179" T = "0" Pressure = "0" />
		<Point X = "225" Y = "183" T = "0" Pressure = "0" />
		<Point X = "223" Y = "183" T = "0" Pressure = "0" />
		<Point X = "221" Y = "185" T = "0" Pressure = "0" />
		<Point X = "219" Y = "187" T = "0" Pressure = "0" />
		<Point X = "217" Y = "187" T = "0" Pressure = "0" />
		<Point X = "214" Y = "189" T = "0" Pressure = "0" />
		<Point X = "213" Y = "190" T = "0" Pressure = "0" />
		<Point X = "210" Y = "191" T = "0" Pressure = "0" />
		<Point X = "208" Y = "193" T = "0" Pressure = "0" />
		<Point X = "207" Y = "194" T = "0" Pressure = "0" />
		<Point X = "205" Y = "195" T = "0" Pressure = "0" />
		<Point X = "203" Y = "197" T = "0" Pressure = "0" />
		<Point X = "201" Y = "198" T = "0" Pressure = "0" />
		<Point X = "198" Y = "199" T = "0" Pressure = "0" />
		<Point X = "197" Y = "200" T = "0" Pressure = "0" />
		<Point X = "196" Y = "201" T = "0" Pressure = "0" />
		<Point X = "192" Y = "202" T = "0" Pressure = "0" />
		<Point X = "190" Y = "202" T = "0" Pressure = "0" />
		<Point X = "188" Y = "204" T = "0" Pressure = "0" />
		<Point X = "186" Y = "204" T = "0" Pressure = "0" />
		<Point X = "184" Y = "205" T = "0" Pressure = "0" />
		<Point X = "182" Y = "206" T = "0" Pressure = "0" />
		<Point X = "179" Y = "208" T = "0" Pressure = "0" />
		<Point X = "176" Y = "210" T = "0" Pressure = "0" />
		<Point X = "173" Y = "212" T = "0" Pressure = "0" />
		<Point X = "169" Y = "213" T = "0" Pressure = "0" />
		<Point X = "166" Y = "213" T = "0" Pressure = "0" />
		<Point X = "164" Y = "214" T = "0" Pressure = "0" />
		<Point X = "160" Y = "215" T = "0" Pressure = "0" />
		<Point X = "158" Y = "216" T = "0" Pressure = "0" />
		<Point X = "156" Y = "217" T = "0" Pressure = "0" />
		<Point X = "156" Y = "218" T = "0" Pressure = "0" />
		<Point X = "155" Y = "218" T = "0" Pressure = "0" />
		<Point X = "153" Y = "219" T = "0" Pressure = "0" />
		<Point X = "151" Y = "220" T = "0" Pressure = "0" />
		<Point X = "149" Y = "220" T = "0" Pressure = "0" />
		<Point X = "147" Y = "220" T = "0" Pressure = "0" />
		<Point X = "146" Y = "221" T = "0" Pressure = "0" />
		<Point X = "142" Y = "223" T = "0" Pressure = "0" />
		<Point X = "140" Y = "223" T = "0" Pressure = "0" />
		<Point X = "139" Y = "224" T = "0" Pressure = "0" />
		<Point X = "138" Y = "224" T = "0" Pressure = "0" />
		<Point X = "137" Y = "224" T = "0" Pressure = "0" />
		<Point X = "136" Y = "224" T = "0" Pressure = "0" />
		<Point X = "136" Y = "225" T = "0" Pressure = "0" />
		<Point X = "135" Y = "225" T = "0" Pressure = "0" />
		<Point X = "134" Y = "226" T = "0" Pressure = "0" />
		<Point X = "133" Y = "226" T = "0" Pressure = "0" />
		<Point X = "133" Y = "227" T = "0" Pressure = "0" />
		<Point X = "131" Y = "227" T = "0" Pressure = "0" />
		<Point X = "130" Y = "227" T = "0" Pressure = "0" />
		<Point X = "130" Y = "228" T = "0" Pressure = "0" />
		<Point X = "128" Y = "229" T = "0" Pressure = "0" />
		<Point X = "127" Y = "230" T = "0" Pressure = "0" />
		<Point X = "126" Y = "230" T = "0" Pressure = "0" />
		<Point X = "125" Y = "231" T = "0" Pressure = "0" />
		<Point X = "124" Y = "231" T = "0" Pressure = "0" />
		<Point X = "123" Y = "232" T = "0" Pressure = "0" />
		<Point X = "122" Y = "233" T = "0" Pressure = "0" />
		<Point X = "121" Y = "233" T = "0" Pressure = "0" />
		<Point X = "120" Y = "233" T = "0" Pressure = "0" />
		<Point X = "118" Y = "236" T = "0" Pressure = "0" />
		<Point X = "116" Y = "236" T = "0" Pressure = "0" />
		<Point X = "114" Y = "236" T = "0" Pressure = "0" />
		<Point X = "113" Y = "236" T = "0" Pressure = "0" />
		<Point X = "111" Y = "237" T = "0" Pressure = "0" />
		<Point X = "110" Y = "237" T = "0" Pressure = "0" />
		<Point X = "109" Y = "237" T = "0" Pressure = "0" />
		<Point X = "107" Y = "238" T = "0" Pressure = "0" />
		<Point X = "105" Y = "239" T = "0" Pressure = "0" />
		<Point X = "104" Y = "239" T = "0" Pressure = "0" />
		<Point X = "101" Y = "240" T = "0" Pressure = "0" />
		<Point X = "100" Y = "240" T = "0" Pressure = "0" />
		<Point X = "99" Y = "241" T = "0" Pressure = "0" />
		<Point X = "100" Y = "241" T = "0" Pressure = "0" />
		<Point X = "101" Y = "240" T = "0" Pressure = "0" />
		<Point X = "101" Y = "238" T = "0" Pressure = "0" />
		<Point X = "103" Y = "236" T = "0" Pressure = "0" />
		<Point X = "105" Y = "232" T = "0" Pressure = "0" />
		<Point X = "108" Y = "228" T = "0" Pressure = "0" />
		<Point X = "109" Y = "224" T = "0" Pressure = "0" />
		<Point X = "110" Y = "220" T = "0" Pressure = "0" />
		<Point X = "112" Y = "215" T = "0" Pressure = "0" />
		<Point X = "113" Y = "213" T = "0" Pressure = "0" />
		<Point X = "113" Y = "211" T = "0" Pressure = "0" />
		<Point X = "113" Y = "208" T = "0" Pressure = "0" />
		<Point X = "113" Y = "206" T = "0" Pressure = "0" />
		<Point X = "114" Y = "203" T = "0" Pressure = "0" />
		<Point X = "116" Y = "200" T = "0" Pressure = "0" />
		<Point X = "117" Y = "198" T = "0" Pressure = "0" />
		<Point X = "118" Y = "196" T = "0" Pressure = "0" />
		<Point X = "120" Y = "192" T = "0" Pressure = "0" />
		<Point X = "122" Y = "188" T = "0" Pressure = "0" />
		<Point X = "122" Y = "186" T = "0" Pressure = "0" />
		<Point X = "124" Y = "182" T = "0" Pressure = "0" />
		<Point X = "126" Y = "179" T = "0" Pressure = "0" />
		<Point X = "126" Y = "175" T = "0" Pressure = "0" />
		<Point X = "129" Y = "172" T = "0" Pressure = "0" />
		<Point X = "130" Y = "169" T = "0" Pressure = "0" />
		<Point X = "131" Y = "166" T = "0" Pressure = "0" />
		<Point X = "134" Y = "162" T = "0" Pressure = "0" />
		<Point X = "134" Y = "159" T = "0" Pressure = "0" />
		<Point X = "135" Y = "157" T = "0" Pressure = "0" />
		<Point X = "137" Y = "154" T = "0" Pressure = "0" />
		<Point X = "137" Y = "151" T = "0" Pressure = "0" />
		<Point X = "139" Y = "147" T = "0" Pressure = "0" />
		<Point X = "141" Y = "144" T = "0" Pressure = "0" />
		<Point X = "142" Y = "142" T = "0" Pressure = "0" />
		<Point X = "142" Y = "138" T = "0" Pressure = "0" />
		<Point X = "145" Y = "136" T = "0" Pressure = "0" />
		<Point X = "145" Y = "134" T = "0" Pressure = "0" />
		<Point X = "146" Y = "130" T = "0" Pressure = "0" />
		<Point X = "147" Y = "126" T = "0" Pressure = "0" />
		<Point X = "149" Y = "123" T = "0" Pressure = "0" />
		<Point X = "150" Y = "120" T = "0" Pressure = "0" />
		<Point X = "150" Y = "117" T = "0" Pressure = "0" />
		<Point X = "151" Y = "114" T = "0" Pressure = "0" />
		<Point X = "154" Y = "110" T = "0" Pressure = "0" />
		<Point X = "154" Y = "109" T = "0" Pressure = "0" />
		<Point X = "156" Y = "105" T = "0" Pressure = "0" />
		<Point X = "158" Y = "103" T = "0" Pressure = "0" />
		<Point X = "158" Y = "101" T = "0" Pressure = "0" />
		<Point X = "160" Y = "98" T = "0" Pressure = "0" />
		<Point X = "163" Y = "94" T = "0" Pressure = "0" />
		<Point X = "163" Y = "93" T = "0" Pressure = "0" />
		<Point X = "165" Y = "91" T = "0" Pressure = "0" />
		<Point X = "165" Y = "90" T = "0" Pressure = "0" />
		<Point X = "167" Y = "89" T = "0" Pressure = "0" />
		<Point X = "167" Y = "87" T = "0" Pressure = "0" />
		<Point X = "168" Y = "86" T = "0" Pressure = "0" />
		<Point X = "169" Y = "86" T = "0" Pressure = "0" />
		<Point X = "169" Y = "85" T = "0" Pressure = "0" />
		<Point X = "169" Y = "84" T = "0" Pressure = "0" />
		<Point X = "170" Y = "84" T = "0" Pressure = "0" />
		<Point X = "171" Y = "84" T = "0" Pressure = "0" />
		<Point X = "172" Y = "85" T = "0" Pressure = "0" />
		<Point X = "172" Y = "87" T = "0" Pressure = "0" />
		<Point X = "176" Y = "91" T = "0" Pressure = "0" />
		<Point X = "178" Y = "96" T = "0" Pressure = "0" />
		<Point X = "182" Y = "103" T = "0" Pressure = "0" />
		<Point X = "186" Y = "109" T = "0" Pressure = "0" />
		<Point X = "188" Y = "116" T = "0" Pressure = "0" />
		<Point X = "191" Y = "121" T = "0" Pressure = "0" />
		<Point X = "193" Y = "126" T = "0" Pressure = "0" />
		<Point X = "196" Y = "131" T = "0" Pressure = "0" />
		<Point X = "196" Y = "134" T = "0" Pressure = "0" />
		<Point X = "199" Y = "139" T = "0" Pressure = "0" />
		<Point X = "200" Y = "143" T = "0" Pressure = "0" />
		<Point X = "202" Y = "145" T = "0" Pressure = "0" />
		<Point X = "203" Y = "148" T = "0" Pressure = "0" />
		<Point X = "206" Y = "152" T = "0" Pressure = "0" />
		<Point X = "207" Y = "154" T = "0" Pressure = "0" />
		<Point X = "208" Y = "156" T = "0" Pressure = "0" />
		<Point X = "209" Y = "158" T = "0" Pressure = "0" />
		<Point X = "210" Y = "160" T = "0" Pressure = "0" />
		<Point X = "210" Y = "162" T = "0" Pressure = "0" />
		<Point X = "210" Y = "163" T = "0" Pressure = "0" />
		<Point X = "211" Y = "165" T = "0" Pressure = "0" />
		<Point X = "211" Y = "167" T = "0" Pressure = "0" />
		<Point X = "211" Y = "170" T = "0" Pressure = "0" />
		<Point X = "212" Y = "173" T = "0" Pressure = "0" />
		<Point X = "212" Y = "174" T = "0" Pressure = "0" />
		<Point X = "212" Y = "175" T = "0" Pressure = "0" />
		<Point X = "213" Y = "178" T = "0" Pressure = "0" />
		<Point X = "213" Y = "179" T = "0" Pressure = "0" />
		<Point X = "213" Y = "182" T = "0" Pressure = "0" />
		<Point X = "215" Y = "185" T = "0" Pressure = "0" />
		<Point X = "216" Y = "187" T = "0" Pressure = "0" />
		<Point X = "216" Y = "190" T = "0" Pressure = "0" />
		<Point X = "216" Y = "193" T = "0" Pressure = "0" />
		<Point X = "216" Y = "196" T = "0" Pressure = "0" />
		<Point X = "217" Y = "198" T = "0" Pressure = "0" />
		<Point X = "217" Y = "201" T = "0" Pressure = "0" />
		<Point X = "217" Y = "204" T = "0" Pressure = "0" />
		<Point X = "217" Y = "205" T = "0" Pressure = "0" />
		<Point X = "217" Y = "209" T = "0" Pressure = "0" />
		<Point X = "217" Y = "212" T = "0" Pressure = "0" />
		<Point X = "217" Y = "215" T = "0" Pressure = "0" />
		<Point X = "217" Y = "217" T = "0" Pressure = "0" />
		<Point X = "219" Y = "221" T = "0" Pressure = "0" />
		<Point X = "220" Y = "223" T = "0" Pressure = "0" />
		<Point X = "220" Y = "225" T = "0" Pressure = "0" />
		<Point X = "220" Y = "227" T = "0" Pressure = "0" />
		<Point X = "220" Y = "228" T = "0" Pressure = "0" />
		<Point X = "220" Y = "229" T = "0" Pressure = "0" />
		<Point X = "220" Y = "230" T = "0" Pressure = "0" />
		<Point X = "220" Y = "231" T = "0" Pressure = "0" />
		<Point X = "220" Y = "233" T = "0" Pressure = "0" />
		<Point X = "221" Y = "234" T = "0" Pressure = "0" />
		<Point X = "222" Y = "237" T = "0" Pressure = "0" />
		<Point X = "222" Y = "238" T = "0" Pressure = "0" />
		<Point X = "223" Y = "241" T = "0" Pressure = "0" />
		<Point X = "224" Y = "244" T = "0" Pressure = "0" />
		<Point X = "225" Y = "247" T = "0" Pressure = "0" />
		<Point X = "226" Y = "250" T = "0" Pressure = "0" />
		<Point X = "226" Y = "252" T = "0" Pressure = "0" />
		<Point X = "227" Y = "254" T = "0" Pressure = "0" />
		<Point X = "227" Y = "256" T = "0" Pressure = "0" />
		<Point X = "228" Y = "257" T = "0" Pressure = "0" />
		<Point X = "228" Y = "260" T = "0" Pressure = "0" />
		<Point X = "228" Y = "261" T = "0" Pressure = "0" />
		<Point X = "228" Y = "262" T = "0" Pressure = "0" />
		<Point X = "228" Y = "263" T = "0" Pressure = "0" />
		<Point X = "228" Y = "264" T = "0" Pressure = "0" />
		<Point X = "228" Y = "265" T = "0" Pressure = "0" />
		<Point X = "228" Y = "266" T = "0" Pressure = "0" />
		<Point X = "227" Y = "266" T = "0" Pressure = "0" />
		<Point X = "225" Y = "266" T = "0" Pressure = "0" />
		<Point X = "224" Y = "266" T = "0" Pressure = "0" />
		<Point X = "222" Y = "266" T = "0" Pressure = "0" />
		<Point X = "221" Y = "266" T = "0" Pressure = "0" />
		<Point X = "217" Y = "266" T = "0" Pressure = "0" />
		<Point X = "215" Y = "263" T = "0" Pressure = "0" />
		<Point X = "214" Y = "261" T = "0" Pressure = "0" />
		<Point X = "212" Y = "258" T = "0" Pressure = "0" />
		<Point X = "210" Y = "257" T = "0" Pressure = "0" />
		<Point X = "208" Y = "253" T = "0" Pressure = "0" />
		<Point X = "206" Y = "251" T = "0" Pressure = "0" />
		<Point X = "204" Y = "249" T = "0" Pressure = "0" />
		<Point X = "204" Y = "248" T = "0" Pressure = "0" />
		<Point X = "201" Y = "246" T = "0" Pressure = "0" />
		<Point X = "199" Y = "243" T = "0" Pressure = "0" />
		<Point X = "198" Y = "243" T = "0" Pressure = "0" />
		<Point X = "195" Y = "242" T = "0" Pressure = "0" />
		<Point X = "193" Y = "240" T = "0" Pressure = "0" />
		<Point X = "190" Y = "237" T = "0" Pressure = "0" />
		<Point X = "185" Y = "233" T = "0" Pressure = "0" />
		<Point X = "180" Y = "230" T = "0" Pressure = "0" />
		<Point X = "175" Y = "226" T = "0" Pressure = "0" />
		<Point X = "173" Y = "225" T = "0" Pressure = "0" />
		<Point X = "170" Y = "221" T = "0" Pressure = "0" />
		<Point X = "169" Y = "220" T = "0" Pressure = "0" />
		<Point X = "167" Y = "219" T = "0" Pressure = "0" />
		<Point X = "165" Y = "218" T = "0" Pressure = "0" />
		<Point X = "164" Y = "218" T = "0" Pressure = "0" />
		<Point X = "161" Y = "217" T = "0" Pressure = "0" />
		<Point X = "161" Y = "216" T = "0" Pressure = "0" />
		<Point X = "159" Y = "216" T = "0" Pressure = "0" />
		<Point X = "155" Y = "214" T = "0" Pressure = "0" />
		<Point X = "153" Y = "212" T = "0" Pressure = "0" />
		<Point X = "150" Y = "211" T = "0" Pressure = "0" />
		<Point X = "148" Y = "210" T = "0" Pressure = "0" />
		<Point X = "146" Y = "208" T = "0" Pressure = "0" />
		<Point X = "144" Y = "207" T = "0" Pressure = "0" />
		<Point X = "142" Y = "205" T = "0" Pressure = "0" />
		<Point X = "141" Y = "204" T = "0" Pressure = "0" />
		<Point X = "139" Y = "203" T = "0" Pressure = "0" />
		<Point X = "138" Y = "202" T = "0" Pressure = "0" />
		<Point X = "135" Y = "200" T = "0" Pressure = "0" />
		<Point X = "133" Y = "199" T = "0" Pressure = "0" />
		<Point X = "132" Y = "197" T = "0" Pressure = "0" />
		<Point X = "128" Y = "196" T = "0" Pressure = "0" />
		<Point X = "126" Y = "194" T = "0" Pressure = "0" />
		<Point X = "125" Y = "193" T = "0" Pressure = "0" />
		<Point X = "120" Y = "191" T = "0" Pressure = "0" />
		<Point X = "118" Y = "189" T = "0" Pressure = "0" />
		<Point X = "114" Y = "188" T = "0" Pressure = "0" />
		<Point X = "112" Y = "186" T = "0" Pressure = "0" />
		<Point X = "110" Y = "184" T = "0" Pressure = "0" />
		<Point X = "108" Y = "182" T = "0" Pressure = "0" />
		<Point X = "107" Y = "181" T = "0" Pressure = "0" />
		<Point X = "105" Y = "180" T = "0" Pressure = "0" />
		<Point X = "105" Y = "179" T = "0" Pressure = "0" />
		<Point X = "104" Y = "179" T = "0" Pressure = "0" />
		<Point X = "103" Y = "179" T = "0" Pressure = "0" />
		<Point X = "102" Y = "178" T = "0" Pressure = "0" />
		<Point X = "101" Y = "177" T = "0" Pressure = "0" />
		<Point X = "101" Y = "176" T = "0" Pressure = "0" />
		<Point X = "100" Y = "176" T = "0" Pressure = "0" />
		<Point X = "99" Y = "175" T = "0" Pressure = "0" />
		<Point X = "99" Y = "174" T = "0" Pressure = "0" />
		<Point X = "98" Y = "173" T = "0" Pressure = "0" />
		<Point X = "97" Y = "172" T = "0" Pressure = "0" />
		<Point X = "95" Y = "171" T = "0" Pressure = "0" />
		<Point X = "95" Y = "170" T = "0" Pressure = "0" />
		<Point X = "95" Y = "169" T = "0" Pressure = "0" />
		<Point X = "95" Y = "168" T = "0" Pressure = "0" />
		<Point X = "95" Y = "167" T = "0" Pressure = "0" />
		<Point X = "94" Y = "166" T = "0" Pressure = "0" />
		<Point X = "93" Y = "165" T = "0" Pressure = "0" />
		<Point X = "93" Y = "164" T = "0" Pressure = "0" />
		<Point X = "93" Y = "163" T = "0" Pressure = "0" />
		<Point X = "93" Y = "161" T = "0" Pressure = "0" />
		<Point X = "93" Y = "160" T = "0" Pressure = "0" />
		<Point X = "92" Y = "160" T = "0" Pressure = "0" />
		<Point X = "92" Y = "159" T = "0" Pressure = "0" />
		<Point X = "92" Y = "158" T = "0" Pressure = "0" />
		<Point X = "91" Y = "157" T = "0" Pressure = "0" />
		<Point X = "90" Y = "157" T = "0" Pressure = "0" />
		<Point X = "90" Y = "156" T = "0" Pressure = "0" />
		<Point X = "89" Y = "154" T = "0" Pressure = "0" />
		<Point X = "88" Y = "153" T = "0" Pressure = "0" />
		<Point X = "87" Y = "151" T = "0" Pressure = "0" />
		<Point X = "86" Y = "150" T = "0" Pressure = "0" />
		<Point X = "86" Y = "149" T = "0" Pressure = "0" />
		<Point X = "85" Y = "148" T = "0" Pressure = "0" />
		<Point X = "85" Y = "146" T = "0" Pressure = "0" />
		<Point X = "85" Y = "145" T = "0" Pressure = "0" />
		<Point X = "85" Y = "144" T = "0" Pressure = "0" />
		<Point X = "85" Y = "143" T = "0" Pressure = "0" />
	</Stroke>
</Gesture>
