<?xml version="1.0" encoding="utf-8" standalone="yes"?>
<Gesture Name = "star">
	<Stroke>
		<Point X = "91" Y = "147" T = "0" Pressure = "0" />
		<Point X = "93" Y = "147" T = "0" Pressure = "0" />
		<Point X = "96" Y = "147" T = "0" Pressure = "0" />
		<Point X = "99" Y = "147" T = "0" Pressure = "0" />
		<Point X = "101" Y = "147" T = "0" Pressure = "0" />
		<Point X = "105" Y = "145" T = "0" Pressure = "0" />
		<Point X = "108" Y = "145" T = "0" Pressure = "0" />
		<Point X = "111" Y = "144" T = "0" Pressure = "0" />
		<Point X = "117" Y = "144" T = "0" Pressure = "0" />
		<Point X = "122" Y = "144" T = "0" Pressure = "0" />
		<Point X = "131" Y = "144" T = "0" Pressure = "0" />
		<Point X = "138" Y = "143" T = "0" Pressure = "0" />
		<Point X = "146" Y = "142" T = "0" Pressure = "0" />
		<Point X = "156" Y = "140" T = "0" Pressure = "0" />
		<Point X = "163" Y = "139" T = "0" Pressure = "0" />
		<Point X = "169" Y = "138" T = "0" Pressure = "0" />
		<Point X = "176" Y = "137" T = "0" Pressure = "0" />
		<Point X = "180" Y = "137" T = "0" Pressure = "0" />
		<Point X = "184" Y = "137" T = "0" Pressure = "0" />
		<Point X = "185" Y = "137" T = "0" Pressure = "0" />
		<Point X = "189" Y = "137" T = "0" Pressure = "0" />
		<Point X = "190" Y = "137" T = "0" Pressure = "0" />
		<Point X = "193" Y = "136" T = "0" Pressure = "0" />
		<Point X = "194" Y = "136" T = "0" Pressure = "0" />
		<Point X = "196" Y = "135" T = "0" Pressure = "0" />
		<Point X = "197" Y = "135" T = "0" Pressure = "0" />
		<Point X = "199" Y = "134" T = "0" Pressure = "0" />
		<Point X = "201" Y = "133" T = "0" Pressure = "0" />
		<Point X = "203" Y = "133" T = "0" Pressure = "0" />
		<Point X = "205" Y = "132" T = "0" Pressure = "0" />
		<Point X = "206" Y = "132" T = "0" Pressure = "0" />
		<Point X = "207" Y = "131" T = "0" Pressure = "0" />
		<Point X = "207" Y = "132" T = "0" Pressure = "0" />
		<Point X = "207" Y = "134" T = "0" Pressure = "0" />
		<Point X = "205" Y = "137" T = "0" Pressure = "0" />
		<Point X = "203" Y = "141" T = "0" Pressure = "0" />
		<Point X = "201" Y = "145" T = "0" Pressure = "0" />
		<Point X = "198" Y = "151" T = "0" Pressure = "0" />
		<Point X = "197" Y = "153" T = "0" Pressure = "0" />
		<Point X = "194" Y = "156" T = "0" Pressure = "0" />
		<Point X = "192" Y = "158" T = "0" Pressure = "0" />
		<Point X = "190" Y = "161" T = "0" Pressure = "0" />
		<Point X = "187" Y = "163" T = "0" Pressure = "0" />
		<Point X = "186" Y = "165" T = "0" Pressure = "0" />
		<Point X = "183" Y = "169" T = "0" Pressure = "0" />
		<Point X = "181" Y = "171" T = "0" Pressure = "0" />
		<Point X = "178" Y = "175" T = "0" Pressure = "0" />
		<Point X = "176" Y = "177" T = "0" Pressure = "0" />
		<Point X = "173" Y = "182" T = "0" Pressure = "0" />
		<Point X = "169" Y = "188" T = "0" Pressure = "0" />
		<Point X = "166" Y = "192" T = "0" Pressure = "0" />
		<Point X = "163" Y = "196" T = "0" Pressure = "0" />
		<Point X = "160" Y = "200" T = "0" Pressure = "0" />
		<Point X = "158" Y = "202" T = "0" Pressure = "0" />
		<Point X = "156" Y = "204" T = "0" Pressure = "0" />
		<Point X = "154" Y = "205" T = "0" Pressure = "0" />
		<Point X = "154" Y = "206" T = "0" Pressure = "0" />
		<Point X = "152" Y = "208" T = "0" Pressure = "0" />
		<Point X = "151" Y = "209" T = "0" Pressure = "0" />
		<Point X = "150" Y = "209" T = "0" Pressure = "0" />
		<Point X = "149" Y = "210" T = "0" Pressure = "0" />
		<Point X = "147" Y = "211" T = "0" Pressure = "0" />
		<Point X = "146" Y = "213" T = "0" Pressure = "0" />
		<Point X = "143" Y = "215" T = "0" Pressure = "0" />
		<Point X = "143" Y = "216" T = "0" Pressure = "0" />
		<Point X = "141" Y = "216" T = "0" Pressure = "0" />
		<Point X = "140" Y = "219" T = "0" Pressure = "0" />
		<Point X = "139" Y = "219" T = "0" Pressure = "0" />
		<Point X = "138" Y = "220" T = "0" Pressure = "0" />
		<Point X = "137" Y = "220" T = "0" Pressure = "0" />
		<Point X = "137" Y = "221" T = "0" Pressure = "0" />
		<Point X = "137" Y = "222" T = "0" Pressure = "0" />
		<Point X = "136" Y = "222" T = "0" Pressure = "0" />
		<Point X = "136" Y = "223" T = "0" Pressure = "0" />
		<Point X = "136" Y = "222" T = "0" Pressure = "0" />
		<Point X = "136" Y = "218" T = "0" Pressure = "0" />
		<Point X = "136" Y = "215" T = "0" Pressure = "0" />
		<Point X = "137" Y = "211" T = "0" Pressure = "0" />
		<Point X = "139" Y = "207" T = "0" Pressure = "0" />
		<Point X = "139" Y = "205" T = "0" Pressure = "0" />
		<Point X = "139" Y = "202" T = "0" Pressure = "0" />
		<Point X = "139" Y = "197" T = "0" Pressure = "0" />
		<Point X = "139" Y = "193" T = "0" Pressure = "0" />
		<Point X = "139" Y = "189" T = "0" Pressure = "0" />
		<Point X = "139" Y = "186" T = "0" Pressure = "0" />
		<Point X = "139" Y = "182" T = "0" Pressure = "0" />
		<Point X = "139" Y = "179" T = "0" Pressure = "0" />
		<Point X = "139" Y = "176" T = "0" Pressure = "0" />
		<Point X = "139" Y = "173" T = "0" Pressure = "0" />
		<Point X = "139" Y = "166" T = "0" Pressure = "0" />
		<Point X = "139" Y = "162" T = "0" Pressure = "0" />
		<Point X = "139" Y = "158" T = "0" Pressure = "0" />
		<Point X = "139" Y = "154" T = "0" Pressure = "0" />
		<Point X = "139" Y = "149" T = "0" Pressure = "0" />
		<Point X = "139" Y = "147" T = "0" Pressure = "0" />
		<Point X = "139" Y = "145" T = "0" Pressure = "0" />
		<Point X = "139" Y = "144" T = "0" Pressure = "0" />
		<Point X = "139" Y = "141" T = "0" Pressure = "0" />
		<Point X = "139" Y = "138" T = "0" Pressure = "0" />
		<Point X = "139" Y = "137" T = "0" Pressure = "0" />
		<Point X = "139" Y = "135" T = "0" Pressure = "0" />
		<Point X = "139" Y = "134" T = "0" Pressure = "0" />
		<Point X = "139" Y = "131" T = "0" Pressure = "0" />
		<Point X = "139" Y = "126" T = "0" Pressure = "0" />
		<Point X = "139" Y = "122" T = "0" Pressure = "0" />
		<Point X = "139" Y = "118" T = "0" Pressure = "0" />
		<Point X = "139" Y = "114" T = "0" Pressure = "0" />
		<Point X = "139" Y = "111" T = "0" Pressure = "0" />
		<Point X = "139" Y = "107" T = "0" Pressure = "0" />
		<Point X = "139" Y = "104" T = "0" Pressure = "0" />
		<Point X = "139" Y = "102" T = "0" Pressure = "0" />
		<Point X = "139" Y = "101" T = "0" Pressure = "0" />
		<Point X = "139" Y = "99" T = "0" Pressure = "0" />
		<Point X = "139" Y = "98" T = "0" Pressure = "0" />
		<Point X = "139" Y = "96" T = "0" Pressure = "0" />
		<Point X = "139" Y = "95" T = "0" Pressure = "0" />
		<Point X = "139" Y = "93" T = "0" Pressure = "0" />
		<Point X = "139" Y = "92" T = "0" Pressure = "0" />
		<Point X = "140" Y = "91" T = "0" Pressure = "0" />
		<Point X = "141" Y = "92" T = "0" Pressure = "0" />
		<Point X = "143" Y = "98" T = "0" Pressure = "0" />
		<Point X = "145" Y = "102" T = "0" Pressure = "0" />
		<Point X = "149" Y = "109" T = "0" Pressure = "0" />
		<Point X = "155" Y = "115" T = "0" Pressure = "0" />
		<Point X = "157" Y = "118" T = "0" Pressure = "0" />
		<Point X = "163" Y = "125" T = "0" Pressure = "0" />
		<Point X = "166" Y = "128" T = "0" Pressure = "0" />
		<Point X = "170" Y = "133" T = "0" Pressure = "0" />
		<Point X = "174" Y = "138" T = "0" Pressure = "0" />
		<Point X = "177" Y = "142" T = "0" Pressure = "0" />
		<Point X = "179" Y = "144" T = "0" Pressure = "0" />
		<Point X = "181" Y = "148" T = "0" Pressure = "0" />
		<Point X = "182" Y = "149" T = "0" Pressure = "0" />
		<Point X = "182" Y = "151" T = "0" Pressure = "0" />
		<Point X = "185" Y = "154" T = "0" Pressure = "0" />
		<Point X = "185" Y = "156" T = "0" Pressure = "0" />
		<Point X = "186" Y = "158" T = "0" Pressure = "0" />
		<Point X = "187" Y = "160" T = "0" Pressure = "0" />
		<Point X = "188" Y = "163" T = "0" Pressure = "0" />
		<Point X = "188" Y = "164" T = "0" Pressure = "0" />
		<Point X = "189" Y = "167" T = "0" Pressure = "0" />
		<Point X = "191" Y = "172" T = "0" Pressure = "0" />
		<Point X = "192" Y = "174" T = "0" Pressure = "0" />
		<Point X = "193" Y = "177" T = "0" Pressure = "0" />
		<Point X = "195" Y = "181" T = "0" Pressure = "0" />
		<Point X = "196" Y = "183" T = "0" Pressure = "0" />
		<Point X = "197" Y = "184" T = "0" Pressure = "0" />
		<Point X = "198" Y = "184" T = "0" Pressure = "0" />
		<Point X = "198" Y = "186" T = "0" Pressure = "0" />
		<Point X = "198" Y = "187" T = "0" Pressure = "0" />
		<Point X = "200" Y = "189" T = "0" Pressure = "0" />
		<Point X = "200" Y = "190" T = "0" Pressure = "0" />
		<Point X = "202" Y = "191" T = "0" Pressure = "0" />
		<Point X = "203" Y = "194" T = "0" Pressure = "0" />
		<Point X = "205" Y = "196" T = "0" Pressure = "0" />
		<Point X = "206" Y = "198" T = "0" Pressure = "0" />
		<Point X = "206" Y = "199" T = "0" Pressure = "0" />
		<Point X = "207" Y = "200" T = "0" Pressure = "0" />
		<Point X = "207" Y = "201" T = "0" Pressure = "0" />
		<Point X = "207" Y = "202" T = "0" Pressure = "0" />
		<Point X = "207" Y = "203" T = "0" Pressure = "0" />
		<Point X = "207" Y = "204" T = "0" Pressure = "0" />
		<Point X = "207" Y = "205" T = "0" Pressure = "0" />
		<Point X = "205" Y = "205" T = "0" Pressure = "0" />
		<Point X = "204" Y = "205" T = "0" Pressure = "0" />
		<Point X = "201" Y = "205" T = "0" Pressure = "0" />
		<Point X = "198" Y = "205" T = "0" Pressure = "0" />
		<Point X = "194" Y = "205" T = "0" Pressure = "0" />
		<Point X = "192" Y = "205" T = "0" Pressure = "0" />
		<Point X = "190" Y = "205" T = "0" Pressure = "0" />
		<Point X = "186" Y = "204" T = "0" Pressure = "0" />
		<Point X = "184" Y = "204" T = "0" Pressure = "0" />
		<Point X = "182" Y = "203" T = "0" Pressure = "0" />
		<Point X = "179" Y = "201" T = "0" Pressure = "0" />
		<Point X = "176" Y = "200" T = "0" Pressure = "0" />
		<Point X = "174" Y = "198" T = "0" Pressure = "0" />
		<Point X = "173" Y = "197" T = "0" Pressure = "0" />
		<Point X = "168" Y = "195" T = "0" Pressure = "0" />
		<Point X = "166" Y = "193" T = "0" Pressure = "0" />
		<Point X = "165" Y = "192" T = "0" Pressure = "0" />
		<Point X = "161" Y = "190" T = "0" Pressure = "0" />
		<Point X = "159" Y = "189" T = "0" Pressure = "0" />
		<Point X = "155" Y = "188" T = "0" Pressure = "0" />
		<Point X = "150" Y = "186" T = "0" Pressure = "0" />
		<Point X = "147" Y = "184" T = "0" Pressure = "0" />
		<Point X = "139" Y = "181" T = "0" Pressure = "0" />
		<Point X = "135" Y = "180" T = "0" Pressure = "0" />
		<Point X = "130" Y = "178" T = "0" Pressure = "0" />
		<Point X = "126" Y = "177" T = "0" Pressure = "0" />
		<Point X = "123" Y = "177" T = "0" Pressure = "0" />
		<Point X = "120" Y = "177" T = "0" Pressure = "0" />
		<Point X = "116" Y = "175" T = "0" Pressure = "0" />
		<Point X = "115" Y = "174" T = "0" Pressure = "0" />
		<Point X = "113" Y = "174" T = "0" Pressure = "0" />
		<Point X = "111" Y = "174" T = "0" Pressure = "0" />
		<Point X = "111" Y = "173" T = "0" Pressure = "0" />
		<Point X = "110" Y = "172" T = "0" Pressure = "0" />
		<Point X = "109" Y = "172" T = "0" Pressure = "0" />
		<Point X = "107" Y = "170" T = "0" Pressure = "0" />
		<Point X = "106" Y = "170" T = "0" Pressure = "0" />
		<Point X = "105" Y = "170" T = "0" Pressure = "0" />
		<Point X = "104" Y = "170" T = "0" Pressure = "0" />
		<Point X = "103" Y = "169" T = "0" Pressure = "0" />
		<Point X = "102" Y = "169" T = "0" Pressure = "0" />
		<Point X = "101" Y = "168" T = "0" Pressure = "0" />
		<Point X = "100" Y = "168" T = "0" Pressure = "0" />
		<Point X = "100" Y = "167" T = "0" Pressure = "0" />
		<Point X = "99" Y = "167" T = "0" Pressure = "0" />
		<Point X = "98" Y = "165" T = "0" Pressure = "0" />
		<Point X = "98" Y = "163" T = "0" Pressure = "0" />
		<Point X = "98" Y = "161" T = "0" Pressure = "0" />
		<Point X = "97" Y = "160" T = "0" Pressure = "0" />
		<Point X = "97" Y = "159" T = "0" Pressure = "0" />
		<Point X = "97" Y = "158" T = "0" Pressure = "0" />
		<Point X = "97" Y = "157" T = "0" Pressure = "0" />
		<Point X = "95" Y = "157" T = "0" Pressure = "0" />
		<Point X = "94" Y = "156" T = "0" Pressure = "0" />
		<Point X = "92" Y = "156" T = "0" Pressure = "0" />
		<Point X = "91" Y = "156" T = "0" Pressure = "0" />
		<Point X = "89" Y = "156" T = "0" Pressure = "0" />
		<Point X = "88" Y = "156" T = "0" Pressure = "0" />
		<Point X = "87" Y = "155" T = "0" Pressure = "0" />
		<Point X = "86" Y = "155" T = "0" Pressure = "0" />
		<Point X = "85" Y = "154" T = "0" Pressure = "0" />
		<Point X = "84" Y = "153" T = "0" Pressure = "0" />
		<Point X = "85" Y = "152" T = "0" Pressure = "0" />
		<Point X = "86" Y = "151" T = "0" Pressure = "0" />
		<Point X = "87" Y = "151" T = "0" Pressure = "0" />
		<Point X = "88" Y = "151" T = "0" Pressure = "0" />
		<Point X = "89" Y = "150" T = "0" Pressure = "0" />
		<Point X = "90" Y = "150" T = "0" Pressure = "0" />
		<Point X = "92" Y = "149" T = "0" Pressure = "0" />
		<Point X = "92" Y = "148" T = "0" Pressure = "0" />
		<Point X = "93" Y = "148" T = "0" Pressure = "0" />
		<Point X = "95" Y = "147" T = "0" Pressure = "0" />
		<Point X = "95" Y = "146" T = "0" Pressure = "0" />
		<Point X = "96" Y = "146" T = "0" Pressure = "0" />
		<Point X = "97" Y = "145" T = "0" Pressure = "0" />
		<Point X = "98" Y = "144" T = "0" Pressure = "0" />
		<Point X = "98" Y = "145" T = "0" Pressure = "0" />
	</Stroke>
</Gesture>
