<?xml version="1.0" encoding="utf-8" standalone="yes"?>
<Gesture Name = "star">
	<Stroke>
		<Point X = "66" Y = "148" T = "0" Pressure = "0" />
		<Point X = "70" Y = "149" T = "0" Pressure = "0" />
		<Point X = "73" Y = "151" T = "0" Pressure = "0" />
		<Point X = "76" Y = "151" T = "0" Pressure = "0" />
		<Point X = "79" Y = "151" T = "0" Pressure = "0" />
		<Point X = "82" Y = "151" T = "0" Pressure = "0" />
		<Point X = "86" Y = "152" T = "0" Pressure = "0" />
		<Point X = "90" Y = "152" T = "0" Pressure = "0" />
		<Point X = "94" Y = "152" T = "0" Pressure = "0" />
		<Point X = "100" Y = "152" T = "0" Pressure = "0" />
		<Point X = "105" Y = "152" T = "0" Pressure = "0" />
		<Point X = "112" Y = "152" T = "0" Pressure = "0" />
		<Point X = "118" Y = "152" T = "0" Pressure = "0" />
		<Point X = "127" Y = "152" T = "0" Pressure = "0" />
		<Point X = "137" Y = "152" T = "0" Pressure = "0" />
		<Point X = "149" Y = "154" T = "0" Pressure = "0" />
		<Point X = "159" Y = "156" T = "0" Pressure = "0" />
		<Point X = "168" Y = "157" T = "0" Pressure = "0" />
		<Point X = "174" Y = "157" T = "0" Pressure = "0" />
		<Point X = "180" Y = "157" T = "0" Pressure = "0" />
		<Point X = "184" Y = "157" T = "0" Pressure = "0" />
		<Point X = "188" Y = "157" T = "0" Pressure = "0" />
		<Point X = "192" Y = "157" T = "0" Pressure = "0" />
		<Point X = "197" Y = "157" T = "0" Pressure = "0" />
		<Point X = "202" Y = "157" T = "0" Pressure = "0" />
		<Point X = "211" Y = "156" T = "0" Pressure = "0" />
		<Point X = "219" Y = "154" T = "0" Pressure = "0" />
		<Point X = "229" Y = "154" T = "0" Pressure = "0" />
		<Point X = "237" Y = "152" T = "0" Pressure = "0" />
		<Point X = "242" Y = "151" T = "0" Pressure = "0" />
		<Point X = "244" Y = "150" T = "0" Pressure = "0" />
		<Point X = "246" Y = "150" T = "0" Pressure = "0" />
		<Point X = "247" Y = "150" T = "0" Pressure = "0" />
		<Point X = "249" Y = "150" T = "0" Pressure = "0" />
		<Point X = "250" Y = "148" T = "0" Pressure = "0" />
		<Point X = "253" Y = "147" T = "0" Pressure = "0" />
		<Point X = "256" Y = "147" T = "0" Pressure = "0" />
		<Point X = "259" Y = "147" T = "0" Pressure = "0" />
		<Point X = "262" Y = "147" T = "0" Pressure = "0" />
		<Point X = "264" Y = "147" T = "0" Pressure = "0" />
		<Point X = "265" Y = "147" T = "0" Pressure = "0" />
		<Point X = "266" Y = "147" T = "0" Pressure = "0" />
		<Point X = "266" Y = "148" T = "0" Pressure = "0" />
		<Point X = "265" Y = "149" T = "0" Pressure = "0" />
		<Point X = "263" Y = "153" T = "0" Pressure = "0" />
		<Point X = "260" Y = "157" T = "0" Pressure = "0" />
		<Point X = "256" Y = "163" T = "0" Pressure = "0" />
		<Point X = "253" Y = "167" T = "0" Pressure = "0" />
		<Point X = "249" Y = "172" T = "0" Pressure = "0" />
		<Point X = "247" Y = "175" T = "0" Pressure = "0" />
		<Point X = "244" Y = "179" T = "0" Pressure = "0" />
		<Point X = "243" Y = "179" T = "0" Pressure = "0" />
		<Point X = "239" Y = "181" T = "0" Pressure = "0" />
		<Point X = "236" Y = "184" T = "0" Pressure = "0" />
		<Point X = "233" Y = "184" T = "0" Pressure = "0" />
		<Point X = "224" Y = "184" T = "0" Pressure = "0" />
		<Point X = "219" Y = "185" T = "0" Pressure = "0" />
		<Point X = "214" Y = "187" T = "0" Pressure = "0" />
		<Point X = "210" Y = "188" T = "0" Pressure = "0" />
		<Point X = "206" Y = "190" T = "0" Pressure = "0" />
		<Point X = "201" Y = "194" T = "0" Pressure = "0" />
		<Point X = "195" Y = "197" T = "0" Pressure = "0" />
		<Point X = "189" Y = "202" T = "0" Pressure = "0" />
		<Point X = "185" Y = "205" T = "0" Pressure = "0" />
		<Point X = "182" Y = "207" T = "0" Pressure = "0" />
		<Point X = "180" Y = "209" T = "0" Pressure = "0" />
		<Point X = "176" Y = "211" T = "0" Pressure = "0" />
		<Point X = "171" Y = "215" T = "0" Pressure = "0" />
		<Point X = "167" Y = "218" T = "0" Pressure = "0" />
		<Point X = "162" Y = "221" T = "0" Pressure = "0" />
		<Point X = "155" Y = "223" T = "0" Pressure = "0" />
		<Point X = "151" Y = "227" T = "0" Pressure = "0" />
		<Point X = "146" Y = "230" T = "0" Pressure = "0" />
		<Point X = "139" Y = "233" T = "0" Pressure = "0" />
		<Point X = "134" Y = "236" T = "0" Pressure = "0" />
		<Point X = "131" Y = "237" T = "0" Pressure = "0" />
		<Point X = "128" Y = "240" T = "0" Pressure = "0" />
		<Point X = "125" Y = "241" T = "0" Pressure = "0" />
		<Point X = "122" Y = "242" T = "0" Pressure = "0" />
		<Point X = "121" Y = "243" T = "0" Pressure = "0" />
		<Point X = "119" Y = "244" T = "0" Pressure = "0" />
		<Point X = "118" Y = "244" T = "0" Pressure = "0" />
		<Point X = "115" Y = "245" T = "0" Pressure = "0" />
		<Point X = "113" Y = "247" T = "0" Pressure = "0" />
		<Point X = "110" Y = "249" T = "0" Pressure = "0" />
		<Point X = "107" Y = "251" T = "0" Pressure = "0" />
		<Point X = "106" Y = "252" T = "0" Pressure = "0" />
		<Point X = "103" Y = "254" T = "0" Pressure = "0" />
		<Point X = "102" Y = "255" T = "0" Pressure = "0" />
		<Point X = "101" Y = "257" T = "0" Pressure = "0" />
		<Point X = "98" Y = "259" T = "0" Pressure = "0" />
		<Point X = "97" Y = "260" T = "0" Pressure = "0" />
		<Point X = "96" Y = "261" T = "0" Pressure = "0" />
		<Point X = "95" Y = "261" T = "0" Pressure = "0" />
		<Point X = "95" Y = "262" T = "0" Pressure = "0" />
		<Point X = "95" Y = "260" T = "0" Pressure = "0" />
		<Point X = "95" Y = "255" T = "0" Pressure = "0" />
		<Point X = "95" Y = "251" T = "0" Pressure = "0" />
		<Point X = "97" Y = "246" T = "0" Pressure = "0" />
		<Point X = "98" Y = "241" T = "0" Pressure = "0" />
		<Point X = "101" Y = "235" T = "0" Pressure = "0" />
		<Point X = "102" Y = "230" T = "0" Pressure = "0" />
		<Point X = "105" Y = "222" T = "0" Pressure = "0" />
		<Point X = "107" Y = "216" T = "0" Pressure = "0" />
		<Point X = "110" Y = "210" T = "0" Pressure = "0" />
		<Point X = "112" Y = "205" T = "0" Pressure = "0" />
		<Point X = "114" Y = "199" T = "0" Pressure = "0" />
		<Point X = "117" Y = "196" T = "0" Pressure = "0" />
		<Point X = "118" Y = "190" T = "0" Pressure = "0" />
		<Point X = "119" Y = "186" T = "0" Pressure = "0" />
		<Point X = "120" Y = "182" T = "0" Pressure = "0" />
		<Point X = "121" Y = "179" T = "0" Pressure = "0" />
		<Point X = "121" Y = "176" T = "0" Pressure = "0" />
		<Point X = "122" Y = "173" T = "0" Pressure = "0" />
		<Point X = "123" Y = "169" T = "0" Pressure = "0" />
		<Point X = "124" Y = "166" T = "0" Pressure = "0" />
		<Point X = "126" Y = "161" T = "0" Pressure = "0" />
		<Point X = "130" Y = "154" T = "0" Pressure = "0" />
		<Point X = "134" Y = "145" T = "0" Pressure = "0" />
		<Point X = "136" Y = "139" T = "0" Pressure = "0" />
		<Point X = "138" Y = "130" T = "0" Pressure = "0" />
		<Point X = "140" Y = "122" T = "0" Pressure = "0" />
		<Point X = "142" Y = "114" T = "0" Pressure = "0" />
		<Point X = "144" Y = "109" T = "0" Pressure = "0" />
		<Point X = "146" Y = "105" T = "0" Pressure = "0" />
		<Point X = "147" Y = "100" T = "0" Pressure = "0" />
		<Point X = "148" Y = "97" T = "0" Pressure = "0" />
		<Point X = "150" Y = "94" T = "0" Pressure = "0" />
		<Point X = "151" Y = "91" T = "0" Pressure = "0" />
		<Point X = "152" Y = "88" T = "0" Pressure = "0" />
		<Point X = "153" Y = "86" T = "0" Pressure = "0" />
		<Point X = "154" Y = "83" T = "0" Pressure = "0" />
		<Point X = "155" Y = "79" T = "0" Pressure = "0" />
		<Point X = "155" Y = "77" T = "0" Pressure = "0" />
		<Point X = "156" Y = "75" T = "0" Pressure = "0" />
		<Point X = "157" Y = "72" T = "0" Pressure = "0" />
		<Point X = "157" Y = "71" T = "0" Pressure = "0" />
		<Point X = "157" Y = "70" T = "0" Pressure = "0" />
		<Point X = "158" Y = "69" T = "0" Pressure = "0" />
		<Point X = "159" Y = "68" T = "0" Pressure = "0" />
		<Point X = "160" Y = "68" T = "0" Pressure = "0" />
		<Point X = "160" Y = "69" T = "0" Pressure = "0" />
		<Point X = "160" Y = "72" T = "0" Pressure = "0" />
		<Point X = "160" Y = "75" T = "0" Pressure = "0" />
		<Point X = "161" Y = "78" T = "0" Pressure = "0" />
		<Point X = "162" Y = "83" T = "0" Pressure = "0" />
		<Point X = "162" Y = "87" T = "0" Pressure = "0" />
		<Point X = "163" Y = "91" T = "0" Pressure = "0" />
		<Point X = "164" Y = "96" T = "0" Pressure = "0" />
		<Point X = "165" Y = "98" T = "0" Pressure = "0" />
		<Point X = "166" Y = "102" T = "0" Pressure = "0" />
		<Point X = "166" Y = "107" T = "0" Pressure = "0" />
		<Point X = "168" Y = "111" T = "0" Pressure = "0" />
		<Point X = "168" Y = "117" T = "0" Pressure = "0" />
		<Point X = "170" Y = "127" T = "0" Pressure = "0" />
		<Point X = "171" Y = "132" T = "0" Pressure = "0" />
		<Point X = "174" Y = "138" T = "0" Pressure = "0" />
		<Point X = "178" Y = "148" T = "0" Pressure = "0" />
		<Point X = "179" Y = "152" T = "0" Pressure = "0" />
		<Point X = "180" Y = "156" T = "0" Pressure = "0" />
		<Point X = "181" Y = "160" T = "0" Pressure = "0" />
		<Point X = "182" Y = "163" T = "0" Pressure = "0" />
		<Point X = "182" Y = "165" T = "0" Pressure = "0" />
		<Point X = "183" Y = "167" T = "0" Pressure = "0" />
		<Point X = "183" Y = "168" T = "0" Pressure = "0" />
		<Point X = "184" Y = "172" T = "0" Pressure = "0" />
		<Point X = "184" Y = "176" T = "0" Pressure = "0" />
		<Point X = "185" Y = "180" T = "0" Pressure = "0" />
		<Point X = "186" Y = "186" T = "0" Pressure = "0" />
		<Point X = "187" Y = "188" T = "0" Pressure = "0" />
		<Point X = "187" Y = "191" T = "0" Pressure = "0" />
		<Point X = "187" Y = "193" T = "0" Pressure = "0" />
		<Point X = "187" Y = "194" T = "0" Pressure = "0" />
		<Point X = "187" Y = "197" T = "0" Pressure = "0" />
		<Point X = "187" Y = "198" T = "0" Pressure = "0" />
		<Point X = "188" Y = "200" T = "0" Pressure = "0" />
		<Point X = "188" Y = "203" T = "0" Pressure = "0" />
		<Point X = "189" Y = "205" T = "0" Pressure = "0" />
		<Point X = "189" Y = "208" T = "0" Pressure = "0" />
		<Point X = "191" Y = "212" T = "0" Pressure = "0" />
		<Point X = "192" Y = "215" T = "0" Pressure = "0" />
		<Point X = "195" Y = "221" T = "0" Pressure = "0" />
		<Point X = "196" Y = "224" T = "0" Pressure = "0" />
		<Point X = "197" Y = "227" T = "0" Pressure = "0" />
		<Point X = "197" Y = "228" T = "0" Pressure = "0" />
		<Point X = "197" Y = "230" T = "0" Pressure = "0" />
		<Point X = "197" Y = "233" T = "0" Pressure = "0" />
		<Point X = "197" Y = "235" T = "0" Pressure = "0" />
		<Point X = "199" Y = "237" T = "0" Pressure = "0" />
		<Point X = "200" Y = "239" T = "0" Pressure = "0" />
		<Point X = "200" Y = "240" T = "0" Pressure = "0" />
		<Point X = "200" Y = "243" T = "0" Pressure = "0" />
		<Point X = "200" Y = "246" T = "0" Pressure = "0" />
		<Point X = "200" Y = "249" T = "0" Pressure = "0" />
		<Point X = "200" Y = "252" T = "0" Pressure = "0" />
		<Point X = "200" Y = "254" T = "0" Pressure = "0" />
		<Point X = "200" Y = "255" T = "0" Pressure = "0" />
		<Point X = "200" Y = "257" T = "0" Pressure = "0" />
		<Point X = "200" Y = "259" T = "0" Pressure = "0" />
		<Point X = "200" Y = "261" T = "0" Pressure = "0" />
		<Point X = "200" Y = "262" T = "0" Pressure = "0" />
		<Point X = "200" Y = "264" T = "0" Pressure = "0" />
		<Point X = "200" Y = "265" T = "0" Pressure = "0" />
		<Point X = "200" Y = "268" T = "0" Pressure = "0" />
		<Point X = "201" Y = "272" T = "0" Pressure = "0" />
		<Point X = "201" Y = "275" T = "0" Pressure = "0" />
		<Point X = "203" Y = "277" T = "0" Pressure = "0" />
		<Point X = "203" Y = "280" T = "0" Pressure = "0" />
		<Point X = "203" Y = "281" T = "0" Pressure = "0" />
		<Point X = "203" Y = "282" T = "0" Pressure = "0" />
		<Point X = "204" Y = "283" T = "0" Pressure = "0" />
		<Point X = "204" Y = "284" T = "0" Pressure = "0" />
		<Point X = "203" Y = "284" T = "0" Pressure = "0" />
		<Point X = "201" Y = "284" T = "0" Pressure = "0" />
		<Point X = "199" Y = "282" T = "0" Pressure = "0" />
		<Point X = "196" Y = "279" T = "0" Pressure = "0" />
		<Point X = "194" Y = "275" T = "0" Pressure = "0" />
		<Point X = "190" Y = "272" T = "0" Pressure = "0" />
		<Point X = "186" Y = "269" T = "0" Pressure = "0" />
		<Point X = "186" Y = "268" T = "0" Pressure = "0" />
		<Point X = "183" Y = "266" T = "0" Pressure = "0" />
		<Point X = "181" Y = "265" T = "0" Pressure = "0" />
		<Point X = "179" Y = "265" T = "0" Pressure = "0" />
		<Point X = "179" Y = "264" T = "0" Pressure = "0" />
		<Point X = "177" Y = "263" T = "0" Pressure = "0" />
		<Point X = "176" Y = "263" T = "0" Pressure = "0" />
		<Point X = "175" Y = "262" T = "0" Pressure = "0" />
		<Point X = "171" Y = "260" T = "0" Pressure = "0" />
		<Point X = "169" Y = "258" T = "0" Pressure = "0" />
		<Point X = "167" Y = "256" T = "0" Pressure = "0" />
		<Point X = "165" Y = "255" T = "0" Pressure = "0" />
		<Point X = "162" Y = "254" T = "0" Pressure = "0" />
		<Point X = "161" Y = "251" T = "0" Pressure = "0" />
		<Point X = "159" Y = "249" T = "0" Pressure = "0" />
		<Point X = "158" Y = "247" T = "0" Pressure = "0" />
		<Point X = "157" Y = "246" T = "0" Pressure = "0" />
		<Point X = "156" Y = "244" T = "0" Pressure = "0" />
		<Point X = "154" Y = "242" T = "0" Pressure = "0" />
		<Point X = "153" Y = "240" T = "0" Pressure = "0" />
		<Point X = "150" Y = "238" T = "0" Pressure = "0" />
		<Point X = "149" Y = "236" T = "0" Pressure = "0" />
		<Point X = "145" Y = "234" T = "0" Pressure = "0" />
		<Point X = "141" Y = "231" T = "0" Pressure = "0" />
		<Point X = "135" Y = "228" T = "0" Pressure = "0" />
		<Point X = "133" Y = "228" T = "0" Pressure = "0" />
		<Point X = "131" Y = "227" T = "0" Pressure = "0" />
		<Point X = "130" Y = "227" T = "0" Pressure = "0" />
		<Point X = "129" Y = "226" T = "0" Pressure = "0" />
		<Point X = "128" Y = "225" T = "0" Pressure = "0" />
		<Point X = "128" Y = "224" T = "0" Pressure = "0" />
		<Point X = "126" Y = "223" T = "0" Pressure = "0" />
		<Point X = "125" Y = "222" T = "0" Pressure = "0" />
		<Point X = "124" Y = "218" T = "0" Pressure = "0" />
		<Point X = "122" Y = "216" T = "0" Pressure = "0" />
		<Point X = "121" Y = "215" T = "0" Pressure = "0" />
		<Point X = "120" Y = "214" T = "0" Pressure = "0" />
		<Point X = "118" Y = "212" T = "0" Pressure = "0" />
		<Point X = "117" Y = "210" T = "0" Pressure = "0" />
		<Point X = "115" Y = "210" T = "0" Pressure = "0" />
		<Point X = "114" Y = "209" T = "0" Pressure = "0" />
		<Point X = "111" Y = "208" T = "0" Pressure = "0" />
		<Point X = "110" Y = "206" T = "0" Pressure = "0" />
		<Point X = "109" Y = "206" T = "0" Pressure = "0" />
		<Point X = "107" Y = "204" T = "0" Pressure = "0" />
		<Point X = "106" Y = "202" T = "0" Pressure = "0" />
		<Point X = "103" Y = "200" T = "0" Pressure = "0" />
		<Point X = "102" Y = "197" T = "0" Pressure = "0" />
		<Point X = "100" Y = "196" T = "0" Pressure = "0" />
		<Point X = "100" Y = "195" T = "0" Pressure = "0" />
		<Point X = "99" Y = "192" T = "0" Pressure = "0" />
		<Point X = "98" Y = "190" T = "0" Pressure = "0" />
		<Point X = "97" Y = "187" T = "0" Pressure = "0" />
		<Point X = "96" Y = "184" T = "0" Pressure = "0" />
		<Point X = "95" Y = "181" T = "0" Pressure = "0" />
		<Point X = "94" Y = "179" T = "0" Pressure = "0" />
		<Point X = "93" Y = "177" T = "0" Pressure = "0" />
		<Point X = "92" Y = "175" T = "0" Pressure = "0" />
		<Point X = "92" Y = "174" T = "0" Pressure = "0" />
		<Point X = "91" Y = "172" T = "0" Pressure = "0" />
		<Point X = "90" Y = "171" T = "0" Pressure = "0" />
		<Point X = "90" Y = "170" T = "0" Pressure = "0" />
		<Point X = "89" Y = "169" T = "0" Pressure = "0" />
		<Point X = "88" Y = "168" T = "0" Pressure = "0" />
		<Point X = "87" Y = "167" T = "0" Pressure = "0" />
		<Point X = "86" Y = "166" T = "0" Pressure = "0" />
		<Point X = "86" Y = "165" T = "0" Pressure = "0" />
		<Point X = "85" Y = "164" T = "0" Pressure = "0" />
		<Point X = "84" Y = "163" T = "0" Pressure = "0" />
		<Point X = "83" Y = "163" T = "0" Pressure = "0" />
		<Point X = "82" Y = "163" T = "0" Pressure = "0" />
		<Point X = "81" Y = "163" T = "0" Pressure = "0" />
		<Point X = "80" Y = "162" T = "0" Pressure = "0" />
		<Point X = "80" Y = "161" T = "0" Pressure = "0" />
		<Point X = "79" Y = "160" T = "0" Pressure = "0" />
		<Point X = "78" Y = "159" T = "0" Pressure = "0" />
		<Point X = "78" Y = "158" T = "0" Pressure = "0" />
		<Point X = "78" Y = "157" T = "0" Pressure = "0" />
		<Point X = "77" Y = "155" T = "0" Pressure = "0" />
		<Point X = "76" Y = "154" T = "0" Pressure = "0" />
		<Point X = "75" Y = "153" T = "0" Pressure = "0" />
		<Point X = "75" Y = "152" T = "0" Pressure = "0" />
		<Point X = "75" Y = "151" T = "0" Pressure = "0" />
		<Point X = "74" Y = "151" T = "0" Pressure = "0" />
		<Point X = "74" Y = "150" T = "0" Pressure = "0" />
		<Point X = "74" Y = "149" T = "0" Pressure = "0" />
		<Point X = "73" Y = "149" T = "0" Pressure = "0" />
		<Point X = "73" Y = "148" T = "0" Pressure = "0" />
		<Point X = "72" Y = "148" T = "0" Pressure = "0" />
		<Point X = "71" Y = "148" T = "0" Pressure = "0" />
		<Point X = "70" Y = "148" T = "0" Pressure = "0" />
	</Stroke>
</Gesture>
