<?xml version="1.0" encoding="utf-8" standalone="yes"?>
<Gesture Name = "star">
	<Stroke>
		<Point X = "52" Y = "155" T = "0" Pressure = "0" />
		<Point X = "53" Y = "155" T = "0" Pressure = "0" />
		<Point X = "55" Y = "155" T = "0" Pressure = "0" />
		<Point X = "57" Y = "155" T = "0" Pressure = "0" />
		<Point X = "58" Y = "155" T = "0" Pressure = "0" />
		<Point X = "60" Y = "155" T = "0" Pressure = "0" />
		<Point X = "62" Y = "155" T = "0" Pressure = "0" />
		<Point X = "65" Y = "155" T = "0" Pressure = "0" />
		<Point X = "68" Y = "155" T = "0" Pressure = "0" />
		<Point X = "71" Y = "155" T = "0" Pressure = "0" />
		<Point X = "73" Y = "155" T = "0" Pressure = "0" />
		<Point X = "80" Y = "156" T = "0" Pressure = "0" />
		<Point X = "84" Y = "157" T = "0" Pressure = "0" />
		<Point X = "90" Y = "160" T = "0" Pressure = "0" />
		<Point X = "97" Y = "162" T = "0" Pressure = "0" />
		<Point X = "101" Y = "162" T = "0" Pressure = "0" />
		<Point X = "109" Y = "164" T = "0" Pressure = "0" />
		<Point X = "113" Y = "164" T = "0" Pressure = "0" />
		<Point X = "115" Y = "164" T = "0" Pressure = "0" />
		<Point X = "119" Y = "165" T = "0" Pressure = "0" />
		<Point X = "126" Y = "165" T = "0" Pressure = "0" />
		<Point X = "132" Y = "165" T = "0" Pressure = "0" />
		<Point X = "139" Y = "166" T = "0" Pressure = "0" />
		<Point X = "147" Y = "167" T = "0" Pressure = "0" />
		<Point X = "151" Y = "167" T = "0" Pressure = "0" />
		<Point X = "157" Y = "169" T = "0" Pressure = "0" />
		<Point X = "161" Y = "169" T = "0" Pressure = "0" />
		<Point X = "166" Y = "169" T = "0" Pressure = "0" />
		<Point X = "169" Y = "169" T = "0" Pressure = "0" />
		<Point X = "170" Y = "169" T = "0" Pressure = "0" />
		<Point X = "172" Y = "169" T = "0" Pressure = "0" />
		<Point X = "175" Y = "169" T = "0" Pressure = "0" />
		<Point X = "176" Y = "169" T = "0" Pressure = "0" />
		<Point X = "177" Y = "169" T = "0" Pressure = "0" />
		<Point X = "179" Y = "169" T = "0" Pressure = "0" />
		<Point X = "182" Y = "169" T = "0" Pressure = "0" />
		<Point X = "185" Y = "169" T = "0" Pressure = "0" />
		<Point X = "186" Y = "169" T = "0" Pressure = "0" />
		<Point X = "187" Y = "169" T = "0" Pressure = "0" />
		<Point X = "188" Y = "169" T = "0" Pressure = "0" />
		<Point X = "189" Y = "169" T = "0" Pressure = "0" />
		<Point X = "190" Y = "169" T = "0" Pressure = "0" />
		<Point X = "191" Y = "169" T = "0" Pressure = "0" />
		<Point X = "191" Y = "170" T = "0" Pressure = "0" />
		<Point X = "191" Y = "171" T = "0" Pressure = "0" />
		<Point X = "191" Y = "173" T = "0" Pressure = "0" />
		<Point X = "190" Y = "174" T = "0" Pressure = "0" />
		<Point X = "190" Y = "176" T = "0" Pressure = "0" />
		<Point X = "189" Y = "176" T = "0" Pressure = "0" />
		<Point X = "187" Y = "179" T = "0" Pressure = "0" />
		<Point X = "185" Y = "180" T = "0" Pressure = "0" />
		<Point X = "183" Y = "182" T = "0" Pressure = "0" />
		<Point X = "181" Y = "188" T = "0" Pressure = "0" />
		<Point X = "179" Y = "190" T = "0" Pressure = "0" />
		<Point X = "176" Y = "193" T = "0" Pressure = "0" />
		<Point X = "174" Y = "195" T = "0" Pressure = "0" />
		<Point X = "171" Y = "199" T = "0" Pressure = "0" />
		<Point X = "167" Y = "202" T = "0" Pressure = "0" />
		<Point X = "164" Y = "206" T = "0" Pressure = "0" />
		<Point X = "160" Y = "210" T = "0" Pressure = "0" />
		<Point X = "156" Y = "212" T = "0" Pressure = "0" />
		<Point X = "152" Y = "215" T = "0" Pressure = "0" />
		<Point X = "150" Y = "217" T = "0" Pressure = "0" />
		<Point X = "146" Y = "219" T = "0" Pressure = "0" />
		<Point X = "144" Y = "221" T = "0" Pressure = "0" />
		<Point X = "140" Y = "223" T = "0" Pressure = "0" />
		<Point X = "138" Y = "225" T = "0" Pressure = "0" />
		<Point X = "133" Y = "229" T = "0" Pressure = "0" />
		<Point X = "130" Y = "230" T = "0" Pressure = "0" />
		<Point X = "128" Y = "231" T = "0" Pressure = "0" />
		<Point X = "124" Y = "233" T = "0" Pressure = "0" />
		<Point X = "123" Y = "233" T = "0" Pressure = "0" />
		<Point X = "120" Y = "236" T = "0" Pressure = "0" />
		<Point X = "118" Y = "237" T = "0" Pressure = "0" />
		<Point X = "116" Y = "237" T = "0" Pressure = "0" />
		<Point X = "115" Y = "239" T = "0" Pressure = "0" />
		<Point X = "114" Y = "239" T = "0" Pressure = "0" />
		<Point X = "113" Y = "239" T = "0" Pressure = "0" />
		<Point X = "112" Y = "240" T = "0" Pressure = "0" />
		<Point X = "112" Y = "241" T = "0" Pressure = "0" />
		<Point X = "110" Y = "241" T = "0" Pressure = "0" />
		<Point X = "108" Y = "243" T = "0" Pressure = "0" />
		<Point X = "106" Y = "244" T = "0" Pressure = "0" />
		<Point X = "103" Y = "246" T = "0" Pressure = "0" />
		<Point X = "100" Y = "248" T = "0" Pressure = "0" />
		<Point X = "95" Y = "252" T = "0" Pressure = "0" />
		<Point X = "90" Y = "255" T = "0" Pressure = "0" />
		<Point X = "88" Y = "257" T = "0" Pressure = "0" />
		<Point X = "86" Y = "259" T = "0" Pressure = "0" />
		<Point X = "85" Y = "260" T = "0" Pressure = "0" />
		<Point X = "84" Y = "260" T = "0" Pressure = "0" />
		<Point X = "83" Y = "260" T = "0" Pressure = "0" />
		<Point X = "82" Y = "260" T = "0" Pressure = "0" />
		<Point X = "81" Y = "261" T = "0" Pressure = "0" />
		<Point X = "79" Y = "261" T = "0" Pressure = "0" />
		<Point X = "77" Y = "262" T = "0" Pressure = "0" />
		<Point X = "76" Y = "262" T = "0" Pressure = "0" />
		<Point X = "75" Y = "263" T = "0" Pressure = "0" />
		<Point X = "74" Y = "263" T = "0" Pressure = "0" />
		<Point X = "73" Y = "264" T = "0" Pressure = "0" />
		<Point X = "71" Y = "264" T = "0" Pressure = "0" />
		<Point X = "70" Y = "264" T = "0" Pressure = "0" />
		<Point X = "69" Y = "264" T = "0" Pressure = "0" />
		<Point X = "68" Y = "263" T = "0" Pressure = "0" />
		<Point X = "68" Y = "262" T = "0" Pressure = "0" />
		<Point X = "68" Y = "261" T = "0" Pressure = "0" />
		<Point X = "68" Y = "259" T = "0" Pressure = "0" />
		<Point X = "68" Y = "253" T = "0" Pressure = "0" />
		<Point X = "69" Y = "248" T = "0" Pressure = "0" />
		<Point X = "72" Y = "242" T = "0" Pressure = "0" />
		<Point X = "74" Y = "234" T = "0" Pressure = "0" />
		<Point X = "76" Y = "230" T = "0" Pressure = "0" />
		<Point X = "78" Y = "221" T = "0" Pressure = "0" />
		<Point X = "79" Y = "217" T = "0" Pressure = "0" />
		<Point X = "82" Y = "211" T = "0" Pressure = "0" />
		<Point X = "83" Y = "206" T = "0" Pressure = "0" />
		<Point X = "84" Y = "201" T = "0" Pressure = "0" />
		<Point X = "86" Y = "195" T = "0" Pressure = "0" />
		<Point X = "88" Y = "189" T = "0" Pressure = "0" />
		<Point X = "89" Y = "184" T = "0" Pressure = "0" />
		<Point X = "91" Y = "180" T = "0" Pressure = "0" />
		<Point X = "92" Y = "174" T = "0" Pressure = "0" />
		<Point X = "93" Y = "170" T = "0" Pressure = "0" />
		<Point X = "96" Y = "165" T = "0" Pressure = "0" />
		<Point X = "97" Y = "161" T = "0" Pressure = "0" />
		<Point X = "98" Y = "158" T = "0" Pressure = "0" />
		<Point X = "101" Y = "152" T = "0" Pressure = "0" />
		<Point X = "102" Y = "150" T = "0" Pressure = "0" />
		<Point X = "105" Y = "144" T = "0" Pressure = "0" />
		<Point X = "106" Y = "137" T = "0" Pressure = "0" />
		<Point X = "106" Y = "133" T = "0" Pressure = "0" />
		<Point X = "108" Y = "127" T = "0" Pressure = "0" />
		<Point X = "109" Y = "124" T = "0" Pressure = "0" />
		<Point X = "110" Y = "118" T = "0" Pressure = "0" />
		<Point X = "110" Y = "114" T = "0" Pressure = "0" />
		<Point X = "111" Y = "111" T = "0" Pressure = "0" />
		<Point X = "112" Y = "108" T = "0" Pressure = "0" />
		<Point X = "113" Y = "105" T = "0" Pressure = "0" />
		<Point X = "113" Y = "103" T = "0" Pressure = "0" />
		<Point X = "113" Y = "102" T = "0" Pressure = "0" />
		<Point X = "113" Y = "101" T = "0" Pressure = "0" />
		<Point X = "114" Y = "100" T = "0" Pressure = "0" />
		<Point X = "114" Y = "99" T = "0" Pressure = "0" />
		<Point X = "114" Y = "98" T = "0" Pressure = "0" />
		<Point X = "114" Y = "97" T = "0" Pressure = "0" />
		<Point X = "115" Y = "96" T = "0" Pressure = "0" />
		<Point X = "117" Y = "94" T = "0" Pressure = "0" />
		<Point X = "117" Y = "93" T = "0" Pressure = "0" />
		<Point X = "119" Y = "93" T = "0" Pressure = "0" />
		<Point X = "120" Y = "96" T = "0" Pressure = "0" />
		<Point X = "122" Y = "101" T = "0" Pressure = "0" />
		<Point X = "125" Y = "107" T = "0" Pressure = "0" />
		<Point X = "127" Y = "112" T = "0" Pressure = "0" />
		<Point X = "130" Y = "118" T = "0" Pressure = "0" />
		<Point X = "132" Y = "126" T = "0" Pressure = "0" />
		<Point X = "135" Y = "132" T = "0" Pressure = "0" />
		<Point X = "136" Y = "140" T = "0" Pressure = "0" />
		<Point X = "138" Y = "148" T = "0" Pressure = "0" />
		<Point X = "138" Y = "153" T = "0" Pressure = "0" />
		<Point X = "140" Y = "158" T = "0" Pressure = "0" />
		<Point X = "140" Y = "165" T = "0" Pressure = "0" />
		<Point X = "140" Y = "169" T = "0" Pressure = "0" />
		<Point X = "140" Y = "173" T = "0" Pressure = "0" />
		<Point X = "140" Y = "179" T = "0" Pressure = "0" />
		<Point X = "142" Y = "185" T = "0" Pressure = "0" />
		<Point X = "142" Y = "189" T = "0" Pressure = "0" />
		<Point X = "145" Y = "194" T = "0" Pressure = "0" />
		<Point X = "147" Y = "198" T = "0" Pressure = "0" />
		<Point X = "147" Y = "201" T = "0" Pressure = "0" />
		<Point X = "150" Y = "206" T = "0" Pressure = "0" />
		<Point X = "151" Y = "209" T = "0" Pressure = "0" />
		<Point X = "152" Y = "211" T = "0" Pressure = "0" />
		<Point X = "154" Y = "215" T = "0" Pressure = "0" />
		<Point X = "154" Y = "216" T = "0" Pressure = "0" />
		<Point X = "155" Y = "219" T = "0" Pressure = "0" />
		<Point X = "158" Y = "223" T = "0" Pressure = "0" />
		<Point X = "159" Y = "224" T = "0" Pressure = "0" />
		<Point X = "159" Y = "228" T = "0" Pressure = "0" />
		<Point X = "160" Y = "231" T = "0" Pressure = "0" />
		<Point X = "162" Y = "233" T = "0" Pressure = "0" />
		<Point X = "163" Y = "237" T = "0" Pressure = "0" />
		<Point X = "163" Y = "239" T = "0" Pressure = "0" />
		<Point X = "163" Y = "243" T = "0" Pressure = "0" />
		<Point X = "164" Y = "247" T = "0" Pressure = "0" />
		<Point X = "166" Y = "250" T = "0" Pressure = "0" />
		<Point X = "167" Y = "255" T = "0" Pressure = "0" />
		<Point X = "167" Y = "256" T = "0" Pressure = "0" />
		<Point X = "168" Y = "258" T = "0" Pressure = "0" />
		<Point X = "169" Y = "260" T = "0" Pressure = "0" />
		<Point X = "170" Y = "262" T = "0" Pressure = "0" />
		<Point X = "170" Y = "263" T = "0" Pressure = "0" />
		<Point X = "171" Y = "263" T = "0" Pressure = "0" />
		<Point X = "171" Y = "265" T = "0" Pressure = "0" />
		<Point X = "171" Y = "266" T = "0" Pressure = "0" />
		<Point X = "171" Y = "269" T = "0" Pressure = "0" />
		<Point X = "171" Y = "270" T = "0" Pressure = "0" />
		<Point X = "171" Y = "271" T = "0" Pressure = "0" />
		<Point X = "171" Y = "272" T = "0" Pressure = "0" />
		<Point X = "171" Y = "273" T = "0" Pressure = "0" />
		<Point X = "170" Y = "273" T = "0" Pressure = "0" />
		<Point X = "168" Y = "273" T = "0" Pressure = "0" />
		<Point X = "166" Y = "273" T = "0" Pressure = "0" />
		<Point X = "164" Y = "273" T = "0" Pressure = "0" />
		<Point X = "160" Y = "273" T = "0" Pressure = "0" />
		<Point X = "155" Y = "270" T = "0" Pressure = "0" />
		<Point X = "150" Y = "267" T = "0" Pressure = "0" />
		<Point X = "144" Y = "264" T = "0" Pressure = "0" />
		<Point X = "139" Y = "260" T = "0" Pressure = "0" />
		<Point X = "134" Y = "257" T = "0" Pressure = "0" />
		<Point X = "130" Y = "253" T = "0" Pressure = "0" />
		<Point X = "126" Y = "250" T = "0" Pressure = "0" />
		<Point X = "123" Y = "247" T = "0" Pressure = "0" />
		<Point X = "121" Y = "242" T = "0" Pressure = "0" />
		<Point X = "119" Y = "238" T = "0" Pressure = "0" />
		<Point X = "116" Y = "233" T = "0" Pressure = "0" />
		<Point X = "114" Y = "228" T = "0" Pressure = "0" />
		<Point X = "111" Y = "224" T = "0" Pressure = "0" />
		<Point X = "108" Y = "218" T = "0" Pressure = "0" />
		<Point X = "105" Y = "214" T = "0" Pressure = "0" />
		<Point X = "100" Y = "209" T = "0" Pressure = "0" />
		<Point X = "97" Y = "204" T = "0" Pressure = "0" />
		<Point X = "90" Y = "199" T = "0" Pressure = "0" />
		<Point X = "84" Y = "194" T = "0" Pressure = "0" />
		<Point X = "79" Y = "190" T = "0" Pressure = "0" />
		<Point X = "76" Y = "187" T = "0" Pressure = "0" />
		<Point X = "72" Y = "183" T = "0" Pressure = "0" />
		<Point X = "67" Y = "180" T = "0" Pressure = "0" />
		<Point X = "66" Y = "180" T = "0" Pressure = "0" />
		<Point X = "66" Y = "177" T = "0" Pressure = "0" />
		<Point X = "64" Y = "176" T = "0" Pressure = "0" />
		<Point X = "63" Y = "174" T = "0" Pressure = "0" />
		<Point X = "62" Y = "174" T = "0" Pressure = "0" />
		<Point X = "61" Y = "172" T = "0" Pressure = "0" />
		<Point X = "59" Y = "170" T = "0" Pressure = "0" />
		<Point X = "59" Y = "167" T = "0" Pressure = "0" />
		<Point X = "56" Y = "164" T = "0" Pressure = "0" />
		<Point X = "55" Y = "162" T = "0" Pressure = "0" />
		<Point X = "54" Y = "160" T = "0" Pressure = "0" />
		<Point X = "53" Y = "159" T = "0" Pressure = "0" />
		<Point X = "53" Y = "157" T = "0" Pressure = "0" />
		<Point X = "52" Y = "156" T = "0" Pressure = "0" />
		<Point X = "52" Y = "155" T = "0" Pressure = "0" />
		<Point X = "51" Y = "153" T = "0" Pressure = "0" />
		<Point X = "51" Y = "152" T = "0" Pressure = "0" />
		<Point X = "51" Y = "151" T = "0" Pressure = "0" />
		<Point X = "51" Y = "150" T = "0" Pressure = "0" />
		<Point X = "51" Y = "149" T = "0" Pressure = "0" />
		<Point X = "51" Y = "146" T = "0" Pressure = "0" />
		<Point X = "51" Y = "145" T = "0" Pressure = "0" />
		<Point X = "51" Y = "143" T = "0" Pressure = "0" />
		<Point X = "51" Y = "142" T = "0" Pressure = "0" />
		<Point X = "51" Y = "141" T = "0" Pressure = "0" />
		<Point X = "50" Y = "141" T = "0" Pressure = "0" />
		<Point X = "49" Y = "141" T = "0" Pressure = "0" />
	</Stroke>
</Gesture>
