<?xml version="1.0" encoding="utf-8" standalone="yes"?>
<Gesture Name = "star">
	<Stroke>
		<Point X = "97" Y = "98" T = "0" Pressure = "0" />
		<Point X = "101" Y = "98" T = "0" Pressure = "0" />
		<Point X = "106" Y = "97" T = "0" Pressure = "0" />
		<Point X = "113" Y = "96" T = "0" Pressure = "0" />
		<Point X = "120" Y = "96" T = "0" Pressure = "0" />
		<Point X = "127" Y = "94" T = "0" Pressure = "0" />
		<Point X = "130" Y = "93" T = "0" Pressure = "0" />
		<Point X = "138" Y = "93" T = "0" Pressure = "0" />
		<Point X = "144" Y = "92" T = "0" Pressure = "0" />
		<Point X = "151" Y = "92" T = "0" Pressure = "0" />
		<Point X = "159" Y = "92" T = "0" Pressure = "0" />
		<Point X = "169" Y = "92" T = "0" Pressure = "0" />
		<Point X = "177" Y = "92" T = "0" Pressure = "0" />
		<Point X = "185" Y = "92" T = "0" Pressure = "0" />
		<Point X = "192" Y = "92" T = "0" Pressure = "0" />
		<Point X = "200" Y = "92" T = "0" Pressure = "0" />
		<Point X = "206" Y = "92" T = "0" Pressure = "0" />
		<Point X = "209" Y = "92" T = "0" Pressure = "0" />
		<Point X = "212" Y = "92" T = "0" Pressure = "0" />
		<Point X = "213" Y = "92" T = "0" Pressure = "0" />
		<Point X = "214" Y = "92" T = "0" Pressure = "0" />
		<Point X = "217" Y = "93" T = "0" Pressure = "0" />
		<Point X = "221" Y = "93" T = "0" Pressure = "0" />
		<Point X = "225" Y = "93" T = "0" Pressure = "0" />
		<Point X = "231" Y = "93" T = "0" Pressure = "0" />
		<Point X = "238" Y = "93" T = "0" Pressure = "0" />
		<Point X = "243" Y = "93" T = "0" Pressure = "0" />
		<Point X = "247" Y = "93" T = "0" Pressure = "0" />
		<Point X = "250" Y = "93" T = "0" Pressure = "0" />
		<Point X = "251" Y = "93" T = "0" Pressure = "0" />
		<Point X = "252" Y = "93" T = "0" Pressure = "0" />
		<Point X = "254" Y = "92" T = "0" Pressure = "0" />
		<Point X = "256" Y = "92" T = "0" Pressure = "0" />
		<Point X = "259" Y = "92" T = "0" Pressure = "0" />
		<Point X = "260" Y = "92" T = "0" Pressure = "0" />
		<Point X = "261" Y = "92" T = "0" Pressure = "0" />
		<Point X = "262" Y = "92" T = "0" Pressure = "0" />
		<Point X = "263" Y = "92" T = "0" Pressure = "0" />
		<Point X = "264" Y = "92" T = "0" Pressure = "0" />
		<Point X = "265" Y = "92" T = "0" Pressure = "0" />
		<Point X = "266" Y = "92" T = "0" Pressure = "0" />
		<Point X = "267" Y = "92" T = "0" Pressure = "0" />
		<Point X = "268" Y = "92" T = "0" Pressure = "0" />
		<Point X = "269" Y = "92" T = "0" Pressure = "0" />
		<Point X = "269" Y = "93" T = "0" Pressure = "0" />
		<Point X = "269" Y = "94" T = "0" Pressure = "0" />
		<Point X = "269" Y = "96" T = "0" Pressure = "0" />
		<Point X = "268" Y = "97" T = "0" Pressure = "0" />
		<Point X = "266" Y = "99" T = "0" Pressure = "0" />
		<Point X = "263" Y = "103" T = "0" Pressure = "0" />
		<Point X = "259" Y = "107" T = "0" Pressure = "0" />
		<Point X = "256" Y = "112" T = "0" Pressure = "0" />
		<Point X = "254" Y = "114" T = "0" Pressure = "0" />
		<Point X = "253" Y = "120" T = "0" Pressure = "0" />
		<Point X = "250" Y = "122" T = "0" Pressure = "0" />
		<Point X = "249" Y = "123" T = "0" Pressure = "0" />
		<Point X = "245" Y = "126" T = "0" Pressure = "0" />
		<Point X = "242" Y = "128" T = "0" Pressure = "0" />
		<Point X = "236" Y = "132" T = "0" Pressure = "0" />
		<Point X = "230" Y = "136" T = "0" Pressure = "0" />
		<Point X = "223" Y = "141" T = "0" Pressure = "0" />
		<Point X = "216" Y = "145" T = "0" Pressure = "0" />
		<Point X = "207" Y = "154" T = "0" Pressure = "0" />
		<Point X = "201" Y = "161" T = "0" Pressure = "0" />
		<Point X = "192" Y = "170" T = "0" Pressure = "0" />
		<Point X = "185" Y = "175" T = "0" Pressure = "0" />
		<Point X = "182" Y = "179" T = "0" Pressure = "0" />
		<Point X = "179" Y = "179" T = "0" Pressure = "0" />
		<Point X = "178" Y = "179" T = "0" Pressure = "0" />
		<Point X = "176" Y = "180" T = "0" Pressure = "0" />
		<Point X = "174" Y = "181" T = "0" Pressure = "0" />
		<Point X = "171" Y = "183" T = "0" Pressure = "0" />
		<Point X = "169" Y = "183" T = "0" Pressure = "0" />
		<Point X = "167" Y = "183" T = "0" Pressure = "0" />
		<Point X = "165" Y = "184" T = "0" Pressure = "0" />
		<Point X = "162" Y = "187" T = "0" Pressure = "0" />
		<Point X = "159" Y = "188" T = "0" Pressure = "0" />
		<Point X = "155" Y = "191" T = "0" Pressure = "0" />
		<Point X = "153" Y = "192" T = "0" Pressure = "0" />
		<Point X = "149" Y = "195" T = "0" Pressure = "0" />
		<Point X = "146" Y = "197" T = "0" Pressure = "0" />
		<Point X = "141" Y = "200" T = "0" Pressure = "0" />
		<Point X = "138" Y = "201" T = "0" Pressure = "0" />
		<Point X = "133" Y = "203" T = "0" Pressure = "0" />
		<Point X = "131" Y = "205" T = "0" Pressure = "0" />
		<Point X = "129" Y = "205" T = "0" Pressure = "0" />
		<Point X = "128" Y = "205" T = "0" Pressure = "0" />
		<Point X = "128" Y = "204" T = "0" Pressure = "0" />
		<Point X = "130" Y = "200" T = "0" Pressure = "0" />
		<Point X = "130" Y = "196" T = "0" Pressure = "0" />
		<Point X = "132" Y = "190" T = "0" Pressure = "0" />
		<Point X = "132" Y = "186" T = "0" Pressure = "0" />
		<Point X = "134" Y = "178" T = "0" Pressure = "0" />
		<Point X = "135" Y = "172" T = "0" Pressure = "0" />
		<Point X = "136" Y = "166" T = "0" Pressure = "0" />
		<Point X = "137" Y = "159" T = "0" Pressure = "0" />
		<Point X = "139" Y = "153" T = "0" Pressure = "0" />
		<Point X = "140" Y = "148" T = "0" Pressure = "0" />
		<Point X = "140" Y = "145" T = "0" Pressure = "0" />
		<Point X = "141" Y = "143" T = "0" Pressure = "0" />
		<Point X = "141" Y = "139" T = "0" Pressure = "0" />
		<Point X = "142" Y = "136" T = "0" Pressure = "0" />
		<Point X = "144" Y = "131" T = "0" Pressure = "0" />
		<Point X = "144" Y = "128" T = "0" Pressure = "0" />
		<Point X = "144" Y = "125" T = "0" Pressure = "0" />
		<Point X = "144" Y = "120" T = "0" Pressure = "0" />
		<Point X = "144" Y = "114" T = "0" Pressure = "0" />
		<Point X = "144" Y = "110" T = "0" Pressure = "0" />
		<Point X = "144" Y = "106" T = "0" Pressure = "0" />
		<Point X = "144" Y = "103" T = "0" Pressure = "0" />
		<Point X = "144" Y = "100" T = "0" Pressure = "0" />
		<Point X = "145" Y = "97" T = "0" Pressure = "0" />
		<Point X = "146" Y = "94" T = "0" Pressure = "0" />
		<Point X = "149" Y = "91" T = "0" Pressure = "0" />
		<Point X = "149" Y = "88" T = "0" Pressure = "0" />
		<Point X = "149" Y = "85" T = "0" Pressure = "0" />
		<Point X = "153" Y = "81" T = "0" Pressure = "0" />
		<Point X = "153" Y = "79" T = "0" Pressure = "0" />
		<Point X = "154" Y = "77" T = "0" Pressure = "0" />
		<Point X = "154" Y = "76" T = "0" Pressure = "0" />
		<Point X = "156" Y = "73" T = "0" Pressure = "0" />
		<Point X = "157" Y = "70" T = "0" Pressure = "0" />
		<Point X = "158" Y = "68" T = "0" Pressure = "0" />
		<Point X = "158" Y = "66" T = "0" Pressure = "0" />
		<Point X = "158" Y = "63" T = "0" Pressure = "0" />
		<Point X = "160" Y = "61" T = "0" Pressure = "0" />
		<Point X = "160" Y = "59" T = "0" Pressure = "0" />
		<Point X = "162" Y = "56" T = "0" Pressure = "0" />
		<Point X = "162" Y = "55" T = "0" Pressure = "0" />
		<Point X = "162" Y = "52" T = "0" Pressure = "0" />
		<Point X = "163" Y = "48" T = "0" Pressure = "0" />
		<Point X = "164" Y = "48" T = "0" Pressure = "0" />
		<Point X = "164" Y = "46" T = "0" Pressure = "0" />
		<Point X = "165" Y = "44" T = "0" Pressure = "0" />
		<Point X = "165" Y = "42" T = "0" Pressure = "0" />
		<Point X = "165" Y = "41" T = "0" Pressure = "0" />
		<Point X = "166" Y = "40" T = "0" Pressure = "0" />
		<Point X = "166" Y = "38" T = "0" Pressure = "0" />
		<Point X = "167" Y = "37" T = "0" Pressure = "0" />
		<Point X = "167" Y = "36" T = "0" Pressure = "0" />
		<Point X = "168" Y = "35" T = "0" Pressure = "0" />
		<Point X = "168" Y = "32" T = "0" Pressure = "0" />
		<Point X = "168" Y = "31" T = "0" Pressure = "0" />
		<Point X = "168" Y = "30" T = "0" Pressure = "0" />
		<Point X = "168" Y = "29" T = "0" Pressure = "0" />
		<Point X = "169" Y = "29" T = "0" Pressure = "0" />
		<Point X = "169" Y = "28" T = "0" Pressure = "0" />
		<Point X = "169" Y = "27" T = "0" Pressure = "0" />
		<Point X = "169" Y = "25" T = "0" Pressure = "0" />
		<Point X = "170" Y = "25" T = "0" Pressure = "0" />
		<Point X = "171" Y = "24" T = "0" Pressure = "0" />
		<Point X = "171" Y = "23" T = "0" Pressure = "0" />
		<Point X = "171" Y = "22" T = "0" Pressure = "0" />
		<Point X = "171" Y = "21" T = "0" Pressure = "0" />
		<Point X = "171" Y = "20" T = "0" Pressure = "0" />
		<Point X = "172" Y = "19" T = "0" Pressure = "0" />
		<Point X = "173" Y = "19" T = "0" Pressure = "0" />
		<Point X = "174" Y = "21" T = "0" Pressure = "0" />
		<Point X = "174" Y = "22" T = "0" Pressure = "0" />
		<Point X = "174" Y = "23" T = "0" Pressure = "0" />
		<Point X = "175" Y = "24" T = "0" Pressure = "0" />
		<Point X = "175" Y = "26" T = "0" Pressure = "0" />
		<Point X = "178" Y = "30" T = "0" Pressure = "0" />
		<Point X = "179" Y = "33" T = "0" Pressure = "0" />
		<Point X = "179" Y = "39" T = "0" Pressure = "0" />
		<Point X = "183" Y = "45" T = "0" Pressure = "0" />
		<Point X = "185" Y = "52" T = "0" Pressure = "0" />
		<Point X = "187" Y = "59" T = "0" Pressure = "0" />
		<Point X = "189" Y = "68" T = "0" Pressure = "0" />
		<Point X = "191" Y = "76" T = "0" Pressure = "0" />
		<Point X = "193" Y = "85" T = "0" Pressure = "0" />
		<Point X = "195" Y = "93" T = "0" Pressure = "0" />
		<Point X = "195" Y = "103" T = "0" Pressure = "0" />
		<Point X = "200" Y = "114" T = "0" Pressure = "0" />
		<Point X = "203" Y = "124" T = "0" Pressure = "0" />
		<Point X = "205" Y = "129" T = "0" Pressure = "0" />
		<Point X = "206" Y = "132" T = "0" Pressure = "0" />
		<Point X = "207" Y = "133" T = "0" Pressure = "0" />
		<Point X = "208" Y = "134" T = "0" Pressure = "0" />
		<Point X = "208" Y = "135" T = "0" Pressure = "0" />
		<Point X = "209" Y = "136" T = "0" Pressure = "0" />
		<Point X = "212" Y = "140" T = "0" Pressure = "0" />
		<Point X = "212" Y = "142" T = "0" Pressure = "0" />
		<Point X = "213" Y = "144" T = "0" Pressure = "0" />
		<Point X = "216" Y = "148" T = "0" Pressure = "0" />
		<Point X = "216" Y = "151" T = "0" Pressure = "0" />
		<Point X = "216" Y = "154" T = "0" Pressure = "0" />
		<Point X = "219" Y = "158" T = "0" Pressure = "0" />
		<Point X = "219" Y = "159" T = "0" Pressure = "0" />
		<Point X = "220" Y = "161" T = "0" Pressure = "0" />
		<Point X = "220" Y = "164" T = "0" Pressure = "0" />
		<Point X = "220" Y = "167" T = "0" Pressure = "0" />
		<Point X = "221" Y = "169" T = "0" Pressure = "0" />
		<Point X = "223" Y = "171" T = "0" Pressure = "0" />
		<Point X = "223" Y = "174" T = "0" Pressure = "0" />
		<Point X = "224" Y = "177" T = "0" Pressure = "0" />
		<Point X = "225" Y = "178" T = "0" Pressure = "0" />
		<Point X = "225" Y = "179" T = "0" Pressure = "0" />
		<Point X = "227" Y = "180" T = "0" Pressure = "0" />
		<Point X = "227" Y = "181" T = "0" Pressure = "0" />
		<Point X = "227" Y = "182" T = "0" Pressure = "0" />
		<Point X = "228" Y = "184" T = "0" Pressure = "0" />
		<Point X = "228" Y = "185" T = "0" Pressure = "0" />
		<Point X = "228" Y = "189" T = "0" Pressure = "0" />
		<Point X = "228" Y = "192" T = "0" Pressure = "0" />
		<Point X = "228" Y = "196" T = "0" Pressure = "0" />
		<Point X = "228" Y = "198" T = "0" Pressure = "0" />
		<Point X = "228" Y = "200" T = "0" Pressure = "0" />
		<Point X = "228" Y = "201" T = "0" Pressure = "0" />
		<Point X = "228" Y = "202" T = "0" Pressure = "0" />
		<Point X = "228" Y = "203" T = "0" Pressure = "0" />
		<Point X = "229" Y = "204" T = "0" Pressure = "0" />
		<Point X = "229" Y = "205" T = "0" Pressure = "0" />
		<Point X = "229" Y = "206" T = "0" Pressure = "0" />
		<Point X = "227" Y = "206" T = "0" Pressure = "0" />
		<Point X = "226" Y = "206" T = "0" Pressure = "0" />
		<Point X = "225" Y = "206" T = "0" Pressure = "0" />
		<Point X = "223" Y = "206" T = "0" Pressure = "0" />
		<Point X = "221" Y = "206" T = "0" Pressure = "0" />
		<Point X = "220" Y = "205" T = "0" Pressure = "0" />
		<Point X = "217" Y = "204" T = "0" Pressure = "0" />
		<Point X = "215" Y = "204" T = "0" Pressure = "0" />
		<Point X = "211" Y = "201" T = "0" Pressure = "0" />
		<Point X = "206" Y = "199" T = "0" Pressure = "0" />
		<Point X = "197" Y = "195" T = "0" Pressure = "0" />
		<Point X = "189" Y = "189" T = "0" Pressure = "0" />
		<Point X = "182" Y = "185" T = "0" Pressure = "0" />
		<Point X = "176" Y = "180" T = "0" Pressure = "0" />
		<Point X = "173" Y = "178" T = "0" Pressure = "0" />
		<Point X = "170" Y = "177" T = "0" Pressure = "0" />
		<Point X = "169" Y = "175" T = "0" Pressure = "0" />
		<Point X = "167" Y = "174" T = "0" Pressure = "0" />
		<Point X = "164" Y = "172" T = "0" Pressure = "0" />
		<Point X = "163" Y = "171" T = "0" Pressure = "0" />
		<Point X = "163" Y = "170" T = "0" Pressure = "0" />
		<Point X = "161" Y = "168" T = "0" Pressure = "0" />
		<Point X = "158" Y = "166" T = "0" Pressure = "0" />
		<Point X = "157" Y = "165" T = "0" Pressure = "0" />
		<Point X = "151" Y = "161" T = "0" Pressure = "0" />
		<Point X = "149" Y = "159" T = "0" Pressure = "0" />
		<Point X = "144" Y = "156" T = "0" Pressure = "0" />
		<Point X = "142" Y = "153" T = "0" Pressure = "0" />
		<Point X = "140" Y = "151" T = "0" Pressure = "0" />
		<Point X = "137" Y = "149" T = "0" Pressure = "0" />
		<Point X = "135" Y = "147" T = "0" Pressure = "0" />
		<Point X = "132" Y = "145" T = "0" Pressure = "0" />
		<Point X = "131" Y = "144" T = "0" Pressure = "0" />
		<Point X = "130" Y = "142" T = "0" Pressure = "0" />
		<Point X = "129" Y = "138" T = "0" Pressure = "0" />
		<Point X = "128" Y = "135" T = "0" Pressure = "0" />
		<Point X = "126" Y = "132" T = "0" Pressure = "0" />
		<Point X = "125" Y = "129" T = "0" Pressure = "0" />
		<Point X = "124" Y = "128" T = "0" Pressure = "0" />
		<Point X = "123" Y = "126" T = "0" Pressure = "0" />
		<Point X = "123" Y = "125" T = "0" Pressure = "0" />
		<Point X = "121" Y = "123" T = "0" Pressure = "0" />
		<Point X = "120" Y = "122" T = "0" Pressure = "0" />
		<Point X = "120" Y = "121" T = "0" Pressure = "0" />
		<Point X = "120" Y = "120" T = "0" Pressure = "0" />
		<Point X = "119" Y = "119" T = "0" Pressure = "0" />
		<Point X = "118" Y = "118" T = "0" Pressure = "0" />
		<Point X = "117" Y = "118" T = "0" Pressure = "0" />
		<Point X = "114" Y = "115" T = "0" Pressure = "0" />
		<Point X = "112" Y = "112" T = "0" Pressure = "0" />
		<Point X = "112" Y = "110" T = "0" Pressure = "0" />
		<Point X = "109" Y = "108" T = "0" Pressure = "0" />
		<Point X = "109" Y = "107" T = "0" Pressure = "0" />
		<Point X = "108" Y = "105" T = "0" Pressure = "0" />
		<Point X = "107" Y = "105" T = "0" Pressure = "0" />
		<Point X = "107" Y = "104" T = "0" Pressure = "0" />
		<Point X = "106" Y = "104" T = "0" Pressure = "0" />
		<Point X = "104" Y = "103" T = "0" Pressure = "0" />
		<Point X = "103" Y = "101" T = "0" Pressure = "0" />
		<Point X = "102" Y = "101" T = "0" Pressure = "0" />
		<Point X = "100" Y = "100" T = "0" Pressure = "0" />
		<Point X = "99" Y = "99" T = "0" Pressure = "0" />
		<Point X = "98" Y = "98" T = "0" Pressure = "0" />
	</Stroke>
</Gesture>
