<?xml version="1.0" encoding="utf-8" standalone="yes"?>
<Gesture Name = "star">
	<Stroke>
		<Point X = "56" Y = "179" T = "0" Pressure = "0" />
		<Point X = "57" Y = "179" T = "0" Pressure = "0" />
		<Point X = "60" Y = "179" T = "0" Pressure = "0" />
		<Point X = "61" Y = "179" T = "0" Pressure = "0" />
		<Point X = "65" Y = "179" T = "0" Pressure = "0" />
		<Point X = "70" Y = "179" T = "0" Pressure = "0" />
		<Point X = "74" Y = "179" T = "0" Pressure = "0" />
		<Point X = "78" Y = "179" T = "0" Pressure = "0" />
		<Point X = "84" Y = "179" T = "0" Pressure = "0" />
		<Point X = "90" Y = "179" T = "0" Pressure = "0" />
		<Point X = "97" Y = "179" T = "0" Pressure = "0" />
		<Point X = "108" Y = "179" T = "0" Pressure = "0" />
		<Point X = "116" Y = "179" T = "0" Pressure = "0" />
		<Point X = "123" Y = "179" T = "0" Pressure = "0" />
		<Point X = "128" Y = "179" T = "0" Pressure = "0" />
		<Point X = "131" Y = "179" T = "0" Pressure = "0" />
		<Point X = "136" Y = "181" T = "0" Pressure = "0" />
		<Point X = "139" Y = "181" T = "0" Pressure = "0" />
		<Point X = "145" Y = "182" T = "0" Pressure = "0" />
		<Point X = "150" Y = "183" T = "0" Pressure = "0" />
		<Point X = "159" Y = "183" T = "0" Pressure = "0" />
		<Point X = "165" Y = "183" T = "0" Pressure = "0" />
		<Point X = "172" Y = "183" T = "0" Pressure = "0" />
		<Point X = "175" Y = "183" T = "0" Pressure = "0" />
		<Point X = "178" Y = "183" T = "0" Pressure = "0" />
		<Point X = "179" Y = "183" T = "0" Pressure = "0" />
		<Point X = "180" Y = "183" T = "0" Pressure = "0" />
		<Point X = "179" Y = "185" T = "0" Pressure = "0" />
		<Point X = "178" Y = "185" T = "0" Pressure = "0" />
		<Point X = "176" Y = "187" T = "0" Pressure = "0" />
		<Point X = "173" Y = "189" T = "0" Pressure = "0" />
		<Point X = "170" Y = "191" T = "0" Pressure = "0" />
		<Point X = "167" Y = "196" T = "0" Pressure = "0" />
		<Point X = "163" Y = "200" T = "0" Pressure = "0" />
		<Point X = "161" Y = "204" T = "0" Pressure = "0" />
		<Point X = "159" Y = "206" T = "0" Pressure = "0" />
		<Point X = "157" Y = "208" T = "0" Pressure = "0" />
		<Point X = "154" Y = "211" T = "0" Pressure = "0" />
		<Point X = "152" Y = "212" T = "0" Pressure = "0" />
		<Point X = "149" Y = "215" T = "0" Pressure = "0" />
		<Point X = "144" Y = "217" T = "0" Pressure = "0" />
		<Point X = "137" Y = "220" T = "0" Pressure = "0" />
		<Point X = "129" Y = "224" T = "0" Pressure = "0" />
		<Point X = "122" Y = "226" T = "0" Pressure = "0" />
		<Point X = "113" Y = "230" T = "0" Pressure = "0" />
		<Point X = "109" Y = "232" T = "0" Pressure = "0" />
		<Point X = "105" Y = "235" T = "0" Pressure = "0" />
		<Point X = "103" Y = "236" T = "0" Pressure = "0" />
		<Point X = "100" Y = "238" T = "0" Pressure = "0" />
		<Point X = "99" Y = "239" T = "0" Pressure = "0" />
		<Point X = "96" Y = "240" T = "0" Pressure = "0" />
		<Point X = "95" Y = "241" T = "0" Pressure = "0" />
		<Point X = "94" Y = "242" T = "0" Pressure = "0" />
		<Point X = "93" Y = "243" T = "0" Pressure = "0" />
		<Point X = "92" Y = "243" T = "0" Pressure = "0" />
		<Point X = "90" Y = "245" T = "0" Pressure = "0" />
		<Point X = "89" Y = "245" T = "0" Pressure = "0" />
		<Point X = "88" Y = "245" T = "0" Pressure = "0" />
		<Point X = "88" Y = "242" T = "0" Pressure = "0" />
		<Point X = "89" Y = "236" T = "0" Pressure = "0" />
		<Point X = "91" Y = "229" T = "0" Pressure = "0" />
		<Point X = "92" Y = "222" T = "0" Pressure = "0" />
		<Point X = "92" Y = "215" T = "0" Pressure = "0" />
		<Point X = "95" Y = "207" T = "0" Pressure = "0" />
		<Point X = "95" Y = "205" T = "0" Pressure = "0" />
		<Point X = "96" Y = "200" T = "0" Pressure = "0" />
		<Point X = "97" Y = "195" T = "0" Pressure = "0" />
		<Point X = "99" Y = "191" T = "0" Pressure = "0" />
		<Point X = "100" Y = "185" T = "0" Pressure = "0" />
		<Point X = "101" Y = "179" T = "0" Pressure = "0" />
		<Point X = "102" Y = "176" T = "0" Pressure = "0" />
		<Point X = "104" Y = "170" T = "0" Pressure = "0" />
		<Point X = "106" Y = "164" T = "0" Pressure = "0" />
		<Point X = "107" Y = "160" T = "0" Pressure = "0" />
		<Point X = "109" Y = "154" T = "0" Pressure = "0" />
		<Point X = "110" Y = "150" T = "0" Pressure = "0" />
		<Point X = "110" Y = "145" T = "0" Pressure = "0" />
		<Point X = "111" Y = "142" T = "0" Pressure = "0" />
		<Point X = "113" Y = "140" T = "0" Pressure = "0" />
		<Point X = "113" Y = "137" T = "0" Pressure = "0" />
		<Point X = "114" Y = "135" T = "0" Pressure = "0" />
		<Point X = "114" Y = "134" T = "0" Pressure = "0" />
		<Point X = "115" Y = "131" T = "0" Pressure = "0" />
		<Point X = "116" Y = "129" T = "0" Pressure = "0" />
		<Point X = "117" Y = "128" T = "0" Pressure = "0" />
		<Point X = "121" Y = "124" T = "0" Pressure = "0" />
		<Point X = "122" Y = "123" T = "0" Pressure = "0" />
		<Point X = "123" Y = "122" T = "0" Pressure = "0" />
		<Point X = "124" Y = "121" T = "0" Pressure = "0" />
		<Point X = "125" Y = "121" T = "0" Pressure = "0" />
		<Point X = "127" Y = "124" T = "0" Pressure = "0" />
		<Point X = "130" Y = "129" T = "0" Pressure = "0" />
		<Point X = "133" Y = "137" T = "0" Pressure = "0" />
		<Point X = "136" Y = "146" T = "0" Pressure = "0" />
		<Point X = "139" Y = "154" T = "0" Pressure = "0" />
		<Point X = "141" Y = "160" T = "0" Pressure = "0" />
		<Point X = "146" Y = "170" T = "0" Pressure = "0" />
		<Point X = "150" Y = "179" T = "0" Pressure = "0" />
		<Point X = "153" Y = "188" T = "0" Pressure = "0" />
		<Point X = "156" Y = "192" T = "0" Pressure = "0" />
		<Point X = "158" Y = "198" T = "0" Pressure = "0" />
		<Point X = "160" Y = "201" T = "0" Pressure = "0" />
		<Point X = "160" Y = "204" T = "0" Pressure = "0" />
		<Point X = "161" Y = "207" T = "0" Pressure = "0" />
		<Point X = "163" Y = "210" T = "0" Pressure = "0" />
		<Point X = "163" Y = "212" T = "0" Pressure = "0" />
		<Point X = "164" Y = "214" T = "0" Pressure = "0" />
		<Point X = "164" Y = "217" T = "0" Pressure = "0" />
		<Point X = "164" Y = "219" T = "0" Pressure = "0" />
		<Point X = "165" Y = "221" T = "0" Pressure = "0" />
		<Point X = "167" Y = "225" T = "0" Pressure = "0" />
		<Point X = "167" Y = "226" T = "0" Pressure = "0" />
		<Point X = "168" Y = "228" T = "0" Pressure = "0" />
		<Point X = "169" Y = "230" T = "0" Pressure = "0" />
		<Point X = "169" Y = "231" T = "0" Pressure = "0" />
		<Point X = "170" Y = "233" T = "0" Pressure = "0" />
		<Point X = "170" Y = "234" T = "0" Pressure = "0" />
		<Point X = "170" Y = "235" T = "0" Pressure = "0" />
		<Point X = "170" Y = "236" T = "0" Pressure = "0" />
		<Point X = "170" Y = "238" T = "0" Pressure = "0" />
		<Point X = "170" Y = "239" T = "0" Pressure = "0" />
		<Point X = "170" Y = "241" T = "0" Pressure = "0" />
		<Point X = "170" Y = "243" T = "0" Pressure = "0" />
		<Point X = "170" Y = "244" T = "0" Pressure = "0" />
		<Point X = "170" Y = "245" T = "0" Pressure = "0" />
		<Point X = "170" Y = "246" T = "0" Pressure = "0" />
		<Point X = "168" Y = "246" T = "0" Pressure = "0" />
		<Point X = "165" Y = "246" T = "0" Pressure = "0" />
		<Point X = "162" Y = "246" T = "0" Pressure = "0" />
		<Point X = "158" Y = "243" T = "0" Pressure = "0" />
		<Point X = "154" Y = "240" T = "0" Pressure = "0" />
		<Point X = "149" Y = "236" T = "0" Pressure = "0" />
		<Point X = "144" Y = "233" T = "0" Pressure = "0" />
		<Point X = "138" Y = "228" T = "0" Pressure = "0" />
		<Point X = "130" Y = "223" T = "0" Pressure = "0" />
		<Point X = "123" Y = "218" T = "0" Pressure = "0" />
		<Point X = "118" Y = "214" T = "0" Pressure = "0" />
		<Point X = "110" Y = "208" T = "0" Pressure = "0" />
		<Point X = "108" Y = "207" T = "0" Pressure = "0" />
		<Point X = "102" Y = "204" T = "0" Pressure = "0" />
		<Point X = "99" Y = "202" T = "0" Pressure = "0" />
		<Point X = "97" Y = "202" T = "0" Pressure = "0" />
		<Point X = "95" Y = "202" T = "0" Pressure = "0" />
		<Point X = "92" Y = "202" T = "0" Pressure = "0" />
		<Point X = "89" Y = "200" T = "0" Pressure = "0" />
		<Point X = "88" Y = "199" T = "0" Pressure = "0" />
		<Point X = "85" Y = "199" T = "0" Pressure = "0" />
		<Point X = "81" Y = "199" T = "0" Pressure = "0" />
		<Point X = "78" Y = "198" T = "0" Pressure = "0" />
		<Point X = "76" Y = "196" T = "0" Pressure = "0" />
		<Point X = "74" Y = "195" T = "0" Pressure = "0" />
		<Point X = "72" Y = "194" T = "0" Pressure = "0" />
		<Point X = "69" Y = "192" T = "0" Pressure = "0" />
		<Point X = "66" Y = "191" T = "0" Pressure = "0" />
		<Point X = "63" Y = "190" T = "0" Pressure = "0" />
		<Point X = "62" Y = "190" T = "0" Pressure = "0" />
		<Point X = "61" Y = "188" T = "0" Pressure = "0" />
		<Point X = "58" Y = "188" T = "0" Pressure = "0" />
		<Point X = "57" Y = "188" T = "0" Pressure = "0" />
		<Point X = "55" Y = "186" T = "0" Pressure = "0" />
		<Point X = "54" Y = "185" T = "0" Pressure = "0" />
		<Point X = "51" Y = "183" T = "0" Pressure = "0" />
		<Point X = "50" Y = "182" T = "0" Pressure = "0" />
		<Point X = "48" Y = "181" T = "0" Pressure = "0" />
		<Point X = "47" Y = "181" T = "0" Pressure = "0" />
		<Point X = "48" Y = "181" T = "0" Pressure = "0" />
		<Point X = "48" Y = "180" T = "0" Pressure = "0" />
		<Point X = "49" Y = "180" T = "0" Pressure = "0" />
		<Point X = "50" Y = "180" T = "0" Pressure = "0" />
		<Point X = "51" Y = "180" T = "0" Pressure = "0" />
		<Point X = "53" Y = "180" T = "0" Pressure = "0" />
		<Point X = "54" Y = "180" T = "0" Pressure = "0" />
		<Point X = "54" Y = "179" T = "0" Pressure = "0" />
		<Point X = "55" Y = "178" T = "0" Pressure = "0" />
		<Point X = "56" Y = "178" T = "0" Pressure = "0" />
		<Point X = "57" Y = "178" T = "0" Pressure = "0" />
	</Stroke>
</Gesture>
