<?xml version="1.0" encoding="utf-8" standalone="yes"?>
<Gesture Name = "star">
	<Stroke>
		<Point X = "99" Y = "69" T = "0" Pressure = "0" />
		<Point X = "101" Y = "69" T = "0" Pressure = "0" />
		<Point X = "104" Y = "69" T = "0" Pressure = "0" />
		<Point X = "106" Y = "69" T = "0" Pressure = "0" />
		<Point X = "108" Y = "69" T = "0" Pressure = "0" />
		<Point X = "111" Y = "69" T = "0" Pressure = "0" />
		<Point X = "115" Y = "69" T = "0" Pressure = "0" />
		<Point X = "118" Y = "69" T = "0" Pressure = "0" />
		<Point X = "123" Y = "69" T = "0" Pressure = "0" />
		<Point X = "129" Y = "69" T = "0" Pressure = "0" />
		<Point X = "137" Y = "69" T = "0" Pressure = "0" />
		<Point X = "149" Y = "69" T = "0" Pressure = "0" />
		<Point X = "164" Y = "69" T = "0" Pressure = "0" />
		<Point X = "184" Y = "72" T = "0" Pressure = "0" />
		<Point X = "201" Y = "73" T = "0" Pressure = "0" />
		<Point X = "216" Y = "73" T = "0" Pressure = "0" />
		<Point X = "227" Y = "73" T = "0" Pressure = "0" />
		<Point X = "234" Y = "73" T = "0" Pressure = "0" />
		<Point X = "237" Y = "73" T = "0" Pressure = "0" />
		<Point X = "239" Y = "73" T = "0" Pressure = "0" />
		<Point X = "241" Y = "73" T = "0" Pressure = "0" />
		<Point X = "243" Y = "73" T = "0" Pressure = "0" />
		<Point X = "245" Y = "72" T = "0" Pressure = "0" />
		<Point X = "246" Y = "72" T = "0" Pressure = "0" />
		<Point X = "247" Y = "72" T = "0" Pressure = "0" />
		<Point X = "247" Y = "71" T = "0" Pressure = "0" />
		<Point X = "248" Y = "71" T = "0" Pressure = "0" />
		<Point X = "249" Y = "71" T = "0" Pressure = "0" />
		<Point X = "247" Y = "71" T = "0" Pressure = "0" />
		<Point X = "243" Y = "73" T = "0" Pressure = "0" />
		<Point X = "237" Y = "77" T = "0" Pressure = "0" />
		<Point X = "229" Y = "83" T = "0" Pressure = "0" />
		<Point X = "220" Y = "89" T = "0" Pressure = "0" />
		<Point X = "212" Y = "96" T = "0" Pressure = "0" />
		<Point X = "203" Y = "101" T = "0" Pressure = "0" />
		<Point X = "197" Y = "106" T = "0" Pressure = "0" />
		<Point X = "189" Y = "109" T = "0" Pressure = "0" />
		<Point X = "184" Y = "113" T = "0" Pressure = "0" />
		<Point X = "178" Y = "116" T = "0" Pressure = "0" />
		<Point X = "172" Y = "121" T = "0" Pressure = "0" />
		<Point X = "163" Y = "125" T = "0" Pressure = "0" />
		<Point X = "156" Y = "129" T = "0" Pressure = "0" />
		<Point X = "153" Y = "131" T = "0" Pressure = "0" />
		<Point X = "147" Y = "134" T = "0" Pressure = "0" />
		<Point X = "144" Y = "135" T = "0" Pressure = "0" />
		<Point X = "141" Y = "137" T = "0" Pressure = "0" />
		<Point X = "137" Y = "140" T = "0" Pressure = "0" />
		<Point X = "133" Y = "143" T = "0" Pressure = "0" />
		<Point X = "129" Y = "145" T = "0" Pressure = "0" />
		<Point X = "124" Y = "147" T = "0" Pressure = "0" />
		<Point X = "120" Y = "150" T = "0" Pressure = "0" />
		<Point X = "114" Y = "153" T = "0" Pressure = "0" />
		<Point X = "106" Y = "157" T = "0" Pressure = "0" />
		<Point X = "100" Y = "159" T = "0" Pressure = "0" />
		<Point X = "94" Y = "164" T = "0" Pressure = "0" />
		<Point X = "88" Y = "167" T = "0" Pressure = "0" />
		<Point X = "85" Y = "169" T = "0" Pressure = "0" />
		<Point X = "84" Y = "171" T = "0" Pressure = "0" />
		<Point X = "82" Y = "172" T = "0" Pressure = "0" />
		<Point X = "81" Y = "173" T = "0" Pressure = "0" />
		<Point X = "83" Y = "172" T = "0" Pressure = "0" />
		<Point X = "84" Y = "171" T = "0" Pressure = "0" />
		<Point X = "85" Y = "170" T = "0" Pressure = "0" />
		<Point X = "86" Y = "168" T = "0" Pressure = "0" />
		<Point X = "89" Y = "165" T = "0" Pressure = "0" />
		<Point X = "91" Y = "160" T = "0" Pressure = "0" />
		<Point X = "93" Y = "155" T = "0" Pressure = "0" />
		<Point X = "98" Y = "148" T = "0" Pressure = "0" />
		<Point X = "100" Y = "143" T = "0" Pressure = "0" />
		<Point X = "105" Y = "134" T = "0" Pressure = "0" />
		<Point X = "108" Y = "128" T = "0" Pressure = "0" />
		<Point X = "112" Y = "122" T = "0" Pressure = "0" />
		<Point X = "116" Y = "117" T = "0" Pressure = "0" />
		<Point X = "119" Y = "114" T = "0" Pressure = "0" />
		<Point X = "123" Y = "106" T = "0" Pressure = "0" />
		<Point X = "125" Y = "103" T = "0" Pressure = "0" />
		<Point X = "128" Y = "97" T = "0" Pressure = "0" />
		<Point X = "129" Y = "92" T = "0" Pressure = "0" />
		<Point X = "131" Y = "88" T = "0" Pressure = "0" />
		<Point X = "133" Y = "84" T = "0" Pressure = "0" />
		<Point X = "136" Y = "78" T = "0" Pressure = "0" />
		<Point X = "139" Y = "75" T = "0" Pressure = "0" />
		<Point X = "143" Y = "69" T = "0" Pressure = "0" />
		<Point X = "147" Y = "64" T = "0" Pressure = "0" />
		<Point X = "149" Y = "58" T = "0" Pressure = "0" />
		<Point X = "153" Y = "52" T = "0" Pressure = "0" />
		<Point X = "154" Y = "48" T = "0" Pressure = "0" />
		<Point X = "157" Y = "43" T = "0" Pressure = "0" />
		<Point X = "161" Y = "38" T = "0" Pressure = "0" />
		<Point X = "163" Y = "36" T = "0" Pressure = "0" />
		<Point X = "165" Y = "32" T = "0" Pressure = "0" />
		<Point X = "166" Y = "30" T = "0" Pressure = "0" />
		<Point X = "167" Y = "29" T = "0" Pressure = "0" />
		<Point X = "168" Y = "27" T = "0" Pressure = "0" />
		<Point X = "169" Y = "25" T = "0" Pressure = "0" />
		<Point X = "170" Y = "24" T = "0" Pressure = "0" />
		<Point X = "170" Y = "23" T = "0" Pressure = "0" />
		<Point X = "170" Y = "21" T = "0" Pressure = "0" />
		<Point X = "170" Y = "20" T = "0" Pressure = "0" />
		<Point X = "171" Y = "18" T = "0" Pressure = "0" />
		<Point X = "174" Y = "14" T = "0" Pressure = "0" />
		<Point X = "174" Y = "13" T = "0" Pressure = "0" />
		<Point X = "175" Y = "11" T = "0" Pressure = "0" />
		<Point X = "176" Y = "10" T = "0" Pressure = "0" />
		<Point X = "178" Y = "9" T = "0" Pressure = "0" />
		<Point X = "178" Y = "8" T = "0" Pressure = "0" />
		<Point X = "178" Y = "11" T = "0" Pressure = "0" />
		<Point X = "178" Y = "15" T = "0" Pressure = "0" />
		<Point X = "178" Y = "18" T = "0" Pressure = "0" />
		<Point X = "178" Y = "22" T = "0" Pressure = "0" />
		<Point X = "178" Y = "27" T = "0" Pressure = "0" />
		<Point X = "179" Y = "31" T = "0" Pressure = "0" />
		<Point X = "181" Y = "36" T = "0" Pressure = "0" />
		<Point X = "181" Y = "40" T = "0" Pressure = "0" />
		<Point X = "182" Y = "46" T = "0" Pressure = "0" />
		<Point X = "182" Y = "51" T = "0" Pressure = "0" />
		<Point X = "183" Y = "58" T = "0" Pressure = "0" />
		<Point X = "184" Y = "65" T = "0" Pressure = "0" />
		<Point X = "186" Y = "74" T = "0" Pressure = "0" />
		<Point X = "187" Y = "81" T = "0" Pressure = "0" />
		<Point X = "188" Y = "88" T = "0" Pressure = "0" />
		<Point X = "188" Y = "96" T = "0" Pressure = "0" />
		<Point X = "188" Y = "104" T = "0" Pressure = "0" />
		<Point X = "188" Y = "111" T = "0" Pressure = "0" />
		<Point X = "188" Y = "118" T = "0" Pressure = "0" />
		<Point X = "188" Y = "128" T = "0" Pressure = "0" />
		<Point X = "188" Y = "136" T = "0" Pressure = "0" />
		<Point X = "188" Y = "141" T = "0" Pressure = "0" />
		<Point X = "188" Y = "150" T = "0" Pressure = "0" />
		<Point X = "188" Y = "154" T = "0" Pressure = "0" />
		<Point X = "188" Y = "158" T = "0" Pressure = "0" />
		<Point X = "188" Y = "159" T = "0" Pressure = "0" />
		<Point X = "188" Y = "162" T = "0" Pressure = "0" />
		<Point X = "188" Y = "163" T = "0" Pressure = "0" />
		<Point X = "188" Y = "166" T = "0" Pressure = "0" />
		<Point X = "188" Y = "170" T = "0" Pressure = "0" />
		<Point X = "188" Y = "174" T = "0" Pressure = "0" />
		<Point X = "188" Y = "178" T = "0" Pressure = "0" />
		<Point X = "188" Y = "181" T = "0" Pressure = "0" />
		<Point X = "188" Y = "183" T = "0" Pressure = "0" />
		<Point X = "187" Y = "184" T = "0" Pressure = "0" />
		<Point X = "185" Y = "184" T = "0" Pressure = "0" />
		<Point X = "182" Y = "184" T = "0" Pressure = "0" />
		<Point X = "179" Y = "182" T = "0" Pressure = "0" />
		<Point X = "178" Y = "180" T = "0" Pressure = "0" />
		<Point X = "176" Y = "177" T = "0" Pressure = "0" />
		<Point X = "175" Y = "175" T = "0" Pressure = "0" />
		<Point X = "172" Y = "173" T = "0" Pressure = "0" />
		<Point X = "171" Y = "170" T = "0" Pressure = "0" />
		<Point X = "170" Y = "167" T = "0" Pressure = "0" />
		<Point X = "167" Y = "163" T = "0" Pressure = "0" />
		<Point X = "165" Y = "158" T = "0" Pressure = "0" />
		<Point X = "161" Y = "153" T = "0" Pressure = "0" />
		<Point X = "158" Y = "149" T = "0" Pressure = "0" />
		<Point X = "156" Y = "145" T = "0" Pressure = "0" />
		<Point X = "153" Y = "143" T = "0" Pressure = "0" />
		<Point X = "152" Y = "139" T = "0" Pressure = "0" />
		<Point X = "150" Y = "136" T = "0" Pressure = "0" />
		<Point X = "149" Y = "134" T = "0" Pressure = "0" />
		<Point X = "149" Y = "131" T = "0" Pressure = "0" />
		<Point X = "148" Y = "127" T = "0" Pressure = "0" />
		<Point X = "148" Y = "124" T = "0" Pressure = "0" />
		<Point X = "146" Y = "120" T = "0" Pressure = "0" />
		<Point X = "145" Y = "117" T = "0" Pressure = "0" />
		<Point X = "144" Y = "114" T = "0" Pressure = "0" />
		<Point X = "144" Y = "110" T = "0" Pressure = "0" />
		<Point X = "141" Y = "107" T = "0" Pressure = "0" />
		<Point X = "140" Y = "104" T = "0" Pressure = "0" />
		<Point X = "139" Y = "102" T = "0" Pressure = "0" />
		<Point X = "138" Y = "100" T = "0" Pressure = "0" />
		<Point X = "137" Y = "99" T = "0" Pressure = "0" />
		<Point X = "136" Y = "96" T = "0" Pressure = "0" />
		<Point X = "135" Y = "94" T = "0" Pressure = "0" />
		<Point X = "134" Y = "94" T = "0" Pressure = "0" />
		<Point X = "133" Y = "93" T = "0" Pressure = "0" />
		<Point X = "133" Y = "91" T = "0" Pressure = "0" />
		<Point X = "131" Y = "88" T = "0" Pressure = "0" />
		<Point X = "130" Y = "86" T = "0" Pressure = "0" />
		<Point X = "129" Y = "84" T = "0" Pressure = "0" />
		<Point X = "126" Y = "82" T = "0" Pressure = "0" />
		<Point X = "124" Y = "78" T = "0" Pressure = "0" />
		<Point X = "121" Y = "76" T = "0" Pressure = "0" />
		<Point X = "121" Y = "75" T = "0" Pressure = "0" />
		<Point X = "119" Y = "72" T = "0" Pressure = "0" />
		<Point X = "118" Y = "70" T = "0" Pressure = "0" />
		<Point X = "118" Y = "69" T = "0" Pressure = "0" />
		<Point X = "117" Y = "69" T = "0" Pressure = "0" />
		<Point X = "116" Y = "68" T = "0" Pressure = "0" />
		<Point X = "115" Y = "67" T = "0" Pressure = "0" />
		<Point X = "114" Y = "67" T = "0" Pressure = "0" />
		<Point X = "113" Y = "67" T = "0" Pressure = "0" />
		<Point X = "112" Y = "66" T = "0" Pressure = "0" />
		<Point X = "110" Y = "66" T = "0" Pressure = "0" />
		<Point X = "109" Y = "66" T = "0" Pressure = "0" />
		<Point X = "108" Y = "66" T = "0" Pressure = "0" />
	</Stroke>
</Gesture>
