<?xml version="1.0" encoding="utf-8" standalone="yes"?>
<Gesture Name = "star">
	<Stroke>
		<Point X = "173" Y = "132" T = "0" Pressure = "0" />
		<Point X = "176" Y = "132" T = "0" Pressure = "0" />
		<Point X = "179" Y = "132" T = "0" Pressure = "0" />
		<Point X = "181" Y = "132" T = "0" Pressure = "0" />
		<Point X = "184" Y = "132" T = "0" Pressure = "0" />
		<Point X = "187" Y = "132" T = "0" Pressure = "0" />
		<Point X = "190" Y = "132" T = "0" Pressure = "0" />
		<Point X = "192" Y = "132" T = "0" Pressure = "0" />
		<Point X = "197" Y = "132" T = "0" Pressure = "0" />
		<Point X = "201" Y = "132" T = "0" Pressure = "0" />
		<Point X = "204" Y = "132" T = "0" Pressure = "0" />
		<Point X = "208" Y = "132" T = "0" Pressure = "0" />
		<Point X = "211" Y = "132" T = "0" Pressure = "0" />
		<Point X = "215" Y = "132" T = "0" Pressure = "0" />
		<Point X = "219" Y = "132" T = "0" Pressure = "0" />
		<Point X = "222" Y = "132" T = "0" Pressure = "0" />
		<Point X = "225" Y = "132" T = "0" Pressure = "0" />
		<Point X = "228" Y = "132" T = "0" Pressure = "0" />
		<Point X = "230" Y = "132" T = "0" Pressure = "0" />
		<Point X = "232" Y = "132" T = "0" Pressure = "0" />
		<Point X = "234" Y = "132" T = "0" Pressure = "0" />
		<Point X = "237" Y = "132" T = "0" Pressure = "0" />
		<Point X = "239" Y = "132" T = "0" Pressure = "0" />
		<Point X = "242" Y = "132" T = "0" Pressure = "0" />
		<Point X = "246" Y = "132" T = "0" Pressure = "0" />
		<Point X = "249" Y = "132" T = "0" Pressure = "0" />
		<Point X = "251" Y = "132" T = "0" Pressure = "0" />
		<Point X = "253" Y = "132" T = "0" Pressure = "0" />
		<Point X = "256" Y = "132" T = "0" Pressure = "0" />
		<Point X = "257" Y = "132" T = "0" Pressure = "0" />
		<Point X = "258" Y = "132" T = "0" Pressure = "0" />
		<Point X = "260" Y = "132" T = "0" Pressure = "0" />
		<Point X = "263" Y = "132" T = "0" Pressure = "0" />
		<Point X = "265" Y = "132" T = "0" Pressure = "0" />
		<Point X = "272" Y = "132" T = "0" Pressure = "0" />
		<Point X = "277" Y = "132" T = "0" Pressure = "0" />
		<Point X = "284" Y = "132" T = "0" Pressure = "0" />
		<Point X = "292" Y = "132" T = "0" Pressure = "0" />
		<Point X = "298" Y = "132" T = "0" Pressure = "0" />
		<Point X = "302" Y = "132" T = "0" Pressure = "0" />
		<Point X = "305" Y = "132" T = "0" Pressure = "0" />
		<Point X = "306" Y = "132" T = "0" Pressure = "0" />
		<Point X = "309" Y = "132" T = "0" Pressure = "0" />
		<Point X = "310" Y = "130" T = "0" Pressure = "0" />
		<Point X = "311" Y = "130" T = "0" Pressure = "0" />
		<Point X = "312" Y = "130" T = "0" Pressure = "0" />
		<Point X = "313" Y = "130" T = "0" Pressure = "0" />
		<Point X = "312" Y = "131" T = "0" Pressure = "0" />
		<Point X = "310" Y = "133" T = "0" Pressure = "0" />
		<Point X = "309" Y = "133" T = "0" Pressure = "0" />
		<Point X = "307" Y = "135" T = "0" Pressure = "0" />
		<Point X = "303" Y = "137" T = "0" Pressure = "0" />
		<Point X = "301" Y = "139" T = "0" Pressure = "0" />
		<Point X = "298" Y = "141" T = "0" Pressure = "0" />
		<Point X = "293" Y = "143" T = "0" Pressure = "0" />
		<Point X = "289" Y = "146" T = "0" Pressure = "0" />
		<Point X = "285" Y = "150" T = "0" Pressure = "0" />
		<Point X = "282" Y = "151" T = "0" Pressure = "0" />
		<Point X = "278" Y = "153" T = "0" Pressure = "0" />
		<Point X = "276" Y = "155" T = "0" Pressure = "0" />
		<Point X = "274" Y = "156" T = "0" Pressure = "0" />
		<Point X = "272" Y = "158" T = "0" Pressure = "0" />
		<Point X = "270" Y = "160" T = "0" Pressure = "0" />
		<Point X = "268" Y = "162" T = "0" Pressure = "0" />
		<Point X = "266" Y = "164" T = "0" Pressure = "0" />
		<Point X = "262" Y = "166" T = "0" Pressure = "0" />
		<Point X = "259" Y = "170" T = "0" Pressure = "0" />
		<Point X = "256" Y = "172" T = "0" Pressure = "0" />
		<Point X = "254" Y = "174" T = "0" Pressure = "0" />
		<Point X = "250" Y = "177" T = "0" Pressure = "0" />
		<Point X = "249" Y = "178" T = "0" Pressure = "0" />
		<Point X = "248" Y = "180" T = "0" Pressure = "0" />
		<Point X = "244" Y = "180" T = "0" Pressure = "0" />
		<Point X = "242" Y = "183" T = "0" Pressure = "0" />
		<Point X = "239" Y = "183" T = "0" Pressure = "0" />
		<Point X = "235" Y = "185" T = "0" Pressure = "0" />
		<Point X = "232" Y = "188" T = "0" Pressure = "0" />
		<Point X = "230" Y = "189" T = "0" Pressure = "0" />
		<Point X = "226" Y = "191" T = "0" Pressure = "0" />
		<Point X = "223" Y = "193" T = "0" Pressure = "0" />
		<Point X = "222" Y = "193" T = "0" Pressure = "0" />
		<Point X = "221" Y = "194" T = "0" Pressure = "0" />
		<Point X = "220" Y = "194" T = "0" Pressure = "0" />
		<Point X = "219" Y = "195" T = "0" Pressure = "0" />
		<Point X = "218" Y = "195" T = "0" Pressure = "0" />
		<Point X = "217" Y = "195" T = "0" Pressure = "0" />
		<Point X = "215" Y = "196" T = "0" Pressure = "0" />
		<Point X = "212" Y = "198" T = "0" Pressure = "0" />
		<Point X = "210" Y = "199" T = "0" Pressure = "0" />
		<Point X = "208" Y = "200" T = "0" Pressure = "0" />
		<Point X = "207" Y = "201" T = "0" Pressure = "0" />
		<Point X = "205" Y = "202" T = "0" Pressure = "0" />
		<Point X = "204" Y = "203" T = "0" Pressure = "0" />
		<Point X = "202" Y = "203" T = "0" Pressure = "0" />
		<Point X = "201" Y = "204" T = "0" Pressure = "0" />
		<Point X = "201" Y = "205" T = "0" Pressure = "0" />
		<Point X = "201" Y = "204" T = "0" Pressure = "0" />
		<Point X = "201" Y = "202" T = "0" Pressure = "0" />
		<Point X = "201" Y = "201" T = "0" Pressure = "0" />
		<Point X = "202" Y = "198" T = "0" Pressure = "0" />
		<Point X = "203" Y = "197" T = "0" Pressure = "0" />
		<Point X = "203" Y = "194" T = "0" Pressure = "0" />
		<Point X = "205" Y = "189" T = "0" Pressure = "0" />
		<Point X = "206" Y = "186" T = "0" Pressure = "0" />
		<Point X = "208" Y = "180" T = "0" Pressure = "0" />
		<Point X = "208" Y = "176" T = "0" Pressure = "0" />
		<Point X = "210" Y = "169" T = "0" Pressure = "0" />
		<Point X = "211" Y = "162" T = "0" Pressure = "0" />
		<Point X = "212" Y = "156" T = "0" Pressure = "0" />
		<Point X = "213" Y = "148" T = "0" Pressure = "0" />
		<Point X = "215" Y = "139" T = "0" Pressure = "0" />
		<Point X = "216" Y = "136" T = "0" Pressure = "0" />
		<Point X = "217" Y = "130" T = "0" Pressure = "0" />
		<Point X = "218" Y = "126" T = "0" Pressure = "0" />
		<Point X = "222" Y = "121" T = "0" Pressure = "0" />
		<Point X = "223" Y = "118" T = "0" Pressure = "0" />
		<Point X = "225" Y = "113" T = "0" Pressure = "0" />
		<Point X = "226" Y = "110" T = "0" Pressure = "0" />
		<Point X = "228" Y = "104" T = "0" Pressure = "0" />
		<Point X = "230" Y = "101" T = "0" Pressure = "0" />
		<Point X = "230" Y = "99" T = "0" Pressure = "0" />
		<Point X = "231" Y = "95" T = "0" Pressure = "0" />
		<Point X = "232" Y = "92" T = "0" Pressure = "0" />
		<Point X = "233" Y = "88" T = "0" Pressure = "0" />
		<Point X = "234" Y = "87" T = "0" Pressure = "0" />
		<Point X = "234" Y = "84" T = "0" Pressure = "0" />
		<Point X = "235" Y = "82" T = "0" Pressure = "0" />
		<Point X = "235" Y = "80" T = "0" Pressure = "0" />
		<Point X = "237" Y = "77" T = "0" Pressure = "0" />
		<Point X = "238" Y = "76" T = "0" Pressure = "0" />
		<Point X = "238" Y = "72" T = "0" Pressure = "0" />
		<Point X = "239" Y = "68" T = "0" Pressure = "0" />
		<Point X = "239" Y = "66" T = "0" Pressure = "0" />
		<Point X = "241" Y = "64" T = "0" Pressure = "0" />
		<Point X = "242" Y = "61" T = "0" Pressure = "0" />
		<Point X = "243" Y = "58" T = "0" Pressure = "0" />
		<Point X = "245" Y = "56" T = "0" Pressure = "0" />
		<Point X = "245" Y = "55" T = "0" Pressure = "0" />
		<Point X = "245" Y = "54" T = "0" Pressure = "0" />
		<Point X = "245" Y = "53" T = "0" Pressure = "0" />
		<Point X = "246" Y = "52" T = "0" Pressure = "0" />
		<Point X = "246" Y = "51" T = "0" Pressure = "0" />
		<Point X = "246" Y = "50" T = "0" Pressure = "0" />
		<Point X = "247" Y = "49" T = "0" Pressure = "0" />
		<Point X = "248" Y = "49" T = "0" Pressure = "0" />
		<Point X = "248" Y = "51" T = "0" Pressure = "0" />
		<Point X = "248" Y = "54" T = "0" Pressure = "0" />
		<Point X = "249" Y = "59" T = "0" Pressure = "0" />
		<Point X = "249" Y = "62" T = "0" Pressure = "0" />
		<Point X = "249" Y = "64" T = "0" Pressure = "0" />
		<Point X = "249" Y = "67" T = "0" Pressure = "0" />
		<Point X = "250" Y = "69" T = "0" Pressure = "0" />
		<Point X = "250" Y = "73" T = "0" Pressure = "0" />
		<Point X = "252" Y = "77" T = "0" Pressure = "0" />
		<Point X = "253" Y = "79" T = "0" Pressure = "0" />
		<Point X = "253" Y = "82" T = "0" Pressure = "0" />
		<Point X = "254" Y = "85" T = "0" Pressure = "0" />
		<Point X = "256" Y = "90" T = "0" Pressure = "0" />
		<Point X = "257" Y = "92" T = "0" Pressure = "0" />
		<Point X = "258" Y = "96" T = "0" Pressure = "0" />
		<Point X = "261" Y = "101" T = "0" Pressure = "0" />
		<Point X = "261" Y = "103" T = "0" Pressure = "0" />
		<Point X = "262" Y = "107" T = "0" Pressure = "0" />
		<Point X = "262" Y = "109" T = "0" Pressure = "0" />
		<Point X = "263" Y = "112" T = "0" Pressure = "0" />
		<Point X = "265" Y = "115" T = "0" Pressure = "0" />
		<Point X = "265" Y = "117" T = "0" Pressure = "0" />
		<Point X = "265" Y = "121" T = "0" Pressure = "0" />
		<Point X = "266" Y = "125" T = "0" Pressure = "0" />
		<Point X = "267" Y = "127" T = "0" Pressure = "0" />
		<Point X = "267" Y = "131" T = "0" Pressure = "0" />
		<Point X = "268" Y = "133" T = "0" Pressure = "0" />
		<Point X = "269" Y = "136" T = "0" Pressure = "0" />
		<Point X = "271" Y = "139" T = "0" Pressure = "0" />
		<Point X = "271" Y = "140" T = "0" Pressure = "0" />
		<Point X = "272" Y = "142" T = "0" Pressure = "0" />
		<Point X = "273" Y = "145" T = "0" Pressure = "0" />
		<Point X = "273" Y = "146" T = "0" Pressure = "0" />
		<Point X = "273" Y = "149" T = "0" Pressure = "0" />
		<Point X = "274" Y = "151" T = "0" Pressure = "0" />
		<Point X = "275" Y = "154" T = "0" Pressure = "0" />
		<Point X = "275" Y = "157" T = "0" Pressure = "0" />
		<Point X = "275" Y = "161" T = "0" Pressure = "0" />
		<Point X = "276" Y = "163" T = "0" Pressure = "0" />
		<Point X = "277" Y = "168" T = "0" Pressure = "0" />
		<Point X = "277" Y = "170" T = "0" Pressure = "0" />
		<Point X = "277" Y = "173" T = "0" Pressure = "0" />
		<Point X = "277" Y = "175" T = "0" Pressure = "0" />
		<Point X = "278" Y = "178" T = "0" Pressure = "0" />
		<Point X = "278" Y = "181" T = "0" Pressure = "0" />
		<Point X = "279" Y = "184" T = "0" Pressure = "0" />
		<Point X = "279" Y = "186" T = "0" Pressure = "0" />
		<Point X = "279" Y = "188" T = "0" Pressure = "0" />
		<Point X = "280" Y = "190" T = "0" Pressure = "0" />
		<Point X = "280" Y = "191" T = "0" Pressure = "0" />
		<Point X = "280" Y = "192" T = "0" Pressure = "0" />
		<Point X = "280" Y = "193" T = "0" Pressure = "0" />
		<Point X = "280" Y = "195" T = "0" Pressure = "0" />
		<Point X = "280" Y = "196" T = "0" Pressure = "0" />
		<Point X = "280" Y = "199" T = "0" Pressure = "0" />
		<Point X = "280" Y = "200" T = "0" Pressure = "0" />
		<Point X = "280" Y = "201" T = "0" Pressure = "0" />
		<Point X = "280" Y = "203" T = "0" Pressure = "0" />
		<Point X = "280" Y = "204" T = "0" Pressure = "0" />
		<Point X = "280" Y = "205" T = "0" Pressure = "0" />
		<Point X = "280" Y = "206" T = "0" Pressure = "0" />
		<Point X = "280" Y = "207" T = "0" Pressure = "0" />
		<Point X = "280" Y = "208" T = "0" Pressure = "0" />
		<Point X = "280" Y = "209" T = "0" Pressure = "0" />
		<Point X = "280" Y = "210" T = "0" Pressure = "0" />
		<Point X = "280" Y = "211" T = "0" Pressure = "0" />
		<Point X = "280" Y = "212" T = "0" Pressure = "0" />
		<Point X = "280" Y = "213" T = "0" Pressure = "0" />
		<Point X = "280" Y = "214" T = "0" Pressure = "0" />
		<Point X = "278" Y = "214" T = "0" Pressure = "0" />
		<Point X = "277" Y = "214" T = "0" Pressure = "0" />
		<Point X = "275" Y = "214" T = "0" Pressure = "0" />
		<Point X = "274" Y = "214" T = "0" Pressure = "0" />
		<Point X = "272" Y = "214" T = "0" Pressure = "0" />
		<Point X = "270" Y = "214" T = "0" Pressure = "0" />
		<Point X = "268" Y = "213" T = "0" Pressure = "0" />
		<Point X = "267" Y = "213" T = "0" Pressure = "0" />
		<Point X = "265" Y = "213" T = "0" Pressure = "0" />
		<Point X = "263" Y = "211" T = "0" Pressure = "0" />
		<Point X = "262" Y = "210" T = "0" Pressure = "0" />
		<Point X = "259" Y = "209" T = "0" Pressure = "0" />
		<Point X = "258" Y = "207" T = "0" Pressure = "0" />
		<Point X = "256" Y = "206" T = "0" Pressure = "0" />
		<Point X = "253" Y = "204" T = "0" Pressure = "0" />
		<Point X = "251" Y = "202" T = "0" Pressure = "0" />
		<Point X = "247" Y = "199" T = "0" Pressure = "0" />
		<Point X = "244" Y = "199" T = "0" Pressure = "0" />
		<Point X = "240" Y = "197" T = "0" Pressure = "0" />
		<Point X = "238" Y = "195" T = "0" Pressure = "0" />
		<Point X = "234" Y = "194" T = "0" Pressure = "0" />
		<Point X = "230" Y = "191" T = "0" Pressure = "0" />
		<Point X = "227" Y = "190" T = "0" Pressure = "0" />
		<Point X = "226" Y = "189" T = "0" Pressure = "0" />
		<Point X = "223" Y = "186" T = "0" Pressure = "0" />
		<Point X = "222" Y = "186" T = "0" Pressure = "0" />
		<Point X = "221" Y = "184" T = "0" Pressure = "0" />
		<Point X = "219" Y = "182" T = "0" Pressure = "0" />
		<Point X = "217" Y = "180" T = "0" Pressure = "0" />
		<Point X = "216" Y = "179" T = "0" Pressure = "0" />
		<Point X = "214" Y = "178" T = "0" Pressure = "0" />
		<Point X = "213" Y = "178" T = "0" Pressure = "0" />
		<Point X = "211" Y = "176" T = "0" Pressure = "0" />
		<Point X = "209" Y = "174" T = "0" Pressure = "0" />
		<Point X = "207" Y = "172" T = "0" Pressure = "0" />
		<Point X = "206" Y = "171" T = "0" Pressure = "0" />
		<Point X = "203" Y = "169" T = "0" Pressure = "0" />
		<Point X = "200" Y = "167" T = "0" Pressure = "0" />
		<Point X = "196" Y = "165" T = "0" Pressure = "0" />
		<Point X = "194" Y = "163" T = "0" Pressure = "0" />
		<Point X = "193" Y = "162" T = "0" Pressure = "0" />
		<Point X = "190" Y = "161" T = "0" Pressure = "0" />
		<Point X = "190" Y = "160" T = "0" Pressure = "0" />
		<Point X = "189" Y = "160" T = "0" Pressure = "0" />
		<Point X = "188" Y = "159" T = "0" Pressure = "0" />
		<Point X = "187" Y = "158" T = "0" Pressure = "0" />
		<Point X = "186" Y = "158" T = "0" Pressure = "0" />
		<Point X = "185" Y = "157" T = "0" Pressure = "0" />
		<Point X = "184" Y = "155" T = "0" Pressure = "0" />
		<Point X = "182" Y = "154" T = "0" Pressure = "0" />
		<Point X = "181" Y = "153" T = "0" Pressure = "0" />
		<Point X = "180" Y = "152" T = "0" Pressure = "0" />
		<Point X = "180" Y = "151" T = "0" Pressure = "0" />
		<Point X = "179" Y = "151" T = "0" Pressure = "0" />
		<Point X = "178" Y = "148" T = "0" Pressure = "0" />
		<Point X = "177" Y = "147" T = "0" Pressure = "0" />
		<Point X = "177" Y = "146" T = "0" Pressure = "0" />
		<Point X = "176" Y = "145" T = "0" Pressure = "0" />
		<Point X = "175" Y = "144" T = "0" Pressure = "0" />
		<Point X = "174" Y = "143" T = "0" Pressure = "0" />
		<Point X = "173" Y = "143" T = "0" Pressure = "0" />
		<Point X = "172" Y = "141" T = "0" Pressure = "0" />
		<Point X = "171" Y = "139" T = "0" Pressure = "0" />
		<Point X = "170" Y = "138" T = "0" Pressure = "0" />
		<Point X = "170" Y = "136" T = "0" Pressure = "0" />
		<Point X = "170" Y = "135" T = "0" Pressure = "0" />
		<Point X = "169" Y = "134" T = "0" Pressure = "0" />
		<Point X = "168" Y = "133" T = "0" Pressure = "0" />
		<Point X = "168" Y = "132" T = "0" Pressure = "0" />
		<Point X = "169" Y = "132" T = "0" Pressure = "0" />
		<Point X = "170" Y = "131" T = "0" Pressure = "0" />
		<Point X = "172" Y = "131" T = "0" Pressure = "0" />
		<Point X = "173" Y = "131" T = "0" Pressure = "0" />
		<Point X = "174" Y = "131" T = "0" Pressure = "0" />
		<Point X = "175" Y = "131" T = "0" Pressure = "0" />
		<Point X = "176" Y = "131" T = "0" Pressure = "0" />
		<Point X = "177" Y = "131" T = "0" Pressure = "0" />
		<Point X = "178" Y = "131" T = "0" Pressure = "0" />
		<Point X = "179" Y = "131" T = "0" Pressure = "0" />
		<Point X = "180" Y = "131" T = "0" Pressure = "0" />
	</Stroke>
</Gesture>
