<?xml version="1.0" encoding="utf-8" standalone="yes"?>
<Gesture Name = "star">
	<Stroke>
		<Point X = "137" Y = "120" T = "0" Pressure = "0" />
		<Point X = "139" Y = "119" T = "0" Pressure = "0" />
		<Point X = "141" Y = "119" T = "0" Pressure = "0" />
		<Point X = "144" Y = "119" T = "0" Pressure = "0" />
		<Point X = "145" Y = "119" T = "0" Pressure = "0" />
		<Point X = "152" Y = "119" T = "0" Pressure = "0" />
		<Point X = "159" Y = "119" T = "0" Pressure = "0" />
		<Point X = "170" Y = "119" T = "0" Pressure = "0" />
		<Point X = "181" Y = "119" T = "0" Pressure = "0" />
		<Point X = "192" Y = "119" T = "0" Pressure = "0" />
		<Point X = "201" Y = "119" T = "0" Pressure = "0" />
		<Point X = "210" Y = "119" T = "0" Pressure = "0" />
		<Point X = "217" Y = "119" T = "0" Pressure = "0" />
		<Point X = "222" Y = "119" T = "0" Pressure = "0" />
		<Point X = "226" Y = "119" T = "0" Pressure = "0" />
		<Point X = "231" Y = "119" T = "0" Pressure = "0" />
		<Point X = "235" Y = "119" T = "0" Pressure = "0" />
		<Point X = "238" Y = "119" T = "0" Pressure = "0" />
		<Point X = "241" Y = "119" T = "0" Pressure = "0" />
		<Point X = "244" Y = "119" T = "0" Pressure = "0" />
		<Point X = "248" Y = "119" T = "0" Pressure = "0" />
		<Point X = "254" Y = "118" T = "0" Pressure = "0" />
		<Point X = "258" Y = "117" T = "0" Pressure = "0" />
		<Point X = "265" Y = "116" T = "0" Pressure = "0" />
		<Point X = "268" Y = "116" T = "0" Pressure = "0" />
		<Point X = "272" Y = "115" T = "0" Pressure = "0" />
		<Point X = "273" Y = "114" T = "0" Pressure = "0" />
		<Point X = "275" Y = "114" T = "0" Pressure = "0" />
		<Point X = "276" Y = "114" T = "0" Pressure = "0" />
		<Point X = "279" Y = "113" T = "0" Pressure = "0" />
		<Point X = "280" Y = "113" T = "0" Pressure = "0" />
		<Point X = "283" Y = "113" T = "0" Pressure = "0" />
		<Point X = "286" Y = "113" T = "0" Pressure = "0" />
		<Point X = "288" Y = "113" T = "0" Pressure = "0" />
		<Point X = "289" Y = "113" T = "0" Pressure = "0" />
		<Point X = "291" Y = "113" T = "0" Pressure = "0" />
		<Point X = "292" Y = "113" T = "0" Pressure = "0" />
		<Point X = "293" Y = "113" T = "0" Pressure = "0" />
		<Point X = "293" Y = "114" T = "0" Pressure = "0" />
		<Point X = "293" Y = "116" T = "0" Pressure = "0" />
		<Point X = "293" Y = "118" T = "0" Pressure = "0" />
		<Point X = "293" Y = "121" T = "0" Pressure = "0" />
		<Point X = "290" Y = "126" T = "0" Pressure = "0" />
		<Point X = "286" Y = "132" T = "0" Pressure = "0" />
		<Point X = "284" Y = "136" T = "0" Pressure = "0" />
		<Point X = "280" Y = "141" T = "0" Pressure = "0" />
		<Point X = "276" Y = "146" T = "0" Pressure = "0" />
		<Point X = "273" Y = "151" T = "0" Pressure = "0" />
		<Point X = "269" Y = "156" T = "0" Pressure = "0" />
		<Point X = "265" Y = "159" T = "0" Pressure = "0" />
		<Point X = "264" Y = "161" T = "0" Pressure = "0" />
		<Point X = "262" Y = "162" T = "0" Pressure = "0" />
		<Point X = "259" Y = "163" T = "0" Pressure = "0" />
		<Point X = "258" Y = "164" T = "0" Pressure = "0" />
		<Point X = "256" Y = "164" T = "0" Pressure = "0" />
		<Point X = "255" Y = "164" T = "0" Pressure = "0" />
		<Point X = "253" Y = "166" T = "0" Pressure = "0" />
		<Point X = "252" Y = "167" T = "0" Pressure = "0" />
		<Point X = "250" Y = "169" T = "0" Pressure = "0" />
		<Point X = "249" Y = "170" T = "0" Pressure = "0" />
		<Point X = "247" Y = "171" T = "0" Pressure = "0" />
		<Point X = "247" Y = "172" T = "0" Pressure = "0" />
		<Point X = "245" Y = "173" T = "0" Pressure = "0" />
		<Point X = "244" Y = "175" T = "0" Pressure = "0" />
		<Point X = "242" Y = "176" T = "0" Pressure = "0" />
		<Point X = "240" Y = "178" T = "0" Pressure = "0" />
		<Point X = "236" Y = "180" T = "0" Pressure = "0" />
		<Point X = "234" Y = "181" T = "0" Pressure = "0" />
		<Point X = "229" Y = "184" T = "0" Pressure = "0" />
		<Point X = "227" Y = "186" T = "0" Pressure = "0" />
		<Point X = "224" Y = "188" T = "0" Pressure = "0" />
		<Point X = "223" Y = "190" T = "0" Pressure = "0" />
		<Point X = "221" Y = "191" T = "0" Pressure = "0" />
		<Point X = "218" Y = "193" T = "0" Pressure = "0" />
		<Point X = "218" Y = "194" T = "0" Pressure = "0" />
		<Point X = "216" Y = "194" T = "0" Pressure = "0" />
		<Point X = "213" Y = "196" T = "0" Pressure = "0" />
		<Point X = "212" Y = "197" T = "0" Pressure = "0" />
		<Point X = "210" Y = "197" T = "0" Pressure = "0" />
		<Point X = "206" Y = "198" T = "0" Pressure = "0" />
		<Point X = "204" Y = "200" T = "0" Pressure = "0" />
		<Point X = "202" Y = "200" T = "0" Pressure = "0" />
		<Point X = "198" Y = "203" T = "0" Pressure = "0" />
		<Point X = "197" Y = "204" T = "0" Pressure = "0" />
		<Point X = "195" Y = "205" T = "0" Pressure = "0" />
		<Point X = "192" Y = "206" T = "0" Pressure = "0" />
		<Point X = "190" Y = "208" T = "0" Pressure = "0" />
		<Point X = "189" Y = "209" T = "0" Pressure = "0" />
		<Point X = "187" Y = "209" T = "0" Pressure = "0" />
		<Point X = "183" Y = "211" T = "0" Pressure = "0" />
		<Point X = "182" Y = "212" T = "0" Pressure = "0" />
		<Point X = "179" Y = "213" T = "0" Pressure = "0" />
		<Point X = "178" Y = "214" T = "0" Pressure = "0" />
		<Point X = "176" Y = "214" T = "0" Pressure = "0" />
		<Point X = "174" Y = "216" T = "0" Pressure = "0" />
		<Point X = "171" Y = "217" T = "0" Pressure = "0" />
		<Point X = "170" Y = "218" T = "0" Pressure = "0" />
		<Point X = "168" Y = "219" T = "0" Pressure = "0" />
		<Point X = "167" Y = "220" T = "0" Pressure = "0" />
		<Point X = "165" Y = "221" T = "0" Pressure = "0" />
		<Point X = "164" Y = "222" T = "0" Pressure = "0" />
		<Point X = "163" Y = "222" T = "0" Pressure = "0" />
		<Point X = "164" Y = "222" T = "0" Pressure = "0" />
		<Point X = "165" Y = "220" T = "0" Pressure = "0" />
		<Point X = "166" Y = "218" T = "0" Pressure = "0" />
		<Point X = "166" Y = "215" T = "0" Pressure = "0" />
		<Point X = "166" Y = "213" T = "0" Pressure = "0" />
		<Point X = "167" Y = "210" T = "0" Pressure = "0" />
		<Point X = "168" Y = "207" T = "0" Pressure = "0" />
		<Point X = "170" Y = "204" T = "0" Pressure = "0" />
		<Point X = "170" Y = "200" T = "0" Pressure = "0" />
		<Point X = "173" Y = "194" T = "0" Pressure = "0" />
		<Point X = "173" Y = "189" T = "0" Pressure = "0" />
		<Point X = "175" Y = "185" T = "0" Pressure = "0" />
		<Point X = "178" Y = "179" T = "0" Pressure = "0" />
		<Point X = "179" Y = "172" T = "0" Pressure = "0" />
		<Point X = "183" Y = "163" T = "0" Pressure = "0" />
		<Point X = "183" Y = "159" T = "0" Pressure = "0" />
		<Point X = "186" Y = "150" T = "0" Pressure = "0" />
		<Point X = "186" Y = "145" T = "0" Pressure = "0" />
		<Point X = "187" Y = "140" T = "0" Pressure = "0" />
		<Point X = "187" Y = "136" T = "0" Pressure = "0" />
		<Point X = "187" Y = "132" T = "0" Pressure = "0" />
		<Point X = "187" Y = "129" T = "0" Pressure = "0" />
		<Point X = "187" Y = "124" T = "0" Pressure = "0" />
		<Point X = "187" Y = "123" T = "0" Pressure = "0" />
		<Point X = "187" Y = "120" T = "0" Pressure = "0" />
		<Point X = "187" Y = "119" T = "0" Pressure = "0" />
		<Point X = "187" Y = "117" T = "0" Pressure = "0" />
		<Point X = "188" Y = "117" T = "0" Pressure = "0" />
		<Point X = "188" Y = "116" T = "0" Pressure = "0" />
		<Point X = "189" Y = "114" T = "0" Pressure = "0" />
		<Point X = "189" Y = "113" T = "0" Pressure = "0" />
		<Point X = "191" Y = "109" T = "0" Pressure = "0" />
		<Point X = "192" Y = "106" T = "0" Pressure = "0" />
		<Point X = "193" Y = "103" T = "0" Pressure = "0" />
		<Point X = "195" Y = "98" T = "0" Pressure = "0" />
		<Point X = "196" Y = "96" T = "0" Pressure = "0" />
		<Point X = "197" Y = "92" T = "0" Pressure = "0" />
		<Point X = "198" Y = "89" T = "0" Pressure = "0" />
		<Point X = "199" Y = "85" T = "0" Pressure = "0" />
		<Point X = "200" Y = "82" T = "0" Pressure = "0" />
		<Point X = "201" Y = "79" T = "0" Pressure = "0" />
		<Point X = "201" Y = "77" T = "0" Pressure = "0" />
		<Point X = "202" Y = "74" T = "0" Pressure = "0" />
		<Point X = "203" Y = "71" T = "0" Pressure = "0" />
		<Point X = "204" Y = "70" T = "0" Pressure = "0" />
		<Point X = "204" Y = "69" T = "0" Pressure = "0" />
		<Point X = "204" Y = "67" T = "0" Pressure = "0" />
		<Point X = "205" Y = "66" T = "0" Pressure = "0" />
		<Point X = "205" Y = "64" T = "0" Pressure = "0" />
		<Point X = "205" Y = "63" T = "0" Pressure = "0" />
		<Point X = "206" Y = "61" T = "0" Pressure = "0" />
		<Point X = "207" Y = "60" T = "0" Pressure = "0" />
		<Point X = "207" Y = "59" T = "0" Pressure = "0" />
		<Point X = "208" Y = "58" T = "0" Pressure = "0" />
		<Point X = "208" Y = "57" T = "0" Pressure = "0" />
		<Point X = "208" Y = "56" T = "0" Pressure = "0" />
		<Point X = "209" Y = "56" T = "0" Pressure = "0" />
		<Point X = "210" Y = "56" T = "0" Pressure = "0" />
		<Point X = "210" Y = "57" T = "0" Pressure = "0" />
		<Point X = "210" Y = "58" T = "0" Pressure = "0" />
		<Point X = "211" Y = "60" T = "0" Pressure = "0" />
		<Point X = "212" Y = "61" T = "0" Pressure = "0" />
		<Point X = "213" Y = "64" T = "0" Pressure = "0" />
		<Point X = "214" Y = "65" T = "0" Pressure = "0" />
		<Point X = "215" Y = "67" T = "0" Pressure = "0" />
		<Point X = "215" Y = "69" T = "0" Pressure = "0" />
		<Point X = "217" Y = "72" T = "0" Pressure = "0" />
		<Point X = "218" Y = "75" T = "0" Pressure = "0" />
		<Point X = "219" Y = "77" T = "0" Pressure = "0" />
		<Point X = "221" Y = "82" T = "0" Pressure = "0" />
		<Point X = "222" Y = "84" T = "0" Pressure = "0" />
		<Point X = "224" Y = "88" T = "0" Pressure = "0" />
		<Point X = "226" Y = "93" T = "0" Pressure = "0" />
		<Point X = "227" Y = "98" T = "0" Pressure = "0" />
		<Point X = "230" Y = "102" T = "0" Pressure = "0" />
		<Point X = "232" Y = "107" T = "0" Pressure = "0" />
		<Point X = "232" Y = "111" T = "0" Pressure = "0" />
		<Point X = "233" Y = "115" T = "0" Pressure = "0" />
		<Point X = "235" Y = "119" T = "0" Pressure = "0" />
		<Point X = "236" Y = "122" T = "0" Pressure = "0" />
		<Point X = "236" Y = "128" T = "0" Pressure = "0" />
		<Point X = "236" Y = "132" T = "0" Pressure = "0" />
		<Point X = "239" Y = "137" T = "0" Pressure = "0" />
		<Point X = "240" Y = "143" T = "0" Pressure = "0" />
		<Point X = "241" Y = "147" T = "0" Pressure = "0" />
		<Point X = "243" Y = "152" T = "0" Pressure = "0" />
		<Point X = "244" Y = "155" T = "0" Pressure = "0" />
		<Point X = "245" Y = "158" T = "0" Pressure = "0" />
		<Point X = "245" Y = "160" T = "0" Pressure = "0" />
		<Point X = "245" Y = "162" T = "0" Pressure = "0" />
		<Point X = "245" Y = "163" T = "0" Pressure = "0" />
		<Point X = "245" Y = "165" T = "0" Pressure = "0" />
		<Point X = "246" Y = "167" T = "0" Pressure = "0" />
		<Point X = "246" Y = "169" T = "0" Pressure = "0" />
		<Point X = "246" Y = "170" T = "0" Pressure = "0" />
		<Point X = "246" Y = "172" T = "0" Pressure = "0" />
		<Point X = "248" Y = "176" T = "0" Pressure = "0" />
		<Point X = "248" Y = "179" T = "0" Pressure = "0" />
		<Point X = "249" Y = "184" T = "0" Pressure = "0" />
		<Point X = "249" Y = "188" T = "0" Pressure = "0" />
		<Point X = "249" Y = "191" T = "0" Pressure = "0" />
		<Point X = "250" Y = "194" T = "0" Pressure = "0" />
		<Point X = "250" Y = "195" T = "0" Pressure = "0" />
		<Point X = "252" Y = "198" T = "0" Pressure = "0" />
		<Point X = "253" Y = "200" T = "0" Pressure = "0" />
		<Point X = "253" Y = "202" T = "0" Pressure = "0" />
		<Point X = "253" Y = "204" T = "0" Pressure = "0" />
		<Point X = "254" Y = "205" T = "0" Pressure = "0" />
		<Point X = "255" Y = "207" T = "0" Pressure = "0" />
		<Point X = "255" Y = "208" T = "0" Pressure = "0" />
		<Point X = "256" Y = "208" T = "0" Pressure = "0" />
		<Point X = "256" Y = "209" T = "0" Pressure = "0" />
		<Point X = "257" Y = "211" T = "0" Pressure = "0" />
		<Point X = "257" Y = "212" T = "0" Pressure = "0" />
		<Point X = "257" Y = "214" T = "0" Pressure = "0" />
		<Point X = "257" Y = "217" T = "0" Pressure = "0" />
		<Point X = "259" Y = "219" T = "0" Pressure = "0" />
		<Point X = "259" Y = "222" T = "0" Pressure = "0" />
		<Point X = "260" Y = "225" T = "0" Pressure = "0" />
		<Point X = "260" Y = "226" T = "0" Pressure = "0" />
		<Point X = "260" Y = "227" T = "0" Pressure = "0" />
		<Point X = "260" Y = "228" T = "0" Pressure = "0" />
		<Point X = "260" Y = "229" T = "0" Pressure = "0" />
		<Point X = "260" Y = "230" T = "0" Pressure = "0" />
		<Point X = "260" Y = "231" T = "0" Pressure = "0" />
		<Point X = "260" Y = "232" T = "0" Pressure = "0" />
		<Point X = "260" Y = "233" T = "0" Pressure = "0" />
		<Point X = "260" Y = "235" T = "0" Pressure = "0" />
		<Point X = "260" Y = "236" T = "0" Pressure = "0" />
		<Point X = "260" Y = "237" T = "0" Pressure = "0" />
		<Point X = "259" Y = "238" T = "0" Pressure = "0" />
		<Point X = "257" Y = "238" T = "0" Pressure = "0" />
		<Point X = "256" Y = "238" T = "0" Pressure = "0" />
		<Point X = "253" Y = "238" T = "0" Pressure = "0" />
		<Point X = "250" Y = "236" T = "0" Pressure = "0" />
		<Point X = "247" Y = "234" T = "0" Pressure = "0" />
		<Point X = "245" Y = "232" T = "0" Pressure = "0" />
		<Point X = "241" Y = "231" T = "0" Pressure = "0" />
		<Point X = "238" Y = "229" T = "0" Pressure = "0" />
		<Point X = "236" Y = "228" T = "0" Pressure = "0" />
		<Point X = "235" Y = "228" T = "0" Pressure = "0" />
		<Point X = "232" Y = "227" T = "0" Pressure = "0" />
		<Point X = "231" Y = "227" T = "0" Pressure = "0" />
		<Point X = "229" Y = "226" T = "0" Pressure = "0" />
		<Point X = "226" Y = "225" T = "0" Pressure = "0" />
		<Point X = "225" Y = "224" T = "0" Pressure = "0" />
		<Point X = "223" Y = "221" T = "0" Pressure = "0" />
		<Point X = "221" Y = "220" T = "0" Pressure = "0" />
		<Point X = "219" Y = "218" T = "0" Pressure = "0" />
		<Point X = "217" Y = "217" T = "0" Pressure = "0" />
		<Point X = "215" Y = "215" T = "0" Pressure = "0" />
		<Point X = "214" Y = "215" T = "0" Pressure = "0" />
		<Point X = "214" Y = "214" T = "0" Pressure = "0" />
		<Point X = "214" Y = "213" T = "0" Pressure = "0" />
		<Point X = "213" Y = "212" T = "0" Pressure = "0" />
		<Point X = "213" Y = "210" T = "0" Pressure = "0" />
		<Point X = "211" Y = "208" T = "0" Pressure = "0" />
		<Point X = "210" Y = "207" T = "0" Pressure = "0" />
		<Point X = "209" Y = "205" T = "0" Pressure = "0" />
		<Point X = "208" Y = "204" T = "0" Pressure = "0" />
		<Point X = "206" Y = "202" T = "0" Pressure = "0" />
		<Point X = "203" Y = "198" T = "0" Pressure = "0" />
		<Point X = "201" Y = "196" T = "0" Pressure = "0" />
		<Point X = "201" Y = "195" T = "0" Pressure = "0" />
		<Point X = "200" Y = "195" T = "0" Pressure = "0" />
		<Point X = "199" Y = "194" T = "0" Pressure = "0" />
		<Point X = "197" Y = "193" T = "0" Pressure = "0" />
		<Point X = "196" Y = "191" T = "0" Pressure = "0" />
		<Point X = "195" Y = "190" T = "0" Pressure = "0" />
		<Point X = "193" Y = "187" T = "0" Pressure = "0" />
		<Point X = "192" Y = "184" T = "0" Pressure = "0" />
		<Point X = "191" Y = "182" T = "0" Pressure = "0" />
		<Point X = "189" Y = "179" T = "0" Pressure = "0" />
		<Point X = "187" Y = "174" T = "0" Pressure = "0" />
		<Point X = "186" Y = "173" T = "0" Pressure = "0" />
		<Point X = "184" Y = "169" T = "0" Pressure = "0" />
		<Point X = "183" Y = "167" T = "0" Pressure = "0" />
		<Point X = "181" Y = "164" T = "0" Pressure = "0" />
		<Point X = "181" Y = "163" T = "0" Pressure = "0" />
		<Point X = "180" Y = "162" T = "0" Pressure = "0" />
		<Point X = "178" Y = "160" T = "0" Pressure = "0" />
		<Point X = "178" Y = "159" T = "0" Pressure = "0" />
		<Point X = "176" Y = "156" T = "0" Pressure = "0" />
		<Point X = "174" Y = "154" T = "0" Pressure = "0" />
		<Point X = "174" Y = "153" T = "0" Pressure = "0" />
		<Point X = "173" Y = "151" T = "0" Pressure = "0" />
		<Point X = "172" Y = "149" T = "0" Pressure = "0" />
		<Point X = "171" Y = "146" T = "0" Pressure = "0" />
		<Point X = "170" Y = "144" T = "0" Pressure = "0" />
		<Point X = "170" Y = "142" T = "0" Pressure = "0" />
		<Point X = "169" Y = "141" T = "0" Pressure = "0" />
		<Point X = "169" Y = "137" T = "0" Pressure = "0" />
		<Point X = "167" Y = "134" T = "0" Pressure = "0" />
		<Point X = "166" Y = "133" T = "0" Pressure = "0" />
		<Point X = "166" Y = "132" T = "0" Pressure = "0" />
		<Point X = "165" Y = "130" T = "0" Pressure = "0" />
		<Point X = "164" Y = "129" T = "0" Pressure = "0" />
		<Point X = "164" Y = "128" T = "0" Pressure = "0" />
		<Point X = "162" Y = "127" T = "0" Pressure = "0" />
		<Point X = "161" Y = "127" T = "0" Pressure = "0" />
		<Point X = "160" Y = "127" T = "0" Pressure = "0" />
		<Point X = "159" Y = "126" T = "0" Pressure = "0" />
		<Point X = "157" Y = "126" T = "0" Pressure = "0" />
		<Point X = "156" Y = "126" T = "0" Pressure = "0" />
		<Point X = "155" Y = "126" T = "0" Pressure = "0" />
		<Point X = "154" Y = "126" T = "0" Pressure = "0" />
		<Point X = "153" Y = "125" T = "0" Pressure = "0" />
		<Point X = "152" Y = "123" T = "0" Pressure = "0" />
		<Point X = "151" Y = "123" T = "0" Pressure = "0" />
		<Point X = "151" Y = "122" T = "0" Pressure = "0" />
		<Point X = "150" Y = "121" T = "0" Pressure = "0" />
		<Point X = "150" Y = "120" T = "0" Pressure = "0" />
		<Point X = "149" Y = "120" T = "0" Pressure = "0" />
		<Point X = "148" Y = "119" T = "0" Pressure = "0" />
		<Point X = "147" Y = "119" T = "0" Pressure = "0" />
		<Point X = "147" Y = "118" T = "0" Pressure = "0" />
		<Point X = "146" Y = "118" T = "0" Pressure = "0" />
		<Point X = "146" Y = "117" T = "0" Pressure = "0" />
		<Point X = "144" Y = "117" T = "0" Pressure = "0" />
		<Point X = "144" Y = "115" T = "0" Pressure = "0" />
		<Point X = "142" Y = "114" T = "0" Pressure = "0" />
	</Stroke>
</Gesture>
