<?xml version="1.0" encoding="utf-8" standalone="yes"?>
<Gesture Name = "star">
	<Stroke>
		<Point X = "93" Y = "183" T = "0" Pressure = "0" />
		<Point X = "94" Y = "183" T = "0" Pressure = "0" />
		<Point X = "95" Y = "183" T = "0" Pressure = "0" />
		<Point X = "97" Y = "183" T = "0" Pressure = "0" />
		<Point X = "98" Y = "183" T = "0" Pressure = "0" />
		<Point X = "101" Y = "183" T = "0" Pressure = "0" />
		<Point X = "105" Y = "182" T = "0" Pressure = "0" />
		<Point X = "108" Y = "180" T = "0" Pressure = "0" />
		<Point X = "110" Y = "179" T = "0" Pressure = "0" />
		<Point X = "116" Y = "178" T = "0" Pressure = "0" />
		<Point X = "128" Y = "176" T = "0" Pressure = "0" />
		<Point X = "143" Y = "173" T = "0" Pressure = "0" />
		<Point X = "167" Y = "172" T = "0" Pressure = "0" />
		<Point X = "192" Y = "172" T = "0" Pressure = "0" />
		<Point X = "214" Y = "172" T = "0" Pressure = "0" />
		<Point X = "229" Y = "172" T = "0" Pressure = "0" />
		<Point X = "238" Y = "172" T = "0" Pressure = "0" />
		<Point X = "247" Y = "172" T = "0" Pressure = "0" />
		<Point X = "250" Y = "172" T = "0" Pressure = "0" />
		<Point X = "252" Y = "172" T = "0" Pressure = "0" />
		<Point X = "253" Y = "172" T = "0" Pressure = "0" />
		<Point X = "254" Y = "171" T = "0" Pressure = "0" />
		<Point X = "253" Y = "176" T = "0" Pressure = "0" />
		<Point X = "248" Y = "185" T = "0" Pressure = "0" />
		<Point X = "240" Y = "196" T = "0" Pressure = "0" />
		<Point X = "228" Y = "211" T = "0" Pressure = "0" />
		<Point X = "213" Y = "229" T = "0" Pressure = "0" />
		<Point X = "199" Y = "244" T = "0" Pressure = "0" />
		<Point X = "185" Y = "260" T = "0" Pressure = "0" />
		<Point X = "172" Y = "273" T = "0" Pressure = "0" />
		<Point X = "163" Y = "282" T = "0" Pressure = "0" />
		<Point X = "154" Y = "289" T = "0" Pressure = "0" />
		<Point X = "149" Y = "293" T = "0" Pressure = "0" />
		<Point X = "145" Y = "294" T = "0" Pressure = "0" />
		<Point X = "141" Y = "295" T = "0" Pressure = "0" />
		<Point X = "139" Y = "295" T = "0" Pressure = "0" />
		<Point X = "138" Y = "296" T = "0" Pressure = "0" />
		<Point X = "136" Y = "296" T = "0" Pressure = "0" />
		<Point X = "135" Y = "297" T = "0" Pressure = "0" />
		<Point X = "135" Y = "296" T = "0" Pressure = "0" />
		<Point X = "135" Y = "293" T = "0" Pressure = "0" />
		<Point X = "135" Y = "290" T = "0" Pressure = "0" />
		<Point X = "136" Y = "285" T = "0" Pressure = "0" />
		<Point X = "136" Y = "280" T = "0" Pressure = "0" />
		<Point X = "136" Y = "275" T = "0" Pressure = "0" />
		<Point X = "137" Y = "270" T = "0" Pressure = "0" />
		<Point X = "141" Y = "260" T = "0" Pressure = "0" />
		<Point X = "143" Y = "249" T = "0" Pressure = "0" />
		<Point X = "144" Y = "237" T = "0" Pressure = "0" />
		<Point X = "144" Y = "220" T = "0" Pressure = "0" />
		<Point X = "144" Y = "205" T = "0" Pressure = "0" />
		<Point X = "144" Y = "195" T = "0" Pressure = "0" />
		<Point X = "144" Y = "185" T = "0" Pressure = "0" />
		<Point X = "144" Y = "177" T = "0" Pressure = "0" />
		<Point X = "146" Y = "171" T = "0" Pressure = "0" />
		<Point X = "147" Y = "163" T = "0" Pressure = "0" />
		<Point X = "149" Y = "157" T = "0" Pressure = "0" />
		<Point X = "151" Y = "152" T = "0" Pressure = "0" />
		<Point X = "152" Y = "148" T = "0" Pressure = "0" />
		<Point X = "153" Y = "143" T = "0" Pressure = "0" />
		<Point X = "153" Y = "140" T = "0" Pressure = "0" />
		<Point X = "155" Y = "137" T = "0" Pressure = "0" />
		<Point X = "155" Y = "134" T = "0" Pressure = "0" />
		<Point X = "155" Y = "133" T = "0" Pressure = "0" />
		<Point X = "156" Y = "131" T = "0" Pressure = "0" />
		<Point X = "156" Y = "129" T = "0" Pressure = "0" />
		<Point X = "157" Y = "127" T = "0" Pressure = "0" />
		<Point X = "157" Y = "125" T = "0" Pressure = "0" />
		<Point X = "157" Y = "124" T = "0" Pressure = "0" />
		<Point X = "157" Y = "121" T = "0" Pressure = "0" />
		<Point X = "159" Y = "120" T = "0" Pressure = "0" />
		<Point X = "159" Y = "118" T = "0" Pressure = "0" />
		<Point X = "160" Y = "116" T = "0" Pressure = "0" />
		<Point X = "161" Y = "113" T = "0" Pressure = "0" />
		<Point X = "162" Y = "113" T = "0" Pressure = "0" />
		<Point X = "162" Y = "112" T = "0" Pressure = "0" />
		<Point X = "163" Y = "112" T = "0" Pressure = "0" />
		<Point X = "166" Y = "114" T = "0" Pressure = "0" />
		<Point X = "168" Y = "119" T = "0" Pressure = "0" />
		<Point X = "171" Y = "126" T = "0" Pressure = "0" />
		<Point X = "176" Y = "135" T = "0" Pressure = "0" />
		<Point X = "179" Y = "143" T = "0" Pressure = "0" />
		<Point X = "185" Y = "152" T = "0" Pressure = "0" />
		<Point X = "190" Y = "165" T = "0" Pressure = "0" />
		<Point X = "196" Y = "179" T = "0" Pressure = "0" />
		<Point X = "201" Y = "192" T = "0" Pressure = "0" />
		<Point X = "205" Y = "205" T = "0" Pressure = "0" />
		<Point X = "207" Y = "213" T = "0" Pressure = "0" />
		<Point X = "210" Y = "223" T = "0" Pressure = "0" />
		<Point X = "211" Y = "231" T = "0" Pressure = "0" />
		<Point X = "212" Y = "240" T = "0" Pressure = "0" />
		<Point X = "213" Y = "248" T = "0" Pressure = "0" />
		<Point X = "215" Y = "257" T = "0" Pressure = "0" />
		<Point X = "216" Y = "262" T = "0" Pressure = "0" />
		<Point X = "216" Y = "269" T = "0" Pressure = "0" />
		<Point X = "217" Y = "271" T = "0" Pressure = "0" />
		<Point X = "218" Y = "274" T = "0" Pressure = "0" />
		<Point X = "218" Y = "275" T = "0" Pressure = "0" />
		<Point X = "218" Y = "276" T = "0" Pressure = "0" />
		<Point X = "219" Y = "276" T = "0" Pressure = "0" />
		<Point X = "219" Y = "277" T = "0" Pressure = "0" />
		<Point X = "218" Y = "277" T = "0" Pressure = "0" />
		<Point X = "217" Y = "277" T = "0" Pressure = "0" />
		<Point X = "215" Y = "277" T = "0" Pressure = "0" />
		<Point X = "209" Y = "277" T = "0" Pressure = "0" />
		<Point X = "203" Y = "277" T = "0" Pressure = "0" />
		<Point X = "191" Y = "273" T = "0" Pressure = "0" />
		<Point X = "181" Y = "266" T = "0" Pressure = "0" />
		<Point X = "171" Y = "259" T = "0" Pressure = "0" />
		<Point X = "162" Y = "252" T = "0" Pressure = "0" />
		<Point X = "152" Y = "246" T = "0" Pressure = "0" />
		<Point X = "144" Y = "240" T = "0" Pressure = "0" />
		<Point X = "138" Y = "235" T = "0" Pressure = "0" />
		<Point X = "130" Y = "230" T = "0" Pressure = "0" />
		<Point X = "125" Y = "225" T = "0" Pressure = "0" />
		<Point X = "121" Y = "221" T = "0" Pressure = "0" />
		<Point X = "116" Y = "216" T = "0" Pressure = "0" />
		<Point X = "112" Y = "211" T = "0" Pressure = "0" />
		<Point X = "110" Y = "208" T = "0" Pressure = "0" />
		<Point X = "108" Y = "205" T = "0" Pressure = "0" />
		<Point X = "104" Y = "200" T = "0" Pressure = "0" />
		<Point X = "103" Y = "198" T = "0" Pressure = "0" />
		<Point X = "102" Y = "197" T = "0" Pressure = "0" />
		<Point X = "101" Y = "194" T = "0" Pressure = "0" />
		<Point X = "101" Y = "193" T = "0" Pressure = "0" />
		<Point X = "101" Y = "192" T = "0" Pressure = "0" />
		<Point X = "100" Y = "189" T = "0" Pressure = "0" />
		<Point X = "99" Y = "187" T = "0" Pressure = "0" />
		<Point X = "98" Y = "184" T = "0" Pressure = "0" />
		<Point X = "98" Y = "183" T = "0" Pressure = "0" />
		<Point X = "96" Y = "181" T = "0" Pressure = "0" />
		<Point X = "96" Y = "180" T = "0" Pressure = "0" />
		<Point X = "95" Y = "179" T = "0" Pressure = "0" />
		<Point X = "95" Y = "178" T = "0" Pressure = "0" />
		<Point X = "94" Y = "178" T = "0" Pressure = "0" />
		<Point X = "93" Y = "178" T = "0" Pressure = "0" />
		<Point X = "92" Y = "177" T = "0" Pressure = "0" />
	</Stroke>
</Gesture>
