<?xml version="1.0" encoding="utf-8" standalone="yes"?>
<Gesture Name = "star">
	<Stroke>
		<Point X = "98" Y = "84" T = "0" Pressure = "0" />
		<Point X = "101" Y = "84" T = "0" Pressure = "0" />
		<Point X = "105" Y = "84" T = "0" Pressure = "0" />
		<Point X = "112" Y = "85" T = "0" Pressure = "0" />
		<Point X = "122" Y = "87" T = "0" Pressure = "0" />
		<Point X = "136" Y = "89" T = "0" Pressure = "0" />
		<Point X = "153" Y = "91" T = "0" Pressure = "0" />
		<Point X = "171" Y = "93" T = "0" Pressure = "0" />
		<Point X = "186" Y = "94" T = "0" Pressure = "0" />
		<Point X = "200" Y = "94" T = "0" Pressure = "0" />
		<Point X = "211" Y = "94" T = "0" Pressure = "0" />
		<Point X = "221" Y = "94" T = "0" Pressure = "0" />
		<Point X = "230" Y = "94" T = "0" Pressure = "0" />
		<Point X = "235" Y = "94" T = "0" Pressure = "0" />
		<Point X = "241" Y = "94" T = "0" Pressure = "0" />
		<Point X = "244" Y = "94" T = "0" Pressure = "0" />
		<Point X = "249" Y = "93" T = "0" Pressure = "0" />
		<Point X = "253" Y = "90" T = "0" Pressure = "0" />
		<Point X = "259" Y = "89" T = "0" Pressure = "0" />
		<Point X = "265" Y = "88" T = "0" Pressure = "0" />
		<Point X = "274" Y = "88" T = "0" Pressure = "0" />
		<Point X = "283" Y = "88" T = "0" Pressure = "0" />
		<Point X = "289" Y = "88" T = "0" Pressure = "0" />
		<Point X = "294" Y = "88" T = "0" Pressure = "0" />
		<Point X = "297" Y = "88" T = "0" Pressure = "0" />
		<Point X = "298" Y = "88" T = "0" Pressure = "0" />
		<Point X = "300" Y = "88" T = "0" Pressure = "0" />
		<Point X = "302" Y = "87" T = "0" Pressure = "0" />
		<Point X = "301" Y = "87" T = "0" Pressure = "0" />
		<Point X = "300" Y = "88" T = "0" Pressure = "0" />
		<Point X = "298" Y = "89" T = "0" Pressure = "0" />
		<Point X = "296" Y = "90" T = "0" Pressure = "0" />
		<Point X = "295" Y = "92" T = "0" Pressure = "0" />
		<Point X = "293" Y = "93" T = "0" Pressure = "0" />
		<Point X = "290" Y = "94" T = "0" Pressure = "0" />
		<Point X = "285" Y = "98" T = "0" Pressure = "0" />
		<Point X = "280" Y = "102" T = "0" Pressure = "0" />
		<Point X = "273" Y = "107" T = "0" Pressure = "0" />
		<Point X = "266" Y = "112" T = "0" Pressure = "0" />
		<Point X = "258" Y = "117" T = "0" Pressure = "0" />
		<Point X = "254" Y = "119" T = "0" Pressure = "0" />
		<Point X = "249" Y = "121" T = "0" Pressure = "0" />
		<Point X = "245" Y = "123" T = "0" Pressure = "0" />
		<Point X = "240" Y = "124" T = "0" Pressure = "0" />
		<Point X = "234" Y = "128" T = "0" Pressure = "0" />
		<Point X = "226" Y = "133" T = "0" Pressure = "0" />
		<Point X = "220" Y = "138" T = "0" Pressure = "0" />
		<Point X = "213" Y = "143" T = "0" Pressure = "0" />
		<Point X = "208" Y = "146" T = "0" Pressure = "0" />
		<Point X = "200" Y = "150" T = "0" Pressure = "0" />
		<Point X = "195" Y = "155" T = "0" Pressure = "0" />
		<Point X = "189" Y = "160" T = "0" Pressure = "0" />
		<Point X = "184" Y = "164" T = "0" Pressure = "0" />
		<Point X = "178" Y = "165" T = "0" Pressure = "0" />
		<Point X = "175" Y = "168" T = "0" Pressure = "0" />
		<Point X = "173" Y = "169" T = "0" Pressure = "0" />
		<Point X = "170" Y = "170" T = "0" Pressure = "0" />
		<Point X = "168" Y = "170" T = "0" Pressure = "0" />
		<Point X = "166" Y = "171" T = "0" Pressure = "0" />
		<Point X = "164" Y = "172" T = "0" Pressure = "0" />
		<Point X = "159" Y = "173" T = "0" Pressure = "0" />
		<Point X = "158" Y = "173" T = "0" Pressure = "0" />
		<Point X = "155" Y = "175" T = "0" Pressure = "0" />
		<Point X = "149" Y = "177" T = "0" Pressure = "0" />
		<Point X = "144" Y = "180" T = "0" Pressure = "0" />
		<Point X = "141" Y = "181" T = "0" Pressure = "0" />
		<Point X = "135" Y = "183" T = "0" Pressure = "0" />
		<Point X = "131" Y = "185" T = "0" Pressure = "0" />
		<Point X = "125" Y = "188" T = "0" Pressure = "0" />
		<Point X = "122" Y = "191" T = "0" Pressure = "0" />
		<Point X = "118" Y = "193" T = "0" Pressure = "0" />
		<Point X = "117" Y = "194" T = "0" Pressure = "0" />
		<Point X = "115" Y = "195" T = "0" Pressure = "0" />
		<Point X = "114" Y = "195" T = "0" Pressure = "0" />
		<Point X = "113" Y = "196" T = "0" Pressure = "0" />
		<Point X = "113" Y = "195" T = "0" Pressure = "0" />
		<Point X = "113" Y = "188" T = "0" Pressure = "0" />
		<Point X = "121" Y = "177" T = "0" Pressure = "0" />
		<Point X = "124" Y = "168" T = "0" Pressure = "0" />
		<Point X = "133" Y = "158" T = "0" Pressure = "0" />
		<Point X = "140" Y = "149" T = "0" Pressure = "0" />
		<Point X = "145" Y = "139" T = "0" Pressure = "0" />
		<Point X = "148" Y = "133" T = "0" Pressure = "0" />
		<Point X = "150" Y = "128" T = "0" Pressure = "0" />
		<Point X = "155" Y = "121" T = "0" Pressure = "0" />
		<Point X = "157" Y = "115" T = "0" Pressure = "0" />
		<Point X = "159" Y = "110" T = "0" Pressure = "0" />
		<Point X = "161" Y = "105" T = "0" Pressure = "0" />
		<Point X = "164" Y = "99" T = "0" Pressure = "0" />
		<Point X = "168" Y = "93" T = "0" Pressure = "0" />
		<Point X = "174" Y = "87" T = "0" Pressure = "0" />
		<Point X = "178" Y = "79" T = "0" Pressure = "0" />
		<Point X = "182" Y = "75" T = "0" Pressure = "0" />
		<Point X = "184" Y = "71" T = "0" Pressure = "0" />
		<Point X = "188" Y = "66" T = "0" Pressure = "0" />
		<Point X = "191" Y = "60" T = "0" Pressure = "0" />
		<Point X = "195" Y = "56" T = "0" Pressure = "0" />
		<Point X = "196" Y = "55" T = "0" Pressure = "0" />
		<Point X = "198" Y = "52" T = "0" Pressure = "0" />
		<Point X = "200" Y = "49" T = "0" Pressure = "0" />
		<Point X = "201" Y = "48" T = "0" Pressure = "0" />
		<Point X = "201" Y = "47" T = "0" Pressure = "0" />
		<Point X = "202" Y = "47" T = "0" Pressure = "0" />
		<Point X = "202" Y = "45" T = "0" Pressure = "0" />
		<Point X = "203" Y = "44" T = "0" Pressure = "0" />
		<Point X = "204" Y = "43" T = "0" Pressure = "0" />
		<Point X = "206" Y = "41" T = "0" Pressure = "0" />
		<Point X = "207" Y = "39" T = "0" Pressure = "0" />
		<Point X = "209" Y = "38" T = "0" Pressure = "0" />
		<Point X = "209" Y = "37" T = "0" Pressure = "0" />
		<Point X = "209" Y = "35" T = "0" Pressure = "0" />
		<Point X = "210" Y = "34" T = "0" Pressure = "0" />
		<Point X = "210" Y = "33" T = "0" Pressure = "0" />
		<Point X = "211" Y = "33" T = "0" Pressure = "0" />
		<Point X = "212" Y = "31" T = "0" Pressure = "0" />
		<Point X = "213" Y = "30" T = "0" Pressure = "0" />
		<Point X = "214" Y = "30" T = "0" Pressure = "0" />
		<Point X = "214" Y = "35" T = "0" Pressure = "0" />
		<Point X = "214" Y = "41" T = "0" Pressure = "0" />
		<Point X = "214" Y = "49" T = "0" Pressure = "0" />
		<Point X = "214" Y = "58" T = "0" Pressure = "0" />
		<Point X = "214" Y = "68" T = "0" Pressure = "0" />
		<Point X = "214" Y = "76" T = "0" Pressure = "0" />
		<Point X = "214" Y = "82" T = "0" Pressure = "0" />
		<Point X = "214" Y = "87" T = "0" Pressure = "0" />
		<Point X = "214" Y = "90" T = "0" Pressure = "0" />
		<Point X = "214" Y = "94" T = "0" Pressure = "0" />
		<Point X = "214" Y = "97" T = "0" Pressure = "0" />
		<Point X = "214" Y = "99" T = "0" Pressure = "0" />
		<Point X = "214" Y = "102" T = "0" Pressure = "0" />
		<Point X = "215" Y = "105" T = "0" Pressure = "0" />
		<Point X = "217" Y = "110" T = "0" Pressure = "0" />
		<Point X = "217" Y = "114" T = "0" Pressure = "0" />
		<Point X = "220" Y = "119" T = "0" Pressure = "0" />
		<Point X = "221" Y = "123" T = "0" Pressure = "0" />
		<Point X = "224" Y = "129" T = "0" Pressure = "0" />
		<Point X = "225" Y = "135" T = "0" Pressure = "0" />
		<Point X = "225" Y = "144" T = "0" Pressure = "0" />
		<Point X = "226" Y = "153" T = "0" Pressure = "0" />
		<Point X = "227" Y = "160" T = "0" Pressure = "0" />
		<Point X = "227" Y = "169" T = "0" Pressure = "0" />
		<Point X = "227" Y = "175" T = "0" Pressure = "0" />
		<Point X = "227" Y = "179" T = "0" Pressure = "0" />
		<Point X = "227" Y = "185" T = "0" Pressure = "0" />
		<Point X = "227" Y = "188" T = "0" Pressure = "0" />
		<Point X = "227" Y = "192" T = "0" Pressure = "0" />
		<Point X = "229" Y = "198" T = "0" Pressure = "0" />
		<Point X = "229" Y = "200" T = "0" Pressure = "0" />
		<Point X = "229" Y = "201" T = "0" Pressure = "0" />
		<Point X = "230" Y = "205" T = "0" Pressure = "0" />
		<Point X = "230" Y = "208" T = "0" Pressure = "0" />
		<Point X = "231" Y = "209" T = "0" Pressure = "0" />
		<Point X = "231" Y = "212" T = "0" Pressure = "0" />
		<Point X = "231" Y = "214" T = "0" Pressure = "0" />
		<Point X = "232" Y = "216" T = "0" Pressure = "0" />
		<Point X = "232" Y = "219" T = "0" Pressure = "0" />
		<Point X = "232" Y = "221" T = "0" Pressure = "0" />
		<Point X = "232" Y = "223" T = "0" Pressure = "0" />
		<Point X = "232" Y = "226" T = "0" Pressure = "0" />
		<Point X = "232" Y = "227" T = "0" Pressure = "0" />
		<Point X = "232" Y = "230" T = "0" Pressure = "0" />
		<Point X = "232" Y = "232" T = "0" Pressure = "0" />
		<Point X = "232" Y = "233" T = "0" Pressure = "0" />
		<Point X = "232" Y = "234" T = "0" Pressure = "0" />
		<Point X = "231" Y = "234" T = "0" Pressure = "0" />
		<Point X = "230" Y = "234" T = "0" Pressure = "0" />
		<Point X = "228" Y = "234" T = "0" Pressure = "0" />
		<Point X = "226" Y = "234" T = "0" Pressure = "0" />
		<Point X = "223" Y = "234" T = "0" Pressure = "0" />
		<Point X = "220" Y = "234" T = "0" Pressure = "0" />
		<Point X = "216" Y = "231" T = "0" Pressure = "0" />
		<Point X = "211" Y = "227" T = "0" Pressure = "0" />
		<Point X = "208" Y = "223" T = "0" Pressure = "0" />
		<Point X = "205" Y = "219" T = "0" Pressure = "0" />
		<Point X = "202" Y = "215" T = "0" Pressure = "0" />
		<Point X = "200" Y = "212" T = "0" Pressure = "0" />
		<Point X = "198" Y = "209" T = "0" Pressure = "0" />
		<Point X = "194" Y = "205" T = "0" Pressure = "0" />
		<Point X = "192" Y = "200" T = "0" Pressure = "0" />
		<Point X = "190" Y = "198" T = "0" Pressure = "0" />
		<Point X = "187" Y = "195" T = "0" Pressure = "0" />
		<Point X = "184" Y = "193" T = "0" Pressure = "0" />
		<Point X = "179" Y = "189" T = "0" Pressure = "0" />
		<Point X = "177" Y = "187" T = "0" Pressure = "0" />
		<Point X = "173" Y = "185" T = "0" Pressure = "0" />
		<Point X = "170" Y = "183" T = "0" Pressure = "0" />
		<Point X = "168" Y = "182" T = "0" Pressure = "0" />
		<Point X = "167" Y = "180" T = "0" Pressure = "0" />
		<Point X = "166" Y = "180" T = "0" Pressure = "0" />
		<Point X = "165" Y = "178" T = "0" Pressure = "0" />
		<Point X = "163" Y = "176" T = "0" Pressure = "0" />
		<Point X = "162" Y = "173" T = "0" Pressure = "0" />
		<Point X = "161" Y = "170" T = "0" Pressure = "0" />
		<Point X = "160" Y = "167" T = "0" Pressure = "0" />
		<Point X = "158" Y = "164" T = "0" Pressure = "0" />
		<Point X = "157" Y = "160" T = "0" Pressure = "0" />
		<Point X = "155" Y = "157" T = "0" Pressure = "0" />
		<Point X = "153" Y = "156" T = "0" Pressure = "0" />
		<Point X = "152" Y = "152" T = "0" Pressure = "0" />
		<Point X = "150" Y = "150" T = "0" Pressure = "0" />
		<Point X = "150" Y = "149" T = "0" Pressure = "0" />
		<Point X = "148" Y = "144" T = "0" Pressure = "0" />
		<Point X = "146" Y = "143" T = "0" Pressure = "0" />
		<Point X = "143" Y = "138" T = "0" Pressure = "0" />
		<Point X = "141" Y = "136" T = "0" Pressure = "0" />
		<Point X = "137" Y = "131" T = "0" Pressure = "0" />
		<Point X = "134" Y = "129" T = "0" Pressure = "0" />
		<Point X = "132" Y = "126" T = "0" Pressure = "0" />
		<Point X = "130" Y = "124" T = "0" Pressure = "0" />
		<Point X = "128" Y = "123" T = "0" Pressure = "0" />
		<Point X = "126" Y = "120" T = "0" Pressure = "0" />
		<Point X = "123" Y = "118" T = "0" Pressure = "0" />
		<Point X = "122" Y = "116" T = "0" Pressure = "0" />
		<Point X = "120" Y = "115" T = "0" Pressure = "0" />
		<Point X = "118" Y = "113" T = "0" Pressure = "0" />
		<Point X = "117" Y = "111" T = "0" Pressure = "0" />
		<Point X = "117" Y = "110" T = "0" Pressure = "0" />
		<Point X = "116" Y = "108" T = "0" Pressure = "0" />
		<Point X = "115" Y = "106" T = "0" Pressure = "0" />
		<Point X = "114" Y = "105" T = "0" Pressure = "0" />
		<Point X = "114" Y = "104" T = "0" Pressure = "0" />
		<Point X = "113" Y = "103" T = "0" Pressure = "0" />
		<Point X = "112" Y = "101" T = "0" Pressure = "0" />
		<Point X = "111" Y = "101" T = "0" Pressure = "0" />
		<Point X = "111" Y = "100" T = "0" Pressure = "0" />
		<Point X = "108" Y = "98" T = "0" Pressure = "0" />
		<Point X = "108" Y = "96" T = "0" Pressure = "0" />
		<Point X = "107" Y = "96" T = "0" Pressure = "0" />
		<Point X = "107" Y = "95" T = "0" Pressure = "0" />
		<Point X = "107" Y = "93" T = "0" Pressure = "0" />
		<Point X = "107" Y = "92" T = "0" Pressure = "0" />
		<Point X = "107" Y = "91" T = "0" Pressure = "0" />
		<Point X = "107" Y = "90" T = "0" Pressure = "0" />
		<Point X = "107" Y = "89" T = "0" Pressure = "0" />
		<Point X = "107" Y = "88" T = "0" Pressure = "0" />
		<Point X = "106" Y = "86" T = "0" Pressure = "0" />
		<Point X = "105" Y = "86" T = "0" Pressure = "0" />
		<Point X = "105" Y = "85" T = "0" Pressure = "0" />
		<Point X = "105" Y = "84" T = "0" Pressure = "0" />
		<Point X = "104" Y = "83" T = "0" Pressure = "0" />
		<Point X = "104" Y = "82" T = "0" Pressure = "0" />
		<Point X = "102" Y = "81" T = "0" Pressure = "0" />
		<Point X = "102" Y = "80" T = "0" Pressure = "0" />
		<Point X = "101" Y = "79" T = "0" Pressure = "0" />
		<Point X = "101" Y = "78" T = "0" Pressure = "0" />
		<Point X = "101" Y = "77" T = "0" Pressure = "0" />
	</Stroke>
</Gesture>
