<?xml version="1.0" encoding="utf-8" standalone="yes"?>
<Gesture Name = "star">
	<Stroke>
		<Point X = "93" Y = "234" T = "0" Pressure = "0" />
		<Point X = "94" Y = "234" T = "0" Pressure = "0" />
		<Point X = "96" Y = "233" T = "0" Pressure = "0" />
		<Point X = "98" Y = "233" T = "0" Pressure = "0" />
		<Point X = "105" Y = "233" T = "0" Pressure = "0" />
		<Point X = "110" Y = "233" T = "0" Pressure = "0" />
		<Point X = "116" Y = "233" T = "0" Pressure = "0" />
		<Point X = "121" Y = "233" T = "0" Pressure = "0" />
		<Point X = "130" Y = "233" T = "0" Pressure = "0" />
		<Point X = "135" Y = "233" T = "0" Pressure = "0" />
		<Point X = "144" Y = "231" T = "0" Pressure = "0" />
		<Point X = "151" Y = "230" T = "0" Pressure = "0" />
		<Point X = "156" Y = "229" T = "0" Pressure = "0" />
		<Point X = "165" Y = "228" T = "0" Pressure = "0" />
		<Point X = "176" Y = "226" T = "0" Pressure = "0" />
		<Point X = "189" Y = "226" T = "0" Pressure = "0" />
		<Point X = "203" Y = "224" T = "0" Pressure = "0" />
		<Point X = "215" Y = "224" T = "0" Pressure = "0" />
		<Point X = "228" Y = "224" T = "0" Pressure = "0" />
		<Point X = "237" Y = "224" T = "0" Pressure = "0" />
		<Point X = "243" Y = "224" T = "0" Pressure = "0" />
		<Point X = "247" Y = "224" T = "0" Pressure = "0" />
		<Point X = "249" Y = "224" T = "0" Pressure = "0" />
		<Point X = "250" Y = "224" T = "0" Pressure = "0" />
		<Point X = "251" Y = "223" T = "0" Pressure = "0" />
		<Point X = "252" Y = "223" T = "0" Pressure = "0" />
		<Point X = "254" Y = "222" T = "0" Pressure = "0" />
		<Point X = "256" Y = "221" T = "0" Pressure = "0" />
		<Point X = "257" Y = "221" T = "0" Pressure = "0" />
		<Point X = "257" Y = "222" T = "0" Pressure = "0" />
		<Point X = "257" Y = "223" T = "0" Pressure = "0" />
		<Point X = "256" Y = "225" T = "0" Pressure = "0" />
		<Point X = "256" Y = "228" T = "0" Pressure = "0" />
		<Point X = "253" Y = "230" T = "0" Pressure = "0" />
		<Point X = "253" Y = "232" T = "0" Pressure = "0" />
		<Point X = "250" Y = "234" T = "0" Pressure = "0" />
		<Point X = "247" Y = "237" T = "0" Pressure = "0" />
		<Point X = "242" Y = "244" T = "0" Pressure = "0" />
		<Point X = "237" Y = "248" T = "0" Pressure = "0" />
		<Point X = "230" Y = "253" T = "0" Pressure = "0" />
		<Point X = "222" Y = "258" T = "0" Pressure = "0" />
		<Point X = "216" Y = "265" T = "0" Pressure = "0" />
		<Point X = "210" Y = "269" T = "0" Pressure = "0" />
		<Point X = "202" Y = "274" T = "0" Pressure = "0" />
		<Point X = "197" Y = "279" T = "0" Pressure = "0" />
		<Point X = "192" Y = "284" T = "0" Pressure = "0" />
		<Point X = "185" Y = "290" T = "0" Pressure = "0" />
		<Point X = "180" Y = "294" T = "0" Pressure = "0" />
		<Point X = "175" Y = "298" T = "0" Pressure = "0" />
		<Point X = "172" Y = "299" T = "0" Pressure = "0" />
		<Point X = "170" Y = "301" T = "0" Pressure = "0" />
		<Point X = "169" Y = "302" T = "0" Pressure = "0" />
		<Point X = "167" Y = "304" T = "0" Pressure = "0" />
		<Point X = "166" Y = "305" T = "0" Pressure = "0" />
		<Point X = "164" Y = "306" T = "0" Pressure = "0" />
		<Point X = "162" Y = "309" T = "0" Pressure = "0" />
		<Point X = "161" Y = "309" T = "0" Pressure = "0" />
		<Point X = "160" Y = "311" T = "0" Pressure = "0" />
		<Point X = "158" Y = "313" T = "0" Pressure = "0" />
		<Point X = "157" Y = "314" T = "0" Pressure = "0" />
		<Point X = "157" Y = "315" T = "0" Pressure = "0" />
		<Point X = "156" Y = "316" T = "0" Pressure = "0" />
		<Point X = "154" Y = "318" T = "0" Pressure = "0" />
		<Point X = "153" Y = "320" T = "0" Pressure = "0" />
		<Point X = "152" Y = "321" T = "0" Pressure = "0" />
		<Point X = "151" Y = "324" T = "0" Pressure = "0" />
		<Point X = "150" Y = "324" T = "0" Pressure = "0" />
		<Point X = "149" Y = "327" T = "0" Pressure = "0" />
		<Point X = "147" Y = "329" T = "0" Pressure = "0" />
		<Point X = "146" Y = "331" T = "0" Pressure = "0" />
		<Point X = "145" Y = "331" T = "0" Pressure = "0" />
		<Point X = "144" Y = "332" T = "0" Pressure = "0" />
		<Point X = "143" Y = "332" T = "0" Pressure = "0" />
		<Point X = "143" Y = "330" T = "0" Pressure = "0" />
		<Point X = "143" Y = "328" T = "0" Pressure = "0" />
		<Point X = "143" Y = "326" T = "0" Pressure = "0" />
		<Point X = "144" Y = "321" T = "0" Pressure = "0" />
		<Point X = "145" Y = "313" T = "0" Pressure = "0" />
		<Point X = "146" Y = "307" T = "0" Pressure = "0" />
		<Point X = "149" Y = "299" T = "0" Pressure = "0" />
		<Point X = "150" Y = "292" T = "0" Pressure = "0" />
		<Point X = "151" Y = "282" T = "0" Pressure = "0" />
		<Point X = "154" Y = "274" T = "0" Pressure = "0" />
		<Point X = "154" Y = "267" T = "0" Pressure = "0" />
		<Point X = "155" Y = "260" T = "0" Pressure = "0" />
		<Point X = "156" Y = "253" T = "0" Pressure = "0" />
		<Point X = "156" Y = "247" T = "0" Pressure = "0" />
		<Point X = "156" Y = "241" T = "0" Pressure = "0" />
		<Point X = "160" Y = "231" T = "0" Pressure = "0" />
		<Point X = "162" Y = "224" T = "0" Pressure = "0" />
		<Point X = "165" Y = "213" T = "0" Pressure = "0" />
		<Point X = "167" Y = "203" T = "0" Pressure = "0" />
		<Point X = "171" Y = "193" T = "0" Pressure = "0" />
		<Point X = "173" Y = "183" T = "0" Pressure = "0" />
		<Point X = "176" Y = "177" T = "0" Pressure = "0" />
		<Point X = "177" Y = "173" T = "0" Pressure = "0" />
		<Point X = "180" Y = "167" T = "0" Pressure = "0" />
		<Point X = "180" Y = "164" T = "0" Pressure = "0" />
		<Point X = "180" Y = "162" T = "0" Pressure = "0" />
		<Point X = "181" Y = "160" T = "0" Pressure = "0" />
		<Point X = "182" Y = "159" T = "0" Pressure = "0" />
		<Point X = "182" Y = "158" T = "0" Pressure = "0" />
		<Point X = "183" Y = "157" T = "0" Pressure = "0" />
		<Point X = "183" Y = "156" T = "0" Pressure = "0" />
		<Point X = "184" Y = "155" T = "0" Pressure = "0" />
		<Point X = "184" Y = "154" T = "0" Pressure = "0" />
		<Point X = "184" Y = "153" T = "0" Pressure = "0" />
		<Point X = "185" Y = "152" T = "0" Pressure = "0" />
		<Point X = "186" Y = "152" T = "0" Pressure = "0" />
		<Point X = "187" Y = "152" T = "0" Pressure = "0" />
		<Point X = "189" Y = "152" T = "0" Pressure = "0" />
		<Point X = "192" Y = "154" T = "0" Pressure = "0" />
		<Point X = "196" Y = "157" T = "0" Pressure = "0" />
		<Point X = "200" Y = "164" T = "0" Pressure = "0" />
		<Point X = "202" Y = "168" T = "0" Pressure = "0" />
		<Point X = "205" Y = "175" T = "0" Pressure = "0" />
		<Point X = "207" Y = "180" T = "0" Pressure = "0" />
		<Point X = "209" Y = "189" T = "0" Pressure = "0" />
		<Point X = "210" Y = "194" T = "0" Pressure = "0" />
		<Point X = "212" Y = "202" T = "0" Pressure = "0" />
		<Point X = "215" Y = "209" T = "0" Pressure = "0" />
		<Point X = "216" Y = "216" T = "0" Pressure = "0" />
		<Point X = "219" Y = "222" T = "0" Pressure = "0" />
		<Point X = "220" Y = "226" T = "0" Pressure = "0" />
		<Point X = "222" Y = "231" T = "0" Pressure = "0" />
		<Point X = "223" Y = "234" T = "0" Pressure = "0" />
		<Point X = "224" Y = "237" T = "0" Pressure = "0" />
		<Point X = "226" Y = "240" T = "0" Pressure = "0" />
		<Point X = "227" Y = "243" T = "0" Pressure = "0" />
		<Point X = "229" Y = "247" T = "0" Pressure = "0" />
		<Point X = "231" Y = "250" T = "0" Pressure = "0" />
		<Point X = "232" Y = "252" T = "0" Pressure = "0" />
		<Point X = "233" Y = "254" T = "0" Pressure = "0" />
		<Point X = "233" Y = "256" T = "0" Pressure = "0" />
		<Point X = "233" Y = "257" T = "0" Pressure = "0" />
		<Point X = "233" Y = "259" T = "0" Pressure = "0" />
		<Point X = "233" Y = "260" T = "0" Pressure = "0" />
		<Point X = "233" Y = "262" T = "0" Pressure = "0" />
		<Point X = "233" Y = "265" T = "0" Pressure = "0" />
		<Point X = "234" Y = "269" T = "0" Pressure = "0" />
		<Point X = "237" Y = "275" T = "0" Pressure = "0" />
		<Point X = "238" Y = "281" T = "0" Pressure = "0" />
		<Point X = "241" Y = "288" T = "0" Pressure = "0" />
		<Point X = "243" Y = "292" T = "0" Pressure = "0" />
		<Point X = "244" Y = "296" T = "0" Pressure = "0" />
		<Point X = "245" Y = "297" T = "0" Pressure = "0" />
		<Point X = "246" Y = "299" T = "0" Pressure = "0" />
		<Point X = "246" Y = "300" T = "0" Pressure = "0" />
		<Point X = "246" Y = "301" T = "0" Pressure = "0" />
		<Point X = "247" Y = "302" T = "0" Pressure = "0" />
		<Point X = "248" Y = "302" T = "0" Pressure = "0" />
		<Point X = "249" Y = "303" T = "0" Pressure = "0" />
		<Point X = "249" Y = "304" T = "0" Pressure = "0" />
		<Point X = "248" Y = "304" T = "0" Pressure = "0" />
		<Point X = "244" Y = "304" T = "0" Pressure = "0" />
		<Point X = "240" Y = "304" T = "0" Pressure = "0" />
		<Point X = "235" Y = "301" T = "0" Pressure = "0" />
		<Point X = "229" Y = "297" T = "0" Pressure = "0" />
		<Point X = "224" Y = "295" T = "0" Pressure = "0" />
		<Point X = "218" Y = "291" T = "0" Pressure = "0" />
		<Point X = "212" Y = "289" T = "0" Pressure = "0" />
		<Point X = "210" Y = "287" T = "0" Pressure = "0" />
		<Point X = "203" Y = "285" T = "0" Pressure = "0" />
		<Point X = "197" Y = "283" T = "0" Pressure = "0" />
		<Point X = "194" Y = "282" T = "0" Pressure = "0" />
		<Point X = "190" Y = "282" T = "0" Pressure = "0" />
		<Point X = "185" Y = "281" T = "0" Pressure = "0" />
		<Point X = "181" Y = "278" T = "0" Pressure = "0" />
		<Point X = "175" Y = "276" T = "0" Pressure = "0" />
		<Point X = "167" Y = "273" T = "0" Pressure = "0" />
		<Point X = "159" Y = "268" T = "0" Pressure = "0" />
		<Point X = "154" Y = "267" T = "0" Pressure = "0" />
		<Point X = "148" Y = "262" T = "0" Pressure = "0" />
		<Point X = "143" Y = "261" T = "0" Pressure = "0" />
		<Point X = "139" Y = "259" T = "0" Pressure = "0" />
		<Point X = "138" Y = "258" T = "0" Pressure = "0" />
		<Point X = "137" Y = "258" T = "0" Pressure = "0" />
		<Point X = "136" Y = "258" T = "0" Pressure = "0" />
		<Point X = "135" Y = "256" T = "0" Pressure = "0" />
		<Point X = "134" Y = "256" T = "0" Pressure = "0" />
		<Point X = "133" Y = "255" T = "0" Pressure = "0" />
		<Point X = "132" Y = "254" T = "0" Pressure = "0" />
		<Point X = "130" Y = "254" T = "0" Pressure = "0" />
		<Point X = "128" Y = "251" T = "0" Pressure = "0" />
		<Point X = "126" Y = "251" T = "0" Pressure = "0" />
		<Point X = "124" Y = "248" T = "0" Pressure = "0" />
		<Point X = "123" Y = "248" T = "0" Pressure = "0" />
		<Point X = "121" Y = "247" T = "0" Pressure = "0" />
		<Point X = "121" Y = "246" T = "0" Pressure = "0" />
		<Point X = "119" Y = "246" T = "0" Pressure = "0" />
		<Point X = "119" Y = "245" T = "0" Pressure = "0" />
		<Point X = "118" Y = "243" T = "0" Pressure = "0" />
		<Point X = "116" Y = "241" T = "0" Pressure = "0" />
		<Point X = "115" Y = "240" T = "0" Pressure = "0" />
		<Point X = "113" Y = "239" T = "0" Pressure = "0" />
		<Point X = "111" Y = "238" T = "0" Pressure = "0" />
		<Point X = "109" Y = "236" T = "0" Pressure = "0" />
		<Point X = "108" Y = "236" T = "0" Pressure = "0" />
		<Point X = "105" Y = "234" T = "0" Pressure = "0" />
		<Point X = "104" Y = "234" T = "0" Pressure = "0" />
		<Point X = "103" Y = "233" T = "0" Pressure = "0" />
		<Point X = "102" Y = "232" T = "0" Pressure = "0" />
	</Stroke>
</Gesture>
