<?xml version="1.0" encoding="utf-8" standalone="yes"?>
<Gesture Name = "star">
	<Stroke>
		<Point X = "302" Y = "132" T = "0" Pressure = "0" />
		<Point X = "303" Y = "132" T = "0" Pressure = "0" />
		<Point X = "306" Y = "132" T = "0" Pressure = "0" />
		<Point X = "308" Y = "132" T = "0" Pressure = "0" />
		<Point X = "311" Y = "132" T = "0" Pressure = "0" />
		<Point X = "315" Y = "133" T = "0" Pressure = "0" />
		<Point X = "319" Y = "133" T = "0" Pressure = "0" />
		<Point X = "325" Y = "134" T = "0" Pressure = "0" />
		<Point X = "334" Y = "135" T = "0" Pressure = "0" />
		<Point X = "338" Y = "136" T = "0" Pressure = "0" />
		<Point X = "344" Y = "137" T = "0" Pressure = "0" />
		<Point X = "348" Y = "137" T = "0" Pressure = "0" />
		<Point X = "352" Y = "137" T = "0" Pressure = "0" />
		<Point X = "355" Y = "137" T = "0" Pressure = "0" />
		<Point X = "359" Y = "137" T = "0" Pressure = "0" />
		<Point X = "361" Y = "136" T = "0" Pressure = "0" />
		<Point X = "364" Y = "136" T = "0" Pressure = "0" />
		<Point X = "366" Y = "136" T = "0" Pressure = "0" />
		<Point X = "368" Y = "136" T = "0" Pressure = "0" />
		<Point X = "371" Y = "136" T = "0" Pressure = "0" />
		<Point X = "372" Y = "135" T = "0" Pressure = "0" />
		<Point X = "373" Y = "135" T = "0" Pressure = "0" />
		<Point X = "374" Y = "135" T = "0" Pressure = "0" />
		<Point X = "376" Y = "134" T = "0" Pressure = "0" />
		<Point X = "375" Y = "134" T = "0" Pressure = "0" />
		<Point X = "374" Y = "134" T = "0" Pressure = "0" />
		<Point X = "372" Y = "136" T = "0" Pressure = "0" />
		<Point X = "369" Y = "138" T = "0" Pressure = "0" />
		<Point X = "364" Y = "141" T = "0" Pressure = "0" />
		<Point X = "360" Y = "145" T = "0" Pressure = "0" />
		<Point X = "357" Y = "148" T = "0" Pressure = "0" />
		<Point X = "353" Y = "152" T = "0" Pressure = "0" />
		<Point X = "350" Y = "155" T = "0" Pressure = "0" />
		<Point X = "345" Y = "160" T = "0" Pressure = "0" />
		<Point X = "340" Y = "165" T = "0" Pressure = "0" />
		<Point X = "335" Y = "168" T = "0" Pressure = "0" />
		<Point X = "330" Y = "173" T = "0" Pressure = "0" />
		<Point X = "325" Y = "177" T = "0" Pressure = "0" />
		<Point X = "322" Y = "180" T = "0" Pressure = "0" />
		<Point X = "319" Y = "181" T = "0" Pressure = "0" />
		<Point X = "316" Y = "184" T = "0" Pressure = "0" />
		<Point X = "314" Y = "184" T = "0" Pressure = "0" />
		<Point X = "311" Y = "187" T = "0" Pressure = "0" />
		<Point X = "308" Y = "189" T = "0" Pressure = "0" />
		<Point X = "306" Y = "192" T = "0" Pressure = "0" />
		<Point X = "304" Y = "193" T = "0" Pressure = "0" />
		<Point X = "302" Y = "195" T = "0" Pressure = "0" />
		<Point X = "301" Y = "196" T = "0" Pressure = "0" />
		<Point X = "298" Y = "199" T = "0" Pressure = "0" />
		<Point X = "296" Y = "201" T = "0" Pressure = "0" />
		<Point X = "294" Y = "203" T = "0" Pressure = "0" />
		<Point X = "293" Y = "204" T = "0" Pressure = "0" />
		<Point X = "292" Y = "205" T = "0" Pressure = "0" />
		<Point X = "291" Y = "205" T = "0" Pressure = "0" />
		<Point X = "293" Y = "205" T = "0" Pressure = "0" />
		<Point X = "293" Y = "202" T = "0" Pressure = "0" />
		<Point X = "293" Y = "197" T = "0" Pressure = "0" />
		<Point X = "294" Y = "192" T = "0" Pressure = "0" />
		<Point X = "296" Y = "187" T = "0" Pressure = "0" />
		<Point X = "296" Y = "183" T = "0" Pressure = "0" />
		<Point X = "298" Y = "177" T = "0" Pressure = "0" />
		<Point X = "300" Y = "174" T = "0" Pressure = "0" />
		<Point X = "301" Y = "171" T = "0" Pressure = "0" />
		<Point X = "302" Y = "168" T = "0" Pressure = "0" />
		<Point X = "303" Y = "166" T = "0" Pressure = "0" />
		<Point X = "305" Y = "163" T = "0" Pressure = "0" />
		<Point X = "306" Y = "159" T = "0" Pressure = "0" />
		<Point X = "307" Y = "156" T = "0" Pressure = "0" />
		<Point X = "309" Y = "154" T = "0" Pressure = "0" />
		<Point X = "310" Y = "150" T = "0" Pressure = "0" />
		<Point X = "310" Y = "145" T = "0" Pressure = "0" />
		<Point X = "311" Y = "141" T = "0" Pressure = "0" />
		<Point X = "314" Y = "135" T = "0" Pressure = "0" />
		<Point X = "314" Y = "133" T = "0" Pressure = "0" />
		<Point X = "314" Y = "131" T = "0" Pressure = "0" />
		<Point X = "315" Y = "128" T = "0" Pressure = "0" />
		<Point X = "315" Y = "127" T = "0" Pressure = "0" />
		<Point X = "315" Y = "126" T = "0" Pressure = "0" />
		<Point X = "316" Y = "123" T = "0" Pressure = "0" />
		<Point X = "316" Y = "121" T = "0" Pressure = "0" />
		<Point X = "318" Y = "119" T = "0" Pressure = "0" />
		<Point X = "319" Y = "116" T = "0" Pressure = "0" />
		<Point X = "319" Y = "115" T = "0" Pressure = "0" />
		<Point X = "319" Y = "113" T = "0" Pressure = "0" />
		<Point X = "321" Y = "109" T = "0" Pressure = "0" />
		<Point X = "322" Y = "108" T = "0" Pressure = "0" />
		<Point X = "322" Y = "107" T = "0" Pressure = "0" />
		<Point X = "323" Y = "104" T = "0" Pressure = "0" />
		<Point X = "324" Y = "103" T = "0" Pressure = "0" />
		<Point X = "324" Y = "102" T = "0" Pressure = "0" />
		<Point X = "325" Y = "102" T = "0" Pressure = "0" />
		<Point X = "326" Y = "101" T = "0" Pressure = "0" />
		<Point X = "326" Y = "100" T = "0" Pressure = "0" />
		<Point X = "327" Y = "99" T = "0" Pressure = "0" />
		<Point X = "327" Y = "98" T = "0" Pressure = "0" />
		<Point X = "328" Y = "98" T = "0" Pressure = "0" />
		<Point X = "330" Y = "100" T = "0" Pressure = "0" />
		<Point X = "332" Y = "103" T = "0" Pressure = "0" />
		<Point X = "333" Y = "107" T = "0" Pressure = "0" />
		<Point X = "336" Y = "115" T = "0" Pressure = "0" />
		<Point X = "338" Y = "122" T = "0" Pressure = "0" />
		<Point X = "339" Y = "128" T = "0" Pressure = "0" />
		<Point X = "342" Y = "136" T = "0" Pressure = "0" />
		<Point X = "343" Y = "142" T = "0" Pressure = "0" />
		<Point X = "344" Y = "147" T = "0" Pressure = "0" />
		<Point X = "347" Y = "153" T = "0" Pressure = "0" />
		<Point X = "347" Y = "155" T = "0" Pressure = "0" />
		<Point X = "349" Y = "159" T = "0" Pressure = "0" />
		<Point X = "350" Y = "161" T = "0" Pressure = "0" />
		<Point X = "352" Y = "164" T = "0" Pressure = "0" />
		<Point X = "352" Y = "166" T = "0" Pressure = "0" />
		<Point X = "353" Y = "168" T = "0" Pressure = "0" />
		<Point X = "354" Y = "169" T = "0" Pressure = "0" />
		<Point X = "354" Y = "170" T = "0" Pressure = "0" />
		<Point X = "354" Y = "172" T = "0" Pressure = "0" />
		<Point X = "355" Y = "174" T = "0" Pressure = "0" />
		<Point X = "355" Y = "176" T = "0" Pressure = "0" />
		<Point X = "355" Y = "177" T = "0" Pressure = "0" />
		<Point X = "356" Y = "180" T = "0" Pressure = "0" />
		<Point X = "356" Y = "181" T = "0" Pressure = "0" />
		<Point X = "356" Y = "183" T = "0" Pressure = "0" />
		<Point X = "356" Y = "184" T = "0" Pressure = "0" />
		<Point X = "356" Y = "185" T = "0" Pressure = "0" />
		<Point X = "357" Y = "186" T = "0" Pressure = "0" />
		<Point X = "357" Y = "187" T = "0" Pressure = "0" />
		<Point X = "357" Y = "189" T = "0" Pressure = "0" />
		<Point X = "355" Y = "189" T = "0" Pressure = "0" />
		<Point X = "354" Y = "189" T = "0" Pressure = "0" />
		<Point X = "351" Y = "189" T = "0" Pressure = "0" />
		<Point X = "348" Y = "186" T = "0" Pressure = "0" />
		<Point X = "344" Y = "183" T = "0" Pressure = "0" />
		<Point X = "341" Y = "180" T = "0" Pressure = "0" />
		<Point X = "337" Y = "177" T = "0" Pressure = "0" />
		<Point X = "335" Y = "176" T = "0" Pressure = "0" />
		<Point X = "333" Y = "173" T = "0" Pressure = "0" />
		<Point X = "330" Y = "172" T = "0" Pressure = "0" />
		<Point X = "328" Y = "170" T = "0" Pressure = "0" />
		<Point X = "327" Y = "170" T = "0" Pressure = "0" />
		<Point X = "326" Y = "168" T = "0" Pressure = "0" />
		<Point X = "325" Y = "167" T = "0" Pressure = "0" />
		<Point X = "322" Y = "165" T = "0" Pressure = "0" />
		<Point X = "321" Y = "163" T = "0" Pressure = "0" />
		<Point X = "318" Y = "160" T = "0" Pressure = "0" />
		<Point X = "317" Y = "156" T = "0" Pressure = "0" />
		<Point X = "317" Y = "155" T = "0" Pressure = "0" />
		<Point X = "315" Y = "154" T = "0" Pressure = "0" />
		<Point X = "315" Y = "153" T = "0" Pressure = "0" />
		<Point X = "315" Y = "152" T = "0" Pressure = "0" />
		<Point X = "314" Y = "151" T = "0" Pressure = "0" />
		<Point X = "313" Y = "148" T = "0" Pressure = "0" />
		<Point X = "312" Y = "147" T = "0" Pressure = "0" />
		<Point X = "310" Y = "145" T = "0" Pressure = "0" />
		<Point X = "308" Y = "143" T = "0" Pressure = "0" />
		<Point X = "307" Y = "142" T = "0" Pressure = "0" />
		<Point X = "306" Y = "142" T = "0" Pressure = "0" />
		<Point X = "305" Y = "140" T = "0" Pressure = "0" />
		<Point X = "304" Y = "140" T = "0" Pressure = "0" />
		<Point X = "303" Y = "139" T = "0" Pressure = "0" />
		<Point X = "300" Y = "138" T = "0" Pressure = "0" />
		<Point X = "298" Y = "136" T = "0" Pressure = "0" />
		<Point X = "296" Y = "136" T = "0" Pressure = "0" />
		<Point X = "295" Y = "136" T = "0" Pressure = "0" />
		<Point X = "294" Y = "135" T = "0" Pressure = "0" />
		<Point X = "293" Y = "134" T = "0" Pressure = "0" />
		<Point X = "291" Y = "134" T = "0" Pressure = "0" />
		<Point X = "290" Y = "134" T = "0" Pressure = "0" />
		<Point X = "289" Y = "134" T = "0" Pressure = "0" />
		<Point X = "288" Y = "133" T = "0" Pressure = "0" />
		<Point X = "287" Y = "133" T = "0" Pressure = "0" />
		<Point X = "286" Y = "132" T = "0" Pressure = "0" />
		<Point X = "286" Y = "131" T = "0" Pressure = "0" />
		<Point X = "285" Y = "131" T = "0" Pressure = "0" />
		<Point X = "285" Y = "130" T = "0" Pressure = "0" />
		<Point X = "284" Y = "130" T = "0" Pressure = "0" />
		<Point X = "284" Y = "129" T = "0" Pressure = "0" />
		<Point X = "285" Y = "128" T = "0" Pressure = "0" />
		<Point X = "286" Y = "128" T = "0" Pressure = "0" />
		<Point X = "287" Y = "127" T = "0" Pressure = "0" />
		<Point X = "288" Y = "127" T = "0" Pressure = "0" />
		<Point X = "289" Y = "127" T = "0" Pressure = "0" />
		<Point X = "290" Y = "127" T = "0" Pressure = "0" />
		<Point X = "291" Y = "127" T = "0" Pressure = "0" />
		<Point X = "292" Y = "127" T = "0" Pressure = "0" />
		<Point X = "293" Y = "127" T = "0" Pressure = "0" />
		<Point X = "294" Y = "127" T = "0" Pressure = "0" />
		<Point X = "295" Y = "126" T = "0" Pressure = "0" />
		<Point X = "295" Y = "125" T = "0" Pressure = "0" />
		<Point X = "296" Y = "125" T = "0" Pressure = "0" />
		<Point X = "297" Y = "125" T = "0" Pressure = "0" />
		<Point X = "298" Y = "125" T = "0" Pressure = "0" />
		<Point X = "299" Y = "125" T = "0" Pressure = "0" />
		<Point X = "300" Y = "125" T = "0" Pressure = "0" />
		<Point X = "301" Y = "125" T = "0" Pressure = "0" />
		<Point X = "302" Y = "125" T = "0" Pressure = "0" />
		<Point X = "303" Y = "125" T = "0" Pressure = "0" />
		<Point X = "304" Y = "125" T = "0" Pressure = "0" />
		<Point X = "305" Y = "125" T = "0" Pressure = "0" />
		<Point X = "306" Y = "125" T = "0" Pressure = "0" />
		<Point X = "307" Y = "125" T = "0" Pressure = "0" />
		<Point X = "308" Y = "125" T = "0" Pressure = "0" />
		<Point X = "309" Y = "126" T = "0" Pressure = "0" />
		<Point X = "310" Y = "126" T = "0" Pressure = "0" />
		<Point X = "311" Y = "126" T = "0" Pressure = "0" />
		<Point X = "312" Y = "126" T = "0" Pressure = "0" />
		<Point X = "313" Y = "127" T = "0" Pressure = "0" />
		<Point X = "314" Y = "127" T = "0" Pressure = "0" />
	</Stroke>
</Gesture>
