<?xml version="1.0" encoding="utf-8" standalone="yes"?>
<Gesture Name = "star">
	<Stroke>
		<Point X = "103" Y = "215" T = "0" Pressure = "0" />
		<Point X = "104" Y = "215" T = "0" Pressure = "0" />
		<Point X = "106" Y = "215" T = "0" Pressure = "0" />
		<Point X = "108" Y = "215" T = "0" Pressure = "0" />
		<Point X = "109" Y = "215" T = "0" Pressure = "0" />
		<Point X = "111" Y = "215" T = "0" Pressure = "0" />
		<Point X = "113" Y = "215" T = "0" Pressure = "0" />
		<Point X = "116" Y = "214" T = "0" Pressure = "0" />
		<Point X = "118" Y = "214" T = "0" Pressure = "0" />
		<Point X = "119" Y = "214" T = "0" Pressure = "0" />
		<Point X = "124" Y = "214" T = "0" Pressure = "0" />
		<Point X = "129" Y = "214" T = "0" Pressure = "0" />
		<Point X = "139" Y = "214" T = "0" Pressure = "0" />
		<Point X = "151" Y = "214" T = "0" Pressure = "0" />
		<Point X = "162" Y = "214" T = "0" Pressure = "0" />
		<Point X = "171" Y = "214" T = "0" Pressure = "0" />
		<Point X = "178" Y = "214" T = "0" Pressure = "0" />
		<Point X = "180" Y = "214" T = "0" Pressure = "0" />
		<Point X = "183" Y = "214" T = "0" Pressure = "0" />
		<Point X = "184" Y = "214" T = "0" Pressure = "0" />
		<Point X = "186" Y = "213" T = "0" Pressure = "0" />
		<Point X = "188" Y = "213" T = "0" Pressure = "0" />
		<Point X = "190" Y = "213" T = "0" Pressure = "0" />
		<Point X = "194" Y = "212" T = "0" Pressure = "0" />
		<Point X = "201" Y = "210" T = "0" Pressure = "0" />
		<Point X = "205" Y = "210" T = "0" Pressure = "0" />
		<Point X = "210" Y = "210" T = "0" Pressure = "0" />
		<Point X = "218" Y = "210" T = "0" Pressure = "0" />
		<Point X = "227" Y = "210" T = "0" Pressure = "0" />
		<Point X = "238" Y = "210" T = "0" Pressure = "0" />
		<Point X = "249" Y = "210" T = "0" Pressure = "0" />
		<Point X = "260" Y = "210" T = "0" Pressure = "0" />
		<Point X = "268" Y = "210" T = "0" Pressure = "0" />
		<Point X = "272" Y = "210" T = "0" Pressure = "0" />
		<Point X = "275" Y = "210" T = "0" Pressure = "0" />
		<Point X = "279" Y = "210" T = "0" Pressure = "0" />
		<Point X = "281" Y = "210" T = "0" Pressure = "0" />
		<Point X = "282" Y = "210" T = "0" Pressure = "0" />
		<Point X = "283" Y = "210" T = "0" Pressure = "0" />
		<Point X = "285" Y = "210" T = "0" Pressure = "0" />
		<Point X = "286" Y = "209" T = "0" Pressure = "0" />
		<Point X = "288" Y = "209" T = "0" Pressure = "0" />
		<Point X = "290" Y = "209" T = "0" Pressure = "0" />
		<Point X = "291" Y = "209" T = "0" Pressure = "0" />
		<Point X = "293" Y = "209" T = "0" Pressure = "0" />
		<Point X = "292" Y = "209" T = "0" Pressure = "0" />
		<Point X = "289" Y = "211" T = "0" Pressure = "0" />
		<Point X = "287" Y = "213" T = "0" Pressure = "0" />
		<Point X = "283" Y = "216" T = "0" Pressure = "0" />
		<Point X = "280" Y = "220" T = "0" Pressure = "0" />
		<Point X = "276" Y = "224" T = "0" Pressure = "0" />
		<Point X = "272" Y = "226" T = "0" Pressure = "0" />
		<Point X = "270" Y = "228" T = "0" Pressure = "0" />
		<Point X = "266" Y = "231" T = "0" Pressure = "0" />
		<Point X = "265" Y = "232" T = "0" Pressure = "0" />
		<Point X = "263" Y = "234" T = "0" Pressure = "0" />
		<Point X = "260" Y = "235" T = "0" Pressure = "0" />
		<Point X = "258" Y = "237" T = "0" Pressure = "0" />
		<Point X = "253" Y = "239" T = "0" Pressure = "0" />
		<Point X = "249" Y = "242" T = "0" Pressure = "0" />
		<Point X = "244" Y = "245" T = "0" Pressure = "0" />
		<Point X = "238" Y = "249" T = "0" Pressure = "0" />
		<Point X = "234" Y = "252" T = "0" Pressure = "0" />
		<Point X = "232" Y = "254" T = "0" Pressure = "0" />
		<Point X = "230" Y = "255" T = "0" Pressure = "0" />
		<Point X = "227" Y = "258" T = "0" Pressure = "0" />
		<Point X = "225" Y = "258" T = "0" Pressure = "0" />
		<Point X = "223" Y = "260" T = "0" Pressure = "0" />
		<Point X = "221" Y = "261" T = "0" Pressure = "0" />
		<Point X = "219" Y = "263" T = "0" Pressure = "0" />
		<Point X = "217" Y = "263" T = "0" Pressure = "0" />
		<Point X = "215" Y = "266" T = "0" Pressure = "0" />
		<Point X = "213" Y = "268" T = "0" Pressure = "0" />
		<Point X = "210" Y = "271" T = "0" Pressure = "0" />
		<Point X = "207" Y = "273" T = "0" Pressure = "0" />
		<Point X = "203" Y = "276" T = "0" Pressure = "0" />
		<Point X = "198" Y = "280" T = "0" Pressure = "0" />
		<Point X = "195" Y = "283" T = "0" Pressure = "0" />
		<Point X = "194" Y = "283" T = "0" Pressure = "0" />
		<Point X = "192" Y = "284" T = "0" Pressure = "0" />
		<Point X = "191" Y = "284" T = "0" Pressure = "0" />
		<Point X = "190" Y = "285" T = "0" Pressure = "0" />
		<Point X = "189" Y = "285" T = "0" Pressure = "0" />
		<Point X = "188" Y = "286" T = "0" Pressure = "0" />
		<Point X = "187" Y = "286" T = "0" Pressure = "0" />
		<Point X = "185" Y = "287" T = "0" Pressure = "0" />
		<Point X = "184" Y = "287" T = "0" Pressure = "0" />
		<Point X = "180" Y = "289" T = "0" Pressure = "0" />
		<Point X = "178" Y = "291" T = "0" Pressure = "0" />
		<Point X = "175" Y = "294" T = "0" Pressure = "0" />
		<Point X = "171" Y = "298" T = "0" Pressure = "0" />
		<Point X = "169" Y = "300" T = "0" Pressure = "0" />
		<Point X = "167" Y = "301" T = "0" Pressure = "0" />
		<Point X = "166" Y = "302" T = "0" Pressure = "0" />
		<Point X = "165" Y = "302" T = "0" Pressure = "0" />
		<Point X = "162" Y = "303" T = "0" Pressure = "0" />
		<Point X = "161" Y = "305" T = "0" Pressure = "0" />
		<Point X = "160" Y = "305" T = "0" Pressure = "0" />
		<Point X = "158" Y = "306" T = "0" Pressure = "0" />
		<Point X = "154" Y = "309" T = "0" Pressure = "0" />
		<Point X = "152" Y = "310" T = "0" Pressure = "0" />
		<Point X = "149" Y = "314" T = "0" Pressure = "0" />
		<Point X = "146" Y = "315" T = "0" Pressure = "0" />
		<Point X = "145" Y = "316" T = "0" Pressure = "0" />
		<Point X = "143" Y = "318" T = "0" Pressure = "0" />
		<Point X = "141" Y = "319" T = "0" Pressure = "0" />
		<Point X = "140" Y = "320" T = "0" Pressure = "0" />
		<Point X = "139" Y = "321" T = "0" Pressure = "0" />
		<Point X = "137" Y = "322" T = "0" Pressure = "0" />
		<Point X = "135" Y = "324" T = "0" Pressure = "0" />
		<Point X = "134" Y = "325" T = "0" Pressure = "0" />
		<Point X = "132" Y = "327" T = "0" Pressure = "0" />
		<Point X = "131" Y = "328" T = "0" Pressure = "0" />
		<Point X = "131" Y = "329" T = "0" Pressure = "0" />
		<Point X = "129" Y = "330" T = "0" Pressure = "0" />
		<Point X = "130" Y = "330" T = "0" Pressure = "0" />
		<Point X = "132" Y = "329" T = "0" Pressure = "0" />
		<Point X = "133" Y = "328" T = "0" Pressure = "0" />
		<Point X = "134" Y = "326" T = "0" Pressure = "0" />
		<Point X = "136" Y = "324" T = "0" Pressure = "0" />
		<Point X = "137" Y = "322" T = "0" Pressure = "0" />
		<Point X = "138" Y = "317" T = "0" Pressure = "0" />
		<Point X = "139" Y = "312" T = "0" Pressure = "0" />
		<Point X = "141" Y = "306" T = "0" Pressure = "0" />
		<Point X = "142" Y = "300" T = "0" Pressure = "0" />
		<Point X = "145" Y = "294" T = "0" Pressure = "0" />
		<Point X = "146" Y = "287" T = "0" Pressure = "0" />
		<Point X = "150" Y = "280" T = "0" Pressure = "0" />
		<Point X = "151" Y = "274" T = "0" Pressure = "0" />
		<Point X = "153" Y = "267" T = "0" Pressure = "0" />
		<Point X = "155" Y = "261" T = "0" Pressure = "0" />
		<Point X = "157" Y = "254" T = "0" Pressure = "0" />
		<Point X = "157" Y = "249" T = "0" Pressure = "0" />
		<Point X = "160" Y = "242" T = "0" Pressure = "0" />
		<Point X = "160" Y = "240" T = "0" Pressure = "0" />
		<Point X = "162" Y = "233" T = "0" Pressure = "0" />
		<Point X = "164" Y = "229" T = "0" Pressure = "0" />
		<Point X = "165" Y = "223" T = "0" Pressure = "0" />
		<Point X = "165" Y = "218" T = "0" Pressure = "0" />
		<Point X = "166" Y = "212" T = "0" Pressure = "0" />
		<Point X = "166" Y = "205" T = "0" Pressure = "0" />
		<Point X = "167" Y = "200" T = "0" Pressure = "0" />
		<Point X = "167" Y = "198" T = "0" Pressure = "0" />
		<Point X = "167" Y = "195" T = "0" Pressure = "0" />
		<Point X = "167" Y = "192" T = "0" Pressure = "0" />
		<Point X = "167" Y = "188" T = "0" Pressure = "0" />
		<Point X = "168" Y = "185" T = "0" Pressure = "0" />
		<Point X = "168" Y = "182" T = "0" Pressure = "0" />
		<Point X = "168" Y = "179" T = "0" Pressure = "0" />
		<Point X = "169" Y = "177" T = "0" Pressure = "0" />
		<Point X = "169" Y = "174" T = "0" Pressure = "0" />
		<Point X = "169" Y = "173" T = "0" Pressure = "0" />
		<Point X = "170" Y = "170" T = "0" Pressure = "0" />
		<Point X = "170" Y = "168" T = "0" Pressure = "0" />
		<Point X = "171" Y = "166" T = "0" Pressure = "0" />
		<Point X = "171" Y = "165" T = "0" Pressure = "0" />
		<Point X = "171" Y = "164" T = "0" Pressure = "0" />
		<Point X = "171" Y = "163" T = "0" Pressure = "0" />
		<Point X = "171" Y = "162" T = "0" Pressure = "0" />
		<Point X = "172" Y = "161" T = "0" Pressure = "0" />
		<Point X = "173" Y = "160" T = "0" Pressure = "0" />
		<Point X = "174" Y = "160" T = "0" Pressure = "0" />
		<Point X = "175" Y = "159" T = "0" Pressure = "0" />
		<Point X = "176" Y = "159" T = "0" Pressure = "0" />
		<Point X = "176" Y = "158" T = "0" Pressure = "0" />
		<Point X = "176" Y = "157" T = "0" Pressure = "0" />
		<Point X = "176" Y = "156" T = "0" Pressure = "0" />
		<Point X = "176" Y = "154" T = "0" Pressure = "0" />
		<Point X = "176" Y = "153" T = "0" Pressure = "0" />
		<Point X = "177" Y = "152" T = "0" Pressure = "0" />
		<Point X = "177" Y = "151" T = "0" Pressure = "0" />
		<Point X = "177" Y = "150" T = "0" Pressure = "0" />
		<Point X = "177" Y = "148" T = "0" Pressure = "0" />
		<Point X = "178" Y = "147" T = "0" Pressure = "0" />
		<Point X = "178" Y = "146" T = "0" Pressure = "0" />
		<Point X = "179" Y = "146" T = "0" Pressure = "0" />
		<Point X = "180" Y = "147" T = "0" Pressure = "0" />
		<Point X = "182" Y = "152" T = "0" Pressure = "0" />
		<Point X = "183" Y = "155" T = "0" Pressure = "0" />
		<Point X = "185" Y = "160" T = "0" Pressure = "0" />
		<Point X = "188" Y = "167" T = "0" Pressure = "0" />
		<Point X = "190" Y = "174" T = "0" Pressure = "0" />
		<Point X = "193" Y = "180" T = "0" Pressure = "0" />
		<Point X = "196" Y = "188" T = "0" Pressure = "0" />
		<Point X = "199" Y = "194" T = "0" Pressure = "0" />
		<Point X = "200" Y = "198" T = "0" Pressure = "0" />
		<Point X = "203" Y = "203" T = "0" Pressure = "0" />
		<Point X = "205" Y = "208" T = "0" Pressure = "0" />
		<Point X = "207" Y = "214" T = "0" Pressure = "0" />
		<Point X = "210" Y = "218" T = "0" Pressure = "0" />
		<Point X = "210" Y = "223" T = "0" Pressure = "0" />
		<Point X = "213" Y = "227" T = "0" Pressure = "0" />
		<Point X = "213" Y = "232" T = "0" Pressure = "0" />
		<Point X = "214" Y = "236" T = "0" Pressure = "0" />
		<Point X = "216" Y = "240" T = "0" Pressure = "0" />
		<Point X = "217" Y = "242" T = "0" Pressure = "0" />
		<Point X = "219" Y = "246" T = "0" Pressure = "0" />
		<Point X = "220" Y = "249" T = "0" Pressure = "0" />
		<Point X = "221" Y = "250" T = "0" Pressure = "0" />
		<Point X = "222" Y = "252" T = "0" Pressure = "0" />
		<Point X = "222" Y = "255" T = "0" Pressure = "0" />
		<Point X = "222" Y = "258" T = "0" Pressure = "0" />
		<Point X = "224" Y = "261" T = "0" Pressure = "0" />
		<Point X = "226" Y = "265" T = "0" Pressure = "0" />
		<Point X = "229" Y = "270" T = "0" Pressure = "0" />
		<Point X = "232" Y = "276" T = "0" Pressure = "0" />
		<Point X = "236" Y = "282" T = "0" Pressure = "0" />
		<Point X = "239" Y = "290" T = "0" Pressure = "0" />
		<Point X = "241" Y = "294" T = "0" Pressure = "0" />
		<Point X = "242" Y = "299" T = "0" Pressure = "0" />
		<Point X = "245" Y = "304" T = "0" Pressure = "0" />
		<Point X = "245" Y = "307" T = "0" Pressure = "0" />
		<Point X = "245" Y = "308" T = "0" Pressure = "0" />
		<Point X = "245" Y = "309" T = "0" Pressure = "0" />
		<Point X = "245" Y = "311" T = "0" Pressure = "0" />
		<Point X = "245" Y = "313" T = "0" Pressure = "0" />
		<Point X = "245" Y = "315" T = "0" Pressure = "0" />
		<Point X = "245" Y = "316" T = "0" Pressure = "0" />
		<Point X = "245" Y = "317" T = "0" Pressure = "0" />
		<Point X = "245" Y = "318" T = "0" Pressure = "0" />
		<Point X = "245" Y = "319" T = "0" Pressure = "0" />
		<Point X = "245" Y = "320" T = "0" Pressure = "0" />
		<Point X = "244" Y = "321" T = "0" Pressure = "0" />
		<Point X = "244" Y = "323" T = "0" Pressure = "0" />
		<Point X = "244" Y = "324" T = "0" Pressure = "0" />
		<Point X = "244" Y = "325" T = "0" Pressure = "0" />
		<Point X = "244" Y = "326" T = "0" Pressure = "0" />
		<Point X = "244" Y = "327" T = "0" Pressure = "0" />
		<Point X = "242" Y = "328" T = "0" Pressure = "0" />
		<Point X = "241" Y = "328" T = "0" Pressure = "0" />
		<Point X = "239" Y = "328" T = "0" Pressure = "0" />
		<Point X = "237" Y = "328" T = "0" Pressure = "0" />
		<Point X = "234" Y = "326" T = "0" Pressure = "0" />
		<Point X = "230" Y = "325" T = "0" Pressure = "0" />
		<Point X = "224" Y = "321" T = "0" Pressure = "0" />
		<Point X = "221" Y = "319" T = "0" Pressure = "0" />
		<Point X = "215" Y = "316" T = "0" Pressure = "0" />
		<Point X = "211" Y = "314" T = "0" Pressure = "0" />
		<Point X = "206" Y = "310" T = "0" Pressure = "0" />
		<Point X = "205" Y = "310" T = "0" Pressure = "0" />
		<Point X = "201" Y = "307" T = "0" Pressure = "0" />
		<Point X = "199" Y = "306" T = "0" Pressure = "0" />
		<Point X = "198" Y = "306" T = "0" Pressure = "0" />
		<Point X = "193" Y = "304" T = "0" Pressure = "0" />
		<Point X = "192" Y = "302" T = "0" Pressure = "0" />
		<Point X = "190" Y = "299" T = "0" Pressure = "0" />
		<Point X = "188" Y = "298" T = "0" Pressure = "0" />
		<Point X = "186" Y = "296" T = "0" Pressure = "0" />
		<Point X = "183" Y = "295" T = "0" Pressure = "0" />
		<Point X = "182" Y = "295" T = "0" Pressure = "0" />
		<Point X = "180" Y = "293" T = "0" Pressure = "0" />
		<Point X = "179" Y = "292" T = "0" Pressure = "0" />
		<Point X = "176" Y = "289" T = "0" Pressure = "0" />
		<Point X = "175" Y = "288" T = "0" Pressure = "0" />
		<Point X = "172" Y = "286" T = "0" Pressure = "0" />
		<Point X = "170" Y = "284" T = "0" Pressure = "0" />
		<Point X = "166" Y = "281" T = "0" Pressure = "0" />
		<Point X = "163" Y = "278" T = "0" Pressure = "0" />
		<Point X = "160" Y = "275" T = "0" Pressure = "0" />
		<Point X = "158" Y = "274" T = "0" Pressure = "0" />
		<Point X = "155" Y = "270" T = "0" Pressure = "0" />
		<Point X = "151" Y = "268" T = "0" Pressure = "0" />
		<Point X = "150" Y = "266" T = "0" Pressure = "0" />
		<Point X = "144" Y = "264" T = "0" Pressure = "0" />
		<Point X = "143" Y = "263" T = "0" Pressure = "0" />
		<Point X = "141" Y = "261" T = "0" Pressure = "0" />
		<Point X = "140" Y = "261" T = "0" Pressure = "0" />
		<Point X = "139" Y = "259" T = "0" Pressure = "0" />
		<Point X = "138" Y = "257" T = "0" Pressure = "0" />
		<Point X = "137" Y = "257" T = "0" Pressure = "0" />
		<Point X = "136" Y = "255" T = "0" Pressure = "0" />
		<Point X = "134" Y = "252" T = "0" Pressure = "0" />
		<Point X = "133" Y = "252" T = "0" Pressure = "0" />
		<Point X = "130" Y = "249" T = "0" Pressure = "0" />
		<Point X = "126" Y = "246" T = "0" Pressure = "0" />
		<Point X = "125" Y = "245" T = "0" Pressure = "0" />
		<Point X = "123" Y = "243" T = "0" Pressure = "0" />
		<Point X = "121" Y = "242" T = "0" Pressure = "0" />
		<Point X = "120" Y = "240" T = "0" Pressure = "0" />
		<Point X = "120" Y = "237" T = "0" Pressure = "0" />
		<Point X = "120" Y = "235" T = "0" Pressure = "0" />
		<Point X = "119" Y = "233" T = "0" Pressure = "0" />
		<Point X = "119" Y = "232" T = "0" Pressure = "0" />
		<Point X = "118" Y = "231" T = "0" Pressure = "0" />
		<Point X = "118" Y = "230" T = "0" Pressure = "0" />
		<Point X = "118" Y = "229" T = "0" Pressure = "0" />
		<Point X = "118" Y = "228" T = "0" Pressure = "0" />
		<Point X = "118" Y = "227" T = "0" Pressure = "0" />
		<Point X = "118" Y = "226" T = "0" Pressure = "0" />
		<Point X = "118" Y = "225" T = "0" Pressure = "0" />
		<Point X = "118" Y = "223" T = "0" Pressure = "0" />
		<Point X = "118" Y = "222" T = "0" Pressure = "0" />
		<Point X = "118" Y = "220" T = "0" Pressure = "0" />
		<Point X = "117" Y = "220" T = "0" Pressure = "0" />
		<Point X = "116" Y = "219" T = "0" Pressure = "0" />
		<Point X = "115" Y = "218" T = "0" Pressure = "0" />
		<Point X = "114" Y = "218" T = "0" Pressure = "0" />
		<Point X = "114" Y = "217" T = "0" Pressure = "0" />
		<Point X = "112" Y = "216" T = "0" Pressure = "0" />
		<Point X = "112" Y = "214" T = "0" Pressure = "0" />
		<Point X = "111" Y = "212" T = "0" Pressure = "0" />
		<Point X = "110" Y = "211" T = "0" Pressure = "0" />
		<Point X = "108" Y = "210" T = "0" Pressure = "0" />
		<Point X = "106" Y = "210" T = "0" Pressure = "0" />
	</Stroke>
</Gesture>
