<?xml version="1.0" encoding="utf-8" standalone="yes"?>
<Gesture Name = "star">
	<Stroke>
		<Point X = "75" Y = "187" T = "0" Pressure = "0" />
		<Point X = "79" Y = "187" T = "0" Pressure = "0" />
		<Point X = "84" Y = "187" T = "0" Pressure = "0" />
		<Point X = "87" Y = "187" T = "0" Pressure = "0" />
		<Point X = "92" Y = "187" T = "0" Pressure = "0" />
		<Point X = "97" Y = "187" T = "0" Pressure = "0" />
		<Point X = "102" Y = "187" T = "0" Pressure = "0" />
		<Point X = "107" Y = "187" T = "0" Pressure = "0" />
		<Point X = "111" Y = "187" T = "0" Pressure = "0" />
		<Point X = "115" Y = "187" T = "0" Pressure = "0" />
		<Point X = "119" Y = "187" T = "0" Pressure = "0" />
		<Point X = "124" Y = "187" T = "0" Pressure = "0" />
		<Point X = "131" Y = "187" T = "0" Pressure = "0" />
		<Point X = "135" Y = "187" T = "0" Pressure = "0" />
		<Point X = "140" Y = "187" T = "0" Pressure = "0" />
		<Point X = "146" Y = "189" T = "0" Pressure = "0" />
		<Point X = "150" Y = "190" T = "0" Pressure = "0" />
		<Point X = "154" Y = "190" T = "0" Pressure = "0" />
		<Point X = "157" Y = "191" T = "0" Pressure = "0" />
		<Point X = "160" Y = "191" T = "0" Pressure = "0" />
		<Point X = "162" Y = "191" T = "0" Pressure = "0" />
		<Point X = "164" Y = "191" T = "0" Pressure = "0" />
		<Point X = "167" Y = "191" T = "0" Pressure = "0" />
		<Point X = "169" Y = "191" T = "0" Pressure = "0" />
		<Point X = "172" Y = "191" T = "0" Pressure = "0" />
		<Point X = "174" Y = "191" T = "0" Pressure = "0" />
		<Point X = "178" Y = "191" T = "0" Pressure = "0" />
		<Point X = "181" Y = "191" T = "0" Pressure = "0" />
		<Point X = "184" Y = "191" T = "0" Pressure = "0" />
		<Point X = "186" Y = "191" T = "0" Pressure = "0" />
		<Point X = "189" Y = "191" T = "0" Pressure = "0" />
		<Point X = "191" Y = "193" T = "0" Pressure = "0" />
		<Point X = "192" Y = "193" T = "0" Pressure = "0" />
		<Point X = "195" Y = "193" T = "0" Pressure = "0" />
		<Point X = "198" Y = "193" T = "0" Pressure = "0" />
		<Point X = "202" Y = "193" T = "0" Pressure = "0" />
		<Point X = "209" Y = "193" T = "0" Pressure = "0" />
		<Point X = "218" Y = "193" T = "0" Pressure = "0" />
		<Point X = "226" Y = "194" T = "0" Pressure = "0" />
		<Point X = "236" Y = "195" T = "0" Pressure = "0" />
		<Point X = "243" Y = "196" T = "0" Pressure = "0" />
		<Point X = "248" Y = "196" T = "0" Pressure = "0" />
		<Point X = "254" Y = "196" T = "0" Pressure = "0" />
		<Point X = "258" Y = "196" T = "0" Pressure = "0" />
		<Point X = "259" Y = "196" T = "0" Pressure = "0" />
		<Point X = "261" Y = "196" T = "0" Pressure = "0" />
		<Point X = "262" Y = "196" T = "0" Pressure = "0" />
		<Point X = "263" Y = "196" T = "0" Pressure = "0" />
		<Point X = "264" Y = "196" T = "0" Pressure = "0" />
		<Point X = "265" Y = "196" T = "0" Pressure = "0" />
		<Point X = "266" Y = "196" T = "0" Pressure = "0" />
		<Point X = "267" Y = "196" T = "0" Pressure = "0" />
		<Point X = "268" Y = "196" T = "0" Pressure = "0" />
		<Point X = "269" Y = "196" T = "0" Pressure = "0" />
		<Point X = "270" Y = "196" T = "0" Pressure = "0" />
		<Point X = "271" Y = "196" T = "0" Pressure = "0" />
		<Point X = "272" Y = "196" T = "0" Pressure = "0" />
		<Point X = "273" Y = "196" T = "0" Pressure = "0" />
		<Point X = "274" Y = "196" T = "0" Pressure = "0" />
		<Point X = "275" Y = "196" T = "0" Pressure = "0" />
		<Point X = "276" Y = "196" T = "0" Pressure = "0" />
		<Point X = "276" Y = "197" T = "0" Pressure = "0" />
		<Point X = "276" Y = "198" T = "0" Pressure = "0" />
		<Point X = "275" Y = "199" T = "0" Pressure = "0" />
		<Point X = "273" Y = "201" T = "0" Pressure = "0" />
		<Point X = "270" Y = "202" T = "0" Pressure = "0" />
		<Point X = "269" Y = "203" T = "0" Pressure = "0" />
		<Point X = "266" Y = "205" T = "0" Pressure = "0" />
		<Point X = "264" Y = "207" T = "0" Pressure = "0" />
		<Point X = "262" Y = "208" T = "0" Pressure = "0" />
		<Point X = "260" Y = "210" T = "0" Pressure = "0" />
		<Point X = "257" Y = "213" T = "0" Pressure = "0" />
		<Point X = "255" Y = "214" T = "0" Pressure = "0" />
		<Point X = "253" Y = "216" T = "0" Pressure = "0" />
		<Point X = "251" Y = "217" T = "0" Pressure = "0" />
		<Point X = "249" Y = "219" T = "0" Pressure = "0" />
		<Point X = "248" Y = "220" T = "0" Pressure = "0" />
		<Point X = "245" Y = "222" T = "0" Pressure = "0" />
		<Point X = "243" Y = "223" T = "0" Pressure = "0" />
		<Point X = "242" Y = "226" T = "0" Pressure = "0" />
		<Point X = "239" Y = "227" T = "0" Pressure = "0" />
		<Point X = "238" Y = "229" T = "0" Pressure = "0" />
		<Point X = "235" Y = "231" T = "0" Pressure = "0" />
		<Point X = "234" Y = "232" T = "0" Pressure = "0" />
		<Point X = "232" Y = "235" T = "0" Pressure = "0" />
		<Point X = "229" Y = "237" T = "0" Pressure = "0" />
		<Point X = "228" Y = "238" T = "0" Pressure = "0" />
		<Point X = "225" Y = "240" T = "0" Pressure = "0" />
		<Point X = "222" Y = "241" T = "0" Pressure = "0" />
		<Point X = "221" Y = "241" T = "0" Pressure = "0" />
		<Point X = "220" Y = "242" T = "0" Pressure = "0" />
		<Point X = "218" Y = "244" T = "0" Pressure = "0" />
		<Point X = "217" Y = "244" T = "0" Pressure = "0" />
		<Point X = "216" Y = "245" T = "0" Pressure = "0" />
		<Point X = "215" Y = "246" T = "0" Pressure = "0" />
		<Point X = "213" Y = "249" T = "0" Pressure = "0" />
		<Point X = "212" Y = "249" T = "0" Pressure = "0" />
		<Point X = "210" Y = "251" T = "0" Pressure = "0" />
		<Point X = "209" Y = "251" T = "0" Pressure = "0" />
		<Point X = "205" Y = "254" T = "0" Pressure = "0" />
		<Point X = "203" Y = "255" T = "0" Pressure = "0" />
		<Point X = "201" Y = "257" T = "0" Pressure = "0" />
		<Point X = "199" Y = "258" T = "0" Pressure = "0" />
		<Point X = "198" Y = "259" T = "0" Pressure = "0" />
		<Point X = "196" Y = "260" T = "0" Pressure = "0" />
		<Point X = "193" Y = "262" T = "0" Pressure = "0" />
		<Point X = "191" Y = "263" T = "0" Pressure = "0" />
		<Point X = "190" Y = "263" T = "0" Pressure = "0" />
		<Point X = "188" Y = "264" T = "0" Pressure = "0" />
		<Point X = "186" Y = "265" T = "0" Pressure = "0" />
		<Point X = "184" Y = "266" T = "0" Pressure = "0" />
		<Point X = "183" Y = "266" T = "0" Pressure = "0" />
		<Point X = "180" Y = "267" T = "0" Pressure = "0" />
		<Point X = "179" Y = "267" T = "0" Pressure = "0" />
		<Point X = "177" Y = "268" T = "0" Pressure = "0" />
		<Point X = "176" Y = "269" T = "0" Pressure = "0" />
		<Point X = "174" Y = "269" T = "0" Pressure = "0" />
		<Point X = "173" Y = "270" T = "0" Pressure = "0" />
		<Point X = "171" Y = "271" T = "0" Pressure = "0" />
		<Point X = "169" Y = "272" T = "0" Pressure = "0" />
		<Point X = "169" Y = "273" T = "0" Pressure = "0" />
		<Point X = "167" Y = "273" T = "0" Pressure = "0" />
		<Point X = "165" Y = "274" T = "0" Pressure = "0" />
		<Point X = "164" Y = "276" T = "0" Pressure = "0" />
		<Point X = "162" Y = "277" T = "0" Pressure = "0" />
		<Point X = "158" Y = "278" T = "0" Pressure = "0" />
		<Point X = "156" Y = "280" T = "0" Pressure = "0" />
		<Point X = "154" Y = "281" T = "0" Pressure = "0" />
		<Point X = "152" Y = "282" T = "0" Pressure = "0" />
		<Point X = "150" Y = "284" T = "0" Pressure = "0" />
		<Point X = "148" Y = "284" T = "0" Pressure = "0" />
		<Point X = "146" Y = "286" T = "0" Pressure = "0" />
		<Point X = "145" Y = "286" T = "0" Pressure = "0" />
		<Point X = "143" Y = "287" T = "0" Pressure = "0" />
		<Point X = "142" Y = "288" T = "0" Pressure = "0" />
		<Point X = "141" Y = "288" T = "0" Pressure = "0" />
		<Point X = "139" Y = "289" T = "0" Pressure = "0" />
		<Point X = "137" Y = "290" T = "0" Pressure = "0" />
		<Point X = "136" Y = "291" T = "0" Pressure = "0" />
		<Point X = "135" Y = "292" T = "0" Pressure = "0" />
		<Point X = "133" Y = "293" T = "0" Pressure = "0" />
		<Point X = "131" Y = "294" T = "0" Pressure = "0" />
		<Point X = "131" Y = "295" T = "0" Pressure = "0" />
		<Point X = "130" Y = "295" T = "0" Pressure = "0" />
		<Point X = "129" Y = "295" T = "0" Pressure = "0" />
		<Point X = "129" Y = "296" T = "0" Pressure = "0" />
		<Point X = "128" Y = "296" T = "0" Pressure = "0" />
		<Point X = "128" Y = "294" T = "0" Pressure = "0" />
		<Point X = "128" Y = "291" T = "0" Pressure = "0" />
		<Point X = "128" Y = "288" T = "0" Pressure = "0" />
		<Point X = "129" Y = "286" T = "0" Pressure = "0" />
		<Point X = "130" Y = "282" T = "0" Pressure = "0" />
		<Point X = "131" Y = "277" T = "0" Pressure = "0" />
		<Point X = "131" Y = "274" T = "0" Pressure = "0" />
		<Point X = "132" Y = "270" T = "0" Pressure = "0" />
		<Point X = "132" Y = "267" T = "0" Pressure = "0" />
		<Point X = "134" Y = "263" T = "0" Pressure = "0" />
		<Point X = "134" Y = "261" T = "0" Pressure = "0" />
		<Point X = "135" Y = "258" T = "0" Pressure = "0" />
		<Point X = "136" Y = "257" T = "0" Pressure = "0" />
		<Point X = "136" Y = "255" T = "0" Pressure = "0" />
		<Point X = "137" Y = "251" T = "0" Pressure = "0" />
		<Point X = "137" Y = "248" T = "0" Pressure = "0" />
		<Point X = "138" Y = "246" T = "0" Pressure = "0" />
		<Point X = "138" Y = "244" T = "0" Pressure = "0" />
		<Point X = "138" Y = "241" T = "0" Pressure = "0" />
		<Point X = "138" Y = "240" T = "0" Pressure = "0" />
		<Point X = "138" Y = "238" T = "0" Pressure = "0" />
		<Point X = "138" Y = "235" T = "0" Pressure = "0" />
		<Point X = "138" Y = "233" T = "0" Pressure = "0" />
		<Point X = "138" Y = "231" T = "0" Pressure = "0" />
		<Point X = "138" Y = "230" T = "0" Pressure = "0" />
		<Point X = "139" Y = "226" T = "0" Pressure = "0" />
		<Point X = "139" Y = "224" T = "0" Pressure = "0" />
		<Point X = "142" Y = "220" T = "0" Pressure = "0" />
		<Point X = "142" Y = "218" T = "0" Pressure = "0" />
		<Point X = "143" Y = "214" T = "0" Pressure = "0" />
		<Point X = "144" Y = "211" T = "0" Pressure = "0" />
		<Point X = "146" Y = "206" T = "0" Pressure = "0" />
		<Point X = "147" Y = "202" T = "0" Pressure = "0" />
		<Point X = "147" Y = "199" T = "0" Pressure = "0" />
		<Point X = "147" Y = "197" T = "0" Pressure = "0" />
		<Point X = "148" Y = "193" T = "0" Pressure = "0" />
		<Point X = "150" Y = "191" T = "0" Pressure = "0" />
		<Point X = "150" Y = "189" T = "0" Pressure = "0" />
		<Point X = "150" Y = "186" T = "0" Pressure = "0" />
		<Point X = "150" Y = "185" T = "0" Pressure = "0" />
		<Point X = "151" Y = "182" T = "0" Pressure = "0" />
		<Point X = "151" Y = "180" T = "0" Pressure = "0" />
		<Point X = "152" Y = "179" T = "0" Pressure = "0" />
		<Point X = "153" Y = "176" T = "0" Pressure = "0" />
		<Point X = "153" Y = "174" T = "0" Pressure = "0" />
		<Point X = "154" Y = "172" T = "0" Pressure = "0" />
		<Point X = "155" Y = "169" T = "0" Pressure = "0" />
		<Point X = "155" Y = "167" T = "0" Pressure = "0" />
		<Point X = "156" Y = "164" T = "0" Pressure = "0" />
		<Point X = "156" Y = "160" T = "0" Pressure = "0" />
		<Point X = "157" Y = "157" T = "0" Pressure = "0" />
		<Point X = "158" Y = "155" T = "0" Pressure = "0" />
		<Point X = "159" Y = "150" T = "0" Pressure = "0" />
		<Point X = "160" Y = "147" T = "0" Pressure = "0" />
		<Point X = "162" Y = "143" T = "0" Pressure = "0" />
		<Point X = "162" Y = "140" T = "0" Pressure = "0" />
		<Point X = "163" Y = "138" T = "0" Pressure = "0" />
		<Point X = "163" Y = "136" T = "0" Pressure = "0" />
		<Point X = "164" Y = "135" T = "0" Pressure = "0" />
		<Point X = "165" Y = "131" T = "0" Pressure = "0" />
		<Point X = "166" Y = "128" T = "0" Pressure = "0" />
		<Point X = "167" Y = "127" T = "0" Pressure = "0" />
		<Point X = "167" Y = "125" T = "0" Pressure = "0" />
		<Point X = "168" Y = "123" T = "0" Pressure = "0" />
		<Point X = "168" Y = "122" T = "0" Pressure = "0" />
		<Point X = "168" Y = "121" T = "0" Pressure = "0" />
		<Point X = "168" Y = "120" T = "0" Pressure = "0" />
		<Point X = "169" Y = "119" T = "0" Pressure = "0" />
		<Point X = "170" Y = "119" T = "0" Pressure = "0" />
		<Point X = "171" Y = "119" T = "0" Pressure = "0" />
		<Point X = "173" Y = "119" T = "0" Pressure = "0" />
		<Point X = "174" Y = "122" T = "0" Pressure = "0" />
		<Point X = "176" Y = "126" T = "0" Pressure = "0" />
		<Point X = "177" Y = "129" T = "0" Pressure = "0" />
		<Point X = "177" Y = "134" T = "0" Pressure = "0" />
		<Point X = "180" Y = "140" T = "0" Pressure = "0" />
		<Point X = "183" Y = "147" T = "0" Pressure = "0" />
		<Point X = "187" Y = "153" T = "0" Pressure = "0" />
		<Point X = "189" Y = "159" T = "0" Pressure = "0" />
		<Point X = "191" Y = "164" T = "0" Pressure = "0" />
		<Point X = "196" Y = "171" T = "0" Pressure = "0" />
		<Point X = "197" Y = "175" T = "0" Pressure = "0" />
		<Point X = "198" Y = "179" T = "0" Pressure = "0" />
		<Point X = "201" Y = "184" T = "0" Pressure = "0" />
		<Point X = "202" Y = "188" T = "0" Pressure = "0" />
		<Point X = "204" Y = "194" T = "0" Pressure = "0" />
		<Point X = "206" Y = "196" T = "0" Pressure = "0" />
		<Point X = "206" Y = "200" T = "0" Pressure = "0" />
		<Point X = "207" Y = "204" T = "0" Pressure = "0" />
		<Point X = "210" Y = "210" T = "0" Pressure = "0" />
		<Point X = "211" Y = "215" T = "0" Pressure = "0" />
		<Point X = "212" Y = "221" T = "0" Pressure = "0" />
		<Point X = "215" Y = "228" T = "0" Pressure = "0" />
		<Point X = "216" Y = "234" T = "0" Pressure = "0" />
		<Point X = "217" Y = "237" T = "0" Pressure = "0" />
		<Point X = "219" Y = "241" T = "0" Pressure = "0" />
		<Point X = "219" Y = "244" T = "0" Pressure = "0" />
		<Point X = "220" Y = "246" T = "0" Pressure = "0" />
		<Point X = "220" Y = "249" T = "0" Pressure = "0" />
		<Point X = "221" Y = "253" T = "0" Pressure = "0" />
		<Point X = "223" Y = "256" T = "0" Pressure = "0" />
		<Point X = "225" Y = "260" T = "0" Pressure = "0" />
		<Point X = "225" Y = "263" T = "0" Pressure = "0" />
		<Point X = "228" Y = "267" T = "0" Pressure = "0" />
		<Point X = "229" Y = "270" T = "0" Pressure = "0" />
		<Point X = "231" Y = "274" T = "0" Pressure = "0" />
		<Point X = "232" Y = "276" T = "0" Pressure = "0" />
		<Point X = "232" Y = "277" T = "0" Pressure = "0" />
		<Point X = "233" Y = "278" T = "0" Pressure = "0" />
		<Point X = "233" Y = "279" T = "0" Pressure = "0" />
		<Point X = "234" Y = "281" T = "0" Pressure = "0" />
		<Point X = "235" Y = "283" T = "0" Pressure = "0" />
		<Point X = "235" Y = "285" T = "0" Pressure = "0" />
		<Point X = "236" Y = "286" T = "0" Pressure = "0" />
		<Point X = "237" Y = "288" T = "0" Pressure = "0" />
		<Point X = "237" Y = "289" T = "0" Pressure = "0" />
		<Point X = "237" Y = "290" T = "0" Pressure = "0" />
		<Point X = "237" Y = "291" T = "0" Pressure = "0" />
		<Point X = "237" Y = "292" T = "0" Pressure = "0" />
		<Point X = "236" Y = "292" T = "0" Pressure = "0" />
		<Point X = "233" Y = "292" T = "0" Pressure = "0" />
		<Point X = "231" Y = "292" T = "0" Pressure = "0" />
		<Point X = "225" Y = "292" T = "0" Pressure = "0" />
		<Point X = "221" Y = "292" T = "0" Pressure = "0" />
		<Point X = "218" Y = "292" T = "0" Pressure = "0" />
		<Point X = "217" Y = "292" T = "0" Pressure = "0" />
		<Point X = "214" Y = "291" T = "0" Pressure = "0" />
		<Point X = "211" Y = "291" T = "0" Pressure = "0" />
		<Point X = "209" Y = "291" T = "0" Pressure = "0" />
		<Point X = "206" Y = "291" T = "0" Pressure = "0" />
		<Point X = "203" Y = "289" T = "0" Pressure = "0" />
		<Point X = "198" Y = "287" T = "0" Pressure = "0" />
		<Point X = "191" Y = "286" T = "0" Pressure = "0" />
		<Point X = "185" Y = "282" T = "0" Pressure = "0" />
		<Point X = "176" Y = "278" T = "0" Pressure = "0" />
		<Point X = "172" Y = "276" T = "0" Pressure = "0" />
		<Point X = "168" Y = "273" T = "0" Pressure = "0" />
		<Point X = "166" Y = "272" T = "0" Pressure = "0" />
		<Point X = "162" Y = "270" T = "0" Pressure = "0" />
		<Point X = "162" Y = "269" T = "0" Pressure = "0" />
		<Point X = "161" Y = "269" T = "0" Pressure = "0" />
		<Point X = "159" Y = "268" T = "0" Pressure = "0" />
		<Point X = "158" Y = "267" T = "0" Pressure = "0" />
		<Point X = "156" Y = "266" T = "0" Pressure = "0" />
		<Point X = "154" Y = "263" T = "0" Pressure = "0" />
		<Point X = "152" Y = "261" T = "0" Pressure = "0" />
		<Point X = "149" Y = "259" T = "0" Pressure = "0" />
		<Point X = "147" Y = "257" T = "0" Pressure = "0" />
		<Point X = "143" Y = "255" T = "0" Pressure = "0" />
		<Point X = "141" Y = "252" T = "0" Pressure = "0" />
		<Point X = "139" Y = "251" T = "0" Pressure = "0" />
		<Point X = "137" Y = "249" T = "0" Pressure = "0" />
		<Point X = "135" Y = "247" T = "0" Pressure = "0" />
		<Point X = "130" Y = "245" T = "0" Pressure = "0" />
		<Point X = "128" Y = "243" T = "0" Pressure = "0" />
		<Point X = "126" Y = "241" T = "0" Pressure = "0" />
		<Point X = "122" Y = "237" T = "0" Pressure = "0" />
		<Point X = "120" Y = "236" T = "0" Pressure = "0" />
		<Point X = "116" Y = "233" T = "0" Pressure = "0" />
		<Point X = "114" Y = "232" T = "0" Pressure = "0" />
		<Point X = "112" Y = "229" T = "0" Pressure = "0" />
		<Point X = "108" Y = "228" T = "0" Pressure = "0" />
		<Point X = "107" Y = "226" T = "0" Pressure = "0" />
		<Point X = "106" Y = "226" T = "0" Pressure = "0" />
		<Point X = "106" Y = "225" T = "0" Pressure = "0" />
		<Point X = "105" Y = "225" T = "0" Pressure = "0" />
		<Point X = "103" Y = "223" T = "0" Pressure = "0" />
		<Point X = "102" Y = "222" T = "0" Pressure = "0" />
		<Point X = "102" Y = "220" T = "0" Pressure = "0" />
		<Point X = "101" Y = "219" T = "0" Pressure = "0" />
		<Point X = "99" Y = "218" T = "0" Pressure = "0" />
		<Point X = "99" Y = "217" T = "0" Pressure = "0" />
		<Point X = "98" Y = "215" T = "0" Pressure = "0" />
		<Point X = "97" Y = "215" T = "0" Pressure = "0" />
		<Point X = "96" Y = "214" T = "0" Pressure = "0" />
		<Point X = "96" Y = "213" T = "0" Pressure = "0" />
		<Point X = "94" Y = "211" T = "0" Pressure = "0" />
		<Point X = "94" Y = "210" T = "0" Pressure = "0" />
		<Point X = "93" Y = "209" T = "0" Pressure = "0" />
		<Point X = "92" Y = "206" T = "0" Pressure = "0" />
		<Point X = "92" Y = "205" T = "0" Pressure = "0" />
		<Point X = "90" Y = "202" T = "0" Pressure = "0" />
		<Point X = "90" Y = "201" T = "0" Pressure = "0" />
		<Point X = "89" Y = "200" T = "0" Pressure = "0" />
		<Point X = "88" Y = "197" T = "0" Pressure = "0" />
		<Point X = "88" Y = "195" T = "0" Pressure = "0" />
		<Point X = "87" Y = "193" T = "0" Pressure = "0" />
		<Point X = "87" Y = "191" T = "0" Pressure = "0" />
		<Point X = "87" Y = "189" T = "0" Pressure = "0" />
		<Point X = "87" Y = "186" T = "0" Pressure = "0" />
		<Point X = "87" Y = "185" T = "0" Pressure = "0" />
		<Point X = "87" Y = "184" T = "0" Pressure = "0" />
		<Point X = "86" Y = "183" T = "0" Pressure = "0" />
		<Point X = "85" Y = "182" T = "0" Pressure = "0" />
		<Point X = "84" Y = "182" T = "0" Pressure = "0" />
		<Point X = "83" Y = "181" T = "0" Pressure = "0" />
		<Point X = "82" Y = "180" T = "0" Pressure = "0" />
		<Point X = "81" Y = "180" T = "0" Pressure = "0" />
		<Point X = "80" Y = "180" T = "0" Pressure = "0" />
	</Stroke>
</Gesture>
