<?xml version="1.0" encoding="utf-8" standalone="yes"?>
<Gesture Name = "star">
	<Stroke>
		<Point X = "220" Y = "132" T = "0" Pressure = "0" />
		<Point X = "223" Y = "132" T = "0" Pressure = "0" />
		<Point X = "227" Y = "132" T = "0" Pressure = "0" />
		<Point X = "228" Y = "132" T = "0" Pressure = "0" />
		<Point X = "231" Y = "132" T = "0" Pressure = "0" />
		<Point X = "235" Y = "132" T = "0" Pressure = "0" />
		<Point X = "240" Y = "132" T = "0" Pressure = "0" />
		<Point X = "245" Y = "132" T = "0" Pressure = "0" />
		<Point X = "252" Y = "132" T = "0" Pressure = "0" />
		<Point X = "259" Y = "132" T = "0" Pressure = "0" />
		<Point X = "263" Y = "132" T = "0" Pressure = "0" />
		<Point X = "270" Y = "133" T = "0" Pressure = "0" />
		<Point X = "276" Y = "134" T = "0" Pressure = "0" />
		<Point X = "282" Y = "135" T = "0" Pressure = "0" />
		<Point X = "287" Y = "135" T = "0" Pressure = "0" />
		<Point X = "293" Y = "135" T = "0" Pressure = "0" />
		<Point X = "303" Y = "135" T = "0" Pressure = "0" />
		<Point X = "313" Y = "135" T = "0" Pressure = "0" />
		<Point X = "324" Y = "135" T = "0" Pressure = "0" />
		<Point X = "335" Y = "135" T = "0" Pressure = "0" />
		<Point X = "345" Y = "135" T = "0" Pressure = "0" />
		<Point X = "349" Y = "135" T = "0" Pressure = "0" />
		<Point X = "352" Y = "135" T = "0" Pressure = "0" />
		<Point X = "353" Y = "135" T = "0" Pressure = "0" />
		<Point X = "353" Y = "137" T = "0" Pressure = "0" />
		<Point X = "349" Y = "140" T = "0" Pressure = "0" />
		<Point X = "345" Y = "145" T = "0" Pressure = "0" />
		<Point X = "339" Y = "151" T = "0" Pressure = "0" />
		<Point X = "333" Y = "159" T = "0" Pressure = "0" />
		<Point X = "327" Y = "165" T = "0" Pressure = "0" />
		<Point X = "321" Y = "173" T = "0" Pressure = "0" />
		<Point X = "313" Y = "183" T = "0" Pressure = "0" />
		<Point X = "306" Y = "191" T = "0" Pressure = "0" />
		<Point X = "299" Y = "198" T = "0" Pressure = "0" />
		<Point X = "294" Y = "203" T = "0" Pressure = "0" />
		<Point X = "289" Y = "208" T = "0" Pressure = "0" />
		<Point X = "282" Y = "213" T = "0" Pressure = "0" />
		<Point X = "278" Y = "215" T = "0" Pressure = "0" />
		<Point X = "270" Y = "220" T = "0" Pressure = "0" />
		<Point X = "264" Y = "223" T = "0" Pressure = "0" />
		<Point X = "260" Y = "225" T = "0" Pressure = "0" />
		<Point X = "253" Y = "229" T = "0" Pressure = "0" />
		<Point X = "250" Y = "230" T = "0" Pressure = "0" />
		<Point X = "245" Y = "234" T = "0" Pressure = "0" />
		<Point X = "243" Y = "237" T = "0" Pressure = "0" />
		<Point X = "242" Y = "237" T = "0" Pressure = "0" />
		<Point X = "241" Y = "238" T = "0" Pressure = "0" />
		<Point X = "239" Y = "239" T = "0" Pressure = "0" />
		<Point X = "237" Y = "240" T = "0" Pressure = "0" />
		<Point X = "238" Y = "240" T = "0" Pressure = "0" />
		<Point X = "240" Y = "236" T = "0" Pressure = "0" />
		<Point X = "242" Y = "233" T = "0" Pressure = "0" />
		<Point X = "245" Y = "228" T = "0" Pressure = "0" />
		<Point X = "249" Y = "223" T = "0" Pressure = "0" />
		<Point X = "252" Y = "217" T = "0" Pressure = "0" />
		<Point X = "255" Y = "211" T = "0" Pressure = "0" />
		<Point X = "259" Y = "202" T = "0" Pressure = "0" />
		<Point X = "262" Y = "193" T = "0" Pressure = "0" />
		<Point X = "265" Y = "185" T = "0" Pressure = "0" />
		<Point X = "268" Y = "179" T = "0" Pressure = "0" />
		<Point X = "273" Y = "172" T = "0" Pressure = "0" />
		<Point X = "276" Y = "164" T = "0" Pressure = "0" />
		<Point X = "280" Y = "158" T = "0" Pressure = "0" />
		<Point X = "284" Y = "151" T = "0" Pressure = "0" />
		<Point X = "286" Y = "145" T = "0" Pressure = "0" />
		<Point X = "289" Y = "138" T = "0" Pressure = "0" />
		<Point X = "294" Y = "129" T = "0" Pressure = "0" />
		<Point X = "295" Y = "122" T = "0" Pressure = "0" />
		<Point X = "297" Y = "113" T = "0" Pressure = "0" />
		<Point X = "299" Y = "106" T = "0" Pressure = "0" />
		<Point X = "302" Y = "100" T = "0" Pressure = "0" />
		<Point X = "305" Y = "94" T = "0" Pressure = "0" />
		<Point X = "306" Y = "90" T = "0" Pressure = "0" />
		<Point X = "306" Y = "87" T = "0" Pressure = "0" />
		<Point X = "307" Y = "85" T = "0" Pressure = "0" />
		<Point X = "308" Y = "85" T = "0" Pressure = "0" />
		<Point X = "308" Y = "84" T = "0" Pressure = "0" />
		<Point X = "308" Y = "83" T = "0" Pressure = "0" />
		<Point X = "308" Y = "82" T = "0" Pressure = "0" />
		<Point X = "309" Y = "85" T = "0" Pressure = "0" />
		<Point X = "309" Y = "88" T = "0" Pressure = "0" />
		<Point X = "314" Y = "95" T = "0" Pressure = "0" />
		<Point X = "316" Y = "104" T = "0" Pressure = "0" />
		<Point X = "319" Y = "116" T = "0" Pressure = "0" />
		<Point X = "324" Y = "129" T = "0" Pressure = "0" />
		<Point X = "327" Y = "139" T = "0" Pressure = "0" />
		<Point X = "334" Y = "154" T = "0" Pressure = "0" />
		<Point X = "339" Y = "164" T = "0" Pressure = "0" />
		<Point X = "343" Y = "174" T = "0" Pressure = "0" />
		<Point X = "348" Y = "184" T = "0" Pressure = "0" />
		<Point X = "350" Y = "190" T = "0" Pressure = "0" />
		<Point X = "353" Y = "196" T = "0" Pressure = "0" />
		<Point X = "355" Y = "200" T = "0" Pressure = "0" />
		<Point X = "356" Y = "205" T = "0" Pressure = "0" />
		<Point X = "357" Y = "207" T = "0" Pressure = "0" />
		<Point X = "359" Y = "210" T = "0" Pressure = "0" />
		<Point X = "360" Y = "213" T = "0" Pressure = "0" />
		<Point X = "361" Y = "215" T = "0" Pressure = "0" />
		<Point X = "362" Y = "217" T = "0" Pressure = "0" />
		<Point X = "362" Y = "218" T = "0" Pressure = "0" />
		<Point X = "362" Y = "219" T = "0" Pressure = "0" />
		<Point X = "362" Y = "220" T = "0" Pressure = "0" />
		<Point X = "363" Y = "221" T = "0" Pressure = "0" />
		<Point X = "364" Y = "221" T = "0" Pressure = "0" />
		<Point X = "364" Y = "222" T = "0" Pressure = "0" />
		<Point X = "364" Y = "223" T = "0" Pressure = "0" />
		<Point X = "363" Y = "223" T = "0" Pressure = "0" />
		<Point X = "362" Y = "223" T = "0" Pressure = "0" />
		<Point X = "361" Y = "223" T = "0" Pressure = "0" />
		<Point X = "359" Y = "223" T = "0" Pressure = "0" />
		<Point X = "355" Y = "221" T = "0" Pressure = "0" />
		<Point X = "352" Y = "218" T = "0" Pressure = "0" />
		<Point X = "348" Y = "215" T = "0" Pressure = "0" />
		<Point X = "341" Y = "210" T = "0" Pressure = "0" />
		<Point X = "333" Y = "205" T = "0" Pressure = "0" />
		<Point X = "328" Y = "202" T = "0" Pressure = "0" />
		<Point X = "321" Y = "195" T = "0" Pressure = "0" />
		<Point X = "313" Y = "188" T = "0" Pressure = "0" />
		<Point X = "307" Y = "183" T = "0" Pressure = "0" />
		<Point X = "302" Y = "178" T = "0" Pressure = "0" />
		<Point X = "295" Y = "173" T = "0" Pressure = "0" />
		<Point X = "289" Y = "167" T = "0" Pressure = "0" />
		<Point X = "283" Y = "161" T = "0" Pressure = "0" />
		<Point X = "275" Y = "157" T = "0" Pressure = "0" />
		<Point X = "268" Y = "151" T = "0" Pressure = "0" />
		<Point X = "263" Y = "146" T = "0" Pressure = "0" />
		<Point X = "260" Y = "143" T = "0" Pressure = "0" />
		<Point X = "255" Y = "139" T = "0" Pressure = "0" />
		<Point X = "252" Y = "136" T = "0" Pressure = "0" />
		<Point X = "250" Y = "133" T = "0" Pressure = "0" />
		<Point X = "250" Y = "132" T = "0" Pressure = "0" />
		<Point X = "247" Y = "129" T = "0" Pressure = "0" />
		<Point X = "246" Y = "127" T = "0" Pressure = "0" />
		<Point X = "246" Y = "125" T = "0" Pressure = "0" />
		<Point X = "245" Y = "124" T = "0" Pressure = "0" />
		<Point X = "244" Y = "123" T = "0" Pressure = "0" />
		<Point X = "244" Y = "122" T = "0" Pressure = "0" />
		<Point X = "243" Y = "121" T = "0" Pressure = "0" />
		<Point X = "241" Y = "121" T = "0" Pressure = "0" />
		<Point X = "240" Y = "121" T = "0" Pressure = "0" />
		<Point X = "239" Y = "121" T = "0" Pressure = "0" />
		<Point X = "237" Y = "120" T = "0" Pressure = "0" />
	</Stroke>
</Gesture>
