<?xml version="1.0" encoding="utf-8" standalone="yes"?>
<Gesture Name = "star">
	<Stroke>
		<Point X = "81" Y = "196" T = "0" Pressure = "0" />
		<Point X = "84" Y = "196" T = "0" Pressure = "0" />
		<Point X = "87" Y = "196" T = "0" Pressure = "0" />
		<Point X = "90" Y = "196" T = "0" Pressure = "0" />
		<Point X = "94" Y = "196" T = "0" Pressure = "0" />
		<Point X = "99" Y = "196" T = "0" Pressure = "0" />
		<Point X = "104" Y = "196" T = "0" Pressure = "0" />
		<Point X = "111" Y = "196" T = "0" Pressure = "0" />
		<Point X = "119" Y = "196" T = "0" Pressure = "0" />
		<Point X = "129" Y = "197" T = "0" Pressure = "0" />
		<Point X = "137" Y = "198" T = "0" Pressure = "0" />
		<Point X = "146" Y = "198" T = "0" Pressure = "0" />
		<Point X = "151" Y = "198" T = "0" Pressure = "0" />
		<Point X = "157" Y = "199" T = "0" Pressure = "0" />
		<Point X = "159" Y = "199" T = "0" Pressure = "0" />
		<Point X = "161" Y = "199" T = "0" Pressure = "0" />
		<Point X = "162" Y = "199" T = "0" Pressure = "0" />
		<Point X = "163" Y = "199" T = "0" Pressure = "0" />
		<Point X = "164" Y = "199" T = "0" Pressure = "0" />
		<Point X = "165" Y = "199" T = "0" Pressure = "0" />
		<Point X = "168" Y = "199" T = "0" Pressure = "0" />
		<Point X = "172" Y = "199" T = "0" Pressure = "0" />
		<Point X = "176" Y = "199" T = "0" Pressure = "0" />
		<Point X = "180" Y = "199" T = "0" Pressure = "0" />
		<Point X = "186" Y = "199" T = "0" Pressure = "0" />
		<Point X = "190" Y = "199" T = "0" Pressure = "0" />
		<Point X = "193" Y = "199" T = "0" Pressure = "0" />
		<Point X = "194" Y = "199" T = "0" Pressure = "0" />
		<Point X = "196" Y = "199" T = "0" Pressure = "0" />
		<Point X = "198" Y = "199" T = "0" Pressure = "0" />
		<Point X = "201" Y = "199" T = "0" Pressure = "0" />
		<Point X = "204" Y = "199" T = "0" Pressure = "0" />
		<Point X = "208" Y = "199" T = "0" Pressure = "0" />
		<Point X = "212" Y = "199" T = "0" Pressure = "0" />
		<Point X = "216" Y = "199" T = "0" Pressure = "0" />
		<Point X = "219" Y = "199" T = "0" Pressure = "0" />
		<Point X = "221" Y = "199" T = "0" Pressure = "0" />
		<Point X = "222" Y = "199" T = "0" Pressure = "0" />
		<Point X = "224" Y = "199" T = "0" Pressure = "0" />
		<Point X = "225" Y = "199" T = "0" Pressure = "0" />
		<Point X = "227" Y = "199" T = "0" Pressure = "0" />
		<Point X = "228" Y = "199" T = "0" Pressure = "0" />
		<Point X = "229" Y = "199" T = "0" Pressure = "0" />
		<Point X = "230" Y = "199" T = "0" Pressure = "0" />
		<Point X = "231" Y = "199" T = "0" Pressure = "0" />
		<Point X = "232" Y = "200" T = "0" Pressure = "0" />
		<Point X = "231" Y = "201" T = "0" Pressure = "0" />
		<Point X = "230" Y = "202" T = "0" Pressure = "0" />
		<Point X = "228" Y = "203" T = "0" Pressure = "0" />
		<Point X = "226" Y = "204" T = "0" Pressure = "0" />
		<Point X = "224" Y = "205" T = "0" Pressure = "0" />
		<Point X = "223" Y = "205" T = "0" Pressure = "0" />
		<Point X = "219" Y = "208" T = "0" Pressure = "0" />
		<Point X = "215" Y = "210" T = "0" Pressure = "0" />
		<Point X = "209" Y = "214" T = "0" Pressure = "0" />
		<Point X = "204" Y = "216" T = "0" Pressure = "0" />
		<Point X = "197" Y = "220" T = "0" Pressure = "0" />
		<Point X = "189" Y = "225" T = "0" Pressure = "0" />
		<Point X = "182" Y = "230" T = "0" Pressure = "0" />
		<Point X = "179" Y = "231" T = "0" Pressure = "0" />
		<Point X = "174" Y = "234" T = "0" Pressure = "0" />
		<Point X = "171" Y = "235" T = "0" Pressure = "0" />
		<Point X = "168" Y = "236" T = "0" Pressure = "0" />
		<Point X = "166" Y = "237" T = "0" Pressure = "0" />
		<Point X = "162" Y = "239" T = "0" Pressure = "0" />
		<Point X = "160" Y = "240" T = "0" Pressure = "0" />
		<Point X = "157" Y = "241" T = "0" Pressure = "0" />
		<Point X = "155" Y = "243" T = "0" Pressure = "0" />
		<Point X = "152" Y = "245" T = "0" Pressure = "0" />
		<Point X = "147" Y = "247" T = "0" Pressure = "0" />
		<Point X = "141" Y = "251" T = "0" Pressure = "0" />
		<Point X = "136" Y = "253" T = "0" Pressure = "0" />
		<Point X = "130" Y = "256" T = "0" Pressure = "0" />
		<Point X = "128" Y = "257" T = "0" Pressure = "0" />
		<Point X = "124" Y = "258" T = "0" Pressure = "0" />
		<Point X = "122" Y = "259" T = "0" Pressure = "0" />
		<Point X = "120" Y = "260" T = "0" Pressure = "0" />
		<Point X = "117" Y = "260" T = "0" Pressure = "0" />
		<Point X = "116" Y = "261" T = "0" Pressure = "0" />
		<Point X = "113" Y = "261" T = "0" Pressure = "0" />
		<Point X = "110" Y = "264" T = "0" Pressure = "0" />
		<Point X = "108" Y = "264" T = "0" Pressure = "0" />
		<Point X = "105" Y = "265" T = "0" Pressure = "0" />
		<Point X = "102" Y = "268" T = "0" Pressure = "0" />
		<Point X = "100" Y = "268" T = "0" Pressure = "0" />
		<Point X = "96" Y = "271" T = "0" Pressure = "0" />
		<Point X = "94" Y = "272" T = "0" Pressure = "0" />
		<Point X = "93" Y = "272" T = "0" Pressure = "0" />
		<Point X = "92" Y = "272" T = "0" Pressure = "0" />
		<Point X = "91" Y = "272" T = "0" Pressure = "0" />
		<Point X = "90" Y = "273" T = "0" Pressure = "0" />
		<Point X = "89" Y = "273" T = "0" Pressure = "0" />
		<Point X = "89" Y = "274" T = "0" Pressure = "0" />
		<Point X = "89" Y = "273" T = "0" Pressure = "0" />
		<Point X = "89" Y = "271" T = "0" Pressure = "0" />
		<Point X = "90" Y = "266" T = "0" Pressure = "0" />
		<Point X = "90" Y = "262" T = "0" Pressure = "0" />
		<Point X = "92" Y = "255" T = "0" Pressure = "0" />
		<Point X = "94" Y = "246" T = "0" Pressure = "0" />
		<Point X = "95" Y = "242" T = "0" Pressure = "0" />
		<Point X = "98" Y = "234" T = "0" Pressure = "0" />
		<Point X = "100" Y = "227" T = "0" Pressure = "0" />
		<Point X = "102" Y = "219" T = "0" Pressure = "0" />
		<Point X = "106" Y = "211" T = "0" Pressure = "0" />
		<Point X = "108" Y = "205" T = "0" Pressure = "0" />
		<Point X = "111" Y = "201" T = "0" Pressure = "0" />
		<Point X = "113" Y = "192" T = "0" Pressure = "0" />
		<Point X = "116" Y = "187" T = "0" Pressure = "0" />
		<Point X = "118" Y = "181" T = "0" Pressure = "0" />
		<Point X = "121" Y = "175" T = "0" Pressure = "0" />
		<Point X = "122" Y = "172" T = "0" Pressure = "0" />
		<Point X = "124" Y = "167" T = "0" Pressure = "0" />
		<Point X = "125" Y = "164" T = "0" Pressure = "0" />
		<Point X = "127" Y = "160" T = "0" Pressure = "0" />
		<Point X = "130" Y = "155" T = "0" Pressure = "0" />
		<Point X = "131" Y = "150" T = "0" Pressure = "0" />
		<Point X = "132" Y = "146" T = "0" Pressure = "0" />
		<Point X = "133" Y = "143" T = "0" Pressure = "0" />
		<Point X = "134" Y = "138" T = "0" Pressure = "0" />
		<Point X = "135" Y = "136" T = "0" Pressure = "0" />
		<Point X = "137" Y = "133" T = "0" Pressure = "0" />
		<Point X = "137" Y = "132" T = "0" Pressure = "0" />
		<Point X = "138" Y = "130" T = "0" Pressure = "0" />
		<Point X = "138" Y = "129" T = "0" Pressure = "0" />
		<Point X = "138" Y = "128" T = "0" Pressure = "0" />
		<Point X = "139" Y = "126" T = "0" Pressure = "0" />
		<Point X = "140" Y = "126" T = "0" Pressure = "0" />
		<Point X = "140" Y = "127" T = "0" Pressure = "0" />
		<Point X = "143" Y = "130" T = "0" Pressure = "0" />
		<Point X = "145" Y = "134" T = "0" Pressure = "0" />
		<Point X = "145" Y = "137" T = "0" Pressure = "0" />
		<Point X = "146" Y = "140" T = "0" Pressure = "0" />
		<Point X = "147" Y = "145" T = "0" Pressure = "0" />
		<Point X = "149" Y = "149" T = "0" Pressure = "0" />
		<Point X = "150" Y = "155" T = "0" Pressure = "0" />
		<Point X = "151" Y = "161" T = "0" Pressure = "0" />
		<Point X = "152" Y = "169" T = "0" Pressure = "0" />
		<Point X = "155" Y = "178" T = "0" Pressure = "0" />
		<Point X = "159" Y = "185" T = "0" Pressure = "0" />
		<Point X = "161" Y = "191" T = "0" Pressure = "0" />
		<Point X = "162" Y = "195" T = "0" Pressure = "0" />
		<Point X = "164" Y = "200" T = "0" Pressure = "0" />
		<Point X = "165" Y = "202" T = "0" Pressure = "0" />
		<Point X = "166" Y = "206" T = "0" Pressure = "0" />
		<Point X = "166" Y = "210" T = "0" Pressure = "0" />
		<Point X = "168" Y = "215" T = "0" Pressure = "0" />
		<Point X = "169" Y = "217" T = "0" Pressure = "0" />
		<Point X = "170" Y = "219" T = "0" Pressure = "0" />
		<Point X = "171" Y = "222" T = "0" Pressure = "0" />
		<Point X = "172" Y = "225" T = "0" Pressure = "0" />
		<Point X = "173" Y = "227" T = "0" Pressure = "0" />
		<Point X = "174" Y = "230" T = "0" Pressure = "0" />
		<Point X = "175" Y = "234" T = "0" Pressure = "0" />
		<Point X = "176" Y = "239" T = "0" Pressure = "0" />
		<Point X = "176" Y = "241" T = "0" Pressure = "0" />
		<Point X = "177" Y = "243" T = "0" Pressure = "0" />
		<Point X = "178" Y = "248" T = "0" Pressure = "0" />
		<Point X = "179" Y = "252" T = "0" Pressure = "0" />
		<Point X = "182" Y = "259" T = "0" Pressure = "0" />
		<Point X = "183" Y = "263" T = "0" Pressure = "0" />
		<Point X = "184" Y = "266" T = "0" Pressure = "0" />
		<Point X = "184" Y = "269" T = "0" Pressure = "0" />
		<Point X = "185" Y = "269" T = "0" Pressure = "0" />
		<Point X = "186" Y = "271" T = "0" Pressure = "0" />
		<Point X = "186" Y = "272" T = "0" Pressure = "0" />
		<Point X = "187" Y = "273" T = "0" Pressure = "0" />
		<Point X = "188" Y = "274" T = "0" Pressure = "0" />
		<Point X = "188" Y = "276" T = "0" Pressure = "0" />
		<Point X = "188" Y = "277" T = "0" Pressure = "0" />
		<Point X = "188" Y = "278" T = "0" Pressure = "0" />
		<Point X = "188" Y = "279" T = "0" Pressure = "0" />
		<Point X = "188" Y = "280" T = "0" Pressure = "0" />
		<Point X = "188" Y = "281" T = "0" Pressure = "0" />
		<Point X = "187" Y = "281" T = "0" Pressure = "0" />
		<Point X = "186" Y = "281" T = "0" Pressure = "0" />
		<Point X = "185" Y = "281" T = "0" Pressure = "0" />
		<Point X = "184" Y = "281" T = "0" Pressure = "0" />
		<Point X = "182" Y = "281" T = "0" Pressure = "0" />
		<Point X = "180" Y = "280" T = "0" Pressure = "0" />
		<Point X = "176" Y = "277" T = "0" Pressure = "0" />
		<Point X = "171" Y = "272" T = "0" Pressure = "0" />
		<Point X = "168" Y = "269" T = "0" Pressure = "0" />
		<Point X = "164" Y = "266" T = "0" Pressure = "0" />
		<Point X = "160" Y = "263" T = "0" Pressure = "0" />
		<Point X = "156" Y = "260" T = "0" Pressure = "0" />
		<Point X = "153" Y = "257" T = "0" Pressure = "0" />
		<Point X = "150" Y = "255" T = "0" Pressure = "0" />
		<Point X = "147" Y = "253" T = "0" Pressure = "0" />
		<Point X = "143" Y = "251" T = "0" Pressure = "0" />
		<Point X = "142" Y = "250" T = "0" Pressure = "0" />
		<Point X = "138" Y = "247" T = "0" Pressure = "0" />
		<Point X = "135" Y = "244" T = "0" Pressure = "0" />
		<Point X = "130" Y = "240" T = "0" Pressure = "0" />
		<Point X = "127" Y = "236" T = "0" Pressure = "0" />
		<Point X = "123" Y = "233" T = "0" Pressure = "0" />
		<Point X = "121" Y = "230" T = "0" Pressure = "0" />
		<Point X = "116" Y = "226" T = "0" Pressure = "0" />
		<Point X = "115" Y = "226" T = "0" Pressure = "0" />
		<Point X = "114" Y = "224" T = "0" Pressure = "0" />
		<Point X = "112" Y = "223" T = "0" Pressure = "0" />
		<Point X = "111" Y = "220" T = "0" Pressure = "0" />
		<Point X = "109" Y = "218" T = "0" Pressure = "0" />
		<Point X = "108" Y = "213" T = "0" Pressure = "0" />
		<Point X = "107" Y = "212" T = "0" Pressure = "0" />
		<Point X = "103" Y = "206" T = "0" Pressure = "0" />
		<Point X = "102" Y = "203" T = "0" Pressure = "0" />
		<Point X = "98" Y = "199" T = "0" Pressure = "0" />
		<Point X = "94" Y = "197" T = "0" Pressure = "0" />
		<Point X = "92" Y = "194" T = "0" Pressure = "0" />
		<Point X = "91" Y = "194" T = "0" Pressure = "0" />
		<Point X = "90" Y = "192" T = "0" Pressure = "0" />
		<Point X = "89" Y = "192" T = "0" Pressure = "0" />
		<Point X = "89" Y = "191" T = "0" Pressure = "0" />
		<Point X = "87" Y = "189" T = "0" Pressure = "0" />
		<Point X = "85" Y = "188" T = "0" Pressure = "0" />
		<Point X = "84" Y = "187" T = "0" Pressure = "0" />
		<Point X = "83" Y = "186" T = "0" Pressure = "0" />
		<Point X = "81" Y = "184" T = "0" Pressure = "0" />
		<Point X = "78" Y = "182" T = "0" Pressure = "0" />
		<Point X = "77" Y = "182" T = "0" Pressure = "0" />
		<Point X = "77" Y = "181" T = "0" Pressure = "0" />
		<Point X = "75" Y = "181" T = "0" Pressure = "0" />
	</Stroke>
</Gesture>
