<?xml version="1.0" encoding="utf-8" standalone="yes"?>
<Gesture Name = "star">
	<Stroke>
		<Point X = "142" Y = "148" T = "0" Pressure = "0" />
		<Point X = "146" Y = "147" T = "0" Pressure = "0" />
		<Point X = "152" Y = "144" T = "0" Pressure = "0" />
		<Point X = "158" Y = "143" T = "0" Pressure = "0" />
		<Point X = "163" Y = "142" T = "0" Pressure = "0" />
		<Point X = "167" Y = "140" T = "0" Pressure = "0" />
		<Point X = "172" Y = "139" T = "0" Pressure = "0" />
		<Point X = "176" Y = "137" T = "0" Pressure = "0" />
		<Point X = "182" Y = "136" T = "0" Pressure = "0" />
		<Point X = "189" Y = "134" T = "0" Pressure = "0" />
		<Point X = "195" Y = "134" T = "0" Pressure = "0" />
		<Point X = "200" Y = "134" T = "0" Pressure = "0" />
		<Point X = "206" Y = "134" T = "0" Pressure = "0" />
		<Point X = "211" Y = "134" T = "0" Pressure = "0" />
		<Point X = "217" Y = "134" T = "0" Pressure = "0" />
		<Point X = "221" Y = "134" T = "0" Pressure = "0" />
		<Point X = "225" Y = "134" T = "0" Pressure = "0" />
		<Point X = "230" Y = "134" T = "0" Pressure = "0" />
		<Point X = "234" Y = "134" T = "0" Pressure = "0" />
		<Point X = "238" Y = "134" T = "0" Pressure = "0" />
		<Point X = "241" Y = "134" T = "0" Pressure = "0" />
		<Point X = "245" Y = "134" T = "0" Pressure = "0" />
		<Point X = "250" Y = "134" T = "0" Pressure = "0" />
		<Point X = "252" Y = "134" T = "0" Pressure = "0" />
		<Point X = "254" Y = "134" T = "0" Pressure = "0" />
		<Point X = "255" Y = "134" T = "0" Pressure = "0" />
		<Point X = "257" Y = "133" T = "0" Pressure = "0" />
		<Point X = "258" Y = "133" T = "0" Pressure = "0" />
		<Point X = "261" Y = "132" T = "0" Pressure = "0" />
		<Point X = "262" Y = "131" T = "0" Pressure = "0" />
		<Point X = "266" Y = "131" T = "0" Pressure = "0" />
		<Point X = "273" Y = "131" T = "0" Pressure = "0" />
		<Point X = "276" Y = "131" T = "0" Pressure = "0" />
		<Point X = "281" Y = "131" T = "0" Pressure = "0" />
		<Point X = "284" Y = "131" T = "0" Pressure = "0" />
		<Point X = "288" Y = "131" T = "0" Pressure = "0" />
		<Point X = "291" Y = "132" T = "0" Pressure = "0" />
		<Point X = "293" Y = "132" T = "0" Pressure = "0" />
		<Point X = "295" Y = "132" T = "0" Pressure = "0" />
		<Point X = "297" Y = "132" T = "0" Pressure = "0" />
		<Point X = "300" Y = "132" T = "0" Pressure = "0" />
		<Point X = "301" Y = "132" T = "0" Pressure = "0" />
		<Point X = "302" Y = "132" T = "0" Pressure = "0" />
		<Point X = "300" Y = "133" T = "0" Pressure = "0" />
		<Point X = "295" Y = "135" T = "0" Pressure = "0" />
		<Point X = "289" Y = "139" T = "0" Pressure = "0" />
		<Point X = "283" Y = "143" T = "0" Pressure = "0" />
		<Point X = "278" Y = "148" T = "0" Pressure = "0" />
		<Point X = "274" Y = "151" T = "0" Pressure = "0" />
		<Point X = "271" Y = "155" T = "0" Pressure = "0" />
		<Point X = "268" Y = "156" T = "0" Pressure = "0" />
		<Point X = "265" Y = "159" T = "0" Pressure = "0" />
		<Point X = "260" Y = "161" T = "0" Pressure = "0" />
		<Point X = "257" Y = "164" T = "0" Pressure = "0" />
		<Point X = "253" Y = "166" T = "0" Pressure = "0" />
		<Point X = "248" Y = "169" T = "0" Pressure = "0" />
		<Point X = "242" Y = "172" T = "0" Pressure = "0" />
		<Point X = "236" Y = "175" T = "0" Pressure = "0" />
		<Point X = "229" Y = "182" T = "0" Pressure = "0" />
		<Point X = "221" Y = "188" T = "0" Pressure = "0" />
		<Point X = "215" Y = "191" T = "0" Pressure = "0" />
		<Point X = "211" Y = "194" T = "0" Pressure = "0" />
		<Point X = "210" Y = "195" T = "0" Pressure = "0" />
		<Point X = "208" Y = "197" T = "0" Pressure = "0" />
		<Point X = "205" Y = "198" T = "0" Pressure = "0" />
		<Point X = "204" Y = "199" T = "0" Pressure = "0" />
		<Point X = "202" Y = "200" T = "0" Pressure = "0" />
		<Point X = "201" Y = "200" T = "0" Pressure = "0" />
		<Point X = "201" Y = "201" T = "0" Pressure = "0" />
		<Point X = "199" Y = "202" T = "0" Pressure = "0" />
		<Point X = "198" Y = "203" T = "0" Pressure = "0" />
		<Point X = "196" Y = "205" T = "0" Pressure = "0" />
		<Point X = "193" Y = "206" T = "0" Pressure = "0" />
		<Point X = "192" Y = "208" T = "0" Pressure = "0" />
		<Point X = "189" Y = "209" T = "0" Pressure = "0" />
		<Point X = "188" Y = "210" T = "0" Pressure = "0" />
		<Point X = "186" Y = "211" T = "0" Pressure = "0" />
		<Point X = "185" Y = "212" T = "0" Pressure = "0" />
		<Point X = "184" Y = "212" T = "0" Pressure = "0" />
		<Point X = "183" Y = "212" T = "0" Pressure = "0" />
		<Point X = "180" Y = "214" T = "0" Pressure = "0" />
		<Point X = "179" Y = "215" T = "0" Pressure = "0" />
		<Point X = "178" Y = "217" T = "0" Pressure = "0" />
		<Point X = "176" Y = "218" T = "0" Pressure = "0" />
		<Point X = "174" Y = "221" T = "0" Pressure = "0" />
		<Point X = "171" Y = "222" T = "0" Pressure = "0" />
		<Point X = "170" Y = "224" T = "0" Pressure = "0" />
		<Point X = "169" Y = "224" T = "0" Pressure = "0" />
		<Point X = "168" Y = "226" T = "0" Pressure = "0" />
		<Point X = "167" Y = "226" T = "0" Pressure = "0" />
		<Point X = "168" Y = "226" T = "0" Pressure = "0" />
		<Point X = "170" Y = "225" T = "0" Pressure = "0" />
		<Point X = "171" Y = "224" T = "0" Pressure = "0" />
		<Point X = "171" Y = "219" T = "0" Pressure = "0" />
		<Point X = "172" Y = "218" T = "0" Pressure = "0" />
		<Point X = "175" Y = "214" T = "0" Pressure = "0" />
		<Point X = "176" Y = "210" T = "0" Pressure = "0" />
		<Point X = "177" Y = "206" T = "0" Pressure = "0" />
		<Point X = "180" Y = "201" T = "0" Pressure = "0" />
		<Point X = "181" Y = "197" T = "0" Pressure = "0" />
		<Point X = "184" Y = "192" T = "0" Pressure = "0" />
		<Point X = "186" Y = "187" T = "0" Pressure = "0" />
		<Point X = "188" Y = "180" T = "0" Pressure = "0" />
		<Point X = "189" Y = "176" T = "0" Pressure = "0" />
		<Point X = "191" Y = "168" T = "0" Pressure = "0" />
		<Point X = "193" Y = "164" T = "0" Pressure = "0" />
		<Point X = "195" Y = "158" T = "0" Pressure = "0" />
		<Point X = "198" Y = "151" T = "0" Pressure = "0" />
		<Point X = "200" Y = "146" T = "0" Pressure = "0" />
		<Point X = "204" Y = "137" T = "0" Pressure = "0" />
		<Point X = "205" Y = "131" T = "0" Pressure = "0" />
		<Point X = "206" Y = "126" T = "0" Pressure = "0" />
		<Point X = "208" Y = "119" T = "0" Pressure = "0" />
		<Point X = "208" Y = "114" T = "0" Pressure = "0" />
		<Point X = "208" Y = "109" T = "0" Pressure = "0" />
		<Point X = "208" Y = "105" T = "0" Pressure = "0" />
		<Point X = "208" Y = "101" T = "0" Pressure = "0" />
		<Point X = "208" Y = "99" T = "0" Pressure = "0" />
		<Point X = "208" Y = "96" T = "0" Pressure = "0" />
		<Point X = "208" Y = "94" T = "0" Pressure = "0" />
		<Point X = "208" Y = "91" T = "0" Pressure = "0" />
		<Point X = "209" Y = "88" T = "0" Pressure = "0" />
		<Point X = "209" Y = "85" T = "0" Pressure = "0" />
		<Point X = "210" Y = "82" T = "0" Pressure = "0" />
		<Point X = "210" Y = "80" T = "0" Pressure = "0" />
		<Point X = "210" Y = "78" T = "0" Pressure = "0" />
		<Point X = "212" Y = "75" T = "0" Pressure = "0" />
		<Point X = "212" Y = "74" T = "0" Pressure = "0" />
		<Point X = "214" Y = "70" T = "0" Pressure = "0" />
		<Point X = "214" Y = "69" T = "0" Pressure = "0" />
		<Point X = "215" Y = "68" T = "0" Pressure = "0" />
		<Point X = "216" Y = "67" T = "0" Pressure = "0" />
		<Point X = "217" Y = "67" T = "0" Pressure = "0" />
		<Point X = "217" Y = "68" T = "0" Pressure = "0" />
		<Point X = "219" Y = "70" T = "0" Pressure = "0" />
		<Point X = "219" Y = "73" T = "0" Pressure = "0" />
		<Point X = "219" Y = "75" T = "0" Pressure = "0" />
		<Point X = "220" Y = "79" T = "0" Pressure = "0" />
		<Point X = "221" Y = "82" T = "0" Pressure = "0" />
		<Point X = "223" Y = "88" T = "0" Pressure = "0" />
		<Point X = "225" Y = "93" T = "0" Pressure = "0" />
		<Point X = "226" Y = "97" T = "0" Pressure = "0" />
		<Point X = "228" Y = "102" T = "0" Pressure = "0" />
		<Point X = "229" Y = "106" T = "0" Pressure = "0" />
		<Point X = "230" Y = "112" T = "0" Pressure = "0" />
		<Point X = "231" Y = "115" T = "0" Pressure = "0" />
		<Point X = "233" Y = "118" T = "0" Pressure = "0" />
		<Point X = "233" Y = "121" T = "0" Pressure = "0" />
		<Point X = "234" Y = "123" T = "0" Pressure = "0" />
		<Point X = "237" Y = "126" T = "0" Pressure = "0" />
		<Point X = "238" Y = "131" T = "0" Pressure = "0" />
		<Point X = "241" Y = "136" T = "0" Pressure = "0" />
		<Point X = "243" Y = "140" T = "0" Pressure = "0" />
		<Point X = "246" Y = "145" T = "0" Pressure = "0" />
		<Point X = "248" Y = "147" T = "0" Pressure = "0" />
		<Point X = "249" Y = "150" T = "0" Pressure = "0" />
		<Point X = "251" Y = "153" T = "0" Pressure = "0" />
		<Point X = "254" Y = "158" T = "0" Pressure = "0" />
		<Point X = "256" Y = "161" T = "0" Pressure = "0" />
		<Point X = "258" Y = "165" T = "0" Pressure = "0" />
		<Point X = "260" Y = "168" T = "0" Pressure = "0" />
		<Point X = "261" Y = "170" T = "0" Pressure = "0" />
		<Point X = "262" Y = "173" T = "0" Pressure = "0" />
		<Point X = "263" Y = "174" T = "0" Pressure = "0" />
		<Point X = "263" Y = "175" T = "0" Pressure = "0" />
		<Point X = "264" Y = "176" T = "0" Pressure = "0" />
		<Point X = "266" Y = "178" T = "0" Pressure = "0" />
		<Point X = "266" Y = "179" T = "0" Pressure = "0" />
		<Point X = "267" Y = "181" T = "0" Pressure = "0" />
		<Point X = "268" Y = "183" T = "0" Pressure = "0" />
		<Point X = "269" Y = "185" T = "0" Pressure = "0" />
		<Point X = "271" Y = "188" T = "0" Pressure = "0" />
		<Point X = "271" Y = "189" T = "0" Pressure = "0" />
		<Point X = "273" Y = "191" T = "0" Pressure = "0" />
		<Point X = "274" Y = "193" T = "0" Pressure = "0" />
		<Point X = "274" Y = "196" T = "0" Pressure = "0" />
		<Point X = "275" Y = "199" T = "0" Pressure = "0" />
		<Point X = "275" Y = "200" T = "0" Pressure = "0" />
		<Point X = "275" Y = "202" T = "0" Pressure = "0" />
		<Point X = "275" Y = "203" T = "0" Pressure = "0" />
		<Point X = "275" Y = "205" T = "0" Pressure = "0" />
		<Point X = "275" Y = "206" T = "0" Pressure = "0" />
		<Point X = "275" Y = "207" T = "0" Pressure = "0" />
		<Point X = "275" Y = "208" T = "0" Pressure = "0" />
		<Point X = "275" Y = "210" T = "0" Pressure = "0" />
		<Point X = "277" Y = "211" T = "0" Pressure = "0" />
		<Point X = "277" Y = "212" T = "0" Pressure = "0" />
		<Point X = "277" Y = "214" T = "0" Pressure = "0" />
		<Point X = "278" Y = "216" T = "0" Pressure = "0" />
		<Point X = "278" Y = "217" T = "0" Pressure = "0" />
		<Point X = "277" Y = "217" T = "0" Pressure = "0" />
		<Point X = "275" Y = "218" T = "0" Pressure = "0" />
		<Point X = "274" Y = "218" T = "0" Pressure = "0" />
		<Point X = "272" Y = "219" T = "0" Pressure = "0" />
		<Point X = "271" Y = "219" T = "0" Pressure = "0" />
		<Point X = "268" Y = "219" T = "0" Pressure = "0" />
		<Point X = "267" Y = "219" T = "0" Pressure = "0" />
		<Point X = "265" Y = "219" T = "0" Pressure = "0" />
		<Point X = "262" Y = "218" T = "0" Pressure = "0" />
		<Point X = "260" Y = "217" T = "0" Pressure = "0" />
		<Point X = "257" Y = "217" T = "0" Pressure = "0" />
		<Point X = "255" Y = "216" T = "0" Pressure = "0" />
		<Point X = "252" Y = "214" T = "0" Pressure = "0" />
		<Point X = "250" Y = "214" T = "0" Pressure = "0" />
		<Point X = "249" Y = "213" T = "0" Pressure = "0" />
		<Point X = "247" Y = "211" T = "0" Pressure = "0" />
		<Point X = "245" Y = "211" T = "0" Pressure = "0" />
		<Point X = "243" Y = "210" T = "0" Pressure = "0" />
		<Point X = "242" Y = "209" T = "0" Pressure = "0" />
		<Point X = "239" Y = "209" T = "0" Pressure = "0" />
		<Point X = "236" Y = "207" T = "0" Pressure = "0" />
		<Point X = "234" Y = "206" T = "0" Pressure = "0" />
		<Point X = "232" Y = "206" T = "0" Pressure = "0" />
		<Point X = "230" Y = "204" T = "0" Pressure = "0" />
		<Point X = "228" Y = "203" T = "0" Pressure = "0" />
		<Point X = "227" Y = "202" T = "0" Pressure = "0" />
		<Point X = "225" Y = "200" T = "0" Pressure = "0" />
		<Point X = "223" Y = "198" T = "0" Pressure = "0" />
		<Point X = "221" Y = "196" T = "0" Pressure = "0" />
		<Point X = "220" Y = "195" T = "0" Pressure = "0" />
		<Point X = "216" Y = "192" T = "0" Pressure = "0" />
		<Point X = "215" Y = "191" T = "0" Pressure = "0" />
		<Point X = "213" Y = "191" T = "0" Pressure = "0" />
		<Point X = "211" Y = "191" T = "0" Pressure = "0" />
		<Point X = "209" Y = "189" T = "0" Pressure = "0" />
		<Point X = "208" Y = "188" T = "0" Pressure = "0" />
		<Point X = "206" Y = "188" T = "0" Pressure = "0" />
		<Point X = "203" Y = "186" T = "0" Pressure = "0" />
		<Point X = "202" Y = "185" T = "0" Pressure = "0" />
		<Point X = "199" Y = "183" T = "0" Pressure = "0" />
		<Point X = "197" Y = "183" T = "0" Pressure = "0" />
		<Point X = "196" Y = "181" T = "0" Pressure = "0" />
		<Point X = "195" Y = "180" T = "0" Pressure = "0" />
		<Point X = "193" Y = "178" T = "0" Pressure = "0" />
		<Point X = "192" Y = "178" T = "0" Pressure = "0" />
		<Point X = "192" Y = "177" T = "0" Pressure = "0" />
		<Point X = "191" Y = "177" T = "0" Pressure = "0" />
		<Point X = "191" Y = "176" T = "0" Pressure = "0" />
		<Point X = "190" Y = "175" T = "0" Pressure = "0" />
		<Point X = "189" Y = "173" T = "0" Pressure = "0" />
		<Point X = "188" Y = "171" T = "0" Pressure = "0" />
		<Point X = "187" Y = "170" T = "0" Pressure = "0" />
		<Point X = "182" Y = "169" T = "0" Pressure = "0" />
		<Point X = "180" Y = "167" T = "0" Pressure = "0" />
		<Point X = "179" Y = "166" T = "0" Pressure = "0" />
		<Point X = "176" Y = "166" T = "0" Pressure = "0" />
		<Point X = "175" Y = "164" T = "0" Pressure = "0" />
		<Point X = "174" Y = "164" T = "0" Pressure = "0" />
		<Point X = "174" Y = "163" T = "0" Pressure = "0" />
		<Point X = "173" Y = "162" T = "0" Pressure = "0" />
		<Point X = "172" Y = "160" T = "0" Pressure = "0" />
		<Point X = "171" Y = "160" T = "0" Pressure = "0" />
		<Point X = "171" Y = "159" T = "0" Pressure = "0" />
		<Point X = "169" Y = "158" T = "0" Pressure = "0" />
		<Point X = "169" Y = "157" T = "0" Pressure = "0" />
		<Point X = "167" Y = "157" T = "0" Pressure = "0" />
		<Point X = "166" Y = "157" T = "0" Pressure = "0" />
		<Point X = "165" Y = "157" T = "0" Pressure = "0" />
		<Point X = "164" Y = "157" T = "0" Pressure = "0" />
		<Point X = "163" Y = "157" T = "0" Pressure = "0" />
		<Point X = "162" Y = "156" T = "0" Pressure = "0" />
		<Point X = "161" Y = "156" T = "0" Pressure = "0" />
		<Point X = "160" Y = "155" T = "0" Pressure = "0" />
		<Point X = "159" Y = "154" T = "0" Pressure = "0" />
		<Point X = "158" Y = "154" T = "0" Pressure = "0" />
		<Point X = "157" Y = "153" T = "0" Pressure = "0" />
		<Point X = "156" Y = "153" T = "0" Pressure = "0" />
		<Point X = "154" Y = "152" T = "0" Pressure = "0" />
		<Point X = "153" Y = "152" T = "0" Pressure = "0" />
		<Point X = "153" Y = "151" T = "0" Pressure = "0" />
		<Point X = "152" Y = "150" T = "0" Pressure = "0" />
		<Point X = "151" Y = "150" T = "0" Pressure = "0" />
		<Point X = "151" Y = "149" T = "0" Pressure = "0" />
		<Point X = "150" Y = "149" T = "0" Pressure = "0" />
		<Point X = "150" Y = "148" T = "0" Pressure = "0" />
		<Point X = "150" Y = "147" T = "0" Pressure = "0" />
		<Point X = "149" Y = "146" T = "0" Pressure = "0" />
		<Point X = "148" Y = "146" T = "0" Pressure = "0" />
		<Point X = "147" Y = "145" T = "0" Pressure = "0" />
		<Point X = "146" Y = "145" T = "0" Pressure = "0" />
		<Point X = "145" Y = "145" T = "0" Pressure = "0" />
	</Stroke>
</Gesture>
