<?xml version="1.0" encoding="utf-8" standalone="yes"?>
<Gesture Name = "star">
	<Stroke>
		<Point X = "92" Y = "179" T = "0" Pressure = "0" />
		<Point X = "94" Y = "179" T = "0" Pressure = "0" />
		<Point X = "97" Y = "178" T = "0" Pressure = "0" />
		<Point X = "100" Y = "178" T = "0" Pressure = "0" />
		<Point X = "105" Y = "178" T = "0" Pressure = "0" />
		<Point X = "109" Y = "178" T = "0" Pressure = "0" />
		<Point X = "115" Y = "178" T = "0" Pressure = "0" />
		<Point X = "124" Y = "178" T = "0" Pressure = "0" />
		<Point X = "134" Y = "179" T = "0" Pressure = "0" />
		<Point X = "143" Y = "181" T = "0" Pressure = "0" />
		<Point X = "151" Y = "182" T = "0" Pressure = "0" />
		<Point X = "157" Y = "183" T = "0" Pressure = "0" />
		<Point X = "162" Y = "183" T = "0" Pressure = "0" />
		<Point X = "169" Y = "184" T = "0" Pressure = "0" />
		<Point X = "175" Y = "184" T = "0" Pressure = "0" />
		<Point X = "180" Y = "184" T = "0" Pressure = "0" />
		<Point X = "185" Y = "184" T = "0" Pressure = "0" />
		<Point X = "190" Y = "184" T = "0" Pressure = "0" />
		<Point X = "194" Y = "184" T = "0" Pressure = "0" />
		<Point X = "199" Y = "184" T = "0" Pressure = "0" />
		<Point X = "203" Y = "184" T = "0" Pressure = "0" />
		<Point X = "207" Y = "184" T = "0" Pressure = "0" />
		<Point X = "211" Y = "184" T = "0" Pressure = "0" />
		<Point X = "214" Y = "184" T = "0" Pressure = "0" />
		<Point X = "219" Y = "184" T = "0" Pressure = "0" />
		<Point X = "222" Y = "184" T = "0" Pressure = "0" />
		<Point X = "226" Y = "184" T = "0" Pressure = "0" />
		<Point X = "229" Y = "184" T = "0" Pressure = "0" />
		<Point X = "231" Y = "184" T = "0" Pressure = "0" />
		<Point X = "234" Y = "184" T = "0" Pressure = "0" />
		<Point X = "237" Y = "184" T = "0" Pressure = "0" />
		<Point X = "240" Y = "184" T = "0" Pressure = "0" />
		<Point X = "242" Y = "184" T = "0" Pressure = "0" />
		<Point X = "245" Y = "184" T = "0" Pressure = "0" />
		<Point X = "250" Y = "184" T = "0" Pressure = "0" />
		<Point X = "253" Y = "184" T = "0" Pressure = "0" />
		<Point X = "258" Y = "184" T = "0" Pressure = "0" />
		<Point X = "261" Y = "184" T = "0" Pressure = "0" />
		<Point X = "265" Y = "184" T = "0" Pressure = "0" />
		<Point X = "268" Y = "184" T = "0" Pressure = "0" />
		<Point X = "272" Y = "184" T = "0" Pressure = "0" />
		<Point X = "274" Y = "182" T = "0" Pressure = "0" />
		<Point X = "277" Y = "182" T = "0" Pressure = "0" />
		<Point X = "279" Y = "182" T = "0" Pressure = "0" />
		<Point X = "280" Y = "182" T = "0" Pressure = "0" />
		<Point X = "283" Y = "182" T = "0" Pressure = "0" />
		<Point X = "284" Y = "182" T = "0" Pressure = "0" />
		<Point X = "287" Y = "182" T = "0" Pressure = "0" />
		<Point X = "288" Y = "182" T = "0" Pressure = "0" />
		<Point X = "289" Y = "182" T = "0" Pressure = "0" />
		<Point X = "290" Y = "182" T = "0" Pressure = "0" />
		<Point X = "292" Y = "182" T = "0" Pressure = "0" />
		<Point X = "293" Y = "182" T = "0" Pressure = "0" />
		<Point X = "293" Y = "184" T = "0" Pressure = "0" />
		<Point X = "292" Y = "186" T = "0" Pressure = "0" />
		<Point X = "291" Y = "189" T = "0" Pressure = "0" />
		<Point X = "289" Y = "190" T = "0" Pressure = "0" />
		<Point X = "287" Y = "194" T = "0" Pressure = "0" />
		<Point X = "285" Y = "195" T = "0" Pressure = "0" />
		<Point X = "282" Y = "199" T = "0" Pressure = "0" />
		<Point X = "280" Y = "201" T = "0" Pressure = "0" />
		<Point X = "276" Y = "204" T = "0" Pressure = "0" />
		<Point X = "273" Y = "205" T = "0" Pressure = "0" />
		<Point X = "270" Y = "208" T = "0" Pressure = "0" />
		<Point X = "268" Y = "210" T = "0" Pressure = "0" />
		<Point X = "266" Y = "213" T = "0" Pressure = "0" />
		<Point X = "264" Y = "214" T = "0" Pressure = "0" />
		<Point X = "262" Y = "217" T = "0" Pressure = "0" />
		<Point X = "259" Y = "219" T = "0" Pressure = "0" />
		<Point X = "256" Y = "221" T = "0" Pressure = "0" />
		<Point X = "252" Y = "224" T = "0" Pressure = "0" />
		<Point X = "246" Y = "228" T = "0" Pressure = "0" />
		<Point X = "243" Y = "231" T = "0" Pressure = "0" />
		<Point X = "239" Y = "234" T = "0" Pressure = "0" />
		<Point X = "235" Y = "237" T = "0" Pressure = "0" />
		<Point X = "232" Y = "240" T = "0" Pressure = "0" />
		<Point X = "229" Y = "241" T = "0" Pressure = "0" />
		<Point X = "227" Y = "242" T = "0" Pressure = "0" />
		<Point X = "225" Y = "245" T = "0" Pressure = "0" />
		<Point X = "224" Y = "245" T = "0" Pressure = "0" />
		<Point X = "223" Y = "245" T = "0" Pressure = "0" />
		<Point X = "220" Y = "246" T = "0" Pressure = "0" />
		<Point X = "218" Y = "247" T = "0" Pressure = "0" />
		<Point X = "216" Y = "249" T = "0" Pressure = "0" />
		<Point X = "211" Y = "250" T = "0" Pressure = "0" />
		<Point X = "208" Y = "252" T = "0" Pressure = "0" />
		<Point X = "204" Y = "254" T = "0" Pressure = "0" />
		<Point X = "201" Y = "258" T = "0" Pressure = "0" />
		<Point X = "197" Y = "260" T = "0" Pressure = "0" />
		<Point X = "195" Y = "262" T = "0" Pressure = "0" />
		<Point X = "192" Y = "264" T = "0" Pressure = "0" />
		<Point X = "189" Y = "266" T = "0" Pressure = "0" />
		<Point X = "185" Y = "269" T = "0" Pressure = "0" />
		<Point X = "183" Y = "269" T = "0" Pressure = "0" />
		<Point X = "181" Y = "270" T = "0" Pressure = "0" />
		<Point X = "178" Y = "271" T = "0" Pressure = "0" />
		<Point X = "176" Y = "272" T = "0" Pressure = "0" />
		<Point X = "173" Y = "274" T = "0" Pressure = "0" />
		<Point X = "171" Y = "275" T = "0" Pressure = "0" />
		<Point X = "169" Y = "276" T = "0" Pressure = "0" />
		<Point X = "168" Y = "277" T = "0" Pressure = "0" />
		<Point X = "166" Y = "278" T = "0" Pressure = "0" />
		<Point X = "163" Y = "279" T = "0" Pressure = "0" />
		<Point X = "161" Y = "281" T = "0" Pressure = "0" />
		<Point X = "160" Y = "281" T = "0" Pressure = "0" />
		<Point X = "158" Y = "283" T = "0" Pressure = "0" />
		<Point X = "156" Y = "284" T = "0" Pressure = "0" />
		<Point X = "155" Y = "285" T = "0" Pressure = "0" />
		<Point X = "153" Y = "286" T = "0" Pressure = "0" />
		<Point X = "151" Y = "288" T = "0" Pressure = "0" />
		<Point X = "151" Y = "289" T = "0" Pressure = "0" />
		<Point X = "148" Y = "291" T = "0" Pressure = "0" />
		<Point X = "147" Y = "292" T = "0" Pressure = "0" />
		<Point X = "145" Y = "295" T = "0" Pressure = "0" />
		<Point X = "142" Y = "296" T = "0" Pressure = "0" />
		<Point X = "141" Y = "298" T = "0" Pressure = "0" />
		<Point X = "140" Y = "298" T = "0" Pressure = "0" />
		<Point X = "140" Y = "299" T = "0" Pressure = "0" />
		<Point X = "138" Y = "300" T = "0" Pressure = "0" />
		<Point X = "139" Y = "300" T = "0" Pressure = "0" />
		<Point X = "140" Y = "295" T = "0" Pressure = "0" />
		<Point X = "143" Y = "289" T = "0" Pressure = "0" />
		<Point X = "143" Y = "284" T = "0" Pressure = "0" />
		<Point X = "143" Y = "277" T = "0" Pressure = "0" />
		<Point X = "144" Y = "270" T = "0" Pressure = "0" />
		<Point X = "145" Y = "264" T = "0" Pressure = "0" />
		<Point X = "148" Y = "258" T = "0" Pressure = "0" />
		<Point X = "150" Y = "251" T = "0" Pressure = "0" />
		<Point X = "153" Y = "245" T = "0" Pressure = "0" />
		<Point X = "154" Y = "240" T = "0" Pressure = "0" />
		<Point X = "155" Y = "235" T = "0" Pressure = "0" />
		<Point X = "155" Y = "230" T = "0" Pressure = "0" />
		<Point X = "156" Y = "226" T = "0" Pressure = "0" />
		<Point X = "156" Y = "220" T = "0" Pressure = "0" />
		<Point X = "156" Y = "217" T = "0" Pressure = "0" />
		<Point X = "156" Y = "212" T = "0" Pressure = "0" />
		<Point X = "156" Y = "206" T = "0" Pressure = "0" />
		<Point X = "157" Y = "203" T = "0" Pressure = "0" />
		<Point X = "158" Y = "198" T = "0" Pressure = "0" />
		<Point X = "159" Y = "194" T = "0" Pressure = "0" />
		<Point X = "161" Y = "189" T = "0" Pressure = "0" />
		<Point X = "162" Y = "185" T = "0" Pressure = "0" />
		<Point X = "163" Y = "181" T = "0" Pressure = "0" />
		<Point X = "164" Y = "176" T = "0" Pressure = "0" />
		<Point X = "165" Y = "172" T = "0" Pressure = "0" />
		<Point X = "166" Y = "167" T = "0" Pressure = "0" />
		<Point X = "167" Y = "164" T = "0" Pressure = "0" />
		<Point X = "168" Y = "160" T = "0" Pressure = "0" />
		<Point X = "170" Y = "156" T = "0" Pressure = "0" />
		<Point X = "170" Y = "153" T = "0" Pressure = "0" />
		<Point X = "171" Y = "152" T = "0" Pressure = "0" />
		<Point X = "171" Y = "150" T = "0" Pressure = "0" />
		<Point X = "171" Y = "148" T = "0" Pressure = "0" />
		<Point X = "171" Y = "146" T = "0" Pressure = "0" />
		<Point X = "172" Y = "144" T = "0" Pressure = "0" />
		<Point X = "172" Y = "143" T = "0" Pressure = "0" />
		<Point X = "173" Y = "140" T = "0" Pressure = "0" />
		<Point X = "174" Y = "138" T = "0" Pressure = "0" />
		<Point X = "175" Y = "134" T = "0" Pressure = "0" />
		<Point X = "178" Y = "131" T = "0" Pressure = "0" />
		<Point X = "178" Y = "129" T = "0" Pressure = "0" />
		<Point X = "180" Y = "124" T = "0" Pressure = "0" />
		<Point X = "183" Y = "117" T = "0" Pressure = "0" />
		<Point X = "184" Y = "113" T = "0" Pressure = "0" />
		<Point X = "186" Y = "107" T = "0" Pressure = "0" />
		<Point X = "187" Y = "105" T = "0" Pressure = "0" />
		<Point X = "188" Y = "102" T = "0" Pressure = "0" />
		<Point X = "188" Y = "100" T = "0" Pressure = "0" />
		<Point X = "188" Y = "99" T = "0" Pressure = "0" />
		<Point X = "188" Y = "97" T = "0" Pressure = "0" />
		<Point X = "188" Y = "96" T = "0" Pressure = "0" />
		<Point X = "188" Y = "95" T = "0" Pressure = "0" />
		<Point X = "188" Y = "93" T = "0" Pressure = "0" />
		<Point X = "189" Y = "92" T = "0" Pressure = "0" />
		<Point X = "189" Y = "90" T = "0" Pressure = "0" />
		<Point X = "190" Y = "88" T = "0" Pressure = "0" />
		<Point X = "190" Y = "87" T = "0" Pressure = "0" />
		<Point X = "191" Y = "85" T = "0" Pressure = "0" />
		<Point X = "192" Y = "83" T = "0" Pressure = "0" />
		<Point X = "192" Y = "81" T = "0" Pressure = "0" />
		<Point X = "192" Y = "80" T = "0" Pressure = "0" />
		<Point X = "192" Y = "79" T = "0" Pressure = "0" />
		<Point X = "192" Y = "78" T = "0" Pressure = "0" />
		<Point X = "192" Y = "77" T = "0" Pressure = "0" />
		<Point X = "192" Y = "76" T = "0" Pressure = "0" />
		<Point X = "192" Y = "75" T = "0" Pressure = "0" />
		<Point X = "192" Y = "73" T = "0" Pressure = "0" />
		<Point X = "194" Y = "74" T = "0" Pressure = "0" />
		<Point X = "195" Y = "78" T = "0" Pressure = "0" />
		<Point X = "196" Y = "80" T = "0" Pressure = "0" />
		<Point X = "196" Y = "84" T = "0" Pressure = "0" />
		<Point X = "198" Y = "90" T = "0" Pressure = "0" />
		<Point X = "199" Y = "94" T = "0" Pressure = "0" />
		<Point X = "201" Y = "99" T = "0" Pressure = "0" />
		<Point X = "204" Y = "104" T = "0" Pressure = "0" />
		<Point X = "205" Y = "107" T = "0" Pressure = "0" />
		<Point X = "207" Y = "112" T = "0" Pressure = "0" />
		<Point X = "208" Y = "113" T = "0" Pressure = "0" />
		<Point X = "209" Y = "116" T = "0" Pressure = "0" />
		<Point X = "210" Y = "118" T = "0" Pressure = "0" />
		<Point X = "210" Y = "121" T = "0" Pressure = "0" />
		<Point X = "211" Y = "122" T = "0" Pressure = "0" />
		<Point X = "213" Y = "125" T = "0" Pressure = "0" />
		<Point X = "214" Y = "130" T = "0" Pressure = "0" />
		<Point X = "215" Y = "135" T = "0" Pressure = "0" />
		<Point X = "216" Y = "139" T = "0" Pressure = "0" />
		<Point X = "217" Y = "142" T = "0" Pressure = "0" />
		<Point X = "220" Y = "147" T = "0" Pressure = "0" />
		<Point X = "221" Y = "150" T = "0" Pressure = "0" />
		<Point X = "223" Y = "155" T = "0" Pressure = "0" />
		<Point X = "224" Y = "158" T = "0" Pressure = "0" />
		<Point X = "225" Y = "163" T = "0" Pressure = "0" />
		<Point X = "227" Y = "167" T = "0" Pressure = "0" />
		<Point X = "229" Y = "171" T = "0" Pressure = "0" />
		<Point X = "230" Y = "174" T = "0" Pressure = "0" />
		<Point X = "233" Y = "180" T = "0" Pressure = "0" />
		<Point X = "234" Y = "184" T = "0" Pressure = "0" />
		<Point X = "236" Y = "187" T = "0" Pressure = "0" />
		<Point X = "238" Y = "191" T = "0" Pressure = "0" />
		<Point X = "238" Y = "195" T = "0" Pressure = "0" />
		<Point X = "239" Y = "197" T = "0" Pressure = "0" />
		<Point X = "240" Y = "198" T = "0" Pressure = "0" />
		<Point X = "241" Y = "202" T = "0" Pressure = "0" />
		<Point X = "242" Y = "203" T = "0" Pressure = "0" />
		<Point X = "243" Y = "205" T = "0" Pressure = "0" />
		<Point X = "244" Y = "208" T = "0" Pressure = "0" />
		<Point X = "245" Y = "211" T = "0" Pressure = "0" />
		<Point X = "247" Y = "217" T = "0" Pressure = "0" />
		<Point X = "248" Y = "222" T = "0" Pressure = "0" />
		<Point X = "250" Y = "227" T = "0" Pressure = "0" />
		<Point X = "251" Y = "231" T = "0" Pressure = "0" />
		<Point X = "251" Y = "236" T = "0" Pressure = "0" />
		<Point X = "252" Y = "239" T = "0" Pressure = "0" />
		<Point X = "252" Y = "241" T = "0" Pressure = "0" />
		<Point X = "252" Y = "243" T = "0" Pressure = "0" />
		<Point X = "252" Y = "244" T = "0" Pressure = "0" />
		<Point X = "252" Y = "245" T = "0" Pressure = "0" />
		<Point X = "254" Y = "248" T = "0" Pressure = "0" />
		<Point X = "255" Y = "250" T = "0" Pressure = "0" />
		<Point X = "256" Y = "253" T = "0" Pressure = "0" />
		<Point X = "258" Y = "257" T = "0" Pressure = "0" />
		<Point X = "259" Y = "259" T = "0" Pressure = "0" />
		<Point X = "260" Y = "262" T = "0" Pressure = "0" />
		<Point X = "262" Y = "268" T = "0" Pressure = "0" />
		<Point X = "262" Y = "269" T = "0" Pressure = "0" />
		<Point X = "262" Y = "272" T = "0" Pressure = "0" />
		<Point X = "263" Y = "276" T = "0" Pressure = "0" />
		<Point X = "263" Y = "278" T = "0" Pressure = "0" />
		<Point X = "263" Y = "281" T = "0" Pressure = "0" />
		<Point X = "263" Y = "283" T = "0" Pressure = "0" />
		<Point X = "264" Y = "286" T = "0" Pressure = "0" />
		<Point X = "266" Y = "288" T = "0" Pressure = "0" />
		<Point X = "266" Y = "290" T = "0" Pressure = "0" />
		<Point X = "267" Y = "291" T = "0" Pressure = "0" />
		<Point X = "267" Y = "292" T = "0" Pressure = "0" />
		<Point X = "268" Y = "293" T = "0" Pressure = "0" />
		<Point X = "268" Y = "294" T = "0" Pressure = "0" />
		<Point X = "268" Y = "295" T = "0" Pressure = "0" />
		<Point X = "268" Y = "296" T = "0" Pressure = "0" />
		<Point X = "268" Y = "297" T = "0" Pressure = "0" />
		<Point X = "268" Y = "298" T = "0" Pressure = "0" />
		<Point X = "268" Y = "299" T = "0" Pressure = "0" />
		<Point X = "268" Y = "300" T = "0" Pressure = "0" />
		<Point X = "268" Y = "301" T = "0" Pressure = "0" />
		<Point X = "268" Y = "302" T = "0" Pressure = "0" />
		<Point X = "267" Y = "303" T = "0" Pressure = "0" />
		<Point X = "266" Y = "303" T = "0" Pressure = "0" />
		<Point X = "264" Y = "303" T = "0" Pressure = "0" />
		<Point X = "263" Y = "303" T = "0" Pressure = "0" />
		<Point X = "261" Y = "302" T = "0" Pressure = "0" />
		<Point X = "259" Y = "301" T = "0" Pressure = "0" />
		<Point X = "258" Y = "299" T = "0" Pressure = "0" />
		<Point X = "254" Y = "297" T = "0" Pressure = "0" />
		<Point X = "252" Y = "294" T = "0" Pressure = "0" />
		<Point X = "250" Y = "294" T = "0" Pressure = "0" />
		<Point X = "249" Y = "293" T = "0" Pressure = "0" />
		<Point X = "247" Y = "291" T = "0" Pressure = "0" />
		<Point X = "245" Y = "291" T = "0" Pressure = "0" />
		<Point X = "245" Y = "290" T = "0" Pressure = "0" />
		<Point X = "244" Y = "290" T = "0" Pressure = "0" />
		<Point X = "241" Y = "289" T = "0" Pressure = "0" />
		<Point X = "240" Y = "288" T = "0" Pressure = "0" />
		<Point X = "237" Y = "286" T = "0" Pressure = "0" />
		<Point X = "233" Y = "284" T = "0" Pressure = "0" />
		<Point X = "232" Y = "282" T = "0" Pressure = "0" />
		<Point X = "227" Y = "279" T = "0" Pressure = "0" />
		<Point X = "225" Y = "277" T = "0" Pressure = "0" />
		<Point X = "223" Y = "275" T = "0" Pressure = "0" />
		<Point X = "221" Y = "274" T = "0" Pressure = "0" />
		<Point X = "221" Y = "273" T = "0" Pressure = "0" />
		<Point X = "220" Y = "273" T = "0" Pressure = "0" />
		<Point X = "220" Y = "272" T = "0" Pressure = "0" />
		<Point X = "219" Y = "271" T = "0" Pressure = "0" />
		<Point X = "217" Y = "270" T = "0" Pressure = "0" />
		<Point X = "217" Y = "269" T = "0" Pressure = "0" />
		<Point X = "217" Y = "268" T = "0" Pressure = "0" />
		<Point X = "215" Y = "267" T = "0" Pressure = "0" />
		<Point X = "213" Y = "266" T = "0" Pressure = "0" />
		<Point X = "211" Y = "265" T = "0" Pressure = "0" />
		<Point X = "210" Y = "264" T = "0" Pressure = "0" />
		<Point X = "206" Y = "263" T = "0" Pressure = "0" />
		<Point X = "206" Y = "261" T = "0" Pressure = "0" />
		<Point X = "205" Y = "261" T = "0" Pressure = "0" />
		<Point X = "203" Y = "259" T = "0" Pressure = "0" />
		<Point X = "201" Y = "257" T = "0" Pressure = "0" />
		<Point X = "199" Y = "253" T = "0" Pressure = "0" />
		<Point X = "196" Y = "250" T = "0" Pressure = "0" />
		<Point X = "194" Y = "247" T = "0" Pressure = "0" />
		<Point X = "190" Y = "244" T = "0" Pressure = "0" />
		<Point X = "188" Y = "241" T = "0" Pressure = "0" />
		<Point X = "184" Y = "240" T = "0" Pressure = "0" />
		<Point X = "183" Y = "238" T = "0" Pressure = "0" />
		<Point X = "181" Y = "237" T = "0" Pressure = "0" />
		<Point X = "180" Y = "236" T = "0" Pressure = "0" />
		<Point X = "178" Y = "234" T = "0" Pressure = "0" />
		<Point X = "176" Y = "234" T = "0" Pressure = "0" />
		<Point X = "175" Y = "232" T = "0" Pressure = "0" />
		<Point X = "171" Y = "231" T = "0" Pressure = "0" />
		<Point X = "169" Y = "229" T = "0" Pressure = "0" />
		<Point X = "166" Y = "227" T = "0" Pressure = "0" />
		<Point X = "163" Y = "225" T = "0" Pressure = "0" />
		<Point X = "162" Y = "224" T = "0" Pressure = "0" />
		<Point X = "161" Y = "222" T = "0" Pressure = "0" />
		<Point X = "160" Y = "222" T = "0" Pressure = "0" />
		<Point X = "158" Y = "220" T = "0" Pressure = "0" />
		<Point X = "157" Y = "219" T = "0" Pressure = "0" />
		<Point X = "156" Y = "218" T = "0" Pressure = "0" />
		<Point X = "155" Y = "216" T = "0" Pressure = "0" />
		<Point X = "153" Y = "214" T = "0" Pressure = "0" />
		<Point X = "152" Y = "213" T = "0" Pressure = "0" />
		<Point X = "151" Y = "211" T = "0" Pressure = "0" />
		<Point X = "150" Y = "210" T = "0" Pressure = "0" />
		<Point X = "149" Y = "209" T = "0" Pressure = "0" />
		<Point X = "149" Y = "208" T = "0" Pressure = "0" />
		<Point X = "148" Y = "208" T = "0" Pressure = "0" />
		<Point X = "147" Y = "208" T = "0" Pressure = "0" />
		<Point X = "145" Y = "208" T = "0" Pressure = "0" />
		<Point X = "144" Y = "208" T = "0" Pressure = "0" />
		<Point X = "142" Y = "206" T = "0" Pressure = "0" />
		<Point X = "141" Y = "206" T = "0" Pressure = "0" />
		<Point X = "140" Y = "204" T = "0" Pressure = "0" />
		<Point X = "137" Y = "203" T = "0" Pressure = "0" />
		<Point X = "137" Y = "202" T = "0" Pressure = "0" />
		<Point X = "135" Y = "201" T = "0" Pressure = "0" />
		<Point X = "135" Y = "199" T = "0" Pressure = "0" />
		<Point X = "133" Y = "199" T = "0" Pressure = "0" />
		<Point X = "130" Y = "198" T = "0" Pressure = "0" />
		<Point X = "129" Y = "198" T = "0" Pressure = "0" />
		<Point X = "127" Y = "197" T = "0" Pressure = "0" />
		<Point X = "126" Y = "197" T = "0" Pressure = "0" />
		<Point X = "124" Y = "197" T = "0" Pressure = "0" />
		<Point X = "122" Y = "196" T = "0" Pressure = "0" />
		<Point X = "121" Y = "196" T = "0" Pressure = "0" />
		<Point X = "118" Y = "195" T = "0" Pressure = "0" />
		<Point X = "116" Y = "194" T = "0" Pressure = "0" />
		<Point X = "114" Y = "194" T = "0" Pressure = "0" />
		<Point X = "112" Y = "193" T = "0" Pressure = "0" />
		<Point X = "111" Y = "192" T = "0" Pressure = "0" />
		<Point X = "110" Y = "192" T = "0" Pressure = "0" />
		<Point X = "109" Y = "191" T = "0" Pressure = "0" />
		<Point X = "107" Y = "191" T = "0" Pressure = "0" />
		<Point X = "106" Y = "191" T = "0" Pressure = "0" />
		<Point X = "104" Y = "190" T = "0" Pressure = "0" />
		<Point X = "103" Y = "189" T = "0" Pressure = "0" />
		<Point X = "102" Y = "189" T = "0" Pressure = "0" />
		<Point X = "101" Y = "188" T = "0" Pressure = "0" />
		<Point X = "100" Y = "187" T = "0" Pressure = "0" />
		<Point X = "98" Y = "185" T = "0" Pressure = "0" />
		<Point X = "96" Y = "184" T = "0" Pressure = "0" />
		<Point X = "94" Y = "182" T = "0" Pressure = "0" />
		<Point X = "93" Y = "182" T = "0" Pressure = "0" />
		<Point X = "93" Y = "181" T = "0" Pressure = "0" />
		<Point X = "92" Y = "181" T = "0" Pressure = "0" />
		<Point X = "92" Y = "180" T = "0" Pressure = "0" />
	</Stroke>
</Gesture>
