<?xml version="1.0" encoding="utf-8" standalone="yes"?>
<Gesture Name = "star">
	<Stroke>
		<Point X = "235" Y = "79" T = "0" Pressure = "0" />
		<Point X = "236" Y = "79" T = "0" Pressure = "0" />
		<Point X = "237" Y = "79" T = "0" Pressure = "0" />
		<Point X = "239" Y = "79" T = "0" Pressure = "0" />
		<Point X = "242" Y = "79" T = "0" Pressure = "0" />
		<Point X = "245" Y = "79" T = "0" Pressure = "0" />
		<Point X = "248" Y = "79" T = "0" Pressure = "0" />
		<Point X = "252" Y = "79" T = "0" Pressure = "0" />
		<Point X = "257" Y = "79" T = "0" Pressure = "0" />
		<Point X = "262" Y = "79" T = "0" Pressure = "0" />
		<Point X = "265" Y = "79" T = "0" Pressure = "0" />
		<Point X = "266" Y = "79" T = "0" Pressure = "0" />
		<Point X = "268" Y = "79" T = "0" Pressure = "0" />
		<Point X = "269" Y = "79" T = "0" Pressure = "0" />
		<Point X = "272" Y = "79" T = "0" Pressure = "0" />
		<Point X = "273" Y = "79" T = "0" Pressure = "0" />
		<Point X = "276" Y = "79" T = "0" Pressure = "0" />
		<Point X = "279" Y = "79" T = "0" Pressure = "0" />
		<Point X = "284" Y = "79" T = "0" Pressure = "0" />
		<Point X = "289" Y = "79" T = "0" Pressure = "0" />
		<Point X = "293" Y = "81" T = "0" Pressure = "0" />
		<Point X = "295" Y = "81" T = "0" Pressure = "0" />
		<Point X = "297" Y = "81" T = "0" Pressure = "0" />
		<Point X = "299" Y = "81" T = "0" Pressure = "0" />
		<Point X = "300" Y = "81" T = "0" Pressure = "0" />
		<Point X = "302" Y = "81" T = "0" Pressure = "0" />
		<Point X = "303" Y = "82" T = "0" Pressure = "0" />
		<Point X = "306" Y = "83" T = "0" Pressure = "0" />
		<Point X = "311" Y = "84" T = "0" Pressure = "0" />
		<Point X = "314" Y = "84" T = "0" Pressure = "0" />
		<Point X = "316" Y = "84" T = "0" Pressure = "0" />
		<Point X = "318" Y = "84" T = "0" Pressure = "0" />
		<Point X = "319" Y = "84" T = "0" Pressure = "0" />
		<Point X = "321" Y = "84" T = "0" Pressure = "0" />
		<Point X = "322" Y = "84" T = "0" Pressure = "0" />
		<Point X = "324" Y = "84" T = "0" Pressure = "0" />
		<Point X = "326" Y = "84" T = "0" Pressure = "0" />
		<Point X = "329" Y = "84" T = "0" Pressure = "0" />
		<Point X = "332" Y = "84" T = "0" Pressure = "0" />
		<Point X = "335" Y = "84" T = "0" Pressure = "0" />
		<Point X = "338" Y = "84" T = "0" Pressure = "0" />
		<Point X = "340" Y = "84" T = "0" Pressure = "0" />
		<Point X = "343" Y = "84" T = "0" Pressure = "0" />
		<Point X = "344" Y = "84" T = "0" Pressure = "0" />
		<Point X = "345" Y = "84" T = "0" Pressure = "0" />
		<Point X = "346" Y = "84" T = "0" Pressure = "0" />
		<Point X = "347" Y = "84" T = "0" Pressure = "0" />
		<Point X = "349" Y = "84" T = "0" Pressure = "0" />
		<Point X = "352" Y = "84" T = "0" Pressure = "0" />
		<Point X = "354" Y = "84" T = "0" Pressure = "0" />
		<Point X = "355" Y = "85" T = "0" Pressure = "0" />
		<Point X = "357" Y = "85" T = "0" Pressure = "0" />
		<Point X = "359" Y = "86" T = "0" Pressure = "0" />
		<Point X = "361" Y = "86" T = "0" Pressure = "0" />
		<Point X = "362" Y = "86" T = "0" Pressure = "0" />
		<Point X = "364" Y = "86" T = "0" Pressure = "0" />
		<Point X = "368" Y = "85" T = "0" Pressure = "0" />
		<Point X = "370" Y = "85" T = "0" Pressure = "0" />
		<Point X = "372" Y = "84" T = "0" Pressure = "0" />
		<Point X = "375" Y = "84" T = "0" Pressure = "0" />
		<Point X = "377" Y = "84" T = "0" Pressure = "0" />
		<Point X = "378" Y = "84" T = "0" Pressure = "0" />
		<Point X = "379" Y = "84" T = "0" Pressure = "0" />
		<Point X = "380" Y = "84" T = "0" Pressure = "0" />
		<Point X = "380" Y = "85" T = "0" Pressure = "0" />
		<Point X = "378" Y = "86" T = "0" Pressure = "0" />
		<Point X = "376" Y = "88" T = "0" Pressure = "0" />
		<Point X = "373" Y = "90" T = "0" Pressure = "0" />
		<Point X = "370" Y = "93" T = "0" Pressure = "0" />
		<Point X = "367" Y = "94" T = "0" Pressure = "0" />
		<Point X = "363" Y = "97" T = "0" Pressure = "0" />
		<Point X = "360" Y = "98" T = "0" Pressure = "0" />
		<Point X = "358" Y = "98" T = "0" Pressure = "0" />
		<Point X = "356" Y = "100" T = "0" Pressure = "0" />
		<Point X = "352" Y = "100" T = "0" Pressure = "0" />
		<Point X = "350" Y = "101" T = "0" Pressure = "0" />
		<Point X = "348" Y = "102" T = "0" Pressure = "0" />
		<Point X = "346" Y = "104" T = "0" Pressure = "0" />
		<Point X = "343" Y = "104" T = "0" Pressure = "0" />
		<Point X = "341" Y = "105" T = "0" Pressure = "0" />
		<Point X = "340" Y = "106" T = "0" Pressure = "0" />
		<Point X = "336" Y = "108" T = "0" Pressure = "0" />
		<Point X = "332" Y = "109" T = "0" Pressure = "0" />
		<Point X = "330" Y = "110" T = "0" Pressure = "0" />
		<Point X = "325" Y = "113" T = "0" Pressure = "0" />
		<Point X = "322" Y = "114" T = "0" Pressure = "0" />
		<Point X = "318" Y = "117" T = "0" Pressure = "0" />
		<Point X = "313" Y = "119" T = "0" Pressure = "0" />
		<Point X = "308" Y = "123" T = "0" Pressure = "0" />
		<Point X = "304" Y = "125" T = "0" Pressure = "0" />
		<Point X = "298" Y = "129" T = "0" Pressure = "0" />
		<Point X = "295" Y = "130" T = "0" Pressure = "0" />
		<Point X = "291" Y = "133" T = "0" Pressure = "0" />
		<Point X = "285" Y = "136" T = "0" Pressure = "0" />
		<Point X = "280" Y = "138" T = "0" Pressure = "0" />
		<Point X = "277" Y = "141" T = "0" Pressure = "0" />
		<Point X = "273" Y = "142" T = "0" Pressure = "0" />
		<Point X = "270" Y = "145" T = "0" Pressure = "0" />
		<Point X = "268" Y = "146" T = "0" Pressure = "0" />
		<Point X = "264" Y = "147" T = "0" Pressure = "0" />
		<Point X = "263" Y = "149" T = "0" Pressure = "0" />
		<Point X = "262" Y = "150" T = "0" Pressure = "0" />
		<Point X = "261" Y = "150" T = "0" Pressure = "0" />
		<Point X = "259" Y = "151" T = "0" Pressure = "0" />
		<Point X = "259" Y = "152" T = "0" Pressure = "0" />
		<Point X = "258" Y = "152" T = "0" Pressure = "0" />
		<Point X = "258" Y = "153" T = "0" Pressure = "0" />
		<Point X = "257" Y = "153" T = "0" Pressure = "0" />
		<Point X = "259" Y = "152" T = "0" Pressure = "0" />
		<Point X = "261" Y = "150" T = "0" Pressure = "0" />
		<Point X = "263" Y = "148" T = "0" Pressure = "0" />
		<Point X = "266" Y = "144" T = "0" Pressure = "0" />
		<Point X = "268" Y = "142" T = "0" Pressure = "0" />
		<Point X = "269" Y = "139" T = "0" Pressure = "0" />
		<Point X = "271" Y = "135" T = "0" Pressure = "0" />
		<Point X = "272" Y = "133" T = "0" Pressure = "0" />
		<Point X = "274" Y = "131" T = "0" Pressure = "0" />
		<Point X = "276" Y = "128" T = "0" Pressure = "0" />
		<Point X = "277" Y = "126" T = "0" Pressure = "0" />
		<Point X = "278" Y = "124" T = "0" Pressure = "0" />
		<Point X = "278" Y = "123" T = "0" Pressure = "0" />
		<Point X = "278" Y = "121" T = "0" Pressure = "0" />
		<Point X = "281" Y = "118" T = "0" Pressure = "0" />
		<Point X = "282" Y = "117" T = "0" Pressure = "0" />
		<Point X = "282" Y = "115" T = "0" Pressure = "0" />
		<Point X = "283" Y = "112" T = "0" Pressure = "0" />
		<Point X = "283" Y = "110" T = "0" Pressure = "0" />
		<Point X = "284" Y = "107" T = "0" Pressure = "0" />
		<Point X = "285" Y = "105" T = "0" Pressure = "0" />
		<Point X = "285" Y = "104" T = "0" Pressure = "0" />
		<Point X = "285" Y = "103" T = "0" Pressure = "0" />
		<Point X = "285" Y = "102" T = "0" Pressure = "0" />
		<Point X = "286" Y = "101" T = "0" Pressure = "0" />
		<Point X = "286" Y = "100" T = "0" Pressure = "0" />
		<Point X = "286" Y = "99" T = "0" Pressure = "0" />
		<Point X = "287" Y = "98" T = "0" Pressure = "0" />
		<Point X = "288" Y = "95" T = "0" Pressure = "0" />
		<Point X = "289" Y = "93" T = "0" Pressure = "0" />
		<Point X = "290" Y = "91" T = "0" Pressure = "0" />
		<Point X = "290" Y = "90" T = "0" Pressure = "0" />
		<Point X = "292" Y = "87" T = "0" Pressure = "0" />
		<Point X = "294" Y = "82" T = "0" Pressure = "0" />
		<Point X = "294" Y = "80" T = "0" Pressure = "0" />
		<Point X = "296" Y = "75" T = "0" Pressure = "0" />
		<Point X = "298" Y = "73" T = "0" Pressure = "0" />
		<Point X = "298" Y = "70" T = "0" Pressure = "0" />
		<Point X = "300" Y = "69" T = "0" Pressure = "0" />
		<Point X = "301" Y = "66" T = "0" Pressure = "0" />
		<Point X = "302" Y = "64" T = "0" Pressure = "0" />
		<Point X = "304" Y = "62" T = "0" Pressure = "0" />
		<Point X = "304" Y = "60" T = "0" Pressure = "0" />
		<Point X = "305" Y = "60" T = "0" Pressure = "0" />
		<Point X = "306" Y = "58" T = "0" Pressure = "0" />
		<Point X = "306" Y = "56" T = "0" Pressure = "0" />
		<Point X = "307" Y = "56" T = "0" Pressure = "0" />
		<Point X = "308" Y = "54" T = "0" Pressure = "0" />
		<Point X = "308" Y = "52" T = "0" Pressure = "0" />
		<Point X = "308" Y = "51" T = "0" Pressure = "0" />
		<Point X = "309" Y = "49" T = "0" Pressure = "0" />
		<Point X = "310" Y = "48" T = "0" Pressure = "0" />
		<Point X = "310" Y = "47" T = "0" Pressure = "0" />
		<Point X = "310" Y = "44" T = "0" Pressure = "0" />
		<Point X = "311" Y = "44" T = "0" Pressure = "0" />
		<Point X = "311" Y = "43" T = "0" Pressure = "0" />
		<Point X = "311" Y = "41" T = "0" Pressure = "0" />
		<Point X = "311" Y = "40" T = "0" Pressure = "0" />
		<Point X = "311" Y = "38" T = "0" Pressure = "0" />
		<Point X = "312" Y = "38" T = "0" Pressure = "0" />
		<Point X = "313" Y = "36" T = "0" Pressure = "0" />
		<Point X = "313" Y = "35" T = "0" Pressure = "0" />
		<Point X = "313" Y = "34" T = "0" Pressure = "0" />
		<Point X = "313" Y = "33" T = "0" Pressure = "0" />
		<Point X = "314" Y = "32" T = "0" Pressure = "0" />
		<Point X = "314" Y = "31" T = "0" Pressure = "0" />
		<Point X = "314" Y = "30" T = "0" Pressure = "0" />
		<Point X = "315" Y = "29" T = "0" Pressure = "0" />
		<Point X = "316" Y = "28" T = "0" Pressure = "0" />
		<Point X = "317" Y = "30" T = "0" Pressure = "0" />
		<Point X = "318" Y = "32" T = "0" Pressure = "0" />
		<Point X = "319" Y = "35" T = "0" Pressure = "0" />
		<Point X = "320" Y = "38" T = "0" Pressure = "0" />
		<Point X = "320" Y = "40" T = "0" Pressure = "0" />
		<Point X = "321" Y = "42" T = "0" Pressure = "0" />
		<Point X = "322" Y = "44" T = "0" Pressure = "0" />
		<Point X = "322" Y = "46" T = "0" Pressure = "0" />
		<Point X = "322" Y = "50" T = "0" Pressure = "0" />
		<Point X = "324" Y = "55" T = "0" Pressure = "0" />
		<Point X = "325" Y = "59" T = "0" Pressure = "0" />
		<Point X = "325" Y = "64" T = "0" Pressure = "0" />
		<Point X = "326" Y = "69" T = "0" Pressure = "0" />
		<Point X = "327" Y = "73" T = "0" Pressure = "0" />
		<Point X = "327" Y = "75" T = "0" Pressure = "0" />
		<Point X = "327" Y = "77" T = "0" Pressure = "0" />
		<Point X = "327" Y = "80" T = "0" Pressure = "0" />
		<Point X = "327" Y = "83" T = "0" Pressure = "0" />
		<Point X = "327" Y = "85" T = "0" Pressure = "0" />
		<Point X = "327" Y = "88" T = "0" Pressure = "0" />
		<Point X = "327" Y = "91" T = "0" Pressure = "0" />
		<Point X = "328" Y = "94" T = "0" Pressure = "0" />
		<Point X = "328" Y = "96" T = "0" Pressure = "0" />
		<Point X = "329" Y = "98" T = "0" Pressure = "0" />
		<Point X = "329" Y = "99" T = "0" Pressure = "0" />
		<Point X = "329" Y = "100" T = "0" Pressure = "0" />
		<Point X = "329" Y = "101" T = "0" Pressure = "0" />
		<Point X = "330" Y = "102" T = "0" Pressure = "0" />
		<Point X = "331" Y = "106" T = "0" Pressure = "0" />
		<Point X = "332" Y = "107" T = "0" Pressure = "0" />
		<Point X = "333" Y = "110" T = "0" Pressure = "0" />
		<Point X = "334" Y = "113" T = "0" Pressure = "0" />
		<Point X = "334" Y = "115" T = "0" Pressure = "0" />
		<Point X = "334" Y = "118" T = "0" Pressure = "0" />
		<Point X = "336" Y = "120" T = "0" Pressure = "0" />
		<Point X = "336" Y = "121" T = "0" Pressure = "0" />
		<Point X = "336" Y = "124" T = "0" Pressure = "0" />
		<Point X = "336" Y = "125" T = "0" Pressure = "0" />
		<Point X = "337" Y = "127" T = "0" Pressure = "0" />
		<Point X = "337" Y = "128" T = "0" Pressure = "0" />
		<Point X = "337" Y = "130" T = "0" Pressure = "0" />
		<Point X = "338" Y = "132" T = "0" Pressure = "0" />
		<Point X = "339" Y = "133" T = "0" Pressure = "0" />
		<Point X = "339" Y = "134" T = "0" Pressure = "0" />
		<Point X = "340" Y = "136" T = "0" Pressure = "0" />
		<Point X = "340" Y = "137" T = "0" Pressure = "0" />
		<Point X = "341" Y = "139" T = "0" Pressure = "0" />
		<Point X = "341" Y = "141" T = "0" Pressure = "0" />
		<Point X = "342" Y = "143" T = "0" Pressure = "0" />
		<Point X = "343" Y = "146" T = "0" Pressure = "0" />
		<Point X = "343" Y = "148" T = "0" Pressure = "0" />
		<Point X = "343" Y = "149" T = "0" Pressure = "0" />
		<Point X = "344" Y = "152" T = "0" Pressure = "0" />
		<Point X = "344" Y = "155" T = "0" Pressure = "0" />
		<Point X = "344" Y = "156" T = "0" Pressure = "0" />
		<Point X = "345" Y = "159" T = "0" Pressure = "0" />
		<Point X = "345" Y = "160" T = "0" Pressure = "0" />
		<Point X = "345" Y = "161" T = "0" Pressure = "0" />
		<Point X = "345" Y = "162" T = "0" Pressure = "0" />
		<Point X = "345" Y = "164" T = "0" Pressure = "0" />
		<Point X = "344" Y = "164" T = "0" Pressure = "0" />
		<Point X = "343" Y = "164" T = "0" Pressure = "0" />
		<Point X = "342" Y = "164" T = "0" Pressure = "0" />
		<Point X = "341" Y = "164" T = "0" Pressure = "0" />
		<Point X = "340" Y = "164" T = "0" Pressure = "0" />
		<Point X = "339" Y = "164" T = "0" Pressure = "0" />
		<Point X = "338" Y = "164" T = "0" Pressure = "0" />
		<Point X = "337" Y = "164" T = "0" Pressure = "0" />
		<Point X = "336" Y = "163" T = "0" Pressure = "0" />
		<Point X = "336" Y = "162" T = "0" Pressure = "0" />
		<Point X = "333" Y = "159" T = "0" Pressure = "0" />
		<Point X = "331" Y = "158" T = "0" Pressure = "0" />
		<Point X = "328" Y = "155" T = "0" Pressure = "0" />
		<Point X = "326" Y = "153" T = "0" Pressure = "0" />
		<Point X = "323" Y = "151" T = "0" Pressure = "0" />
		<Point X = "322" Y = "150" T = "0" Pressure = "0" />
		<Point X = "320" Y = "148" T = "0" Pressure = "0" />
		<Point X = "319" Y = "147" T = "0" Pressure = "0" />
		<Point X = "318" Y = "146" T = "0" Pressure = "0" />
		<Point X = "316" Y = "145" T = "0" Pressure = "0" />
		<Point X = "315" Y = "144" T = "0" Pressure = "0" />
		<Point X = "313" Y = "142" T = "0" Pressure = "0" />
		<Point X = "312" Y = "141" T = "0" Pressure = "0" />
		<Point X = "310" Y = "139" T = "0" Pressure = "0" />
		<Point X = "309" Y = "136" T = "0" Pressure = "0" />
		<Point X = "306" Y = "134" T = "0" Pressure = "0" />
		<Point X = "305" Y = "132" T = "0" Pressure = "0" />
		<Point X = "300" Y = "128" T = "0" Pressure = "0" />
		<Point X = "299" Y = "128" T = "0" Pressure = "0" />
		<Point X = "298" Y = "127" T = "0" Pressure = "0" />
		<Point X = "295" Y = "127" T = "0" Pressure = "0" />
		<Point X = "294" Y = "127" T = "0" Pressure = "0" />
		<Point X = "293" Y = "127" T = "0" Pressure = "0" />
		<Point X = "291" Y = "126" T = "0" Pressure = "0" />
		<Point X = "291" Y = "125" T = "0" Pressure = "0" />
		<Point X = "289" Y = "125" T = "0" Pressure = "0" />
		<Point X = "287" Y = "123" T = "0" Pressure = "0" />
		<Point X = "285" Y = "121" T = "0" Pressure = "0" />
		<Point X = "283" Y = "120" T = "0" Pressure = "0" />
		<Point X = "282" Y = "118" T = "0" Pressure = "0" />
		<Point X = "281" Y = "118" T = "0" Pressure = "0" />
		<Point X = "280" Y = "116" T = "0" Pressure = "0" />
		<Point X = "279" Y = "115" T = "0" Pressure = "0" />
		<Point X = "279" Y = "114" T = "0" Pressure = "0" />
		<Point X = "278" Y = "113" T = "0" Pressure = "0" />
		<Point X = "276" Y = "111" T = "0" Pressure = "0" />
		<Point X = "276" Y = "110" T = "0" Pressure = "0" />
		<Point X = "275" Y = "110" T = "0" Pressure = "0" />
		<Point X = "275" Y = "109" T = "0" Pressure = "0" />
		<Point X = "273" Y = "108" T = "0" Pressure = "0" />
		<Point X = "273" Y = "107" T = "0" Pressure = "0" />
		<Point X = "272" Y = "105" T = "0" Pressure = "0" />
		<Point X = "271" Y = "105" T = "0" Pressure = "0" />
		<Point X = "270" Y = "103" T = "0" Pressure = "0" />
		<Point X = "269" Y = "102" T = "0" Pressure = "0" />
		<Point X = "268" Y = "102" T = "0" Pressure = "0" />
		<Point X = "267" Y = "100" T = "0" Pressure = "0" />
		<Point X = "266" Y = "98" T = "0" Pressure = "0" />
		<Point X = "265" Y = "98" T = "0" Pressure = "0" />
		<Point X = "264" Y = "97" T = "0" Pressure = "0" />
		<Point X = "263" Y = "97" T = "0" Pressure = "0" />
		<Point X = "263" Y = "96" T = "0" Pressure = "0" />
		<Point X = "261" Y = "95" T = "0" Pressure = "0" />
		<Point X = "260" Y = "95" T = "0" Pressure = "0" />
		<Point X = "258" Y = "95" T = "0" Pressure = "0" />
		<Point X = "257" Y = "95" T = "0" Pressure = "0" />
		<Point X = "256" Y = "95" T = "0" Pressure = "0" />
		<Point X = "255" Y = "94" T = "0" Pressure = "0" />
		<Point X = "254" Y = "93" T = "0" Pressure = "0" />
		<Point X = "253" Y = "92" T = "0" Pressure = "0" />
		<Point X = "252" Y = "92" T = "0" Pressure = "0" />
		<Point X = "251" Y = "91" T = "0" Pressure = "0" />
		<Point X = "250" Y = "91" T = "0" Pressure = "0" />
		<Point X = "249" Y = "91" T = "0" Pressure = "0" />
		<Point X = "247" Y = "90" T = "0" Pressure = "0" />
		<Point X = "247" Y = "89" T = "0" Pressure = "0" />
		<Point X = "246" Y = "89" T = "0" Pressure = "0" />
		<Point X = "246" Y = "88" T = "0" Pressure = "0" />
		<Point X = "245" Y = "88" T = "0" Pressure = "0" />
		<Point X = "244" Y = "88" T = "0" Pressure = "0" />
		<Point X = "244" Y = "87" T = "0" Pressure = "0" />
		<Point X = "243" Y = "86" T = "0" Pressure = "0" />
		<Point X = "242" Y = "84" T = "0" Pressure = "0" />
		<Point X = "242" Y = "83" T = "0" Pressure = "0" />
		<Point X = "241" Y = "82" T = "0" Pressure = "0" />
		<Point X = "241" Y = "79" T = "0" Pressure = "0" />
		<Point X = "240" Y = "79" T = "0" Pressure = "0" />
		<Point X = "240" Y = "78" T = "0" Pressure = "0" />
		<Point X = "239" Y = "76" T = "0" Pressure = "0" />
		<Point X = "238" Y = "76" T = "0" Pressure = "0" />
		<Point X = "237" Y = "76" T = "0" Pressure = "0" />
		<Point X = "236" Y = "76" T = "0" Pressure = "0" />
		<Point X = "235" Y = "76" T = "0" Pressure = "0" />
	</Stroke>
</Gesture>
