<?xml version="1.0" encoding="utf-8" standalone="yes"?>
<Gesture Name = "star">
	<Stroke>
		<Point X = "80" Y = "118" T = "0" Pressure = "0" />
		<Point X = "83" Y = "118" T = "0" Pressure = "0" />
		<Point X = "85" Y = "118" T = "0" Pressure = "0" />
		<Point X = "87" Y = "118" T = "0" Pressure = "0" />
		<Point X = "89" Y = "118" T = "0" Pressure = "0" />
		<Point X = "94" Y = "118" T = "0" Pressure = "0" />
		<Point X = "98" Y = "118" T = "0" Pressure = "0" />
		<Point X = "106" Y = "118" T = "0" Pressure = "0" />
		<Point X = "114" Y = "118" T = "0" Pressure = "0" />
		<Point X = "122" Y = "118" T = "0" Pressure = "0" />
		<Point X = "128" Y = "118" T = "0" Pressure = "0" />
		<Point X = "135" Y = "118" T = "0" Pressure = "0" />
		<Point X = "142" Y = "118" T = "0" Pressure = "0" />
		<Point X = "147" Y = "118" T = "0" Pressure = "0" />
		<Point X = "152" Y = "117" T = "0" Pressure = "0" />
		<Point X = "160" Y = "117" T = "0" Pressure = "0" />
		<Point X = "166" Y = "117" T = "0" Pressure = "0" />
		<Point X = "171" Y = "117" T = "0" Pressure = "0" />
		<Point X = "179" Y = "116" T = "0" Pressure = "0" />
		<Point X = "185" Y = "116" T = "0" Pressure = "0" />
		<Point X = "191" Y = "116" T = "0" Pressure = "0" />
		<Point X = "195" Y = "116" T = "0" Pressure = "0" />
		<Point X = "198" Y = "116" T = "0" Pressure = "0" />
		<Point X = "199" Y = "116" T = "0" Pressure = "0" />
		<Point X = "201" Y = "116" T = "0" Pressure = "0" />
		<Point X = "202" Y = "116" T = "0" Pressure = "0" />
		<Point X = "204" Y = "116" T = "0" Pressure = "0" />
		<Point X = "205" Y = "116" T = "0" Pressure = "0" />
		<Point X = "208" Y = "116" T = "0" Pressure = "0" />
		<Point X = "210" Y = "116" T = "0" Pressure = "0" />
		<Point X = "214" Y = "116" T = "0" Pressure = "0" />
		<Point X = "216" Y = "116" T = "0" Pressure = "0" />
		<Point X = "217" Y = "116" T = "0" Pressure = "0" />
		<Point X = "219" Y = "114" T = "0" Pressure = "0" />
		<Point X = "220" Y = "114" T = "0" Pressure = "0" />
		<Point X = "222" Y = "114" T = "0" Pressure = "0" />
		<Point X = "223" Y = "114" T = "0" Pressure = "0" />
		<Point X = "224" Y = "114" T = "0" Pressure = "0" />
		<Point X = "224" Y = "115" T = "0" Pressure = "0" />
		<Point X = "224" Y = "116" T = "0" Pressure = "0" />
		<Point X = "224" Y = "118" T = "0" Pressure = "0" />
		<Point X = "223" Y = "119" T = "0" Pressure = "0" />
		<Point X = "222" Y = "121" T = "0" Pressure = "0" />
		<Point X = "220" Y = "126" T = "0" Pressure = "0" />
		<Point X = "216" Y = "129" T = "0" Pressure = "0" />
		<Point X = "214" Y = "131" T = "0" Pressure = "0" />
		<Point X = "207" Y = "136" T = "0" Pressure = "0" />
		<Point X = "205" Y = "139" T = "0" Pressure = "0" />
		<Point X = "199" Y = "142" T = "0" Pressure = "0" />
		<Point X = "196" Y = "143" T = "0" Pressure = "0" />
		<Point X = "190" Y = "148" T = "0" Pressure = "0" />
		<Point X = "183" Y = "151" T = "0" Pressure = "0" />
		<Point X = "178" Y = "154" T = "0" Pressure = "0" />
		<Point X = "175" Y = "155" T = "0" Pressure = "0" />
		<Point X = "173" Y = "155" T = "0" Pressure = "0" />
		<Point X = "171" Y = "157" T = "0" Pressure = "0" />
		<Point X = "168" Y = "158" T = "0" Pressure = "0" />
		<Point X = "165" Y = "159" T = "0" Pressure = "0" />
		<Point X = "161" Y = "162" T = "0" Pressure = "0" />
		<Point X = "159" Y = "162" T = "0" Pressure = "0" />
		<Point X = "156" Y = "163" T = "0" Pressure = "0" />
		<Point X = "153" Y = "165" T = "0" Pressure = "0" />
		<Point X = "151" Y = "166" T = "0" Pressure = "0" />
		<Point X = "146" Y = "167" T = "0" Pressure = "0" />
		<Point X = "142" Y = "170" T = "0" Pressure = "0" />
		<Point X = "137" Y = "171" T = "0" Pressure = "0" />
		<Point X = "132" Y = "174" T = "0" Pressure = "0" />
		<Point X = "131" Y = "175" T = "0" Pressure = "0" />
		<Point X = "130" Y = "175" T = "0" Pressure = "0" />
		<Point X = "127" Y = "176" T = "0" Pressure = "0" />
		<Point X = "126" Y = "176" T = "0" Pressure = "0" />
		<Point X = "124" Y = "178" T = "0" Pressure = "0" />
		<Point X = "122" Y = "178" T = "0" Pressure = "0" />
		<Point X = "119" Y = "179" T = "0" Pressure = "0" />
		<Point X = "119" Y = "180" T = "0" Pressure = "0" />
		<Point X = "117" Y = "181" T = "0" Pressure = "0" />
		<Point X = "115" Y = "182" T = "0" Pressure = "0" />
		<Point X = "112" Y = "182" T = "0" Pressure = "0" />
		<Point X = "111" Y = "183" T = "0" Pressure = "0" />
		<Point X = "109" Y = "183" T = "0" Pressure = "0" />
		<Point X = "108" Y = "185" T = "0" Pressure = "0" />
		<Point X = "107" Y = "185" T = "0" Pressure = "0" />
		<Point X = "107" Y = "183" T = "0" Pressure = "0" />
		<Point X = "107" Y = "181" T = "0" Pressure = "0" />
		<Point X = "108" Y = "178" T = "0" Pressure = "0" />
		<Point X = "109" Y = "175" T = "0" Pressure = "0" />
		<Point X = "110" Y = "173" T = "0" Pressure = "0" />
		<Point X = "112" Y = "169" T = "0" Pressure = "0" />
		<Point X = "114" Y = "165" T = "0" Pressure = "0" />
		<Point X = "115" Y = "162" T = "0" Pressure = "0" />
		<Point X = "116" Y = "159" T = "0" Pressure = "0" />
		<Point X = "119" Y = "154" T = "0" Pressure = "0" />
		<Point X = "122" Y = "150" T = "0" Pressure = "0" />
		<Point X = "123" Y = "147" T = "0" Pressure = "0" />
		<Point X = "125" Y = "142" T = "0" Pressure = "0" />
		<Point X = "126" Y = "140" T = "0" Pressure = "0" />
		<Point X = "127" Y = "137" T = "0" Pressure = "0" />
		<Point X = "130" Y = "132" T = "0" Pressure = "0" />
		<Point X = "130" Y = "131" T = "0" Pressure = "0" />
		<Point X = "131" Y = "127" T = "0" Pressure = "0" />
		<Point X = "131" Y = "124" T = "0" Pressure = "0" />
		<Point X = "132" Y = "120" T = "0" Pressure = "0" />
		<Point X = "134" Y = "117" T = "0" Pressure = "0" />
		<Point X = "135" Y = "115" T = "0" Pressure = "0" />
		<Point X = "135" Y = "113" T = "0" Pressure = "0" />
		<Point X = "138" Y = "108" T = "0" Pressure = "0" />
		<Point X = "140" Y = "106" T = "0" Pressure = "0" />
		<Point X = "140" Y = "104" T = "0" Pressure = "0" />
		<Point X = "142" Y = "100" T = "0" Pressure = "0" />
		<Point X = "143" Y = "100" T = "0" Pressure = "0" />
		<Point X = "143" Y = "98" T = "0" Pressure = "0" />
		<Point X = "144" Y = "95" T = "0" Pressure = "0" />
		<Point X = "147" Y = "92" T = "0" Pressure = "0" />
		<Point X = "147" Y = "90" T = "0" Pressure = "0" />
		<Point X = "149" Y = "86" T = "0" Pressure = "0" />
		<Point X = "151" Y = "84" T = "0" Pressure = "0" />
		<Point X = "152" Y = "81" T = "0" Pressure = "0" />
		<Point X = "154" Y = "78" T = "0" Pressure = "0" />
		<Point X = "155" Y = "77" T = "0" Pressure = "0" />
		<Point X = "155" Y = "75" T = "0" Pressure = "0" />
		<Point X = "156" Y = "72" T = "0" Pressure = "0" />
		<Point X = "156" Y = "71" T = "0" Pressure = "0" />
		<Point X = "156" Y = "70" T = "0" Pressure = "0" />
		<Point X = "158" Y = "67" T = "0" Pressure = "0" />
		<Point X = "158" Y = "65" T = "0" Pressure = "0" />
		<Point X = "159" Y = "64" T = "0" Pressure = "0" />
		<Point X = "159" Y = "63" T = "0" Pressure = "0" />
		<Point X = "159" Y = "64" T = "0" Pressure = "0" />
		<Point X = "161" Y = "65" T = "0" Pressure = "0" />
		<Point X = "162" Y = "66" T = "0" Pressure = "0" />
		<Point X = "162" Y = "68" T = "0" Pressure = "0" />
		<Point X = "162" Y = "69" T = "0" Pressure = "0" />
		<Point X = "162" Y = "70" T = "0" Pressure = "0" />
		<Point X = "162" Y = "71" T = "0" Pressure = "0" />
		<Point X = "163" Y = "74" T = "0" Pressure = "0" />
		<Point X = "165" Y = "76" T = "0" Pressure = "0" />
		<Point X = "165" Y = "79" T = "0" Pressure = "0" />
		<Point X = "166" Y = "82" T = "0" Pressure = "0" />
		<Point X = "167" Y = "88" T = "0" Pressure = "0" />
		<Point X = "169" Y = "92" T = "0" Pressure = "0" />
		<Point X = "170" Y = "95" T = "0" Pressure = "0" />
		<Point X = "170" Y = "96" T = "0" Pressure = "0" />
		<Point X = "170" Y = "99" T = "0" Pressure = "0" />
		<Point X = "171" Y = "102" T = "0" Pressure = "0" />
		<Point X = "173" Y = "104" T = "0" Pressure = "0" />
		<Point X = "173" Y = "108" T = "0" Pressure = "0" />
		<Point X = "174" Y = "110" T = "0" Pressure = "0" />
		<Point X = "175" Y = "112" T = "0" Pressure = "0" />
		<Point X = "176" Y = "114" T = "0" Pressure = "0" />
		<Point X = "177" Y = "115" T = "0" Pressure = "0" />
		<Point X = "178" Y = "117" T = "0" Pressure = "0" />
		<Point X = "178" Y = "119" T = "0" Pressure = "0" />
		<Point X = "178" Y = "120" T = "0" Pressure = "0" />
		<Point X = "180" Y = "122" T = "0" Pressure = "0" />
		<Point X = "181" Y = "124" T = "0" Pressure = "0" />
		<Point X = "181" Y = "126" T = "0" Pressure = "0" />
		<Point X = "182" Y = "128" T = "0" Pressure = "0" />
		<Point X = "182" Y = "129" T = "0" Pressure = "0" />
		<Point X = "184" Y = "131" T = "0" Pressure = "0" />
		<Point X = "184" Y = "133" T = "0" Pressure = "0" />
		<Point X = "185" Y = "135" T = "0" Pressure = "0" />
		<Point X = "186" Y = "137" T = "0" Pressure = "0" />
		<Point X = "188" Y = "142" T = "0" Pressure = "0" />
		<Point X = "189" Y = "143" T = "0" Pressure = "0" />
		<Point X = "190" Y = "146" T = "0" Pressure = "0" />
		<Point X = "192" Y = "149" T = "0" Pressure = "0" />
		<Point X = "192" Y = "151" T = "0" Pressure = "0" />
		<Point X = "192" Y = "154" T = "0" Pressure = "0" />
		<Point X = "193" Y = "154" T = "0" Pressure = "0" />
		<Point X = "193" Y = "155" T = "0" Pressure = "0" />
		<Point X = "193" Y = "158" T = "0" Pressure = "0" />
		<Point X = "193" Y = "159" T = "0" Pressure = "0" />
		<Point X = "193" Y = "162" T = "0" Pressure = "0" />
		<Point X = "194" Y = "164" T = "0" Pressure = "0" />
		<Point X = "196" Y = "167" T = "0" Pressure = "0" />
		<Point X = "197" Y = "168" T = "0" Pressure = "0" />
		<Point X = "197" Y = "169" T = "0" Pressure = "0" />
		<Point X = "197" Y = "171" T = "0" Pressure = "0" />
		<Point X = "197" Y = "173" T = "0" Pressure = "0" />
		<Point X = "199" Y = "175" T = "0" Pressure = "0" />
		<Point X = "199" Y = "177" T = "0" Pressure = "0" />
		<Point X = "200" Y = "178" T = "0" Pressure = "0" />
		<Point X = "200" Y = "180" T = "0" Pressure = "0" />
		<Point X = "200" Y = "181" T = "0" Pressure = "0" />
		<Point X = "201" Y = "184" T = "0" Pressure = "0" />
		<Point X = "201" Y = "186" T = "0" Pressure = "0" />
		<Point X = "203" Y = "188" T = "0" Pressure = "0" />
		<Point X = "203" Y = "189" T = "0" Pressure = "0" />
		<Point X = "202" Y = "189" T = "0" Pressure = "0" />
		<Point X = "201" Y = "189" T = "0" Pressure = "0" />
		<Point X = "200" Y = "190" T = "0" Pressure = "0" />
		<Point X = "199" Y = "190" T = "0" Pressure = "0" />
		<Point X = "197" Y = "190" T = "0" Pressure = "0" />
		<Point X = "196" Y = "190" T = "0" Pressure = "0" />
		<Point X = "194" Y = "190" T = "0" Pressure = "0" />
		<Point X = "192" Y = "190" T = "0" Pressure = "0" />
		<Point X = "191" Y = "190" T = "0" Pressure = "0" />
		<Point X = "189" Y = "189" T = "0" Pressure = "0" />
		<Point X = "187" Y = "189" T = "0" Pressure = "0" />
		<Point X = "185" Y = "188" T = "0" Pressure = "0" />
		<Point X = "184" Y = "187" T = "0" Pressure = "0" />
		<Point X = "181" Y = "185" T = "0" Pressure = "0" />
		<Point X = "178" Y = "184" T = "0" Pressure = "0" />
		<Point X = "175" Y = "182" T = "0" Pressure = "0" />
		<Point X = "171" Y = "181" T = "0" Pressure = "0" />
		<Point X = "165" Y = "178" T = "0" Pressure = "0" />
		<Point X = "159" Y = "174" T = "0" Pressure = "0" />
		<Point X = "156" Y = "172" T = "0" Pressure = "0" />
		<Point X = "152" Y = "169" T = "0" Pressure = "0" />
		<Point X = "150" Y = "167" T = "0" Pressure = "0" />
		<Point X = "147" Y = "164" T = "0" Pressure = "0" />
		<Point X = "145" Y = "162" T = "0" Pressure = "0" />
		<Point X = "144" Y = "160" T = "0" Pressure = "0" />
		<Point X = "143" Y = "160" T = "0" Pressure = "0" />
		<Point X = "142" Y = "159" T = "0" Pressure = "0" />
		<Point X = "140" Y = "157" T = "0" Pressure = "0" />
		<Point X = "138" Y = "154" T = "0" Pressure = "0" />
		<Point X = "136" Y = "154" T = "0" Pressure = "0" />
		<Point X = "134" Y = "153" T = "0" Pressure = "0" />
		<Point X = "133" Y = "152" T = "0" Pressure = "0" />
		<Point X = "132" Y = "151" T = "0" Pressure = "0" />
		<Point X = "129" Y = "150" T = "0" Pressure = "0" />
		<Point X = "128" Y = "150" T = "0" Pressure = "0" />
		<Point X = "126" Y = "149" T = "0" Pressure = "0" />
		<Point X = "125" Y = "148" T = "0" Pressure = "0" />
		<Point X = "123" Y = "148" T = "0" Pressure = "0" />
		<Point X = "122" Y = "148" T = "0" Pressure = "0" />
		<Point X = "122" Y = "147" T = "0" Pressure = "0" />
		<Point X = "121" Y = "146" T = "0" Pressure = "0" />
		<Point X = "118" Y = "145" T = "0" Pressure = "0" />
		<Point X = "115" Y = "143" T = "0" Pressure = "0" />
		<Point X = "114" Y = "143" T = "0" Pressure = "0" />
		<Point X = "111" Y = "140" T = "0" Pressure = "0" />
		<Point X = "109" Y = "140" T = "0" Pressure = "0" />
		<Point X = "108" Y = "139" T = "0" Pressure = "0" />
		<Point X = "106" Y = "138" T = "0" Pressure = "0" />
		<Point X = "105" Y = "137" T = "0" Pressure = "0" />
		<Point X = "104" Y = "137" T = "0" Pressure = "0" />
		<Point X = "102" Y = "135" T = "0" Pressure = "0" />
		<Point X = "99" Y = "133" T = "0" Pressure = "0" />
		<Point X = "98" Y = "132" T = "0" Pressure = "0" />
		<Point X = "97" Y = "132" T = "0" Pressure = "0" />
		<Point X = "96" Y = "130" T = "0" Pressure = "0" />
		<Point X = "94" Y = "130" T = "0" Pressure = "0" />
		<Point X = "94" Y = "129" T = "0" Pressure = "0" />
		<Point X = "93" Y = "128" T = "0" Pressure = "0" />
		<Point X = "91" Y = "128" T = "0" Pressure = "0" />
		<Point X = "91" Y = "127" T = "0" Pressure = "0" />
		<Point X = "90" Y = "127" T = "0" Pressure = "0" />
		<Point X = "89" Y = "127" T = "0" Pressure = "0" />
		<Point X = "88" Y = "126" T = "0" Pressure = "0" />
		<Point X = "88" Y = "125" T = "0" Pressure = "0" />
		<Point X = "87" Y = "125" T = "0" Pressure = "0" />
		<Point X = "87" Y = "124" T = "0" Pressure = "0" />
		<Point X = "85" Y = "122" T = "0" Pressure = "0" />
		<Point X = "85" Y = "121" T = "0" Pressure = "0" />
		<Point X = "85" Y = "120" T = "0" Pressure = "0" />
		<Point X = "84" Y = "119" T = "0" Pressure = "0" />
		<Point X = "84" Y = "118" T = "0" Pressure = "0" />
		<Point X = "84" Y = "117" T = "0" Pressure = "0" />
		<Point X = "83" Y = "117" T = "0" Pressure = "0" />
		<Point X = "82" Y = "116" T = "0" Pressure = "0" />
		<Point X = "82" Y = "115" T = "0" Pressure = "0" />
		<Point X = "82" Y = "114" T = "0" Pressure = "0" />
		<Point X = "81" Y = "114" T = "0" Pressure = "0" />
		<Point X = "81" Y = "113" T = "0" Pressure = "0" />
	</Stroke>
</Gesture>
