<?xml version="1.0" encoding="utf-8" standalone="yes"?>
<Gesture Name = "star">
	<Stroke>
		<Point X = "101" Y = "210" T = "0" Pressure = "0" />
		<Point X = "104" Y = "210" T = "0" Pressure = "0" />
		<Point X = "107" Y = "210" T = "0" Pressure = "0" />
		<Point X = "109" Y = "210" T = "0" Pressure = "0" />
		<Point X = "111" Y = "210" T = "0" Pressure = "0" />
		<Point X = "112" Y = "210" T = "0" Pressure = "0" />
		<Point X = "115" Y = "210" T = "0" Pressure = "0" />
		<Point X = "120" Y = "210" T = "0" Pressure = "0" />
		<Point X = "124" Y = "210" T = "0" Pressure = "0" />
		<Point X = "128" Y = "211" T = "0" Pressure = "0" />
		<Point X = "134" Y = "212" T = "0" Pressure = "0" />
		<Point X = "144" Y = "214" T = "0" Pressure = "0" />
		<Point X = "150" Y = "215" T = "0" Pressure = "0" />
		<Point X = "158" Y = "216" T = "0" Pressure = "0" />
		<Point X = "165" Y = "217" T = "0" Pressure = "0" />
		<Point X = "171" Y = "218" T = "0" Pressure = "0" />
		<Point X = "176" Y = "218" T = "0" Pressure = "0" />
		<Point X = "179" Y = "218" T = "0" Pressure = "0" />
		<Point X = "182" Y = "218" T = "0" Pressure = "0" />
		<Point X = "185" Y = "218" T = "0" Pressure = "0" />
		<Point X = "188" Y = "218" T = "0" Pressure = "0" />
		<Point X = "190" Y = "218" T = "0" Pressure = "0" />
		<Point X = "192" Y = "218" T = "0" Pressure = "0" />
		<Point X = "195" Y = "218" T = "0" Pressure = "0" />
		<Point X = "196" Y = "218" T = "0" Pressure = "0" />
		<Point X = "200" Y = "218" T = "0" Pressure = "0" />
		<Point X = "201" Y = "218" T = "0" Pressure = "0" />
		<Point X = "204" Y = "218" T = "0" Pressure = "0" />
		<Point X = "207" Y = "218" T = "0" Pressure = "0" />
		<Point X = "210" Y = "218" T = "0" Pressure = "0" />
		<Point X = "214" Y = "218" T = "0" Pressure = "0" />
		<Point X = "218" Y = "218" T = "0" Pressure = "0" />
		<Point X = "224" Y = "218" T = "0" Pressure = "0" />
		<Point X = "231" Y = "218" T = "0" Pressure = "0" />
		<Point X = "238" Y = "218" T = "0" Pressure = "0" />
		<Point X = "243" Y = "218" T = "0" Pressure = "0" />
		<Point X = "247" Y = "218" T = "0" Pressure = "0" />
		<Point X = "252" Y = "218" T = "0" Pressure = "0" />
		<Point X = "255" Y = "218" T = "0" Pressure = "0" />
		<Point X = "257" Y = "218" T = "0" Pressure = "0" />
		<Point X = "258" Y = "218" T = "0" Pressure = "0" />
		<Point X = "260" Y = "218" T = "0" Pressure = "0" />
		<Point X = "263" Y = "218" T = "0" Pressure = "0" />
		<Point X = "266" Y = "218" T = "0" Pressure = "0" />
		<Point X = "267" Y = "218" T = "0" Pressure = "0" />
		<Point X = "270" Y = "218" T = "0" Pressure = "0" />
		<Point X = "273" Y = "218" T = "0" Pressure = "0" />
		<Point X = "274" Y = "218" T = "0" Pressure = "0" />
		<Point X = "277" Y = "218" T = "0" Pressure = "0" />
		<Point X = "278" Y = "218" T = "0" Pressure = "0" />
		<Point X = "278" Y = "219" T = "0" Pressure = "0" />
		<Point X = "279" Y = "219" T = "0" Pressure = "0" />
		<Point X = "279" Y = "220" T = "0" Pressure = "0" />
		<Point X = "279" Y = "221" T = "0" Pressure = "0" />
		<Point X = "279" Y = "223" T = "0" Pressure = "0" />
		<Point X = "277" Y = "224" T = "0" Pressure = "0" />
		<Point X = "274" Y = "228" T = "0" Pressure = "0" />
		<Point X = "272" Y = "229" T = "0" Pressure = "0" />
		<Point X = "270" Y = "231" T = "0" Pressure = "0" />
		<Point X = "266" Y = "235" T = "0" Pressure = "0" />
		<Point X = "265" Y = "237" T = "0" Pressure = "0" />
		<Point X = "262" Y = "239" T = "0" Pressure = "0" />
		<Point X = "258" Y = "241" T = "0" Pressure = "0" />
		<Point X = "254" Y = "243" T = "0" Pressure = "0" />
		<Point X = "248" Y = "245" T = "0" Pressure = "0" />
		<Point X = "244" Y = "248" T = "0" Pressure = "0" />
		<Point X = "238" Y = "250" T = "0" Pressure = "0" />
		<Point X = "232" Y = "253" T = "0" Pressure = "0" />
		<Point X = "228" Y = "255" T = "0" Pressure = "0" />
		<Point X = "225" Y = "256" T = "0" Pressure = "0" />
		<Point X = "223" Y = "258" T = "0" Pressure = "0" />
		<Point X = "221" Y = "259" T = "0" Pressure = "0" />
		<Point X = "217" Y = "260" T = "0" Pressure = "0" />
		<Point X = "215" Y = "261" T = "0" Pressure = "0" />
		<Point X = "211" Y = "263" T = "0" Pressure = "0" />
		<Point X = "208" Y = "264" T = "0" Pressure = "0" />
		<Point X = "203" Y = "266" T = "0" Pressure = "0" />
		<Point X = "200" Y = "266" T = "0" Pressure = "0" />
		<Point X = "198" Y = "266" T = "0" Pressure = "0" />
		<Point X = "196" Y = "267" T = "0" Pressure = "0" />
		<Point X = "195" Y = "268" T = "0" Pressure = "0" />
		<Point X = "192" Y = "269" T = "0" Pressure = "0" />
		<Point X = "191" Y = "270" T = "0" Pressure = "0" />
		<Point X = "190" Y = "270" T = "0" Pressure = "0" />
		<Point X = "188" Y = "270" T = "0" Pressure = "0" />
		<Point X = "185" Y = "270" T = "0" Pressure = "0" />
		<Point X = "182" Y = "271" T = "0" Pressure = "0" />
		<Point X = "179" Y = "271" T = "0" Pressure = "0" />
		<Point X = "175" Y = "274" T = "0" Pressure = "0" />
		<Point X = "170" Y = "276" T = "0" Pressure = "0" />
		<Point X = "165" Y = "279" T = "0" Pressure = "0" />
		<Point X = "162" Y = "281" T = "0" Pressure = "0" />
		<Point X = "159" Y = "283" T = "0" Pressure = "0" />
		<Point X = "157" Y = "284" T = "0" Pressure = "0" />
		<Point X = "156" Y = "284" T = "0" Pressure = "0" />
		<Point X = "154" Y = "284" T = "0" Pressure = "0" />
		<Point X = "153" Y = "284" T = "0" Pressure = "0" />
		<Point X = "152" Y = "286" T = "0" Pressure = "0" />
		<Point X = "150" Y = "286" T = "0" Pressure = "0" />
		<Point X = "149" Y = "286" T = "0" Pressure = "0" />
		<Point X = "147" Y = "287" T = "0" Pressure = "0" />
		<Point X = "146" Y = "288" T = "0" Pressure = "0" />
		<Point X = "144" Y = "288" T = "0" Pressure = "0" />
		<Point X = "144" Y = "289" T = "0" Pressure = "0" />
		<Point X = "142" Y = "290" T = "0" Pressure = "0" />
		<Point X = "139" Y = "290" T = "0" Pressure = "0" />
		<Point X = "138" Y = "291" T = "0" Pressure = "0" />
		<Point X = "135" Y = "293" T = "0" Pressure = "0" />
		<Point X = "132" Y = "293" T = "0" Pressure = "0" />
		<Point X = "130" Y = "294" T = "0" Pressure = "0" />
		<Point X = "128" Y = "295" T = "0" Pressure = "0" />
		<Point X = "127" Y = "295" T = "0" Pressure = "0" />
		<Point X = "126" Y = "296" T = "0" Pressure = "0" />
		<Point X = "125" Y = "297" T = "0" Pressure = "0" />
		<Point X = "124" Y = "297" T = "0" Pressure = "0" />
		<Point X = "123" Y = "297" T = "0" Pressure = "0" />
		<Point X = "122" Y = "298" T = "0" Pressure = "0" />
		<Point X = "121" Y = "298" T = "0" Pressure = "0" />
		<Point X = "119" Y = "299" T = "0" Pressure = "0" />
		<Point X = "120" Y = "297" T = "0" Pressure = "0" />
		<Point X = "121" Y = "295" T = "0" Pressure = "0" />
		<Point X = "122" Y = "292" T = "0" Pressure = "0" />
		<Point X = "124" Y = "289" T = "0" Pressure = "0" />
		<Point X = "126" Y = "284" T = "0" Pressure = "0" />
		<Point X = "127" Y = "279" T = "0" Pressure = "0" />
		<Point X = "128" Y = "278" T = "0" Pressure = "0" />
		<Point X = "131" Y = "275" T = "0" Pressure = "0" />
		<Point X = "133" Y = "270" T = "0" Pressure = "0" />
		<Point X = "134" Y = "268" T = "0" Pressure = "0" />
		<Point X = "136" Y = "265" T = "0" Pressure = "0" />
		<Point X = "136" Y = "264" T = "0" Pressure = "0" />
		<Point X = "138" Y = "262" T = "0" Pressure = "0" />
		<Point X = "139" Y = "260" T = "0" Pressure = "0" />
		<Point X = "140" Y = "257" T = "0" Pressure = "0" />
		<Point X = "141" Y = "255" T = "0" Pressure = "0" />
		<Point X = "143" Y = "252" T = "0" Pressure = "0" />
		<Point X = "145" Y = "249" T = "0" Pressure = "0" />
		<Point X = "147" Y = "246" T = "0" Pressure = "0" />
		<Point X = "149" Y = "241" T = "0" Pressure = "0" />
		<Point X = "152" Y = "237" T = "0" Pressure = "0" />
		<Point X = "155" Y = "233" T = "0" Pressure = "0" />
		<Point X = "158" Y = "228" T = "0" Pressure = "0" />
		<Point X = "161" Y = "224" T = "0" Pressure = "0" />
		<Point X = "161" Y = "222" T = "0" Pressure = "0" />
		<Point X = "162" Y = "220" T = "0" Pressure = "0" />
		<Point X = "165" Y = "216" T = "0" Pressure = "0" />
		<Point X = "166" Y = "213" T = "0" Pressure = "0" />
		<Point X = "168" Y = "211" T = "0" Pressure = "0" />
		<Point X = "169" Y = "208" T = "0" Pressure = "0" />
		<Point X = "170" Y = "207" T = "0" Pressure = "0" />
		<Point X = "172" Y = "206" T = "0" Pressure = "0" />
		<Point X = "172" Y = "204" T = "0" Pressure = "0" />
		<Point X = "174" Y = "202" T = "0" Pressure = "0" />
		<Point X = "175" Y = "200" T = "0" Pressure = "0" />
		<Point X = "177" Y = "198" T = "0" Pressure = "0" />
		<Point X = "177" Y = "197" T = "0" Pressure = "0" />
		<Point X = "178" Y = "195" T = "0" Pressure = "0" />
		<Point X = "181" Y = "194" T = "0" Pressure = "0" />
		<Point X = "181" Y = "192" T = "0" Pressure = "0" />
		<Point X = "184" Y = "190" T = "0" Pressure = "0" />
		<Point X = "185" Y = "188" T = "0" Pressure = "0" />
		<Point X = "187" Y = "185" T = "0" Pressure = "0" />
		<Point X = "189" Y = "181" T = "0" Pressure = "0" />
		<Point X = "192" Y = "177" T = "0" Pressure = "0" />
		<Point X = "193" Y = "174" T = "0" Pressure = "0" />
		<Point X = "194" Y = "172" T = "0" Pressure = "0" />
		<Point X = "197" Y = "168" T = "0" Pressure = "0" />
		<Point X = "198" Y = "164" T = "0" Pressure = "0" />
		<Point X = "201" Y = "161" T = "0" Pressure = "0" />
		<Point X = "202" Y = "159" T = "0" Pressure = "0" />
		<Point X = "202" Y = "157" T = "0" Pressure = "0" />
		<Point X = "203" Y = "157" T = "0" Pressure = "0" />
		<Point X = "203" Y = "156" T = "0" Pressure = "0" />
		<Point X = "204" Y = "156" T = "0" Pressure = "0" />
		<Point X = "204" Y = "158" T = "0" Pressure = "0" />
		<Point X = "204" Y = "161" T = "0" Pressure = "0" />
		<Point X = "205" Y = "164" T = "0" Pressure = "0" />
		<Point X = "205" Y = "165" T = "0" Pressure = "0" />
		<Point X = "206" Y = "170" T = "0" Pressure = "0" />
		<Point X = "206" Y = "173" T = "0" Pressure = "0" />
		<Point X = "206" Y = "177" T = "0" Pressure = "0" />
		<Point X = "207" Y = "179" T = "0" Pressure = "0" />
		<Point X = "208" Y = "180" T = "0" Pressure = "0" />
		<Point X = "209" Y = "184" T = "0" Pressure = "0" />
		<Point X = "209" Y = "186" T = "0" Pressure = "0" />
		<Point X = "209" Y = "188" T = "0" Pressure = "0" />
		<Point X = "211" Y = "190" T = "0" Pressure = "0" />
		<Point X = "212" Y = "191" T = "0" Pressure = "0" />
		<Point X = "212" Y = "193" T = "0" Pressure = "0" />
		<Point X = "212" Y = "195" T = "0" Pressure = "0" />
		<Point X = "212" Y = "198" T = "0" Pressure = "0" />
		<Point X = "212" Y = "201" T = "0" Pressure = "0" />
		<Point X = "213" Y = "203" T = "0" Pressure = "0" />
		<Point X = "213" Y = "207" T = "0" Pressure = "0" />
		<Point X = "214" Y = "212" T = "0" Pressure = "0" />
		<Point X = "215" Y = "213" T = "0" Pressure = "0" />
		<Point X = "215" Y = "215" T = "0" Pressure = "0" />
		<Point X = "215" Y = "218" T = "0" Pressure = "0" />
		<Point X = "215" Y = "219" T = "0" Pressure = "0" />
		<Point X = "215" Y = "222" T = "0" Pressure = "0" />
		<Point X = "215" Y = "224" T = "0" Pressure = "0" />
		<Point X = "216" Y = "226" T = "0" Pressure = "0" />
		<Point X = "217" Y = "229" T = "0" Pressure = "0" />
		<Point X = "217" Y = "230" T = "0" Pressure = "0" />
		<Point X = "217" Y = "232" T = "0" Pressure = "0" />
		<Point X = "217" Y = "233" T = "0" Pressure = "0" />
		<Point X = "218" Y = "236" T = "0" Pressure = "0" />
		<Point X = "218" Y = "237" T = "0" Pressure = "0" />
		<Point X = "219" Y = "239" T = "0" Pressure = "0" />
		<Point X = "220" Y = "242" T = "0" Pressure = "0" />
		<Point X = "220" Y = "244" T = "0" Pressure = "0" />
		<Point X = "222" Y = "248" T = "0" Pressure = "0" />
		<Point X = "223" Y = "253" T = "0" Pressure = "0" />
		<Point X = "224" Y = "257" T = "0" Pressure = "0" />
		<Point X = "224" Y = "261" T = "0" Pressure = "0" />
		<Point X = "225" Y = "266" T = "0" Pressure = "0" />
		<Point X = "227" Y = "269" T = "0" Pressure = "0" />
		<Point X = "227" Y = "271" T = "0" Pressure = "0" />
		<Point X = "227" Y = "273" T = "0" Pressure = "0" />
		<Point X = "228" Y = "275" T = "0" Pressure = "0" />
		<Point X = "229" Y = "275" T = "0" Pressure = "0" />
		<Point X = "229" Y = "276" T = "0" Pressure = "0" />
		<Point X = "230" Y = "279" T = "0" Pressure = "0" />
		<Point X = "231" Y = "280" T = "0" Pressure = "0" />
		<Point X = "232" Y = "282" T = "0" Pressure = "0" />
		<Point X = "232" Y = "283" T = "0" Pressure = "0" />
		<Point X = "234" Y = "286" T = "0" Pressure = "0" />
		<Point X = "235" Y = "288" T = "0" Pressure = "0" />
		<Point X = "235" Y = "289" T = "0" Pressure = "0" />
		<Point X = "235" Y = "290" T = "0" Pressure = "0" />
		<Point X = "235" Y = "291" T = "0" Pressure = "0" />
		<Point X = "235" Y = "292" T = "0" Pressure = "0" />
		<Point X = "236" Y = "294" T = "0" Pressure = "0" />
		<Point X = "236" Y = "295" T = "0" Pressure = "0" />
		<Point X = "236" Y = "296" T = "0" Pressure = "0" />
		<Point X = "236" Y = "298" T = "0" Pressure = "0" />
		<Point X = "236" Y = "299" T = "0" Pressure = "0" />
		<Point X = "236" Y = "301" T = "0" Pressure = "0" />
		<Point X = "236" Y = "302" T = "0" Pressure = "0" />
		<Point X = "236" Y = "303" T = "0" Pressure = "0" />
		<Point X = "236" Y = "304" T = "0" Pressure = "0" />
		<Point X = "236" Y = "305" T = "0" Pressure = "0" />
		<Point X = "237" Y = "307" T = "0" Pressure = "0" />
		<Point X = "237" Y = "308" T = "0" Pressure = "0" />
		<Point X = "237" Y = "310" T = "0" Pressure = "0" />
		<Point X = "237" Y = "311" T = "0" Pressure = "0" />
		<Point X = "237" Y = "312" T = "0" Pressure = "0" />
		<Point X = "237" Y = "313" T = "0" Pressure = "0" />
		<Point X = "237" Y = "315" T = "0" Pressure = "0" />
		<Point X = "237" Y = "316" T = "0" Pressure = "0" />
		<Point X = "237" Y = "317" T = "0" Pressure = "0" />
		<Point X = "237" Y = "318" T = "0" Pressure = "0" />
		<Point X = "236" Y = "318" T = "0" Pressure = "0" />
		<Point X = "235" Y = "319" T = "0" Pressure = "0" />
		<Point X = "234" Y = "319" T = "0" Pressure = "0" />
		<Point X = "232" Y = "319" T = "0" Pressure = "0" />
		<Point X = "231" Y = "319" T = "0" Pressure = "0" />
		<Point X = "228" Y = "318" T = "0" Pressure = "0" />
		<Point X = "225" Y = "317" T = "0" Pressure = "0" />
		<Point X = "224" Y = "316" T = "0" Pressure = "0" />
		<Point X = "221" Y = "316" T = "0" Pressure = "0" />
		<Point X = "219" Y = "315" T = "0" Pressure = "0" />
		<Point X = "217" Y = "314" T = "0" Pressure = "0" />
		<Point X = "214" Y = "312" T = "0" Pressure = "0" />
		<Point X = "212" Y = "312" T = "0" Pressure = "0" />
		<Point X = "207" Y = "307" T = "0" Pressure = "0" />
		<Point X = "205" Y = "305" T = "0" Pressure = "0" />
		<Point X = "200" Y = "300" T = "0" Pressure = "0" />
		<Point X = "195" Y = "297" T = "0" Pressure = "0" />
		<Point X = "191" Y = "293" T = "0" Pressure = "0" />
		<Point X = "189" Y = "291" T = "0" Pressure = "0" />
		<Point X = "186" Y = "287" T = "0" Pressure = "0" />
		<Point X = "185" Y = "286" T = "0" Pressure = "0" />
		<Point X = "185" Y = "284" T = "0" Pressure = "0" />
		<Point X = "184" Y = "284" T = "0" Pressure = "0" />
		<Point X = "184" Y = "283" T = "0" Pressure = "0" />
		<Point X = "183" Y = "283" T = "0" Pressure = "0" />
		<Point X = "180" Y = "283" T = "0" Pressure = "0" />
		<Point X = "180" Y = "282" T = "0" Pressure = "0" />
		<Point X = "178" Y = "281" T = "0" Pressure = "0" />
		<Point X = "176" Y = "280" T = "0" Pressure = "0" />
		<Point X = "172" Y = "279" T = "0" Pressure = "0" />
		<Point X = "170" Y = "278" T = "0" Pressure = "0" />
		<Point X = "167" Y = "276" T = "0" Pressure = "0" />
		<Point X = "165" Y = "275" T = "0" Pressure = "0" />
		<Point X = "163" Y = "273" T = "0" Pressure = "0" />
		<Point X = "161" Y = "271" T = "0" Pressure = "0" />
		<Point X = "159" Y = "269" T = "0" Pressure = "0" />
		<Point X = "157" Y = "267" T = "0" Pressure = "0" />
		<Point X = "156" Y = "265" T = "0" Pressure = "0" />
		<Point X = "155" Y = "264" T = "0" Pressure = "0" />
		<Point X = "153" Y = "262" T = "0" Pressure = "0" />
		<Point X = "152" Y = "261" T = "0" Pressure = "0" />
		<Point X = "150" Y = "260" T = "0" Pressure = "0" />
		<Point X = "149" Y = "258" T = "0" Pressure = "0" />
		<Point X = "147" Y = "257" T = "0" Pressure = "0" />
		<Point X = "146" Y = "257" T = "0" Pressure = "0" />
		<Point X = "145" Y = "257" T = "0" Pressure = "0" />
		<Point X = "143" Y = "257" T = "0" Pressure = "0" />
		<Point X = "142" Y = "256" T = "0" Pressure = "0" />
		<Point X = "141" Y = "255" T = "0" Pressure = "0" />
		<Point X = "139" Y = "255" T = "0" Pressure = "0" />
		<Point X = "139" Y = "254" T = "0" Pressure = "0" />
		<Point X = "137" Y = "254" T = "0" Pressure = "0" />
		<Point X = "136" Y = "253" T = "0" Pressure = "0" />
		<Point X = "135" Y = "252" T = "0" Pressure = "0" />
		<Point X = "135" Y = "251" T = "0" Pressure = "0" />
		<Point X = "134" Y = "250" T = "0" Pressure = "0" />
		<Point X = "132" Y = "247" T = "0" Pressure = "0" />
		<Point X = "131" Y = "247" T = "0" Pressure = "0" />
		<Point X = "129" Y = "243" T = "0" Pressure = "0" />
		<Point X = "128" Y = "241" T = "0" Pressure = "0" />
		<Point X = "126" Y = "239" T = "0" Pressure = "0" />
		<Point X = "124" Y = "237" T = "0" Pressure = "0" />
		<Point X = "123" Y = "236" T = "0" Pressure = "0" />
		<Point X = "122" Y = "235" T = "0" Pressure = "0" />
		<Point X = "121" Y = "234" T = "0" Pressure = "0" />
		<Point X = "120" Y = "234" T = "0" Pressure = "0" />
		<Point X = "119" Y = "233" T = "0" Pressure = "0" />
		<Point X = "118" Y = "232" T = "0" Pressure = "0" />
		<Point X = "117" Y = "232" T = "0" Pressure = "0" />
		<Point X = "115" Y = "230" T = "0" Pressure = "0" />
		<Point X = "115" Y = "229" T = "0" Pressure = "0" />
		<Point X = "114" Y = "228" T = "0" Pressure = "0" />
		<Point X = "114" Y = "227" T = "0" Pressure = "0" />
		<Point X = "112" Y = "225" T = "0" Pressure = "0" />
		<Point X = "111" Y = "224" T = "0" Pressure = "0" />
		<Point X = "111" Y = "223" T = "0" Pressure = "0" />
		<Point X = "111" Y = "222" T = "0" Pressure = "0" />
		<Point X = "110" Y = "221" T = "0" Pressure = "0" />
		<Point X = "110" Y = "220" T = "0" Pressure = "0" />
		<Point X = "109" Y = "220" T = "0" Pressure = "0" />
		<Point X = "108" Y = "219" T = "0" Pressure = "0" />
		<Point X = "106" Y = "218" T = "0" Pressure = "0" />
		<Point X = "105" Y = "218" T = "0" Pressure = "0" />
		<Point X = "104" Y = "217" T = "0" Pressure = "0" />
		<Point X = "104" Y = "216" T = "0" Pressure = "0" />
		<Point X = "103" Y = "215" T = "0" Pressure = "0" />
		<Point X = "103" Y = "214" T = "0" Pressure = "0" />
		<Point X = "102" Y = "213" T = "0" Pressure = "0" />
		<Point X = "101" Y = "211" T = "0" Pressure = "0" />
		<Point X = "101" Y = "210" T = "0" Pressure = "0" />
		<Point X = "101" Y = "208" T = "0" Pressure = "0" />
		<Point X = "99" Y = "207" T = "0" Pressure = "0" />
	</Stroke>
</Gesture>
