<?xml version="1.0" encoding="utf-8" standalone="yes"?>
<Gesture Name = "star">
	<Stroke>
		<Point X = "134" Y = "222" T = "0" Pressure = "0" />
		<Point X = "136" Y = "222" T = "0" Pressure = "0" />
		<Point X = "139" Y = "222" T = "0" Pressure = "0" />
		<Point X = "143" Y = "222" T = "0" Pressure = "0" />
		<Point X = "147" Y = "222" T = "0" Pressure = "0" />
		<Point X = "153" Y = "222" T = "0" Pressure = "0" />
		<Point X = "157" Y = "222" T = "0" Pressure = "0" />
		<Point X = "161" Y = "222" T = "0" Pressure = "0" />
		<Point X = "168" Y = "222" T = "0" Pressure = "0" />
		<Point X = "174" Y = "222" T = "0" Pressure = "0" />
		<Point X = "178" Y = "222" T = "0" Pressure = "0" />
		<Point X = "182" Y = "222" T = "0" Pressure = "0" />
		<Point X = "185" Y = "222" T = "0" Pressure = "0" />
		<Point X = "188" Y = "222" T = "0" Pressure = "0" />
		<Point X = "192" Y = "222" T = "0" Pressure = "0" />
		<Point X = "195" Y = "222" T = "0" Pressure = "0" />
		<Point X = "200" Y = "222" T = "0" Pressure = "0" />
		<Point X = "208" Y = "222" T = "0" Pressure = "0" />
		<Point X = "215" Y = "222" T = "0" Pressure = "0" />
		<Point X = "225" Y = "222" T = "0" Pressure = "0" />
		<Point X = "230" Y = "222" T = "0" Pressure = "0" />
		<Point X = "238" Y = "222" T = "0" Pressure = "0" />
		<Point X = "243" Y = "222" T = "0" Pressure = "0" />
		<Point X = "244" Y = "222" T = "0" Pressure = "0" />
		<Point X = "245" Y = "222" T = "0" Pressure = "0" />
		<Point X = "246" Y = "222" T = "0" Pressure = "0" />
		<Point X = "246" Y = "223" T = "0" Pressure = "0" />
		<Point X = "246" Y = "224" T = "0" Pressure = "0" />
		<Point X = "245" Y = "225" T = "0" Pressure = "0" />
		<Point X = "244" Y = "227" T = "0" Pressure = "0" />
		<Point X = "242" Y = "229" T = "0" Pressure = "0" />
		<Point X = "239" Y = "231" T = "0" Pressure = "0" />
		<Point X = "235" Y = "235" T = "0" Pressure = "0" />
		<Point X = "231" Y = "239" T = "0" Pressure = "0" />
		<Point X = "228" Y = "241" T = "0" Pressure = "0" />
		<Point X = "223" Y = "246" T = "0" Pressure = "0" />
		<Point X = "217" Y = "250" T = "0" Pressure = "0" />
		<Point X = "215" Y = "251" T = "0" Pressure = "0" />
		<Point X = "210" Y = "255" T = "0" Pressure = "0" />
		<Point X = "208" Y = "255" T = "0" Pressure = "0" />
		<Point X = "205" Y = "258" T = "0" Pressure = "0" />
		<Point X = "204" Y = "258" T = "0" Pressure = "0" />
		<Point X = "203" Y = "259" T = "0" Pressure = "0" />
		<Point X = "201" Y = "259" T = "0" Pressure = "0" />
		<Point X = "200" Y = "260" T = "0" Pressure = "0" />
		<Point X = "199" Y = "261" T = "0" Pressure = "0" />
		<Point X = "197" Y = "262" T = "0" Pressure = "0" />
		<Point X = "195" Y = "263" T = "0" Pressure = "0" />
		<Point X = "193" Y = "264" T = "0" Pressure = "0" />
		<Point X = "189" Y = "266" T = "0" Pressure = "0" />
		<Point X = "187" Y = "267" T = "0" Pressure = "0" />
		<Point X = "184" Y = "268" T = "0" Pressure = "0" />
		<Point X = "182" Y = "269" T = "0" Pressure = "0" />
		<Point X = "180" Y = "269" T = "0" Pressure = "0" />
		<Point X = "178" Y = "270" T = "0" Pressure = "0" />
		<Point X = "177" Y = "270" T = "0" Pressure = "0" />
		<Point X = "176" Y = "271" T = "0" Pressure = "0" />
		<Point X = "173" Y = "273" T = "0" Pressure = "0" />
		<Point X = "172" Y = "274" T = "0" Pressure = "0" />
		<Point X = "171" Y = "274" T = "0" Pressure = "0" />
		<Point X = "170" Y = "274" T = "0" Pressure = "0" />
		<Point X = "169" Y = "275" T = "0" Pressure = "0" />
		<Point X = "168" Y = "275" T = "0" Pressure = "0" />
		<Point X = "166" Y = "277" T = "0" Pressure = "0" />
		<Point X = "164" Y = "278" T = "0" Pressure = "0" />
		<Point X = "162" Y = "280" T = "0" Pressure = "0" />
		<Point X = "161" Y = "280" T = "0" Pressure = "0" />
		<Point X = "159" Y = "281" T = "0" Pressure = "0" />
		<Point X = "158" Y = "281" T = "0" Pressure = "0" />
		<Point X = "157" Y = "282" T = "0" Pressure = "0" />
		<Point X = "156" Y = "283" T = "0" Pressure = "0" />
		<Point X = "157" Y = "283" T = "0" Pressure = "0" />
		<Point X = "157" Y = "282" T = "0" Pressure = "0" />
		<Point X = "158" Y = "279" T = "0" Pressure = "0" />
		<Point X = "159" Y = "276" T = "0" Pressure = "0" />
		<Point X = "160" Y = "274" T = "0" Pressure = "0" />
		<Point X = "162" Y = "270" T = "0" Pressure = "0" />
		<Point X = "163" Y = "265" T = "0" Pressure = "0" />
		<Point X = "165" Y = "259" T = "0" Pressure = "0" />
		<Point X = "166" Y = "256" T = "0" Pressure = "0" />
		<Point X = "166" Y = "253" T = "0" Pressure = "0" />
		<Point X = "167" Y = "247" T = "0" Pressure = "0" />
		<Point X = "169" Y = "243" T = "0" Pressure = "0" />
		<Point X = "170" Y = "238" T = "0" Pressure = "0" />
		<Point X = "170" Y = "234" T = "0" Pressure = "0" />
		<Point X = "171" Y = "227" T = "0" Pressure = "0" />
		<Point X = "172" Y = "222" T = "0" Pressure = "0" />
		<Point X = "174" Y = "218" T = "0" Pressure = "0" />
		<Point X = "174" Y = "215" T = "0" Pressure = "0" />
		<Point X = "175" Y = "212" T = "0" Pressure = "0" />
		<Point X = "177" Y = "207" T = "0" Pressure = "0" />
		<Point X = "177" Y = "205" T = "0" Pressure = "0" />
		<Point X = "179" Y = "201" T = "0" Pressure = "0" />
		<Point X = "180" Y = "199" T = "0" Pressure = "0" />
		<Point X = "181" Y = "197" T = "0" Pressure = "0" />
		<Point X = "181" Y = "196" T = "0" Pressure = "0" />
		<Point X = "182" Y = "192" T = "0" Pressure = "0" />
		<Point X = "182" Y = "190" T = "0" Pressure = "0" />
		<Point X = "183" Y = "189" T = "0" Pressure = "0" />
		<Point X = "183" Y = "187" T = "0" Pressure = "0" />
		<Point X = "184" Y = "186" T = "0" Pressure = "0" />
		<Point X = "184" Y = "183" T = "0" Pressure = "0" />
		<Point X = "184" Y = "181" T = "0" Pressure = "0" />
		<Point X = "184" Y = "179" T = "0" Pressure = "0" />
		<Point X = "185" Y = "178" T = "0" Pressure = "0" />
		<Point X = "186" Y = "177" T = "0" Pressure = "0" />
		<Point X = "186" Y = "175" T = "0" Pressure = "0" />
		<Point X = "187" Y = "175" T = "0" Pressure = "0" />
		<Point X = "188" Y = "173" T = "0" Pressure = "0" />
		<Point X = "189" Y = "173" T = "0" Pressure = "0" />
		<Point X = "190" Y = "176" T = "0" Pressure = "0" />
		<Point X = "191" Y = "179" T = "0" Pressure = "0" />
		<Point X = "191" Y = "183" T = "0" Pressure = "0" />
		<Point X = "194" Y = "187" T = "0" Pressure = "0" />
		<Point X = "196" Y = "191" T = "0" Pressure = "0" />
		<Point X = "198" Y = "194" T = "0" Pressure = "0" />
		<Point X = "200" Y = "199" T = "0" Pressure = "0" />
		<Point X = "200" Y = "201" T = "0" Pressure = "0" />
		<Point X = "202" Y = "204" T = "0" Pressure = "0" />
		<Point X = "203" Y = "206" T = "0" Pressure = "0" />
		<Point X = "203" Y = "209" T = "0" Pressure = "0" />
		<Point X = "204" Y = "212" T = "0" Pressure = "0" />
		<Point X = "207" Y = "214" T = "0" Pressure = "0" />
		<Point X = "207" Y = "216" T = "0" Pressure = "0" />
		<Point X = "208" Y = "220" T = "0" Pressure = "0" />
		<Point X = "210" Y = "222" T = "0" Pressure = "0" />
		<Point X = "210" Y = "225" T = "0" Pressure = "0" />
		<Point X = "212" Y = "228" T = "0" Pressure = "0" />
		<Point X = "214" Y = "232" T = "0" Pressure = "0" />
		<Point X = "216" Y = "236" T = "0" Pressure = "0" />
		<Point X = "216" Y = "239" T = "0" Pressure = "0" />
		<Point X = "216" Y = "242" T = "0" Pressure = "0" />
		<Point X = "218" Y = "244" T = "0" Pressure = "0" />
		<Point X = "219" Y = "245" T = "0" Pressure = "0" />
		<Point X = "219" Y = "246" T = "0" Pressure = "0" />
		<Point X = "219" Y = "248" T = "0" Pressure = "0" />
		<Point X = "220" Y = "249" T = "0" Pressure = "0" />
		<Point X = "220" Y = "251" T = "0" Pressure = "0" />
		<Point X = "222" Y = "253" T = "0" Pressure = "0" />
		<Point X = "222" Y = "254" T = "0" Pressure = "0" />
		<Point X = "222" Y = "256" T = "0" Pressure = "0" />
		<Point X = "223" Y = "258" T = "0" Pressure = "0" />
		<Point X = "223" Y = "260" T = "0" Pressure = "0" />
		<Point X = "224" Y = "261" T = "0" Pressure = "0" />
		<Point X = "224" Y = "262" T = "0" Pressure = "0" />
		<Point X = "225" Y = "264" T = "0" Pressure = "0" />
		<Point X = "226" Y = "264" T = "0" Pressure = "0" />
		<Point X = "226" Y = "265" T = "0" Pressure = "0" />
		<Point X = "226" Y = "266" T = "0" Pressure = "0" />
		<Point X = "226" Y = "267" T = "0" Pressure = "0" />
		<Point X = "226" Y = "268" T = "0" Pressure = "0" />
		<Point X = "226" Y = "269" T = "0" Pressure = "0" />
		<Point X = "226" Y = "270" T = "0" Pressure = "0" />
		<Point X = "226" Y = "272" T = "0" Pressure = "0" />
		<Point X = "226" Y = "273" T = "0" Pressure = "0" />
		<Point X = "226" Y = "275" T = "0" Pressure = "0" />
		<Point X = "226" Y = "277" T = "0" Pressure = "0" />
		<Point X = "226" Y = "278" T = "0" Pressure = "0" />
		<Point X = "226" Y = "280" T = "0" Pressure = "0" />
		<Point X = "226" Y = "281" T = "0" Pressure = "0" />
		<Point X = "226" Y = "282" T = "0" Pressure = "0" />
		<Point X = "225" Y = "282" T = "0" Pressure = "0" />
		<Point X = "224" Y = "282" T = "0" Pressure = "0" />
		<Point X = "223" Y = "282" T = "0" Pressure = "0" />
		<Point X = "222" Y = "282" T = "0" Pressure = "0" />
		<Point X = "220" Y = "282" T = "0" Pressure = "0" />
		<Point X = "219" Y = "282" T = "0" Pressure = "0" />
		<Point X = "215" Y = "280" T = "0" Pressure = "0" />
		<Point X = "211" Y = "278" T = "0" Pressure = "0" />
		<Point X = "206" Y = "274" T = "0" Pressure = "0" />
		<Point X = "203" Y = "271" T = "0" Pressure = "0" />
		<Point X = "201" Y = "270" T = "0" Pressure = "0" />
		<Point X = "196" Y = "267" T = "0" Pressure = "0" />
		<Point X = "194" Y = "266" T = "0" Pressure = "0" />
		<Point X = "192" Y = "265" T = "0" Pressure = "0" />
		<Point X = "189" Y = "263" T = "0" Pressure = "0" />
		<Point X = "188" Y = "262" T = "0" Pressure = "0" />
		<Point X = "186" Y = "261" T = "0" Pressure = "0" />
		<Point X = "184" Y = "260" T = "0" Pressure = "0" />
		<Point X = "183" Y = "259" T = "0" Pressure = "0" />
		<Point X = "179" Y = "257" T = "0" Pressure = "0" />
		<Point X = "177" Y = "255" T = "0" Pressure = "0" />
		<Point X = "175" Y = "253" T = "0" Pressure = "0" />
		<Point X = "172" Y = "253" T = "0" Pressure = "0" />
		<Point X = "171" Y = "251" T = "0" Pressure = "0" />
		<Point X = "170" Y = "251" T = "0" Pressure = "0" />
		<Point X = "170" Y = "250" T = "0" Pressure = "0" />
		<Point X = "168" Y = "249" T = "0" Pressure = "0" />
		<Point X = "168" Y = "248" T = "0" Pressure = "0" />
		<Point X = "167" Y = "248" T = "0" Pressure = "0" />
		<Point X = "166" Y = "247" T = "0" Pressure = "0" />
		<Point X = "164" Y = "245" T = "0" Pressure = "0" />
		<Point X = "163" Y = "245" T = "0" Pressure = "0" />
		<Point X = "163" Y = "244" T = "0" Pressure = "0" />
		<Point X = "161" Y = "244" T = "0" Pressure = "0" />
		<Point X = "159" Y = "242" T = "0" Pressure = "0" />
		<Point X = "158" Y = "241" T = "0" Pressure = "0" />
		<Point X = "156" Y = "239" T = "0" Pressure = "0" />
		<Point X = "155" Y = "239" T = "0" Pressure = "0" />
		<Point X = "154" Y = "238" T = "0" Pressure = "0" />
		<Point X = "154" Y = "237" T = "0" Pressure = "0" />
		<Point X = "153" Y = "237" T = "0" Pressure = "0" />
		<Point X = "152" Y = "235" T = "0" Pressure = "0" />
		<Point X = "151" Y = "235" T = "0" Pressure = "0" />
		<Point X = "151" Y = "234" T = "0" Pressure = "0" />
		<Point X = "150" Y = "234" T = "0" Pressure = "0" />
		<Point X = "149" Y = "232" T = "0" Pressure = "0" />
		<Point X = "148" Y = "232" T = "0" Pressure = "0" />
		<Point X = "148" Y = "231" T = "0" Pressure = "0" />
		<Point X = "146" Y = "231" T = "0" Pressure = "0" />
		<Point X = "145" Y = "230" T = "0" Pressure = "0" />
		<Point X = "144" Y = "229" T = "0" Pressure = "0" />
		<Point X = "143" Y = "229" T = "0" Pressure = "0" />
		<Point X = "143" Y = "228" T = "0" Pressure = "0" />
		<Point X = "141" Y = "228" T = "0" Pressure = "0" />
		<Point X = "141" Y = "227" T = "0" Pressure = "0" />
		<Point X = "140" Y = "226" T = "0" Pressure = "0" />
		<Point X = "139" Y = "225" T = "0" Pressure = "0" />
		<Point X = "138" Y = "224" T = "0" Pressure = "0" />
		<Point X = "138" Y = "223" T = "0" Pressure = "0" />
		<Point X = "137" Y = "222" T = "0" Pressure = "0" />
		<Point X = "136" Y = "221" T = "0" Pressure = "0" />
	</Stroke>
</Gesture>
