<?xml version="1.0" encoding="utf-8" standalone="yes"?>
<Gesture Name = "star">
	<Stroke>
		<Point X = "95" Y = "187" T = "0" Pressure = "0" />
		<Point X = "97" Y = "187" T = "0" Pressure = "0" />
		<Point X = "99" Y = "187" T = "0" Pressure = "0" />
		<Point X = "100" Y = "187" T = "0" Pressure = "0" />
		<Point X = "103" Y = "187" T = "0" Pressure = "0" />
		<Point X = "105" Y = "187" T = "0" Pressure = "0" />
		<Point X = "107" Y = "187" T = "0" Pressure = "0" />
		<Point X = "111" Y = "186" T = "0" Pressure = "0" />
		<Point X = "115" Y = "186" T = "0" Pressure = "0" />
		<Point X = "119" Y = "186" T = "0" Pressure = "0" />
		<Point X = "126" Y = "186" T = "0" Pressure = "0" />
		<Point X = "135" Y = "186" T = "0" Pressure = "0" />
		<Point X = "141" Y = "186" T = "0" Pressure = "0" />
		<Point X = "150" Y = "186" T = "0" Pressure = "0" />
		<Point X = "155" Y = "186" T = "0" Pressure = "0" />
		<Point X = "157" Y = "186" T = "0" Pressure = "0" />
		<Point X = "160" Y = "186" T = "0" Pressure = "0" />
		<Point X = "162" Y = "186" T = "0" Pressure = "0" />
		<Point X = "163" Y = "186" T = "0" Pressure = "0" />
		<Point X = "164" Y = "186" T = "0" Pressure = "0" />
		<Point X = "166" Y = "185" T = "0" Pressure = "0" />
		<Point X = "168" Y = "185" T = "0" Pressure = "0" />
		<Point X = "170" Y = "185" T = "0" Pressure = "0" />
		<Point X = "173" Y = "183" T = "0" Pressure = "0" />
		<Point X = "177" Y = "183" T = "0" Pressure = "0" />
		<Point X = "182" Y = "182" T = "0" Pressure = "0" />
		<Point X = "185" Y = "182" T = "0" Pressure = "0" />
		<Point X = "186" Y = "182" T = "0" Pressure = "0" />
		<Point X = "188" Y = "182" T = "0" Pressure = "0" />
		<Point X = "189" Y = "182" T = "0" Pressure = "0" />
		<Point X = "191" Y = "182" T = "0" Pressure = "0" />
		<Point X = "193" Y = "181" T = "0" Pressure = "0" />
		<Point X = "194" Y = "181" T = "0" Pressure = "0" />
		<Point X = "196" Y = "180" T = "0" Pressure = "0" />
		<Point X = "200" Y = "179" T = "0" Pressure = "0" />
		<Point X = "204" Y = "179" T = "0" Pressure = "0" />
		<Point X = "206" Y = "179" T = "0" Pressure = "0" />
		<Point X = "207" Y = "178" T = "0" Pressure = "0" />
		<Point X = "208" Y = "178" T = "0" Pressure = "0" />
		<Point X = "210" Y = "178" T = "0" Pressure = "0" />
		<Point X = "211" Y = "178" T = "0" Pressure = "0" />
		<Point X = "211" Y = "177" T = "0" Pressure = "0" />
		<Point X = "212" Y = "176" T = "0" Pressure = "0" />
		<Point X = "213" Y = "176" T = "0" Pressure = "0" />
		<Point X = "214" Y = "176" T = "0" Pressure = "0" />
		<Point X = "217" Y = "176" T = "0" Pressure = "0" />
		<Point X = "220" Y = "176" T = "0" Pressure = "0" />
		<Point X = "221" Y = "176" T = "0" Pressure = "0" />
		<Point X = "222" Y = "176" T = "0" Pressure = "0" />
		<Point X = "223" Y = "176" T = "0" Pressure = "0" />
		<Point X = "224" Y = "176" T = "0" Pressure = "0" />
		<Point X = "225" Y = "175" T = "0" Pressure = "0" />
		<Point X = "226" Y = "175" T = "0" Pressure = "0" />
		<Point X = "227" Y = "174" T = "0" Pressure = "0" />
		<Point X = "228" Y = "174" T = "0" Pressure = "0" />
		<Point X = "229" Y = "174" T = "0" Pressure = "0" />
		<Point X = "230" Y = "174" T = "0" Pressure = "0" />
		<Point X = "231" Y = "173" T = "0" Pressure = "0" />
		<Point X = "232" Y = "173" T = "0" Pressure = "0" />
		<Point X = "233" Y = "173" T = "0" Pressure = "0" />
		<Point X = "233" Y = "174" T = "0" Pressure = "0" />
		<Point X = "232" Y = "176" T = "0" Pressure = "0" />
		<Point X = "229" Y = "179" T = "0" Pressure = "0" />
		<Point X = "225" Y = "185" T = "0" Pressure = "0" />
		<Point X = "219" Y = "191" T = "0" Pressure = "0" />
		<Point X = "214" Y = "198" T = "0" Pressure = "0" />
		<Point X = "210" Y = "202" T = "0" Pressure = "0" />
		<Point X = "206" Y = "206" T = "0" Pressure = "0" />
		<Point X = "202" Y = "210" T = "0" Pressure = "0" />
		<Point X = "200" Y = "212" T = "0" Pressure = "0" />
		<Point X = "199" Y = "214" T = "0" Pressure = "0" />
		<Point X = "197" Y = "215" T = "0" Pressure = "0" />
		<Point X = "196" Y = "217" T = "0" Pressure = "0" />
		<Point X = "195" Y = "217" T = "0" Pressure = "0" />
		<Point X = "194" Y = "218" T = "0" Pressure = "0" />
		<Point X = "193" Y = "218" T = "0" Pressure = "0" />
		<Point X = "192" Y = "218" T = "0" Pressure = "0" />
		<Point X = "190" Y = "219" T = "0" Pressure = "0" />
		<Point X = "187" Y = "221" T = "0" Pressure = "0" />
		<Point X = "186" Y = "222" T = "0" Pressure = "0" />
		<Point X = "183" Y = "225" T = "0" Pressure = "0" />
		<Point X = "180" Y = "227" T = "0" Pressure = "0" />
		<Point X = "178" Y = "229" T = "0" Pressure = "0" />
		<Point X = "176" Y = "231" T = "0" Pressure = "0" />
		<Point X = "173" Y = "233" T = "0" Pressure = "0" />
		<Point X = "172" Y = "234" T = "0" Pressure = "0" />
		<Point X = "170" Y = "235" T = "0" Pressure = "0" />
		<Point X = "168" Y = "237" T = "0" Pressure = "0" />
		<Point X = "166" Y = "239" T = "0" Pressure = "0" />
		<Point X = "162" Y = "242" T = "0" Pressure = "0" />
		<Point X = "160" Y = "244" T = "0" Pressure = "0" />
		<Point X = "155" Y = "248" T = "0" Pressure = "0" />
		<Point X = "151" Y = "252" T = "0" Pressure = "0" />
		<Point X = "146" Y = "256" T = "0" Pressure = "0" />
		<Point X = "144" Y = "257" T = "0" Pressure = "0" />
		<Point X = "140" Y = "259" T = "0" Pressure = "0" />
		<Point X = "138" Y = "260" T = "0" Pressure = "0" />
		<Point X = "137" Y = "261" T = "0" Pressure = "0" />
		<Point X = "135" Y = "262" T = "0" Pressure = "0" />
		<Point X = "134" Y = "263" T = "0" Pressure = "0" />
		<Point X = "133" Y = "264" T = "0" Pressure = "0" />
		<Point X = "131" Y = "265" T = "0" Pressure = "0" />
		<Point X = "131" Y = "266" T = "0" Pressure = "0" />
		<Point X = "129" Y = "267" T = "0" Pressure = "0" />
		<Point X = "126" Y = "269" T = "0" Pressure = "0" />
		<Point X = "124" Y = "271" T = "0" Pressure = "0" />
		<Point X = "122" Y = "274" T = "0" Pressure = "0" />
		<Point X = "118" Y = "275" T = "0" Pressure = "0" />
		<Point X = "117" Y = "277" T = "0" Pressure = "0" />
		<Point X = "116" Y = "277" T = "0" Pressure = "0" />
		<Point X = "115" Y = "277" T = "0" Pressure = "0" />
		<Point X = "115" Y = "278" T = "0" Pressure = "0" />
		<Point X = "115" Y = "277" T = "0" Pressure = "0" />
		<Point X = "115" Y = "274" T = "0" Pressure = "0" />
		<Point X = "118" Y = "269" T = "0" Pressure = "0" />
		<Point X = "120" Y = "262" T = "0" Pressure = "0" />
		<Point X = "123" Y = "256" T = "0" Pressure = "0" />
		<Point X = "125" Y = "250" T = "0" Pressure = "0" />
		<Point X = "126" Y = "245" T = "0" Pressure = "0" />
		<Point X = "128" Y = "242" T = "0" Pressure = "0" />
		<Point X = "129" Y = "239" T = "0" Pressure = "0" />
		<Point X = "131" Y = "234" T = "0" Pressure = "0" />
		<Point X = "134" Y = "229" T = "0" Pressure = "0" />
		<Point X = "138" Y = "221" T = "0" Pressure = "0" />
		<Point X = "140" Y = "218" T = "0" Pressure = "0" />
		<Point X = "142" Y = "214" T = "0" Pressure = "0" />
		<Point X = "143" Y = "207" T = "0" Pressure = "0" />
		<Point X = "147" Y = "201" T = "0" Pressure = "0" />
		<Point X = "148" Y = "196" T = "0" Pressure = "0" />
		<Point X = "149" Y = "190" T = "0" Pressure = "0" />
		<Point X = "151" Y = "186" T = "0" Pressure = "0" />
		<Point X = "152" Y = "183" T = "0" Pressure = "0" />
		<Point X = "153" Y = "179" T = "0" Pressure = "0" />
		<Point X = "154" Y = "176" T = "0" Pressure = "0" />
		<Point X = "154" Y = "175" T = "0" Pressure = "0" />
		<Point X = "154" Y = "172" T = "0" Pressure = "0" />
		<Point X = "155" Y = "168" T = "0" Pressure = "0" />
		<Point X = "155" Y = "165" T = "0" Pressure = "0" />
		<Point X = "156" Y = "163" T = "0" Pressure = "0" />
		<Point X = "156" Y = "162" T = "0" Pressure = "0" />
		<Point X = "157" Y = "159" T = "0" Pressure = "0" />
		<Point X = "157" Y = "157" T = "0" Pressure = "0" />
		<Point X = "157" Y = "154" T = "0" Pressure = "0" />
		<Point X = "159" Y = "152" T = "0" Pressure = "0" />
		<Point X = "160" Y = "150" T = "0" Pressure = "0" />
		<Point X = "161" Y = "146" T = "0" Pressure = "0" />
		<Point X = "161" Y = "145" T = "0" Pressure = "0" />
		<Point X = "163" Y = "142" T = "0" Pressure = "0" />
		<Point X = "164" Y = "140" T = "0" Pressure = "0" />
		<Point X = "165" Y = "136" T = "0" Pressure = "0" />
		<Point X = "167" Y = "135" T = "0" Pressure = "0" />
		<Point X = "167" Y = "134" T = "0" Pressure = "0" />
		<Point X = "167" Y = "133" T = "0" Pressure = "0" />
		<Point X = "168" Y = "131" T = "0" Pressure = "0" />
		<Point X = "169" Y = "131" T = "0" Pressure = "0" />
		<Point X = "169" Y = "129" T = "0" Pressure = "0" />
		<Point X = "170" Y = "129" T = "0" Pressure = "0" />
		<Point X = "171" Y = "129" T = "0" Pressure = "0" />
		<Point X = "172" Y = "130" T = "0" Pressure = "0" />
		<Point X = "173" Y = "131" T = "0" Pressure = "0" />
		<Point X = "175" Y = "134" T = "0" Pressure = "0" />
		<Point X = "175" Y = "136" T = "0" Pressure = "0" />
		<Point X = "179" Y = "141" T = "0" Pressure = "0" />
		<Point X = "182" Y = "146" T = "0" Pressure = "0" />
		<Point X = "184" Y = "150" T = "0" Pressure = "0" />
		<Point X = "186" Y = "155" T = "0" Pressure = "0" />
		<Point X = "188" Y = "160" T = "0" Pressure = "0" />
		<Point X = "191" Y = "165" T = "0" Pressure = "0" />
		<Point X = "193" Y = "167" T = "0" Pressure = "0" />
		<Point X = "195" Y = "171" T = "0" Pressure = "0" />
		<Point X = "198" Y = "179" T = "0" Pressure = "0" />
		<Point X = "201" Y = "182" T = "0" Pressure = "0" />
		<Point X = "204" Y = "187" T = "0" Pressure = "0" />
		<Point X = "207" Y = "193" T = "0" Pressure = "0" />
		<Point X = "210" Y = "198" T = "0" Pressure = "0" />
		<Point X = "211" Y = "200" T = "0" Pressure = "0" />
		<Point X = "212" Y = "202" T = "0" Pressure = "0" />
		<Point X = "214" Y = "206" T = "0" Pressure = "0" />
		<Point X = "215" Y = "208" T = "0" Pressure = "0" />
		<Point X = "215" Y = "210" T = "0" Pressure = "0" />
		<Point X = "216" Y = "211" T = "0" Pressure = "0" />
		<Point X = "218" Y = "215" T = "0" Pressure = "0" />
		<Point X = "218" Y = "217" T = "0" Pressure = "0" />
		<Point X = "219" Y = "218" T = "0" Pressure = "0" />
		<Point X = "220" Y = "221" T = "0" Pressure = "0" />
		<Point X = "221" Y = "222" T = "0" Pressure = "0" />
		<Point X = "221" Y = "223" T = "0" Pressure = "0" />
		<Point X = "222" Y = "225" T = "0" Pressure = "0" />
		<Point X = "222" Y = "226" T = "0" Pressure = "0" />
		<Point X = "223" Y = "229" T = "0" Pressure = "0" />
		<Point X = "223" Y = "232" T = "0" Pressure = "0" />
		<Point X = "225" Y = "233" T = "0" Pressure = "0" />
		<Point X = "226" Y = "237" T = "0" Pressure = "0" />
		<Point X = "227" Y = "239" T = "0" Pressure = "0" />
		<Point X = "230" Y = "241" T = "0" Pressure = "0" />
		<Point X = "231" Y = "245" T = "0" Pressure = "0" />
		<Point X = "233" Y = "249" T = "0" Pressure = "0" />
		<Point X = "234" Y = "250" T = "0" Pressure = "0" />
		<Point X = "234" Y = "253" T = "0" Pressure = "0" />
		<Point X = "235" Y = "255" T = "0" Pressure = "0" />
		<Point X = "237" Y = "256" T = "0" Pressure = "0" />
		<Point X = "237" Y = "258" T = "0" Pressure = "0" />
		<Point X = "238" Y = "259" T = "0" Pressure = "0" />
		<Point X = "238" Y = "260" T = "0" Pressure = "0" />
		<Point X = "238" Y = "261" T = "0" Pressure = "0" />
		<Point X = "238" Y = "262" T = "0" Pressure = "0" />
		<Point X = "237" Y = "262" T = "0" Pressure = "0" />
		<Point X = "236" Y = "263" T = "0" Pressure = "0" />
		<Point X = "235" Y = "263" T = "0" Pressure = "0" />
		<Point X = "234" Y = "263" T = "0" Pressure = "0" />
		<Point X = "232" Y = "263" T = "0" Pressure = "0" />
		<Point X = "231" Y = "263" T = "0" Pressure = "0" />
		<Point X = "228" Y = "262" T = "0" Pressure = "0" />
		<Point X = "227" Y = "261" T = "0" Pressure = "0" />
		<Point X = "222" Y = "258" T = "0" Pressure = "0" />
		<Point X = "221" Y = "257" T = "0" Pressure = "0" />
		<Point X = "219" Y = "256" T = "0" Pressure = "0" />
		<Point X = "215" Y = "254" T = "0" Pressure = "0" />
		<Point X = "212" Y = "250" T = "0" Pressure = "0" />
		<Point X = "209" Y = "248" T = "0" Pressure = "0" />
		<Point X = "205" Y = "245" T = "0" Pressure = "0" />
		<Point X = "200" Y = "241" T = "0" Pressure = "0" />
		<Point X = "195" Y = "237" T = "0" Pressure = "0" />
		<Point X = "191" Y = "234" T = "0" Pressure = "0" />
		<Point X = "186" Y = "231" T = "0" Pressure = "0" />
		<Point X = "184" Y = "230" T = "0" Pressure = "0" />
		<Point X = "181" Y = "228" T = "0" Pressure = "0" />
		<Point X = "180" Y = "227" T = "0" Pressure = "0" />
		<Point X = "179" Y = "226" T = "0" Pressure = "0" />
		<Point X = "175" Y = "224" T = "0" Pressure = "0" />
		<Point X = "174" Y = "222" T = "0" Pressure = "0" />
		<Point X = "172" Y = "221" T = "0" Pressure = "0" />
		<Point X = "171" Y = "220" T = "0" Pressure = "0" />
		<Point X = "170" Y = "217" T = "0" Pressure = "0" />
		<Point X = "169" Y = "216" T = "0" Pressure = "0" />
		<Point X = "166" Y = "214" T = "0" Pressure = "0" />
		<Point X = "163" Y = "214" T = "0" Pressure = "0" />
		<Point X = "161" Y = "212" T = "0" Pressure = "0" />
		<Point X = "160" Y = "211" T = "0" Pressure = "0" />
		<Point X = "155" Y = "209" T = "0" Pressure = "0" />
		<Point X = "152" Y = "207" T = "0" Pressure = "0" />
		<Point X = "149" Y = "205" T = "0" Pressure = "0" />
		<Point X = "148" Y = "203" T = "0" Pressure = "0" />
		<Point X = "144" Y = "200" T = "0" Pressure = "0" />
		<Point X = "144" Y = "199" T = "0" Pressure = "0" />
		<Point X = "140" Y = "197" T = "0" Pressure = "0" />
		<Point X = "138" Y = "195" T = "0" Pressure = "0" />
		<Point X = "136" Y = "195" T = "0" Pressure = "0" />
		<Point X = "134" Y = "192" T = "0" Pressure = "0" />
		<Point X = "133" Y = "192" T = "0" Pressure = "0" />
		<Point X = "132" Y = "191" T = "0" Pressure = "0" />
		<Point X = "131" Y = "190" T = "0" Pressure = "0" />
		<Point X = "130" Y = "189" T = "0" Pressure = "0" />
		<Point X = "129" Y = "189" T = "0" Pressure = "0" />
		<Point X = "128" Y = "188" T = "0" Pressure = "0" />
		<Point X = "126" Y = "186" T = "0" Pressure = "0" />
		<Point X = "124" Y = "185" T = "0" Pressure = "0" />
		<Point X = "123" Y = "185" T = "0" Pressure = "0" />
		<Point X = "122" Y = "185" T = "0" Pressure = "0" />
		<Point X = "121" Y = "185" T = "0" Pressure = "0" />
		<Point X = "119" Y = "185" T = "0" Pressure = "0" />
		<Point X = "118" Y = "185" T = "0" Pressure = "0" />
		<Point X = "117" Y = "185" T = "0" Pressure = "0" />
		<Point X = "116" Y = "184" T = "0" Pressure = "0" />
		<Point X = "115" Y = "184" T = "0" Pressure = "0" />
		<Point X = "114" Y = "184" T = "0" Pressure = "0" />
	</Stroke>
</Gesture>
