<?xml version="1.0" encoding="utf-8" standalone="yes"?>
<Gesture Name = "star">
	<Stroke>
		<Point X = "235" Y = "164" T = "0" Pressure = "0" />
		<Point X = "236" Y = "164" T = "0" Pressure = "0" />
		<Point X = "238" Y = "164" T = "0" Pressure = "0" />
		<Point X = "241" Y = "164" T = "0" Pressure = "0" />
		<Point X = "243" Y = "164" T = "0" Pressure = "0" />
		<Point X = "247" Y = "164" T = "0" Pressure = "0" />
		<Point X = "253" Y = "164" T = "0" Pressure = "0" />
		<Point X = "258" Y = "164" T = "0" Pressure = "0" />
		<Point X = "262" Y = "164" T = "0" Pressure = "0" />
		<Point X = "267" Y = "164" T = "0" Pressure = "0" />
		<Point X = "269" Y = "164" T = "0" Pressure = "0" />
		<Point X = "273" Y = "164" T = "0" Pressure = "0" />
		<Point X = "280" Y = "164" T = "0" Pressure = "0" />
		<Point X = "284" Y = "164" T = "0" Pressure = "0" />
		<Point X = "290" Y = "165" T = "0" Pressure = "0" />
		<Point X = "297" Y = "166" T = "0" Pressure = "0" />
		<Point X = "302" Y = "167" T = "0" Pressure = "0" />
		<Point X = "306" Y = "168" T = "0" Pressure = "0" />
		<Point X = "310" Y = "168" T = "0" Pressure = "0" />
		<Point X = "317" Y = "168" T = "0" Pressure = "0" />
		<Point X = "321" Y = "168" T = "0" Pressure = "0" />
		<Point X = "326" Y = "168" T = "0" Pressure = "0" />
		<Point X = "330" Y = "168" T = "0" Pressure = "0" />
		<Point X = "332" Y = "168" T = "0" Pressure = "0" />
		<Point X = "334" Y = "168" T = "0" Pressure = "0" />
		<Point X = "336" Y = "168" T = "0" Pressure = "0" />
		<Point X = "338" Y = "168" T = "0" Pressure = "0" />
		<Point X = "340" Y = "167" T = "0" Pressure = "0" />
		<Point X = "340" Y = "166" T = "0" Pressure = "0" />
		<Point X = "341" Y = "167" T = "0" Pressure = "0" />
		<Point X = "341" Y = "168" T = "0" Pressure = "0" />
		<Point X = "340" Y = "171" T = "0" Pressure = "0" />
		<Point X = "339" Y = "176" T = "0" Pressure = "0" />
		<Point X = "336" Y = "179" T = "0" Pressure = "0" />
		<Point X = "332" Y = "186" T = "0" Pressure = "0" />
		<Point X = "328" Y = "191" T = "0" Pressure = "0" />
		<Point X = "323" Y = "196" T = "0" Pressure = "0" />
		<Point X = "321" Y = "197" T = "0" Pressure = "0" />
		<Point X = "318" Y = "202" T = "0" Pressure = "0" />
		<Point X = "315" Y = "205" T = "0" Pressure = "0" />
		<Point X = "313" Y = "207" T = "0" Pressure = "0" />
		<Point X = "309" Y = "209" T = "0" Pressure = "0" />
		<Point X = "309" Y = "210" T = "0" Pressure = "0" />
		<Point X = "305" Y = "212" T = "0" Pressure = "0" />
		<Point X = "302" Y = "214" T = "0" Pressure = "0" />
		<Point X = "298" Y = "217" T = "0" Pressure = "0" />
		<Point X = "297" Y = "219" T = "0" Pressure = "0" />
		<Point X = "293" Y = "221" T = "0" Pressure = "0" />
		<Point X = "288" Y = "225" T = "0" Pressure = "0" />
		<Point X = "285" Y = "227" T = "0" Pressure = "0" />
		<Point X = "281" Y = "231" T = "0" Pressure = "0" />
		<Point X = "277" Y = "232" T = "0" Pressure = "0" />
		<Point X = "273" Y = "236" T = "0" Pressure = "0" />
		<Point X = "271" Y = "237" T = "0" Pressure = "0" />
		<Point X = "268" Y = "239" T = "0" Pressure = "0" />
		<Point X = "267" Y = "240" T = "0" Pressure = "0" />
		<Point X = "266" Y = "240" T = "0" Pressure = "0" />
		<Point X = "264" Y = "241" T = "0" Pressure = "0" />
		<Point X = "264" Y = "242" T = "0" Pressure = "0" />
		<Point X = "263" Y = "242" T = "0" Pressure = "0" />
		<Point X = "261" Y = "243" T = "0" Pressure = "0" />
		<Point X = "260" Y = "243" T = "0" Pressure = "0" />
		<Point X = "260" Y = "238" T = "0" Pressure = "0" />
		<Point X = "260" Y = "234" T = "0" Pressure = "0" />
		<Point X = "260" Y = "230" T = "0" Pressure = "0" />
		<Point X = "260" Y = "226" T = "0" Pressure = "0" />
		<Point X = "260" Y = "222" T = "0" Pressure = "0" />
		<Point X = "260" Y = "217" T = "0" Pressure = "0" />
		<Point X = "261" Y = "214" T = "0" Pressure = "0" />
		<Point X = "263" Y = "208" T = "0" Pressure = "0" />
		<Point X = "265" Y = "203" T = "0" Pressure = "0" />
		<Point X = "267" Y = "199" T = "0" Pressure = "0" />
		<Point X = "270" Y = "194" T = "0" Pressure = "0" />
		<Point X = "271" Y = "189" T = "0" Pressure = "0" />
		<Point X = "274" Y = "185" T = "0" Pressure = "0" />
		<Point X = "275" Y = "179" T = "0" Pressure = "0" />
		<Point X = "277" Y = "175" T = "0" Pressure = "0" />
		<Point X = "279" Y = "172" T = "0" Pressure = "0" />
		<Point X = "280" Y = "168" T = "0" Pressure = "0" />
		<Point X = "280" Y = "163" T = "0" Pressure = "0" />
		<Point X = "281" Y = "159" T = "0" Pressure = "0" />
		<Point X = "283" Y = "153" T = "0" Pressure = "0" />
		<Point X = "284" Y = "148" T = "0" Pressure = "0" />
		<Point X = "284" Y = "144" T = "0" Pressure = "0" />
		<Point X = "285" Y = "138" T = "0" Pressure = "0" />
		<Point X = "285" Y = "134" T = "0" Pressure = "0" />
		<Point X = "285" Y = "130" T = "0" Pressure = "0" />
		<Point X = "285" Y = "126" T = "0" Pressure = "0" />
		<Point X = "285" Y = "123" T = "0" Pressure = "0" />
		<Point X = "285" Y = "120" T = "0" Pressure = "0" />
		<Point X = "286" Y = "118" T = "0" Pressure = "0" />
		<Point X = "286" Y = "116" T = "0" Pressure = "0" />
		<Point X = "286" Y = "115" T = "0" Pressure = "0" />
		<Point X = "286" Y = "114" T = "0" Pressure = "0" />
		<Point X = "286" Y = "113" T = "0" Pressure = "0" />
		<Point X = "287" Y = "112" T = "0" Pressure = "0" />
		<Point X = "287" Y = "111" T = "0" Pressure = "0" />
		<Point X = "288" Y = "110" T = "0" Pressure = "0" />
		<Point X = "288" Y = "109" T = "0" Pressure = "0" />
		<Point X = "289" Y = "109" T = "0" Pressure = "0" />
		<Point X = "290" Y = "109" T = "0" Pressure = "0" />
		<Point X = "291" Y = "109" T = "0" Pressure = "0" />
		<Point X = "291" Y = "111" T = "0" Pressure = "0" />
		<Point X = "292" Y = "114" T = "0" Pressure = "0" />
		<Point X = "292" Y = "117" T = "0" Pressure = "0" />
		<Point X = "294" Y = "123" T = "0" Pressure = "0" />
		<Point X = "296" Y = "129" T = "0" Pressure = "0" />
		<Point X = "299" Y = "134" T = "0" Pressure = "0" />
		<Point X = "300" Y = "138" T = "0" Pressure = "0" />
		<Point X = "302" Y = "144" T = "0" Pressure = "0" />
		<Point X = "305" Y = "149" T = "0" Pressure = "0" />
		<Point X = "305" Y = "150" T = "0" Pressure = "0" />
		<Point X = "306" Y = "153" T = "0" Pressure = "0" />
		<Point X = "306" Y = "157" T = "0" Pressure = "0" />
		<Point X = "308" Y = "162" T = "0" Pressure = "0" />
		<Point X = "309" Y = "165" T = "0" Pressure = "0" />
		<Point X = "310" Y = "169" T = "0" Pressure = "0" />
		<Point X = "311" Y = "171" T = "0" Pressure = "0" />
		<Point X = "312" Y = "174" T = "0" Pressure = "0" />
		<Point X = "313" Y = "177" T = "0" Pressure = "0" />
		<Point X = "314" Y = "180" T = "0" Pressure = "0" />
		<Point X = "314" Y = "181" T = "0" Pressure = "0" />
		<Point X = "315" Y = "182" T = "0" Pressure = "0" />
		<Point X = "316" Y = "186" T = "0" Pressure = "0" />
		<Point X = "317" Y = "186" T = "0" Pressure = "0" />
		<Point X = "317" Y = "188" T = "0" Pressure = "0" />
		<Point X = "318" Y = "190" T = "0" Pressure = "0" />
		<Point X = "320" Y = "194" T = "0" Pressure = "0" />
		<Point X = "321" Y = "195" T = "0" Pressure = "0" />
		<Point X = "321" Y = "197" T = "0" Pressure = "0" />
		<Point X = "323" Y = "200" T = "0" Pressure = "0" />
		<Point X = "324" Y = "202" T = "0" Pressure = "0" />
		<Point X = "325" Y = "205" T = "0" Pressure = "0" />
		<Point X = "327" Y = "209" T = "0" Pressure = "0" />
		<Point X = "329" Y = "212" T = "0" Pressure = "0" />
		<Point X = "329" Y = "214" T = "0" Pressure = "0" />
		<Point X = "330" Y = "218" T = "0" Pressure = "0" />
		<Point X = "333" Y = "222" T = "0" Pressure = "0" />
		<Point X = "334" Y = "225" T = "0" Pressure = "0" />
		<Point X = "336" Y = "231" T = "0" Pressure = "0" />
		<Point X = "337" Y = "233" T = "0" Pressure = "0" />
		<Point X = "338" Y = "234" T = "0" Pressure = "0" />
		<Point X = "339" Y = "238" T = "0" Pressure = "0" />
		<Point X = "339" Y = "240" T = "0" Pressure = "0" />
		<Point X = "340" Y = "240" T = "0" Pressure = "0" />
		<Point X = "340" Y = "241" T = "0" Pressure = "0" />
		<Point X = "340" Y = "242" T = "0" Pressure = "0" />
		<Point X = "340" Y = "243" T = "0" Pressure = "0" />
		<Point X = "340" Y = "244" T = "0" Pressure = "0" />
		<Point X = "340" Y = "245" T = "0" Pressure = "0" />
		<Point X = "338" Y = "245" T = "0" Pressure = "0" />
		<Point X = "337" Y = "245" T = "0" Pressure = "0" />
		<Point X = "335" Y = "245" T = "0" Pressure = "0" />
		<Point X = "334" Y = "245" T = "0" Pressure = "0" />
		<Point X = "330" Y = "244" T = "0" Pressure = "0" />
		<Point X = "328" Y = "243" T = "0" Pressure = "0" />
		<Point X = "325" Y = "241" T = "0" Pressure = "0" />
		<Point X = "321" Y = "239" T = "0" Pressure = "0" />
		<Point X = "321" Y = "238" T = "0" Pressure = "0" />
		<Point X = "318" Y = "236" T = "0" Pressure = "0" />
		<Point X = "316" Y = "234" T = "0" Pressure = "0" />
		<Point X = "315" Y = "234" T = "0" Pressure = "0" />
		<Point X = "314" Y = "232" T = "0" Pressure = "0" />
		<Point X = "311" Y = "230" T = "0" Pressure = "0" />
		<Point X = "310" Y = "228" T = "0" Pressure = "0" />
		<Point X = "308" Y = "225" T = "0" Pressure = "0" />
		<Point X = "306" Y = "223" T = "0" Pressure = "0" />
		<Point X = "302" Y = "219" T = "0" Pressure = "0" />
		<Point X = "298" Y = "216" T = "0" Pressure = "0" />
		<Point X = "296" Y = "213" T = "0" Pressure = "0" />
		<Point X = "293" Y = "211" T = "0" Pressure = "0" />
		<Point X = "290" Y = "210" T = "0" Pressure = "0" />
		<Point X = "288" Y = "208" T = "0" Pressure = "0" />
		<Point X = "286" Y = "207" T = "0" Pressure = "0" />
		<Point X = "283" Y = "204" T = "0" Pressure = "0" />
		<Point X = "282" Y = "203" T = "0" Pressure = "0" />
		<Point X = "280" Y = "202" T = "0" Pressure = "0" />
		<Point X = "280" Y = "200" T = "0" Pressure = "0" />
		<Point X = "277" Y = "199" T = "0" Pressure = "0" />
		<Point X = "276" Y = "197" T = "0" Pressure = "0" />
		<Point X = "275" Y = "196" T = "0" Pressure = "0" />
		<Point X = "273" Y = "195" T = "0" Pressure = "0" />
		<Point X = "271" Y = "193" T = "0" Pressure = "0" />
		<Point X = "270" Y = "193" T = "0" Pressure = "0" />
		<Point X = "268" Y = "192" T = "0" Pressure = "0" />
		<Point X = "268" Y = "191" T = "0" Pressure = "0" />
		<Point X = "267" Y = "190" T = "0" Pressure = "0" />
		<Point X = "264" Y = "187" T = "0" Pressure = "0" />
		<Point X = "262" Y = "185" T = "0" Pressure = "0" />
		<Point X = "260" Y = "183" T = "0" Pressure = "0" />
		<Point X = "257" Y = "181" T = "0" Pressure = "0" />
		<Point X = "256" Y = "179" T = "0" Pressure = "0" />
		<Point X = "252" Y = "175" T = "0" Pressure = "0" />
		<Point X = "251" Y = "173" T = "0" Pressure = "0" />
		<Point X = "250" Y = "173" T = "0" Pressure = "0" />
		<Point X = "249" Y = "171" T = "0" Pressure = "0" />
		<Point X = "248" Y = "171" T = "0" Pressure = "0" />
		<Point X = "246" Y = "170" T = "0" Pressure = "0" />
		<Point X = "246" Y = "169" T = "0" Pressure = "0" />
		<Point X = "244" Y = "169" T = "0" Pressure = "0" />
		<Point X = "244" Y = "168" T = "0" Pressure = "0" />
		<Point X = "243" Y = "168" T = "0" Pressure = "0" />
		<Point X = "243" Y = "167" T = "0" Pressure = "0" />
		<Point X = "241" Y = "166" T = "0" Pressure = "0" />
		<Point X = "241" Y = "165" T = "0" Pressure = "0" />
		<Point X = "240" Y = "164" T = "0" Pressure = "0" />
		<Point X = "239" Y = "162" T = "0" Pressure = "0" />
		<Point X = "239" Y = "161" T = "0" Pressure = "0" />
		<Point X = "239" Y = "160" T = "0" Pressure = "0" />
		<Point X = "238" Y = "157" T = "0" Pressure = "0" />
		<Point X = "237" Y = "157" T = "0" Pressure = "0" />
		<Point X = "236" Y = "157" T = "0" Pressure = "0" />
		<Point X = "235" Y = "157" T = "0" Pressure = "0" />
		<Point X = "235" Y = "158" T = "0" Pressure = "0" />
	</Stroke>
</Gesture>
