<?xml version="1.0" encoding="utf-8" standalone="yes"?>
<Gesture Name = "star">
	<Stroke>
		<Point X = "52" Y = "166" T = "0" Pressure = "0" />
		<Point X = "55" Y = "166" T = "0" Pressure = "0" />
		<Point X = "57" Y = "166" T = "0" Pressure = "0" />
		<Point X = "61" Y = "166" T = "0" Pressure = "0" />
		<Point X = "64" Y = "166" T = "0" Pressure = "0" />
		<Point X = "69" Y = "166" T = "0" Pressure = "0" />
		<Point X = "73" Y = "166" T = "0" Pressure = "0" />
		<Point X = "81" Y = "166" T = "0" Pressure = "0" />
		<Point X = "90" Y = "165" T = "0" Pressure = "0" />
		<Point X = "98" Y = "164" T = "0" Pressure = "0" />
		<Point X = "105" Y = "163" T = "0" Pressure = "0" />
		<Point X = "109" Y = "163" T = "0" Pressure = "0" />
		<Point X = "119" Y = "161" T = "0" Pressure = "0" />
		<Point X = "126" Y = "160" T = "0" Pressure = "0" />
		<Point X = "133" Y = "160" T = "0" Pressure = "0" />
		<Point X = "139" Y = "160" T = "0" Pressure = "0" />
		<Point X = "143" Y = "160" T = "0" Pressure = "0" />
		<Point X = "147" Y = "160" T = "0" Pressure = "0" />
		<Point X = "151" Y = "160" T = "0" Pressure = "0" />
		<Point X = "157" Y = "160" T = "0" Pressure = "0" />
		<Point X = "164" Y = "160" T = "0" Pressure = "0" />
		<Point X = "170" Y = "160" T = "0" Pressure = "0" />
		<Point X = "175" Y = "160" T = "0" Pressure = "0" />
		<Point X = "180" Y = "161" T = "0" Pressure = "0" />
		<Point X = "184" Y = "161" T = "0" Pressure = "0" />
		<Point X = "187" Y = "161" T = "0" Pressure = "0" />
		<Point X = "189" Y = "161" T = "0" Pressure = "0" />
		<Point X = "191" Y = "161" T = "0" Pressure = "0" />
		<Point X = "193" Y = "161" T = "0" Pressure = "0" />
		<Point X = "195" Y = "161" T = "0" Pressure = "0" />
		<Point X = "197" Y = "161" T = "0" Pressure = "0" />
		<Point X = "199" Y = "161" T = "0" Pressure = "0" />
		<Point X = "203" Y = "161" T = "0" Pressure = "0" />
		<Point X = "208" Y = "161" T = "0" Pressure = "0" />
		<Point X = "211" Y = "161" T = "0" Pressure = "0" />
		<Point X = "214" Y = "160" T = "0" Pressure = "0" />
		<Point X = "215" Y = "160" T = "0" Pressure = "0" />
		<Point X = "217" Y = "160" T = "0" Pressure = "0" />
		<Point X = "218" Y = "159" T = "0" Pressure = "0" />
		<Point X = "219" Y = "159" T = "0" Pressure = "0" />
		<Point X = "220" Y = "159" T = "0" Pressure = "0" />
		<Point X = "221" Y = "159" T = "0" Pressure = "0" />
		<Point X = "220" Y = "161" T = "0" Pressure = "0" />
		<Point X = "219" Y = "162" T = "0" Pressure = "0" />
		<Point X = "217" Y = "165" T = "0" Pressure = "0" />
		<Point X = "215" Y = "167" T = "0" Pressure = "0" />
		<Point X = "213" Y = "169" T = "0" Pressure = "0" />
		<Point X = "212" Y = "171" T = "0" Pressure = "0" />
		<Point X = "209" Y = "173" T = "0" Pressure = "0" />
		<Point X = "208" Y = "174" T = "0" Pressure = "0" />
		<Point X = "204" Y = "177" T = "0" Pressure = "0" />
		<Point X = "202" Y = "179" T = "0" Pressure = "0" />
		<Point X = "197" Y = "183" T = "0" Pressure = "0" />
		<Point X = "191" Y = "189" T = "0" Pressure = "0" />
		<Point X = "186" Y = "194" T = "0" Pressure = "0" />
		<Point X = "178" Y = "200" T = "0" Pressure = "0" />
		<Point X = "172" Y = "204" T = "0" Pressure = "0" />
		<Point X = "163" Y = "211" T = "0" Pressure = "0" />
		<Point X = "154" Y = "219" T = "0" Pressure = "0" />
		<Point X = "145" Y = "227" T = "0" Pressure = "0" />
		<Point X = "142" Y = "228" T = "0" Pressure = "0" />
		<Point X = "140" Y = "229" T = "0" Pressure = "0" />
		<Point X = "138" Y = "230" T = "0" Pressure = "0" />
		<Point X = "136" Y = "230" T = "0" Pressure = "0" />
		<Point X = "134" Y = "231" T = "0" Pressure = "0" />
		<Point X = "133" Y = "231" T = "0" Pressure = "0" />
		<Point X = "133" Y = "232" T = "0" Pressure = "0" />
		<Point X = "132" Y = "232" T = "0" Pressure = "0" />
		<Point X = "128" Y = "234" T = "0" Pressure = "0" />
		<Point X = "128" Y = "235" T = "0" Pressure = "0" />
		<Point X = "124" Y = "236" T = "0" Pressure = "0" />
		<Point X = "121" Y = "239" T = "0" Pressure = "0" />
		<Point X = "117" Y = "241" T = "0" Pressure = "0" />
		<Point X = "115" Y = "243" T = "0" Pressure = "0" />
		<Point X = "112" Y = "244" T = "0" Pressure = "0" />
		<Point X = "110" Y = "247" T = "0" Pressure = "0" />
		<Point X = "108" Y = "249" T = "0" Pressure = "0" />
		<Point X = "106" Y = "250" T = "0" Pressure = "0" />
		<Point X = "105" Y = "252" T = "0" Pressure = "0" />
		<Point X = "101" Y = "253" T = "0" Pressure = "0" />
		<Point X = "99" Y = "256" T = "0" Pressure = "0" />
		<Point X = "97" Y = "256" T = "0" Pressure = "0" />
		<Point X = "94" Y = "259" T = "0" Pressure = "0" />
		<Point X = "93" Y = "259" T = "0" Pressure = "0" />
		<Point X = "92" Y = "261" T = "0" Pressure = "0" />
		<Point X = "90" Y = "262" T = "0" Pressure = "0" />
		<Point X = "88" Y = "262" T = "0" Pressure = "0" />
		<Point X = "88" Y = "263" T = "0" Pressure = "0" />
		<Point X = "88" Y = "262" T = "0" Pressure = "0" />
		<Point X = "88" Y = "261" T = "0" Pressure = "0" />
		<Point X = "88" Y = "258" T = "0" Pressure = "0" />
		<Point X = "88" Y = "255" T = "0" Pressure = "0" />
		<Point X = "88" Y = "251" T = "0" Pressure = "0" />
		<Point X = "88" Y = "249" T = "0" Pressure = "0" />
		<Point X = "88" Y = "245" T = "0" Pressure = "0" />
		<Point X = "88" Y = "238" T = "0" Pressure = "0" />
		<Point X = "89" Y = "232" T = "0" Pressure = "0" />
		<Point X = "91" Y = "226" T = "0" Pressure = "0" />
		<Point X = "92" Y = "221" T = "0" Pressure = "0" />
		<Point X = "93" Y = "214" T = "0" Pressure = "0" />
		<Point X = "95" Y = "208" T = "0" Pressure = "0" />
		<Point X = "97" Y = "203" T = "0" Pressure = "0" />
		<Point X = "97" Y = "198" T = "0" Pressure = "0" />
		<Point X = "98" Y = "192" T = "0" Pressure = "0" />
		<Point X = "99" Y = "187" T = "0" Pressure = "0" />
		<Point X = "99" Y = "183" T = "0" Pressure = "0" />
		<Point X = "99" Y = "180" T = "0" Pressure = "0" />
		<Point X = "100" Y = "176" T = "0" Pressure = "0" />
		<Point X = "101" Y = "173" T = "0" Pressure = "0" />
		<Point X = "103" Y = "168" T = "0" Pressure = "0" />
		<Point X = "107" Y = "164" T = "0" Pressure = "0" />
		<Point X = "109" Y = "161" T = "0" Pressure = "0" />
		<Point X = "111" Y = "158" T = "0" Pressure = "0" />
		<Point X = "113" Y = "154" T = "0" Pressure = "0" />
		<Point X = "115" Y = "149" T = "0" Pressure = "0" />
		<Point X = "117" Y = "143" T = "0" Pressure = "0" />
		<Point X = "119" Y = "140" T = "0" Pressure = "0" />
		<Point X = "121" Y = "135" T = "0" Pressure = "0" />
		<Point X = "122" Y = "131" T = "0" Pressure = "0" />
		<Point X = "123" Y = "129" T = "0" Pressure = "0" />
		<Point X = "124" Y = "124" T = "0" Pressure = "0" />
		<Point X = "125" Y = "120" T = "0" Pressure = "0" />
		<Point X = "127" Y = "118" T = "0" Pressure = "0" />
		<Point X = "127" Y = "115" T = "0" Pressure = "0" />
		<Point X = "127" Y = "114" T = "0" Pressure = "0" />
		<Point X = "128" Y = "112" T = "0" Pressure = "0" />
		<Point X = "128" Y = "111" T = "0" Pressure = "0" />
		<Point X = "129" Y = "110" T = "0" Pressure = "0" />
		<Point X = "129" Y = "109" T = "0" Pressure = "0" />
		<Point X = "129" Y = "107" T = "0" Pressure = "0" />
		<Point X = "131" Y = "106" T = "0" Pressure = "0" />
		<Point X = "132" Y = "102" T = "0" Pressure = "0" />
		<Point X = "134" Y = "98" T = "0" Pressure = "0" />
		<Point X = "135" Y = "96" T = "0" Pressure = "0" />
		<Point X = "136" Y = "93" T = "0" Pressure = "0" />
		<Point X = "139" Y = "87" T = "0" Pressure = "0" />
		<Point X = "139" Y = "85" T = "0" Pressure = "0" />
		<Point X = "139" Y = "81" T = "0" Pressure = "0" />
		<Point X = "139" Y = "79" T = "0" Pressure = "0" />
		<Point X = "139" Y = "76" T = "0" Pressure = "0" />
		<Point X = "139" Y = "75" T = "0" Pressure = "0" />
		<Point X = "140" Y = "73" T = "0" Pressure = "0" />
		<Point X = "140" Y = "72" T = "0" Pressure = "0" />
		<Point X = "140" Y = "73" T = "0" Pressure = "0" />
		<Point X = "140" Y = "75" T = "0" Pressure = "0" />
		<Point X = "140" Y = "76" T = "0" Pressure = "0" />
		<Point X = "141" Y = "80" T = "0" Pressure = "0" />
		<Point X = "143" Y = "86" T = "0" Pressure = "0" />
		<Point X = "145" Y = "91" T = "0" Pressure = "0" />
		<Point X = "146" Y = "98" T = "0" Pressure = "0" />
		<Point X = "148" Y = "104" T = "0" Pressure = "0" />
		<Point X = "149" Y = "110" T = "0" Pressure = "0" />
		<Point X = "150" Y = "115" T = "0" Pressure = "0" />
		<Point X = "150" Y = "124" T = "0" Pressure = "0" />
		<Point X = "152" Y = "131" T = "0" Pressure = "0" />
		<Point X = "153" Y = "134" T = "0" Pressure = "0" />
		<Point X = "155" Y = "140" T = "0" Pressure = "0" />
		<Point X = "156" Y = "147" T = "0" Pressure = "0" />
		<Point X = "158" Y = "153" T = "0" Pressure = "0" />
		<Point X = "159" Y = "158" T = "0" Pressure = "0" />
		<Point X = "159" Y = "163" T = "0" Pressure = "0" />
		<Point X = "160" Y = "168" T = "0" Pressure = "0" />
		<Point X = "160" Y = "172" T = "0" Pressure = "0" />
		<Point X = "160" Y = "176" T = "0" Pressure = "0" />
		<Point X = "161" Y = "180" T = "0" Pressure = "0" />
		<Point X = "162" Y = "183" T = "0" Pressure = "0" />
		<Point X = "163" Y = "185" T = "0" Pressure = "0" />
		<Point X = "163" Y = "187" T = "0" Pressure = "0" />
		<Point X = "164" Y = "190" T = "0" Pressure = "0" />
		<Point X = "164" Y = "191" T = "0" Pressure = "0" />
		<Point X = "164" Y = "195" T = "0" Pressure = "0" />
		<Point X = "166" Y = "198" T = "0" Pressure = "0" />
		<Point X = "167" Y = "199" T = "0" Pressure = "0" />
		<Point X = "168" Y = "203" T = "0" Pressure = "0" />
		<Point X = "168" Y = "204" T = "0" Pressure = "0" />
		<Point X = "169" Y = "207" T = "0" Pressure = "0" />
		<Point X = "170" Y = "209" T = "0" Pressure = "0" />
		<Point X = "170" Y = "211" T = "0" Pressure = "0" />
		<Point X = "170" Y = "213" T = "0" Pressure = "0" />
		<Point X = "170" Y = "215" T = "0" Pressure = "0" />
		<Point X = "171" Y = "217" T = "0" Pressure = "0" />
		<Point X = "172" Y = "220" T = "0" Pressure = "0" />
		<Point X = "172" Y = "223" T = "0" Pressure = "0" />
		<Point X = "174" Y = "227" T = "0" Pressure = "0" />
		<Point X = "174" Y = "230" T = "0" Pressure = "0" />
		<Point X = "175" Y = "233" T = "0" Pressure = "0" />
		<Point X = "175" Y = "236" T = "0" Pressure = "0" />
		<Point X = "175" Y = "238" T = "0" Pressure = "0" />
		<Point X = "175" Y = "240" T = "0" Pressure = "0" />
		<Point X = "175" Y = "242" T = "0" Pressure = "0" />
		<Point X = "176" Y = "244" T = "0" Pressure = "0" />
		<Point X = "176" Y = "245" T = "0" Pressure = "0" />
		<Point X = "177" Y = "248" T = "0" Pressure = "0" />
		<Point X = "178" Y = "250" T = "0" Pressure = "0" />
		<Point X = "178" Y = "251" T = "0" Pressure = "0" />
		<Point X = "179" Y = "252" T = "0" Pressure = "0" />
		<Point X = "179" Y = "254" T = "0" Pressure = "0" />
		<Point X = "179" Y = "255" T = "0" Pressure = "0" />
		<Point X = "181" Y = "258" T = "0" Pressure = "0" />
		<Point X = "181" Y = "260" T = "0" Pressure = "0" />
		<Point X = "181" Y = "262" T = "0" Pressure = "0" />
		<Point X = "181" Y = "264" T = "0" Pressure = "0" />
		<Point X = "182" Y = "265" T = "0" Pressure = "0" />
		<Point X = "182" Y = "266" T = "0" Pressure = "0" />
		<Point X = "182" Y = "268" T = "0" Pressure = "0" />
		<Point X = "183" Y = "268" T = "0" Pressure = "0" />
		<Point X = "183" Y = "270" T = "0" Pressure = "0" />
		<Point X = "183" Y = "271" T = "0" Pressure = "0" />
		<Point X = "183" Y = "272" T = "0" Pressure = "0" />
		<Point X = "183" Y = "274" T = "0" Pressure = "0" />
		<Point X = "184" Y = "275" T = "0" Pressure = "0" />
		<Point X = "184" Y = "276" T = "0" Pressure = "0" />
		<Point X = "184" Y = "277" T = "0" Pressure = "0" />
		<Point X = "184" Y = "278" T = "0" Pressure = "0" />
		<Point X = "184" Y = "279" T = "0" Pressure = "0" />
		<Point X = "183" Y = "280" T = "0" Pressure = "0" />
		<Point X = "182" Y = "280" T = "0" Pressure = "0" />
		<Point X = "181" Y = "280" T = "0" Pressure = "0" />
		<Point X = "178" Y = "280" T = "0" Pressure = "0" />
		<Point X = "174" Y = "275" T = "0" Pressure = "0" />
		<Point X = "169" Y = "272" T = "0" Pressure = "0" />
		<Point X = "164" Y = "269" T = "0" Pressure = "0" />
		<Point X = "159" Y = "263" T = "0" Pressure = "0" />
		<Point X = "158" Y = "261" T = "0" Pressure = "0" />
		<Point X = "154" Y = "260" T = "0" Pressure = "0" />
		<Point X = "151" Y = "257" T = "0" Pressure = "0" />
		<Point X = "150" Y = "256" T = "0" Pressure = "0" />
		<Point X = "148" Y = "256" T = "0" Pressure = "0" />
		<Point X = "146" Y = "254" T = "0" Pressure = "0" />
		<Point X = "145" Y = "253" T = "0" Pressure = "0" />
		<Point X = "142" Y = "251" T = "0" Pressure = "0" />
		<Point X = "139" Y = "249" T = "0" Pressure = "0" />
		<Point X = "134" Y = "246" T = "0" Pressure = "0" />
		<Point X = "131" Y = "243" T = "0" Pressure = "0" />
		<Point X = "129" Y = "242" T = "0" Pressure = "0" />
		<Point X = "126" Y = "240" T = "0" Pressure = "0" />
		<Point X = "124" Y = "239" T = "0" Pressure = "0" />
		<Point X = "121" Y = "237" T = "0" Pressure = "0" />
		<Point X = "120" Y = "236" T = "0" Pressure = "0" />
		<Point X = "118" Y = "235" T = "0" Pressure = "0" />
		<Point X = "115" Y = "233" T = "0" Pressure = "0" />
		<Point X = "114" Y = "232" T = "0" Pressure = "0" />
		<Point X = "111" Y = "229" T = "0" Pressure = "0" />
		<Point X = "110" Y = "228" T = "0" Pressure = "0" />
		<Point X = "106" Y = "225" T = "0" Pressure = "0" />
		<Point X = "104" Y = "224" T = "0" Pressure = "0" />
		<Point X = "102" Y = "222" T = "0" Pressure = "0" />
		<Point X = "100" Y = "221" T = "0" Pressure = "0" />
		<Point X = "97" Y = "218" T = "0" Pressure = "0" />
		<Point X = "94" Y = "217" T = "0" Pressure = "0" />
		<Point X = "92" Y = "216" T = "0" Pressure = "0" />
		<Point X = "90" Y = "214" T = "0" Pressure = "0" />
		<Point X = "89" Y = "213" T = "0" Pressure = "0" />
		<Point X = "87" Y = "211" T = "0" Pressure = "0" />
		<Point X = "87" Y = "210" T = "0" Pressure = "0" />
		<Point X = "86" Y = "210" T = "0" Pressure = "0" />
		<Point X = "84" Y = "208" T = "0" Pressure = "0" />
		<Point X = "83" Y = "206" T = "0" Pressure = "0" />
		<Point X = "82" Y = "204" T = "0" Pressure = "0" />
		<Point X = "80" Y = "203" T = "0" Pressure = "0" />
		<Point X = "77" Y = "199" T = "0" Pressure = "0" />
		<Point X = "76" Y = "198" T = "0" Pressure = "0" />
		<Point X = "75" Y = "196" T = "0" Pressure = "0" />
		<Point X = "73" Y = "195" T = "0" Pressure = "0" />
		<Point X = "73" Y = "193" T = "0" Pressure = "0" />
		<Point X = "72" Y = "193" T = "0" Pressure = "0" />
		<Point X = "72" Y = "192" T = "0" Pressure = "0" />
		<Point X = "71" Y = "191" T = "0" Pressure = "0" />
		<Point X = "69" Y = "189" T = "0" Pressure = "0" />
		<Point X = "68" Y = "187" T = "0" Pressure = "0" />
		<Point X = "66" Y = "186" T = "0" Pressure = "0" />
		<Point X = "64" Y = "184" T = "0" Pressure = "0" />
		<Point X = "63" Y = "183" T = "0" Pressure = "0" />
		<Point X = "62" Y = "182" T = "0" Pressure = "0" />
		<Point X = "60" Y = "181" T = "0" Pressure = "0" />
		<Point X = "60" Y = "180" T = "0" Pressure = "0" />
		<Point X = "58" Y = "179" T = "0" Pressure = "0" />
		<Point X = "58" Y = "178" T = "0" Pressure = "0" />
		<Point X = "57" Y = "177" T = "0" Pressure = "0" />
		<Point X = "55" Y = "175" T = "0" Pressure = "0" />
		<Point X = "54" Y = "174" T = "0" Pressure = "0" />
		<Point X = "53" Y = "174" T = "0" Pressure = "0" />
		<Point X = "52" Y = "173" T = "0" Pressure = "0" />
		<Point X = "52" Y = "172" T = "0" Pressure = "0" />
		<Point X = "51" Y = "172" T = "0" Pressure = "0" />
		<Point X = "50" Y = "171" T = "0" Pressure = "0" />
		<Point X = "48" Y = "170" T = "0" Pressure = "0" />
		<Point X = "48" Y = "169" T = "0" Pressure = "0" />
		<Point X = "47" Y = "169" T = "0" Pressure = "0" />
		<Point X = "46" Y = "168" T = "0" Pressure = "0" />
		<Point X = "45" Y = "167" T = "0" Pressure = "0" />
		<Point X = "43" Y = "165" T = "0" Pressure = "0" />
		<Point X = "43" Y = "164" T = "0" Pressure = "0" />
		<Point X = "43" Y = "163" T = "0" Pressure = "0" />
		<Point X = "43" Y = "162" T = "0" Pressure = "0" />
		<Point X = "44" Y = "161" T = "0" Pressure = "0" />
		<Point X = "46" Y = "161" T = "0" Pressure = "0" />
		<Point X = "47" Y = "161" T = "0" Pressure = "0" />
		<Point X = "49" Y = "160" T = "0" Pressure = "0" />
		<Point X = "50" Y = "160" T = "0" Pressure = "0" />
		<Point X = "51" Y = "160" T = "0" Pressure = "0" />
		<Point X = "52" Y = "160" T = "0" Pressure = "0" />
		<Point X = "53" Y = "160" T = "0" Pressure = "0" />
	</Stroke>
</Gesture>
