<?xml version="1.0" encoding="utf-8" standalone="yes"?>
<Gesture Name = "star">
	<Stroke>
		<Point X = "108" Y = "129" T = "0" Pressure = "0" />
		<Point X = "109" Y = "129" T = "0" Pressure = "0" />
		<Point X = "112" Y = "129" T = "0" Pressure = "0" />
		<Point X = "113" Y = "129" T = "0" Pressure = "0" />
		<Point X = "116" Y = "127" T = "0" Pressure = "0" />
		<Point X = "120" Y = "127" T = "0" Pressure = "0" />
		<Point X = "126" Y = "127" T = "0" Pressure = "0" />
		<Point X = "134" Y = "127" T = "0" Pressure = "0" />
		<Point X = "141" Y = "127" T = "0" Pressure = "0" />
		<Point X = "149" Y = "127" T = "0" Pressure = "0" />
		<Point X = "156" Y = "127" T = "0" Pressure = "0" />
		<Point X = "165" Y = "127" T = "0" Pressure = "0" />
		<Point X = "174" Y = "127" T = "0" Pressure = "0" />
		<Point X = "182" Y = "127" T = "0" Pressure = "0" />
		<Point X = "191" Y = "127" T = "0" Pressure = "0" />
		<Point X = "197" Y = "127" T = "0" Pressure = "0" />
		<Point X = "201" Y = "127" T = "0" Pressure = "0" />
		<Point X = "205" Y = "127" T = "0" Pressure = "0" />
		<Point X = "208" Y = "126" T = "0" Pressure = "0" />
		<Point X = "209" Y = "125" T = "0" Pressure = "0" />
		<Point X = "212" Y = "124" T = "0" Pressure = "0" />
		<Point X = "213" Y = "124" T = "0" Pressure = "0" />
		<Point X = "216" Y = "124" T = "0" Pressure = "0" />
		<Point X = "219" Y = "124" T = "0" Pressure = "0" />
		<Point X = "221" Y = "123" T = "0" Pressure = "0" />
		<Point X = "223" Y = "123" T = "0" Pressure = "0" />
		<Point X = "225" Y = "122" T = "0" Pressure = "0" />
		<Point X = "227" Y = "122" T = "0" Pressure = "0" />
		<Point X = "229" Y = "121" T = "0" Pressure = "0" />
		<Point X = "230" Y = "121" T = "0" Pressure = "0" />
		<Point X = "232" Y = "121" T = "0" Pressure = "0" />
		<Point X = "235" Y = "120" T = "0" Pressure = "0" />
		<Point X = "238" Y = "120" T = "0" Pressure = "0" />
		<Point X = "242" Y = "120" T = "0" Pressure = "0" />
		<Point X = "246" Y = "120" T = "0" Pressure = "0" />
		<Point X = "249" Y = "120" T = "0" Pressure = "0" />
		<Point X = "250" Y = "120" T = "0" Pressure = "0" />
		<Point X = "254" Y = "120" T = "0" Pressure = "0" />
		<Point X = "255" Y = "119" T = "0" Pressure = "0" />
		<Point X = "256" Y = "119" T = "0" Pressure = "0" />
		<Point X = "257" Y = "119" T = "0" Pressure = "0" />
		<Point X = "258" Y = "119" T = "0" Pressure = "0" />
		<Point X = "259" Y = "119" T = "0" Pressure = "0" />
		<Point X = "260" Y = "119" T = "0" Pressure = "0" />
		<Point X = "262" Y = "119" T = "0" Pressure = "0" />
		<Point X = "261" Y = "119" T = "0" Pressure = "0" />
		<Point X = "260" Y = "121" T = "0" Pressure = "0" />
		<Point X = "259" Y = "123" T = "0" Pressure = "0" />
		<Point X = "258" Y = "125" T = "0" Pressure = "0" />
		<Point X = "257" Y = "126" T = "0" Pressure = "0" />
		<Point X = "256" Y = "127" T = "0" Pressure = "0" />
		<Point X = "255" Y = "129" T = "0" Pressure = "0" />
		<Point X = "252" Y = "132" T = "0" Pressure = "0" />
		<Point X = "251" Y = "134" T = "0" Pressure = "0" />
		<Point X = "247" Y = "137" T = "0" Pressure = "0" />
		<Point X = "243" Y = "142" T = "0" Pressure = "0" />
		<Point X = "240" Y = "146" T = "0" Pressure = "0" />
		<Point X = "237" Y = "149" T = "0" Pressure = "0" />
		<Point X = "234" Y = "153" T = "0" Pressure = "0" />
		<Point X = "230" Y = "158" T = "0" Pressure = "0" />
		<Point X = "227" Y = "162" T = "0" Pressure = "0" />
		<Point X = "223" Y = "165" T = "0" Pressure = "0" />
		<Point X = "217" Y = "171" T = "0" Pressure = "0" />
		<Point X = "212" Y = "173" T = "0" Pressure = "0" />
		<Point X = "207" Y = "177" T = "0" Pressure = "0" />
		<Point X = "206" Y = "178" T = "0" Pressure = "0" />
		<Point X = "203" Y = "180" T = "0" Pressure = "0" />
		<Point X = "202" Y = "180" T = "0" Pressure = "0" />
		<Point X = "200" Y = "182" T = "0" Pressure = "0" />
		<Point X = "197" Y = "184" T = "0" Pressure = "0" />
		<Point X = "196" Y = "186" T = "0" Pressure = "0" />
		<Point X = "193" Y = "188" T = "0" Pressure = "0" />
		<Point X = "193" Y = "189" T = "0" Pressure = "0" />
		<Point X = "192" Y = "189" T = "0" Pressure = "0" />
		<Point X = "190" Y = "191" T = "0" Pressure = "0" />
		<Point X = "188" Y = "192" T = "0" Pressure = "0" />
		<Point X = "186" Y = "194" T = "0" Pressure = "0" />
		<Point X = "183" Y = "197" T = "0" Pressure = "0" />
		<Point X = "180" Y = "201" T = "0" Pressure = "0" />
		<Point X = "177" Y = "203" T = "0" Pressure = "0" />
		<Point X = "174" Y = "205" T = "0" Pressure = "0" />
		<Point X = "172" Y = "207" T = "0" Pressure = "0" />
		<Point X = "171" Y = "209" T = "0" Pressure = "0" />
		<Point X = "167" Y = "211" T = "0" Pressure = "0" />
		<Point X = "166" Y = "213" T = "0" Pressure = "0" />
		<Point X = "162" Y = "214" T = "0" Pressure = "0" />
		<Point X = "161" Y = "216" T = "0" Pressure = "0" />
		<Point X = "160" Y = "216" T = "0" Pressure = "0" />
		<Point X = "157" Y = "219" T = "0" Pressure = "0" />
		<Point X = "155" Y = "221" T = "0" Pressure = "0" />
		<Point X = "152" Y = "223" T = "0" Pressure = "0" />
		<Point X = "152" Y = "224" T = "0" Pressure = "0" />
		<Point X = "151" Y = "224" T = "0" Pressure = "0" />
		<Point X = "151" Y = "223" T = "0" Pressure = "0" />
		<Point X = "151" Y = "220" T = "0" Pressure = "0" />
		<Point X = "151" Y = "217" T = "0" Pressure = "0" />
		<Point X = "151" Y = "212" T = "0" Pressure = "0" />
		<Point X = "151" Y = "210" T = "0" Pressure = "0" />
		<Point X = "151" Y = "206" T = "0" Pressure = "0" />
		<Point X = "151" Y = "201" T = "0" Pressure = "0" />
		<Point X = "151" Y = "195" T = "0" Pressure = "0" />
		<Point X = "151" Y = "190" T = "0" Pressure = "0" />
		<Point X = "151" Y = "182" T = "0" Pressure = "0" />
		<Point X = "153" Y = "173" T = "0" Pressure = "0" />
		<Point X = "153" Y = "167" T = "0" Pressure = "0" />
		<Point X = "153" Y = "159" T = "0" Pressure = "0" />
		<Point X = "153" Y = "152" T = "0" Pressure = "0" />
		<Point X = "153" Y = "144" T = "0" Pressure = "0" />
		<Point X = "154" Y = "138" T = "0" Pressure = "0" />
		<Point X = "155" Y = "132" T = "0" Pressure = "0" />
		<Point X = "158" Y = "126" T = "0" Pressure = "0" />
		<Point X = "159" Y = "122" T = "0" Pressure = "0" />
		<Point X = "161" Y = "117" T = "0" Pressure = "0" />
		<Point X = "163" Y = "114" T = "0" Pressure = "0" />
		<Point X = "165" Y = "109" T = "0" Pressure = "0" />
		<Point X = "168" Y = "104" T = "0" Pressure = "0" />
		<Point X = "168" Y = "103" T = "0" Pressure = "0" />
		<Point X = "169" Y = "101" T = "0" Pressure = "0" />
		<Point X = "169" Y = "98" T = "0" Pressure = "0" />
		<Point X = "169" Y = "96" T = "0" Pressure = "0" />
		<Point X = "171" Y = "93" T = "0" Pressure = "0" />
		<Point X = "172" Y = "89" T = "0" Pressure = "0" />
		<Point X = "174" Y = "84" T = "0" Pressure = "0" />
		<Point X = "174" Y = "80" T = "0" Pressure = "0" />
		<Point X = "175" Y = "76" T = "0" Pressure = "0" />
		<Point X = "175" Y = "73" T = "0" Pressure = "0" />
		<Point X = "176" Y = "70" T = "0" Pressure = "0" />
		<Point X = "176" Y = "69" T = "0" Pressure = "0" />
		<Point X = "176" Y = "66" T = "0" Pressure = "0" />
		<Point X = "177" Y = "64" T = "0" Pressure = "0" />
		<Point X = "178" Y = "62" T = "0" Pressure = "0" />
		<Point X = "178" Y = "61" T = "0" Pressure = "0" />
		<Point X = "179" Y = "59" T = "0" Pressure = "0" />
		<Point X = "180" Y = "58" T = "0" Pressure = "0" />
		<Point X = "180" Y = "57" T = "0" Pressure = "0" />
		<Point X = "180" Y = "55" T = "0" Pressure = "0" />
		<Point X = "180" Y = "57" T = "0" Pressure = "0" />
		<Point X = "181" Y = "58" T = "0" Pressure = "0" />
		<Point X = "183" Y = "63" T = "0" Pressure = "0" />
		<Point X = "184" Y = "66" T = "0" Pressure = "0" />
		<Point X = "185" Y = "67" T = "0" Pressure = "0" />
		<Point X = "188" Y = "71" T = "0" Pressure = "0" />
		<Point X = "189" Y = "74" T = "0" Pressure = "0" />
		<Point X = "192" Y = "80" T = "0" Pressure = "0" />
		<Point X = "192" Y = "83" T = "0" Pressure = "0" />
		<Point X = "194" Y = "88" T = "0" Pressure = "0" />
		<Point X = "197" Y = "93" T = "0" Pressure = "0" />
		<Point X = "199" Y = "97" T = "0" Pressure = "0" />
		<Point X = "203" Y = "103" T = "0" Pressure = "0" />
		<Point X = "207" Y = "109" T = "0" Pressure = "0" />
		<Point X = "211" Y = "116" T = "0" Pressure = "0" />
		<Point X = "213" Y = "120" T = "0" Pressure = "0" />
		<Point X = "216" Y = "125" T = "0" Pressure = "0" />
		<Point X = "218" Y = "128" T = "0" Pressure = "0" />
		<Point X = "221" Y = "133" T = "0" Pressure = "0" />
		<Point X = "222" Y = "137" T = "0" Pressure = "0" />
		<Point X = "223" Y = "138" T = "0" Pressure = "0" />
		<Point X = "225" Y = "141" T = "0" Pressure = "0" />
		<Point X = "226" Y = "143" T = "0" Pressure = "0" />
		<Point X = "229" Y = "146" T = "0" Pressure = "0" />
		<Point X = "229" Y = "147" T = "0" Pressure = "0" />
		<Point X = "229" Y = "148" T = "0" Pressure = "0" />
		<Point X = "230" Y = "149" T = "0" Pressure = "0" />
		<Point X = "231" Y = "151" T = "0" Pressure = "0" />
		<Point X = "232" Y = "153" T = "0" Pressure = "0" />
		<Point X = "233" Y = "156" T = "0" Pressure = "0" />
		<Point X = "234" Y = "159" T = "0" Pressure = "0" />
		<Point X = "237" Y = "164" T = "0" Pressure = "0" />
		<Point X = "237" Y = "166" T = "0" Pressure = "0" />
		<Point X = "239" Y = "171" T = "0" Pressure = "0" />
		<Point X = "241" Y = "174" T = "0" Pressure = "0" />
		<Point X = "241" Y = "176" T = "0" Pressure = "0" />
		<Point X = "241" Y = "179" T = "0" Pressure = "0" />
		<Point X = "242" Y = "182" T = "0" Pressure = "0" />
		<Point X = "243" Y = "184" T = "0" Pressure = "0" />
		<Point X = "243" Y = "186" T = "0" Pressure = "0" />
		<Point X = "243" Y = "187" T = "0" Pressure = "0" />
		<Point X = "243" Y = "189" T = "0" Pressure = "0" />
		<Point X = "243" Y = "190" T = "0" Pressure = "0" />
		<Point X = "244" Y = "191" T = "0" Pressure = "0" />
		<Point X = "244" Y = "193" T = "0" Pressure = "0" />
		<Point X = "245" Y = "193" T = "0" Pressure = "0" />
		<Point X = "245" Y = "195" T = "0" Pressure = "0" />
		<Point X = "246" Y = "197" T = "0" Pressure = "0" />
		<Point X = "246" Y = "198" T = "0" Pressure = "0" />
		<Point X = "246" Y = "200" T = "0" Pressure = "0" />
		<Point X = "246" Y = "202" T = "0" Pressure = "0" />
		<Point X = "246" Y = "205" T = "0" Pressure = "0" />
		<Point X = "248" Y = "207" T = "0" Pressure = "0" />
		<Point X = "248" Y = "208" T = "0" Pressure = "0" />
		<Point X = "248" Y = "211" T = "0" Pressure = "0" />
		<Point X = "248" Y = "212" T = "0" Pressure = "0" />
		<Point X = "248" Y = "214" T = "0" Pressure = "0" />
		<Point X = "248" Y = "215" T = "0" Pressure = "0" />
		<Point X = "248" Y = "217" T = "0" Pressure = "0" />
		<Point X = "248" Y = "219" T = "0" Pressure = "0" />
		<Point X = "248" Y = "220" T = "0" Pressure = "0" />
		<Point X = "248" Y = "221" T = "0" Pressure = "0" />
		<Point X = "248" Y = "222" T = "0" Pressure = "0" />
		<Point X = "248" Y = "223" T = "0" Pressure = "0" />
		<Point X = "248" Y = "224" T = "0" Pressure = "0" />
		<Point X = "248" Y = "225" T = "0" Pressure = "0" />
		<Point X = "247" Y = "225" T = "0" Pressure = "0" />
		<Point X = "245" Y = "225" T = "0" Pressure = "0" />
		<Point X = "241" Y = "225" T = "0" Pressure = "0" />
		<Point X = "239" Y = "225" T = "0" Pressure = "0" />
		<Point X = "237" Y = "224" T = "0" Pressure = "0" />
		<Point X = "235" Y = "224" T = "0" Pressure = "0" />
		<Point X = "234" Y = "224" T = "0" Pressure = "0" />
		<Point X = "233" Y = "223" T = "0" Pressure = "0" />
		<Point X = "230" Y = "223" T = "0" Pressure = "0" />
		<Point X = "227" Y = "223" T = "0" Pressure = "0" />
		<Point X = "226" Y = "222" T = "0" Pressure = "0" />
		<Point X = "223" Y = "219" T = "0" Pressure = "0" />
		<Point X = "219" Y = "219" T = "0" Pressure = "0" />
		<Point X = "214" Y = "215" T = "0" Pressure = "0" />
		<Point X = "210" Y = "211" T = "0" Pressure = "0" />
		<Point X = "205" Y = "208" T = "0" Pressure = "0" />
		<Point X = "198" Y = "203" T = "0" Pressure = "0" />
		<Point X = "195" Y = "200" T = "0" Pressure = "0" />
		<Point X = "192" Y = "198" T = "0" Pressure = "0" />
		<Point X = "190" Y = "197" T = "0" Pressure = "0" />
		<Point X = "188" Y = "196" T = "0" Pressure = "0" />
		<Point X = "187" Y = "196" T = "0" Pressure = "0" />
		<Point X = "186" Y = "194" T = "0" Pressure = "0" />
		<Point X = "184" Y = "193" T = "0" Pressure = "0" />
		<Point X = "183" Y = "191" T = "0" Pressure = "0" />
		<Point X = "181" Y = "190" T = "0" Pressure = "0" />
		<Point X = "179" Y = "188" T = "0" Pressure = "0" />
		<Point X = "178" Y = "187" T = "0" Pressure = "0" />
		<Point X = "176" Y = "185" T = "0" Pressure = "0" />
		<Point X = "174" Y = "184" T = "0" Pressure = "0" />
		<Point X = "172" Y = "182" T = "0" Pressure = "0" />
		<Point X = "171" Y = "182" T = "0" Pressure = "0" />
		<Point X = "169" Y = "178" T = "0" Pressure = "0" />
		<Point X = "168" Y = "177" T = "0" Pressure = "0" />
		<Point X = "168" Y = "175" T = "0" Pressure = "0" />
		<Point X = "165" Y = "173" T = "0" Pressure = "0" />
		<Point X = "164" Y = "171" T = "0" Pressure = "0" />
		<Point X = "163" Y = "169" T = "0" Pressure = "0" />
		<Point X = "161" Y = "167" T = "0" Pressure = "0" />
		<Point X = "161" Y = "166" T = "0" Pressure = "0" />
		<Point X = "160" Y = "164" T = "0" Pressure = "0" />
		<Point X = "158" Y = "163" T = "0" Pressure = "0" />
		<Point X = "158" Y = "162" T = "0" Pressure = "0" />
		<Point X = "156" Y = "161" T = "0" Pressure = "0" />
		<Point X = "154" Y = "159" T = "0" Pressure = "0" />
		<Point X = "152" Y = "157" T = "0" Pressure = "0" />
		<Point X = "150" Y = "156" T = "0" Pressure = "0" />
		<Point X = "148" Y = "155" T = "0" Pressure = "0" />
		<Point X = "146" Y = "153" T = "0" Pressure = "0" />
		<Point X = "144" Y = "152" T = "0" Pressure = "0" />
		<Point X = "142" Y = "151" T = "0" Pressure = "0" />
		<Point X = "140" Y = "151" T = "0" Pressure = "0" />
		<Point X = "139" Y = "150" T = "0" Pressure = "0" />
		<Point X = "139" Y = "149" T = "0" Pressure = "0" />
		<Point X = "136" Y = "148" T = "0" Pressure = "0" />
		<Point X = "135" Y = "147" T = "0" Pressure = "0" />
		<Point X = "133" Y = "146" T = "0" Pressure = "0" />
		<Point X = "131" Y = "145" T = "0" Pressure = "0" />
		<Point X = "130" Y = "145" T = "0" Pressure = "0" />
		<Point X = "129" Y = "144" T = "0" Pressure = "0" />
		<Point X = "128" Y = "143" T = "0" Pressure = "0" />
		<Point X = "127" Y = "142" T = "0" Pressure = "0" />
		<Point X = "125" Y = "141" T = "0" Pressure = "0" />
		<Point X = "123" Y = "139" T = "0" Pressure = "0" />
		<Point X = "122" Y = "139" T = "0" Pressure = "0" />
		<Point X = "121" Y = "138" T = "0" Pressure = "0" />
		<Point X = "119" Y = "137" T = "0" Pressure = "0" />
		<Point X = "118" Y = "136" T = "0" Pressure = "0" />
		<Point X = "117" Y = "135" T = "0" Pressure = "0" />
		<Point X = "116" Y = "134" T = "0" Pressure = "0" />
		<Point X = "115" Y = "133" T = "0" Pressure = "0" />
		<Point X = "114" Y = "131" T = "0" Pressure = "0" />
		<Point X = "114" Y = "130" T = "0" Pressure = "0" />
		<Point X = "113" Y = "129" T = "0" Pressure = "0" />
		<Point X = "112" Y = "128" T = "0" Pressure = "0" />
		<Point X = "111" Y = "127" T = "0" Pressure = "0" />
		<Point X = "110" Y = "126" T = "0" Pressure = "0" />
		<Point X = "109" Y = "126" T = "0" Pressure = "0" />
		<Point X = "107" Y = "125" T = "0" Pressure = "0" />
		<Point X = "106" Y = "123" T = "0" Pressure = "0" />
		<Point X = "105" Y = "123" T = "0" Pressure = "0" />
	</Stroke>
</Gesture>
