<?xml version="1.0" encoding="utf-8" standalone="yes"?>
<Gesture Name = "star">
	<Stroke>
		<Point X = "104" Y = "108" T = "0" Pressure = "0" />
		<Point X = "107" Y = "108" T = "0" Pressure = "0" />
		<Point X = "110" Y = "108" T = "0" Pressure = "0" />
		<Point X = "111" Y = "108" T = "0" Pressure = "0" />
		<Point X = "113" Y = "108" T = "0" Pressure = "0" />
		<Point X = "116" Y = "108" T = "0" Pressure = "0" />
		<Point X = "119" Y = "108" T = "0" Pressure = "0" />
		<Point X = "122" Y = "108" T = "0" Pressure = "0" />
		<Point X = "126" Y = "108" T = "0" Pressure = "0" />
		<Point X = "132" Y = "109" T = "0" Pressure = "0" />
		<Point X = "135" Y = "109" T = "0" Pressure = "0" />
		<Point X = "139" Y = "109" T = "0" Pressure = "0" />
		<Point X = "142" Y = "109" T = "0" Pressure = "0" />
		<Point X = "145" Y = "109" T = "0" Pressure = "0" />
		<Point X = "146" Y = "109" T = "0" Pressure = "0" />
		<Point X = "150" Y = "109" T = "0" Pressure = "0" />
		<Point X = "152" Y = "109" T = "0" Pressure = "0" />
		<Point X = "154" Y = "109" T = "0" Pressure = "0" />
		<Point X = "157" Y = "109" T = "0" Pressure = "0" />
		<Point X = "158" Y = "109" T = "0" Pressure = "0" />
		<Point X = "160" Y = "109" T = "0" Pressure = "0" />
		<Point X = "162" Y = "109" T = "0" Pressure = "0" />
		<Point X = "164" Y = "109" T = "0" Pressure = "0" />
		<Point X = "167" Y = "109" T = "0" Pressure = "0" />
		<Point X = "169" Y = "109" T = "0" Pressure = "0" />
		<Point X = "171" Y = "109" T = "0" Pressure = "0" />
		<Point X = "174" Y = "109" T = "0" Pressure = "0" />
		<Point X = "176" Y = "109" T = "0" Pressure = "0" />
		<Point X = "178" Y = "109" T = "0" Pressure = "0" />
		<Point X = "179" Y = "109" T = "0" Pressure = "0" />
		<Point X = "181" Y = "109" T = "0" Pressure = "0" />
		<Point X = "183" Y = "109" T = "0" Pressure = "0" />
		<Point X = "185" Y = "109" T = "0" Pressure = "0" />
		<Point X = "187" Y = "109" T = "0" Pressure = "0" />
		<Point X = "189" Y = "109" T = "0" Pressure = "0" />
		<Point X = "191" Y = "109" T = "0" Pressure = "0" />
		<Point X = "194" Y = "109" T = "0" Pressure = "0" />
		<Point X = "197" Y = "109" T = "0" Pressure = "0" />
		<Point X = "202" Y = "109" T = "0" Pressure = "0" />
		<Point X = "205" Y = "108" T = "0" Pressure = "0" />
		<Point X = "208" Y = "108" T = "0" Pressure = "0" />
		<Point X = "210" Y = "108" T = "0" Pressure = "0" />
		<Point X = "214" Y = "107" T = "0" Pressure = "0" />
		<Point X = "219" Y = "107" T = "0" Pressure = "0" />
		<Point X = "223" Y = "107" T = "0" Pressure = "0" />
		<Point X = "227" Y = "107" T = "0" Pressure = "0" />
		<Point X = "230" Y = "107" T = "0" Pressure = "0" />
		<Point X = "233" Y = "107" T = "0" Pressure = "0" />
		<Point X = "234" Y = "107" T = "0" Pressure = "0" />
		<Point X = "236" Y = "107" T = "0" Pressure = "0" />
		<Point X = "237" Y = "107" T = "0" Pressure = "0" />
		<Point X = "237" Y = "106" T = "0" Pressure = "0" />
		<Point X = "238" Y = "106" T = "0" Pressure = "0" />
		<Point X = "240" Y = "105" T = "0" Pressure = "0" />
		<Point X = "242" Y = "105" T = "0" Pressure = "0" />
		<Point X = "244" Y = "105" T = "0" Pressure = "0" />
		<Point X = "246" Y = "105" T = "0" Pressure = "0" />
		<Point X = "248" Y = "105" T = "0" Pressure = "0" />
		<Point X = "249" Y = "105" T = "0" Pressure = "0" />
		<Point X = "247" Y = "105" T = "0" Pressure = "0" />
		<Point X = "245" Y = "107" T = "0" Pressure = "0" />
		<Point X = "242" Y = "110" T = "0" Pressure = "0" />
		<Point X = "238" Y = "113" T = "0" Pressure = "0" />
		<Point X = "236" Y = "115" T = "0" Pressure = "0" />
		<Point X = "231" Y = "119" T = "0" Pressure = "0" />
		<Point X = "227" Y = "123" T = "0" Pressure = "0" />
		<Point X = "221" Y = "126" T = "0" Pressure = "0" />
		<Point X = "216" Y = "129" T = "0" Pressure = "0" />
		<Point X = "214" Y = "131" T = "0" Pressure = "0" />
		<Point X = "212" Y = "132" T = "0" Pressure = "0" />
		<Point X = "208" Y = "133" T = "0" Pressure = "0" />
		<Point X = "208" Y = "134" T = "0" Pressure = "0" />
		<Point X = "206" Y = "135" T = "0" Pressure = "0" />
		<Point X = "204" Y = "136" T = "0" Pressure = "0" />
		<Point X = "202" Y = "137" T = "0" Pressure = "0" />
		<Point X = "201" Y = "139" T = "0" Pressure = "0" />
		<Point X = "199" Y = "140" T = "0" Pressure = "0" />
		<Point X = "195" Y = "141" T = "0" Pressure = "0" />
		<Point X = "193" Y = "143" T = "0" Pressure = "0" />
		<Point X = "191" Y = "144" T = "0" Pressure = "0" />
		<Point X = "187" Y = "147" T = "0" Pressure = "0" />
		<Point X = "184" Y = "148" T = "0" Pressure = "0" />
		<Point X = "183" Y = "148" T = "0" Pressure = "0" />
		<Point X = "180" Y = "150" T = "0" Pressure = "0" />
		<Point X = "178" Y = "152" T = "0" Pressure = "0" />
		<Point X = "176" Y = "152" T = "0" Pressure = "0" />
		<Point X = "174" Y = "153" T = "0" Pressure = "0" />
		<Point X = "172" Y = "155" T = "0" Pressure = "0" />
		<Point X = "169" Y = "157" T = "0" Pressure = "0" />
		<Point X = "166" Y = "159" T = "0" Pressure = "0" />
		<Point X = "161" Y = "163" T = "0" Pressure = "0" />
		<Point X = "156" Y = "166" T = "0" Pressure = "0" />
		<Point X = "153" Y = "169" T = "0" Pressure = "0" />
		<Point X = "149" Y = "173" T = "0" Pressure = "0" />
		<Point X = "147" Y = "173" T = "0" Pressure = "0" />
		<Point X = "146" Y = "174" T = "0" Pressure = "0" />
		<Point X = "146" Y = "175" T = "0" Pressure = "0" />
		<Point X = "144" Y = "176" T = "0" Pressure = "0" />
		<Point X = "143" Y = "177" T = "0" Pressure = "0" />
		<Point X = "142" Y = "177" T = "0" Pressure = "0" />
		<Point X = "141" Y = "178" T = "0" Pressure = "0" />
		<Point X = "139" Y = "180" T = "0" Pressure = "0" />
		<Point X = "138" Y = "181" T = "0" Pressure = "0" />
		<Point X = "136" Y = "183" T = "0" Pressure = "0" />
		<Point X = "134" Y = "185" T = "0" Pressure = "0" />
		<Point X = "133" Y = "187" T = "0" Pressure = "0" />
		<Point X = "131" Y = "189" T = "0" Pressure = "0" />
		<Point X = "129" Y = "191" T = "0" Pressure = "0" />
		<Point X = "128" Y = "191" T = "0" Pressure = "0" />
		<Point X = "128" Y = "193" T = "0" Pressure = "0" />
		<Point X = "127" Y = "194" T = "0" Pressure = "0" />
		<Point X = "126" Y = "195" T = "0" Pressure = "0" />
		<Point X = "125" Y = "196" T = "0" Pressure = "0" />
		<Point X = "124" Y = "197" T = "0" Pressure = "0" />
		<Point X = "121" Y = "201" T = "0" Pressure = "0" />
		<Point X = "119" Y = "202" T = "0" Pressure = "0" />
		<Point X = "120" Y = "201" T = "0" Pressure = "0" />
		<Point X = "120" Y = "200" T = "0" Pressure = "0" />
		<Point X = "120" Y = "196" T = "0" Pressure = "0" />
		<Point X = "122" Y = "193" T = "0" Pressure = "0" />
		<Point X = "122" Y = "188" T = "0" Pressure = "0" />
		<Point X = "122" Y = "184" T = "0" Pressure = "0" />
		<Point X = "123" Y = "181" T = "0" Pressure = "0" />
		<Point X = "123" Y = "178" T = "0" Pressure = "0" />
		<Point X = "124" Y = "176" T = "0" Pressure = "0" />
		<Point X = "124" Y = "173" T = "0" Pressure = "0" />
		<Point X = "124" Y = "170" T = "0" Pressure = "0" />
		<Point X = "126" Y = "168" T = "0" Pressure = "0" />
		<Point X = "126" Y = "166" T = "0" Pressure = "0" />
		<Point X = "126" Y = "162" T = "0" Pressure = "0" />
		<Point X = "126" Y = "159" T = "0" Pressure = "0" />
		<Point X = "127" Y = "156" T = "0" Pressure = "0" />
		<Point X = "127" Y = "153" T = "0" Pressure = "0" />
		<Point X = "127" Y = "150" T = "0" Pressure = "0" />
		<Point X = "128" Y = "149" T = "0" Pressure = "0" />
		<Point X = "128" Y = "147" T = "0" Pressure = "0" />
		<Point X = "131" Y = "142" T = "0" Pressure = "0" />
		<Point X = "132" Y = "141" T = "0" Pressure = "0" />
		<Point X = "132" Y = "139" T = "0" Pressure = "0" />
		<Point X = "134" Y = "135" T = "0" Pressure = "0" />
		<Point X = "135" Y = "133" T = "0" Pressure = "0" />
		<Point X = "136" Y = "129" T = "0" Pressure = "0" />
		<Point X = "136" Y = "127" T = "0" Pressure = "0" />
		<Point X = "138" Y = "123" T = "0" Pressure = "0" />
		<Point X = "138" Y = "122" T = "0" Pressure = "0" />
		<Point X = "138" Y = "119" T = "0" Pressure = "0" />
		<Point X = "139" Y = "118" T = "0" Pressure = "0" />
		<Point X = "139" Y = "114" T = "0" Pressure = "0" />
		<Point X = "140" Y = "112" T = "0" Pressure = "0" />
		<Point X = "142" Y = "110" T = "0" Pressure = "0" />
		<Point X = "142" Y = "107" T = "0" Pressure = "0" />
		<Point X = "143" Y = "105" T = "0" Pressure = "0" />
		<Point X = "144" Y = "103" T = "0" Pressure = "0" />
		<Point X = "147" Y = "98" T = "0" Pressure = "0" />
		<Point X = "147" Y = "95" T = "0" Pressure = "0" />
		<Point X = "149" Y = "91" T = "0" Pressure = "0" />
		<Point X = "151" Y = "88" T = "0" Pressure = "0" />
		<Point X = "152" Y = "84" T = "0" Pressure = "0" />
		<Point X = "152" Y = "82" T = "0" Pressure = "0" />
		<Point X = "155" Y = "79" T = "0" Pressure = "0" />
		<Point X = "155" Y = "76" T = "0" Pressure = "0" />
		<Point X = "156" Y = "74" T = "0" Pressure = "0" />
		<Point X = "158" Y = "71" T = "0" Pressure = "0" />
		<Point X = "159" Y = "69" T = "0" Pressure = "0" />
		<Point X = "159" Y = "67" T = "0" Pressure = "0" />
		<Point X = "159" Y = "64" T = "0" Pressure = "0" />
		<Point X = "160" Y = "63" T = "0" Pressure = "0" />
		<Point X = "162" Y = "58" T = "0" Pressure = "0" />
		<Point X = "162" Y = "57" T = "0" Pressure = "0" />
		<Point X = "163" Y = "55" T = "0" Pressure = "0" />
		<Point X = "163" Y = "52" T = "0" Pressure = "0" />
		<Point X = "163" Y = "49" T = "0" Pressure = "0" />
		<Point X = "164" Y = "47" T = "0" Pressure = "0" />
		<Point X = "164" Y = "44" T = "0" Pressure = "0" />
		<Point X = "166" Y = "42" T = "0" Pressure = "0" />
		<Point X = "166" Y = "40" T = "0" Pressure = "0" />
		<Point X = "166" Y = "38" T = "0" Pressure = "0" />
		<Point X = "167" Y = "37" T = "0" Pressure = "0" />
		<Point X = "168" Y = "36" T = "0" Pressure = "0" />
		<Point X = "168" Y = "34" T = "0" Pressure = "0" />
		<Point X = "169" Y = "34" T = "0" Pressure = "0" />
		<Point X = "169" Y = "32" T = "0" Pressure = "0" />
		<Point X = "170" Y = "32" T = "0" Pressure = "0" />
		<Point X = "171" Y = "31" T = "0" Pressure = "0" />
		<Point X = "172" Y = "30" T = "0" Pressure = "0" />
		<Point X = "173" Y = "31" T = "0" Pressure = "0" />
		<Point X = "173" Y = "32" T = "0" Pressure = "0" />
		<Point X = "173" Y = "35" T = "0" Pressure = "0" />
		<Point X = "174" Y = "38" T = "0" Pressure = "0" />
		<Point X = "176" Y = "43" T = "0" Pressure = "0" />
		<Point X = "177" Y = "46" T = "0" Pressure = "0" />
		<Point X = "178" Y = "51" T = "0" Pressure = "0" />
		<Point X = "178" Y = "54" T = "0" Pressure = "0" />
		<Point X = "180" Y = "58" T = "0" Pressure = "0" />
		<Point X = "181" Y = "60" T = "0" Pressure = "0" />
		<Point X = "183" Y = "64" T = "0" Pressure = "0" />
		<Point X = "183" Y = "65" T = "0" Pressure = "0" />
		<Point X = "184" Y = "70" T = "0" Pressure = "0" />
		<Point X = "185" Y = "72" T = "0" Pressure = "0" />
		<Point X = "187" Y = "74" T = "0" Pressure = "0" />
		<Point X = "188" Y = "76" T = "0" Pressure = "0" />
		<Point X = "189" Y = "79" T = "0" Pressure = "0" />
		<Point X = "190" Y = "82" T = "0" Pressure = "0" />
		<Point X = "190" Y = "84" T = "0" Pressure = "0" />
		<Point X = "191" Y = "89" T = "0" Pressure = "0" />
		<Point X = "191" Y = "93" T = "0" Pressure = "0" />
		<Point X = "191" Y = "97" T = "0" Pressure = "0" />
		<Point X = "192" Y = "102" T = "0" Pressure = "0" />
		<Point X = "193" Y = "106" T = "0" Pressure = "0" />
		<Point X = "194" Y = "110" T = "0" Pressure = "0" />
		<Point X = "194" Y = "113" T = "0" Pressure = "0" />
		<Point X = "195" Y = "117" T = "0" Pressure = "0" />
		<Point X = "197" Y = "119" T = "0" Pressure = "0" />
		<Point X = "197" Y = "120" T = "0" Pressure = "0" />
		<Point X = "197" Y = "124" T = "0" Pressure = "0" />
		<Point X = "198" Y = "126" T = "0" Pressure = "0" />
		<Point X = "198" Y = "129" T = "0" Pressure = "0" />
		<Point X = "198" Y = "132" T = "0" Pressure = "0" />
		<Point X = "199" Y = "135" T = "0" Pressure = "0" />
		<Point X = "199" Y = "139" T = "0" Pressure = "0" />
		<Point X = "200" Y = "142" T = "0" Pressure = "0" />
		<Point X = "200" Y = "144" T = "0" Pressure = "0" />
		<Point X = "201" Y = "148" T = "0" Pressure = "0" />
		<Point X = "201" Y = "152" T = "0" Pressure = "0" />
		<Point X = "202" Y = "157" T = "0" Pressure = "0" />
		<Point X = "202" Y = "160" T = "0" Pressure = "0" />
		<Point X = "203" Y = "162" T = "0" Pressure = "0" />
		<Point X = "203" Y = "164" T = "0" Pressure = "0" />
		<Point X = "203" Y = "166" T = "0" Pressure = "0" />
		<Point X = "203" Y = "168" T = "0" Pressure = "0" />
		<Point X = "204" Y = "170" T = "0" Pressure = "0" />
		<Point X = "204" Y = "171" T = "0" Pressure = "0" />
		<Point X = "204" Y = "173" T = "0" Pressure = "0" />
		<Point X = "205" Y = "174" T = "0" Pressure = "0" />
		<Point X = "206" Y = "176" T = "0" Pressure = "0" />
		<Point X = "207" Y = "179" T = "0" Pressure = "0" />
		<Point X = "208" Y = "182" T = "0" Pressure = "0" />
		<Point X = "208" Y = "183" T = "0" Pressure = "0" />
		<Point X = "209" Y = "185" T = "0" Pressure = "0" />
		<Point X = "210" Y = "187" T = "0" Pressure = "0" />
		<Point X = "210" Y = "189" T = "0" Pressure = "0" />
		<Point X = "210" Y = "190" T = "0" Pressure = "0" />
		<Point X = "210" Y = "192" T = "0" Pressure = "0" />
		<Point X = "210" Y = "193" T = "0" Pressure = "0" />
		<Point X = "210" Y = "195" T = "0" Pressure = "0" />
		<Point X = "210" Y = "197" T = "0" Pressure = "0" />
		<Point X = "211" Y = "201" T = "0" Pressure = "0" />
		<Point X = "212" Y = "201" T = "0" Pressure = "0" />
		<Point X = "212" Y = "204" T = "0" Pressure = "0" />
		<Point X = "213" Y = "204" T = "0" Pressure = "0" />
		<Point X = "213" Y = "206" T = "0" Pressure = "0" />
		<Point X = "213" Y = "207" T = "0" Pressure = "0" />
		<Point X = "213" Y = "209" T = "0" Pressure = "0" />
		<Point X = "213" Y = "210" T = "0" Pressure = "0" />
		<Point X = "213" Y = "212" T = "0" Pressure = "0" />
		<Point X = "213" Y = "213" T = "0" Pressure = "0" />
		<Point X = "213" Y = "214" T = "0" Pressure = "0" />
		<Point X = "213" Y = "215" T = "0" Pressure = "0" />
		<Point X = "213" Y = "216" T = "0" Pressure = "0" />
		<Point X = "212" Y = "216" T = "0" Pressure = "0" />
		<Point X = "210" Y = "216" T = "0" Pressure = "0" />
		<Point X = "208" Y = "216" T = "0" Pressure = "0" />
		<Point X = "205" Y = "214" T = "0" Pressure = "0" />
		<Point X = "203" Y = "212" T = "0" Pressure = "0" />
		<Point X = "201" Y = "210" T = "0" Pressure = "0" />
		<Point X = "199" Y = "208" T = "0" Pressure = "0" />
		<Point X = "197" Y = "208" T = "0" Pressure = "0" />
		<Point X = "194" Y = "207" T = "0" Pressure = "0" />
		<Point X = "192" Y = "206" T = "0" Pressure = "0" />
		<Point X = "190" Y = "206" T = "0" Pressure = "0" />
		<Point X = "188" Y = "204" T = "0" Pressure = "0" />
		<Point X = "187" Y = "203" T = "0" Pressure = "0" />
		<Point X = "183" Y = "202" T = "0" Pressure = "0" />
		<Point X = "182" Y = "200" T = "0" Pressure = "0" />
		<Point X = "180" Y = "199" T = "0" Pressure = "0" />
		<Point X = "178" Y = "198" T = "0" Pressure = "0" />
		<Point X = "176" Y = "196" T = "0" Pressure = "0" />
		<Point X = "175" Y = "195" T = "0" Pressure = "0" />
		<Point X = "173" Y = "193" T = "0" Pressure = "0" />
		<Point X = "172" Y = "192" T = "0" Pressure = "0" />
		<Point X = "170" Y = "189" T = "0" Pressure = "0" />
		<Point X = "169" Y = "188" T = "0" Pressure = "0" />
		<Point X = "168" Y = "186" T = "0" Pressure = "0" />
		<Point X = "167" Y = "186" T = "0" Pressure = "0" />
		<Point X = "167" Y = "185" T = "0" Pressure = "0" />
		<Point X = "165" Y = "183" T = "0" Pressure = "0" />
		<Point X = "163" Y = "182" T = "0" Pressure = "0" />
		<Point X = "162" Y = "181" T = "0" Pressure = "0" />
		<Point X = "160" Y = "180" T = "0" Pressure = "0" />
		<Point X = "159" Y = "179" T = "0" Pressure = "0" />
		<Point X = "158" Y = "177" T = "0" Pressure = "0" />
		<Point X = "157" Y = "177" T = "0" Pressure = "0" />
		<Point X = "156" Y = "175" T = "0" Pressure = "0" />
		<Point X = "153" Y = "174" T = "0" Pressure = "0" />
		<Point X = "152" Y = "172" T = "0" Pressure = "0" />
		<Point X = "151" Y = "171" T = "0" Pressure = "0" />
		<Point X = "150" Y = "170" T = "0" Pressure = "0" />
		<Point X = "149" Y = "170" T = "0" Pressure = "0" />
		<Point X = "148" Y = "169" T = "0" Pressure = "0" />
		<Point X = "147" Y = "167" T = "0" Pressure = "0" />
		<Point X = "146" Y = "166" T = "0" Pressure = "0" />
		<Point X = "143" Y = "163" T = "0" Pressure = "0" />
		<Point X = "140" Y = "161" T = "0" Pressure = "0" />
		<Point X = "139" Y = "159" T = "0" Pressure = "0" />
		<Point X = "138" Y = "158" T = "0" Pressure = "0" />
		<Point X = "136" Y = "156" T = "0" Pressure = "0" />
		<Point X = "134" Y = "154" T = "0" Pressure = "0" />
		<Point X = "133" Y = "153" T = "0" Pressure = "0" />
		<Point X = "132" Y = "152" T = "0" Pressure = "0" />
		<Point X = "131" Y = "151" T = "0" Pressure = "0" />
		<Point X = "129" Y = "150" T = "0" Pressure = "0" />
		<Point X = "128" Y = "149" T = "0" Pressure = "0" />
		<Point X = "125" Y = "147" T = "0" Pressure = "0" />
		<Point X = "123" Y = "144" T = "0" Pressure = "0" />
		<Point X = "121" Y = "142" T = "0" Pressure = "0" />
		<Point X = "120" Y = "141" T = "0" Pressure = "0" />
		<Point X = "119" Y = "138" T = "0" Pressure = "0" />
		<Point X = "118" Y = "138" T = "0" Pressure = "0" />
		<Point X = "118" Y = "137" T = "0" Pressure = "0" />
		<Point X = "118" Y = "136" T = "0" Pressure = "0" />
		<Point X = "118" Y = "134" T = "0" Pressure = "0" />
		<Point X = "118" Y = "133" T = "0" Pressure = "0" />
		<Point X = "118" Y = "132" T = "0" Pressure = "0" />
		<Point X = "117" Y = "130" T = "0" Pressure = "0" />
		<Point X = "116" Y = "130" T = "0" Pressure = "0" />
		<Point X = "116" Y = "129" T = "0" Pressure = "0" />
		<Point X = "115" Y = "129" T = "0" Pressure = "0" />
		<Point X = "115" Y = "128" T = "0" Pressure = "0" />
		<Point X = "114" Y = "127" T = "0" Pressure = "0" />
		<Point X = "114" Y = "124" T = "0" Pressure = "0" />
		<Point X = "114" Y = "123" T = "0" Pressure = "0" />
		<Point X = "112" Y = "122" T = "0" Pressure = "0" />
		<Point X = "112" Y = "120" T = "0" Pressure = "0" />
		<Point X = "111" Y = "119" T = "0" Pressure = "0" />
		<Point X = "110" Y = "117" T = "0" Pressure = "0" />
		<Point X = "109" Y = "116" T = "0" Pressure = "0" />
		<Point X = "108" Y = "115" T = "0" Pressure = "0" />
		<Point X = "106" Y = "114" T = "0" Pressure = "0" />
		<Point X = "106" Y = "113" T = "0" Pressure = "0" />
		<Point X = "105" Y = "112" T = "0" Pressure = "0" />
		<Point X = "104" Y = "112" T = "0" Pressure = "0" />
		<Point X = "104" Y = "111" T = "0" Pressure = "0" />
		<Point X = "103" Y = "111" T = "0" Pressure = "0" />
		<Point X = "103" Y = "110" T = "0" Pressure = "0" />
		<Point X = "102" Y = "109" T = "0" Pressure = "0" />
		<Point X = "101" Y = "108" T = "0" Pressure = "0" />
		<Point X = "101" Y = "107" T = "0" Pressure = "0" />
	</Stroke>
</Gesture>
