<?xml version="1.0" encoding="utf-8" standalone="yes"?>
<Gesture Name = "star">
	<Stroke>
		<Point X = "167" Y = "122" T = "0" Pressure = "0" />
		<Point X = "170" Y = "122" T = "0" Pressure = "0" />
		<Point X = "173" Y = "122" T = "0" Pressure = "0" />
		<Point X = "177" Y = "122" T = "0" Pressure = "0" />
		<Point X = "181" Y = "122" T = "0" Pressure = "0" />
		<Point X = "186" Y = "122" T = "0" Pressure = "0" />
		<Point X = "190" Y = "122" T = "0" Pressure = "0" />
		<Point X = "194" Y = "122" T = "0" Pressure = "0" />
		<Point X = "199" Y = "122" T = "0" Pressure = "0" />
		<Point X = "203" Y = "122" T = "0" Pressure = "0" />
		<Point X = "208" Y = "122" T = "0" Pressure = "0" />
		<Point X = "217" Y = "122" T = "0" Pressure = "0" />
		<Point X = "226" Y = "124" T = "0" Pressure = "0" />
		<Point X = "235" Y = "126" T = "0" Pressure = "0" />
		<Point X = "245" Y = "127" T = "0" Pressure = "0" />
		<Point X = "252" Y = "131" T = "0" Pressure = "0" />
		<Point X = "260" Y = "131" T = "0" Pressure = "0" />
		<Point X = "266" Y = "132" T = "0" Pressure = "0" />
		<Point X = "270" Y = "132" T = "0" Pressure = "0" />
		<Point X = "273" Y = "132" T = "0" Pressure = "0" />
		<Point X = "277" Y = "134" T = "0" Pressure = "0" />
		<Point X = "278" Y = "134" T = "0" Pressure = "0" />
		<Point X = "280" Y = "135" T = "0" Pressure = "0" />
		<Point X = "281" Y = "135" T = "0" Pressure = "0" />
		<Point X = "283" Y = "136" T = "0" Pressure = "0" />
		<Point X = "284" Y = "136" T = "0" Pressure = "0" />
		<Point X = "285" Y = "136" T = "0" Pressure = "0" />
		<Point X = "286" Y = "135" T = "0" Pressure = "0" />
		<Point X = "287" Y = "135" T = "0" Pressure = "0" />
		<Point X = "288" Y = "135" T = "0" Pressure = "0" />
		<Point X = "290" Y = "135" T = "0" Pressure = "0" />
		<Point X = "291" Y = "135" T = "0" Pressure = "0" />
		<Point X = "292" Y = "135" T = "0" Pressure = "0" />
		<Point X = "290" Y = "135" T = "0" Pressure = "0" />
		<Point X = "289" Y = "135" T = "0" Pressure = "0" />
		<Point X = "285" Y = "136" T = "0" Pressure = "0" />
		<Point X = "283" Y = "137" T = "0" Pressure = "0" />
		<Point X = "278" Y = "140" T = "0" Pressure = "0" />
		<Point X = "276" Y = "143" T = "0" Pressure = "0" />
		<Point X = "272" Y = "144" T = "0" Pressure = "0" />
		<Point X = "267" Y = "148" T = "0" Pressure = "0" />
		<Point X = "265" Y = "149" T = "0" Pressure = "0" />
		<Point X = "263" Y = "151" T = "0" Pressure = "0" />
		<Point X = "261" Y = "153" T = "0" Pressure = "0" />
		<Point X = "258" Y = "155" T = "0" Pressure = "0" />
		<Point X = "257" Y = "156" T = "0" Pressure = "0" />
		<Point X = "252" Y = "159" T = "0" Pressure = "0" />
		<Point X = "250" Y = "161" T = "0" Pressure = "0" />
		<Point X = "245" Y = "166" T = "0" Pressure = "0" />
		<Point X = "243" Y = "167" T = "0" Pressure = "0" />
		<Point X = "239" Y = "170" T = "0" Pressure = "0" />
		<Point X = "235" Y = "173" T = "0" Pressure = "0" />
		<Point X = "234" Y = "174" T = "0" Pressure = "0" />
		<Point X = "231" Y = "176" T = "0" Pressure = "0" />
		<Point X = "227" Y = "179" T = "0" Pressure = "0" />
		<Point X = "225" Y = "181" T = "0" Pressure = "0" />
		<Point X = "223" Y = "182" T = "0" Pressure = "0" />
		<Point X = "222" Y = "183" T = "0" Pressure = "0" />
		<Point X = "220" Y = "186" T = "0" Pressure = "0" />
		<Point X = "218" Y = "186" T = "0" Pressure = "0" />
		<Point X = "216" Y = "188" T = "0" Pressure = "0" />
		<Point X = "214" Y = "189" T = "0" Pressure = "0" />
		<Point X = "212" Y = "191" T = "0" Pressure = "0" />
		<Point X = "210" Y = "192" T = "0" Pressure = "0" />
		<Point X = "208" Y = "194" T = "0" Pressure = "0" />
		<Point X = "207" Y = "195" T = "0" Pressure = "0" />
		<Point X = "207" Y = "196" T = "0" Pressure = "0" />
		<Point X = "205" Y = "198" T = "0" Pressure = "0" />
		<Point X = "205" Y = "199" T = "0" Pressure = "0" />
		<Point X = "204" Y = "201" T = "0" Pressure = "0" />
		<Point X = "203" Y = "203" T = "0" Pressure = "0" />
		<Point X = "202" Y = "204" T = "0" Pressure = "0" />
		<Point X = "201" Y = "205" T = "0" Pressure = "0" />
		<Point X = "201" Y = "206" T = "0" Pressure = "0" />
		<Point X = "201" Y = "205" T = "0" Pressure = "0" />
		<Point X = "201" Y = "202" T = "0" Pressure = "0" />
		<Point X = "202" Y = "199" T = "0" Pressure = "0" />
		<Point X = "203" Y = "195" T = "0" Pressure = "0" />
		<Point X = "205" Y = "188" T = "0" Pressure = "0" />
		<Point X = "207" Y = "183" T = "0" Pressure = "0" />
		<Point X = "208" Y = "175" T = "0" Pressure = "0" />
		<Point X = "211" Y = "168" T = "0" Pressure = "0" />
		<Point X = "213" Y = "159" T = "0" Pressure = "0" />
		<Point X = "216" Y = "149" T = "0" Pressure = "0" />
		<Point X = "217" Y = "142" T = "0" Pressure = "0" />
		<Point X = "218" Y = "131" T = "0" Pressure = "0" />
		<Point X = "219" Y = "123" T = "0" Pressure = "0" />
		<Point X = "223" Y = "116" T = "0" Pressure = "0" />
		<Point X = "224" Y = "111" T = "0" Pressure = "0" />
		<Point X = "224" Y = "105" T = "0" Pressure = "0" />
		<Point X = "226" Y = "101" T = "0" Pressure = "0" />
		<Point X = "226" Y = "99" T = "0" Pressure = "0" />
		<Point X = "227" Y = "97" T = "0" Pressure = "0" />
		<Point X = "228" Y = "95" T = "0" Pressure = "0" />
		<Point X = "228" Y = "94" T = "0" Pressure = "0" />
		<Point X = "228" Y = "92" T = "0" Pressure = "0" />
		<Point X = "228" Y = "91" T = "0" Pressure = "0" />
		<Point X = "228" Y = "89" T = "0" Pressure = "0" />
		<Point X = "228" Y = "88" T = "0" Pressure = "0" />
		<Point X = "228" Y = "87" T = "0" Pressure = "0" />
		<Point X = "230" Y = "85" T = "0" Pressure = "0" />
		<Point X = "230" Y = "84" T = "0" Pressure = "0" />
		<Point X = "230" Y = "83" T = "0" Pressure = "0" />
		<Point X = "230" Y = "82" T = "0" Pressure = "0" />
		<Point X = "231" Y = "81" T = "0" Pressure = "0" />
		<Point X = "232" Y = "79" T = "0" Pressure = "0" />
		<Point X = "232" Y = "78" T = "0" Pressure = "0" />
		<Point X = "233" Y = "77" T = "0" Pressure = "0" />
		<Point X = "234" Y = "77" T = "0" Pressure = "0" />
		<Point X = "234" Y = "79" T = "0" Pressure = "0" />
		<Point X = "235" Y = "81" T = "0" Pressure = "0" />
		<Point X = "237" Y = "84" T = "0" Pressure = "0" />
		<Point X = "238" Y = "87" T = "0" Pressure = "0" />
		<Point X = "241" Y = "95" T = "0" Pressure = "0" />
		<Point X = "244" Y = "101" T = "0" Pressure = "0" />
		<Point X = "249" Y = "110" T = "0" Pressure = "0" />
		<Point X = "253" Y = "118" T = "0" Pressure = "0" />
		<Point X = "258" Y = "130" T = "0" Pressure = "0" />
		<Point X = "259" Y = "134" T = "0" Pressure = "0" />
		<Point X = "261" Y = "143" T = "0" Pressure = "0" />
		<Point X = "261" Y = "148" T = "0" Pressure = "0" />
		<Point X = "263" Y = "155" T = "0" Pressure = "0" />
		<Point X = "264" Y = "162" T = "0" Pressure = "0" />
		<Point X = "265" Y = "169" T = "0" Pressure = "0" />
		<Point X = "266" Y = "176" T = "0" Pressure = "0" />
		<Point X = "266" Y = "183" T = "0" Pressure = "0" />
		<Point X = "269" Y = "189" T = "0" Pressure = "0" />
		<Point X = "270" Y = "196" T = "0" Pressure = "0" />
		<Point X = "272" Y = "201" T = "0" Pressure = "0" />
		<Point X = "273" Y = "206" T = "0" Pressure = "0" />
		<Point X = "275" Y = "208" T = "0" Pressure = "0" />
		<Point X = "275" Y = "210" T = "0" Pressure = "0" />
		<Point X = "276" Y = "212" T = "0" Pressure = "0" />
		<Point X = "276" Y = "214" T = "0" Pressure = "0" />
		<Point X = "277" Y = "215" T = "0" Pressure = "0" />
		<Point X = "277" Y = "216" T = "0" Pressure = "0" />
		<Point X = "278" Y = "218" T = "0" Pressure = "0" />
		<Point X = "278" Y = "220" T = "0" Pressure = "0" />
		<Point X = "280" Y = "222" T = "0" Pressure = "0" />
		<Point X = "279" Y = "222" T = "0" Pressure = "0" />
		<Point X = "278" Y = "222" T = "0" Pressure = "0" />
		<Point X = "276" Y = "221" T = "0" Pressure = "0" />
		<Point X = "274" Y = "220" T = "0" Pressure = "0" />
		<Point X = "273" Y = "219" T = "0" Pressure = "0" />
		<Point X = "272" Y = "218" T = "0" Pressure = "0" />
		<Point X = "270" Y = "216" T = "0" Pressure = "0" />
		<Point X = "268" Y = "214" T = "0" Pressure = "0" />
		<Point X = "266" Y = "212" T = "0" Pressure = "0" />
		<Point X = "265" Y = "210" T = "0" Pressure = "0" />
		<Point X = "263" Y = "206" T = "0" Pressure = "0" />
		<Point X = "262" Y = "204" T = "0" Pressure = "0" />
		<Point X = "258" Y = "200" T = "0" Pressure = "0" />
		<Point X = "256" Y = "197" T = "0" Pressure = "0" />
		<Point X = "253" Y = "195" T = "0" Pressure = "0" />
		<Point X = "250" Y = "192" T = "0" Pressure = "0" />
		<Point X = "247" Y = "190" T = "0" Pressure = "0" />
		<Point X = "246" Y = "189" T = "0" Pressure = "0" />
		<Point X = "244" Y = "187" T = "0" Pressure = "0" />
		<Point X = "242" Y = "185" T = "0" Pressure = "0" />
		<Point X = "240" Y = "184" T = "0" Pressure = "0" />
		<Point X = "238" Y = "182" T = "0" Pressure = "0" />
		<Point X = "234" Y = "180" T = "0" Pressure = "0" />
		<Point X = "232" Y = "178" T = "0" Pressure = "0" />
		<Point X = "230" Y = "176" T = "0" Pressure = "0" />
		<Point X = "226" Y = "173" T = "0" Pressure = "0" />
		<Point X = "224" Y = "171" T = "0" Pressure = "0" />
		<Point X = "221" Y = "169" T = "0" Pressure = "0" />
		<Point X = "220" Y = "168" T = "0" Pressure = "0" />
		<Point X = "217" Y = "166" T = "0" Pressure = "0" />
		<Point X = "215" Y = "165" T = "0" Pressure = "0" />
		<Point X = "215" Y = "164" T = "0" Pressure = "0" />
		<Point X = "213" Y = "162" T = "0" Pressure = "0" />
		<Point X = "212" Y = "162" T = "0" Pressure = "0" />
		<Point X = "211" Y = "161" T = "0" Pressure = "0" />
		<Point X = "207" Y = "158" T = "0" Pressure = "0" />
		<Point X = "206" Y = "156" T = "0" Pressure = "0" />
		<Point X = "203" Y = "155" T = "0" Pressure = "0" />
		<Point X = "200" Y = "153" T = "0" Pressure = "0" />
		<Point X = "198" Y = "151" T = "0" Pressure = "0" />
		<Point X = "194" Y = "148" T = "0" Pressure = "0" />
		<Point X = "193" Y = "147" T = "0" Pressure = "0" />
		<Point X = "191" Y = "146" T = "0" Pressure = "0" />
		<Point X = "190" Y = "144" T = "0" Pressure = "0" />
		<Point X = "189" Y = "142" T = "0" Pressure = "0" />
		<Point X = "188" Y = "141" T = "0" Pressure = "0" />
		<Point X = "187" Y = "140" T = "0" Pressure = "0" />
		<Point X = "187" Y = "139" T = "0" Pressure = "0" />
		<Point X = "186" Y = "136" T = "0" Pressure = "0" />
		<Point X = "185" Y = "134" T = "0" Pressure = "0" />
		<Point X = "185" Y = "133" T = "0" Pressure = "0" />
		<Point X = "184" Y = "130" T = "0" Pressure = "0" />
		<Point X = "184" Y = "128" T = "0" Pressure = "0" />
		<Point X = "183" Y = "128" T = "0" Pressure = "0" />
		<Point X = "183" Y = "127" T = "0" Pressure = "0" />
		<Point X = "183" Y = "126" T = "0" Pressure = "0" />
		<Point X = "183" Y = "125" T = "0" Pressure = "0" />
		<Point X = "181" Y = "123" T = "0" Pressure = "0" />
		<Point X = "180" Y = "122" T = "0" Pressure = "0" />
		<Point X = "179" Y = "122" T = "0" Pressure = "0" />
		<Point X = "178" Y = "122" T = "0" Pressure = "0" />
		<Point X = "176" Y = "120" T = "0" Pressure = "0" />
		<Point X = "175" Y = "119" T = "0" Pressure = "0" />
	</Stroke>
</Gesture>
