<?xml version="1.0" encoding="utf-8" standalone="yes"?>
<Gesture Name = "star">
	<Stroke>
		<Point X = "98" Y = "236" T = "0" Pressure = "0" />
		<Point X = "100" Y = "236" T = "0" Pressure = "0" />
		<Point X = "101" Y = "235" T = "0" Pressure = "0" />
		<Point X = "103" Y = "235" T = "0" Pressure = "0" />
		<Point X = "105" Y = "235" T = "0" Pressure = "0" />
		<Point X = "107" Y = "235" T = "0" Pressure = "0" />
		<Point X = "109" Y = "234" T = "0" Pressure = "0" />
		<Point X = "112" Y = "234" T = "0" Pressure = "0" />
		<Point X = "116" Y = "234" T = "0" Pressure = "0" />
		<Point X = "121" Y = "234" T = "0" Pressure = "0" />
		<Point X = "130" Y = "234" T = "0" Pressure = "0" />
		<Point X = "140" Y = "234" T = "0" Pressure = "0" />
		<Point X = "148" Y = "234" T = "0" Pressure = "0" />
		<Point X = "157" Y = "234" T = "0" Pressure = "0" />
		<Point X = "166" Y = "234" T = "0" Pressure = "0" />
		<Point X = "173" Y = "233" T = "0" Pressure = "0" />
		<Point X = "177" Y = "232" T = "0" Pressure = "0" />
		<Point X = "182" Y = "231" T = "0" Pressure = "0" />
		<Point X = "186" Y = "229" T = "0" Pressure = "0" />
		<Point X = "191" Y = "227" T = "0" Pressure = "0" />
		<Point X = "194" Y = "227" T = "0" Pressure = "0" />
		<Point X = "197" Y = "226" T = "0" Pressure = "0" />
		<Point X = "199" Y = "225" T = "0" Pressure = "0" />
		<Point X = "202" Y = "225" T = "0" Pressure = "0" />
		<Point X = "203" Y = "225" T = "0" Pressure = "0" />
		<Point X = "204" Y = "225" T = "0" Pressure = "0" />
		<Point X = "205" Y = "225" T = "0" Pressure = "0" />
		<Point X = "206" Y = "225" T = "0" Pressure = "0" />
		<Point X = "207" Y = "225" T = "0" Pressure = "0" />
		<Point X = "208" Y = "225" T = "0" Pressure = "0" />
		<Point X = "209" Y = "225" T = "0" Pressure = "0" />
		<Point X = "209" Y = "226" T = "0" Pressure = "0" />
		<Point X = "208" Y = "229" T = "0" Pressure = "0" />
		<Point X = "208" Y = "230" T = "0" Pressure = "0" />
		<Point X = "206" Y = "233" T = "0" Pressure = "0" />
		<Point X = "205" Y = "236" T = "0" Pressure = "0" />
		<Point X = "203" Y = "238" T = "0" Pressure = "0" />
		<Point X = "202" Y = "240" T = "0" Pressure = "0" />
		<Point X = "200" Y = "241" T = "0" Pressure = "0" />
		<Point X = "199" Y = "242" T = "0" Pressure = "0" />
		<Point X = "197" Y = "243" T = "0" Pressure = "0" />
		<Point X = "195" Y = "245" T = "0" Pressure = "0" />
		<Point X = "192" Y = "247" T = "0" Pressure = "0" />
		<Point X = "188" Y = "249" T = "0" Pressure = "0" />
		<Point X = "185" Y = "251" T = "0" Pressure = "0" />
		<Point X = "182" Y = "253" T = "0" Pressure = "0" />
		<Point X = "179" Y = "255" T = "0" Pressure = "0" />
		<Point X = "178" Y = "256" T = "0" Pressure = "0" />
		<Point X = "175" Y = "257" T = "0" Pressure = "0" />
		<Point X = "172" Y = "259" T = "0" Pressure = "0" />
		<Point X = "169" Y = "261" T = "0" Pressure = "0" />
		<Point X = "166" Y = "263" T = "0" Pressure = "0" />
		<Point X = "164" Y = "264" T = "0" Pressure = "0" />
		<Point X = "162" Y = "265" T = "0" Pressure = "0" />
		<Point X = "159" Y = "267" T = "0" Pressure = "0" />
		<Point X = "155" Y = "269" T = "0" Pressure = "0" />
		<Point X = "151" Y = "271" T = "0" Pressure = "0" />
		<Point X = "149" Y = "272" T = "0" Pressure = "0" />
		<Point X = "148" Y = "273" T = "0" Pressure = "0" />
		<Point X = "145" Y = "274" T = "0" Pressure = "0" />
		<Point X = "144" Y = "275" T = "0" Pressure = "0" />
		<Point X = "143" Y = "276" T = "0" Pressure = "0" />
		<Point X = "142" Y = "276" T = "0" Pressure = "0" />
		<Point X = "141" Y = "278" T = "0" Pressure = "0" />
		<Point X = "140" Y = "278" T = "0" Pressure = "0" />
		<Point X = "139" Y = "280" T = "0" Pressure = "0" />
		<Point X = "138" Y = "280" T = "0" Pressure = "0" />
		<Point X = "136" Y = "281" T = "0" Pressure = "0" />
		<Point X = "135" Y = "282" T = "0" Pressure = "0" />
		<Point X = "134" Y = "283" T = "0" Pressure = "0" />
		<Point X = "134" Y = "284" T = "0" Pressure = "0" />
		<Point X = "133" Y = "284" T = "0" Pressure = "0" />
		<Point X = "133" Y = "285" T = "0" Pressure = "0" />
		<Point X = "132" Y = "285" T = "0" Pressure = "0" />
		<Point X = "131" Y = "286" T = "0" Pressure = "0" />
		<Point X = "131" Y = "287" T = "0" Pressure = "0" />
		<Point X = "130" Y = "287" T = "0" Pressure = "0" />
		<Point X = "129" Y = "288" T = "0" Pressure = "0" />
		<Point X = "128" Y = "290" T = "0" Pressure = "0" />
		<Point X = "127" Y = "291" T = "0" Pressure = "0" />
		<Point X = "128" Y = "288" T = "0" Pressure = "0" />
		<Point X = "128" Y = "283" T = "0" Pressure = "0" />
		<Point X = "129" Y = "279" T = "0" Pressure = "0" />
		<Point X = "129" Y = "273" T = "0" Pressure = "0" />
		<Point X = "129" Y = "268" T = "0" Pressure = "0" />
		<Point X = "129" Y = "261" T = "0" Pressure = "0" />
		<Point X = "129" Y = "255" T = "0" Pressure = "0" />
		<Point X = "129" Y = "250" T = "0" Pressure = "0" />
		<Point X = "129" Y = "244" T = "0" Pressure = "0" />
		<Point X = "130" Y = "240" T = "0" Pressure = "0" />
		<Point X = "130" Y = "235" T = "0" Pressure = "0" />
		<Point X = "131" Y = "231" T = "0" Pressure = "0" />
		<Point X = "132" Y = "227" T = "0" Pressure = "0" />
		<Point X = "132" Y = "224" T = "0" Pressure = "0" />
		<Point X = "133" Y = "220" T = "0" Pressure = "0" />
		<Point X = "133" Y = "219" T = "0" Pressure = "0" />
		<Point X = "134" Y = "216" T = "0" Pressure = "0" />
		<Point X = "135" Y = "213" T = "0" Pressure = "0" />
		<Point X = "135" Y = "211" T = "0" Pressure = "0" />
		<Point X = "136" Y = "208" T = "0" Pressure = "0" />
		<Point X = "137" Y = "204" T = "0" Pressure = "0" />
		<Point X = "137" Y = "200" T = "0" Pressure = "0" />
		<Point X = "138" Y = "196" T = "0" Pressure = "0" />
		<Point X = "139" Y = "193" T = "0" Pressure = "0" />
		<Point X = "139" Y = "191" T = "0" Pressure = "0" />
		<Point X = "139" Y = "190" T = "0" Pressure = "0" />
		<Point X = "139" Y = "188" T = "0" Pressure = "0" />
		<Point X = "140" Y = "186" T = "0" Pressure = "0" />
		<Point X = "140" Y = "185" T = "0" Pressure = "0" />
		<Point X = "141" Y = "184" T = "0" Pressure = "0" />
		<Point X = "142" Y = "184" T = "0" Pressure = "0" />
		<Point X = "143" Y = "184" T = "0" Pressure = "0" />
		<Point X = "145" Y = "185" T = "0" Pressure = "0" />
		<Point X = "146" Y = "186" T = "0" Pressure = "0" />
		<Point X = "148" Y = "190" T = "0" Pressure = "0" />
		<Point X = "150" Y = "193" T = "0" Pressure = "0" />
		<Point X = "153" Y = "198" T = "0" Pressure = "0" />
		<Point X = "155" Y = "202" T = "0" Pressure = "0" />
		<Point X = "159" Y = "207" T = "0" Pressure = "0" />
		<Point X = "160" Y = "211" T = "0" Pressure = "0" />
		<Point X = "161" Y = "215" T = "0" Pressure = "0" />
		<Point X = "163" Y = "220" T = "0" Pressure = "0" />
		<Point X = "166" Y = "225" T = "0" Pressure = "0" />
		<Point X = "168" Y = "230" T = "0" Pressure = "0" />
		<Point X = "169" Y = "232" T = "0" Pressure = "0" />
		<Point X = "173" Y = "237" T = "0" Pressure = "0" />
		<Point X = "173" Y = "239" T = "0" Pressure = "0" />
		<Point X = "175" Y = "241" T = "0" Pressure = "0" />
		<Point X = "176" Y = "243" T = "0" Pressure = "0" />
		<Point X = "176" Y = "246" T = "0" Pressure = "0" />
		<Point X = "178" Y = "248" T = "0" Pressure = "0" />
		<Point X = "179" Y = "250" T = "0" Pressure = "0" />
		<Point X = "180" Y = "252" T = "0" Pressure = "0" />
		<Point X = "181" Y = "255" T = "0" Pressure = "0" />
		<Point X = "181" Y = "257" T = "0" Pressure = "0" />
		<Point X = "182" Y = "258" T = "0" Pressure = "0" />
		<Point X = "183" Y = "261" T = "0" Pressure = "0" />
		<Point X = "183" Y = "262" T = "0" Pressure = "0" />
		<Point X = "183" Y = "264" T = "0" Pressure = "0" />
		<Point X = "184" Y = "266" T = "0" Pressure = "0" />
		<Point X = "184" Y = "269" T = "0" Pressure = "0" />
		<Point X = "185" Y = "273" T = "0" Pressure = "0" />
		<Point X = "186" Y = "276" T = "0" Pressure = "0" />
		<Point X = "187" Y = "278" T = "0" Pressure = "0" />
		<Point X = "188" Y = "280" T = "0" Pressure = "0" />
		<Point X = "188" Y = "281" T = "0" Pressure = "0" />
		<Point X = "188" Y = "283" T = "0" Pressure = "0" />
		<Point X = "190" Y = "284" T = "0" Pressure = "0" />
		<Point X = "190" Y = "285" T = "0" Pressure = "0" />
		<Point X = "191" Y = "286" T = "0" Pressure = "0" />
		<Point X = "191" Y = "287" T = "0" Pressure = "0" />
		<Point X = "191" Y = "288" T = "0" Pressure = "0" />
		<Point X = "188" Y = "288" T = "0" Pressure = "0" />
		<Point X = "186" Y = "288" T = "0" Pressure = "0" />
		<Point X = "183" Y = "287" T = "0" Pressure = "0" />
		<Point X = "178" Y = "285" T = "0" Pressure = "0" />
		<Point X = "177" Y = "283" T = "0" Pressure = "0" />
		<Point X = "174" Y = "282" T = "0" Pressure = "0" />
		<Point X = "171" Y = "281" T = "0" Pressure = "0" />
		<Point X = "168" Y = "278" T = "0" Pressure = "0" />
		<Point X = "166" Y = "277" T = "0" Pressure = "0" />
		<Point X = "161" Y = "273" T = "0" Pressure = "0" />
		<Point X = "155" Y = "269" T = "0" Pressure = "0" />
		<Point X = "152" Y = "267" T = "0" Pressure = "0" />
		<Point X = "147" Y = "267" T = "0" Pressure = "0" />
		<Point X = "146" Y = "265" T = "0" Pressure = "0" />
		<Point X = "144" Y = "264" T = "0" Pressure = "0" />
		<Point X = "142" Y = "262" T = "0" Pressure = "0" />
		<Point X = "141" Y = "261" T = "0" Pressure = "0" />
		<Point X = "139" Y = "261" T = "0" Pressure = "0" />
		<Point X = "138" Y = "260" T = "0" Pressure = "0" />
		<Point X = "135" Y = "258" T = "0" Pressure = "0" />
		<Point X = "134" Y = "258" T = "0" Pressure = "0" />
		<Point X = "132" Y = "257" T = "0" Pressure = "0" />
		<Point X = "130" Y = "257" T = "0" Pressure = "0" />
		<Point X = "128" Y = "255" T = "0" Pressure = "0" />
		<Point X = "126" Y = "253" T = "0" Pressure = "0" />
		<Point X = "125" Y = "253" T = "0" Pressure = "0" />
		<Point X = "122" Y = "252" T = "0" Pressure = "0" />
		<Point X = "121" Y = "250" T = "0" Pressure = "0" />
		<Point X = "120" Y = "250" T = "0" Pressure = "0" />
		<Point X = "120" Y = "249" T = "0" Pressure = "0" />
		<Point X = "119" Y = "249" T = "0" Pressure = "0" />
		<Point X = "118" Y = "249" T = "0" Pressure = "0" />
		<Point X = "115" Y = "248" T = "0" Pressure = "0" />
		<Point X = "113" Y = "247" T = "0" Pressure = "0" />
		<Point X = "111" Y = "246" T = "0" Pressure = "0" />
		<Point X = "108" Y = "245" T = "0" Pressure = "0" />
		<Point X = "107" Y = "244" T = "0" Pressure = "0" />
		<Point X = "106" Y = "243" T = "0" Pressure = "0" />
		<Point X = "105" Y = "242" T = "0" Pressure = "0" />
		<Point X = "104" Y = "242" T = "0" Pressure = "0" />
		<Point X = "103" Y = "241" T = "0" Pressure = "0" />
		<Point X = "102" Y = "241" T = "0" Pressure = "0" />
		<Point X = "102" Y = "240" T = "0" Pressure = "0" />
		<Point X = "101" Y = "240" T = "0" Pressure = "0" />
		<Point X = "100" Y = "240" T = "0" Pressure = "0" />
		<Point X = "99" Y = "239" T = "0" Pressure = "0" />
		<Point X = "98" Y = "238" T = "0" Pressure = "0" />
		<Point X = "97" Y = "237" T = "0" Pressure = "0" />
		<Point X = "96" Y = "236" T = "0" Pressure = "0" />
		<Point X = "96" Y = "235" T = "0" Pressure = "0" />
	</Stroke>
</Gesture>
