<?xml version="1.0" encoding="utf-8" standalone="yes"?>
<Gesture Name = "star">
	<Stroke>
		<Point X = "107" Y = "100" T = "0" Pressure = "0" />
		<Point X = "110" Y = "100" T = "0" Pressure = "0" />
		<Point X = "112" Y = "100" T = "0" Pressure = "0" />
		<Point X = "115" Y = "100" T = "0" Pressure = "0" />
		<Point X = "117" Y = "100" T = "0" Pressure = "0" />
		<Point X = "120" Y = "101" T = "0" Pressure = "0" />
		<Point X = "126" Y = "101" T = "0" Pressure = "0" />
		<Point X = "132" Y = "102" T = "0" Pressure = "0" />
		<Point X = "140" Y = "103" T = "0" Pressure = "0" />
		<Point X = "150" Y = "106" T = "0" Pressure = "0" />
		<Point X = "158" Y = "108" T = "0" Pressure = "0" />
		<Point X = "174" Y = "112" T = "0" Pressure = "0" />
		<Point X = "186" Y = "113" T = "0" Pressure = "0" />
		<Point X = "202" Y = "116" T = "0" Pressure = "0" />
		<Point X = "215" Y = "118" T = "0" Pressure = "0" />
		<Point X = "225" Y = "118" T = "0" Pressure = "0" />
		<Point X = "232" Y = "118" T = "0" Pressure = "0" />
		<Point X = "237" Y = "118" T = "0" Pressure = "0" />
		<Point X = "241" Y = "118" T = "0" Pressure = "0" />
		<Point X = "245" Y = "118" T = "0" Pressure = "0" />
		<Point X = "249" Y = "118" T = "0" Pressure = "0" />
		<Point X = "255" Y = "118" T = "0" Pressure = "0" />
		<Point X = "261" Y = "117" T = "0" Pressure = "0" />
		<Point X = "265" Y = "117" T = "0" Pressure = "0" />
		<Point X = "267" Y = "116" T = "0" Pressure = "0" />
		<Point X = "269" Y = "115" T = "0" Pressure = "0" />
		<Point X = "270" Y = "115" T = "0" Pressure = "0" />
		<Point X = "271" Y = "115" T = "0" Pressure = "0" />
		<Point X = "271" Y = "114" T = "0" Pressure = "0" />
		<Point X = "272" Y = "114" T = "0" Pressure = "0" />
		<Point X = "273" Y = "114" T = "0" Pressure = "0" />
		<Point X = "274" Y = "114" T = "0" Pressure = "0" />
		<Point X = "273" Y = "117" T = "0" Pressure = "0" />
		<Point X = "272" Y = "119" T = "0" Pressure = "0" />
		<Point X = "269" Y = "123" T = "0" Pressure = "0" />
		<Point X = "267" Y = "125" T = "0" Pressure = "0" />
		<Point X = "262" Y = "130" T = "0" Pressure = "0" />
		<Point X = "259" Y = "132" T = "0" Pressure = "0" />
		<Point X = "254" Y = "136" T = "0" Pressure = "0" />
		<Point X = "250" Y = "139" T = "0" Pressure = "0" />
		<Point X = "245" Y = "143" T = "0" Pressure = "0" />
		<Point X = "243" Y = "144" T = "0" Pressure = "0" />
		<Point X = "241" Y = "144" T = "0" Pressure = "0" />
		<Point X = "239" Y = "145" T = "0" Pressure = "0" />
		<Point X = "237" Y = "147" T = "0" Pressure = "0" />
		<Point X = "234" Y = "148" T = "0" Pressure = "0" />
		<Point X = "233" Y = "149" T = "0" Pressure = "0" />
		<Point X = "229" Y = "151" T = "0" Pressure = "0" />
		<Point X = "227" Y = "153" T = "0" Pressure = "0" />
		<Point X = "223" Y = "156" T = "0" Pressure = "0" />
		<Point X = "219" Y = "160" T = "0" Pressure = "0" />
		<Point X = "214" Y = "164" T = "0" Pressure = "0" />
		<Point X = "212" Y = "166" T = "0" Pressure = "0" />
		<Point X = "207" Y = "170" T = "0" Pressure = "0" />
		<Point X = "200" Y = "174" T = "0" Pressure = "0" />
		<Point X = "198" Y = "176" T = "0" Pressure = "0" />
		<Point X = "195" Y = "178" T = "0" Pressure = "0" />
		<Point X = "191" Y = "180" T = "0" Pressure = "0" />
		<Point X = "188" Y = "183" T = "0" Pressure = "0" />
		<Point X = "186" Y = "184" T = "0" Pressure = "0" />
		<Point X = "185" Y = "184" T = "0" Pressure = "0" />
		<Point X = "182" Y = "186" T = "0" Pressure = "0" />
		<Point X = "180" Y = "187" T = "0" Pressure = "0" />
		<Point X = "178" Y = "189" T = "0" Pressure = "0" />
		<Point X = "177" Y = "190" T = "0" Pressure = "0" />
		<Point X = "176" Y = "191" T = "0" Pressure = "0" />
		<Point X = "175" Y = "191" T = "0" Pressure = "0" />
		<Point X = "174" Y = "193" T = "0" Pressure = "0" />
		<Point X = "172" Y = "193" T = "0" Pressure = "0" />
		<Point X = "171" Y = "195" T = "0" Pressure = "0" />
		<Point X = "167" Y = "197" T = "0" Pressure = "0" />
		<Point X = "165" Y = "198" T = "0" Pressure = "0" />
		<Point X = "163" Y = "200" T = "0" Pressure = "0" />
		<Point X = "158" Y = "202" T = "0" Pressure = "0" />
		<Point X = "156" Y = "203" T = "0" Pressure = "0" />
		<Point X = "153" Y = "205" T = "0" Pressure = "0" />
		<Point X = "150" Y = "206" T = "0" Pressure = "0" />
		<Point X = "147" Y = "208" T = "0" Pressure = "0" />
		<Point X = "146" Y = "208" T = "0" Pressure = "0" />
		<Point X = "146" Y = "209" T = "0" Pressure = "0" />
		<Point X = "146" Y = "206" T = "0" Pressure = "0" />
		<Point X = "146" Y = "202" T = "0" Pressure = "0" />
		<Point X = "146" Y = "196" T = "0" Pressure = "0" />
		<Point X = "148" Y = "190" T = "0" Pressure = "0" />
		<Point X = "149" Y = "184" T = "0" Pressure = "0" />
		<Point X = "149" Y = "181" T = "0" Pressure = "0" />
		<Point X = "151" Y = "176" T = "0" Pressure = "0" />
		<Point X = "153" Y = "170" T = "0" Pressure = "0" />
		<Point X = "153" Y = "164" T = "0" Pressure = "0" />
		<Point X = "155" Y = "158" T = "0" Pressure = "0" />
		<Point X = "158" Y = "153" T = "0" Pressure = "0" />
		<Point X = "160" Y = "148" T = "0" Pressure = "0" />
		<Point X = "162" Y = "143" T = "0" Pressure = "0" />
		<Point X = "164" Y = "136" T = "0" Pressure = "0" />
		<Point X = "165" Y = "131" T = "0" Pressure = "0" />
		<Point X = "167" Y = "129" T = "0" Pressure = "0" />
		<Point X = "167" Y = "125" T = "0" Pressure = "0" />
		<Point X = "168" Y = "122" T = "0" Pressure = "0" />
		<Point X = "169" Y = "118" T = "0" Pressure = "0" />
		<Point X = "170" Y = "116" T = "0" Pressure = "0" />
		<Point X = "171" Y = "114" T = "0" Pressure = "0" />
		<Point X = "173" Y = "111" T = "0" Pressure = "0" />
		<Point X = "175" Y = "108" T = "0" Pressure = "0" />
		<Point X = "175" Y = "106" T = "0" Pressure = "0" />
		<Point X = "176" Y = "102" T = "0" Pressure = "0" />
		<Point X = "176" Y = "99" T = "0" Pressure = "0" />
		<Point X = "177" Y = "96" T = "0" Pressure = "0" />
		<Point X = "180" Y = "90" T = "0" Pressure = "0" />
		<Point X = "180" Y = "87" T = "0" Pressure = "0" />
		<Point X = "181" Y = "84" T = "0" Pressure = "0" />
		<Point X = "182" Y = "81" T = "0" Pressure = "0" />
		<Point X = "184" Y = "76" T = "0" Pressure = "0" />
		<Point X = "184" Y = "74" T = "0" Pressure = "0" />
		<Point X = "184" Y = "73" T = "0" Pressure = "0" />
		<Point X = "184" Y = "70" T = "0" Pressure = "0" />
		<Point X = "184" Y = "68" T = "0" Pressure = "0" />
		<Point X = "185" Y = "65" T = "0" Pressure = "0" />
		<Point X = "185" Y = "62" T = "0" Pressure = "0" />
		<Point X = "185" Y = "60" T = "0" Pressure = "0" />
		<Point X = "186" Y = "57" T = "0" Pressure = "0" />
		<Point X = "186" Y = "54" T = "0" Pressure = "0" />
		<Point X = "187" Y = "52" T = "0" Pressure = "0" />
		<Point X = "187" Y = "49" T = "0" Pressure = "0" />
		<Point X = "187" Y = "47" T = "0" Pressure = "0" />
		<Point X = "188" Y = "45" T = "0" Pressure = "0" />
		<Point X = "188" Y = "44" T = "0" Pressure = "0" />
		<Point X = "188" Y = "42" T = "0" Pressure = "0" />
		<Point X = "189" Y = "42" T = "0" Pressure = "0" />
		<Point X = "189" Y = "41" T = "0" Pressure = "0" />
		<Point X = "189" Y = "40" T = "0" Pressure = "0" />
		<Point X = "191" Y = "40" T = "0" Pressure = "0" />
		<Point X = "192" Y = "41" T = "0" Pressure = "0" />
		<Point X = "194" Y = "44" T = "0" Pressure = "0" />
		<Point X = "195" Y = "44" T = "0" Pressure = "0" />
		<Point X = "197" Y = "47" T = "0" Pressure = "0" />
		<Point X = "198" Y = "49" T = "0" Pressure = "0" />
		<Point X = "200" Y = "51" T = "0" Pressure = "0" />
		<Point X = "201" Y = "53" T = "0" Pressure = "0" />
		<Point X = "203" Y = "56" T = "0" Pressure = "0" />
		<Point X = "205" Y = "60" T = "0" Pressure = "0" />
		<Point X = "207" Y = "63" T = "0" Pressure = "0" />
		<Point X = "210" Y = "69" T = "0" Pressure = "0" />
		<Point X = "212" Y = "73" T = "0" Pressure = "0" />
		<Point X = "214" Y = "78" T = "0" Pressure = "0" />
		<Point X = "215" Y = "80" T = "0" Pressure = "0" />
		<Point X = "217" Y = "85" T = "0" Pressure = "0" />
		<Point X = "219" Y = "89" T = "0" Pressure = "0" />
		<Point X = "220" Y = "92" T = "0" Pressure = "0" />
		<Point X = "221" Y = "95" T = "0" Pressure = "0" />
		<Point X = "224" Y = "100" T = "0" Pressure = "0" />
		<Point X = "226" Y = "103" T = "0" Pressure = "0" />
		<Point X = "226" Y = "105" T = "0" Pressure = "0" />
		<Point X = "227" Y = "106" T = "0" Pressure = "0" />
		<Point X = "228" Y = "108" T = "0" Pressure = "0" />
		<Point X = "228" Y = "110" T = "0" Pressure = "0" />
		<Point X = "229" Y = "111" T = "0" Pressure = "0" />
		<Point X = "229" Y = "114" T = "0" Pressure = "0" />
		<Point X = "229" Y = "116" T = "0" Pressure = "0" />
		<Point X = "231" Y = "119" T = "0" Pressure = "0" />
		<Point X = "232" Y = "121" T = "0" Pressure = "0" />
		<Point X = "232" Y = "124" T = "0" Pressure = "0" />
		<Point X = "232" Y = "125" T = "0" Pressure = "0" />
		<Point X = "233" Y = "129" T = "0" Pressure = "0" />
		<Point X = "235" Y = "132" T = "0" Pressure = "0" />
		<Point X = "235" Y = "134" T = "0" Pressure = "0" />
		<Point X = "236" Y = "138" T = "0" Pressure = "0" />
		<Point X = "237" Y = "141" T = "0" Pressure = "0" />
		<Point X = "237" Y = "146" T = "0" Pressure = "0" />
		<Point X = "237" Y = "150" T = "0" Pressure = "0" />
		<Point X = "240" Y = "155" T = "0" Pressure = "0" />
		<Point X = "241" Y = "159" T = "0" Pressure = "0" />
		<Point X = "242" Y = "164" T = "0" Pressure = "0" />
		<Point X = "244" Y = "166" T = "0" Pressure = "0" />
		<Point X = "244" Y = "168" T = "0" Pressure = "0" />
		<Point X = "244" Y = "171" T = "0" Pressure = "0" />
		<Point X = "245" Y = "172" T = "0" Pressure = "0" />
		<Point X = "245" Y = "174" T = "0" Pressure = "0" />
		<Point X = "246" Y = "175" T = "0" Pressure = "0" />
		<Point X = "246" Y = "176" T = "0" Pressure = "0" />
		<Point X = "247" Y = "179" T = "0" Pressure = "0" />
		<Point X = "248" Y = "180" T = "0" Pressure = "0" />
		<Point X = "248" Y = "182" T = "0" Pressure = "0" />
		<Point X = "248" Y = "183" T = "0" Pressure = "0" />
		<Point X = "249" Y = "185" T = "0" Pressure = "0" />
		<Point X = "251" Y = "189" T = "0" Pressure = "0" />
		<Point X = "251" Y = "190" T = "0" Pressure = "0" />
		<Point X = "251" Y = "191" T = "0" Pressure = "0" />
		<Point X = "252" Y = "192" T = "0" Pressure = "0" />
		<Point X = "252" Y = "193" T = "0" Pressure = "0" />
		<Point X = "252" Y = "195" T = "0" Pressure = "0" />
		<Point X = "252" Y = "196" T = "0" Pressure = "0" />
		<Point X = "252" Y = "197" T = "0" Pressure = "0" />
		<Point X = "252" Y = "198" T = "0" Pressure = "0" />
		<Point X = "252" Y = "199" T = "0" Pressure = "0" />
		<Point X = "251" Y = "199" T = "0" Pressure = "0" />
		<Point X = "249" Y = "199" T = "0" Pressure = "0" />
		<Point X = "248" Y = "199" T = "0" Pressure = "0" />
		<Point X = "245" Y = "199" T = "0" Pressure = "0" />
		<Point X = "242" Y = "199" T = "0" Pressure = "0" />
		<Point X = "241" Y = "199" T = "0" Pressure = "0" />
		<Point X = "237" Y = "198" T = "0" Pressure = "0" />
		<Point X = "236" Y = "198" T = "0" Pressure = "0" />
		<Point X = "232" Y = "196" T = "0" Pressure = "0" />
		<Point X = "229" Y = "194" T = "0" Pressure = "0" />
		<Point X = "225" Y = "192" T = "0" Pressure = "0" />
		<Point X = "223" Y = "190" T = "0" Pressure = "0" />
		<Point X = "219" Y = "187" T = "0" Pressure = "0" />
		<Point X = "215" Y = "183" T = "0" Pressure = "0" />
		<Point X = "211" Y = "179" T = "0" Pressure = "0" />
		<Point X = "208" Y = "178" T = "0" Pressure = "0" />
		<Point X = "206" Y = "176" T = "0" Pressure = "0" />
		<Point X = "204" Y = "175" T = "0" Pressure = "0" />
		<Point X = "203" Y = "173" T = "0" Pressure = "0" />
		<Point X = "202" Y = "173" T = "0" Pressure = "0" />
		<Point X = "201" Y = "173" T = "0" Pressure = "0" />
		<Point X = "200" Y = "171" T = "0" Pressure = "0" />
		<Point X = "199" Y = "170" T = "0" Pressure = "0" />
		<Point X = "197" Y = "168" T = "0" Pressure = "0" />
		<Point X = "195" Y = "165" T = "0" Pressure = "0" />
		<Point X = "190" Y = "160" T = "0" Pressure = "0" />
		<Point X = "185" Y = "156" T = "0" Pressure = "0" />
		<Point X = "181" Y = "154" T = "0" Pressure = "0" />
		<Point X = "179" Y = "151" T = "0" Pressure = "0" />
		<Point X = "177" Y = "150" T = "0" Pressure = "0" />
		<Point X = "176" Y = "148" T = "0" Pressure = "0" />
		<Point X = "175" Y = "148" T = "0" Pressure = "0" />
		<Point X = "175" Y = "147" T = "0" Pressure = "0" />
		<Point X = "173" Y = "146" T = "0" Pressure = "0" />
		<Point X = "173" Y = "144" T = "0" Pressure = "0" />
		<Point X = "170" Y = "140" T = "0" Pressure = "0" />
		<Point X = "166" Y = "137" T = "0" Pressure = "0" />
		<Point X = "163" Y = "133" T = "0" Pressure = "0" />
		<Point X = "160" Y = "129" T = "0" Pressure = "0" />
		<Point X = "155" Y = "125" T = "0" Pressure = "0" />
		<Point X = "150" Y = "121" T = "0" Pressure = "0" />
		<Point X = "148" Y = "119" T = "0" Pressure = "0" />
		<Point X = "146" Y = "117" T = "0" Pressure = "0" />
		<Point X = "143" Y = "115" T = "0" Pressure = "0" />
		<Point X = "142" Y = "114" T = "0" Pressure = "0" />
		<Point X = "140" Y = "113" T = "0" Pressure = "0" />
		<Point X = "139" Y = "112" T = "0" Pressure = "0" />
		<Point X = "137" Y = "110" T = "0" Pressure = "0" />
		<Point X = "137" Y = "109" T = "0" Pressure = "0" />
		<Point X = "136" Y = "109" T = "0" Pressure = "0" />
		<Point X = "136" Y = "108" T = "0" Pressure = "0" />
		<Point X = "134" Y = "106" T = "0" Pressure = "0" />
		<Point X = "133" Y = "104" T = "0" Pressure = "0" />
		<Point X = "131" Y = "103" T = "0" Pressure = "0" />
		<Point X = "130" Y = "103" T = "0" Pressure = "0" />
		<Point X = "129" Y = "101" T = "0" Pressure = "0" />
		<Point X = "128" Y = "99" T = "0" Pressure = "0" />
		<Point X = "127" Y = "98" T = "0" Pressure = "0" />
		<Point X = "127" Y = "97" T = "0" Pressure = "0" />
		<Point X = "126" Y = "97" T = "0" Pressure = "0" />
		<Point X = "126" Y = "96" T = "0" Pressure = "0" />
	</Stroke>
</Gesture>
