<?xml version="1.0" encoding="utf-8" standalone="yes"?>
<Gesture Name = "star">
	<Stroke>
		<Point X = "210" Y = "56" T = "0" Pressure = "0" />
		<Point X = "213" Y = "56" T = "0" Pressure = "0" />
		<Point X = "218" Y = "58" T = "0" Pressure = "0" />
		<Point X = "223" Y = "59" T = "0" Pressure = "0" />
		<Point X = "225" Y = "60" T = "0" Pressure = "0" />
		<Point X = "229" Y = "60" T = "0" Pressure = "0" />
		<Point X = "233" Y = "61" T = "0" Pressure = "0" />
		<Point X = "238" Y = "61" T = "0" Pressure = "0" />
		<Point X = "242" Y = "63" T = "0" Pressure = "0" />
		<Point X = "253" Y = "64" T = "0" Pressure = "0" />
		<Point X = "264" Y = "65" T = "0" Pressure = "0" />
		<Point X = "275" Y = "66" T = "0" Pressure = "0" />
		<Point X = "291" Y = "70" T = "0" Pressure = "0" />
		<Point X = "303" Y = "71" T = "0" Pressure = "0" />
		<Point X = "316" Y = "72" T = "0" Pressure = "0" />
		<Point X = "328" Y = "74" T = "0" Pressure = "0" />
		<Point X = "336" Y = "74" T = "0" Pressure = "0" />
		<Point X = "342" Y = "74" T = "0" Pressure = "0" />
		<Point X = "345" Y = "74" T = "0" Pressure = "0" />
		<Point X = "347" Y = "74" T = "0" Pressure = "0" />
		<Point X = "349" Y = "74" T = "0" Pressure = "0" />
		<Point X = "351" Y = "74" T = "0" Pressure = "0" />
		<Point X = "354" Y = "74" T = "0" Pressure = "0" />
		<Point X = "357" Y = "74" T = "0" Pressure = "0" />
		<Point X = "361" Y = "74" T = "0" Pressure = "0" />
		<Point X = "365" Y = "74" T = "0" Pressure = "0" />
		<Point X = "368" Y = "74" T = "0" Pressure = "0" />
		<Point X = "370" Y = "74" T = "0" Pressure = "0" />
		<Point X = "371" Y = "74" T = "0" Pressure = "0" />
		<Point X = "372" Y = "74" T = "0" Pressure = "0" />
		<Point X = "373" Y = "74" T = "0" Pressure = "0" />
		<Point X = "375" Y = "75" T = "0" Pressure = "0" />
		<Point X = "374" Y = "76" T = "0" Pressure = "0" />
		<Point X = "373" Y = "77" T = "0" Pressure = "0" />
		<Point X = "371" Y = "77" T = "0" Pressure = "0" />
		<Point X = "369" Y = "78" T = "0" Pressure = "0" />
		<Point X = "367" Y = "80" T = "0" Pressure = "0" />
		<Point X = "361" Y = "81" T = "0" Pressure = "0" />
		<Point X = "358" Y = "83" T = "0" Pressure = "0" />
		<Point X = "350" Y = "88" T = "0" Pressure = "0" />
		<Point X = "344" Y = "93" T = "0" Pressure = "0" />
		<Point X = "338" Y = "97" T = "0" Pressure = "0" />
		<Point X = "331" Y = "102" T = "0" Pressure = "0" />
		<Point X = "324" Y = "105" T = "0" Pressure = "0" />
		<Point X = "317" Y = "108" T = "0" Pressure = "0" />
		<Point X = "311" Y = "110" T = "0" Pressure = "0" />
		<Point X = "304" Y = "113" T = "0" Pressure = "0" />
		<Point X = "298" Y = "115" T = "0" Pressure = "0" />
		<Point X = "292" Y = "118" T = "0" Pressure = "0" />
		<Point X = "287" Y = "120" T = "0" Pressure = "0" />
		<Point X = "283" Y = "123" T = "0" Pressure = "0" />
		<Point X = "278" Y = "125" T = "0" Pressure = "0" />
		<Point X = "272" Y = "128" T = "0" Pressure = "0" />
		<Point X = "270" Y = "129" T = "0" Pressure = "0" />
		<Point X = "264" Y = "131" T = "0" Pressure = "0" />
		<Point X = "264" Y = "132" T = "0" Pressure = "0" />
		<Point X = "260" Y = "134" T = "0" Pressure = "0" />
		<Point X = "257" Y = "136" T = "0" Pressure = "0" />
		<Point X = "254" Y = "137" T = "0" Pressure = "0" />
		<Point X = "251" Y = "140" T = "0" Pressure = "0" />
		<Point X = "249" Y = "140" T = "0" Pressure = "0" />
		<Point X = "245" Y = "142" T = "0" Pressure = "0" />
		<Point X = "243" Y = "143" T = "0" Pressure = "0" />
		<Point X = "240" Y = "144" T = "0" Pressure = "0" />
		<Point X = "236" Y = "146" T = "0" Pressure = "0" />
		<Point X = "233" Y = "146" T = "0" Pressure = "0" />
		<Point X = "230" Y = "147" T = "0" Pressure = "0" />
		<Point X = "225" Y = "148" T = "0" Pressure = "0" />
		<Point X = "221" Y = "149" T = "0" Pressure = "0" />
		<Point X = "219" Y = "150" T = "0" Pressure = "0" />
		<Point X = "215" Y = "152" T = "0" Pressure = "0" />
		<Point X = "212" Y = "152" T = "0" Pressure = "0" />
		<Point X = "211" Y = "152" T = "0" Pressure = "0" />
		<Point X = "210" Y = "153" T = "0" Pressure = "0" />
		<Point X = "209" Y = "153" T = "0" Pressure = "0" />
		<Point X = "209" Y = "152" T = "0" Pressure = "0" />
		<Point X = "209" Y = "148" T = "0" Pressure = "0" />
		<Point X = "211" Y = "143" T = "0" Pressure = "0" />
		<Point X = "214" Y = "137" T = "0" Pressure = "0" />
		<Point X = "216" Y = "130" T = "0" Pressure = "0" />
		<Point X = "220" Y = "124" T = "0" Pressure = "0" />
		<Point X = "225" Y = "116" T = "0" Pressure = "0" />
		<Point X = "229" Y = "111" T = "0" Pressure = "0" />
		<Point X = "233" Y = "104" T = "0" Pressure = "0" />
		<Point X = "236" Y = "98" T = "0" Pressure = "0" />
		<Point X = "241" Y = "92" T = "0" Pressure = "0" />
		<Point X = "245" Y = "86" T = "0" Pressure = "0" />
		<Point X = "247" Y = "81" T = "0" Pressure = "0" />
		<Point X = "251" Y = "72" T = "0" Pressure = "0" />
		<Point X = "254" Y = "66" T = "0" Pressure = "0" />
		<Point X = "257" Y = "61" T = "0" Pressure = "0" />
		<Point X = "261" Y = "55" T = "0" Pressure = "0" />
		<Point X = "265" Y = "47" T = "0" Pressure = "0" />
		<Point X = "267" Y = "43" T = "0" Pressure = "0" />
		<Point X = "271" Y = "37" T = "0" Pressure = "0" />
		<Point X = "272" Y = "33" T = "0" Pressure = "0" />
		<Point X = "275" Y = "28" T = "0" Pressure = "0" />
		<Point X = "275" Y = "26" T = "0" Pressure = "0" />
		<Point X = "276" Y = "22" T = "0" Pressure = "0" />
		<Point X = "278" Y = "19" T = "0" Pressure = "0" />
		<Point X = "278" Y = "18" T = "0" Pressure = "0" />
		<Point X = "279" Y = "16" T = "0" Pressure = "0" />
		<Point X = "279" Y = "15" T = "0" Pressure = "0" />
		<Point X = "279" Y = "14" T = "0" Pressure = "0" />
		<Point X = "280" Y = "13" T = "0" Pressure = "0" />
		<Point X = "281" Y = "12" T = "0" Pressure = "0" />
		<Point X = "282" Y = "11" T = "0" Pressure = "0" />
		<Point X = "284" Y = "11" T = "0" Pressure = "0" />
		<Point X = "285" Y = "11" T = "0" Pressure = "0" />
		<Point X = "287" Y = "11" T = "0" Pressure = "0" />
		<Point X = "288" Y = "11" T = "0" Pressure = "0" />
		<Point X = "290" Y = "12" T = "0" Pressure = "0" />
		<Point X = "291" Y = "14" T = "0" Pressure = "0" />
		<Point X = "292" Y = "15" T = "0" Pressure = "0" />
		<Point X = "291" Y = "17" T = "0" Pressure = "0" />
		<Point X = "292" Y = "21" T = "0" Pressure = "0" />
		<Point X = "293" Y = "25" T = "0" Pressure = "0" />
		<Point X = "296" Y = "33" T = "0" Pressure = "0" />
		<Point X = "297" Y = "40" T = "0" Pressure = "0" />
		<Point X = "298" Y = "45" T = "0" Pressure = "0" />
		<Point X = "300" Y = "53" T = "0" Pressure = "0" />
		<Point X = "302" Y = "60" T = "0" Pressure = "0" />
		<Point X = "305" Y = "67" T = "0" Pressure = "0" />
		<Point X = "306" Y = "71" T = "0" Pressure = "0" />
		<Point X = "307" Y = "76" T = "0" Pressure = "0" />
		<Point X = "308" Y = "80" T = "0" Pressure = "0" />
		<Point X = "308" Y = "83" T = "0" Pressure = "0" />
		<Point X = "310" Y = "84" T = "0" Pressure = "0" />
		<Point X = "310" Y = "86" T = "0" Pressure = "0" />
		<Point X = "310" Y = "89" T = "0" Pressure = "0" />
		<Point X = "311" Y = "94" T = "0" Pressure = "0" />
		<Point X = "314" Y = "99" T = "0" Pressure = "0" />
		<Point X = "315" Y = "106" T = "0" Pressure = "0" />
		<Point X = "319" Y = "113" T = "0" Pressure = "0" />
		<Point X = "321" Y = "118" T = "0" Pressure = "0" />
		<Point X = "324" Y = "124" T = "0" Pressure = "0" />
		<Point X = "325" Y = "126" T = "0" Pressure = "0" />
		<Point X = "326" Y = "129" T = "0" Pressure = "0" />
		<Point X = "327" Y = "132" T = "0" Pressure = "0" />
		<Point X = "329" Y = "135" T = "0" Pressure = "0" />
		<Point X = "329" Y = "137" T = "0" Pressure = "0" />
		<Point X = "330" Y = "139" T = "0" Pressure = "0" />
		<Point X = "330" Y = "140" T = "0" Pressure = "0" />
		<Point X = "332" Y = "143" T = "0" Pressure = "0" />
		<Point X = "332" Y = "145" T = "0" Pressure = "0" />
		<Point X = "332" Y = "147" T = "0" Pressure = "0" />
		<Point X = "332" Y = "148" T = "0" Pressure = "0" />
		<Point X = "332" Y = "151" T = "0" Pressure = "0" />
		<Point X = "332" Y = "154" T = "0" Pressure = "0" />
		<Point X = "332" Y = "156" T = "0" Pressure = "0" />
		<Point X = "332" Y = "160" T = "0" Pressure = "0" />
		<Point X = "332" Y = "162" T = "0" Pressure = "0" />
		<Point X = "332" Y = "166" T = "0" Pressure = "0" />
		<Point X = "332" Y = "167" T = "0" Pressure = "0" />
		<Point X = "332" Y = "169" T = "0" Pressure = "0" />
		<Point X = "332" Y = "170" T = "0" Pressure = "0" />
		<Point X = "332" Y = "171" T = "0" Pressure = "0" />
		<Point X = "330" Y = "171" T = "0" Pressure = "0" />
		<Point X = "328" Y = "171" T = "0" Pressure = "0" />
		<Point X = "325" Y = "168" T = "0" Pressure = "0" />
		<Point X = "323" Y = "166" T = "0" Pressure = "0" />
		<Point X = "320" Y = "163" T = "0" Pressure = "0" />
		<Point X = "315" Y = "158" T = "0" Pressure = "0" />
		<Point X = "311" Y = "154" T = "0" Pressure = "0" />
		<Point X = "306" Y = "148" T = "0" Pressure = "0" />
		<Point X = "302" Y = "144" T = "0" Pressure = "0" />
		<Point X = "296" Y = "141" T = "0" Pressure = "0" />
		<Point X = "293" Y = "139" T = "0" Pressure = "0" />
		<Point X = "289" Y = "136" T = "0" Pressure = "0" />
		<Point X = "287" Y = "135" T = "0" Pressure = "0" />
		<Point X = "285" Y = "132" T = "0" Pressure = "0" />
		<Point X = "280" Y = "129" T = "0" Pressure = "0" />
		<Point X = "275" Y = "127" T = "0" Pressure = "0" />
		<Point X = "270" Y = "121" T = "0" Pressure = "0" />
		<Point X = "264" Y = "116" T = "0" Pressure = "0" />
		<Point X = "260" Y = "113" T = "0" Pressure = "0" />
		<Point X = "258" Y = "110" T = "0" Pressure = "0" />
		<Point X = "254" Y = "106" T = "0" Pressure = "0" />
		<Point X = "252" Y = "104" T = "0" Pressure = "0" />
		<Point X = "251" Y = "103" T = "0" Pressure = "0" />
		<Point X = "250" Y = "101" T = "0" Pressure = "0" />
		<Point X = "248" Y = "100" T = "0" Pressure = "0" />
		<Point X = "248" Y = "99" T = "0" Pressure = "0" />
		<Point X = "246" Y = "98" T = "0" Pressure = "0" />
		<Point X = "245" Y = "97" T = "0" Pressure = "0" />
		<Point X = "244" Y = "97" T = "0" Pressure = "0" />
		<Point X = "241" Y = "96" T = "0" Pressure = "0" />
		<Point X = "240" Y = "96" T = "0" Pressure = "0" />
		<Point X = "238" Y = "94" T = "0" Pressure = "0" />
		<Point X = "237" Y = "93" T = "0" Pressure = "0" />
		<Point X = "236" Y = "91" T = "0" Pressure = "0" />
		<Point X = "235" Y = "91" T = "0" Pressure = "0" />
		<Point X = "234" Y = "89" T = "0" Pressure = "0" />
		<Point X = "233" Y = "88" T = "0" Pressure = "0" />
		<Point X = "233" Y = "87" T = "0" Pressure = "0" />
		<Point X = "232" Y = "84" T = "0" Pressure = "0" />
		<Point X = "230" Y = "83" T = "0" Pressure = "0" />
		<Point X = "229" Y = "82" T = "0" Pressure = "0" />
		<Point X = "228" Y = "81" T = "0" Pressure = "0" />
		<Point X = "227" Y = "79" T = "0" Pressure = "0" />
		<Point X = "226" Y = "79" T = "0" Pressure = "0" />
		<Point X = "225" Y = "77" T = "0" Pressure = "0" />
		<Point X = "224" Y = "75" T = "0" Pressure = "0" />
		<Point X = "223" Y = "74" T = "0" Pressure = "0" />
		<Point X = "222" Y = "73" T = "0" Pressure = "0" />
		<Point X = "221" Y = "72" T = "0" Pressure = "0" />
		<Point X = "220" Y = "71" T = "0" Pressure = "0" />
		<Point X = "220" Y = "70" T = "0" Pressure = "0" />
		<Point X = "219" Y = "70" T = "0" Pressure = "0" />
		<Point X = "219" Y = "69" T = "0" Pressure = "0" />
		<Point X = "218" Y = "69" T = "0" Pressure = "0" />
		<Point X = "217" Y = "68" T = "0" Pressure = "0" />
		<Point X = "215" Y = "67" T = "0" Pressure = "0" />
		<Point X = "214" Y = "66" T = "0" Pressure = "0" />
		<Point X = "212" Y = "64" T = "0" Pressure = "0" />
		<Point X = "211" Y = "63" T = "0" Pressure = "0" />
		<Point X = "211" Y = "62" T = "0" Pressure = "0" />
		<Point X = "211" Y = "61" T = "0" Pressure = "0" />
		<Point X = "210" Y = "60" T = "0" Pressure = "0" />
		<Point X = "210" Y = "59" T = "0" Pressure = "0" />
		<Point X = "210" Y = "58" T = "0" Pressure = "0" />
		<Point X = "210" Y = "57" T = "0" Pressure = "0" />
		<Point X = "210" Y = "56" T = "0" Pressure = "0" />
		<Point X = "210" Y = "55" T = "0" Pressure = "0" />
	</Stroke>
</Gesture>
