<?xml version="1.0" encoding="utf-8" standalone="yes"?>
<Gesture Name = "star">
	<Stroke>
		<Point X = "171" Y = "74" T = "0" Pressure = "0" />
		<Point X = "174" Y = "74" T = "0" Pressure = "0" />
		<Point X = "176" Y = "74" T = "0" Pressure = "0" />
		<Point X = "179" Y = "74" T = "0" Pressure = "0" />
		<Point X = "184" Y = "74" T = "0" Pressure = "0" />
		<Point X = "188" Y = "74" T = "0" Pressure = "0" />
		<Point X = "195" Y = "74" T = "0" Pressure = "0" />
		<Point X = "204" Y = "75" T = "0" Pressure = "0" />
		<Point X = "212" Y = "76" T = "0" Pressure = "0" />
		<Point X = "222" Y = "79" T = "0" Pressure = "0" />
		<Point X = "230" Y = "79" T = "0" Pressure = "0" />
		<Point X = "243" Y = "82" T = "0" Pressure = "0" />
		<Point X = "257" Y = "83" T = "0" Pressure = "0" />
		<Point X = "276" Y = "84" T = "0" Pressure = "0" />
		<Point X = "299" Y = "84" T = "0" Pressure = "0" />
		<Point X = "316" Y = "84" T = "0" Pressure = "0" />
		<Point X = "327" Y = "84" T = "0" Pressure = "0" />
		<Point X = "332" Y = "84" T = "0" Pressure = "0" />
		<Point X = "334" Y = "84" T = "0" Pressure = "0" />
		<Point X = "335" Y = "84" T = "0" Pressure = "0" />
		<Point X = "336" Y = "84" T = "0" Pressure = "0" />
		<Point X = "335" Y = "84" T = "0" Pressure = "0" />
		<Point X = "331" Y = "85" T = "0" Pressure = "0" />
		<Point X = "330" Y = "87" T = "0" Pressure = "0" />
		<Point X = "326" Y = "88" T = "0" Pressure = "0" />
		<Point X = "320" Y = "93" T = "0" Pressure = "0" />
		<Point X = "314" Y = "96" T = "0" Pressure = "0" />
		<Point X = "311" Y = "98" T = "0" Pressure = "0" />
		<Point X = "303" Y = "104" T = "0" Pressure = "0" />
		<Point X = "296" Y = "109" T = "0" Pressure = "0" />
		<Point X = "287" Y = "114" T = "0" Pressure = "0" />
		<Point X = "279" Y = "120" T = "0" Pressure = "0" />
		<Point X = "273" Y = "124" T = "0" Pressure = "0" />
		<Point X = "266" Y = "127" T = "0" Pressure = "0" />
		<Point X = "260" Y = "130" T = "0" Pressure = "0" />
		<Point X = "254" Y = "133" T = "0" Pressure = "0" />
		<Point X = "245" Y = "135" T = "0" Pressure = "0" />
		<Point X = "238" Y = "138" T = "0" Pressure = "0" />
		<Point X = "233" Y = "140" T = "0" Pressure = "0" />
		<Point X = "228" Y = "143" T = "0" Pressure = "0" />
		<Point X = "222" Y = "147" T = "0" Pressure = "0" />
		<Point X = "217" Y = "151" T = "0" Pressure = "0" />
		<Point X = "215" Y = "154" T = "0" Pressure = "0" />
		<Point X = "211" Y = "156" T = "0" Pressure = "0" />
		<Point X = "210" Y = "158" T = "0" Pressure = "0" />
		<Point X = "209" Y = "158" T = "0" Pressure = "0" />
		<Point X = "207" Y = "158" T = "0" Pressure = "0" />
		<Point X = "206" Y = "160" T = "0" Pressure = "0" />
		<Point X = "205" Y = "160" T = "0" Pressure = "0" />
		<Point X = "204" Y = "161" T = "0" Pressure = "0" />
		<Point X = "201" Y = "162" T = "0" Pressure = "0" />
		<Point X = "200" Y = "163" T = "0" Pressure = "0" />
		<Point X = "199" Y = "164" T = "0" Pressure = "0" />
		<Point X = "198" Y = "165" T = "0" Pressure = "0" />
		<Point X = "197" Y = "165" T = "0" Pressure = "0" />
		<Point X = "197" Y = "166" T = "0" Pressure = "0" />
		<Point X = "197" Y = "164" T = "0" Pressure = "0" />
		<Point X = "198" Y = "162" T = "0" Pressure = "0" />
		<Point X = "201" Y = "156" T = "0" Pressure = "0" />
		<Point X = "206" Y = "149" T = "0" Pressure = "0" />
		<Point X = "211" Y = "141" T = "0" Pressure = "0" />
		<Point X = "218" Y = "131" T = "0" Pressure = "0" />
		<Point X = "224" Y = "122" T = "0" Pressure = "0" />
		<Point X = "228" Y = "112" T = "0" Pressure = "0" />
		<Point X = "231" Y = "105" T = "0" Pressure = "0" />
		<Point X = "234" Y = "99" T = "0" Pressure = "0" />
		<Point X = "236" Y = "94" T = "0" Pressure = "0" />
		<Point X = "238" Y = "89" T = "0" Pressure = "0" />
		<Point X = "240" Y = "86" T = "0" Pressure = "0" />
		<Point X = "241" Y = "82" T = "0" Pressure = "0" />
		<Point X = "243" Y = "78" T = "0" Pressure = "0" />
		<Point X = "244" Y = "75" T = "0" Pressure = "0" />
		<Point X = "245" Y = "73" T = "0" Pressure = "0" />
		<Point X = "247" Y = "68" T = "0" Pressure = "0" />
		<Point X = "248" Y = "65" T = "0" Pressure = "0" />
		<Point X = "249" Y = "59" T = "0" Pressure = "0" />
		<Point X = "252" Y = "55" T = "0" Pressure = "0" />
		<Point X = "253" Y = "48" T = "0" Pressure = "0" />
		<Point X = "254" Y = "43" T = "0" Pressure = "0" />
		<Point X = "257" Y = "37" T = "0" Pressure = "0" />
		<Point X = "259" Y = "32" T = "0" Pressure = "0" />
		<Point X = "261" Y = "29" T = "0" Pressure = "0" />
		<Point X = "261" Y = "28" T = "0" Pressure = "0" />
		<Point X = "262" Y = "25" T = "0" Pressure = "0" />
		<Point X = "263" Y = "24" T = "0" Pressure = "0" />
		<Point X = "263" Y = "23" T = "0" Pressure = "0" />
		<Point X = "264" Y = "22" T = "0" Pressure = "0" />
		<Point X = "264" Y = "21" T = "0" Pressure = "0" />
		<Point X = "265" Y = "21" T = "0" Pressure = "0" />
		<Point X = "266" Y = "23" T = "0" Pressure = "0" />
		<Point X = "269" Y = "27" T = "0" Pressure = "0" />
		<Point X = "270" Y = "30" T = "0" Pressure = "0" />
		<Point X = "274" Y = "35" T = "0" Pressure = "0" />
		<Point X = "279" Y = "45" T = "0" Pressure = "0" />
		<Point X = "281" Y = "55" T = "0" Pressure = "0" />
		<Point X = "287" Y = "68" T = "0" Pressure = "0" />
		<Point X = "291" Y = "82" T = "0" Pressure = "0" />
		<Point X = "295" Y = "98" T = "0" Pressure = "0" />
		<Point X = "299" Y = "112" T = "0" Pressure = "0" />
		<Point X = "302" Y = "124" T = "0" Pressure = "0" />
		<Point X = "304" Y = "132" T = "0" Pressure = "0" />
		<Point X = "306" Y = "136" T = "0" Pressure = "0" />
		<Point X = "307" Y = "141" T = "0" Pressure = "0" />
		<Point X = "308" Y = "143" T = "0" Pressure = "0" />
		<Point X = "308" Y = "145" T = "0" Pressure = "0" />
		<Point X = "311" Y = "149" T = "0" Pressure = "0" />
		<Point X = "312" Y = "151" T = "0" Pressure = "0" />
		<Point X = "312" Y = "152" T = "0" Pressure = "0" />
		<Point X = "313" Y = "156" T = "0" Pressure = "0" />
		<Point X = "315" Y = "159" T = "0" Pressure = "0" />
		<Point X = "315" Y = "161" T = "0" Pressure = "0" />
		<Point X = "315" Y = "164" T = "0" Pressure = "0" />
		<Point X = "317" Y = "167" T = "0" Pressure = "0" />
		<Point X = "318" Y = "168" T = "0" Pressure = "0" />
		<Point X = "318" Y = "171" T = "0" Pressure = "0" />
		<Point X = "318" Y = "172" T = "0" Pressure = "0" />
		<Point X = "318" Y = "173" T = "0" Pressure = "0" />
		<Point X = "318" Y = "174" T = "0" Pressure = "0" />
		<Point X = "318" Y = "175" T = "0" Pressure = "0" />
		<Point X = "318" Y = "177" T = "0" Pressure = "0" />
		<Point X = "318" Y = "178" T = "0" Pressure = "0" />
		<Point X = "316" Y = "178" T = "0" Pressure = "0" />
		<Point X = "315" Y = "178" T = "0" Pressure = "0" />
		<Point X = "312" Y = "178" T = "0" Pressure = "0" />
		<Point X = "309" Y = "178" T = "0" Pressure = "0" />
		<Point X = "307" Y = "177" T = "0" Pressure = "0" />
		<Point X = "301" Y = "173" T = "0" Pressure = "0" />
		<Point X = "294" Y = "169" T = "0" Pressure = "0" />
		<Point X = "288" Y = "164" T = "0" Pressure = "0" />
		<Point X = "283" Y = "160" T = "0" Pressure = "0" />
		<Point X = "278" Y = "156" T = "0" Pressure = "0" />
		<Point X = "273" Y = "152" T = "0" Pressure = "0" />
		<Point X = "269" Y = "150" T = "0" Pressure = "0" />
		<Point X = "267" Y = "147" T = "0" Pressure = "0" />
		<Point X = "265" Y = "145" T = "0" Pressure = "0" />
		<Point X = "263" Y = "143" T = "0" Pressure = "0" />
		<Point X = "261" Y = "141" T = "0" Pressure = "0" />
		<Point X = "259" Y = "140" T = "0" Pressure = "0" />
		<Point X = "257" Y = "137" T = "0" Pressure = "0" />
		<Point X = "256" Y = "136" T = "0" Pressure = "0" />
		<Point X = "252" Y = "133" T = "0" Pressure = "0" />
		<Point X = "250" Y = "131" T = "0" Pressure = "0" />
		<Point X = "248" Y = "129" T = "0" Pressure = "0" />
		<Point X = "246" Y = "127" T = "0" Pressure = "0" />
		<Point X = "246" Y = "126" T = "0" Pressure = "0" />
		<Point X = "245" Y = "125" T = "0" Pressure = "0" />
		<Point X = "244" Y = "123" T = "0" Pressure = "0" />
		<Point X = "242" Y = "121" T = "0" Pressure = "0" />
		<Point X = "241" Y = "120" T = "0" Pressure = "0" />
		<Point X = "239" Y = "117" T = "0" Pressure = "0" />
		<Point X = "236" Y = "117" T = "0" Pressure = "0" />
		<Point X = "234" Y = "114" T = "0" Pressure = "0" />
		<Point X = "230" Y = "111" T = "0" Pressure = "0" />
		<Point X = "229" Y = "109" T = "0" Pressure = "0" />
		<Point X = "226" Y = "106" T = "0" Pressure = "0" />
		<Point X = "225" Y = "104" T = "0" Pressure = "0" />
		<Point X = "223" Y = "101" T = "0" Pressure = "0" />
		<Point X = "222" Y = "100" T = "0" Pressure = "0" />
		<Point X = "221" Y = "99" T = "0" Pressure = "0" />
		<Point X = "220" Y = "98" T = "0" Pressure = "0" />
		<Point X = "219" Y = "97" T = "0" Pressure = "0" />
		<Point X = "219" Y = "96" T = "0" Pressure = "0" />
		<Point X = "218" Y = "96" T = "0" Pressure = "0" />
		<Point X = "217" Y = "95" T = "0" Pressure = "0" />
		<Point X = "216" Y = "94" T = "0" Pressure = "0" />
		<Point X = "216" Y = "93" T = "0" Pressure = "0" />
		<Point X = "215" Y = "92" T = "0" Pressure = "0" />
		<Point X = "213" Y = "91" T = "0" Pressure = "0" />
		<Point X = "212" Y = "90" T = "0" Pressure = "0" />
		<Point X = "211" Y = "89" T = "0" Pressure = "0" />
		<Point X = "210" Y = "88" T = "0" Pressure = "0" />
		<Point X = "209" Y = "88" T = "0" Pressure = "0" />
		<Point X = "208" Y = "87" T = "0" Pressure = "0" />
		<Point X = "207" Y = "86" T = "0" Pressure = "0" />
		<Point X = "207" Y = "85" T = "0" Pressure = "0" />
		<Point X = "206" Y = "84" T = "0" Pressure = "0" />
		<Point X = "205" Y = "84" T = "0" Pressure = "0" />
		<Point X = "205" Y = "83" T = "0" Pressure = "0" />
		<Point X = "204" Y = "82" T = "0" Pressure = "0" />
		<Point X = "203" Y = "81" T = "0" Pressure = "0" />
		<Point X = "203" Y = "80" T = "0" Pressure = "0" />
		<Point X = "203" Y = "79" T = "0" Pressure = "0" />
		<Point X = "202" Y = "78" T = "0" Pressure = "0" />
		<Point X = "202" Y = "77" T = "0" Pressure = "0" />
		<Point X = "201" Y = "76" T = "0" Pressure = "0" />
		<Point X = "200" Y = "75" T = "0" Pressure = "0" />
		<Point X = "200" Y = "74" T = "0" Pressure = "0" />
		<Point X = "198" Y = "73" T = "0" Pressure = "0" />
		<Point X = "197" Y = "73" T = "0" Pressure = "0" />
		<Point X = "196" Y = "72" T = "0" Pressure = "0" />
		<Point X = "195" Y = "72" T = "0" Pressure = "0" />
		<Point X = "194" Y = "72" T = "0" Pressure = "0" />
	</Stroke>
</Gesture>
