<?xml version="1.0" encoding="utf-8" standalone="yes"?>
<Gesture Name = "star">
	<Stroke>
		<Point X = "118" Y = "84" T = "0" Pressure = "0" />
		<Point X = "121" Y = "84" T = "0" Pressure = "0" />
		<Point X = "122" Y = "84" T = "0" Pressure = "0" />
		<Point X = "125" Y = "84" T = "0" Pressure = "0" />
		<Point X = "128" Y = "84" T = "0" Pressure = "0" />
		<Point X = "131" Y = "84" T = "0" Pressure = "0" />
		<Point X = "137" Y = "84" T = "0" Pressure = "0" />
		<Point X = "143" Y = "85" T = "0" Pressure = "0" />
		<Point X = "148" Y = "85" T = "0" Pressure = "0" />
		<Point X = "155" Y = "89" T = "0" Pressure = "0" />
		<Point X = "162" Y = "91" T = "0" Pressure = "0" />
		<Point X = "166" Y = "91" T = "0" Pressure = "0" />
		<Point X = "175" Y = "93" T = "0" Pressure = "0" />
		<Point X = "180" Y = "93" T = "0" Pressure = "0" />
		<Point X = "183" Y = "93" T = "0" Pressure = "0" />
		<Point X = "186" Y = "93" T = "0" Pressure = "0" />
		<Point X = "188" Y = "93" T = "0" Pressure = "0" />
		<Point X = "191" Y = "93" T = "0" Pressure = "0" />
		<Point X = "193" Y = "93" T = "0" Pressure = "0" />
		<Point X = "195" Y = "93" T = "0" Pressure = "0" />
		<Point X = "198" Y = "92" T = "0" Pressure = "0" />
		<Point X = "203" Y = "91" T = "0" Pressure = "0" />
		<Point X = "208" Y = "91" T = "0" Pressure = "0" />
		<Point X = "215" Y = "91" T = "0" Pressure = "0" />
		<Point X = "224" Y = "91" T = "0" Pressure = "0" />
		<Point X = "230" Y = "91" T = "0" Pressure = "0" />
		<Point X = "235" Y = "91" T = "0" Pressure = "0" />
		<Point X = "238" Y = "91" T = "0" Pressure = "0" />
		<Point X = "240" Y = "91" T = "0" Pressure = "0" />
		<Point X = "241" Y = "91" T = "0" Pressure = "0" />
		<Point X = "243" Y = "91" T = "0" Pressure = "0" />
		<Point X = "244" Y = "91" T = "0" Pressure = "0" />
		<Point X = "245" Y = "91" T = "0" Pressure = "0" />
		<Point X = "246" Y = "91" T = "0" Pressure = "0" />
		<Point X = "247" Y = "91" T = "0" Pressure = "0" />
		<Point X = "247" Y = "92" T = "0" Pressure = "0" />
		<Point X = "246" Y = "94" T = "0" Pressure = "0" />
		<Point X = "243" Y = "98" T = "0" Pressure = "0" />
		<Point X = "239" Y = "101" T = "0" Pressure = "0" />
		<Point X = "233" Y = "105" T = "0" Pressure = "0" />
		<Point X = "227" Y = "111" T = "0" Pressure = "0" />
		<Point X = "222" Y = "114" T = "0" Pressure = "0" />
		<Point X = "216" Y = "119" T = "0" Pressure = "0" />
		<Point X = "211" Y = "123" T = "0" Pressure = "0" />
		<Point X = "204" Y = "128" T = "0" Pressure = "0" />
		<Point X = "197" Y = "133" T = "0" Pressure = "0" />
		<Point X = "191" Y = "137" T = "0" Pressure = "0" />
		<Point X = "187" Y = "139" T = "0" Pressure = "0" />
		<Point X = "181" Y = "144" T = "0" Pressure = "0" />
		<Point X = "178" Y = "147" T = "0" Pressure = "0" />
		<Point X = "170" Y = "152" T = "0" Pressure = "0" />
		<Point X = "165" Y = "155" T = "0" Pressure = "0" />
		<Point X = "162" Y = "158" T = "0" Pressure = "0" />
		<Point X = "154" Y = "161" T = "0" Pressure = "0" />
		<Point X = "148" Y = "163" T = "0" Pressure = "0" />
		<Point X = "142" Y = "166" T = "0" Pressure = "0" />
		<Point X = "137" Y = "167" T = "0" Pressure = "0" />
		<Point X = "129" Y = "169" T = "0" Pressure = "0" />
		<Point X = "125" Y = "171" T = "0" Pressure = "0" />
		<Point X = "123" Y = "172" T = "0" Pressure = "0" />
		<Point X = "120" Y = "172" T = "0" Pressure = "0" />
		<Point X = "119" Y = "173" T = "0" Pressure = "0" />
		<Point X = "117" Y = "173" T = "0" Pressure = "0" />
		<Point X = "115" Y = "175" T = "0" Pressure = "0" />
		<Point X = "116" Y = "175" T = "0" Pressure = "0" />
		<Point X = "119" Y = "175" T = "0" Pressure = "0" />
		<Point X = "122" Y = "171" T = "0" Pressure = "0" />
		<Point X = "124" Y = "169" T = "0" Pressure = "0" />
		<Point X = "127" Y = "165" T = "0" Pressure = "0" />
		<Point X = "130" Y = "162" T = "0" Pressure = "0" />
		<Point X = "133" Y = "158" T = "0" Pressure = "0" />
		<Point X = "135" Y = "156" T = "0" Pressure = "0" />
		<Point X = "137" Y = "152" T = "0" Pressure = "0" />
		<Point X = "141" Y = "147" T = "0" Pressure = "0" />
		<Point X = "143" Y = "144" T = "0" Pressure = "0" />
		<Point X = "145" Y = "142" T = "0" Pressure = "0" />
		<Point X = "147" Y = "139" T = "0" Pressure = "0" />
		<Point X = "150" Y = "135" T = "0" Pressure = "0" />
		<Point X = "151" Y = "133" T = "0" Pressure = "0" />
		<Point X = "152" Y = "130" T = "0" Pressure = "0" />
		<Point X = "156" Y = "123" T = "0" Pressure = "0" />
		<Point X = "159" Y = "120" T = "0" Pressure = "0" />
		<Point X = "160" Y = "114" T = "0" Pressure = "0" />
		<Point X = "161" Y = "111" T = "0" Pressure = "0" />
		<Point X = "164" Y = "107" T = "0" Pressure = "0" />
		<Point X = "165" Y = "106" T = "0" Pressure = "0" />
		<Point X = "167" Y = "102" T = "0" Pressure = "0" />
		<Point X = "169" Y = "100" T = "0" Pressure = "0" />
		<Point X = "170" Y = "96" T = "0" Pressure = "0" />
		<Point X = "172" Y = "93" T = "0" Pressure = "0" />
		<Point X = "173" Y = "92" T = "0" Pressure = "0" />
		<Point X = "175" Y = "88" T = "0" Pressure = "0" />
		<Point X = "176" Y = "86" T = "0" Pressure = "0" />
		<Point X = "177" Y = "85" T = "0" Pressure = "0" />
		<Point X = "178" Y = "82" T = "0" Pressure = "0" />
		<Point X = "180" Y = "80" T = "0" Pressure = "0" />
		<Point X = "181" Y = "78" T = "0" Pressure = "0" />
		<Point X = "184" Y = "75" T = "0" Pressure = "0" />
		<Point X = "184" Y = "74" T = "0" Pressure = "0" />
		<Point X = "187" Y = "71" T = "0" Pressure = "0" />
		<Point X = "188" Y = "68" T = "0" Pressure = "0" />
		<Point X = "191" Y = "64" T = "0" Pressure = "0" />
		<Point X = "192" Y = "63" T = "0" Pressure = "0" />
		<Point X = "193" Y = "60" T = "0" Pressure = "0" />
		<Point X = "195" Y = "57" T = "0" Pressure = "0" />
		<Point X = "196" Y = "56" T = "0" Pressure = "0" />
		<Point X = "197" Y = "52" T = "0" Pressure = "0" />
		<Point X = "198" Y = "52" T = "0" Pressure = "0" />
		<Point X = "199" Y = "50" T = "0" Pressure = "0" />
		<Point X = "200" Y = "50" T = "0" Pressure = "0" />
		<Point X = "200" Y = "49" T = "0" Pressure = "0" />
		<Point X = "200" Y = "50" T = "0" Pressure = "0" />
		<Point X = "200" Y = "52" T = "0" Pressure = "0" />
		<Point X = "201" Y = "56" T = "0" Pressure = "0" />
		<Point X = "202" Y = "59" T = "0" Pressure = "0" />
		<Point X = "203" Y = "61" T = "0" Pressure = "0" />
		<Point X = "203" Y = "64" T = "0" Pressure = "0" />
		<Point X = "203" Y = "67" T = "0" Pressure = "0" />
		<Point X = "203" Y = "69" T = "0" Pressure = "0" />
		<Point X = "203" Y = "72" T = "0" Pressure = "0" />
		<Point X = "204" Y = "75" T = "0" Pressure = "0" />
		<Point X = "205" Y = "77" T = "0" Pressure = "0" />
		<Point X = "205" Y = "78" T = "0" Pressure = "0" />
		<Point X = "205" Y = "80" T = "0" Pressure = "0" />
		<Point X = "206" Y = "81" T = "0" Pressure = "0" />
		<Point X = "207" Y = "83" T = "0" Pressure = "0" />
		<Point X = "207" Y = "87" T = "0" Pressure = "0" />
		<Point X = "208" Y = "90" T = "0" Pressure = "0" />
		<Point X = "210" Y = "98" T = "0" Pressure = "0" />
		<Point X = "210" Y = "101" T = "0" Pressure = "0" />
		<Point X = "210" Y = "105" T = "0" Pressure = "0" />
		<Point X = "210" Y = "110" T = "0" Pressure = "0" />
		<Point X = "211" Y = "116" T = "0" Pressure = "0" />
		<Point X = "211" Y = "119" T = "0" Pressure = "0" />
		<Point X = "211" Y = "122" T = "0" Pressure = "0" />
		<Point X = "212" Y = "125" T = "0" Pressure = "0" />
		<Point X = "212" Y = "128" T = "0" Pressure = "0" />
		<Point X = "212" Y = "130" T = "0" Pressure = "0" />
		<Point X = "212" Y = "133" T = "0" Pressure = "0" />
		<Point X = "214" Y = "135" T = "0" Pressure = "0" />
		<Point X = "215" Y = "139" T = "0" Pressure = "0" />
		<Point X = "216" Y = "144" T = "0" Pressure = "0" />
		<Point X = "216" Y = "147" T = "0" Pressure = "0" />
		<Point X = "220" Y = "152" T = "0" Pressure = "0" />
		<Point X = "221" Y = "154" T = "0" Pressure = "0" />
		<Point X = "221" Y = "156" T = "0" Pressure = "0" />
		<Point X = "222" Y = "159" T = "0" Pressure = "0" />
		<Point X = "222" Y = "160" T = "0" Pressure = "0" />
		<Point X = "223" Y = "162" T = "0" Pressure = "0" />
		<Point X = "224" Y = "165" T = "0" Pressure = "0" />
		<Point X = "224" Y = "166" T = "0" Pressure = "0" />
		<Point X = "224" Y = "168" T = "0" Pressure = "0" />
		<Point X = "224" Y = "170" T = "0" Pressure = "0" />
		<Point X = "224" Y = "172" T = "0" Pressure = "0" />
		<Point X = "224" Y = "175" T = "0" Pressure = "0" />
		<Point X = "224" Y = "176" T = "0" Pressure = "0" />
		<Point X = "225" Y = "179" T = "0" Pressure = "0" />
		<Point X = "226" Y = "180" T = "0" Pressure = "0" />
		<Point X = "226" Y = "181" T = "0" Pressure = "0" />
		<Point X = "224" Y = "181" T = "0" Pressure = "0" />
		<Point X = "223" Y = "181" T = "0" Pressure = "0" />
		<Point X = "221" Y = "181" T = "0" Pressure = "0" />
		<Point X = "219" Y = "180" T = "0" Pressure = "0" />
		<Point X = "217" Y = "179" T = "0" Pressure = "0" />
		<Point X = "215" Y = "177" T = "0" Pressure = "0" />
		<Point X = "213" Y = "175" T = "0" Pressure = "0" />
		<Point X = "211" Y = "173" T = "0" Pressure = "0" />
		<Point X = "210" Y = "170" T = "0" Pressure = "0" />
		<Point X = "206" Y = "168" T = "0" Pressure = "0" />
		<Point X = "204" Y = "166" T = "0" Pressure = "0" />
		<Point X = "202" Y = "164" T = "0" Pressure = "0" />
		<Point X = "200" Y = "163" T = "0" Pressure = "0" />
		<Point X = "199" Y = "161" T = "0" Pressure = "0" />
		<Point X = "197" Y = "160" T = "0" Pressure = "0" />
		<Point X = "196" Y = "160" T = "0" Pressure = "0" />
		<Point X = "194" Y = "158" T = "0" Pressure = "0" />
		<Point X = "194" Y = "157" T = "0" Pressure = "0" />
		<Point X = "193" Y = "154" T = "0" Pressure = "0" />
		<Point X = "191" Y = "151" T = "0" Pressure = "0" />
		<Point X = "190" Y = "148" T = "0" Pressure = "0" />
		<Point X = "188" Y = "145" T = "0" Pressure = "0" />
		<Point X = "185" Y = "139" T = "0" Pressure = "0" />
		<Point X = "184" Y = "136" T = "0" Pressure = "0" />
		<Point X = "182" Y = "134" T = "0" Pressure = "0" />
		<Point X = "181" Y = "133" T = "0" Pressure = "0" />
		<Point X = "181" Y = "131" T = "0" Pressure = "0" />
		<Point X = "180" Y = "129" T = "0" Pressure = "0" />
		<Point X = "179" Y = "129" T = "0" Pressure = "0" />
		<Point X = "179" Y = "128" T = "0" Pressure = "0" />
		<Point X = "178" Y = "128" T = "0" Pressure = "0" />
		<Point X = "178" Y = "127" T = "0" Pressure = "0" />
		<Point X = "175" Y = "127" T = "0" Pressure = "0" />
		<Point X = "174" Y = "126" T = "0" Pressure = "0" />
		<Point X = "172" Y = "125" T = "0" Pressure = "0" />
		<Point X = "169" Y = "121" T = "0" Pressure = "0" />
		<Point X = "165" Y = "120" T = "0" Pressure = "0" />
		<Point X = "163" Y = "117" T = "0" Pressure = "0" />
		<Point X = "161" Y = "116" T = "0" Pressure = "0" />
		<Point X = "158" Y = "113" T = "0" Pressure = "0" />
		<Point X = "156" Y = "111" T = "0" Pressure = "0" />
		<Point X = "155" Y = "110" T = "0" Pressure = "0" />
		<Point X = "155" Y = "108" T = "0" Pressure = "0" />
		<Point X = "153" Y = "106" T = "0" Pressure = "0" />
		<Point X = "152" Y = "104" T = "0" Pressure = "0" />
		<Point X = "151" Y = "103" T = "0" Pressure = "0" />
		<Point X = "150" Y = "102" T = "0" Pressure = "0" />
		<Point X = "149" Y = "101" T = "0" Pressure = "0" />
		<Point X = "149" Y = "100" T = "0" Pressure = "0" />
		<Point X = "148" Y = "100" T = "0" Pressure = "0" />
		<Point X = "147" Y = "99" T = "0" Pressure = "0" />
		<Point X = "146" Y = "98" T = "0" Pressure = "0" />
		<Point X = "145" Y = "97" T = "0" Pressure = "0" />
		<Point X = "143" Y = "96" T = "0" Pressure = "0" />
		<Point X = "142" Y = "95" T = "0" Pressure = "0" />
		<Point X = "140" Y = "93" T = "0" Pressure = "0" />
		<Point X = "139" Y = "92" T = "0" Pressure = "0" />
		<Point X = "138" Y = "91" T = "0" Pressure = "0" />
		<Point X = "137" Y = "90" T = "0" Pressure = "0" />
		<Point X = "136" Y = "90" T = "0" Pressure = "0" />
		<Point X = "134" Y = "90" T = "0" Pressure = "0" />
		<Point X = "133" Y = "90" T = "0" Pressure = "0" />
		<Point X = "133" Y = "89" T = "0" Pressure = "0" />
		<Point X = "132" Y = "89" T = "0" Pressure = "0" />
		<Point X = "131" Y = "88" T = "0" Pressure = "0" />
		<Point X = "129" Y = "87" T = "0" Pressure = "0" />
		<Point X = "128" Y = "86" T = "0" Pressure = "0" />
		<Point X = "127" Y = "86" T = "0" Pressure = "0" />
		<Point X = "125" Y = "85" T = "0" Pressure = "0" />
		<Point X = "124" Y = "85" T = "0" Pressure = "0" />
		<Point X = "124" Y = "84" T = "0" Pressure = "0" />
		<Point X = "123" Y = "84" T = "0" Pressure = "0" />
		<Point X = "123" Y = "83" T = "0" Pressure = "0" />
		<Point X = "122" Y = "83" T = "0" Pressure = "0" />
		<Point X = "121" Y = "82" T = "0" Pressure = "0" />
		<Point X = "120" Y = "80" T = "0" Pressure = "0" />
	</Stroke>
</Gesture>
