<?xml version="1.0" encoding="utf-8" standalone="yes"?>
<Gesture Name = "star">
	<Stroke>
		<Point X = "99" Y = "165" T = "0" Pressure = "0" />
		<Point X = "100" Y = "165" T = "0" Pressure = "0" />
		<Point X = "101" Y = "165" T = "0" Pressure = "0" />
		<Point X = "104" Y = "163" T = "0" Pressure = "0" />
		<Point X = "105" Y = "163" T = "0" Pressure = "0" />
		<Point X = "109" Y = "163" T = "0" Pressure = "0" />
		<Point X = "113" Y = "163" T = "0" Pressure = "0" />
		<Point X = "120" Y = "163" T = "0" Pressure = "0" />
		<Point X = "127" Y = "163" T = "0" Pressure = "0" />
		<Point X = "134" Y = "163" T = "0" Pressure = "0" />
		<Point X = "141" Y = "163" T = "0" Pressure = "0" />
		<Point X = "150" Y = "163" T = "0" Pressure = "0" />
		<Point X = "161" Y = "161" T = "0" Pressure = "0" />
		<Point X = "172" Y = "160" T = "0" Pressure = "0" />
		<Point X = "183" Y = "160" T = "0" Pressure = "0" />
		<Point X = "193" Y = "160" T = "0" Pressure = "0" />
		<Point X = "199" Y = "158" T = "0" Pressure = "0" />
		<Point X = "202" Y = "158" T = "0" Pressure = "0" />
		<Point X = "203" Y = "158" T = "0" Pressure = "0" />
		<Point X = "204" Y = "158" T = "0" Pressure = "0" />
		<Point X = "205" Y = "158" T = "0" Pressure = "0" />
		<Point X = "206" Y = "158" T = "0" Pressure = "0" />
		<Point X = "208" Y = "158" T = "0" Pressure = "0" />
		<Point X = "209" Y = "158" T = "0" Pressure = "0" />
		<Point X = "211" Y = "157" T = "0" Pressure = "0" />
		<Point X = "213" Y = "156" T = "0" Pressure = "0" />
		<Point X = "216" Y = "156" T = "0" Pressure = "0" />
		<Point X = "219" Y = "156" T = "0" Pressure = "0" />
		<Point X = "220" Y = "156" T = "0" Pressure = "0" />
		<Point X = "221" Y = "156" T = "0" Pressure = "0" />
		<Point X = "221" Y = "157" T = "0" Pressure = "0" />
		<Point X = "221" Y = "159" T = "0" Pressure = "0" />
		<Point X = "221" Y = "160" T = "0" Pressure = "0" />
		<Point X = "221" Y = "161" T = "0" Pressure = "0" />
		<Point X = "221" Y = "163" T = "0" Pressure = "0" />
		<Point X = "221" Y = "164" T = "0" Pressure = "0" />
		<Point X = "221" Y = "166" T = "0" Pressure = "0" />
		<Point X = "220" Y = "167" T = "0" Pressure = "0" />
		<Point X = "219" Y = "168" T = "0" Pressure = "0" />
		<Point X = "217" Y = "170" T = "0" Pressure = "0" />
		<Point X = "215" Y = "172" T = "0" Pressure = "0" />
		<Point X = "212" Y = "175" T = "0" Pressure = "0" />
		<Point X = "205" Y = "181" T = "0" Pressure = "0" />
		<Point X = "200" Y = "185" T = "0" Pressure = "0" />
		<Point X = "192" Y = "192" T = "0" Pressure = "0" />
		<Point X = "188" Y = "197" T = "0" Pressure = "0" />
		<Point X = "183" Y = "201" T = "0" Pressure = "0" />
		<Point X = "180" Y = "204" T = "0" Pressure = "0" />
		<Point X = "175" Y = "209" T = "0" Pressure = "0" />
		<Point X = "172" Y = "209" T = "0" Pressure = "0" />
		<Point X = "169" Y = "211" T = "0" Pressure = "0" />
		<Point X = "166" Y = "214" T = "0" Pressure = "0" />
		<Point X = "163" Y = "214" T = "0" Pressure = "0" />
		<Point X = "159" Y = "217" T = "0" Pressure = "0" />
		<Point X = "158" Y = "218" T = "0" Pressure = "0" />
		<Point X = "156" Y = "218" T = "0" Pressure = "0" />
		<Point X = "156" Y = "219" T = "0" Pressure = "0" />
		<Point X = "154" Y = "220" T = "0" Pressure = "0" />
		<Point X = "152" Y = "221" T = "0" Pressure = "0" />
		<Point X = "150" Y = "223" T = "0" Pressure = "0" />
		<Point X = "149" Y = "224" T = "0" Pressure = "0" />
		<Point X = "147" Y = "225" T = "0" Pressure = "0" />
		<Point X = "146" Y = "227" T = "0" Pressure = "0" />
		<Point X = "144" Y = "228" T = "0" Pressure = "0" />
		<Point X = "143" Y = "229" T = "0" Pressure = "0" />
		<Point X = "141" Y = "230" T = "0" Pressure = "0" />
		<Point X = "140" Y = "231" T = "0" Pressure = "0" />
		<Point X = "138" Y = "233" T = "0" Pressure = "0" />
		<Point X = "137" Y = "233" T = "0" Pressure = "0" />
		<Point X = "136" Y = "234" T = "0" Pressure = "0" />
		<Point X = "135" Y = "235" T = "0" Pressure = "0" />
		<Point X = "133" Y = "235" T = "0" Pressure = "0" />
		<Point X = "133" Y = "232" T = "0" Pressure = "0" />
		<Point X = "132" Y = "227" T = "0" Pressure = "0" />
		<Point X = "131" Y = "223" T = "0" Pressure = "0" />
		<Point X = "131" Y = "220" T = "0" Pressure = "0" />
		<Point X = "131" Y = "216" T = "0" Pressure = "0" />
		<Point X = "131" Y = "213" T = "0" Pressure = "0" />
		<Point X = "131" Y = "207" T = "0" Pressure = "0" />
		<Point X = "131" Y = "202" T = "0" Pressure = "0" />
		<Point X = "131" Y = "196" T = "0" Pressure = "0" />
		<Point X = "132" Y = "188" T = "0" Pressure = "0" />
		<Point X = "133" Y = "179" T = "0" Pressure = "0" />
		<Point X = "133" Y = "171" T = "0" Pressure = "0" />
		<Point X = "134" Y = "165" T = "0" Pressure = "0" />
		<Point X = "135" Y = "161" T = "0" Pressure = "0" />
		<Point X = "135" Y = "157" T = "0" Pressure = "0" />
		<Point X = "136" Y = "154" T = "0" Pressure = "0" />
		<Point X = "136" Y = "152" T = "0" Pressure = "0" />
		<Point X = "137" Y = "150" T = "0" Pressure = "0" />
		<Point X = "137" Y = "149" T = "0" Pressure = "0" />
		<Point X = "137" Y = "146" T = "0" Pressure = "0" />
		<Point X = "138" Y = "145" T = "0" Pressure = "0" />
		<Point X = "138" Y = "143" T = "0" Pressure = "0" />
		<Point X = "138" Y = "141" T = "0" Pressure = "0" />
		<Point X = "138" Y = "139" T = "0" Pressure = "0" />
		<Point X = "138" Y = "138" T = "0" Pressure = "0" />
		<Point X = "138" Y = "136" T = "0" Pressure = "0" />
		<Point X = "138" Y = "134" T = "0" Pressure = "0" />
		<Point X = "138" Y = "133" T = "0" Pressure = "0" />
		<Point X = "138" Y = "132" T = "0" Pressure = "0" />
		<Point X = "138" Y = "130" T = "0" Pressure = "0" />
		<Point X = "138" Y = "126" T = "0" Pressure = "0" />
		<Point X = "139" Y = "120" T = "0" Pressure = "0" />
		<Point X = "141" Y = "116" T = "0" Pressure = "0" />
		<Point X = "142" Y = "113" T = "0" Pressure = "0" />
		<Point X = "142" Y = "111" T = "0" Pressure = "0" />
		<Point X = "143" Y = "109" T = "0" Pressure = "0" />
		<Point X = "143" Y = "107" T = "0" Pressure = "0" />
		<Point X = "144" Y = "107" T = "0" Pressure = "0" />
		<Point X = "145" Y = "107" T = "0" Pressure = "0" />
		<Point X = "147" Y = "107" T = "0" Pressure = "0" />
		<Point X = "149" Y = "107" T = "0" Pressure = "0" />
		<Point X = "152" Y = "108" T = "0" Pressure = "0" />
		<Point X = "153" Y = "111" T = "0" Pressure = "0" />
		<Point X = "156" Y = "113" T = "0" Pressure = "0" />
		<Point X = "158" Y = "118" T = "0" Pressure = "0" />
		<Point X = "161" Y = "125" T = "0" Pressure = "0" />
		<Point X = "163" Y = "131" T = "0" Pressure = "0" />
		<Point X = "166" Y = "136" T = "0" Pressure = "0" />
		<Point X = "167" Y = "140" T = "0" Pressure = "0" />
		<Point X = "169" Y = "144" T = "0" Pressure = "0" />
		<Point X = "171" Y = "147" T = "0" Pressure = "0" />
		<Point X = "172" Y = "149" T = "0" Pressure = "0" />
		<Point X = "173" Y = "152" T = "0" Pressure = "0" />
		<Point X = "174" Y = "154" T = "0" Pressure = "0" />
		<Point X = "175" Y = "157" T = "0" Pressure = "0" />
		<Point X = "177" Y = "161" T = "0" Pressure = "0" />
		<Point X = "178" Y = "162" T = "0" Pressure = "0" />
		<Point X = "180" Y = "165" T = "0" Pressure = "0" />
		<Point X = "183" Y = "170" T = "0" Pressure = "0" />
		<Point X = "183" Y = "171" T = "0" Pressure = "0" />
		<Point X = "183" Y = "173" T = "0" Pressure = "0" />
		<Point X = "184" Y = "176" T = "0" Pressure = "0" />
		<Point X = "185" Y = "177" T = "0" Pressure = "0" />
		<Point X = "185" Y = "180" T = "0" Pressure = "0" />
		<Point X = "186" Y = "181" T = "0" Pressure = "0" />
		<Point X = "186" Y = "185" T = "0" Pressure = "0" />
		<Point X = "186" Y = "189" T = "0" Pressure = "0" />
		<Point X = "187" Y = "193" T = "0" Pressure = "0" />
		<Point X = "188" Y = "198" T = "0" Pressure = "0" />
		<Point X = "188" Y = "202" T = "0" Pressure = "0" />
		<Point X = "191" Y = "208" T = "0" Pressure = "0" />
		<Point X = "192" Y = "212" T = "0" Pressure = "0" />
		<Point X = "195" Y = "217" T = "0" Pressure = "0" />
		<Point X = "195" Y = "218" T = "0" Pressure = "0" />
		<Point X = "196" Y = "220" T = "0" Pressure = "0" />
		<Point X = "197" Y = "221" T = "0" Pressure = "0" />
		<Point X = "197" Y = "222" T = "0" Pressure = "0" />
		<Point X = "199" Y = "223" T = "0" Pressure = "0" />
		<Point X = "199" Y = "224" T = "0" Pressure = "0" />
		<Point X = "200" Y = "225" T = "0" Pressure = "0" />
		<Point X = "200" Y = "226" T = "0" Pressure = "0" />
		<Point X = "201" Y = "228" T = "0" Pressure = "0" />
		<Point X = "201" Y = "230" T = "0" Pressure = "0" />
		<Point X = "202" Y = "230" T = "0" Pressure = "0" />
		<Point X = "202" Y = "232" T = "0" Pressure = "0" />
		<Point X = "202" Y = "234" T = "0" Pressure = "0" />
		<Point X = "202" Y = "235" T = "0" Pressure = "0" />
		<Point X = "202" Y = "236" T = "0" Pressure = "0" />
		<Point X = "202" Y = "237" T = "0" Pressure = "0" />
		<Point X = "202" Y = "238" T = "0" Pressure = "0" />
		<Point X = "202" Y = "239" T = "0" Pressure = "0" />
		<Point X = "201" Y = "239" T = "0" Pressure = "0" />
		<Point X = "200" Y = "239" T = "0" Pressure = "0" />
		<Point X = "199" Y = "239" T = "0" Pressure = "0" />
		<Point X = "198" Y = "239" T = "0" Pressure = "0" />
		<Point X = "197" Y = "239" T = "0" Pressure = "0" />
		<Point X = "196" Y = "238" T = "0" Pressure = "0" />
		<Point X = "195" Y = "238" T = "0" Pressure = "0" />
		<Point X = "192" Y = "235" T = "0" Pressure = "0" />
		<Point X = "189" Y = "234" T = "0" Pressure = "0" />
		<Point X = "186" Y = "231" T = "0" Pressure = "0" />
		<Point X = "182" Y = "229" T = "0" Pressure = "0" />
		<Point X = "179" Y = "226" T = "0" Pressure = "0" />
		<Point X = "174" Y = "225" T = "0" Pressure = "0" />
		<Point X = "169" Y = "222" T = "0" Pressure = "0" />
		<Point X = "163" Y = "219" T = "0" Pressure = "0" />
		<Point X = "161" Y = "217" T = "0" Pressure = "0" />
		<Point X = "155" Y = "213" T = "0" Pressure = "0" />
		<Point X = "153" Y = "213" T = "0" Pressure = "0" />
		<Point X = "151" Y = "211" T = "0" Pressure = "0" />
		<Point X = "149" Y = "210" T = "0" Pressure = "0" />
		<Point X = "147" Y = "209" T = "0" Pressure = "0" />
		<Point X = "145" Y = "207" T = "0" Pressure = "0" />
		<Point X = "143" Y = "205" T = "0" Pressure = "0" />
		<Point X = "141" Y = "204" T = "0" Pressure = "0" />
		<Point X = "140" Y = "204" T = "0" Pressure = "0" />
		<Point X = "137" Y = "202" T = "0" Pressure = "0" />
		<Point X = "136" Y = "201" T = "0" Pressure = "0" />
		<Point X = "133" Y = "197" T = "0" Pressure = "0" />
		<Point X = "130" Y = "196" T = "0" Pressure = "0" />
		<Point X = "128" Y = "194" T = "0" Pressure = "0" />
		<Point X = "127" Y = "193" T = "0" Pressure = "0" />
		<Point X = "126" Y = "192" T = "0" Pressure = "0" />
		<Point X = "125" Y = "191" T = "0" Pressure = "0" />
		<Point X = "124" Y = "190" T = "0" Pressure = "0" />
		<Point X = "123" Y = "187" T = "0" Pressure = "0" />
		<Point X = "121" Y = "183" T = "0" Pressure = "0" />
		<Point X = "120" Y = "180" T = "0" Pressure = "0" />
		<Point X = "119" Y = "178" T = "0" Pressure = "0" />
		<Point X = "118" Y = "175" T = "0" Pressure = "0" />
		<Point X = "116" Y = "171" T = "0" Pressure = "0" />
		<Point X = "116" Y = "170" T = "0" Pressure = "0" />
		<Point X = "114" Y = "168" T = "0" Pressure = "0" />
		<Point X = "113" Y = "167" T = "0" Pressure = "0" />
		<Point X = "113" Y = "166" T = "0" Pressure = "0" />
		<Point X = "112" Y = "166" T = "0" Pressure = "0" />
		<Point X = "110" Y = "165" T = "0" Pressure = "0" />
		<Point X = "109" Y = "164" T = "0" Pressure = "0" />
		<Point X = "108" Y = "164" T = "0" Pressure = "0" />
		<Point X = "108" Y = "163" T = "0" Pressure = "0" />
		<Point X = "107" Y = "163" T = "0" Pressure = "0" />
		<Point X = "106" Y = "163" T = "0" Pressure = "0" />
		<Point X = "104" Y = "161" T = "0" Pressure = "0" />
		<Point X = "103" Y = "160" T = "0" Pressure = "0" />
		<Point X = "102" Y = "159" T = "0" Pressure = "0" />
		<Point X = "101" Y = "158" T = "0" Pressure = "0" />
		<Point X = "100" Y = "158" T = "0" Pressure = "0" />
		<Point X = "99" Y = "157" T = "0" Pressure = "0" />
		<Point X = "99" Y = "156" T = "0" Pressure = "0" />
	</Stroke>
</Gesture>
