<?xml version="1.0" encoding="utf-8" standalone="yes"?>
<Gesture Name = "star">
	<Stroke>
		<Point X = "145" Y = "83" T = "0" Pressure = "0" />
		<Point X = "145" Y = "84" T = "0" Pressure = "0" />
		<Point X = "147" Y = "84" T = "0" Pressure = "0" />
		<Point X = "150" Y = "84" T = "0" Pressure = "0" />
		<Point X = "155" Y = "85" T = "0" Pressure = "0" />
		<Point X = "160" Y = "85" T = "0" Pressure = "0" />
		<Point X = "168" Y = "85" T = "0" Pressure = "0" />
		<Point X = "178" Y = "85" T = "0" Pressure = "0" />
		<Point X = "185" Y = "85" T = "0" Pressure = "0" />
		<Point X = "189" Y = "85" T = "0" Pressure = "0" />
		<Point X = "193" Y = "85" T = "0" Pressure = "0" />
		<Point X = "196" Y = "85" T = "0" Pressure = "0" />
		<Point X = "197" Y = "85" T = "0" Pressure = "0" />
		<Point X = "200" Y = "85" T = "0" Pressure = "0" />
		<Point X = "203" Y = "85" T = "0" Pressure = "0" />
		<Point X = "205" Y = "85" T = "0" Pressure = "0" />
		<Point X = "209" Y = "85" T = "0" Pressure = "0" />
		<Point X = "216" Y = "85" T = "0" Pressure = "0" />
		<Point X = "223" Y = "85" T = "0" Pressure = "0" />
		<Point X = "229" Y = "85" T = "0" Pressure = "0" />
		<Point X = "234" Y = "85" T = "0" Pressure = "0" />
		<Point X = "237" Y = "85" T = "0" Pressure = "0" />
		<Point X = "241" Y = "85" T = "0" Pressure = "0" />
		<Point X = "245" Y = "84" T = "0" Pressure = "0" />
		<Point X = "247" Y = "84" T = "0" Pressure = "0" />
		<Point X = "248" Y = "84" T = "0" Pressure = "0" />
		<Point X = "251" Y = "83" T = "0" Pressure = "0" />
		<Point X = "252" Y = "83" T = "0" Pressure = "0" />
		<Point X = "255" Y = "83" T = "0" Pressure = "0" />
		<Point X = "257" Y = "83" T = "0" Pressure = "0" />
		<Point X = "259" Y = "82" T = "0" Pressure = "0" />
		<Point X = "261" Y = "82" T = "0" Pressure = "0" />
		<Point X = "262" Y = "82" T = "0" Pressure = "0" />
		<Point X = "264" Y = "82" T = "0" Pressure = "0" />
		<Point X = "265" Y = "82" T = "0" Pressure = "0" />
		<Point X = "267" Y = "82" T = "0" Pressure = "0" />
		<Point X = "269" Y = "82" T = "0" Pressure = "0" />
		<Point X = "271" Y = "82" T = "0" Pressure = "0" />
		<Point X = "272" Y = "82" T = "0" Pressure = "0" />
		<Point X = "274" Y = "82" T = "0" Pressure = "0" />
		<Point X = "275" Y = "82" T = "0" Pressure = "0" />
		<Point X = "276" Y = "82" T = "0" Pressure = "0" />
		<Point X = "277" Y = "82" T = "0" Pressure = "0" />
		<Point X = "278" Y = "82" T = "0" Pressure = "0" />
		<Point X = "280" Y = "82" T = "0" Pressure = "0" />
		<Point X = "280" Y = "83" T = "0" Pressure = "0" />
		<Point X = "279" Y = "85" T = "0" Pressure = "0" />
		<Point X = "277" Y = "88" T = "0" Pressure = "0" />
		<Point X = "273" Y = "92" T = "0" Pressure = "0" />
		<Point X = "272" Y = "93" T = "0" Pressure = "0" />
		<Point X = "268" Y = "97" T = "0" Pressure = "0" />
		<Point X = "262" Y = "101" T = "0" Pressure = "0" />
		<Point X = "257" Y = "104" T = "0" Pressure = "0" />
		<Point X = "253" Y = "107" T = "0" Pressure = "0" />
		<Point X = "249" Y = "111" T = "0" Pressure = "0" />
		<Point X = "244" Y = "114" T = "0" Pressure = "0" />
		<Point X = "241" Y = "116" T = "0" Pressure = "0" />
		<Point X = "239" Y = "118" T = "0" Pressure = "0" />
		<Point X = "237" Y = "120" T = "0" Pressure = "0" />
		<Point X = "234" Y = "121" T = "0" Pressure = "0" />
		<Point X = "233" Y = "123" T = "0" Pressure = "0" />
		<Point X = "232" Y = "123" T = "0" Pressure = "0" />
		<Point X = "228" Y = "125" T = "0" Pressure = "0" />
		<Point X = "226" Y = "127" T = "0" Pressure = "0" />
		<Point X = "223" Y = "128" T = "0" Pressure = "0" />
		<Point X = "222" Y = "130" T = "0" Pressure = "0" />
		<Point X = "220" Y = "131" T = "0" Pressure = "0" />
		<Point X = "216" Y = "133" T = "0" Pressure = "0" />
		<Point X = "213" Y = "135" T = "0" Pressure = "0" />
		<Point X = "211" Y = "137" T = "0" Pressure = "0" />
		<Point X = "208" Y = "139" T = "0" Pressure = "0" />
		<Point X = "204" Y = "142" T = "0" Pressure = "0" />
		<Point X = "201" Y = "144" T = "0" Pressure = "0" />
		<Point X = "198" Y = "146" T = "0" Pressure = "0" />
		<Point X = "196" Y = "148" T = "0" Pressure = "0" />
		<Point X = "193" Y = "149" T = "0" Pressure = "0" />
		<Point X = "192" Y = "150" T = "0" Pressure = "0" />
		<Point X = "191" Y = "151" T = "0" Pressure = "0" />
		<Point X = "190" Y = "151" T = "0" Pressure = "0" />
		<Point X = "188" Y = "153" T = "0" Pressure = "0" />
		<Point X = "187" Y = "153" T = "0" Pressure = "0" />
		<Point X = "186" Y = "153" T = "0" Pressure = "0" />
		<Point X = "183" Y = "154" T = "0" Pressure = "0" />
		<Point X = "182" Y = "155" T = "0" Pressure = "0" />
		<Point X = "178" Y = "157" T = "0" Pressure = "0" />
		<Point X = "176" Y = "158" T = "0" Pressure = "0" />
		<Point X = "174" Y = "160" T = "0" Pressure = "0" />
		<Point X = "172" Y = "161" T = "0" Pressure = "0" />
		<Point X = "171" Y = "162" T = "0" Pressure = "0" />
		<Point X = "170" Y = "162" T = "0" Pressure = "0" />
		<Point X = "167" Y = "165" T = "0" Pressure = "0" />
		<Point X = "165" Y = "166" T = "0" Pressure = "0" />
		<Point X = "163" Y = "167" T = "0" Pressure = "0" />
		<Point X = "162" Y = "168" T = "0" Pressure = "0" />
		<Point X = "161" Y = "169" T = "0" Pressure = "0" />
		<Point X = "160" Y = "169" T = "0" Pressure = "0" />
		<Point X = "159" Y = "170" T = "0" Pressure = "0" />
		<Point X = "158" Y = "171" T = "0" Pressure = "0" />
		<Point X = "157" Y = "172" T = "0" Pressure = "0" />
		<Point X = "156" Y = "172" T = "0" Pressure = "0" />
		<Point X = "154" Y = "172" T = "0" Pressure = "0" />
		<Point X = "154" Y = "173" T = "0" Pressure = "0" />
		<Point X = "153" Y = "173" T = "0" Pressure = "0" />
		<Point X = "153" Y = "174" T = "0" Pressure = "0" />
		<Point X = "153" Y = "173" T = "0" Pressure = "0" />
		<Point X = "153" Y = "171" T = "0" Pressure = "0" />
		<Point X = "153" Y = "168" T = "0" Pressure = "0" />
		<Point X = "154" Y = "166" T = "0" Pressure = "0" />
		<Point X = "156" Y = "163" T = "0" Pressure = "0" />
		<Point X = "158" Y = "160" T = "0" Pressure = "0" />
		<Point X = "160" Y = "157" T = "0" Pressure = "0" />
		<Point X = "163" Y = "153" T = "0" Pressure = "0" />
		<Point X = "165" Y = "150" T = "0" Pressure = "0" />
		<Point X = "167" Y = "145" T = "0" Pressure = "0" />
		<Point X = "170" Y = "139" T = "0" Pressure = "0" />
		<Point X = "173" Y = "134" T = "0" Pressure = "0" />
		<Point X = "175" Y = "127" T = "0" Pressure = "0" />
		<Point X = "178" Y = "122" T = "0" Pressure = "0" />
		<Point X = "180" Y = "115" T = "0" Pressure = "0" />
		<Point X = "184" Y = "109" T = "0" Pressure = "0" />
		<Point X = "185" Y = "103" T = "0" Pressure = "0" />
		<Point X = "187" Y = "100" T = "0" Pressure = "0" />
		<Point X = "188" Y = "97" T = "0" Pressure = "0" />
		<Point X = "189" Y = "95" T = "0" Pressure = "0" />
		<Point X = "191" Y = "93" T = "0" Pressure = "0" />
		<Point X = "192" Y = "91" T = "0" Pressure = "0" />
		<Point X = "193" Y = "90" T = "0" Pressure = "0" />
		<Point X = "194" Y = "88" T = "0" Pressure = "0" />
		<Point X = "195" Y = "86" T = "0" Pressure = "0" />
		<Point X = "196" Y = "83" T = "0" Pressure = "0" />
		<Point X = "196" Y = "81" T = "0" Pressure = "0" />
		<Point X = "196" Y = "79" T = "0" Pressure = "0" />
		<Point X = "197" Y = "75" T = "0" Pressure = "0" />
		<Point X = "197" Y = "72" T = "0" Pressure = "0" />
		<Point X = "198" Y = "69" T = "0" Pressure = "0" />
		<Point X = "198" Y = "67" T = "0" Pressure = "0" />
		<Point X = "200" Y = "63" T = "0" Pressure = "0" />
		<Point X = "200" Y = "59" T = "0" Pressure = "0" />
		<Point X = "203" Y = "54" T = "0" Pressure = "0" />
		<Point X = "204" Y = "54" T = "0" Pressure = "0" />
		<Point X = "205" Y = "50" T = "0" Pressure = "0" />
		<Point X = "207" Y = "45" T = "0" Pressure = "0" />
		<Point X = "208" Y = "43" T = "0" Pressure = "0" />
		<Point X = "208" Y = "40" T = "0" Pressure = "0" />
		<Point X = "209" Y = "39" T = "0" Pressure = "0" />
		<Point X = "209" Y = "38" T = "0" Pressure = "0" />
		<Point X = "209" Y = "37" T = "0" Pressure = "0" />
		<Point X = "209" Y = "36" T = "0" Pressure = "0" />
		<Point X = "210" Y = "36" T = "0" Pressure = "0" />
		<Point X = "210" Y = "35" T = "0" Pressure = "0" />
		<Point X = "211" Y = "35" T = "0" Pressure = "0" />
		<Point X = "211" Y = "34" T = "0" Pressure = "0" />
		<Point X = "212" Y = "33" T = "0" Pressure = "0" />
		<Point X = "214" Y = "32" T = "0" Pressure = "0" />
		<Point X = "214" Y = "31" T = "0" Pressure = "0" />
		<Point X = "214" Y = "30" T = "0" Pressure = "0" />
		<Point X = "215" Y = "28" T = "0" Pressure = "0" />
		<Point X = "215" Y = "27" T = "0" Pressure = "0" />
		<Point X = "215" Y = "26" T = "0" Pressure = "0" />
		<Point X = "215" Y = "25" T = "0" Pressure = "0" />
		<Point X = "215" Y = "24" T = "0" Pressure = "0" />
		<Point X = "217" Y = "23" T = "0" Pressure = "0" />
		<Point X = "217" Y = "22" T = "0" Pressure = "0" />
		<Point X = "219" Y = "22" T = "0" Pressure = "0" />
		<Point X = "219" Y = "23" T = "0" Pressure = "0" />
		<Point X = "219" Y = "24" T = "0" Pressure = "0" />
		<Point X = "219" Y = "25" T = "0" Pressure = "0" />
		<Point X = "220" Y = "26" T = "0" Pressure = "0" />
		<Point X = "221" Y = "27" T = "0" Pressure = "0" />
		<Point X = "221" Y = "29" T = "0" Pressure = "0" />
		<Point X = "221" Y = "30" T = "0" Pressure = "0" />
		<Point X = "222" Y = "32" T = "0" Pressure = "0" />
		<Point X = "224" Y = "36" T = "0" Pressure = "0" />
		<Point X = "224" Y = "38" T = "0" Pressure = "0" />
		<Point X = "225" Y = "42" T = "0" Pressure = "0" />
		<Point X = "226" Y = "46" T = "0" Pressure = "0" />
		<Point X = "228" Y = "51" T = "0" Pressure = "0" />
		<Point X = "230" Y = "57" T = "0" Pressure = "0" />
		<Point X = "230" Y = "60" T = "0" Pressure = "0" />
		<Point X = "233" Y = "65" T = "0" Pressure = "0" />
		<Point X = "233" Y = "68" T = "0" Pressure = "0" />
		<Point X = "234" Y = "72" T = "0" Pressure = "0" />
		<Point X = "234" Y = "73" T = "0" Pressure = "0" />
		<Point X = "235" Y = "75" T = "0" Pressure = "0" />
		<Point X = "235" Y = "76" T = "0" Pressure = "0" />
		<Point X = "237" Y = "79" T = "0" Pressure = "0" />
		<Point X = "238" Y = "81" T = "0" Pressure = "0" />
		<Point X = "239" Y = "83" T = "0" Pressure = "0" />
		<Point X = "241" Y = "86" T = "0" Pressure = "0" />
		<Point X = "242" Y = "89" T = "0" Pressure = "0" />
		<Point X = "243" Y = "92" T = "0" Pressure = "0" />
		<Point X = "245" Y = "97" T = "0" Pressure = "0" />
		<Point X = "246" Y = "100" T = "0" Pressure = "0" />
		<Point X = "246" Y = "102" T = "0" Pressure = "0" />
		<Point X = "246" Y = "105" T = "0" Pressure = "0" />
		<Point X = "246" Y = "108" T = "0" Pressure = "0" />
		<Point X = "246" Y = "110" T = "0" Pressure = "0" />
		<Point X = "246" Y = "112" T = "0" Pressure = "0" />
		<Point X = "246" Y = "114" T = "0" Pressure = "0" />
		<Point X = "246" Y = "116" T = "0" Pressure = "0" />
		<Point X = "246" Y = "118" T = "0" Pressure = "0" />
		<Point X = "246" Y = "120" T = "0" Pressure = "0" />
		<Point X = "246" Y = "121" T = "0" Pressure = "0" />
		<Point X = "246" Y = "123" T = "0" Pressure = "0" />
		<Point X = "247" Y = "125" T = "0" Pressure = "0" />
		<Point X = "249" Y = "128" T = "0" Pressure = "0" />
		<Point X = "250" Y = "130" T = "0" Pressure = "0" />
		<Point X = "251" Y = "133" T = "0" Pressure = "0" />
		<Point X = "252" Y = "133" T = "0" Pressure = "0" />
		<Point X = "252" Y = "135" T = "0" Pressure = "0" />
		<Point X = "252" Y = "136" T = "0" Pressure = "0" />
		<Point X = "253" Y = "138" T = "0" Pressure = "0" />
		<Point X = "254" Y = "140" T = "0" Pressure = "0" />
		<Point X = "254" Y = "143" T = "0" Pressure = "0" />
		<Point X = "256" Y = "144" T = "0" Pressure = "0" />
		<Point X = "257" Y = "146" T = "0" Pressure = "0" />
		<Point X = "257" Y = "148" T = "0" Pressure = "0" />
		<Point X = "257" Y = "151" T = "0" Pressure = "0" />
		<Point X = "258" Y = "153" T = "0" Pressure = "0" />
		<Point X = "260" Y = "155" T = "0" Pressure = "0" />
		<Point X = "260" Y = "156" T = "0" Pressure = "0" />
		<Point X = "261" Y = "157" T = "0" Pressure = "0" />
		<Point X = "261" Y = "158" T = "0" Pressure = "0" />
		<Point X = "262" Y = "160" T = "0" Pressure = "0" />
		<Point X = "263" Y = "161" T = "0" Pressure = "0" />
		<Point X = "264" Y = "162" T = "0" Pressure = "0" />
		<Point X = "265" Y = "163" T = "0" Pressure = "0" />
		<Point X = "266" Y = "167" T = "0" Pressure = "0" />
		<Point X = "267" Y = "168" T = "0" Pressure = "0" />
		<Point X = "267" Y = "170" T = "0" Pressure = "0" />
		<Point X = "268" Y = "172" T = "0" Pressure = "0" />
		<Point X = "268" Y = "173" T = "0" Pressure = "0" />
		<Point X = "268" Y = "174" T = "0" Pressure = "0" />
		<Point X = "268" Y = "175" T = "0" Pressure = "0" />
		<Point X = "268" Y = "176" T = "0" Pressure = "0" />
		<Point X = "267" Y = "176" T = "0" Pressure = "0" />
		<Point X = "266" Y = "177" T = "0" Pressure = "0" />
		<Point X = "265" Y = "177" T = "0" Pressure = "0" />
		<Point X = "264" Y = "177" T = "0" Pressure = "0" />
		<Point X = "263" Y = "177" T = "0" Pressure = "0" />
		<Point X = "262" Y = "177" T = "0" Pressure = "0" />
		<Point X = "261" Y = "177" T = "0" Pressure = "0" />
		<Point X = "260" Y = "177" T = "0" Pressure = "0" />
		<Point X = "256" Y = "176" T = "0" Pressure = "0" />
		<Point X = "253" Y = "173" T = "0" Pressure = "0" />
		<Point X = "249" Y = "171" T = "0" Pressure = "0" />
		<Point X = "247" Y = "169" T = "0" Pressure = "0" />
		<Point X = "244" Y = "167" T = "0" Pressure = "0" />
		<Point X = "241" Y = "165" T = "0" Pressure = "0" />
		<Point X = "240" Y = "164" T = "0" Pressure = "0" />
		<Point X = "238" Y = "164" T = "0" Pressure = "0" />
		<Point X = "236" Y = "162" T = "0" Pressure = "0" />
		<Point X = "235" Y = "161" T = "0" Pressure = "0" />
		<Point X = "233" Y = "161" T = "0" Pressure = "0" />
		<Point X = "233" Y = "160" T = "0" Pressure = "0" />
		<Point X = "230" Y = "159" T = "0" Pressure = "0" />
		<Point X = "228" Y = "157" T = "0" Pressure = "0" />
		<Point X = "224" Y = "154" T = "0" Pressure = "0" />
		<Point X = "219" Y = "151" T = "0" Pressure = "0" />
		<Point X = "213" Y = "147" T = "0" Pressure = "0" />
		<Point X = "207" Y = "141" T = "0" Pressure = "0" />
		<Point X = "205" Y = "139" T = "0" Pressure = "0" />
		<Point X = "201" Y = "135" T = "0" Pressure = "0" />
		<Point X = "197" Y = "133" T = "0" Pressure = "0" />
		<Point X = "194" Y = "130" T = "0" Pressure = "0" />
		<Point X = "192" Y = "129" T = "0" Pressure = "0" />
		<Point X = "190" Y = "129" T = "0" Pressure = "0" />
		<Point X = "189" Y = "127" T = "0" Pressure = "0" />
		<Point X = "186" Y = "126" T = "0" Pressure = "0" />
		<Point X = "183" Y = "126" T = "0" Pressure = "0" />
		<Point X = "181" Y = "123" T = "0" Pressure = "0" />
		<Point X = "177" Y = "122" T = "0" Pressure = "0" />
		<Point X = "171" Y = "118" T = "0" Pressure = "0" />
		<Point X = "169" Y = "116" T = "0" Pressure = "0" />
		<Point X = "165" Y = "114" T = "0" Pressure = "0" />
		<Point X = "164" Y = "112" T = "0" Pressure = "0" />
		<Point X = "163" Y = "111" T = "0" Pressure = "0" />
		<Point X = "162" Y = "110" T = "0" Pressure = "0" />
		<Point X = "161" Y = "109" T = "0" Pressure = "0" />
		<Point X = "160" Y = "108" T = "0" Pressure = "0" />
		<Point X = "159" Y = "107" T = "0" Pressure = "0" />
		<Point X = "158" Y = "105" T = "0" Pressure = "0" />
		<Point X = "157" Y = "103" T = "0" Pressure = "0" />
		<Point X = "154" Y = "100" T = "0" Pressure = "0" />
		<Point X = "153" Y = "98" T = "0" Pressure = "0" />
		<Point X = "152" Y = "96" T = "0" Pressure = "0" />
		<Point X = "151" Y = "96" T = "0" Pressure = "0" />
		<Point X = "151" Y = "95" T = "0" Pressure = "0" />
		<Point X = "151" Y = "94" T = "0" Pressure = "0" />
		<Point X = "151" Y = "93" T = "0" Pressure = "0" />
		<Point X = "151" Y = "92" T = "0" Pressure = "0" />
		<Point X = "150" Y = "90" T = "0" Pressure = "0" />
		<Point X = "149" Y = "89" T = "0" Pressure = "0" />
		<Point X = "148" Y = "87" T = "0" Pressure = "0" />
		<Point X = "147" Y = "86" T = "0" Pressure = "0" />
		<Point X = "147" Y = "85" T = "0" Pressure = "0" />
		<Point X = "146" Y = "85" T = "0" Pressure = "0" />
		<Point X = "146" Y = "84" T = "0" Pressure = "0" />
		<Point X = "146" Y = "83" T = "0" Pressure = "0" />
		<Point X = "145" Y = "83" T = "0" Pressure = "0" />
		<Point X = "145" Y = "82" T = "0" Pressure = "0" />
		<Point X = "144" Y = "82" T = "0" Pressure = "0" />
		<Point X = "144" Y = "81" T = "0" Pressure = "0" />
		<Point X = "143" Y = "81" T = "0" Pressure = "0" />
	</Stroke>
</Gesture>
