<?xml version="1.0" encoding="utf-8" standalone="yes"?>
<Gesture Name = "star">
	<Stroke>
		<Point X = "189" Y = "96" T = "0" Pressure = "0" />
		<Point X = "190" Y = "96" T = "0" Pressure = "0" />
		<Point X = "191" Y = "96" T = "0" Pressure = "0" />
		<Point X = "193" Y = "96" T = "0" Pressure = "0" />
		<Point X = "196" Y = "96" T = "0" Pressure = "0" />
		<Point X = "200" Y = "96" T = "0" Pressure = "0" />
		<Point X = "204" Y = "96" T = "0" Pressure = "0" />
		<Point X = "211" Y = "96" T = "0" Pressure = "0" />
		<Point X = "216" Y = "96" T = "0" Pressure = "0" />
		<Point X = "227" Y = "96" T = "0" Pressure = "0" />
		<Point X = "242" Y = "96" T = "0" Pressure = "0" />
		<Point X = "254" Y = "96" T = "0" Pressure = "0" />
		<Point X = "266" Y = "96" T = "0" Pressure = "0" />
		<Point X = "279" Y = "98" T = "0" Pressure = "0" />
		<Point X = "287" Y = "98" T = "0" Pressure = "0" />
		<Point X = "293" Y = "98" T = "0" Pressure = "0" />
		<Point X = "297" Y = "98" T = "0" Pressure = "0" />
		<Point X = "300" Y = "98" T = "0" Pressure = "0" />
		<Point X = "302" Y = "98" T = "0" Pressure = "0" />
		<Point X = "303" Y = "98" T = "0" Pressure = "0" />
		<Point X = "304" Y = "98" T = "0" Pressure = "0" />
		<Point X = "306" Y = "98" T = "0" Pressure = "0" />
		<Point X = "307" Y = "98" T = "0" Pressure = "0" />
		<Point X = "308" Y = "98" T = "0" Pressure = "0" />
		<Point X = "309" Y = "98" T = "0" Pressure = "0" />
		<Point X = "310" Y = "98" T = "0" Pressure = "0" />
		<Point X = "312" Y = "98" T = "0" Pressure = "0" />
		<Point X = "313" Y = "98" T = "0" Pressure = "0" />
		<Point X = "314" Y = "98" T = "0" Pressure = "0" />
		<Point X = "315" Y = "98" T = "0" Pressure = "0" />
		<Point X = "316" Y = "99" T = "0" Pressure = "0" />
		<Point X = "316" Y = "100" T = "0" Pressure = "0" />
		<Point X = "311" Y = "103" T = "0" Pressure = "0" />
		<Point X = "307" Y = "104" T = "0" Pressure = "0" />
		<Point X = "300" Y = "108" T = "0" Pressure = "0" />
		<Point X = "292" Y = "110" T = "0" Pressure = "0" />
		<Point X = "285" Y = "114" T = "0" Pressure = "0" />
		<Point X = "276" Y = "118" T = "0" Pressure = "0" />
		<Point X = "269" Y = "123" T = "0" Pressure = "0" />
		<Point X = "265" Y = "124" T = "0" Pressure = "0" />
		<Point X = "259" Y = "127" T = "0" Pressure = "0" />
		<Point X = "256" Y = "129" T = "0" Pressure = "0" />
		<Point X = "252" Y = "130" T = "0" Pressure = "0" />
		<Point X = "249" Y = "132" T = "0" Pressure = "0" />
		<Point X = "247" Y = "133" T = "0" Pressure = "0" />
		<Point X = "244" Y = "135" T = "0" Pressure = "0" />
		<Point X = "242" Y = "136" T = "0" Pressure = "0" />
		<Point X = "239" Y = "137" T = "0" Pressure = "0" />
		<Point X = "237" Y = "138" T = "0" Pressure = "0" />
		<Point X = "235" Y = "140" T = "0" Pressure = "0" />
		<Point X = "231" Y = "142" T = "0" Pressure = "0" />
		<Point X = "228" Y = "143" T = "0" Pressure = "0" />
		<Point X = "224" Y = "145" T = "0" Pressure = "0" />
		<Point X = "222" Y = "147" T = "0" Pressure = "0" />
		<Point X = "220" Y = "149" T = "0" Pressure = "0" />
		<Point X = "218" Y = "150" T = "0" Pressure = "0" />
		<Point X = "217" Y = "151" T = "0" Pressure = "0" />
		<Point X = "216" Y = "151" T = "0" Pressure = "0" />
		<Point X = "216" Y = "152" T = "0" Pressure = "0" />
		<Point X = "215" Y = "152" T = "0" Pressure = "0" />
		<Point X = "212" Y = "155" T = "0" Pressure = "0" />
		<Point X = "211" Y = "156" T = "0" Pressure = "0" />
		<Point X = "210" Y = "157" T = "0" Pressure = "0" />
		<Point X = "209" Y = "158" T = "0" Pressure = "0" />
		<Point X = "208" Y = "159" T = "0" Pressure = "0" />
		<Point X = "207" Y = "160" T = "0" Pressure = "0" />
		<Point X = "207" Y = "158" T = "0" Pressure = "0" />
		<Point X = "207" Y = "155" T = "0" Pressure = "0" />
		<Point X = "207" Y = "150" T = "0" Pressure = "0" />
		<Point X = "208" Y = "146" T = "0" Pressure = "0" />
		<Point X = "211" Y = "141" T = "0" Pressure = "0" />
		<Point X = "213" Y = "136" T = "0" Pressure = "0" />
		<Point X = "215" Y = "133" T = "0" Pressure = "0" />
		<Point X = "217" Y = "128" T = "0" Pressure = "0" />
		<Point X = "222" Y = "123" T = "0" Pressure = "0" />
		<Point X = "226" Y = "117" T = "0" Pressure = "0" />
		<Point X = "229" Y = "114" T = "0" Pressure = "0" />
		<Point X = "231" Y = "110" T = "0" Pressure = "0" />
		<Point X = "233" Y = "107" T = "0" Pressure = "0" />
		<Point X = "235" Y = "103" T = "0" Pressure = "0" />
		<Point X = "236" Y = "100" T = "0" Pressure = "0" />
		<Point X = "239" Y = "96" T = "0" Pressure = "0" />
		<Point X = "239" Y = "95" T = "0" Pressure = "0" />
		<Point X = "240" Y = "95" T = "0" Pressure = "0" />
		<Point X = "241" Y = "92" T = "0" Pressure = "0" />
		<Point X = "242" Y = "91" T = "0" Pressure = "0" />
		<Point X = "244" Y = "87" T = "0" Pressure = "0" />
		<Point X = "246" Y = "86" T = "0" Pressure = "0" />
		<Point X = "246" Y = "84" T = "0" Pressure = "0" />
		<Point X = "247" Y = "82" T = "0" Pressure = "0" />
		<Point X = "249" Y = "79" T = "0" Pressure = "0" />
		<Point X = "249" Y = "77" T = "0" Pressure = "0" />
		<Point X = "250" Y = "76" T = "0" Pressure = "0" />
		<Point X = "251" Y = "75" T = "0" Pressure = "0" />
		<Point X = "251" Y = "74" T = "0" Pressure = "0" />
		<Point X = "251" Y = "73" T = "0" Pressure = "0" />
		<Point X = "252" Y = "72" T = "0" Pressure = "0" />
		<Point X = "253" Y = "70" T = "0" Pressure = "0" />
		<Point X = "253" Y = "69" T = "0" Pressure = "0" />
		<Point X = "254" Y = "68" T = "0" Pressure = "0" />
		<Point X = "254" Y = "67" T = "0" Pressure = "0" />
		<Point X = "255" Y = "66" T = "0" Pressure = "0" />
		<Point X = "255" Y = "65" T = "0" Pressure = "0" />
		<Point X = "256" Y = "64" T = "0" Pressure = "0" />
		<Point X = "256" Y = "62" T = "0" Pressure = "0" />
		<Point X = "257" Y = "60" T = "0" Pressure = "0" />
		<Point X = "257" Y = "59" T = "0" Pressure = "0" />
		<Point X = "258" Y = "59" T = "0" Pressure = "0" />
		<Point X = "259" Y = "61" T = "0" Pressure = "0" />
		<Point X = "260" Y = "64" T = "0" Pressure = "0" />
		<Point X = "263" Y = "68" T = "0" Pressure = "0" />
		<Point X = "264" Y = "73" T = "0" Pressure = "0" />
		<Point X = "267" Y = "79" T = "0" Pressure = "0" />
		<Point X = "269" Y = "85" T = "0" Pressure = "0" />
		<Point X = "272" Y = "91" T = "0" Pressure = "0" />
		<Point X = "274" Y = "96" T = "0" Pressure = "0" />
		<Point X = "277" Y = "102" T = "0" Pressure = "0" />
		<Point X = "278" Y = "104" T = "0" Pressure = "0" />
		<Point X = "279" Y = "107" T = "0" Pressure = "0" />
		<Point X = "282" Y = "111" T = "0" Pressure = "0" />
		<Point X = "283" Y = "112" T = "0" Pressure = "0" />
		<Point X = "283" Y = "114" T = "0" Pressure = "0" />
		<Point X = "284" Y = "117" T = "0" Pressure = "0" />
		<Point X = "285" Y = "121" T = "0" Pressure = "0" />
		<Point X = "285" Y = "123" T = "0" Pressure = "0" />
		<Point X = "286" Y = "126" T = "0" Pressure = "0" />
		<Point X = "287" Y = "128" T = "0" Pressure = "0" />
		<Point X = "288" Y = "131" T = "0" Pressure = "0" />
		<Point X = "288" Y = "132" T = "0" Pressure = "0" />
		<Point X = "289" Y = "134" T = "0" Pressure = "0" />
		<Point X = "290" Y = "138" T = "0" Pressure = "0" />
		<Point X = "290" Y = "139" T = "0" Pressure = "0" />
		<Point X = "292" Y = "140" T = "0" Pressure = "0" />
		<Point X = "292" Y = "143" T = "0" Pressure = "0" />
		<Point X = "293" Y = "143" T = "0" Pressure = "0" />
		<Point X = "294" Y = "146" T = "0" Pressure = "0" />
		<Point X = "294" Y = "148" T = "0" Pressure = "0" />
		<Point X = "294" Y = "149" T = "0" Pressure = "0" />
		<Point X = "295" Y = "151" T = "0" Pressure = "0" />
		<Point X = "296" Y = "153" T = "0" Pressure = "0" />
		<Point X = "295" Y = "153" T = "0" Pressure = "0" />
		<Point X = "294" Y = "153" T = "0" Pressure = "0" />
		<Point X = "293" Y = "153" T = "0" Pressure = "0" />
		<Point X = "290" Y = "153" T = "0" Pressure = "0" />
		<Point X = "285" Y = "150" T = "0" Pressure = "0" />
		<Point X = "283" Y = "148" T = "0" Pressure = "0" />
		<Point X = "278" Y = "146" T = "0" Pressure = "0" />
		<Point X = "274" Y = "143" T = "0" Pressure = "0" />
		<Point X = "269" Y = "141" T = "0" Pressure = "0" />
		<Point X = "264" Y = "137" T = "0" Pressure = "0" />
		<Point X = "259" Y = "134" T = "0" Pressure = "0" />
		<Point X = "256" Y = "132" T = "0" Pressure = "0" />
		<Point X = "251" Y = "130" T = "0" Pressure = "0" />
		<Point X = "248" Y = "128" T = "0" Pressure = "0" />
		<Point X = "243" Y = "125" T = "0" Pressure = "0" />
		<Point X = "241" Y = "123" T = "0" Pressure = "0" />
		<Point X = "237" Y = "122" T = "0" Pressure = "0" />
		<Point X = "237" Y = "121" T = "0" Pressure = "0" />
		<Point X = "236" Y = "121" T = "0" Pressure = "0" />
		<Point X = "236" Y = "120" T = "0" Pressure = "0" />
		<Point X = "235" Y = "119" T = "0" Pressure = "0" />
		<Point X = "234" Y = "118" T = "0" Pressure = "0" />
		<Point X = "232" Y = "117" T = "0" Pressure = "0" />
		<Point X = "230" Y = "117" T = "0" Pressure = "0" />
		<Point X = "230" Y = "116" T = "0" Pressure = "0" />
		<Point X = "227" Y = "116" T = "0" Pressure = "0" />
		<Point X = "224" Y = "114" T = "0" Pressure = "0" />
		<Point X = "221" Y = "113" T = "0" Pressure = "0" />
		<Point X = "218" Y = "112" T = "0" Pressure = "0" />
		<Point X = "217" Y = "111" T = "0" Pressure = "0" />
		<Point X = "215" Y = "111" T = "0" Pressure = "0" />
		<Point X = "213" Y = "111" T = "0" Pressure = "0" />
		<Point X = "212" Y = "110" T = "0" Pressure = "0" />
		<Point X = "210" Y = "109" T = "0" Pressure = "0" />
		<Point X = "210" Y = "108" T = "0" Pressure = "0" />
		<Point X = "209" Y = "107" T = "0" Pressure = "0" />
		<Point X = "209" Y = "106" T = "0" Pressure = "0" />
		<Point X = "208" Y = "106" T = "0" Pressure = "0" />
		<Point X = "207" Y = "104" T = "0" Pressure = "0" />
		<Point X = "206" Y = "103" T = "0" Pressure = "0" />
		<Point X = "205" Y = "103" T = "0" Pressure = "0" />
		<Point X = "204" Y = "102" T = "0" Pressure = "0" />
		<Point X = "204" Y = "101" T = "0" Pressure = "0" />
		<Point X = "203" Y = "101" T = "0" Pressure = "0" />
		<Point X = "202" Y = "100" T = "0" Pressure = "0" />
		<Point X = "201" Y = "100" T = "0" Pressure = "0" />
		<Point X = "199" Y = "98" T = "0" Pressure = "0" />
		<Point X = "197" Y = "97" T = "0" Pressure = "0" />
		<Point X = "196" Y = "97" T = "0" Pressure = "0" />
		<Point X = "195" Y = "96" T = "0" Pressure = "0" />
		<Point X = "194" Y = "96" T = "0" Pressure = "0" />
	</Stroke>
</Gesture>
