<?xml version="1.0" encoding="utf-8" standalone="yes"?>
<Gesture Name = "star">
	<Stroke>
		<Point X = "85" Y = "153" T = "0" Pressure = "0" />
		<Point X = "86" Y = "153" T = "0" Pressure = "0" />
		<Point X = "89" Y = "153" T = "0" Pressure = "0" />
		<Point X = "90" Y = "153" T = "0" Pressure = "0" />
		<Point X = "94" Y = "153" T = "0" Pressure = "0" />
		<Point X = "101" Y = "153" T = "0" Pressure = "0" />
		<Point X = "108" Y = "153" T = "0" Pressure = "0" />
		<Point X = "118" Y = "153" T = "0" Pressure = "0" />
		<Point X = "131" Y = "151" T = "0" Pressure = "0" />
		<Point X = "143" Y = "148" T = "0" Pressure = "0" />
		<Point X = "147" Y = "147" T = "0" Pressure = "0" />
		<Point X = "151" Y = "147" T = "0" Pressure = "0" />
		<Point X = "155" Y = "146" T = "0" Pressure = "0" />
		<Point X = "158" Y = "144" T = "0" Pressure = "0" />
		<Point X = "159" Y = "144" T = "0" Pressure = "0" />
		<Point X = "161" Y = "144" T = "0" Pressure = "0" />
		<Point X = "165" Y = "143" T = "0" Pressure = "0" />
		<Point X = "167" Y = "143" T = "0" Pressure = "0" />
		<Point X = "171" Y = "143" T = "0" Pressure = "0" />
		<Point X = "178" Y = "143" T = "0" Pressure = "0" />
		<Point X = "185" Y = "143" T = "0" Pressure = "0" />
		<Point X = "190" Y = "143" T = "0" Pressure = "0" />
		<Point X = "194" Y = "143" T = "0" Pressure = "0" />
		<Point X = "198" Y = "143" T = "0" Pressure = "0" />
		<Point X = "201" Y = "143" T = "0" Pressure = "0" />
		<Point X = "204" Y = "143" T = "0" Pressure = "0" />
		<Point X = "206" Y = "143" T = "0" Pressure = "0" />
		<Point X = "208" Y = "143" T = "0" Pressure = "0" />
		<Point X = "212" Y = "143" T = "0" Pressure = "0" />
		<Point X = "215" Y = "143" T = "0" Pressure = "0" />
		<Point X = "220" Y = "142" T = "0" Pressure = "0" />
		<Point X = "225" Y = "141" T = "0" Pressure = "0" />
		<Point X = "230" Y = "140" T = "0" Pressure = "0" />
		<Point X = "234" Y = "140" T = "0" Pressure = "0" />
		<Point X = "236" Y = "139" T = "0" Pressure = "0" />
		<Point X = "237" Y = "139" T = "0" Pressure = "0" />
		<Point X = "238" Y = "139" T = "0" Pressure = "0" />
		<Point X = "240" Y = "138" T = "0" Pressure = "0" />
		<Point X = "241" Y = "138" T = "0" Pressure = "0" />
		<Point X = "242" Y = "138" T = "0" Pressure = "0" />
		<Point X = "244" Y = "138" T = "0" Pressure = "0" />
		<Point X = "245" Y = "138" T = "0" Pressure = "0" />
		<Point X = "248" Y = "138" T = "0" Pressure = "0" />
		<Point X = "249" Y = "139" T = "0" Pressure = "0" />
		<Point X = "250" Y = "139" T = "0" Pressure = "0" />
		<Point X = "250" Y = "140" T = "0" Pressure = "0" />
		<Point X = "249" Y = "141" T = "0" Pressure = "0" />
		<Point X = "248" Y = "143" T = "0" Pressure = "0" />
		<Point X = "247" Y = "146" T = "0" Pressure = "0" />
		<Point X = "246" Y = "148" T = "0" Pressure = "0" />
		<Point X = "244" Y = "151" T = "0" Pressure = "0" />
		<Point X = "243" Y = "154" T = "0" Pressure = "0" />
		<Point X = "241" Y = "156" T = "0" Pressure = "0" />
		<Point X = "239" Y = "158" T = "0" Pressure = "0" />
		<Point X = "236" Y = "160" T = "0" Pressure = "0" />
		<Point X = "235" Y = "161" T = "0" Pressure = "0" />
		<Point X = "233" Y = "163" T = "0" Pressure = "0" />
		<Point X = "230" Y = "166" T = "0" Pressure = "0" />
		<Point X = "229" Y = "168" T = "0" Pressure = "0" />
		<Point X = "227" Y = "169" T = "0" Pressure = "0" />
		<Point X = "226" Y = "170" T = "0" Pressure = "0" />
		<Point X = "224" Y = "173" T = "0" Pressure = "0" />
		<Point X = "222" Y = "175" T = "0" Pressure = "0" />
		<Point X = "220" Y = "177" T = "0" Pressure = "0" />
		<Point X = "216" Y = "182" T = "0" Pressure = "0" />
		<Point X = "213" Y = "185" T = "0" Pressure = "0" />
		<Point X = "211" Y = "187" T = "0" Pressure = "0" />
		<Point X = "207" Y = "192" T = "0" Pressure = "0" />
		<Point X = "205" Y = "194" T = "0" Pressure = "0" />
		<Point X = "203" Y = "196" T = "0" Pressure = "0" />
		<Point X = "202" Y = "197" T = "0" Pressure = "0" />
		<Point X = "201" Y = "197" T = "0" Pressure = "0" />
		<Point X = "199" Y = "198" T = "0" Pressure = "0" />
		<Point X = "197" Y = "198" T = "0" Pressure = "0" />
		<Point X = "195" Y = "199" T = "0" Pressure = "0" />
		<Point X = "193" Y = "199" T = "0" Pressure = "0" />
		<Point X = "188" Y = "202" T = "0" Pressure = "0" />
		<Point X = "186" Y = "204" T = "0" Pressure = "0" />
		<Point X = "182" Y = "206" T = "0" Pressure = "0" />
		<Point X = "177" Y = "209" T = "0" Pressure = "0" />
		<Point X = "171" Y = "213" T = "0" Pressure = "0" />
		<Point X = "166" Y = "217" T = "0" Pressure = "0" />
		<Point X = "161" Y = "221" T = "0" Pressure = "0" />
		<Point X = "157" Y = "224" T = "0" Pressure = "0" />
		<Point X = "155" Y = "225" T = "0" Pressure = "0" />
		<Point X = "154" Y = "226" T = "0" Pressure = "0" />
		<Point X = "152" Y = "227" T = "0" Pressure = "0" />
		<Point X = "149" Y = "227" T = "0" Pressure = "0" />
		<Point X = "147" Y = "229" T = "0" Pressure = "0" />
		<Point X = "145" Y = "230" T = "0" Pressure = "0" />
		<Point X = "143" Y = "230" T = "0" Pressure = "0" />
		<Point X = "140" Y = "231" T = "0" Pressure = "0" />
		<Point X = "138" Y = "233" T = "0" Pressure = "0" />
		<Point X = "135" Y = "234" T = "0" Pressure = "0" />
		<Point X = "134" Y = "235" T = "0" Pressure = "0" />
		<Point X = "130" Y = "237" T = "0" Pressure = "0" />
		<Point X = "129" Y = "238" T = "0" Pressure = "0" />
		<Point X = "126" Y = "241" T = "0" Pressure = "0" />
		<Point X = "124" Y = "241" T = "0" Pressure = "0" />
		<Point X = "123" Y = "243" T = "0" Pressure = "0" />
		<Point X = "119" Y = "245" T = "0" Pressure = "0" />
		<Point X = "118" Y = "246" T = "0" Pressure = "0" />
		<Point X = "114" Y = "249" T = "0" Pressure = "0" />
		<Point X = "112" Y = "250" T = "0" Pressure = "0" />
		<Point X = "112" Y = "251" T = "0" Pressure = "0" />
		<Point X = "111" Y = "251" T = "0" Pressure = "0" />
		<Point X = "110" Y = "251" T = "0" Pressure = "0" />
		<Point X = "110" Y = "249" T = "0" Pressure = "0" />
		<Point X = "110" Y = "245" T = "0" Pressure = "0" />
		<Point X = "111" Y = "239" T = "0" Pressure = "0" />
		<Point X = "112" Y = "236" T = "0" Pressure = "0" />
		<Point X = "113" Y = "231" T = "0" Pressure = "0" />
		<Point X = "114" Y = "227" T = "0" Pressure = "0" />
		<Point X = "117" Y = "223" T = "0" Pressure = "0" />
		<Point X = "119" Y = "217" T = "0" Pressure = "0" />
		<Point X = "121" Y = "213" T = "0" Pressure = "0" />
		<Point X = "123" Y = "209" T = "0" Pressure = "0" />
		<Point X = "125" Y = "206" T = "0" Pressure = "0" />
		<Point X = "126" Y = "203" T = "0" Pressure = "0" />
		<Point X = "126" Y = "199" T = "0" Pressure = "0" />
		<Point X = "127" Y = "195" T = "0" Pressure = "0" />
		<Point X = "129" Y = "192" T = "0" Pressure = "0" />
		<Point X = "130" Y = "188" T = "0" Pressure = "0" />
		<Point X = "131" Y = "184" T = "0" Pressure = "0" />
		<Point X = "131" Y = "180" T = "0" Pressure = "0" />
		<Point X = "131" Y = "178" T = "0" Pressure = "0" />
		<Point X = "131" Y = "174" T = "0" Pressure = "0" />
		<Point X = "133" Y = "171" T = "0" Pressure = "0" />
		<Point X = "134" Y = "165" T = "0" Pressure = "0" />
		<Point X = "134" Y = "161" T = "0" Pressure = "0" />
		<Point X = "135" Y = "155" T = "0" Pressure = "0" />
		<Point X = "135" Y = "148" T = "0" Pressure = "0" />
		<Point X = "135" Y = "143" T = "0" Pressure = "0" />
		<Point X = "135" Y = "138" T = "0" Pressure = "0" />
		<Point X = "135" Y = "134" T = "0" Pressure = "0" />
		<Point X = "135" Y = "131" T = "0" Pressure = "0" />
		<Point X = "135" Y = "128" T = "0" Pressure = "0" />
		<Point X = "135" Y = "127" T = "0" Pressure = "0" />
		<Point X = "135" Y = "123" T = "0" Pressure = "0" />
		<Point X = "136" Y = "119" T = "0" Pressure = "0" />
		<Point X = "136" Y = "118" T = "0" Pressure = "0" />
		<Point X = "136" Y = "115" T = "0" Pressure = "0" />
		<Point X = "137" Y = "113" T = "0" Pressure = "0" />
		<Point X = "137" Y = "112" T = "0" Pressure = "0" />
		<Point X = "137" Y = "109" T = "0" Pressure = "0" />
		<Point X = "138" Y = "107" T = "0" Pressure = "0" />
		<Point X = "138" Y = "106" T = "0" Pressure = "0" />
		<Point X = "138" Y = "104" T = "0" Pressure = "0" />
		<Point X = "139" Y = "100" T = "0" Pressure = "0" />
		<Point X = "139" Y = "97" T = "0" Pressure = "0" />
		<Point X = "140" Y = "94" T = "0" Pressure = "0" />
		<Point X = "140" Y = "92" T = "0" Pressure = "0" />
		<Point X = "140" Y = "89" T = "0" Pressure = "0" />
		<Point X = "140" Y = "87" T = "0" Pressure = "0" />
		<Point X = "140" Y = "85" T = "0" Pressure = "0" />
		<Point X = "141" Y = "85" T = "0" Pressure = "0" />
		<Point X = "141" Y = "84" T = "0" Pressure = "0" />
		<Point X = "141" Y = "83" T = "0" Pressure = "0" />
		<Point X = "142" Y = "82" T = "0" Pressure = "0" />
		<Point X = "142" Y = "81" T = "0" Pressure = "0" />
		<Point X = "143" Y = "81" T = "0" Pressure = "0" />
		<Point X = "144" Y = "81" T = "0" Pressure = "0" />
		<Point X = "145" Y = "81" T = "0" Pressure = "0" />
		<Point X = "146" Y = "81" T = "0" Pressure = "0" />
		<Point X = "147" Y = "83" T = "0" Pressure = "0" />
		<Point X = "149" Y = "88" T = "0" Pressure = "0" />
		<Point X = "150" Y = "92" T = "0" Pressure = "0" />
		<Point X = "152" Y = "98" T = "0" Pressure = "0" />
		<Point X = "154" Y = "106" T = "0" Pressure = "0" />
		<Point X = "155" Y = "113" T = "0" Pressure = "0" />
		<Point X = "158" Y = "118" T = "0" Pressure = "0" />
		<Point X = "159" Y = "123" T = "0" Pressure = "0" />
		<Point X = "159" Y = "125" T = "0" Pressure = "0" />
		<Point X = "159" Y = "127" T = "0" Pressure = "0" />
		<Point X = "161" Y = "129" T = "0" Pressure = "0" />
		<Point X = "161" Y = "130" T = "0" Pressure = "0" />
		<Point X = "161" Y = "131" T = "0" Pressure = "0" />
		<Point X = "162" Y = "131" T = "0" Pressure = "0" />
		<Point X = "163" Y = "132" T = "0" Pressure = "0" />
		<Point X = "163" Y = "135" T = "0" Pressure = "0" />
		<Point X = "164" Y = "136" T = "0" Pressure = "0" />
		<Point X = "165" Y = "138" T = "0" Pressure = "0" />
		<Point X = "165" Y = "140" T = "0" Pressure = "0" />
		<Point X = "165" Y = "143" T = "0" Pressure = "0" />
		<Point X = "166" Y = "146" T = "0" Pressure = "0" />
		<Point X = "166" Y = "148" T = "0" Pressure = "0" />
		<Point X = "166" Y = "150" T = "0" Pressure = "0" />
		<Point X = "167" Y = "154" T = "0" Pressure = "0" />
		<Point X = "169" Y = "157" T = "0" Pressure = "0" />
		<Point X = "169" Y = "159" T = "0" Pressure = "0" />
		<Point X = "170" Y = "161" T = "0" Pressure = "0" />
		<Point X = "170" Y = "163" T = "0" Pressure = "0" />
		<Point X = "172" Y = "166" T = "0" Pressure = "0" />
		<Point X = "172" Y = "168" T = "0" Pressure = "0" />
		<Point X = "174" Y = "170" T = "0" Pressure = "0" />
		<Point X = "175" Y = "171" T = "0" Pressure = "0" />
		<Point X = "176" Y = "173" T = "0" Pressure = "0" />
		<Point X = "177" Y = "173" T = "0" Pressure = "0" />
		<Point X = "177" Y = "175" T = "0" Pressure = "0" />
		<Point X = "179" Y = "178" T = "0" Pressure = "0" />
		<Point X = "180" Y = "180" T = "0" Pressure = "0" />
		<Point X = "180" Y = "183" T = "0" Pressure = "0" />
		<Point X = "181" Y = "186" T = "0" Pressure = "0" />
		<Point X = "183" Y = "190" T = "0" Pressure = "0" />
		<Point X = "183" Y = "192" T = "0" Pressure = "0" />
		<Point X = "184" Y = "195" T = "0" Pressure = "0" />
		<Point X = "184" Y = "198" T = "0" Pressure = "0" />
		<Point X = "185" Y = "201" T = "0" Pressure = "0" />
		<Point X = "187" Y = "204" T = "0" Pressure = "0" />
		<Point X = "188" Y = "207" T = "0" Pressure = "0" />
		<Point X = "188" Y = "209" T = "0" Pressure = "0" />
		<Point X = "188" Y = "210" T = "0" Pressure = "0" />
		<Point X = "189" Y = "211" T = "0" Pressure = "0" />
		<Point X = "190" Y = "213" T = "0" Pressure = "0" />
		<Point X = "191" Y = "215" T = "0" Pressure = "0" />
		<Point X = "191" Y = "216" T = "0" Pressure = "0" />
		<Point X = "192" Y = "217" T = "0" Pressure = "0" />
		<Point X = "192" Y = "218" T = "0" Pressure = "0" />
		<Point X = "192" Y = "221" T = "0" Pressure = "0" />
		<Point X = "192" Y = "223" T = "0" Pressure = "0" />
		<Point X = "192" Y = "225" T = "0" Pressure = "0" />
		<Point X = "193" Y = "227" T = "0" Pressure = "0" />
		<Point X = "194" Y = "227" T = "0" Pressure = "0" />
		<Point X = "194" Y = "229" T = "0" Pressure = "0" />
		<Point X = "194" Y = "231" T = "0" Pressure = "0" />
		<Point X = "194" Y = "233" T = "0" Pressure = "0" />
		<Point X = "194" Y = "234" T = "0" Pressure = "0" />
		<Point X = "195" Y = "234" T = "0" Pressure = "0" />
		<Point X = "195" Y = "236" T = "0" Pressure = "0" />
		<Point X = "196" Y = "237" T = "0" Pressure = "0" />
		<Point X = "197" Y = "239" T = "0" Pressure = "0" />
		<Point X = "197" Y = "240" T = "0" Pressure = "0" />
		<Point X = "197" Y = "241" T = "0" Pressure = "0" />
		<Point X = "197" Y = "242" T = "0" Pressure = "0" />
		<Point X = "197" Y = "243" T = "0" Pressure = "0" />
		<Point X = "197" Y = "244" T = "0" Pressure = "0" />
		<Point X = "197" Y = "245" T = "0" Pressure = "0" />
		<Point X = "197" Y = "246" T = "0" Pressure = "0" />
		<Point X = "196" Y = "246" T = "0" Pressure = "0" />
		<Point X = "195" Y = "246" T = "0" Pressure = "0" />
		<Point X = "194" Y = "246" T = "0" Pressure = "0" />
		<Point X = "192" Y = "246" T = "0" Pressure = "0" />
		<Point X = "191" Y = "246" T = "0" Pressure = "0" />
		<Point X = "189" Y = "246" T = "0" Pressure = "0" />
		<Point X = "188" Y = "246" T = "0" Pressure = "0" />
		<Point X = "187" Y = "246" T = "0" Pressure = "0" />
		<Point X = "186" Y = "246" T = "0" Pressure = "0" />
		<Point X = "185" Y = "245" T = "0" Pressure = "0" />
		<Point X = "184" Y = "245" T = "0" Pressure = "0" />
		<Point X = "183" Y = "245" T = "0" Pressure = "0" />
		<Point X = "182" Y = "245" T = "0" Pressure = "0" />
		<Point X = "181" Y = "244" T = "0" Pressure = "0" />
		<Point X = "180" Y = "243" T = "0" Pressure = "0" />
		<Point X = "179" Y = "242" T = "0" Pressure = "0" />
		<Point X = "175" Y = "239" T = "0" Pressure = "0" />
		<Point X = "174" Y = "239" T = "0" Pressure = "0" />
		<Point X = "172" Y = "238" T = "0" Pressure = "0" />
		<Point X = "170" Y = "237" T = "0" Pressure = "0" />
		<Point X = "168" Y = "235" T = "0" Pressure = "0" />
		<Point X = "166" Y = "234" T = "0" Pressure = "0" />
		<Point X = "164" Y = "233" T = "0" Pressure = "0" />
		<Point X = "162" Y = "231" T = "0" Pressure = "0" />
		<Point X = "160" Y = "229" T = "0" Pressure = "0" />
		<Point X = "158" Y = "227" T = "0" Pressure = "0" />
		<Point X = "156" Y = "225" T = "0" Pressure = "0" />
		<Point X = "155" Y = "224" T = "0" Pressure = "0" />
		<Point X = "152" Y = "221" T = "0" Pressure = "0" />
		<Point X = "151" Y = "220" T = "0" Pressure = "0" />
		<Point X = "148" Y = "219" T = "0" Pressure = "0" />
		<Point X = "146" Y = "218" T = "0" Pressure = "0" />
		<Point X = "143" Y = "217" T = "0" Pressure = "0" />
		<Point X = "141" Y = "216" T = "0" Pressure = "0" />
		<Point X = "138" Y = "214" T = "0" Pressure = "0" />
		<Point X = "135" Y = "213" T = "0" Pressure = "0" />
		<Point X = "134" Y = "212" T = "0" Pressure = "0" />
		<Point X = "133" Y = "212" T = "0" Pressure = "0" />
		<Point X = "132" Y = "210" T = "0" Pressure = "0" />
		<Point X = "131" Y = "209" T = "0" Pressure = "0" />
		<Point X = "130" Y = "207" T = "0" Pressure = "0" />
		<Point X = "129" Y = "205" T = "0" Pressure = "0" />
		<Point X = "128" Y = "204" T = "0" Pressure = "0" />
		<Point X = "127" Y = "201" T = "0" Pressure = "0" />
		<Point X = "125" Y = "199" T = "0" Pressure = "0" />
		<Point X = "123" Y = "197" T = "0" Pressure = "0" />
		<Point X = "122" Y = "195" T = "0" Pressure = "0" />
		<Point X = "120" Y = "193" T = "0" Pressure = "0" />
		<Point X = "119" Y = "191" T = "0" Pressure = "0" />
		<Point X = "118" Y = "190" T = "0" Pressure = "0" />
		<Point X = "117" Y = "188" T = "0" Pressure = "0" />
		<Point X = "116" Y = "187" T = "0" Pressure = "0" />
		<Point X = "115" Y = "186" T = "0" Pressure = "0" />
		<Point X = "114" Y = "185" T = "0" Pressure = "0" />
		<Point X = "113" Y = "184" T = "0" Pressure = "0" />
		<Point X = "111" Y = "181" T = "0" Pressure = "0" />
		<Point X = "109" Y = "179" T = "0" Pressure = "0" />
		<Point X = "109" Y = "178" T = "0" Pressure = "0" />
		<Point X = "109" Y = "177" T = "0" Pressure = "0" />
		<Point X = "109" Y = "176" T = "0" Pressure = "0" />
		<Point X = "109" Y = "175" T = "0" Pressure = "0" />
		<Point X = "108" Y = "174" T = "0" Pressure = "0" />
		<Point X = "107" Y = "172" T = "0" Pressure = "0" />
		<Point X = "107" Y = "171" T = "0" Pressure = "0" />
		<Point X = "107" Y = "170" T = "0" Pressure = "0" />
		<Point X = "105" Y = "169" T = "0" Pressure = "0" />
		<Point X = "105" Y = "168" T = "0" Pressure = "0" />
		<Point X = "104" Y = "167" T = "0" Pressure = "0" />
		<Point X = "104" Y = "166" T = "0" Pressure = "0" />
		<Point X = "103" Y = "164" T = "0" Pressure = "0" />
		<Point X = "102" Y = "163" T = "0" Pressure = "0" />
		<Point X = "101" Y = "161" T = "0" Pressure = "0" />
		<Point X = "100" Y = "160" T = "0" Pressure = "0" />
		<Point X = "98" Y = "158" T = "0" Pressure = "0" />
		<Point X = "98" Y = "157" T = "0" Pressure = "0" />
		<Point X = "96" Y = "155" T = "0" Pressure = "0" />
		<Point X = "96" Y = "154" T = "0" Pressure = "0" />
		<Point X = "95" Y = "154" T = "0" Pressure = "0" />
		<Point X = "94" Y = "154" T = "0" Pressure = "0" />
		<Point X = "94" Y = "153" T = "0" Pressure = "0" />
		<Point X = "93" Y = "150" T = "0" Pressure = "0" />
		<Point X = "93" Y = "149" T = "0" Pressure = "0" />
		<Point X = "93" Y = "148" T = "0" Pressure = "0" />
		<Point X = "92" Y = "148" T = "0" Pressure = "0" />
		<Point X = "91" Y = "147" T = "0" Pressure = "0" />
	</Stroke>
</Gesture>
