<?xml version="1.0" encoding="utf-8" standalone="yes"?>
<Gesture Name = "star">
	<Stroke>
		<Point X = "81" Y = "169" T = "0" Pressure = "0" />
		<Point X = "83" Y = "169" T = "0" Pressure = "0" />
		<Point X = "85" Y = "169" T = "0" Pressure = "0" />
		<Point X = "87" Y = "169" T = "0" Pressure = "0" />
		<Point X = "88" Y = "169" T = "0" Pressure = "0" />
		<Point X = "90" Y = "169" T = "0" Pressure = "0" />
		<Point X = "92" Y = "169" T = "0" Pressure = "0" />
		<Point X = "95" Y = "169" T = "0" Pressure = "0" />
		<Point X = "96" Y = "169" T = "0" Pressure = "0" />
		<Point X = "99" Y = "169" T = "0" Pressure = "0" />
		<Point X = "104" Y = "169" T = "0" Pressure = "0" />
		<Point X = "111" Y = "169" T = "0" Pressure = "0" />
		<Point X = "117" Y = "169" T = "0" Pressure = "0" />
		<Point X = "122" Y = "169" T = "0" Pressure = "0" />
		<Point X = "129" Y = "169" T = "0" Pressure = "0" />
		<Point X = "135" Y = "169" T = "0" Pressure = "0" />
		<Point X = "139" Y = "169" T = "0" Pressure = "0" />
		<Point X = "143" Y = "169" T = "0" Pressure = "0" />
		<Point X = "144" Y = "169" T = "0" Pressure = "0" />
		<Point X = "147" Y = "169" T = "0" Pressure = "0" />
		<Point X = "151" Y = "169" T = "0" Pressure = "0" />
		<Point X = "153" Y = "169" T = "0" Pressure = "0" />
		<Point X = "156" Y = "169" T = "0" Pressure = "0" />
		<Point X = "158" Y = "169" T = "0" Pressure = "0" />
		<Point X = "160" Y = "169" T = "0" Pressure = "0" />
		<Point X = "163" Y = "169" T = "0" Pressure = "0" />
		<Point X = "165" Y = "169" T = "0" Pressure = "0" />
		<Point X = "168" Y = "169" T = "0" Pressure = "0" />
		<Point X = "171" Y = "169" T = "0" Pressure = "0" />
		<Point X = "174" Y = "169" T = "0" Pressure = "0" />
		<Point X = "178" Y = "169" T = "0" Pressure = "0" />
		<Point X = "181" Y = "169" T = "0" Pressure = "0" />
		<Point X = "185" Y = "169" T = "0" Pressure = "0" />
		<Point X = "187" Y = "169" T = "0" Pressure = "0" />
		<Point X = "191" Y = "169" T = "0" Pressure = "0" />
		<Point X = "193" Y = "169" T = "0" Pressure = "0" />
		<Point X = "196" Y = "169" T = "0" Pressure = "0" />
		<Point X = "197" Y = "169" T = "0" Pressure = "0" />
		<Point X = "198" Y = "169" T = "0" Pressure = "0" />
		<Point X = "199" Y = "169" T = "0" Pressure = "0" />
		<Point X = "201" Y = "169" T = "0" Pressure = "0" />
		<Point X = "203" Y = "170" T = "0" Pressure = "0" />
		<Point X = "204" Y = "170" T = "0" Pressure = "0" />
		<Point X = "205" Y = "170" T = "0" Pressure = "0" />
		<Point X = "208" Y = "170" T = "0" Pressure = "0" />
		<Point X = "210" Y = "170" T = "0" Pressure = "0" />
		<Point X = "211" Y = "170" T = "0" Pressure = "0" />
		<Point X = "212" Y = "170" T = "0" Pressure = "0" />
		<Point X = "213" Y = "170" T = "0" Pressure = "0" />
		<Point X = "214" Y = "170" T = "0" Pressure = "0" />
		<Point X = "215" Y = "170" T = "0" Pressure = "0" />
		<Point X = "216" Y = "170" T = "0" Pressure = "0" />
		<Point X = "217" Y = "170" T = "0" Pressure = "0" />
		<Point X = "218" Y = "170" T = "0" Pressure = "0" />
		<Point X = "219" Y = "170" T = "0" Pressure = "0" />
		<Point X = "220" Y = "170" T = "0" Pressure = "0" />
		<Point X = "221" Y = "170" T = "0" Pressure = "0" />
		<Point X = "221" Y = "171" T = "0" Pressure = "0" />
		<Point X = "220" Y = "173" T = "0" Pressure = "0" />
		<Point X = "219" Y = "174" T = "0" Pressure = "0" />
		<Point X = "216" Y = "176" T = "0" Pressure = "0" />
		<Point X = "214" Y = "177" T = "0" Pressure = "0" />
		<Point X = "212" Y = "179" T = "0" Pressure = "0" />
		<Point X = "207" Y = "182" T = "0" Pressure = "0" />
		<Point X = "203" Y = "184" T = "0" Pressure = "0" />
		<Point X = "199" Y = "186" T = "0" Pressure = "0" />
		<Point X = "195" Y = "189" T = "0" Pressure = "0" />
		<Point X = "190" Y = "192" T = "0" Pressure = "0" />
		<Point X = "187" Y = "194" T = "0" Pressure = "0" />
		<Point X = "183" Y = "196" T = "0" Pressure = "0" />
		<Point X = "180" Y = "198" T = "0" Pressure = "0" />
		<Point X = "178" Y = "200" T = "0" Pressure = "0" />
		<Point X = "177" Y = "202" T = "0" Pressure = "0" />
		<Point X = "174" Y = "203" T = "0" Pressure = "0" />
		<Point X = "174" Y = "204" T = "0" Pressure = "0" />
		<Point X = "172" Y = "205" T = "0" Pressure = "0" />
		<Point X = "172" Y = "206" T = "0" Pressure = "0" />
		<Point X = "170" Y = "207" T = "0" Pressure = "0" />
		<Point X = "168" Y = "207" T = "0" Pressure = "0" />
		<Point X = "166" Y = "209" T = "0" Pressure = "0" />
		<Point X = "165" Y = "210" T = "0" Pressure = "0" />
		<Point X = "162" Y = "211" T = "0" Pressure = "0" />
		<Point X = "159" Y = "213" T = "0" Pressure = "0" />
		<Point X = "156" Y = "215" T = "0" Pressure = "0" />
		<Point X = "151" Y = "218" T = "0" Pressure = "0" />
		<Point X = "148" Y = "219" T = "0" Pressure = "0" />
		<Point X = "143" Y = "222" T = "0" Pressure = "0" />
		<Point X = "138" Y = "224" T = "0" Pressure = "0" />
		<Point X = "132" Y = "227" T = "0" Pressure = "0" />
		<Point X = "127" Y = "229" T = "0" Pressure = "0" />
		<Point X = "121" Y = "232" T = "0" Pressure = "0" />
		<Point X = "119" Y = "233" T = "0" Pressure = "0" />
		<Point X = "115" Y = "234" T = "0" Pressure = "0" />
		<Point X = "114" Y = "235" T = "0" Pressure = "0" />
		<Point X = "111" Y = "236" T = "0" Pressure = "0" />
		<Point X = "110" Y = "236" T = "0" Pressure = "0" />
		<Point X = "108" Y = "237" T = "0" Pressure = "0" />
		<Point X = "107" Y = "237" T = "0" Pressure = "0" />
		<Point X = "105" Y = "239" T = "0" Pressure = "0" />
		<Point X = "104" Y = "239" T = "0" Pressure = "0" />
		<Point X = "100" Y = "241" T = "0" Pressure = "0" />
		<Point X = "98" Y = "242" T = "0" Pressure = "0" />
		<Point X = "96" Y = "244" T = "0" Pressure = "0" />
		<Point X = "94" Y = "245" T = "0" Pressure = "0" />
		<Point X = "91" Y = "247" T = "0" Pressure = "0" />
		<Point X = "90" Y = "248" T = "0" Pressure = "0" />
		<Point X = "88" Y = "248" T = "0" Pressure = "0" />
		<Point X = "87" Y = "250" T = "0" Pressure = "0" />
		<Point X = "86" Y = "250" T = "0" Pressure = "0" />
		<Point X = "84" Y = "252" T = "0" Pressure = "0" />
		<Point X = "82" Y = "254" T = "0" Pressure = "0" />
		<Point X = "80" Y = "256" T = "0" Pressure = "0" />
		<Point X = "80" Y = "257" T = "0" Pressure = "0" />
		<Point X = "79" Y = "257" T = "0" Pressure = "0" />
		<Point X = "79" Y = "258" T = "0" Pressure = "0" />
		<Point X = "78" Y = "258" T = "0" Pressure = "0" />
		<Point X = "78" Y = "256" T = "0" Pressure = "0" />
		<Point X = "80" Y = "253" T = "0" Pressure = "0" />
		<Point X = "80" Y = "250" T = "0" Pressure = "0" />
		<Point X = "83" Y = "245" T = "0" Pressure = "0" />
		<Point X = "85" Y = "239" T = "0" Pressure = "0" />
		<Point X = "89" Y = "232" T = "0" Pressure = "0" />
		<Point X = "91" Y = "226" T = "0" Pressure = "0" />
		<Point X = "95" Y = "219" T = "0" Pressure = "0" />
		<Point X = "97" Y = "213" T = "0" Pressure = "0" />
		<Point X = "99" Y = "207" T = "0" Pressure = "0" />
		<Point X = "100" Y = "202" T = "0" Pressure = "0" />
		<Point X = "102" Y = "196" T = "0" Pressure = "0" />
		<Point X = "105" Y = "193" T = "0" Pressure = "0" />
		<Point X = "108" Y = "187" T = "0" Pressure = "0" />
		<Point X = "110" Y = "184" T = "0" Pressure = "0" />
		<Point X = "113" Y = "179" T = "0" Pressure = "0" />
		<Point X = "117" Y = "175" T = "0" Pressure = "0" />
		<Point X = "119" Y = "172" T = "0" Pressure = "0" />
		<Point X = "122" Y = "167" T = "0" Pressure = "0" />
		<Point X = "124" Y = "163" T = "0" Pressure = "0" />
		<Point X = "127" Y = "160" T = "0" Pressure = "0" />
		<Point X = "128" Y = "156" T = "0" Pressure = "0" />
		<Point X = "131" Y = "152" T = "0" Pressure = "0" />
		<Point X = "133" Y = "147" T = "0" Pressure = "0" />
		<Point X = "136" Y = "143" T = "0" Pressure = "0" />
		<Point X = "137" Y = "139" T = "0" Pressure = "0" />
		<Point X = "139" Y = "135" T = "0" Pressure = "0" />
		<Point X = "141" Y = "131" T = "0" Pressure = "0" />
		<Point X = "144" Y = "127" T = "0" Pressure = "0" />
		<Point X = "145" Y = "125" T = "0" Pressure = "0" />
		<Point X = "147" Y = "121" T = "0" Pressure = "0" />
		<Point X = "149" Y = "117" T = "0" Pressure = "0" />
		<Point X = "150" Y = "114" T = "0" Pressure = "0" />
		<Point X = "150" Y = "111" T = "0" Pressure = "0" />
		<Point X = "152" Y = "109" T = "0" Pressure = "0" />
		<Point X = "153" Y = "106" T = "0" Pressure = "0" />
		<Point X = "153" Y = "105" T = "0" Pressure = "0" />
		<Point X = "154" Y = "102" T = "0" Pressure = "0" />
		<Point X = "154" Y = "99" T = "0" Pressure = "0" />
		<Point X = "155" Y = "94" T = "0" Pressure = "0" />
		<Point X = "157" Y = "93" T = "0" Pressure = "0" />
		<Point X = "157" Y = "90" T = "0" Pressure = "0" />
		<Point X = "158" Y = "87" T = "0" Pressure = "0" />
		<Point X = "161" Y = "84" T = "0" Pressure = "0" />
		<Point X = "162" Y = "82" T = "0" Pressure = "0" />
		<Point X = "164" Y = "81" T = "0" Pressure = "0" />
		<Point X = "164" Y = "80" T = "0" Pressure = "0" />
		<Point X = "165" Y = "80" T = "0" Pressure = "0" />
		<Point X = "165" Y = "82" T = "0" Pressure = "0" />
		<Point X = "165" Y = "83" T = "0" Pressure = "0" />
		<Point X = "165" Y = "86" T = "0" Pressure = "0" />
		<Point X = "165" Y = "89" T = "0" Pressure = "0" />
		<Point X = "165" Y = "93" T = "0" Pressure = "0" />
		<Point X = "165" Y = "97" T = "0" Pressure = "0" />
		<Point X = "165" Y = "104" T = "0" Pressure = "0" />
		<Point X = "165" Y = "109" T = "0" Pressure = "0" />
		<Point X = "165" Y = "118" T = "0" Pressure = "0" />
		<Point X = "165" Y = "122" T = "0" Pressure = "0" />
		<Point X = "165" Y = "127" T = "0" Pressure = "0" />
		<Point X = "165" Y = "130" T = "0" Pressure = "0" />
		<Point X = "165" Y = "136" T = "0" Pressure = "0" />
		<Point X = "165" Y = "140" T = "0" Pressure = "0" />
		<Point X = "165" Y = "147" T = "0" Pressure = "0" />
		<Point X = "165" Y = "152" T = "0" Pressure = "0" />
		<Point X = "165" Y = "159" T = "0" Pressure = "0" />
		<Point X = "165" Y = "165" T = "0" Pressure = "0" />
		<Point X = "165" Y = "172" T = "0" Pressure = "0" />
		<Point X = "165" Y = "177" T = "0" Pressure = "0" />
		<Point X = "165" Y = "184" T = "0" Pressure = "0" />
		<Point X = "165" Y = "190" T = "0" Pressure = "0" />
		<Point X = "165" Y = "193" T = "0" Pressure = "0" />
		<Point X = "165" Y = "198" T = "0" Pressure = "0" />
		<Point X = "165" Y = "200" T = "0" Pressure = "0" />
		<Point X = "165" Y = "204" T = "0" Pressure = "0" />
		<Point X = "165" Y = "207" T = "0" Pressure = "0" />
		<Point X = "165" Y = "210" T = "0" Pressure = "0" />
		<Point X = "165" Y = "213" T = "0" Pressure = "0" />
		<Point X = "165" Y = "216" T = "0" Pressure = "0" />
		<Point X = "165" Y = "221" T = "0" Pressure = "0" />
		<Point X = "165" Y = "227" T = "0" Pressure = "0" />
		<Point X = "168" Y = "231" T = "0" Pressure = "0" />
		<Point X = "168" Y = "233" T = "0" Pressure = "0" />
		<Point X = "168" Y = "237" T = "0" Pressure = "0" />
		<Point X = "169" Y = "240" T = "0" Pressure = "0" />
		<Point X = "169" Y = "241" T = "0" Pressure = "0" />
		<Point X = "171" Y = "243" T = "0" Pressure = "0" />
		<Point X = "171" Y = "245" T = "0" Pressure = "0" />
		<Point X = "171" Y = "247" T = "0" Pressure = "0" />
		<Point X = "172" Y = "248" T = "0" Pressure = "0" />
		<Point X = "172" Y = "249" T = "0" Pressure = "0" />
		<Point X = "173" Y = "251" T = "0" Pressure = "0" />
		<Point X = "173" Y = "252" T = "0" Pressure = "0" />
		<Point X = "174" Y = "254" T = "0" Pressure = "0" />
		<Point X = "175" Y = "257" T = "0" Pressure = "0" />
		<Point X = "175" Y = "259" T = "0" Pressure = "0" />
		<Point X = "176" Y = "261" T = "0" Pressure = "0" />
		<Point X = "176" Y = "263" T = "0" Pressure = "0" />
		<Point X = "176" Y = "265" T = "0" Pressure = "0" />
		<Point X = "176" Y = "266" T = "0" Pressure = "0" />
		<Point X = "178" Y = "267" T = "0" Pressure = "0" />
		<Point X = "178" Y = "269" T = "0" Pressure = "0" />
		<Point X = "178" Y = "270" T = "0" Pressure = "0" />
		<Point X = "178" Y = "271" T = "0" Pressure = "0" />
		<Point X = "178" Y = "272" T = "0" Pressure = "0" />
		<Point X = "178" Y = "273" T = "0" Pressure = "0" />
		<Point X = "178" Y = "274" T = "0" Pressure = "0" />
		<Point X = "178" Y = "275" T = "0" Pressure = "0" />
		<Point X = "178" Y = "276" T = "0" Pressure = "0" />
		<Point X = "178" Y = "277" T = "0" Pressure = "0" />
		<Point X = "178" Y = "278" T = "0" Pressure = "0" />
		<Point X = "178" Y = "279" T = "0" Pressure = "0" />
		<Point X = "178" Y = "280" T = "0" Pressure = "0" />
		<Point X = "178" Y = "281" T = "0" Pressure = "0" />
		<Point X = "177" Y = "282" T = "0" Pressure = "0" />
		<Point X = "176" Y = "282" T = "0" Pressure = "0" />
		<Point X = "175" Y = "282" T = "0" Pressure = "0" />
		<Point X = "174" Y = "282" T = "0" Pressure = "0" />
		<Point X = "172" Y = "282" T = "0" Pressure = "0" />
		<Point X = "170" Y = "282" T = "0" Pressure = "0" />
		<Point X = "167" Y = "280" T = "0" Pressure = "0" />
		<Point X = "166" Y = "279" T = "0" Pressure = "0" />
		<Point X = "164" Y = "277" T = "0" Pressure = "0" />
		<Point X = "161" Y = "275" T = "0" Pressure = "0" />
		<Point X = "160" Y = "273" T = "0" Pressure = "0" />
		<Point X = "158" Y = "271" T = "0" Pressure = "0" />
		<Point X = "157" Y = "269" T = "0" Pressure = "0" />
		<Point X = "155" Y = "268" T = "0" Pressure = "0" />
		<Point X = "154" Y = "266" T = "0" Pressure = "0" />
		<Point X = "151" Y = "264" T = "0" Pressure = "0" />
		<Point X = "149" Y = "261" T = "0" Pressure = "0" />
		<Point X = "148" Y = "260" T = "0" Pressure = "0" />
		<Point X = "145" Y = "258" T = "0" Pressure = "0" />
		<Point X = "143" Y = "255" T = "0" Pressure = "0" />
		<Point X = "141" Y = "254" T = "0" Pressure = "0" />
		<Point X = "140" Y = "252" T = "0" Pressure = "0" />
		<Point X = "138" Y = "250" T = "0" Pressure = "0" />
		<Point X = "137" Y = "249" T = "0" Pressure = "0" />
		<Point X = "135" Y = "247" T = "0" Pressure = "0" />
		<Point X = "134" Y = "247" T = "0" Pressure = "0" />
		<Point X = "134" Y = "245" T = "0" Pressure = "0" />
		<Point X = "132" Y = "243" T = "0" Pressure = "0" />
		<Point X = "131" Y = "242" T = "0" Pressure = "0" />
		<Point X = "130" Y = "239" T = "0" Pressure = "0" />
		<Point X = "129" Y = "238" T = "0" Pressure = "0" />
		<Point X = "127" Y = "237" T = "0" Pressure = "0" />
		<Point X = "126" Y = "234" T = "0" Pressure = "0" />
		<Point X = "124" Y = "233" T = "0" Pressure = "0" />
		<Point X = "122" Y = "230" T = "0" Pressure = "0" />
		<Point X = "121" Y = "228" T = "0" Pressure = "0" />
		<Point X = "120" Y = "227" T = "0" Pressure = "0" />
		<Point X = "120" Y = "226" T = "0" Pressure = "0" />
		<Point X = "119" Y = "226" T = "0" Pressure = "0" />
		<Point X = "118" Y = "224" T = "0" Pressure = "0" />
		<Point X = "116" Y = "222" T = "0" Pressure = "0" />
		<Point X = "114" Y = "220" T = "0" Pressure = "0" />
		<Point X = "113" Y = "219" T = "0" Pressure = "0" />
		<Point X = "111" Y = "217" T = "0" Pressure = "0" />
		<Point X = "107" Y = "215" T = "0" Pressure = "0" />
		<Point X = "105" Y = "213" T = "0" Pressure = "0" />
		<Point X = "103" Y = "212" T = "0" Pressure = "0" />
		<Point X = "99" Y = "210" T = "0" Pressure = "0" />
		<Point X = "98" Y = "208" T = "0" Pressure = "0" />
		<Point X = "96" Y = "207" T = "0" Pressure = "0" />
		<Point X = "94" Y = "205" T = "0" Pressure = "0" />
		<Point X = "92" Y = "205" T = "0" Pressure = "0" />
		<Point X = "91" Y = "203" T = "0" Pressure = "0" />
		<Point X = "90" Y = "203" T = "0" Pressure = "0" />
		<Point X = "88" Y = "202" T = "0" Pressure = "0" />
		<Point X = "87" Y = "201" T = "0" Pressure = "0" />
		<Point X = "86" Y = "200" T = "0" Pressure = "0" />
		<Point X = "85" Y = "199" T = "0" Pressure = "0" />
		<Point X = "84" Y = "199" T = "0" Pressure = "0" />
		<Point X = "82" Y = "199" T = "0" Pressure = "0" />
		<Point X = "82" Y = "198" T = "0" Pressure = "0" />
		<Point X = "81" Y = "198" T = "0" Pressure = "0" />
		<Point X = "80" Y = "197" T = "0" Pressure = "0" />
		<Point X = "79" Y = "196" T = "0" Pressure = "0" />
		<Point X = "78" Y = "195" T = "0" Pressure = "0" />
		<Point X = "76" Y = "194" T = "0" Pressure = "0" />
		<Point X = "75" Y = "193" T = "0" Pressure = "0" />
		<Point X = "71" Y = "191" T = "0" Pressure = "0" />
		<Point X = "69" Y = "190" T = "0" Pressure = "0" />
		<Point X = "66" Y = "188" T = "0" Pressure = "0" />
		<Point X = "65" Y = "188" T = "0" Pressure = "0" />
		<Point X = "64" Y = "186" T = "0" Pressure = "0" />
		<Point X = "63" Y = "185" T = "0" Pressure = "0" />
		<Point X = "62" Y = "185" T = "0" Pressure = "0" />
		<Point X = "62" Y = "184" T = "0" Pressure = "0" />
		<Point X = "61" Y = "184" T = "0" Pressure = "0" />
		<Point X = "59" Y = "183" T = "0" Pressure = "0" />
		<Point X = "59" Y = "182" T = "0" Pressure = "0" />
		<Point X = "58" Y = "182" T = "0" Pressure = "0" />
		<Point X = "57" Y = "180" T = "0" Pressure = "0" />
		<Point X = "56" Y = "180" T = "0" Pressure = "0" />
		<Point X = "56" Y = "179" T = "0" Pressure = "0" />
		<Point X = "55" Y = "179" T = "0" Pressure = "0" />
		<Point X = "54" Y = "177" T = "0" Pressure = "0" />
		<Point X = "53" Y = "177" T = "0" Pressure = "0" />
		<Point X = "53" Y = "175" T = "0" Pressure = "0" />
		<Point X = "53" Y = "174" T = "0" Pressure = "0" />
		<Point X = "52" Y = "172" T = "0" Pressure = "0" />
		<Point X = "51" Y = "172" T = "0" Pressure = "0" />
		<Point X = "51" Y = "171" T = "0" Pressure = "0" />
		<Point X = "51" Y = "170" T = "0" Pressure = "0" />
		<Point X = "51" Y = "169" T = "0" Pressure = "0" />
		<Point X = "51" Y = "168" T = "0" Pressure = "0" />
		<Point X = "51" Y = "167" T = "0" Pressure = "0" />
		<Point X = "51" Y = "166" T = "0" Pressure = "0" />
		<Point X = "51" Y = "165" T = "0" Pressure = "0" />
		<Point X = "52" Y = "165" T = "0" Pressure = "0" />
		<Point X = "53" Y = "165" T = "0" Pressure = "0" />
		<Point X = "54" Y = "165" T = "0" Pressure = "0" />
		<Point X = "55" Y = "165" T = "0" Pressure = "0" />
		<Point X = "56" Y = "165" T = "0" Pressure = "0" />
		<Point X = "56" Y = "164" T = "0" Pressure = "0" />
		<Point X = "58" Y = "164" T = "0" Pressure = "0" />
		<Point X = "59" Y = "164" T = "0" Pressure = "0" />
		<Point X = "60" Y = "164" T = "0" Pressure = "0" />
		<Point X = "61" Y = "164" T = "0" Pressure = "0" />
		<Point X = "62" Y = "164" T = "0" Pressure = "0" />
		<Point X = "63" Y = "164" T = "0" Pressure = "0" />
		<Point X = "64" Y = "164" T = "0" Pressure = "0" />
		<Point X = "66" Y = "164" T = "0" Pressure = "0" />
		<Point X = "67" Y = "164" T = "0" Pressure = "0" />
		<Point X = "69" Y = "164" T = "0" Pressure = "0" />
		<Point X = "71" Y = "164" T = "0" Pressure = "0" />
		<Point X = "73" Y = "164" T = "0" Pressure = "0" />
		<Point X = "74" Y = "164" T = "0" Pressure = "0" />
		<Point X = "76" Y = "164" T = "0" Pressure = "0" />
		<Point X = "77" Y = "164" T = "0" Pressure = "0" />
		<Point X = "78" Y = "164" T = "0" Pressure = "0" />
		<Point X = "79" Y = "164" T = "0" Pressure = "0" />
		<Point X = "80" Y = "164" T = "0" Pressure = "0" />
		<Point X = "82" Y = "164" T = "0" Pressure = "0" />
		<Point X = "83" Y = "164" T = "0" Pressure = "0" />
	</Stroke>
</Gesture>
