<?xml version="1.0" encoding="utf-8" standalone="yes"?>
<Gesture Name = "star">
	<Stroke>
		<Point X = "261" Y = "167" T = "0" Pressure = "0" />
		<Point X = "262" Y = "167" T = "0" Pressure = "0" />
		<Point X = "263" Y = "167" T = "0" Pressure = "0" />
		<Point X = "266" Y = "167" T = "0" Pressure = "0" />
		<Point X = "269" Y = "167" T = "0" Pressure = "0" />
		<Point X = "272" Y = "167" T = "0" Pressure = "0" />
		<Point X = "276" Y = "167" T = "0" Pressure = "0" />
		<Point X = "281" Y = "167" T = "0" Pressure = "0" />
		<Point X = "286" Y = "168" T = "0" Pressure = "0" />
		<Point X = "289" Y = "168" T = "0" Pressure = "0" />
		<Point X = "293" Y = "169" T = "0" Pressure = "0" />
		<Point X = "300" Y = "169" T = "0" Pressure = "0" />
		<Point X = "306" Y = "169" T = "0" Pressure = "0" />
		<Point X = "311" Y = "169" T = "0" Pressure = "0" />
		<Point X = "317" Y = "169" T = "0" Pressure = "0" />
		<Point X = "321" Y = "169" T = "0" Pressure = "0" />
		<Point X = "324" Y = "169" T = "0" Pressure = "0" />
		<Point X = "326" Y = "169" T = "0" Pressure = "0" />
		<Point X = "328" Y = "169" T = "0" Pressure = "0" />
		<Point X = "329" Y = "169" T = "0" Pressure = "0" />
		<Point X = "330" Y = "169" T = "0" Pressure = "0" />
		<Point X = "331" Y = "169" T = "0" Pressure = "0" />
		<Point X = "334" Y = "169" T = "0" Pressure = "0" />
		<Point X = "335" Y = "170" T = "0" Pressure = "0" />
		<Point X = "339" Y = "171" T = "0" Pressure = "0" />
		<Point X = "341" Y = "171" T = "0" Pressure = "0" />
		<Point X = "342" Y = "171" T = "0" Pressure = "0" />
		<Point X = "345" Y = "171" T = "0" Pressure = "0" />
		<Point X = "347" Y = "171" T = "0" Pressure = "0" />
		<Point X = "348" Y = "171" T = "0" Pressure = "0" />
		<Point X = "349" Y = "171" T = "0" Pressure = "0" />
		<Point X = "351" Y = "171" T = "0" Pressure = "0" />
		<Point X = "352" Y = "171" T = "0" Pressure = "0" />
		<Point X = "354" Y = "171" T = "0" Pressure = "0" />
		<Point X = "355" Y = "171" T = "0" Pressure = "0" />
		<Point X = "356" Y = "171" T = "0" Pressure = "0" />
		<Point X = "357" Y = "171" T = "0" Pressure = "0" />
		<Point X = "358" Y = "171" T = "0" Pressure = "0" />
		<Point X = "359" Y = "171" T = "0" Pressure = "0" />
		<Point X = "360" Y = "171" T = "0" Pressure = "0" />
		<Point X = "359" Y = "173" T = "0" Pressure = "0" />
		<Point X = "358" Y = "174" T = "0" Pressure = "0" />
		<Point X = "356" Y = "177" T = "0" Pressure = "0" />
		<Point X = "353" Y = "179" T = "0" Pressure = "0" />
		<Point X = "351" Y = "181" T = "0" Pressure = "0" />
		<Point X = "349" Y = "184" T = "0" Pressure = "0" />
		<Point X = "345" Y = "187" T = "0" Pressure = "0" />
		<Point X = "340" Y = "190" T = "0" Pressure = "0" />
		<Point X = "339" Y = "192" T = "0" Pressure = "0" />
		<Point X = "338" Y = "192" T = "0" Pressure = "0" />
		<Point X = "335" Y = "194" T = "0" Pressure = "0" />
		<Point X = "334" Y = "194" T = "0" Pressure = "0" />
		<Point X = "332" Y = "195" T = "0" Pressure = "0" />
		<Point X = "329" Y = "196" T = "0" Pressure = "0" />
		<Point X = "327" Y = "197" T = "0" Pressure = "0" />
		<Point X = "323" Y = "199" T = "0" Pressure = "0" />
		<Point X = "318" Y = "203" T = "0" Pressure = "0" />
		<Point X = "313" Y = "207" T = "0" Pressure = "0" />
		<Point X = "307" Y = "210" T = "0" Pressure = "0" />
		<Point X = "303" Y = "213" T = "0" Pressure = "0" />
		<Point X = "301" Y = "214" T = "0" Pressure = "0" />
		<Point X = "298" Y = "216" T = "0" Pressure = "0" />
		<Point X = "296" Y = "217" T = "0" Pressure = "0" />
		<Point X = "294" Y = "218" T = "0" Pressure = "0" />
		<Point X = "292" Y = "220" T = "0" Pressure = "0" />
		<Point X = "290" Y = "220" T = "0" Pressure = "0" />
		<Point X = "290" Y = "221" T = "0" Pressure = "0" />
		<Point X = "288" Y = "221" T = "0" Pressure = "0" />
		<Point X = "287" Y = "221" T = "0" Pressure = "0" />
		<Point X = "285" Y = "221" T = "0" Pressure = "0" />
		<Point X = "284" Y = "221" T = "0" Pressure = "0" />
		<Point X = "283" Y = "221" T = "0" Pressure = "0" />
		<Point X = "280" Y = "223" T = "0" Pressure = "0" />
		<Point X = "279" Y = "224" T = "0" Pressure = "0" />
		<Point X = "277" Y = "224" T = "0" Pressure = "0" />
		<Point X = "276" Y = "225" T = "0" Pressure = "0" />
		<Point X = "275" Y = "226" T = "0" Pressure = "0" />
		<Point X = "274" Y = "227" T = "0" Pressure = "0" />
		<Point X = "273" Y = "228" T = "0" Pressure = "0" />
		<Point X = "272" Y = "228" T = "0" Pressure = "0" />
		<Point X = "271" Y = "229" T = "0" Pressure = "0" />
		<Point X = "270" Y = "230" T = "0" Pressure = "0" />
		<Point X = "270" Y = "226" T = "0" Pressure = "0" />
		<Point X = "271" Y = "223" T = "0" Pressure = "0" />
		<Point X = "271" Y = "221" T = "0" Pressure = "0" />
		<Point X = "272" Y = "217" T = "0" Pressure = "0" />
		<Point X = "273" Y = "212" T = "0" Pressure = "0" />
		<Point X = "276" Y = "205" T = "0" Pressure = "0" />
		<Point X = "278" Y = "198" T = "0" Pressure = "0" />
		<Point X = "281" Y = "193" T = "0" Pressure = "0" />
		<Point X = "283" Y = "187" T = "0" Pressure = "0" />
		<Point X = "286" Y = "181" T = "0" Pressure = "0" />
		<Point X = "288" Y = "178" T = "0" Pressure = "0" />
		<Point X = "291" Y = "173" T = "0" Pressure = "0" />
		<Point X = "293" Y = "168" T = "0" Pressure = "0" />
		<Point X = "295" Y = "165" T = "0" Pressure = "0" />
		<Point X = "296" Y = "162" T = "0" Pressure = "0" />
		<Point X = "297" Y = "160" T = "0" Pressure = "0" />
		<Point X = "298" Y = "157" T = "0" Pressure = "0" />
		<Point X = "298" Y = "156" T = "0" Pressure = "0" />
		<Point X = "299" Y = "155" T = "0" Pressure = "0" />
		<Point X = "299" Y = "154" T = "0" Pressure = "0" />
		<Point X = "299" Y = "152" T = "0" Pressure = "0" />
		<Point X = "300" Y = "151" T = "0" Pressure = "0" />
		<Point X = "300" Y = "149" T = "0" Pressure = "0" />
		<Point X = "300" Y = "147" T = "0" Pressure = "0" />
		<Point X = "300" Y = "145" T = "0" Pressure = "0" />
		<Point X = "300" Y = "143" T = "0" Pressure = "0" />
		<Point X = "300" Y = "141" T = "0" Pressure = "0" />
		<Point X = "301" Y = "139" T = "0" Pressure = "0" />
		<Point X = "303" Y = "136" T = "0" Pressure = "0" />
		<Point X = "303" Y = "133" T = "0" Pressure = "0" />
		<Point X = "305" Y = "131" T = "0" Pressure = "0" />
		<Point X = "306" Y = "130" T = "0" Pressure = "0" />
		<Point X = "306" Y = "128" T = "0" Pressure = "0" />
		<Point X = "307" Y = "126" T = "0" Pressure = "0" />
		<Point X = "307" Y = "125" T = "0" Pressure = "0" />
		<Point X = "308" Y = "125" T = "0" Pressure = "0" />
		<Point X = "309" Y = "124" T = "0" Pressure = "0" />
		<Point X = "310" Y = "124" T = "0" Pressure = "0" />
		<Point X = "311" Y = "124" T = "0" Pressure = "0" />
		<Point X = "312" Y = "125" T = "0" Pressure = "0" />
		<Point X = "313" Y = "126" T = "0" Pressure = "0" />
		<Point X = "314" Y = "127" T = "0" Pressure = "0" />
		<Point X = "314" Y = "130" T = "0" Pressure = "0" />
		<Point X = "316" Y = "133" T = "0" Pressure = "0" />
		<Point X = "317" Y = "135" T = "0" Pressure = "0" />
		<Point X = "317" Y = "137" T = "0" Pressure = "0" />
		<Point X = "319" Y = "142" T = "0" Pressure = "0" />
		<Point X = "320" Y = "144" T = "0" Pressure = "0" />
		<Point X = "321" Y = "147" T = "0" Pressure = "0" />
		<Point X = "323" Y = "153" T = "0" Pressure = "0" />
		<Point X = "324" Y = "156" T = "0" Pressure = "0" />
		<Point X = "324" Y = "159" T = "0" Pressure = "0" />
		<Point X = "325" Y = "163" T = "0" Pressure = "0" />
		<Point X = "326" Y = "166" T = "0" Pressure = "0" />
		<Point X = "327" Y = "170" T = "0" Pressure = "0" />
		<Point X = "327" Y = "173" T = "0" Pressure = "0" />
		<Point X = "327" Y = "178" T = "0" Pressure = "0" />
		<Point X = "329" Y = "182" T = "0" Pressure = "0" />
		<Point X = "330" Y = "188" T = "0" Pressure = "0" />
		<Point X = "330" Y = "191" T = "0" Pressure = "0" />
		<Point X = "331" Y = "196" T = "0" Pressure = "0" />
		<Point X = "331" Y = "201" T = "0" Pressure = "0" />
		<Point X = "331" Y = "205" T = "0" Pressure = "0" />
		<Point X = "333" Y = "207" T = "0" Pressure = "0" />
		<Point X = "333" Y = "209" T = "0" Pressure = "0" />
		<Point X = "334" Y = "211" T = "0" Pressure = "0" />
		<Point X = "334" Y = "212" T = "0" Pressure = "0" />
		<Point X = "334" Y = "214" T = "0" Pressure = "0" />
		<Point X = "335" Y = "215" T = "0" Pressure = "0" />
		<Point X = "335" Y = "216" T = "0" Pressure = "0" />
		<Point X = "337" Y = "219" T = "0" Pressure = "0" />
		<Point X = "337" Y = "220" T = "0" Pressure = "0" />
		<Point X = "337" Y = "223" T = "0" Pressure = "0" />
		<Point X = "338" Y = "225" T = "0" Pressure = "0" />
		<Point X = "338" Y = "227" T = "0" Pressure = "0" />
		<Point X = "338" Y = "230" T = "0" Pressure = "0" />
		<Point X = "338" Y = "231" T = "0" Pressure = "0" />
		<Point X = "338" Y = "232" T = "0" Pressure = "0" />
		<Point X = "338" Y = "234" T = "0" Pressure = "0" />
		<Point X = "338" Y = "235" T = "0" Pressure = "0" />
		<Point X = "338" Y = "236" T = "0" Pressure = "0" />
		<Point X = "337" Y = "236" T = "0" Pressure = "0" />
		<Point X = "335" Y = "236" T = "0" Pressure = "0" />
		<Point X = "334" Y = "236" T = "0" Pressure = "0" />
		<Point X = "332" Y = "236" T = "0" Pressure = "0" />
		<Point X = "329" Y = "235" T = "0" Pressure = "0" />
		<Point X = "327" Y = "232" T = "0" Pressure = "0" />
		<Point X = "325" Y = "231" T = "0" Pressure = "0" />
		<Point X = "323" Y = "228" T = "0" Pressure = "0" />
		<Point X = "321" Y = "226" T = "0" Pressure = "0" />
		<Point X = "319" Y = "223" T = "0" Pressure = "0" />
		<Point X = "314" Y = "218" T = "0" Pressure = "0" />
		<Point X = "312" Y = "215" T = "0" Pressure = "0" />
		<Point X = "308" Y = "210" T = "0" Pressure = "0" />
		<Point X = "305" Y = "208" T = "0" Pressure = "0" />
		<Point X = "301" Y = "202" T = "0" Pressure = "0" />
		<Point X = "296" Y = "199" T = "0" Pressure = "0" />
		<Point X = "291" Y = "194" T = "0" Pressure = "0" />
		<Point X = "287" Y = "189" T = "0" Pressure = "0" />
		<Point X = "285" Y = "187" T = "0" Pressure = "0" />
		<Point X = "282" Y = "185" T = "0" Pressure = "0" />
		<Point X = "279" Y = "183" T = "0" Pressure = "0" />
		<Point X = "278" Y = "182" T = "0" Pressure = "0" />
		<Point X = "276" Y = "181" T = "0" Pressure = "0" />
		<Point X = "275" Y = "181" T = "0" Pressure = "0" />
		<Point X = "274" Y = "180" T = "0" Pressure = "0" />
		<Point X = "272" Y = "178" T = "0" Pressure = "0" />
		<Point X = "271" Y = "177" T = "0" Pressure = "0" />
		<Point X = "269" Y = "173" T = "0" Pressure = "0" />
		<Point X = "268" Y = "171" T = "0" Pressure = "0" />
		<Point X = "266" Y = "169" T = "0" Pressure = "0" />
		<Point X = "265" Y = "167" T = "0" Pressure = "0" />
		<Point X = "263" Y = "166" T = "0" Pressure = "0" />
		<Point X = "262" Y = "165" T = "0" Pressure = "0" />
		<Point X = "260" Y = "164" T = "0" Pressure = "0" />
		<Point X = "259" Y = "164" T = "0" Pressure = "0" />
		<Point X = "259" Y = "163" T = "0" Pressure = "0" />
		<Point X = "257" Y = "163" T = "0" Pressure = "0" />
		<Point X = "256" Y = "163" T = "0" Pressure = "0" />
		<Point X = "255" Y = "163" T = "0" Pressure = "0" />
		<Point X = "255" Y = "162" T = "0" Pressure = "0" />
		<Point X = "255" Y = "161" T = "0" Pressure = "0" />
	</Stroke>
</Gesture>
