<?xml version="1.0" encoding="utf-8" standalone="yes"?>
<Gesture Name = "star">
	<Stroke>
		<Point X = "312" Y = "92" T = "0" Pressure = "0" />
		<Point X = "314" Y = "92" T = "0" Pressure = "0" />
		<Point X = "316" Y = "92" T = "0" Pressure = "0" />
		<Point X = "317" Y = "92" T = "0" Pressure = "0" />
		<Point X = "319" Y = "92" T = "0" Pressure = "0" />
		<Point X = "321" Y = "92" T = "0" Pressure = "0" />
		<Point X = "323" Y = "92" T = "0" Pressure = "0" />
		<Point X = "324" Y = "92" T = "0" Pressure = "0" />
		<Point X = "325" Y = "92" T = "0" Pressure = "0" />
		<Point X = "328" Y = "92" T = "0" Pressure = "0" />
		<Point X = "332" Y = "92" T = "0" Pressure = "0" />
		<Point X = "335" Y = "92" T = "0" Pressure = "0" />
		<Point X = "338" Y = "92" T = "0" Pressure = "0" />
		<Point X = "340" Y = "92" T = "0" Pressure = "0" />
		<Point X = "343" Y = "92" T = "0" Pressure = "0" />
		<Point X = "345" Y = "94" T = "0" Pressure = "0" />
		<Point X = "347" Y = "95" T = "0" Pressure = "0" />
		<Point X = "350" Y = "96" T = "0" Pressure = "0" />
		<Point X = "351" Y = "96" T = "0" Pressure = "0" />
		<Point X = "353" Y = "98" T = "0" Pressure = "0" />
		<Point X = "354" Y = "98" T = "0" Pressure = "0" />
		<Point X = "355" Y = "98" T = "0" Pressure = "0" />
		<Point X = "356" Y = "99" T = "0" Pressure = "0" />
		<Point X = "357" Y = "99" T = "0" Pressure = "0" />
		<Point X = "360" Y = "99" T = "0" Pressure = "0" />
		<Point X = "362" Y = "99" T = "0" Pressure = "0" />
		<Point X = "365" Y = "99" T = "0" Pressure = "0" />
		<Point X = "368" Y = "99" T = "0" Pressure = "0" />
		<Point X = "371" Y = "99" T = "0" Pressure = "0" />
		<Point X = "372" Y = "99" T = "0" Pressure = "0" />
		<Point X = "373" Y = "99" T = "0" Pressure = "0" />
		<Point X = "375" Y = "99" T = "0" Pressure = "0" />
		<Point X = "376" Y = "99" T = "0" Pressure = "0" />
		<Point X = "378" Y = "99" T = "0" Pressure = "0" />
		<Point X = "380" Y = "99" T = "0" Pressure = "0" />
		<Point X = "382" Y = "99" T = "0" Pressure = "0" />
		<Point X = "384" Y = "99" T = "0" Pressure = "0" />
		<Point X = "385" Y = "99" T = "0" Pressure = "0" />
		<Point X = "386" Y = "99" T = "0" Pressure = "0" />
		<Point X = "387" Y = "99" T = "0" Pressure = "0" />
		<Point X = "387" Y = "98" T = "0" Pressure = "0" />
		<Point X = "387" Y = "99" T = "0" Pressure = "0" />
		<Point X = "385" Y = "101" T = "0" Pressure = "0" />
		<Point X = "383" Y = "102" T = "0" Pressure = "0" />
		<Point X = "380" Y = "106" T = "0" Pressure = "0" />
		<Point X = "376" Y = "111" T = "0" Pressure = "0" />
		<Point X = "373" Y = "116" T = "0" Pressure = "0" />
		<Point X = "371" Y = "117" T = "0" Pressure = "0" />
		<Point X = "369" Y = "120" T = "0" Pressure = "0" />
		<Point X = "366" Y = "124" T = "0" Pressure = "0" />
		<Point X = "362" Y = "128" T = "0" Pressure = "0" />
		<Point X = "360" Y = "130" T = "0" Pressure = "0" />
		<Point X = "357" Y = "133" T = "0" Pressure = "0" />
		<Point X = "352" Y = "138" T = "0" Pressure = "0" />
		<Point X = "345" Y = "141" T = "0" Pressure = "0" />
		<Point X = "342" Y = "145" T = "0" Pressure = "0" />
		<Point X = "337" Y = "150" T = "0" Pressure = "0" />
		<Point X = "332" Y = "152" T = "0" Pressure = "0" />
		<Point X = "328" Y = "155" T = "0" Pressure = "0" />
		<Point X = "325" Y = "158" T = "0" Pressure = "0" />
		<Point X = "323" Y = "159" T = "0" Pressure = "0" />
		<Point X = "320" Y = "159" T = "0" Pressure = "0" />
		<Point X = "319" Y = "159" T = "0" Pressure = "0" />
		<Point X = "318" Y = "160" T = "0" Pressure = "0" />
		<Point X = "317" Y = "161" T = "0" Pressure = "0" />
		<Point X = "316" Y = "161" T = "0" Pressure = "0" />
		<Point X = "314" Y = "161" T = "0" Pressure = "0" />
		<Point X = "312" Y = "162" T = "0" Pressure = "0" />
		<Point X = "312" Y = "163" T = "0" Pressure = "0" />
		<Point X = "310" Y = "163" T = "0" Pressure = "0" />
		<Point X = "308" Y = "165" T = "0" Pressure = "0" />
		<Point X = "307" Y = "165" T = "0" Pressure = "0" />
		<Point X = "306" Y = "165" T = "0" Pressure = "0" />
		<Point X = "306" Y = "162" T = "0" Pressure = "0" />
		<Point X = "308" Y = "159" T = "0" Pressure = "0" />
		<Point X = "309" Y = "156" T = "0" Pressure = "0" />
		<Point X = "310" Y = "153" T = "0" Pressure = "0" />
		<Point X = "311" Y = "150" T = "0" Pressure = "0" />
		<Point X = "313" Y = "147" T = "0" Pressure = "0" />
		<Point X = "314" Y = "144" T = "0" Pressure = "0" />
		<Point X = "314" Y = "142" T = "0" Pressure = "0" />
		<Point X = "314" Y = "141" T = "0" Pressure = "0" />
		<Point X = "315" Y = "138" T = "0" Pressure = "0" />
		<Point X = "315" Y = "136" T = "0" Pressure = "0" />
		<Point X = "316" Y = "133" T = "0" Pressure = "0" />
		<Point X = "316" Y = "131" T = "0" Pressure = "0" />
		<Point X = "317" Y = "129" T = "0" Pressure = "0" />
		<Point X = "318" Y = "126" T = "0" Pressure = "0" />
		<Point X = "319" Y = "123" T = "0" Pressure = "0" />
		<Point X = "321" Y = "121" T = "0" Pressure = "0" />
		<Point X = "322" Y = "117" T = "0" Pressure = "0" />
		<Point X = "324" Y = "109" T = "0" Pressure = "0" />
		<Point X = "324" Y = "107" T = "0" Pressure = "0" />
		<Point X = "326" Y = "101" T = "0" Pressure = "0" />
		<Point X = "326" Y = "97" T = "0" Pressure = "0" />
		<Point X = "329" Y = "94" T = "0" Pressure = "0" />
		<Point X = "330" Y = "90" T = "0" Pressure = "0" />
		<Point X = "330" Y = "87" T = "0" Pressure = "0" />
		<Point X = "332" Y = "84" T = "0" Pressure = "0" />
		<Point X = "333" Y = "82" T = "0" Pressure = "0" />
		<Point X = "333" Y = "80" T = "0" Pressure = "0" />
		<Point X = "334" Y = "78" T = "0" Pressure = "0" />
		<Point X = "336" Y = "77" T = "0" Pressure = "0" />
		<Point X = "336" Y = "76" T = "0" Pressure = "0" />
		<Point X = "337" Y = "76" T = "0" Pressure = "0" />
		<Point X = "337" Y = "75" T = "0" Pressure = "0" />
		<Point X = "339" Y = "73" T = "0" Pressure = "0" />
		<Point X = "340" Y = "73" T = "0" Pressure = "0" />
		<Point X = "341" Y = "71" T = "0" Pressure = "0" />
		<Point X = "341" Y = "69" T = "0" Pressure = "0" />
		<Point X = "343" Y = "67" T = "0" Pressure = "0" />
		<Point X = "344" Y = "65" T = "0" Pressure = "0" />
		<Point X = "346" Y = "63" T = "0" Pressure = "0" />
		<Point X = "347" Y = "62" T = "0" Pressure = "0" />
		<Point X = "347" Y = "59" T = "0" Pressure = "0" />
		<Point X = "348" Y = "59" T = "0" Pressure = "0" />
		<Point X = "349" Y = "58" T = "0" Pressure = "0" />
		<Point X = "350" Y = "58" T = "0" Pressure = "0" />
		<Point X = "350" Y = "63" T = "0" Pressure = "0" />
		<Point X = "351" Y = "69" T = "0" Pressure = "0" />
		<Point X = "354" Y = "75" T = "0" Pressure = "0" />
		<Point X = "354" Y = "80" T = "0" Pressure = "0" />
		<Point X = "355" Y = "86" T = "0" Pressure = "0" />
		<Point X = "356" Y = "92" T = "0" Pressure = "0" />
		<Point X = "356" Y = "96" T = "0" Pressure = "0" />
		<Point X = "358" Y = "101" T = "0" Pressure = "0" />
		<Point X = "358" Y = "104" T = "0" Pressure = "0" />
		<Point X = "359" Y = "106" T = "0" Pressure = "0" />
		<Point X = "359" Y = "108" T = "0" Pressure = "0" />
		<Point X = "359" Y = "110" T = "0" Pressure = "0" />
		<Point X = "360" Y = "112" T = "0" Pressure = "0" />
		<Point X = "360" Y = "114" T = "0" Pressure = "0" />
		<Point X = "360" Y = "116" T = "0" Pressure = "0" />
		<Point X = "360" Y = "118" T = "0" Pressure = "0" />
		<Point X = "360" Y = "121" T = "0" Pressure = "0" />
		<Point X = "360" Y = "123" T = "0" Pressure = "0" />
		<Point X = "362" Y = "126" T = "0" Pressure = "0" />
		<Point X = "362" Y = "127" T = "0" Pressure = "0" />
		<Point X = "362" Y = "130" T = "0" Pressure = "0" />
		<Point X = "362" Y = "131" T = "0" Pressure = "0" />
		<Point X = "363" Y = "132" T = "0" Pressure = "0" />
		<Point X = "363" Y = "134" T = "0" Pressure = "0" />
		<Point X = "363" Y = "138" T = "0" Pressure = "0" />
		<Point X = "363" Y = "140" T = "0" Pressure = "0" />
		<Point X = "363" Y = "142" T = "0" Pressure = "0" />
		<Point X = "363" Y = "144" T = "0" Pressure = "0" />
		<Point X = "364" Y = "148" T = "0" Pressure = "0" />
		<Point X = "366" Y = "152" T = "0" Pressure = "0" />
		<Point X = "366" Y = "154" T = "0" Pressure = "0" />
		<Point X = "366" Y = "156" T = "0" Pressure = "0" />
		<Point X = "367" Y = "158" T = "0" Pressure = "0" />
		<Point X = "367" Y = "159" T = "0" Pressure = "0" />
		<Point X = "367" Y = "160" T = "0" Pressure = "0" />
		<Point X = "367" Y = "162" T = "0" Pressure = "0" />
		<Point X = "367" Y = "163" T = "0" Pressure = "0" />
		<Point X = "367" Y = "165" T = "0" Pressure = "0" />
		<Point X = "367" Y = "166" T = "0" Pressure = "0" />
		<Point X = "367" Y = "167" T = "0" Pressure = "0" />
		<Point X = "365" Y = "167" T = "0" Pressure = "0" />
		<Point X = "362" Y = "166" T = "0" Pressure = "0" />
		<Point X = "360" Y = "164" T = "0" Pressure = "0" />
		<Point X = "357" Y = "162" T = "0" Pressure = "0" />
		<Point X = "356" Y = "161" T = "0" Pressure = "0" />
		<Point X = "354" Y = "159" T = "0" Pressure = "0" />
		<Point X = "352" Y = "158" T = "0" Pressure = "0" />
		<Point X = "350" Y = "156" T = "0" Pressure = "0" />
		<Point X = "348" Y = "155" T = "0" Pressure = "0" />
		<Point X = "347" Y = "154" T = "0" Pressure = "0" />
		<Point X = "345" Y = "153" T = "0" Pressure = "0" />
		<Point X = "343" Y = "152" T = "0" Pressure = "0" />
		<Point X = "340" Y = "149" T = "0" Pressure = "0" />
		<Point X = "339" Y = "148" T = "0" Pressure = "0" />
		<Point X = "335" Y = "143" T = "0" Pressure = "0" />
		<Point X = "332" Y = "138" T = "0" Pressure = "0" />
		<Point X = "329" Y = "133" T = "0" Pressure = "0" />
		<Point X = "326" Y = "129" T = "0" Pressure = "0" />
		<Point X = "326" Y = "124" T = "0" Pressure = "0" />
		<Point X = "323" Y = "119" T = "0" Pressure = "0" />
		<Point X = "322" Y = "117" T = "0" Pressure = "0" />
		<Point X = "322" Y = "115" T = "0" Pressure = "0" />
		<Point X = "321" Y = "113" T = "0" Pressure = "0" />
		<Point X = "321" Y = "111" T = "0" Pressure = "0" />
		<Point X = "321" Y = "109" T = "0" Pressure = "0" />
		<Point X = "321" Y = "108" T = "0" Pressure = "0" />
		<Point X = "320" Y = "107" T = "0" Pressure = "0" />
		<Point X = "319" Y = "106" T = "0" Pressure = "0" />
		<Point X = "318" Y = "105" T = "0" Pressure = "0" />
		<Point X = "317" Y = "104" T = "0" Pressure = "0" />
		<Point X = "316" Y = "102" T = "0" Pressure = "0" />
		<Point X = "315" Y = "101" T = "0" Pressure = "0" />
		<Point X = "315" Y = "100" T = "0" Pressure = "0" />
		<Point X = "315" Y = "98" T = "0" Pressure = "0" />
		<Point X = "315" Y = "96" T = "0" Pressure = "0" />
		<Point X = "315" Y = "95" T = "0" Pressure = "0" />
		<Point X = "315" Y = "93" T = "0" Pressure = "0" />
		<Point X = "314" Y = "91" T = "0" Pressure = "0" />
		<Point X = "314" Y = "89" T = "0" Pressure = "0" />
		<Point X = "313" Y = "88" T = "0" Pressure = "0" />
		<Point X = "313" Y = "87" T = "0" Pressure = "0" />
		<Point X = "313" Y = "84" T = "0" Pressure = "0" />
		<Point X = "312" Y = "84" T = "0" Pressure = "0" />
		<Point X = "312" Y = "82" T = "0" Pressure = "0" />
		<Point X = "311" Y = "81" T = "0" Pressure = "0" />
		<Point X = "311" Y = "82" T = "0" Pressure = "0" />
	</Stroke>
</Gesture>
