<?xml version="1.0" encoding="utf-8" standalone="yes"?>
<Gesture Name = "star">
	<Stroke>
		<Point X = "83" Y = "160" T = "0" Pressure = "0" />
		<Point X = "84" Y = "160" T = "0" Pressure = "0" />
		<Point X = "86" Y = "160" T = "0" Pressure = "0" />
		<Point X = "87" Y = "160" T = "0" Pressure = "0" />
		<Point X = "91" Y = "160" T = "0" Pressure = "0" />
		<Point X = "94" Y = "160" T = "0" Pressure = "0" />
		<Point X = "100" Y = "160" T = "0" Pressure = "0" />
		<Point X = "104" Y = "160" T = "0" Pressure = "0" />
		<Point X = "110" Y = "160" T = "0" Pressure = "0" />
		<Point X = "116" Y = "160" T = "0" Pressure = "0" />
		<Point X = "122" Y = "160" T = "0" Pressure = "0" />
		<Point X = "128" Y = "160" T = "0" Pressure = "0" />
		<Point X = "133" Y = "160" T = "0" Pressure = "0" />
		<Point X = "136" Y = "160" T = "0" Pressure = "0" />
		<Point X = "139" Y = "160" T = "0" Pressure = "0" />
		<Point X = "142" Y = "160" T = "0" Pressure = "0" />
		<Point X = "146" Y = "160" T = "0" Pressure = "0" />
		<Point X = "152" Y = "160" T = "0" Pressure = "0" />
		<Point X = "155" Y = "160" T = "0" Pressure = "0" />
		<Point X = "161" Y = "163" T = "0" Pressure = "0" />
		<Point X = "167" Y = "164" T = "0" Pressure = "0" />
		<Point X = "170" Y = "164" T = "0" Pressure = "0" />
		<Point X = "173" Y = "164" T = "0" Pressure = "0" />
		<Point X = "175" Y = "164" T = "0" Pressure = "0" />
		<Point X = "178" Y = "164" T = "0" Pressure = "0" />
		<Point X = "179" Y = "164" T = "0" Pressure = "0" />
		<Point X = "180" Y = "164" T = "0" Pressure = "0" />
		<Point X = "181" Y = "164" T = "0" Pressure = "0" />
		<Point X = "181" Y = "165" T = "0" Pressure = "0" />
		<Point X = "181" Y = "166" T = "0" Pressure = "0" />
		<Point X = "181" Y = "169" T = "0" Pressure = "0" />
		<Point X = "181" Y = "171" T = "0" Pressure = "0" />
		<Point X = "180" Y = "175" T = "0" Pressure = "0" />
		<Point X = "179" Y = "179" T = "0" Pressure = "0" />
		<Point X = "177" Y = "184" T = "0" Pressure = "0" />
		<Point X = "174" Y = "189" T = "0" Pressure = "0" />
		<Point X = "171" Y = "194" T = "0" Pressure = "0" />
		<Point X = "167" Y = "200" T = "0" Pressure = "0" />
		<Point X = "163" Y = "203" T = "0" Pressure = "0" />
		<Point X = "160" Y = "207" T = "0" Pressure = "0" />
		<Point X = "156" Y = "211" T = "0" Pressure = "0" />
		<Point X = "154" Y = "212" T = "0" Pressure = "0" />
		<Point X = "151" Y = "213" T = "0" Pressure = "0" />
		<Point X = "148" Y = "215" T = "0" Pressure = "0" />
		<Point X = "145" Y = "216" T = "0" Pressure = "0" />
		<Point X = "142" Y = "218" T = "0" Pressure = "0" />
		<Point X = "138" Y = "221" T = "0" Pressure = "0" />
		<Point X = "136" Y = "221" T = "0" Pressure = "0" />
		<Point X = "133" Y = "224" T = "0" Pressure = "0" />
		<Point X = "130" Y = "226" T = "0" Pressure = "0" />
		<Point X = "127" Y = "227" T = "0" Pressure = "0" />
		<Point X = "123" Y = "229" T = "0" Pressure = "0" />
		<Point X = "122" Y = "230" T = "0" Pressure = "0" />
		<Point X = "119" Y = "232" T = "0" Pressure = "0" />
		<Point X = "116" Y = "233" T = "0" Pressure = "0" />
		<Point X = "114" Y = "234" T = "0" Pressure = "0" />
		<Point X = "113" Y = "234" T = "0" Pressure = "0" />
		<Point X = "113" Y = "235" T = "0" Pressure = "0" />
		<Point X = "112" Y = "235" T = "0" Pressure = "0" />
		<Point X = "111" Y = "235" T = "0" Pressure = "0" />
		<Point X = "110" Y = "235" T = "0" Pressure = "0" />
		<Point X = "110" Y = "234" T = "0" Pressure = "0" />
		<Point X = "110" Y = "232" T = "0" Pressure = "0" />
		<Point X = "110" Y = "228" T = "0" Pressure = "0" />
		<Point X = "110" Y = "225" T = "0" Pressure = "0" />
		<Point X = "110" Y = "223" T = "0" Pressure = "0" />
		<Point X = "110" Y = "220" T = "0" Pressure = "0" />
		<Point X = "110" Y = "216" T = "0" Pressure = "0" />
		<Point X = "110" Y = "211" T = "0" Pressure = "0" />
		<Point X = "111" Y = "208" T = "0" Pressure = "0" />
		<Point X = "111" Y = "205" T = "0" Pressure = "0" />
		<Point X = "112" Y = "203" T = "0" Pressure = "0" />
		<Point X = "112" Y = "200" T = "0" Pressure = "0" />
		<Point X = "112" Y = "197" T = "0" Pressure = "0" />
		<Point X = "112" Y = "193" T = "0" Pressure = "0" />
		<Point X = "112" Y = "190" T = "0" Pressure = "0" />
		<Point X = "112" Y = "185" T = "0" Pressure = "0" />
		<Point X = "112" Y = "181" T = "0" Pressure = "0" />
		<Point X = "112" Y = "177" T = "0" Pressure = "0" />
		<Point X = "112" Y = "173" T = "0" Pressure = "0" />
		<Point X = "112" Y = "169" T = "0" Pressure = "0" />
		<Point X = "112" Y = "165" T = "0" Pressure = "0" />
		<Point X = "112" Y = "160" T = "0" Pressure = "0" />
		<Point X = "112" Y = "155" T = "0" Pressure = "0" />
		<Point X = "112" Y = "151" T = "0" Pressure = "0" />
		<Point X = "112" Y = "146" T = "0" Pressure = "0" />
		<Point X = "112" Y = "143" T = "0" Pressure = "0" />
		<Point X = "112" Y = "139" T = "0" Pressure = "0" />
		<Point X = "112" Y = "137" T = "0" Pressure = "0" />
		<Point X = "113" Y = "133" T = "0" Pressure = "0" />
		<Point X = "114" Y = "131" T = "0" Pressure = "0" />
		<Point X = "114" Y = "128" T = "0" Pressure = "0" />
		<Point X = "115" Y = "125" T = "0" Pressure = "0" />
		<Point X = "115" Y = "124" T = "0" Pressure = "0" />
		<Point X = "115" Y = "123" T = "0" Pressure = "0" />
		<Point X = "116" Y = "120" T = "0" Pressure = "0" />
		<Point X = "117" Y = "119" T = "0" Pressure = "0" />
		<Point X = "118" Y = "118" T = "0" Pressure = "0" />
		<Point X = "118" Y = "117" T = "0" Pressure = "0" />
		<Point X = "119" Y = "117" T = "0" Pressure = "0" />
		<Point X = "121" Y = "117" T = "0" Pressure = "0" />
		<Point X = "122" Y = "119" T = "0" Pressure = "0" />
		<Point X = "124" Y = "124" T = "0" Pressure = "0" />
		<Point X = "127" Y = "128" T = "0" Pressure = "0" />
		<Point X = "130" Y = "132" T = "0" Pressure = "0" />
		<Point X = "133" Y = "139" T = "0" Pressure = "0" />
		<Point X = "135" Y = "142" T = "0" Pressure = "0" />
		<Point X = "137" Y = "148" T = "0" Pressure = "0" />
		<Point X = "141" Y = "153" T = "0" Pressure = "0" />
		<Point X = "143" Y = "158" T = "0" Pressure = "0" />
		<Point X = "146" Y = "161" T = "0" Pressure = "0" />
		<Point X = "149" Y = "166" T = "0" Pressure = "0" />
		<Point X = "150" Y = "169" T = "0" Pressure = "0" />
		<Point X = "153" Y = "173" T = "0" Pressure = "0" />
		<Point X = "155" Y = "176" T = "0" Pressure = "0" />
		<Point X = "157" Y = "179" T = "0" Pressure = "0" />
		<Point X = "159" Y = "181" T = "0" Pressure = "0" />
		<Point X = "159" Y = "182" T = "0" Pressure = "0" />
		<Point X = "161" Y = "185" T = "0" Pressure = "0" />
		<Point X = "162" Y = "188" T = "0" Pressure = "0" />
		<Point X = "162" Y = "189" T = "0" Pressure = "0" />
		<Point X = "163" Y = "191" T = "0" Pressure = "0" />
		<Point X = "165" Y = "196" T = "0" Pressure = "0" />
		<Point X = "165" Y = "198" T = "0" Pressure = "0" />
		<Point X = "165" Y = "200" T = "0" Pressure = "0" />
		<Point X = "166" Y = "203" T = "0" Pressure = "0" />
		<Point X = "166" Y = "207" T = "0" Pressure = "0" />
		<Point X = "166" Y = "210" T = "0" Pressure = "0" />
		<Point X = "167" Y = "215" T = "0" Pressure = "0" />
		<Point X = "167" Y = "216" T = "0" Pressure = "0" />
		<Point X = "170" Y = "218" T = "0" Pressure = "0" />
		<Point X = "171" Y = "220" T = "0" Pressure = "0" />
		<Point X = "171" Y = "221" T = "0" Pressure = "0" />
		<Point X = "172" Y = "223" T = "0" Pressure = "0" />
		<Point X = "173" Y = "225" T = "0" Pressure = "0" />
		<Point X = "173" Y = "226" T = "0" Pressure = "0" />
		<Point X = "174" Y = "227" T = "0" Pressure = "0" />
		<Point X = "174" Y = "229" T = "0" Pressure = "0" />
		<Point X = "174" Y = "230" T = "0" Pressure = "0" />
		<Point X = "174" Y = "231" T = "0" Pressure = "0" />
		<Point X = "174" Y = "232" T = "0" Pressure = "0" />
		<Point X = "174" Y = "233" T = "0" Pressure = "0" />
		<Point X = "173" Y = "233" T = "0" Pressure = "0" />
		<Point X = "171" Y = "233" T = "0" Pressure = "0" />
		<Point X = "169" Y = "233" T = "0" Pressure = "0" />
		<Point X = "166" Y = "233" T = "0" Pressure = "0" />
		<Point X = "164" Y = "233" T = "0" Pressure = "0" />
		<Point X = "162" Y = "232" T = "0" Pressure = "0" />
		<Point X = "158" Y = "231" T = "0" Pressure = "0" />
		<Point X = "155" Y = "230" T = "0" Pressure = "0" />
		<Point X = "153" Y = "228" T = "0" Pressure = "0" />
		<Point X = "150" Y = "227" T = "0" Pressure = "0" />
		<Point X = "145" Y = "224" T = "0" Pressure = "0" />
		<Point X = "139" Y = "219" T = "0" Pressure = "0" />
		<Point X = "132" Y = "213" T = "0" Pressure = "0" />
		<Point X = "129" Y = "210" T = "0" Pressure = "0" />
		<Point X = "121" Y = "205" T = "0" Pressure = "0" />
		<Point X = "118" Y = "202" T = "0" Pressure = "0" />
		<Point X = "114" Y = "198" T = "0" Pressure = "0" />
		<Point X = "112" Y = "196" T = "0" Pressure = "0" />
		<Point X = "111" Y = "194" T = "0" Pressure = "0" />
		<Point X = "109" Y = "193" T = "0" Pressure = "0" />
		<Point X = "108" Y = "191" T = "0" Pressure = "0" />
		<Point X = "107" Y = "191" T = "0" Pressure = "0" />
		<Point X = "107" Y = "190" T = "0" Pressure = "0" />
		<Point X = "105" Y = "187" T = "0" Pressure = "0" />
		<Point X = "103" Y = "185" T = "0" Pressure = "0" />
		<Point X = "102" Y = "183" T = "0" Pressure = "0" />
		<Point X = "100" Y = "181" T = "0" Pressure = "0" />
		<Point X = "97" Y = "177" T = "0" Pressure = "0" />
		<Point X = "96" Y = "176" T = "0" Pressure = "0" />
		<Point X = "95" Y = "173" T = "0" Pressure = "0" />
		<Point X = "93" Y = "171" T = "0" Pressure = "0" />
		<Point X = "92" Y = "170" T = "0" Pressure = "0" />
		<Point X = "91" Y = "169" T = "0" Pressure = "0" />
		<Point X = "91" Y = "168" T = "0" Pressure = "0" />
		<Point X = "90" Y = "168" T = "0" Pressure = "0" />
		<Point X = "89" Y = "166" T = "0" Pressure = "0" />
		<Point X = "87" Y = "165" T = "0" Pressure = "0" />
		<Point X = "86" Y = "163" T = "0" Pressure = "0" />
		<Point X = "85" Y = "163" T = "0" Pressure = "0" />
		<Point X = "84" Y = "162" T = "0" Pressure = "0" />
		<Point X = "83" Y = "161" T = "0" Pressure = "0" />
		<Point X = "82" Y = "160" T = "0" Pressure = "0" />
		<Point X = "81" Y = "159" T = "0" Pressure = "0" />
		<Point X = "80" Y = "159" T = "0" Pressure = "0" />
		<Point X = "80" Y = "157" T = "0" Pressure = "0" />
	</Stroke>
</Gesture>
