<?xml version="1.0" encoding="utf-8" standalone="yes"?>
<Gesture Name = "star">
	<Stroke>
		<Point X = "54" Y = "169" T = "0" Pressure = "0" />
		<Point X = "55" Y = "169" T = "0" Pressure = "0" />
		<Point X = "57" Y = "169" T = "0" Pressure = "0" />
		<Point X = "59" Y = "169" T = "0" Pressure = "0" />
		<Point X = "62" Y = "169" T = "0" Pressure = "0" />
		<Point X = "63" Y = "169" T = "0" Pressure = "0" />
		<Point X = "66" Y = "169" T = "0" Pressure = "0" />
		<Point X = "70" Y = "169" T = "0" Pressure = "0" />
		<Point X = "74" Y = "169" T = "0" Pressure = "0" />
		<Point X = "79" Y = "169" T = "0" Pressure = "0" />
		<Point X = "87" Y = "169" T = "0" Pressure = "0" />
		<Point X = "94" Y = "169" T = "0" Pressure = "0" />
		<Point X = "102" Y = "169" T = "0" Pressure = "0" />
		<Point X = "109" Y = "170" T = "0" Pressure = "0" />
		<Point X = "115" Y = "170" T = "0" Pressure = "0" />
		<Point X = "118" Y = "171" T = "0" Pressure = "0" />
		<Point X = "122" Y = "171" T = "0" Pressure = "0" />
		<Point X = "125" Y = "171" T = "0" Pressure = "0" />
		<Point X = "129" Y = "171" T = "0" Pressure = "0" />
		<Point X = "133" Y = "171" T = "0" Pressure = "0" />
		<Point X = "137" Y = "172" T = "0" Pressure = "0" />
		<Point X = "140" Y = "172" T = "0" Pressure = "0" />
		<Point X = "143" Y = "172" T = "0" Pressure = "0" />
		<Point X = "149" Y = "172" T = "0" Pressure = "0" />
		<Point X = "155" Y = "174" T = "0" Pressure = "0" />
		<Point X = "158" Y = "175" T = "0" Pressure = "0" />
		<Point X = "164" Y = "175" T = "0" Pressure = "0" />
		<Point X = "167" Y = "175" T = "0" Pressure = "0" />
		<Point X = "171" Y = "175" T = "0" Pressure = "0" />
		<Point X = "172" Y = "175" T = "0" Pressure = "0" />
		<Point X = "174" Y = "175" T = "0" Pressure = "0" />
		<Point X = "176" Y = "175" T = "0" Pressure = "0" />
		<Point X = "179" Y = "175" T = "0" Pressure = "0" />
		<Point X = "180" Y = "175" T = "0" Pressure = "0" />
		<Point X = "183" Y = "175" T = "0" Pressure = "0" />
		<Point X = "186" Y = "175" T = "0" Pressure = "0" />
		<Point X = "187" Y = "175" T = "0" Pressure = "0" />
		<Point X = "189" Y = "175" T = "0" Pressure = "0" />
		<Point X = "190" Y = "175" T = "0" Pressure = "0" />
		<Point X = "192" Y = "175" T = "0" Pressure = "0" />
		<Point X = "193" Y = "175" T = "0" Pressure = "0" />
		<Point X = "195" Y = "175" T = "0" Pressure = "0" />
		<Point X = "197" Y = "175" T = "0" Pressure = "0" />
		<Point X = "200" Y = "175" T = "0" Pressure = "0" />
		<Point X = "201" Y = "175" T = "0" Pressure = "0" />
		<Point X = "202" Y = "175" T = "0" Pressure = "0" />
		<Point X = "201" Y = "175" T = "0" Pressure = "0" />
		<Point X = "200" Y = "175" T = "0" Pressure = "0" />
		<Point X = "199" Y = "177" T = "0" Pressure = "0" />
		<Point X = "196" Y = "180" T = "0" Pressure = "0" />
		<Point X = "193" Y = "183" T = "0" Pressure = "0" />
		<Point X = "188" Y = "187" T = "0" Pressure = "0" />
		<Point X = "186" Y = "190" T = "0" Pressure = "0" />
		<Point X = "179" Y = "196" T = "0" Pressure = "0" />
		<Point X = "175" Y = "200" T = "0" Pressure = "0" />
		<Point X = "171" Y = "204" T = "0" Pressure = "0" />
		<Point X = "167" Y = "206" T = "0" Pressure = "0" />
		<Point X = "166" Y = "206" T = "0" Pressure = "0" />
		<Point X = "165" Y = "207" T = "0" Pressure = "0" />
		<Point X = "163" Y = "208" T = "0" Pressure = "0" />
		<Point X = "160" Y = "208" T = "0" Pressure = "0" />
		<Point X = "158" Y = "210" T = "0" Pressure = "0" />
		<Point X = "156" Y = "211" T = "0" Pressure = "0" />
		<Point X = "152" Y = "212" T = "0" Pressure = "0" />
		<Point X = "149" Y = "215" T = "0" Pressure = "0" />
		<Point X = "142" Y = "219" T = "0" Pressure = "0" />
		<Point X = "139" Y = "222" T = "0" Pressure = "0" />
		<Point X = "135" Y = "225" T = "0" Pressure = "0" />
		<Point X = "133" Y = "226" T = "0" Pressure = "0" />
		<Point X = "131" Y = "226" T = "0" Pressure = "0" />
		<Point X = "129" Y = "227" T = "0" Pressure = "0" />
		<Point X = "128" Y = "228" T = "0" Pressure = "0" />
		<Point X = "127" Y = "228" T = "0" Pressure = "0" />
		<Point X = "124" Y = "230" T = "0" Pressure = "0" />
		<Point X = "122" Y = "231" T = "0" Pressure = "0" />
		<Point X = "117" Y = "234" T = "0" Pressure = "0" />
		<Point X = "115" Y = "235" T = "0" Pressure = "0" />
		<Point X = "109" Y = "239" T = "0" Pressure = "0" />
		<Point X = "106" Y = "241" T = "0" Pressure = "0" />
		<Point X = "104" Y = "241" T = "0" Pressure = "0" />
		<Point X = "103" Y = "243" T = "0" Pressure = "0" />
		<Point X = "100" Y = "243" T = "0" Pressure = "0" />
		<Point X = "99" Y = "243" T = "0" Pressure = "0" />
		<Point X = "97" Y = "244" T = "0" Pressure = "0" />
		<Point X = "95" Y = "245" T = "0" Pressure = "0" />
		<Point X = "94" Y = "245" T = "0" Pressure = "0" />
		<Point X = "93" Y = "246" T = "0" Pressure = "0" />
		<Point X = "92" Y = "247" T = "0" Pressure = "0" />
		<Point X = "91" Y = "247" T = "0" Pressure = "0" />
		<Point X = "89" Y = "248" T = "0" Pressure = "0" />
		<Point X = "87" Y = "248" T = "0" Pressure = "0" />
		<Point X = "85" Y = "250" T = "0" Pressure = "0" />
		<Point X = "82" Y = "252" T = "0" Pressure = "0" />
		<Point X = "81" Y = "252" T = "0" Pressure = "0" />
		<Point X = "78" Y = "254" T = "0" Pressure = "0" />
		<Point X = "78" Y = "253" T = "0" Pressure = "0" />
		<Point X = "79" Y = "251" T = "0" Pressure = "0" />
		<Point X = "79" Y = "247" T = "0" Pressure = "0" />
		<Point X = "80" Y = "243" T = "0" Pressure = "0" />
		<Point X = "83" Y = "237" T = "0" Pressure = "0" />
		<Point X = "85" Y = "228" T = "0" Pressure = "0" />
		<Point X = "88" Y = "220" T = "0" Pressure = "0" />
		<Point X = "89" Y = "214" T = "0" Pressure = "0" />
		<Point X = "90" Y = "207" T = "0" Pressure = "0" />
		<Point X = "93" Y = "201" T = "0" Pressure = "0" />
		<Point X = "95" Y = "191" T = "0" Pressure = "0" />
		<Point X = "97" Y = "184" T = "0" Pressure = "0" />
		<Point X = "99" Y = "177" T = "0" Pressure = "0" />
		<Point X = "101" Y = "169" T = "0" Pressure = "0" />
		<Point X = "105" Y = "162" T = "0" Pressure = "0" />
		<Point X = "106" Y = "156" T = "0" Pressure = "0" />
		<Point X = "107" Y = "151" T = "0" Pressure = "0" />
		<Point X = "109" Y = "146" T = "0" Pressure = "0" />
		<Point X = "110" Y = "143" T = "0" Pressure = "0" />
		<Point X = "113" Y = "138" T = "0" Pressure = "0" />
		<Point X = "114" Y = "136" T = "0" Pressure = "0" />
		<Point X = "116" Y = "131" T = "0" Pressure = "0" />
		<Point X = "117" Y = "127" T = "0" Pressure = "0" />
		<Point X = "119" Y = "122" T = "0" Pressure = "0" />
		<Point X = "120" Y = "118" T = "0" Pressure = "0" />
		<Point X = "120" Y = "115" T = "0" Pressure = "0" />
		<Point X = "122" Y = "112" T = "0" Pressure = "0" />
		<Point X = "122" Y = "111" T = "0" Pressure = "0" />
		<Point X = "122" Y = "110" T = "0" Pressure = "0" />
		<Point X = "122" Y = "109" T = "0" Pressure = "0" />
		<Point X = "123" Y = "108" T = "0" Pressure = "0" />
		<Point X = "124" Y = "108" T = "0" Pressure = "0" />
		<Point X = "125" Y = "108" T = "0" Pressure = "0" />
		<Point X = "125" Y = "111" T = "0" Pressure = "0" />
		<Point X = "125" Y = "115" T = "0" Pressure = "0" />
		<Point X = "127" Y = "120" T = "0" Pressure = "0" />
		<Point X = "131" Y = "127" T = "0" Pressure = "0" />
		<Point X = "135" Y = "136" T = "0" Pressure = "0" />
		<Point X = "138" Y = "147" T = "0" Pressure = "0" />
		<Point X = "143" Y = "158" T = "0" Pressure = "0" />
		<Point X = "147" Y = "167" T = "0" Pressure = "0" />
		<Point X = "149" Y = "173" T = "0" Pressure = "0" />
		<Point X = "151" Y = "176" T = "0" Pressure = "0" />
		<Point X = "151" Y = "181" T = "0" Pressure = "0" />
		<Point X = "152" Y = "184" T = "0" Pressure = "0" />
		<Point X = "152" Y = "188" T = "0" Pressure = "0" />
		<Point X = "153" Y = "193" T = "0" Pressure = "0" />
		<Point X = "153" Y = "197" T = "0" Pressure = "0" />
		<Point X = "155" Y = "200" T = "0" Pressure = "0" />
		<Point X = "156" Y = "206" T = "0" Pressure = "0" />
		<Point X = "157" Y = "209" T = "0" Pressure = "0" />
		<Point X = "157" Y = "214" T = "0" Pressure = "0" />
		<Point X = "159" Y = "217" T = "0" Pressure = "0" />
		<Point X = "160" Y = "221" T = "0" Pressure = "0" />
		<Point X = "161" Y = "226" T = "0" Pressure = "0" />
		<Point X = "162" Y = "228" T = "0" Pressure = "0" />
		<Point X = "162" Y = "231" T = "0" Pressure = "0" />
		<Point X = "163" Y = "233" T = "0" Pressure = "0" />
		<Point X = "164" Y = "234" T = "0" Pressure = "0" />
		<Point X = "164" Y = "236" T = "0" Pressure = "0" />
		<Point X = "165" Y = "239" T = "0" Pressure = "0" />
		<Point X = "165" Y = "241" T = "0" Pressure = "0" />
		<Point X = "167" Y = "245" T = "0" Pressure = "0" />
		<Point X = "167" Y = "247" T = "0" Pressure = "0" />
		<Point X = "168" Y = "249" T = "0" Pressure = "0" />
		<Point X = "168" Y = "251" T = "0" Pressure = "0" />
		<Point X = "168" Y = "252" T = "0" Pressure = "0" />
		<Point X = "169" Y = "254" T = "0" Pressure = "0" />
		<Point X = "169" Y = "255" T = "0" Pressure = "0" />
		<Point X = "170" Y = "255" T = "0" Pressure = "0" />
		<Point X = "170" Y = "256" T = "0" Pressure = "0" />
		<Point X = "170" Y = "257" T = "0" Pressure = "0" />
		<Point X = "170" Y = "258" T = "0" Pressure = "0" />
		<Point X = "170" Y = "259" T = "0" Pressure = "0" />
		<Point X = "169" Y = "260" T = "0" Pressure = "0" />
		<Point X = "168" Y = "260" T = "0" Pressure = "0" />
		<Point X = "165" Y = "260" T = "0" Pressure = "0" />
		<Point X = "164" Y = "260" T = "0" Pressure = "0" />
		<Point X = "159" Y = "257" T = "0" Pressure = "0" />
		<Point X = "157" Y = "257" T = "0" Pressure = "0" />
		<Point X = "156" Y = "256" T = "0" Pressure = "0" />
		<Point X = "155" Y = "255" T = "0" Pressure = "0" />
		<Point X = "153" Y = "253" T = "0" Pressure = "0" />
		<Point X = "152" Y = "250" T = "0" Pressure = "0" />
		<Point X = "150" Y = "248" T = "0" Pressure = "0" />
		<Point X = "148" Y = "247" T = "0" Pressure = "0" />
		<Point X = "145" Y = "244" T = "0" Pressure = "0" />
		<Point X = "142" Y = "242" T = "0" Pressure = "0" />
		<Point X = "140" Y = "241" T = "0" Pressure = "0" />
		<Point X = "136" Y = "238" T = "0" Pressure = "0" />
		<Point X = "132" Y = "235" T = "0" Pressure = "0" />
		<Point X = "129" Y = "233" T = "0" Pressure = "0" />
		<Point X = "127" Y = "231" T = "0" Pressure = "0" />
		<Point X = "125" Y = "229" T = "0" Pressure = "0" />
		<Point X = "124" Y = "226" T = "0" Pressure = "0" />
		<Point X = "123" Y = "225" T = "0" Pressure = "0" />
		<Point X = "121" Y = "222" T = "0" Pressure = "0" />
		<Point X = "120" Y = "219" T = "0" Pressure = "0" />
		<Point X = "117" Y = "216" T = "0" Pressure = "0" />
		<Point X = "114" Y = "214" T = "0" Pressure = "0" />
		<Point X = "112" Y = "211" T = "0" Pressure = "0" />
		<Point X = "109" Y = "209" T = "0" Pressure = "0" />
		<Point X = "107" Y = "207" T = "0" Pressure = "0" />
		<Point X = "106" Y = "206" T = "0" Pressure = "0" />
		<Point X = "104" Y = "205" T = "0" Pressure = "0" />
		<Point X = "104" Y = "203" T = "0" Pressure = "0" />
		<Point X = "103" Y = "203" T = "0" Pressure = "0" />
		<Point X = "101" Y = "201" T = "0" Pressure = "0" />
		<Point X = "100" Y = "200" T = "0" Pressure = "0" />
		<Point X = "97" Y = "198" T = "0" Pressure = "0" />
		<Point X = "96" Y = "197" T = "0" Pressure = "0" />
		<Point X = "94" Y = "194" T = "0" Pressure = "0" />
		<Point X = "89" Y = "192" T = "0" Pressure = "0" />
		<Point X = "86" Y = "190" T = "0" Pressure = "0" />
		<Point X = "84" Y = "189" T = "0" Pressure = "0" />
		<Point X = "83" Y = "187" T = "0" Pressure = "0" />
		<Point X = "82" Y = "187" T = "0" Pressure = "0" />
		<Point X = "82" Y = "186" T = "0" Pressure = "0" />
		<Point X = "80" Y = "186" T = "0" Pressure = "0" />
		<Point X = "78" Y = "185" T = "0" Pressure = "0" />
		<Point X = "77" Y = "184" T = "0" Pressure = "0" />
		<Point X = "75" Y = "182" T = "0" Pressure = "0" />
		<Point X = "74" Y = "182" T = "0" Pressure = "0" />
		<Point X = "72" Y = "180" T = "0" Pressure = "0" />
		<Point X = "70" Y = "179" T = "0" Pressure = "0" />
		<Point X = "69" Y = "179" T = "0" Pressure = "0" />
		<Point X = "68" Y = "178" T = "0" Pressure = "0" />
		<Point X = "67" Y = "177" T = "0" Pressure = "0" />
		<Point X = "66" Y = "177" T = "0" Pressure = "0" />
		<Point X = "65" Y = "176" T = "0" Pressure = "0" />
		<Point X = "64" Y = "175" T = "0" Pressure = "0" />
		<Point X = "64" Y = "174" T = "0" Pressure = "0" />
		<Point X = "63" Y = "174" T = "0" Pressure = "0" />
		<Point X = "62" Y = "174" T = "0" Pressure = "0" />
		<Point X = "61" Y = "173" T = "0" Pressure = "0" />
		<Point X = "59" Y = "172" T = "0" Pressure = "0" />
		<Point X = "58" Y = "171" T = "0" Pressure = "0" />
		<Point X = "58" Y = "170" T = "0" Pressure = "0" />
		<Point X = "56" Y = "170" T = "0" Pressure = "0" />
		<Point X = "56" Y = "169" T = "0" Pressure = "0" />
		<Point X = "55" Y = "169" T = "0" Pressure = "0" />
		<Point X = "55" Y = "168" T = "0" Pressure = "0" />
		<Point X = "54" Y = "168" T = "0" Pressure = "0" />
		<Point X = "53" Y = "166" T = "0" Pressure = "0" />
		<Point X = "52" Y = "166" T = "0" Pressure = "0" />
	</Stroke>
</Gesture>
