<?xml version="1.0" encoding="utf-8" standalone="yes"?>
<Gesture Name = "star">
	<Stroke>
		<Point X = "121" Y = "237" T = "0" Pressure = "0" />
		<Point X = "122" Y = "237" T = "0" Pressure = "0" />
		<Point X = "126" Y = "237" T = "0" Pressure = "0" />
		<Point X = "131" Y = "237" T = "0" Pressure = "0" />
		<Point X = "135" Y = "236" T = "0" Pressure = "0" />
		<Point X = "139" Y = "236" T = "0" Pressure = "0" />
		<Point X = "146" Y = "236" T = "0" Pressure = "0" />
		<Point X = "152" Y = "236" T = "0" Pressure = "0" />
		<Point X = "159" Y = "236" T = "0" Pressure = "0" />
		<Point X = "165" Y = "236" T = "0" Pressure = "0" />
		<Point X = "171" Y = "236" T = "0" Pressure = "0" />
		<Point X = "175" Y = "236" T = "0" Pressure = "0" />
		<Point X = "181" Y = "237" T = "0" Pressure = "0" />
		<Point X = "187" Y = "237" T = "0" Pressure = "0" />
		<Point X = "191" Y = "238" T = "0" Pressure = "0" />
		<Point X = "198" Y = "239" T = "0" Pressure = "0" />
		<Point X = "204" Y = "239" T = "0" Pressure = "0" />
		<Point X = "211" Y = "239" T = "0" Pressure = "0" />
		<Point X = "215" Y = "239" T = "0" Pressure = "0" />
		<Point X = "222" Y = "239" T = "0" Pressure = "0" />
		<Point X = "227" Y = "239" T = "0" Pressure = "0" />
		<Point X = "230" Y = "239" T = "0" Pressure = "0" />
		<Point X = "234" Y = "239" T = "0" Pressure = "0" />
		<Point X = "237" Y = "239" T = "0" Pressure = "0" />
		<Point X = "239" Y = "239" T = "0" Pressure = "0" />
		<Point X = "240" Y = "239" T = "0" Pressure = "0" />
		<Point X = "243" Y = "239" T = "0" Pressure = "0" />
		<Point X = "246" Y = "239" T = "0" Pressure = "0" />
		<Point X = "251" Y = "238" T = "0" Pressure = "0" />
		<Point X = "255" Y = "238" T = "0" Pressure = "0" />
		<Point X = "260" Y = "238" T = "0" Pressure = "0" />
		<Point X = "269" Y = "238" T = "0" Pressure = "0" />
		<Point X = "274" Y = "238" T = "0" Pressure = "0" />
		<Point X = "278" Y = "238" T = "0" Pressure = "0" />
		<Point X = "283" Y = "238" T = "0" Pressure = "0" />
		<Point X = "284" Y = "238" T = "0" Pressure = "0" />
		<Point X = "286" Y = "238" T = "0" Pressure = "0" />
		<Point X = "287" Y = "238" T = "0" Pressure = "0" />
		<Point X = "289" Y = "238" T = "0" Pressure = "0" />
		<Point X = "291" Y = "238" T = "0" Pressure = "0" />
		<Point X = "292" Y = "237" T = "0" Pressure = "0" />
		<Point X = "293" Y = "237" T = "0" Pressure = "0" />
		<Point X = "294" Y = "237" T = "0" Pressure = "0" />
		<Point X = "293" Y = "237" T = "0" Pressure = "0" />
		<Point X = "292" Y = "237" T = "0" Pressure = "0" />
		<Point X = "290" Y = "237" T = "0" Pressure = "0" />
		<Point X = "289" Y = "238" T = "0" Pressure = "0" />
		<Point X = "286" Y = "239" T = "0" Pressure = "0" />
		<Point X = "283" Y = "241" T = "0" Pressure = "0" />
		<Point X = "279" Y = "245" T = "0" Pressure = "0" />
		<Point X = "274" Y = "250" T = "0" Pressure = "0" />
		<Point X = "268" Y = "255" T = "0" Pressure = "0" />
		<Point X = "260" Y = "260" T = "0" Pressure = "0" />
		<Point X = "253" Y = "266" T = "0" Pressure = "0" />
		<Point X = "244" Y = "271" T = "0" Pressure = "0" />
		<Point X = "236" Y = "274" T = "0" Pressure = "0" />
		<Point X = "232" Y = "278" T = "0" Pressure = "0" />
		<Point X = "227" Y = "279" T = "0" Pressure = "0" />
		<Point X = "222" Y = "282" T = "0" Pressure = "0" />
		<Point X = "221" Y = "282" T = "0" Pressure = "0" />
		<Point X = "219" Y = "283" T = "0" Pressure = "0" />
		<Point X = "216" Y = "283" T = "0" Pressure = "0" />
		<Point X = "213" Y = "285" T = "0" Pressure = "0" />
		<Point X = "210" Y = "286" T = "0" Pressure = "0" />
		<Point X = "207" Y = "287" T = "0" Pressure = "0" />
		<Point X = "204" Y = "287" T = "0" Pressure = "0" />
		<Point X = "201" Y = "288" T = "0" Pressure = "0" />
		<Point X = "197" Y = "290" T = "0" Pressure = "0" />
		<Point X = "195" Y = "291" T = "0" Pressure = "0" />
		<Point X = "192" Y = "292" T = "0" Pressure = "0" />
		<Point X = "189" Y = "294" T = "0" Pressure = "0" />
		<Point X = "187" Y = "295" T = "0" Pressure = "0" />
		<Point X = "183" Y = "298" T = "0" Pressure = "0" />
		<Point X = "180" Y = "299" T = "0" Pressure = "0" />
		<Point X = "176" Y = "300" T = "0" Pressure = "0" />
		<Point X = "171" Y = "303" T = "0" Pressure = "0" />
		<Point X = "168" Y = "304" T = "0" Pressure = "0" />
		<Point X = "163" Y = "306" T = "0" Pressure = "0" />
		<Point X = "160" Y = "307" T = "0" Pressure = "0" />
		<Point X = "160" Y = "308" T = "0" Pressure = "0" />
		<Point X = "158" Y = "308" T = "0" Pressure = "0" />
		<Point X = "154" Y = "309" T = "0" Pressure = "0" />
		<Point X = "153" Y = "310" T = "0" Pressure = "0" />
		<Point X = "152" Y = "310" T = "0" Pressure = "0" />
		<Point X = "150" Y = "311" T = "0" Pressure = "0" />
		<Point X = "149" Y = "311" T = "0" Pressure = "0" />
		<Point X = "149" Y = "312" T = "0" Pressure = "0" />
		<Point X = "147" Y = "313" T = "0" Pressure = "0" />
		<Point X = "147" Y = "314" T = "0" Pressure = "0" />
		<Point X = "148" Y = "313" T = "0" Pressure = "0" />
		<Point X = "148" Y = "312" T = "0" Pressure = "0" />
		<Point X = "150" Y = "311" T = "0" Pressure = "0" />
		<Point X = "151" Y = "309" T = "0" Pressure = "0" />
		<Point X = "154" Y = "306" T = "0" Pressure = "0" />
		<Point X = "159" Y = "300" T = "0" Pressure = "0" />
		<Point X = "161" Y = "296" T = "0" Pressure = "0" />
		<Point X = "164" Y = "291" T = "0" Pressure = "0" />
		<Point X = "169" Y = "285" T = "0" Pressure = "0" />
		<Point X = "171" Y = "277" T = "0" Pressure = "0" />
		<Point X = "174" Y = "271" T = "0" Pressure = "0" />
		<Point X = "176" Y = "266" T = "0" Pressure = "0" />
		<Point X = "179" Y = "259" T = "0" Pressure = "0" />
		<Point X = "181" Y = "251" T = "0" Pressure = "0" />
		<Point X = "184" Y = "245" T = "0" Pressure = "0" />
		<Point X = "186" Y = "240" T = "0" Pressure = "0" />
		<Point X = "190" Y = "233" T = "0" Pressure = "0" />
		<Point X = "191" Y = "230" T = "0" Pressure = "0" />
		<Point X = "192" Y = "227" T = "0" Pressure = "0" />
		<Point X = "193" Y = "225" T = "0" Pressure = "0" />
		<Point X = "194" Y = "222" T = "0" Pressure = "0" />
		<Point X = "195" Y = "221" T = "0" Pressure = "0" />
		<Point X = "196" Y = "219" T = "0" Pressure = "0" />
		<Point X = "196" Y = "217" T = "0" Pressure = "0" />
		<Point X = "197" Y = "217" T = "0" Pressure = "0" />
		<Point X = "197" Y = "216" T = "0" Pressure = "0" />
		<Point X = "197" Y = "214" T = "0" Pressure = "0" />
		<Point X = "198" Y = "213" T = "0" Pressure = "0" />
		<Point X = "200" Y = "209" T = "0" Pressure = "0" />
		<Point X = "200" Y = "206" T = "0" Pressure = "0" />
		<Point X = "201" Y = "203" T = "0" Pressure = "0" />
		<Point X = "202" Y = "200" T = "0" Pressure = "0" />
		<Point X = "204" Y = "195" T = "0" Pressure = "0" />
		<Point X = "205" Y = "192" T = "0" Pressure = "0" />
		<Point X = "206" Y = "189" T = "0" Pressure = "0" />
		<Point X = "208" Y = "185" T = "0" Pressure = "0" />
		<Point X = "209" Y = "184" T = "0" Pressure = "0" />
		<Point X = "210" Y = "181" T = "0" Pressure = "0" />
		<Point X = "212" Y = "178" T = "0" Pressure = "0" />
		<Point X = "213" Y = "177" T = "0" Pressure = "0" />
		<Point X = "213" Y = "176" T = "0" Pressure = "0" />
		<Point X = "214" Y = "174" T = "0" Pressure = "0" />
		<Point X = "215" Y = "173" T = "0" Pressure = "0" />
		<Point X = "216" Y = "172" T = "0" Pressure = "0" />
		<Point X = "217" Y = "170" T = "0" Pressure = "0" />
		<Point X = "218" Y = "169" T = "0" Pressure = "0" />
		<Point X = "220" Y = "167" T = "0" Pressure = "0" />
		<Point X = "221" Y = "164" T = "0" Pressure = "0" />
		<Point X = "223" Y = "163" T = "0" Pressure = "0" />
		<Point X = "224" Y = "161" T = "0" Pressure = "0" />
		<Point X = "227" Y = "159" T = "0" Pressure = "0" />
		<Point X = "227" Y = "157" T = "0" Pressure = "0" />
		<Point X = "228" Y = "156" T = "0" Pressure = "0" />
		<Point X = "228" Y = "155" T = "0" Pressure = "0" />
		<Point X = "229" Y = "154" T = "0" Pressure = "0" />
		<Point X = "229" Y = "153" T = "0" Pressure = "0" />
		<Point X = "230" Y = "153" T = "0" Pressure = "0" />
		<Point X = "231" Y = "154" T = "0" Pressure = "0" />
		<Point X = "231" Y = "156" T = "0" Pressure = "0" />
		<Point X = "234" Y = "160" T = "0" Pressure = "0" />
		<Point X = "235" Y = "163" T = "0" Pressure = "0" />
		<Point X = "236" Y = "168" T = "0" Pressure = "0" />
		<Point X = "238" Y = "175" T = "0" Pressure = "0" />
		<Point X = "240" Y = "185" T = "0" Pressure = "0" />
		<Point X = "241" Y = "189" T = "0" Pressure = "0" />
		<Point X = "243" Y = "195" T = "0" Pressure = "0" />
		<Point X = "244" Y = "200" T = "0" Pressure = "0" />
		<Point X = "244" Y = "204" T = "0" Pressure = "0" />
		<Point X = "244" Y = "207" T = "0" Pressure = "0" />
		<Point X = "245" Y = "209" T = "0" Pressure = "0" />
		<Point X = "246" Y = "213" T = "0" Pressure = "0" />
		<Point X = "248" Y = "215" T = "0" Pressure = "0" />
		<Point X = "248" Y = "216" T = "0" Pressure = "0" />
		<Point X = "249" Y = "219" T = "0" Pressure = "0" />
		<Point X = "249" Y = "221" T = "0" Pressure = "0" />
		<Point X = "251" Y = "223" T = "0" Pressure = "0" />
		<Point X = "252" Y = "226" T = "0" Pressure = "0" />
		<Point X = "253" Y = "229" T = "0" Pressure = "0" />
		<Point X = "255" Y = "233" T = "0" Pressure = "0" />
		<Point X = "255" Y = "234" T = "0" Pressure = "0" />
		<Point X = "255" Y = "237" T = "0" Pressure = "0" />
		<Point X = "255" Y = "240" T = "0" Pressure = "0" />
		<Point X = "255" Y = "243" T = "0" Pressure = "0" />
		<Point X = "256" Y = "246" T = "0" Pressure = "0" />
		<Point X = "256" Y = "250" T = "0" Pressure = "0" />
		<Point X = "257" Y = "253" T = "0" Pressure = "0" />
		<Point X = "257" Y = "257" T = "0" Pressure = "0" />
		<Point X = "259" Y = "261" T = "0" Pressure = "0" />
		<Point X = "259" Y = "263" T = "0" Pressure = "0" />
		<Point X = "260" Y = "265" T = "0" Pressure = "0" />
		<Point X = "261" Y = "267" T = "0" Pressure = "0" />
		<Point X = "261" Y = "268" T = "0" Pressure = "0" />
		<Point X = "261" Y = "269" T = "0" Pressure = "0" />
		<Point X = "262" Y = "272" T = "0" Pressure = "0" />
		<Point X = "262" Y = "273" T = "0" Pressure = "0" />
		<Point X = "262" Y = "276" T = "0" Pressure = "0" />
		<Point X = "263" Y = "279" T = "0" Pressure = "0" />
		<Point X = "263" Y = "280" T = "0" Pressure = "0" />
		<Point X = "263" Y = "283" T = "0" Pressure = "0" />
		<Point X = "263" Y = "286" T = "0" Pressure = "0" />
		<Point X = "263" Y = "289" T = "0" Pressure = "0" />
		<Point X = "263" Y = "291" T = "0" Pressure = "0" />
		<Point X = "263" Y = "292" T = "0" Pressure = "0" />
		<Point X = "263" Y = "295" T = "0" Pressure = "0" />
		<Point X = "263" Y = "297" T = "0" Pressure = "0" />
		<Point X = "263" Y = "298" T = "0" Pressure = "0" />
		<Point X = "263" Y = "299" T = "0" Pressure = "0" />
		<Point X = "263" Y = "301" T = "0" Pressure = "0" />
		<Point X = "263" Y = "302" T = "0" Pressure = "0" />
		<Point X = "264" Y = "302" T = "0" Pressure = "0" />
		<Point X = "264" Y = "304" T = "0" Pressure = "0" />
		<Point X = "266" Y = "306" T = "0" Pressure = "0" />
		<Point X = "266" Y = "307" T = "0" Pressure = "0" />
		<Point X = "266" Y = "309" T = "0" Pressure = "0" />
		<Point X = "266" Y = "311" T = "0" Pressure = "0" />
		<Point X = "266" Y = "312" T = "0" Pressure = "0" />
		<Point X = "266" Y = "315" T = "0" Pressure = "0" />
		<Point X = "266" Y = "317" T = "0" Pressure = "0" />
		<Point X = "267" Y = "320" T = "0" Pressure = "0" />
		<Point X = "267" Y = "323" T = "0" Pressure = "0" />
		<Point X = "267" Y = "325" T = "0" Pressure = "0" />
		<Point X = "268" Y = "326" T = "0" Pressure = "0" />
		<Point X = "268" Y = "327" T = "0" Pressure = "0" />
		<Point X = "268" Y = "328" T = "0" Pressure = "0" />
		<Point X = "268" Y = "329" T = "0" Pressure = "0" />
		<Point X = "266" Y = "329" T = "0" Pressure = "0" />
		<Point X = "264" Y = "329" T = "0" Pressure = "0" />
		<Point X = "262" Y = "329" T = "0" Pressure = "0" />
		<Point X = "260" Y = "329" T = "0" Pressure = "0" />
		<Point X = "259" Y = "328" T = "0" Pressure = "0" />
		<Point X = "257" Y = "328" T = "0" Pressure = "0" />
		<Point X = "256" Y = "326" T = "0" Pressure = "0" />
		<Point X = "254" Y = "325" T = "0" Pressure = "0" />
		<Point X = "253" Y = "324" T = "0" Pressure = "0" />
		<Point X = "251" Y = "323" T = "0" Pressure = "0" />
		<Point X = "249" Y = "321" T = "0" Pressure = "0" />
		<Point X = "246" Y = "318" T = "0" Pressure = "0" />
		<Point X = "241" Y = "316" T = "0" Pressure = "0" />
		<Point X = "236" Y = "312" T = "0" Pressure = "0" />
		<Point X = "231" Y = "308" T = "0" Pressure = "0" />
		<Point X = "229" Y = "307" T = "0" Pressure = "0" />
		<Point X = "224" Y = "305" T = "0" Pressure = "0" />
		<Point X = "222" Y = "304" T = "0" Pressure = "0" />
		<Point X = "219" Y = "303" T = "0" Pressure = "0" />
		<Point X = "218" Y = "303" T = "0" Pressure = "0" />
		<Point X = "217" Y = "302" T = "0" Pressure = "0" />
		<Point X = "216" Y = "302" T = "0" Pressure = "0" />
		<Point X = "215" Y = "302" T = "0" Pressure = "0" />
		<Point X = "213" Y = "301" T = "0" Pressure = "0" />
		<Point X = "212" Y = "300" T = "0" Pressure = "0" />
		<Point X = "208" Y = "296" T = "0" Pressure = "0" />
		<Point X = "205" Y = "293" T = "0" Pressure = "0" />
		<Point X = "200" Y = "289" T = "0" Pressure = "0" />
		<Point X = "196" Y = "287" T = "0" Pressure = "0" />
		<Point X = "194" Y = "285" T = "0" Pressure = "0" />
		<Point X = "191" Y = "283" T = "0" Pressure = "0" />
		<Point X = "190" Y = "282" T = "0" Pressure = "0" />
		<Point X = "189" Y = "282" T = "0" Pressure = "0" />
		<Point X = "186" Y = "281" T = "0" Pressure = "0" />
		<Point X = "185" Y = "280" T = "0" Pressure = "0" />
		<Point X = "184" Y = "280" T = "0" Pressure = "0" />
		<Point X = "182" Y = "278" T = "0" Pressure = "0" />
		<Point X = "179" Y = "276" T = "0" Pressure = "0" />
		<Point X = "174" Y = "274" T = "0" Pressure = "0" />
		<Point X = "169" Y = "270" T = "0" Pressure = "0" />
		<Point X = "163" Y = "267" T = "0" Pressure = "0" />
		<Point X = "160" Y = "265" T = "0" Pressure = "0" />
		<Point X = "159" Y = "265" T = "0" Pressure = "0" />
		<Point X = "155" Y = "264" T = "0" Pressure = "0" />
		<Point X = "154" Y = "262" T = "0" Pressure = "0" />
		<Point X = "153" Y = "261" T = "0" Pressure = "0" />
		<Point X = "152" Y = "260" T = "0" Pressure = "0" />
		<Point X = "150" Y = "257" T = "0" Pressure = "0" />
		<Point X = "150" Y = "256" T = "0" Pressure = "0" />
		<Point X = "149" Y = "253" T = "0" Pressure = "0" />
		<Point X = "147" Y = "250" T = "0" Pressure = "0" />
		<Point X = "146" Y = "248" T = "0" Pressure = "0" />
		<Point X = "145" Y = "246" T = "0" Pressure = "0" />
		<Point X = "144" Y = "244" T = "0" Pressure = "0" />
		<Point X = "143" Y = "243" T = "0" Pressure = "0" />
		<Point X = "143" Y = "242" T = "0" Pressure = "0" />
		<Point X = "142" Y = "241" T = "0" Pressure = "0" />
		<Point X = "140" Y = "240" T = "0" Pressure = "0" />
		<Point X = "139" Y = "240" T = "0" Pressure = "0" />
		<Point X = "137" Y = "239" T = "0" Pressure = "0" />
		<Point X = "135" Y = "238" T = "0" Pressure = "0" />
		<Point X = "134" Y = "238" T = "0" Pressure = "0" />
		<Point X = "134" Y = "237" T = "0" Pressure = "0" />
		<Point X = "133" Y = "237" T = "0" Pressure = "0" />
		<Point X = "132" Y = "235" T = "0" Pressure = "0" />
		<Point X = "131" Y = "235" T = "0" Pressure = "0" />
		<Point X = "131" Y = "234" T = "0" Pressure = "0" />
		<Point X = "130" Y = "234" T = "0" Pressure = "0" />
		<Point X = "130" Y = "233" T = "0" Pressure = "0" />
		<Point X = "129" Y = "233" T = "0" Pressure = "0" />
	</Stroke>
</Gesture>
