<?xml version="1.0" encoding="utf-8" standalone="yes"?>
<Gesture Name = "star">
	<Stroke>
		<Point X = "65" Y = "97" T = "0" Pressure = "0" />
		<Point X = "68" Y = "97" T = "0" Pressure = "0" />
		<Point X = "69" Y = "98" T = "0" Pressure = "0" />
		<Point X = "73" Y = "100" T = "0" Pressure = "0" />
		<Point X = "76" Y = "102" T = "0" Pressure = "0" />
		<Point X = "77" Y = "102" T = "0" Pressure = "0" />
		<Point X = "79" Y = "103" T = "0" Pressure = "0" />
		<Point X = "82" Y = "103" T = "0" Pressure = "0" />
		<Point X = "85" Y = "104" T = "0" Pressure = "0" />
		<Point X = "88" Y = "104" T = "0" Pressure = "0" />
		<Point X = "92" Y = "105" T = "0" Pressure = "0" />
		<Point X = "95" Y = "105" T = "0" Pressure = "0" />
		<Point X = "99" Y = "105" T = "0" Pressure = "0" />
		<Point X = "102" Y = "105" T = "0" Pressure = "0" />
		<Point X = "107" Y = "105" T = "0" Pressure = "0" />
		<Point X = "112" Y = "105" T = "0" Pressure = "0" />
		<Point X = "120" Y = "105" T = "0" Pressure = "0" />
		<Point X = "126" Y = "106" T = "0" Pressure = "0" />
		<Point X = "130" Y = "107" T = "0" Pressure = "0" />
		<Point X = "134" Y = "107" T = "0" Pressure = "0" />
		<Point X = "139" Y = "108" T = "0" Pressure = "0" />
		<Point X = "143" Y = "109" T = "0" Pressure = "0" />
		<Point X = "146" Y = "110" T = "0" Pressure = "0" />
		<Point X = "150" Y = "110" T = "0" Pressure = "0" />
		<Point X = "155" Y = "110" T = "0" Pressure = "0" />
		<Point X = "159" Y = "110" T = "0" Pressure = "0" />
		<Point X = "163" Y = "110" T = "0" Pressure = "0" />
		<Point X = "169" Y = "110" T = "0" Pressure = "0" />
		<Point X = "173" Y = "110" T = "0" Pressure = "0" />
		<Point X = "177" Y = "110" T = "0" Pressure = "0" />
		<Point X = "181" Y = "110" T = "0" Pressure = "0" />
		<Point X = "186" Y = "110" T = "0" Pressure = "0" />
		<Point X = "188" Y = "110" T = "0" Pressure = "0" />
		<Point X = "190" Y = "110" T = "0" Pressure = "0" />
		<Point X = "193" Y = "110" T = "0" Pressure = "0" />
		<Point X = "196" Y = "110" T = "0" Pressure = "0" />
		<Point X = "200" Y = "109" T = "0" Pressure = "0" />
		<Point X = "205" Y = "109" T = "0" Pressure = "0" />
		<Point X = "208" Y = "108" T = "0" Pressure = "0" />
		<Point X = "213" Y = "108" T = "0" Pressure = "0" />
		<Point X = "218" Y = "107" T = "0" Pressure = "0" />
		<Point X = "220" Y = "106" T = "0" Pressure = "0" />
		<Point X = "223" Y = "106" T = "0" Pressure = "0" />
		<Point X = "226" Y = "105" T = "0" Pressure = "0" />
		<Point X = "228" Y = "105" T = "0" Pressure = "0" />
		<Point X = "230" Y = "105" T = "0" Pressure = "0" />
		<Point X = "231" Y = "104" T = "0" Pressure = "0" />
		<Point X = "234" Y = "104" T = "0" Pressure = "0" />
		<Point X = "235" Y = "104" T = "0" Pressure = "0" />
		<Point X = "236" Y = "104" T = "0" Pressure = "0" />
		<Point X = "237" Y = "104" T = "0" Pressure = "0" />
		<Point X = "236" Y = "106" T = "0" Pressure = "0" />
		<Point X = "233" Y = "110" T = "0" Pressure = "0" />
		<Point X = "228" Y = "116" T = "0" Pressure = "0" />
		<Point X = "226" Y = "118" T = "0" Pressure = "0" />
		<Point X = "221" Y = "123" T = "0" Pressure = "0" />
		<Point X = "219" Y = "126" T = "0" Pressure = "0" />
		<Point X = "215" Y = "130" T = "0" Pressure = "0" />
		<Point X = "209" Y = "134" T = "0" Pressure = "0" />
		<Point X = "207" Y = "135" T = "0" Pressure = "0" />
		<Point X = "205" Y = "136" T = "0" Pressure = "0" />
		<Point X = "202" Y = "138" T = "0" Pressure = "0" />
		<Point X = "200" Y = "139" T = "0" Pressure = "0" />
		<Point X = "198" Y = "140" T = "0" Pressure = "0" />
		<Point X = "194" Y = "142" T = "0" Pressure = "0" />
		<Point X = "191" Y = "142" T = "0" Pressure = "0" />
		<Point X = "185" Y = "143" T = "0" Pressure = "0" />
		<Point X = "178" Y = "146" T = "0" Pressure = "0" />
		<Point X = "171" Y = "147" T = "0" Pressure = "0" />
		<Point X = "165" Y = "149" T = "0" Pressure = "0" />
		<Point X = "159" Y = "152" T = "0" Pressure = "0" />
		<Point X = "151" Y = "154" T = "0" Pressure = "0" />
		<Point X = "144" Y = "158" T = "0" Pressure = "0" />
		<Point X = "137" Y = "162" T = "0" Pressure = "0" />
		<Point X = "133" Y = "163" T = "0" Pressure = "0" />
		<Point X = "129" Y = "165" T = "0" Pressure = "0" />
		<Point X = "125" Y = "166" T = "0" Pressure = "0" />
		<Point X = "125" Y = "167" T = "0" Pressure = "0" />
		<Point X = "123" Y = "167" T = "0" Pressure = "0" />
		<Point X = "121" Y = "169" T = "0" Pressure = "0" />
		<Point X = "120" Y = "170" T = "0" Pressure = "0" />
		<Point X = "118" Y = "171" T = "0" Pressure = "0" />
		<Point X = "116" Y = "173" T = "0" Pressure = "0" />
		<Point X = "115" Y = "174" T = "0" Pressure = "0" />
		<Point X = "112" Y = "176" T = "0" Pressure = "0" />
		<Point X = "110" Y = "178" T = "0" Pressure = "0" />
		<Point X = "109" Y = "180" T = "0" Pressure = "0" />
		<Point X = "107" Y = "181" T = "0" Pressure = "0" />
		<Point X = "106" Y = "183" T = "0" Pressure = "0" />
		<Point X = "104" Y = "185" T = "0" Pressure = "0" />
		<Point X = "103" Y = "187" T = "0" Pressure = "0" />
		<Point X = "102" Y = "188" T = "0" Pressure = "0" />
		<Point X = "101" Y = "189" T = "0" Pressure = "0" />
		<Point X = "100" Y = "190" T = "0" Pressure = "0" />
		<Point X = "100" Y = "191" T = "0" Pressure = "0" />
		<Point X = "99" Y = "192" T = "0" Pressure = "0" />
		<Point X = "98" Y = "192" T = "0" Pressure = "0" />
		<Point X = "97" Y = "192" T = "0" Pressure = "0" />
		<Point X = "97" Y = "190" T = "0" Pressure = "0" />
		<Point X = "99" Y = "182" T = "0" Pressure = "0" />
		<Point X = "99" Y = "176" T = "0" Pressure = "0" />
		<Point X = "103" Y = "169" T = "0" Pressure = "0" />
		<Point X = "106" Y = "162" T = "0" Pressure = "0" />
		<Point X = "109" Y = "156" T = "0" Pressure = "0" />
		<Point X = "111" Y = "150" T = "0" Pressure = "0" />
		<Point X = "113" Y = "145" T = "0" Pressure = "0" />
		<Point X = "114" Y = "142" T = "0" Pressure = "0" />
		<Point X = "115" Y = "139" T = "0" Pressure = "0" />
		<Point X = "117" Y = "137" T = "0" Pressure = "0" />
		<Point X = "118" Y = "135" T = "0" Pressure = "0" />
		<Point X = "118" Y = "134" T = "0" Pressure = "0" />
		<Point X = "119" Y = "132" T = "0" Pressure = "0" />
		<Point X = "119" Y = "131" T = "0" Pressure = "0" />
		<Point X = "119" Y = "129" T = "0" Pressure = "0" />
		<Point X = "119" Y = "128" T = "0" Pressure = "0" />
		<Point X = "120" Y = "125" T = "0" Pressure = "0" />
		<Point X = "122" Y = "122" T = "0" Pressure = "0" />
		<Point X = "122" Y = "120" T = "0" Pressure = "0" />
		<Point X = "124" Y = "115" T = "0" Pressure = "0" />
		<Point X = "124" Y = "113" T = "0" Pressure = "0" />
		<Point X = "125" Y = "109" T = "0" Pressure = "0" />
		<Point X = "126" Y = "107" T = "0" Pressure = "0" />
		<Point X = "127" Y = "103" T = "0" Pressure = "0" />
		<Point X = "129" Y = "97" T = "0" Pressure = "0" />
		<Point X = "129" Y = "95" T = "0" Pressure = "0" />
		<Point X = "130" Y = "92" T = "0" Pressure = "0" />
		<Point X = "131" Y = "87" T = "0" Pressure = "0" />
		<Point X = "134" Y = "81" T = "0" Pressure = "0" />
		<Point X = "135" Y = "79" T = "0" Pressure = "0" />
		<Point X = "137" Y = "76" T = "0" Pressure = "0" />
		<Point X = "138" Y = "72" T = "0" Pressure = "0" />
		<Point X = "139" Y = "69" T = "0" Pressure = "0" />
		<Point X = "141" Y = "67" T = "0" Pressure = "0" />
		<Point X = "142" Y = "64" T = "0" Pressure = "0" />
		<Point X = "144" Y = "60" T = "0" Pressure = "0" />
		<Point X = "146" Y = "57" T = "0" Pressure = "0" />
		<Point X = "147" Y = "55" T = "0" Pressure = "0" />
		<Point X = "149" Y = "53" T = "0" Pressure = "0" />
		<Point X = "152" Y = "50" T = "0" Pressure = "0" />
		<Point X = "153" Y = "48" T = "0" Pressure = "0" />
		<Point X = "156" Y = "46" T = "0" Pressure = "0" />
		<Point X = "156" Y = "45" T = "0" Pressure = "0" />
		<Point X = "157" Y = "45" T = "0" Pressure = "0" />
		<Point X = "158" Y = "44" T = "0" Pressure = "0" />
		<Point X = "158" Y = "43" T = "0" Pressure = "0" />
		<Point X = "159" Y = "43" T = "0" Pressure = "0" />
		<Point X = "159" Y = "45" T = "0" Pressure = "0" />
		<Point X = "159" Y = "47" T = "0" Pressure = "0" />
		<Point X = "162" Y = "52" T = "0" Pressure = "0" />
		<Point X = "164" Y = "59" T = "0" Pressure = "0" />
		<Point X = "166" Y = "64" T = "0" Pressure = "0" />
		<Point X = "167" Y = "70" T = "0" Pressure = "0" />
		<Point X = "169" Y = "77" T = "0" Pressure = "0" />
		<Point X = "171" Y = "84" T = "0" Pressure = "0" />
		<Point X = "173" Y = "90" T = "0" Pressure = "0" />
		<Point X = "175" Y = "100" T = "0" Pressure = "0" />
		<Point X = "177" Y = "104" T = "0" Pressure = "0" />
		<Point X = "179" Y = "112" T = "0" Pressure = "0" />
		<Point X = "181" Y = "119" T = "0" Pressure = "0" />
		<Point X = "182" Y = "123" T = "0" Pressure = "0" />
		<Point X = "183" Y = "126" T = "0" Pressure = "0" />
		<Point X = "183" Y = "132" T = "0" Pressure = "0" />
		<Point X = "184" Y = "134" T = "0" Pressure = "0" />
		<Point X = "184" Y = "138" T = "0" Pressure = "0" />
		<Point X = "185" Y = "142" T = "0" Pressure = "0" />
		<Point X = "186" Y = "145" T = "0" Pressure = "0" />
		<Point X = "187" Y = "148" T = "0" Pressure = "0" />
		<Point X = "188" Y = "150" T = "0" Pressure = "0" />
		<Point X = "189" Y = "155" T = "0" Pressure = "0" />
		<Point X = "190" Y = "158" T = "0" Pressure = "0" />
		<Point X = "191" Y = "161" T = "0" Pressure = "0" />
		<Point X = "192" Y = "165" T = "0" Pressure = "0" />
		<Point X = "194" Y = "170" T = "0" Pressure = "0" />
		<Point X = "194" Y = "171" T = "0" Pressure = "0" />
		<Point X = "194" Y = "173" T = "0" Pressure = "0" />
		<Point X = "194" Y = "175" T = "0" Pressure = "0" />
		<Point X = "195" Y = "177" T = "0" Pressure = "0" />
		<Point X = "195" Y = "178" T = "0" Pressure = "0" />
		<Point X = "195" Y = "179" T = "0" Pressure = "0" />
		<Point X = "195" Y = "181" T = "0" Pressure = "0" />
		<Point X = "195" Y = "183" T = "0" Pressure = "0" />
		<Point X = "195" Y = "184" T = "0" Pressure = "0" />
		<Point X = "195" Y = "186" T = "0" Pressure = "0" />
		<Point X = "195" Y = "187" T = "0" Pressure = "0" />
		<Point X = "195" Y = "189" T = "0" Pressure = "0" />
		<Point X = "195" Y = "191" T = "0" Pressure = "0" />
		<Point X = "195" Y = "193" T = "0" Pressure = "0" />
		<Point X = "195" Y = "195" T = "0" Pressure = "0" />
		<Point X = "195" Y = "196" T = "0" Pressure = "0" />
		<Point X = "195" Y = "198" T = "0" Pressure = "0" />
		<Point X = "195" Y = "200" T = "0" Pressure = "0" />
		<Point X = "195" Y = "201" T = "0" Pressure = "0" />
		<Point X = "195" Y = "200" T = "0" Pressure = "0" />
		<Point X = "194" Y = "200" T = "0" Pressure = "0" />
		<Point X = "192" Y = "199" T = "0" Pressure = "0" />
		<Point X = "190" Y = "197" T = "0" Pressure = "0" />
		<Point X = "186" Y = "195" T = "0" Pressure = "0" />
		<Point X = "183" Y = "192" T = "0" Pressure = "0" />
		<Point X = "179" Y = "191" T = "0" Pressure = "0" />
		<Point X = "174" Y = "187" T = "0" Pressure = "0" />
		<Point X = "169" Y = "183" T = "0" Pressure = "0" />
		<Point X = "163" Y = "177" T = "0" Pressure = "0" />
		<Point X = "156" Y = "171" T = "0" Pressure = "0" />
		<Point X = "149" Y = "166" T = "0" Pressure = "0" />
		<Point X = "144" Y = "161" T = "0" Pressure = "0" />
		<Point X = "138" Y = "154" T = "0" Pressure = "0" />
		<Point X = "132" Y = "149" T = "0" Pressure = "0" />
		<Point X = "130" Y = "146" T = "0" Pressure = "0" />
		<Point X = "126" Y = "143" T = "0" Pressure = "0" />
		<Point X = "123" Y = "140" T = "0" Pressure = "0" />
		<Point X = "120" Y = "136" T = "0" Pressure = "0" />
		<Point X = "118" Y = "134" T = "0" Pressure = "0" />
		<Point X = "116" Y = "133" T = "0" Pressure = "0" />
		<Point X = "114" Y = "130" T = "0" Pressure = "0" />
		<Point X = "113" Y = "130" T = "0" Pressure = "0" />
		<Point X = "113" Y = "129" T = "0" Pressure = "0" />
		<Point X = "113" Y = "128" T = "0" Pressure = "0" />
		<Point X = "111" Y = "126" T = "0" Pressure = "0" />
		<Point X = "110" Y = "125" T = "0" Pressure = "0" />
		<Point X = "109" Y = "125" T = "0" Pressure = "0" />
		<Point X = "108" Y = "123" T = "0" Pressure = "0" />
		<Point X = "107" Y = "122" T = "0" Pressure = "0" />
		<Point X = "106" Y = "121" T = "0" Pressure = "0" />
		<Point X = "105" Y = "119" T = "0" Pressure = "0" />
		<Point X = "103" Y = "117" T = "0" Pressure = "0" />
		<Point X = "101" Y = "112" T = "0" Pressure = "0" />
		<Point X = "100" Y = "111" T = "0" Pressure = "0" />
		<Point X = "99" Y = "109" T = "0" Pressure = "0" />
		<Point X = "97" Y = "106" T = "0" Pressure = "0" />
		<Point X = "96" Y = "105" T = "0" Pressure = "0" />
		<Point X = "95" Y = "104" T = "0" Pressure = "0" />
		<Point X = "95" Y = "101" T = "0" Pressure = "0" />
		<Point X = "93" Y = "101" T = "0" Pressure = "0" />
		<Point X = "93" Y = "100" T = "0" Pressure = "0" />
		<Point X = "92" Y = "100" T = "0" Pressure = "0" />
		<Point X = "91" Y = "100" T = "0" Pressure = "0" />
		<Point X = "89" Y = "100" T = "0" Pressure = "0" />
		<Point X = "87" Y = "100" T = "0" Pressure = "0" />
		<Point X = "86" Y = "100" T = "0" Pressure = "0" />
		<Point X = "85" Y = "100" T = "0" Pressure = "0" />
		<Point X = "83" Y = "100" T = "0" Pressure = "0" />
		<Point X = "81" Y = "99" T = "0" Pressure = "0" />
		<Point X = "80" Y = "99" T = "0" Pressure = "0" />
		<Point X = "79" Y = "98" T = "0" Pressure = "0" />
		<Point X = "78" Y = "98" T = "0" Pressure = "0" />
		<Point X = "77" Y = "98" T = "0" Pressure = "0" />
		<Point X = "76" Y = "98" T = "0" Pressure = "0" />
	</Stroke>
</Gesture>
