<?xml version="1.0" encoding="utf-8" standalone="yes"?>
<Gesture Name = "star">
	<Stroke>
		<Point X = "235" Y = "234" T = "0" Pressure = "0" />
		<Point X = "236" Y = "234" T = "0" Pressure = "0" />
		<Point X = "236" Y = "233" T = "0" Pressure = "0" />
		<Point X = "238" Y = "233" T = "0" Pressure = "0" />
		<Point X = "240" Y = "232" T = "0" Pressure = "0" />
		<Point X = "241" Y = "231" T = "0" Pressure = "0" />
		<Point X = "242" Y = "231" T = "0" Pressure = "0" />
		<Point X = "244" Y = "230" T = "0" Pressure = "0" />
		<Point X = "250" Y = "229" T = "0" Pressure = "0" />
		<Point X = "257" Y = "229" T = "0" Pressure = "0" />
		<Point X = "267" Y = "229" T = "0" Pressure = "0" />
		<Point X = "277" Y = "229" T = "0" Pressure = "0" />
		<Point X = "290" Y = "229" T = "0" Pressure = "0" />
		<Point X = "301" Y = "229" T = "0" Pressure = "0" />
		<Point X = "309" Y = "229" T = "0" Pressure = "0" />
		<Point X = "314" Y = "229" T = "0" Pressure = "0" />
		<Point X = "320" Y = "227" T = "0" Pressure = "0" />
		<Point X = "321" Y = "227" T = "0" Pressure = "0" />
		<Point X = "324" Y = "227" T = "0" Pressure = "0" />
		<Point X = "327" Y = "227" T = "0" Pressure = "0" />
		<Point X = "330" Y = "226" T = "0" Pressure = "0" />
		<Point X = "337" Y = "226" T = "0" Pressure = "0" />
		<Point X = "342" Y = "226" T = "0" Pressure = "0" />
		<Point X = "349" Y = "226" T = "0" Pressure = "0" />
		<Point X = "355" Y = "226" T = "0" Pressure = "0" />
		<Point X = "360" Y = "226" T = "0" Pressure = "0" />
		<Point X = "363" Y = "226" T = "0" Pressure = "0" />
		<Point X = "365" Y = "226" T = "0" Pressure = "0" />
		<Point X = "366" Y = "226" T = "0" Pressure = "0" />
		<Point X = "367" Y = "226" T = "0" Pressure = "0" />
		<Point X = "370" Y = "226" T = "0" Pressure = "0" />
		<Point X = "371" Y = "226" T = "0" Pressure = "0" />
		<Point X = "373" Y = "226" T = "0" Pressure = "0" />
		<Point X = "374" Y = "226" T = "0" Pressure = "0" />
		<Point X = "374" Y = "227" T = "0" Pressure = "0" />
		<Point X = "373" Y = "230" T = "0" Pressure = "0" />
		<Point X = "369" Y = "235" T = "0" Pressure = "0" />
		<Point X = "365" Y = "240" T = "0" Pressure = "0" />
		<Point X = "362" Y = "246" T = "0" Pressure = "0" />
		<Point X = "358" Y = "252" T = "0" Pressure = "0" />
		<Point X = "352" Y = "258" T = "0" Pressure = "0" />
		<Point X = "347" Y = "265" T = "0" Pressure = "0" />
		<Point X = "341" Y = "271" T = "0" Pressure = "0" />
		<Point X = "337" Y = "275" T = "0" Pressure = "0" />
		<Point X = "333" Y = "278" T = "0" Pressure = "0" />
		<Point X = "332" Y = "280" T = "0" Pressure = "0" />
		<Point X = "330" Y = "281" T = "0" Pressure = "0" />
		<Point X = "327" Y = "282" T = "0" Pressure = "0" />
		<Point X = "326" Y = "282" T = "0" Pressure = "0" />
		<Point X = "325" Y = "283" T = "0" Pressure = "0" />
		<Point X = "324" Y = "284" T = "0" Pressure = "0" />
		<Point X = "323" Y = "284" T = "0" Pressure = "0" />
		<Point X = "321" Y = "285" T = "0" Pressure = "0" />
		<Point X = "319" Y = "288" T = "0" Pressure = "0" />
		<Point X = "314" Y = "290" T = "0" Pressure = "0" />
		<Point X = "310" Y = "293" T = "0" Pressure = "0" />
		<Point X = "307" Y = "294" T = "0" Pressure = "0" />
		<Point X = "304" Y = "296" T = "0" Pressure = "0" />
		<Point X = "302" Y = "296" T = "0" Pressure = "0" />
		<Point X = "299" Y = "298" T = "0" Pressure = "0" />
		<Point X = "297" Y = "299" T = "0" Pressure = "0" />
		<Point X = "296" Y = "299" T = "0" Pressure = "0" />
		<Point X = "295" Y = "300" T = "0" Pressure = "0" />
		<Point X = "294" Y = "300" T = "0" Pressure = "0" />
		<Point X = "293" Y = "301" T = "0" Pressure = "0" />
		<Point X = "292" Y = "303" T = "0" Pressure = "0" />
		<Point X = "291" Y = "303" T = "0" Pressure = "0" />
		<Point X = "290" Y = "303" T = "0" Pressure = "0" />
		<Point X = "289" Y = "303" T = "0" Pressure = "0" />
		<Point X = "288" Y = "303" T = "0" Pressure = "0" />
		<Point X = "288" Y = "300" T = "0" Pressure = "0" />
		<Point X = "288" Y = "297" T = "0" Pressure = "0" />
		<Point X = "288" Y = "295" T = "0" Pressure = "0" />
		<Point X = "288" Y = "291" T = "0" Pressure = "0" />
		<Point X = "288" Y = "288" T = "0" Pressure = "0" />
		<Point X = "288" Y = "284" T = "0" Pressure = "0" />
		<Point X = "288" Y = "279" T = "0" Pressure = "0" />
		<Point X = "288" Y = "271" T = "0" Pressure = "0" />
		<Point X = "288" Y = "265" T = "0" Pressure = "0" />
		<Point X = "287" Y = "258" T = "0" Pressure = "0" />
		<Point X = "285" Y = "248" T = "0" Pressure = "0" />
		<Point X = "285" Y = "240" T = "0" Pressure = "0" />
		<Point X = "284" Y = "232" T = "0" Pressure = "0" />
		<Point X = "283" Y = "223" T = "0" Pressure = "0" />
		<Point X = "283" Y = "219" T = "0" Pressure = "0" />
		<Point X = "283" Y = "215" T = "0" Pressure = "0" />
		<Point X = "283" Y = "212" T = "0" Pressure = "0" />
		<Point X = "283" Y = "208" T = "0" Pressure = "0" />
		<Point X = "283" Y = "205" T = "0" Pressure = "0" />
		<Point X = "284" Y = "201" T = "0" Pressure = "0" />
		<Point X = "286" Y = "196" T = "0" Pressure = "0" />
		<Point X = "288" Y = "192" T = "0" Pressure = "0" />
		<Point X = "289" Y = "187" T = "0" Pressure = "0" />
		<Point X = "290" Y = "184" T = "0" Pressure = "0" />
		<Point X = "290" Y = "181" T = "0" Pressure = "0" />
		<Point X = "292" Y = "178" T = "0" Pressure = "0" />
		<Point X = "293" Y = "175" T = "0" Pressure = "0" />
		<Point X = "294" Y = "173" T = "0" Pressure = "0" />
		<Point X = "294" Y = "171" T = "0" Pressure = "0" />
		<Point X = "295" Y = "171" T = "0" Pressure = "0" />
		<Point X = "296" Y = "171" T = "0" Pressure = "0" />
		<Point X = "297" Y = "170" T = "0" Pressure = "0" />
		<Point X = "298" Y = "171" T = "0" Pressure = "0" />
		<Point X = "299" Y = "173" T = "0" Pressure = "0" />
		<Point X = "301" Y = "179" T = "0" Pressure = "0" />
		<Point X = "303" Y = "186" T = "0" Pressure = "0" />
		<Point X = "306" Y = "190" T = "0" Pressure = "0" />
		<Point X = "310" Y = "201" T = "0" Pressure = "0" />
		<Point X = "314" Y = "209" T = "0" Pressure = "0" />
		<Point X = "317" Y = "219" T = "0" Pressure = "0" />
		<Point X = "320" Y = "227" T = "0" Pressure = "0" />
		<Point X = "321" Y = "235" T = "0" Pressure = "0" />
		<Point X = "324" Y = "242" T = "0" Pressure = "0" />
		<Point X = "325" Y = "247" T = "0" Pressure = "0" />
		<Point X = "325" Y = "251" T = "0" Pressure = "0" />
		<Point X = "326" Y = "255" T = "0" Pressure = "0" />
		<Point X = "328" Y = "259" T = "0" Pressure = "0" />
		<Point X = "329" Y = "262" T = "0" Pressure = "0" />
		<Point X = "330" Y = "264" T = "0" Pressure = "0" />
		<Point X = "330" Y = "265" T = "0" Pressure = "0" />
		<Point X = "330" Y = "266" T = "0" Pressure = "0" />
		<Point X = "332" Y = "270" T = "0" Pressure = "0" />
		<Point X = "332" Y = "272" T = "0" Pressure = "0" />
		<Point X = "333" Y = "274" T = "0" Pressure = "0" />
		<Point X = "334" Y = "276" T = "0" Pressure = "0" />
		<Point X = "336" Y = "280" T = "0" Pressure = "0" />
		<Point X = "337" Y = "282" T = "0" Pressure = "0" />
		<Point X = "339" Y = "284" T = "0" Pressure = "0" />
		<Point X = "341" Y = "287" T = "0" Pressure = "0" />
		<Point X = "342" Y = "287" T = "0" Pressure = "0" />
		<Point X = "343" Y = "288" T = "0" Pressure = "0" />
		<Point X = "344" Y = "289" T = "0" Pressure = "0" />
		<Point X = "345" Y = "291" T = "0" Pressure = "0" />
		<Point X = "346" Y = "291" T = "0" Pressure = "0" />
		<Point X = "347" Y = "292" T = "0" Pressure = "0" />
		<Point X = "349" Y = "292" T = "0" Pressure = "0" />
		<Point X = "350" Y = "293" T = "0" Pressure = "0" />
		<Point X = "352" Y = "294" T = "0" Pressure = "0" />
		<Point X = "353" Y = "295" T = "0" Pressure = "0" />
		<Point X = "354" Y = "296" T = "0" Pressure = "0" />
		<Point X = "354" Y = "297" T = "0" Pressure = "0" />
		<Point X = "355" Y = "298" T = "0" Pressure = "0" />
		<Point X = "356" Y = "300" T = "0" Pressure = "0" />
		<Point X = "356" Y = "301" T = "0" Pressure = "0" />
		<Point X = "356" Y = "302" T = "0" Pressure = "0" />
		<Point X = "356" Y = "303" T = "0" Pressure = "0" />
		<Point X = "356" Y = "304" T = "0" Pressure = "0" />
		<Point X = "356" Y = "305" T = "0" Pressure = "0" />
		<Point X = "354" Y = "306" T = "0" Pressure = "0" />
		<Point X = "353" Y = "306" T = "0" Pressure = "0" />
		<Point X = "351" Y = "307" T = "0" Pressure = "0" />
		<Point X = "350" Y = "307" T = "0" Pressure = "0" />
		<Point X = "348" Y = "308" T = "0" Pressure = "0" />
		<Point X = "347" Y = "308" T = "0" Pressure = "0" />
		<Point X = "345" Y = "308" T = "0" Pressure = "0" />
		<Point X = "344" Y = "308" T = "0" Pressure = "0" />
		<Point X = "343" Y = "308" T = "0" Pressure = "0" />
		<Point X = "341" Y = "308" T = "0" Pressure = "0" />
		<Point X = "340" Y = "307" T = "0" Pressure = "0" />
		<Point X = "338" Y = "306" T = "0" Pressure = "0" />
		<Point X = "335" Y = "305" T = "0" Pressure = "0" />
		<Point X = "333" Y = "302" T = "0" Pressure = "0" />
		<Point X = "330" Y = "299" T = "0" Pressure = "0" />
		<Point X = "328" Y = "297" T = "0" Pressure = "0" />
		<Point X = "327" Y = "296" T = "0" Pressure = "0" />
		<Point X = "326" Y = "294" T = "0" Pressure = "0" />
		<Point X = "325" Y = "292" T = "0" Pressure = "0" />
		<Point X = "324" Y = "290" T = "0" Pressure = "0" />
		<Point X = "323" Y = "289" T = "0" Pressure = "0" />
		<Point X = "322" Y = "287" T = "0" Pressure = "0" />
		<Point X = "321" Y = "287" T = "0" Pressure = "0" />
		<Point X = "320" Y = "285" T = "0" Pressure = "0" />
		<Point X = "318" Y = "284" T = "0" Pressure = "0" />
		<Point X = "315" Y = "281" T = "0" Pressure = "0" />
		<Point X = "312" Y = "280" T = "0" Pressure = "0" />
		<Point X = "309" Y = "277" T = "0" Pressure = "0" />
		<Point X = "307" Y = "276" T = "0" Pressure = "0" />
		<Point X = "304" Y = "273" T = "0" Pressure = "0" />
		<Point X = "301" Y = "273" T = "0" Pressure = "0" />
		<Point X = "297" Y = "271" T = "0" Pressure = "0" />
		<Point X = "293" Y = "269" T = "0" Pressure = "0" />
		<Point X = "291" Y = "269" T = "0" Pressure = "0" />
		<Point X = "290" Y = "268" T = "0" Pressure = "0" />
		<Point X = "288" Y = "268" T = "0" Pressure = "0" />
		<Point X = "287" Y = "268" T = "0" Pressure = "0" />
		<Point X = "286" Y = "268" T = "0" Pressure = "0" />
		<Point X = "285" Y = "268" T = "0" Pressure = "0" />
		<Point X = "283" Y = "268" T = "0" Pressure = "0" />
		<Point X = "282" Y = "267" T = "0" Pressure = "0" />
		<Point X = "280" Y = "266" T = "0" Pressure = "0" />
		<Point X = "278" Y = "264" T = "0" Pressure = "0" />
		<Point X = "277" Y = "264" T = "0" Pressure = "0" />
		<Point X = "276" Y = "262" T = "0" Pressure = "0" />
		<Point X = "274" Y = "261" T = "0" Pressure = "0" />
		<Point X = "273" Y = "261" T = "0" Pressure = "0" />
		<Point X = "272" Y = "260" T = "0" Pressure = "0" />
		<Point X = "271" Y = "260" T = "0" Pressure = "0" />
		<Point X = "269" Y = "259" T = "0" Pressure = "0" />
		<Point X = "266" Y = "259" T = "0" Pressure = "0" />
		<Point X = "264" Y = "258" T = "0" Pressure = "0" />
		<Point X = "263" Y = "258" T = "0" Pressure = "0" />
		<Point X = "262" Y = "257" T = "0" Pressure = "0" />
		<Point X = "260" Y = "257" T = "0" Pressure = "0" />
		<Point X = "258" Y = "256" T = "0" Pressure = "0" />
		<Point X = "256" Y = "254" T = "0" Pressure = "0" />
		<Point X = "254" Y = "253" T = "0" Pressure = "0" />
		<Point X = "251" Y = "251" T = "0" Pressure = "0" />
		<Point X = "250" Y = "250" T = "0" Pressure = "0" />
		<Point X = "249" Y = "249" T = "0" Pressure = "0" />
		<Point X = "249" Y = "248" T = "0" Pressure = "0" />
		<Point X = "248" Y = "248" T = "0" Pressure = "0" />
		<Point X = "247" Y = "247" T = "0" Pressure = "0" />
		<Point X = "247" Y = "246" T = "0" Pressure = "0" />
		<Point X = "247" Y = "245" T = "0" Pressure = "0" />
		<Point X = "247" Y = "244" T = "0" Pressure = "0" />
		<Point X = "247" Y = "243" T = "0" Pressure = "0" />
		<Point X = "247" Y = "242" T = "0" Pressure = "0" />
		<Point X = "247" Y = "241" T = "0" Pressure = "0" />
		<Point X = "246" Y = "240" T = "0" Pressure = "0" />
		<Point X = "246" Y = "239" T = "0" Pressure = "0" />
		<Point X = "245" Y = "239" T = "0" Pressure = "0" />
		<Point X = "245" Y = "238" T = "0" Pressure = "0" />
		<Point X = "243" Y = "235" T = "0" Pressure = "0" />
		<Point X = "242" Y = "235" T = "0" Pressure = "0" />
		<Point X = "241" Y = "233" T = "0" Pressure = "0" />
		<Point X = "239" Y = "232" T = "0" Pressure = "0" />
		<Point X = "239" Y = "231" T = "0" Pressure = "0" />
		<Point X = "238" Y = "231" T = "0" Pressure = "0" />
		<Point X = "238" Y = "230" T = "0" Pressure = "0" />
		<Point X = "238" Y = "229" T = "0" Pressure = "0" />
		<Point X = "237" Y = "228" T = "0" Pressure = "0" />
		<Point X = "236" Y = "228" T = "0" Pressure = "0" />
		<Point X = "236" Y = "227" T = "0" Pressure = "0" />
		<Point X = "236" Y = "226" T = "0" Pressure = "0" />
		<Point X = "235" Y = "226" T = "0" Pressure = "0" />
	</Stroke>
</Gesture>
