<?xml version="1.0" encoding="utf-8" standalone="yes"?>
<Gesture Name = "star">
	<Stroke>
		<Point X = "184" Y = "68" T = "0" Pressure = "0" />
		<Point X = "186" Y = "68" T = "0" Pressure = "0" />
		<Point X = "188" Y = "68" T = "0" Pressure = "0" />
		<Point X = "190" Y = "68" T = "0" Pressure = "0" />
		<Point X = "194" Y = "68" T = "0" Pressure = "0" />
		<Point X = "198" Y = "68" T = "0" Pressure = "0" />
		<Point X = "205" Y = "68" T = "0" Pressure = "0" />
		<Point X = "215" Y = "68" T = "0" Pressure = "0" />
		<Point X = "226" Y = "68" T = "0" Pressure = "0" />
		<Point X = "240" Y = "68" T = "0" Pressure = "0" />
		<Point X = "255" Y = "68" T = "0" Pressure = "0" />
		<Point X = "271" Y = "71" T = "0" Pressure = "0" />
		<Point X = "283" Y = "72" T = "0" Pressure = "0" />
		<Point X = "293" Y = "73" T = "0" Pressure = "0" />
		<Point X = "300" Y = "75" T = "0" Pressure = "0" />
		<Point X = "303" Y = "75" T = "0" Pressure = "0" />
		<Point X = "306" Y = "75" T = "0" Pressure = "0" />
		<Point X = "308" Y = "75" T = "0" Pressure = "0" />
		<Point X = "310" Y = "75" T = "0" Pressure = "0" />
		<Point X = "312" Y = "75" T = "0" Pressure = "0" />
		<Point X = "314" Y = "75" T = "0" Pressure = "0" />
		<Point X = "316" Y = "75" T = "0" Pressure = "0" />
		<Point X = "318" Y = "75" T = "0" Pressure = "0" />
		<Point X = "321" Y = "75" T = "0" Pressure = "0" />
		<Point X = "323" Y = "75" T = "0" Pressure = "0" />
		<Point X = "325" Y = "75" T = "0" Pressure = "0" />
		<Point X = "327" Y = "75" T = "0" Pressure = "0" />
		<Point X = "326" Y = "75" T = "0" Pressure = "0" />
		<Point X = "325" Y = "75" T = "0" Pressure = "0" />
		<Point X = "324" Y = "75" T = "0" Pressure = "0" />
		<Point X = "323" Y = "76" T = "0" Pressure = "0" />
		<Point X = "322" Y = "78" T = "0" Pressure = "0" />
		<Point X = "321" Y = "80" T = "0" Pressure = "0" />
		<Point X = "321" Y = "83" T = "0" Pressure = "0" />
		<Point X = "317" Y = "91" T = "0" Pressure = "0" />
		<Point X = "312" Y = "99" T = "0" Pressure = "0" />
		<Point X = "310" Y = "103" T = "0" Pressure = "0" />
		<Point X = "304" Y = "109" T = "0" Pressure = "0" />
		<Point X = "299" Y = "115" T = "0" Pressure = "0" />
		<Point X = "292" Y = "123" T = "0" Pressure = "0" />
		<Point X = "288" Y = "127" T = "0" Pressure = "0" />
		<Point X = "281" Y = "130" T = "0" Pressure = "0" />
		<Point X = "279" Y = "132" T = "0" Pressure = "0" />
		<Point X = "275" Y = "134" T = "0" Pressure = "0" />
		<Point X = "270" Y = "138" T = "0" Pressure = "0" />
		<Point X = "267" Y = "140" T = "0" Pressure = "0" />
		<Point X = "262" Y = "145" T = "0" Pressure = "0" />
		<Point X = "257" Y = "150" T = "0" Pressure = "0" />
		<Point X = "252" Y = "155" T = "0" Pressure = "0" />
		<Point X = "247" Y = "160" T = "0" Pressure = "0" />
		<Point X = "240" Y = "166" T = "0" Pressure = "0" />
		<Point X = "234" Y = "172" T = "0" Pressure = "0" />
		<Point X = "228" Y = "175" T = "0" Pressure = "0" />
		<Point X = "222" Y = "179" T = "0" Pressure = "0" />
		<Point X = "216" Y = "180" T = "0" Pressure = "0" />
		<Point X = "211" Y = "183" T = "0" Pressure = "0" />
		<Point X = "207" Y = "185" T = "0" Pressure = "0" />
		<Point X = "202" Y = "188" T = "0" Pressure = "0" />
		<Point X = "199" Y = "189" T = "0" Pressure = "0" />
		<Point X = "195" Y = "192" T = "0" Pressure = "0" />
		<Point X = "193" Y = "192" T = "0" Pressure = "0" />
		<Point X = "190" Y = "194" T = "0" Pressure = "0" />
		<Point X = "186" Y = "197" T = "0" Pressure = "0" />
		<Point X = "184" Y = "198" T = "0" Pressure = "0" />
		<Point X = "182" Y = "199" T = "0" Pressure = "0" />
		<Point X = "181" Y = "200" T = "0" Pressure = "0" />
		<Point X = "181" Y = "201" T = "0" Pressure = "0" />
		<Point X = "180" Y = "201" T = "0" Pressure = "0" />
		<Point X = "178" Y = "202" T = "0" Pressure = "0" />
		<Point X = "178" Y = "203" T = "0" Pressure = "0" />
		<Point X = "179" Y = "202" T = "0" Pressure = "0" />
		<Point X = "181" Y = "196" T = "0" Pressure = "0" />
		<Point X = "184" Y = "188" T = "0" Pressure = "0" />
		<Point X = "188" Y = "181" T = "0" Pressure = "0" />
		<Point X = "191" Y = "174" T = "0" Pressure = "0" />
		<Point X = "195" Y = "164" T = "0" Pressure = "0" />
		<Point X = "197" Y = "158" T = "0" Pressure = "0" />
		<Point X = "201" Y = "150" T = "0" Pressure = "0" />
		<Point X = "205" Y = "143" T = "0" Pressure = "0" />
		<Point X = "208" Y = "136" T = "0" Pressure = "0" />
		<Point X = "210" Y = "130" T = "0" Pressure = "0" />
		<Point X = "213" Y = "121" T = "0" Pressure = "0" />
		<Point X = "217" Y = "115" T = "0" Pressure = "0" />
		<Point X = "221" Y = "108" T = "0" Pressure = "0" />
		<Point X = "223" Y = "100" T = "0" Pressure = "0" />
		<Point X = "226" Y = "93" T = "0" Pressure = "0" />
		<Point X = "231" Y = "84" T = "0" Pressure = "0" />
		<Point X = "234" Y = "77" T = "0" Pressure = "0" />
		<Point X = "237" Y = "70" T = "0" Pressure = "0" />
		<Point X = "241" Y = "64" T = "0" Pressure = "0" />
		<Point X = "244" Y = "56" T = "0" Pressure = "0" />
		<Point X = "247" Y = "50" T = "0" Pressure = "0" />
		<Point X = "249" Y = "43" T = "0" Pressure = "0" />
		<Point X = "252" Y = "37" T = "0" Pressure = "0" />
		<Point X = "253" Y = "33" T = "0" Pressure = "0" />
		<Point X = "253" Y = "27" T = "0" Pressure = "0" />
		<Point X = "253" Y = "25" T = "0" Pressure = "0" />
		<Point X = "254" Y = "21" T = "0" Pressure = "0" />
		<Point X = "254" Y = "19" T = "0" Pressure = "0" />
		<Point X = "256" Y = "17" T = "0" Pressure = "0" />
		<Point X = "256" Y = "16" T = "0" Pressure = "0" />
		<Point X = "256" Y = "13" T = "0" Pressure = "0" />
		<Point X = "258" Y = "12" T = "0" Pressure = "0" />
		<Point X = "258" Y = "11" T = "0" Pressure = "0" />
		<Point X = "259" Y = "8" T = "0" Pressure = "0" />
		<Point X = "261" Y = "6" T = "0" Pressure = "0" />
		<Point X = "262" Y = "5" T = "0" Pressure = "0" />
		<Point X = "264" Y = "1" T = "0" Pressure = "0" />
		<Point X = "265" Y = "1" T = "0" Pressure = "0" />
		<Point X = "265" Y = "-1" T = "0" Pressure = "0" />
		<Point X = "266" Y = "-2" T = "0" Pressure = "0" />
		<Point X = "267" Y = "-4" T = "0" Pressure = "0" />
		<Point X = "268" Y = "-1" T = "0" Pressure = "0" />
		<Point X = "269" Y = "4" T = "0" Pressure = "0" />
		<Point X = "272" Y = "13" T = "0" Pressure = "0" />
		<Point X = "274" Y = "21" T = "0" Pressure = "0" />
		<Point X = "277" Y = "31" T = "0" Pressure = "0" />
		<Point X = "280" Y = "41" T = "0" Pressure = "0" />
		<Point X = "283" Y = "51" T = "0" Pressure = "0" />
		<Point X = "285" Y = "58" T = "0" Pressure = "0" />
		<Point X = "288" Y = "67" T = "0" Pressure = "0" />
		<Point X = "289" Y = "73" T = "0" Pressure = "0" />
		<Point X = "291" Y = "78" T = "0" Pressure = "0" />
		<Point X = "293" Y = "83" T = "0" Pressure = "0" />
		<Point X = "295" Y = "92" T = "0" Pressure = "0" />
		<Point X = "298" Y = "98" T = "0" Pressure = "0" />
		<Point X = "300" Y = "107" T = "0" Pressure = "0" />
		<Point X = "304" Y = "119" T = "0" Pressure = "0" />
		<Point X = "307" Y = "130" T = "0" Pressure = "0" />
		<Point X = "309" Y = "140" T = "0" Pressure = "0" />
		<Point X = "311" Y = "151" T = "0" Pressure = "0" />
		<Point X = "311" Y = "159" T = "0" Pressure = "0" />
		<Point X = "314" Y = "167" T = "0" Pressure = "0" />
		<Point X = "315" Y = "177" T = "0" Pressure = "0" />
		<Point X = "316" Y = "185" T = "0" Pressure = "0" />
		<Point X = "319" Y = "194" T = "0" Pressure = "0" />
		<Point X = "321" Y = "201" T = "0" Pressure = "0" />
		<Point X = "324" Y = "210" T = "0" Pressure = "0" />
		<Point X = "325" Y = "217" T = "0" Pressure = "0" />
		<Point X = "327" Y = "224" T = "0" Pressure = "0" />
		<Point X = "329" Y = "227" T = "0" Pressure = "0" />
		<Point X = "330" Y = "231" T = "0" Pressure = "0" />
		<Point X = "330" Y = "233" T = "0" Pressure = "0" />
		<Point X = "330" Y = "234" T = "0" Pressure = "0" />
		<Point X = "329" Y = "234" T = "0" Pressure = "0" />
		<Point X = "326" Y = "234" T = "0" Pressure = "0" />
		<Point X = "324" Y = "234" T = "0" Pressure = "0" />
		<Point X = "321" Y = "234" T = "0" Pressure = "0" />
		<Point X = "318" Y = "232" T = "0" Pressure = "0" />
		<Point X = "311" Y = "226" T = "0" Pressure = "0" />
		<Point X = "308" Y = "223" T = "0" Pressure = "0" />
		<Point X = "302" Y = "215" T = "0" Pressure = "0" />
		<Point X = "299" Y = "212" T = "0" Pressure = "0" />
		<Point X = "294" Y = "204" T = "0" Pressure = "0" />
		<Point X = "289" Y = "199" T = "0" Pressure = "0" />
		<Point X = "286" Y = "194" T = "0" Pressure = "0" />
		<Point X = "280" Y = "187" T = "0" Pressure = "0" />
		<Point X = "272" Y = "179" T = "0" Pressure = "0" />
		<Point X = "267" Y = "171" T = "0" Pressure = "0" />
		<Point X = "260" Y = "165" T = "0" Pressure = "0" />
		<Point X = "254" Y = "157" T = "0" Pressure = "0" />
		<Point X = "246" Y = "151" T = "0" Pressure = "0" />
		<Point X = "238" Y = "143" T = "0" Pressure = "0" />
		<Point X = "233" Y = "138" T = "0" Pressure = "0" />
		<Point X = "229" Y = "133" T = "0" Pressure = "0" />
		<Point X = "226" Y = "127" T = "0" Pressure = "0" />
		<Point X = "224" Y = "122" T = "0" Pressure = "0" />
		<Point X = "221" Y = "118" T = "0" Pressure = "0" />
		<Point X = "219" Y = "114" T = "0" Pressure = "0" />
		<Point X = "216" Y = "107" T = "0" Pressure = "0" />
		<Point X = "214" Y = "101" T = "0" Pressure = "0" />
		<Point X = "211" Y = "96" T = "0" Pressure = "0" />
		<Point X = "209" Y = "92" T = "0" Pressure = "0" />
		<Point X = "208" Y = "89" T = "0" Pressure = "0" />
		<Point X = "206" Y = "86" T = "0" Pressure = "0" />
		<Point X = "205" Y = "85" T = "0" Pressure = "0" />
		<Point X = "204" Y = "83" T = "0" Pressure = "0" />
		<Point X = "203" Y = "83" T = "0" Pressure = "0" />
		<Point X = "201" Y = "82" T = "0" Pressure = "0" />
		<Point X = "200" Y = "81" T = "0" Pressure = "0" />
		<Point X = "195" Y = "78" T = "0" Pressure = "0" />
		<Point X = "191" Y = "77" T = "0" Pressure = "0" />
		<Point X = "187" Y = "75" T = "0" Pressure = "0" />
		<Point X = "185" Y = "74" T = "0" Pressure = "0" />
		<Point X = "184" Y = "73" T = "0" Pressure = "0" />
		<Point X = "182" Y = "73" T = "0" Pressure = "0" />
		<Point X = "182" Y = "72" T = "0" Pressure = "0" />
		<Point X = "181" Y = "72" T = "0" Pressure = "0" />
		<Point X = "181" Y = "71" T = "0" Pressure = "0" />
		<Point X = "180" Y = "70" T = "0" Pressure = "0" />
		<Point X = "179" Y = "70" T = "0" Pressure = "0" />
		<Point X = "179" Y = "69" T = "0" Pressure = "0" />
		<Point X = "180" Y = "69" T = "0" Pressure = "0" />
		<Point X = "180" Y = "67" T = "0" Pressure = "0" />
		<Point X = "180" Y = "66" T = "0" Pressure = "0" />
		<Point X = "180" Y = "65" T = "0" Pressure = "0" />
		<Point X = "181" Y = "63" T = "0" Pressure = "0" />
		<Point X = "181" Y = "62" T = "0" Pressure = "0" />
	</Stroke>
</Gesture>
