<?xml version="1.0" encoding="utf-8" standalone="yes"?>
<Gesture Name = "star">
	<Stroke>
		<Point X = "139" Y = "187" T = "0" Pressure = "0" />
		<Point X = "143" Y = "187" T = "0" Pressure = "0" />
		<Point X = "148" Y = "187" T = "0" Pressure = "0" />
		<Point X = "154" Y = "187" T = "0" Pressure = "0" />
		<Point X = "160" Y = "187" T = "0" Pressure = "0" />
		<Point X = "168" Y = "187" T = "0" Pressure = "0" />
		<Point X = "176" Y = "187" T = "0" Pressure = "0" />
		<Point X = "183" Y = "187" T = "0" Pressure = "0" />
		<Point X = "193" Y = "187" T = "0" Pressure = "0" />
		<Point X = "206" Y = "190" T = "0" Pressure = "0" />
		<Point X = "217" Y = "191" T = "0" Pressure = "0" />
		<Point X = "228" Y = "192" T = "0" Pressure = "0" />
		<Point X = "236" Y = "195" T = "0" Pressure = "0" />
		<Point X = "242" Y = "196" T = "0" Pressure = "0" />
		<Point X = "247" Y = "196" T = "0" Pressure = "0" />
		<Point X = "252" Y = "196" T = "0" Pressure = "0" />
		<Point X = "255" Y = "196" T = "0" Pressure = "0" />
		<Point X = "256" Y = "196" T = "0" Pressure = "0" />
		<Point X = "258" Y = "196" T = "0" Pressure = "0" />
		<Point X = "259" Y = "196" T = "0" Pressure = "0" />
		<Point X = "262" Y = "196" T = "0" Pressure = "0" />
		<Point X = "265" Y = "196" T = "0" Pressure = "0" />
		<Point X = "266" Y = "196" T = "0" Pressure = "0" />
		<Point X = "268" Y = "196" T = "0" Pressure = "0" />
		<Point X = "269" Y = "196" T = "0" Pressure = "0" />
		<Point X = "270" Y = "196" T = "0" Pressure = "0" />
		<Point X = "272" Y = "196" T = "0" Pressure = "0" />
		<Point X = "273" Y = "196" T = "0" Pressure = "0" />
		<Point X = "274" Y = "196" T = "0" Pressure = "0" />
		<Point X = "275" Y = "196" T = "0" Pressure = "0" />
		<Point X = "276" Y = "196" T = "0" Pressure = "0" />
		<Point X = "277" Y = "196" T = "0" Pressure = "0" />
		<Point X = "277" Y = "197" T = "0" Pressure = "0" />
		<Point X = "276" Y = "199" T = "0" Pressure = "0" />
		<Point X = "275" Y = "200" T = "0" Pressure = "0" />
		<Point X = "274" Y = "202" T = "0" Pressure = "0" />
		<Point X = "271" Y = "204" T = "0" Pressure = "0" />
		<Point X = "266" Y = "209" T = "0" Pressure = "0" />
		<Point X = "260" Y = "214" T = "0" Pressure = "0" />
		<Point X = "255" Y = "218" T = "0" Pressure = "0" />
		<Point X = "250" Y = "222" T = "0" Pressure = "0" />
		<Point X = "246" Y = "226" T = "0" Pressure = "0" />
		<Point X = "245" Y = "227" T = "0" Pressure = "0" />
		<Point X = "244" Y = "228" T = "0" Pressure = "0" />
		<Point X = "243" Y = "229" T = "0" Pressure = "0" />
		<Point X = "242" Y = "230" T = "0" Pressure = "0" />
		<Point X = "241" Y = "231" T = "0" Pressure = "0" />
		<Point X = "239" Y = "233" T = "0" Pressure = "0" />
		<Point X = "237" Y = "234" T = "0" Pressure = "0" />
		<Point X = "233" Y = "237" T = "0" Pressure = "0" />
		<Point X = "229" Y = "237" T = "0" Pressure = "0" />
		<Point X = "224" Y = "241" T = "0" Pressure = "0" />
		<Point X = "217" Y = "247" T = "0" Pressure = "0" />
		<Point X = "212" Y = "250" T = "0" Pressure = "0" />
		<Point X = "206" Y = "254" T = "0" Pressure = "0" />
		<Point X = "203" Y = "254" T = "0" Pressure = "0" />
		<Point X = "202" Y = "256" T = "0" Pressure = "0" />
		<Point X = "201" Y = "257" T = "0" Pressure = "0" />
		<Point X = "200" Y = "257" T = "0" Pressure = "0" />
		<Point X = "199" Y = "257" T = "0" Pressure = "0" />
		<Point X = "197" Y = "257" T = "0" Pressure = "0" />
		<Point X = "196" Y = "258" T = "0" Pressure = "0" />
		<Point X = "194" Y = "258" T = "0" Pressure = "0" />
		<Point X = "191" Y = "260" T = "0" Pressure = "0" />
		<Point X = "189" Y = "261" T = "0" Pressure = "0" />
		<Point X = "186" Y = "262" T = "0" Pressure = "0" />
		<Point X = "185" Y = "262" T = "0" Pressure = "0" />
		<Point X = "183" Y = "263" T = "0" Pressure = "0" />
		<Point X = "181" Y = "263" T = "0" Pressure = "0" />
		<Point X = "179" Y = "263" T = "0" Pressure = "0" />
		<Point X = "177" Y = "264" T = "0" Pressure = "0" />
		<Point X = "178" Y = "261" T = "0" Pressure = "0" />
		<Point X = "179" Y = "259" T = "0" Pressure = "0" />
		<Point X = "180" Y = "253" T = "0" Pressure = "0" />
		<Point X = "182" Y = "249" T = "0" Pressure = "0" />
		<Point X = "185" Y = "245" T = "0" Pressure = "0" />
		<Point X = "188" Y = "240" T = "0" Pressure = "0" />
		<Point X = "191" Y = "236" T = "0" Pressure = "0" />
		<Point X = "193" Y = "233" T = "0" Pressure = "0" />
		<Point X = "196" Y = "228" T = "0" Pressure = "0" />
		<Point X = "197" Y = "226" T = "0" Pressure = "0" />
		<Point X = "198" Y = "223" T = "0" Pressure = "0" />
		<Point X = "198" Y = "220" T = "0" Pressure = "0" />
		<Point X = "200" Y = "217" T = "0" Pressure = "0" />
		<Point X = "201" Y = "212" T = "0" Pressure = "0" />
		<Point X = "201" Y = "209" T = "0" Pressure = "0" />
		<Point X = "201" Y = "205" T = "0" Pressure = "0" />
		<Point X = "201" Y = "203" T = "0" Pressure = "0" />
		<Point X = "201" Y = "199" T = "0" Pressure = "0" />
		<Point X = "201" Y = "196" T = "0" Pressure = "0" />
		<Point X = "201" Y = "193" T = "0" Pressure = "0" />
		<Point X = "202" Y = "191" T = "0" Pressure = "0" />
		<Point X = "202" Y = "189" T = "0" Pressure = "0" />
		<Point X = "202" Y = "188" T = "0" Pressure = "0" />
		<Point X = "204" Y = "184" T = "0" Pressure = "0" />
		<Point X = "205" Y = "181" T = "0" Pressure = "0" />
		<Point X = "207" Y = "177" T = "0" Pressure = "0" />
		<Point X = "208" Y = "174" T = "0" Pressure = "0" />
		<Point X = "208" Y = "169" T = "0" Pressure = "0" />
		<Point X = "209" Y = "167" T = "0" Pressure = "0" />
		<Point X = "210" Y = "163" T = "0" Pressure = "0" />
		<Point X = "210" Y = "161" T = "0" Pressure = "0" />
		<Point X = "210" Y = "158" T = "0" Pressure = "0" />
		<Point X = "210" Y = "156" T = "0" Pressure = "0" />
		<Point X = "210" Y = "154" T = "0" Pressure = "0" />
		<Point X = "211" Y = "153" T = "0" Pressure = "0" />
		<Point X = "211" Y = "151" T = "0" Pressure = "0" />
		<Point X = "211" Y = "150" T = "0" Pressure = "0" />
		<Point X = "211" Y = "149" T = "0" Pressure = "0" />
		<Point X = "211" Y = "148" T = "0" Pressure = "0" />
		<Point X = "212" Y = "148" T = "0" Pressure = "0" />
		<Point X = "212" Y = "146" T = "0" Pressure = "0" />
		<Point X = "213" Y = "145" T = "0" Pressure = "0" />
		<Point X = "214" Y = "144" T = "0" Pressure = "0" />
		<Point X = "216" Y = "147" T = "0" Pressure = "0" />
		<Point X = "217" Y = "152" T = "0" Pressure = "0" />
		<Point X = "217" Y = "156" T = "0" Pressure = "0" />
		<Point X = "219" Y = "160" T = "0" Pressure = "0" />
		<Point X = "220" Y = "163" T = "0" Pressure = "0" />
		<Point X = "222" Y = "166" T = "0" Pressure = "0" />
		<Point X = "223" Y = "170" T = "0" Pressure = "0" />
		<Point X = "225" Y = "173" T = "0" Pressure = "0" />
		<Point X = "226" Y = "177" T = "0" Pressure = "0" />
		<Point X = "229" Y = "181" T = "0" Pressure = "0" />
		<Point X = "231" Y = "187" T = "0" Pressure = "0" />
		<Point X = "233" Y = "192" T = "0" Pressure = "0" />
		<Point X = "234" Y = "196" T = "0" Pressure = "0" />
		<Point X = "237" Y = "201" T = "0" Pressure = "0" />
		<Point X = "238" Y = "204" T = "0" Pressure = "0" />
		<Point X = "239" Y = "206" T = "0" Pressure = "0" />
		<Point X = "240" Y = "208" T = "0" Pressure = "0" />
		<Point X = "241" Y = "210" T = "0" Pressure = "0" />
		<Point X = "242" Y = "212" T = "0" Pressure = "0" />
		<Point X = "242" Y = "215" T = "0" Pressure = "0" />
		<Point X = "243" Y = "217" T = "0" Pressure = "0" />
		<Point X = "245" Y = "220" T = "0" Pressure = "0" />
		<Point X = "246" Y = "223" T = "0" Pressure = "0" />
		<Point X = "246" Y = "226" T = "0" Pressure = "0" />
		<Point X = "247" Y = "228" T = "0" Pressure = "0" />
		<Point X = "249" Y = "233" T = "0" Pressure = "0" />
		<Point X = "250" Y = "237" T = "0" Pressure = "0" />
		<Point X = "250" Y = "239" T = "0" Pressure = "0" />
		<Point X = "250" Y = "242" T = "0" Pressure = "0" />
		<Point X = "251" Y = "245" T = "0" Pressure = "0" />
		<Point X = "253" Y = "248" T = "0" Pressure = "0" />
		<Point X = "253" Y = "249" T = "0" Pressure = "0" />
		<Point X = "253" Y = "250" T = "0" Pressure = "0" />
		<Point X = "254" Y = "251" T = "0" Pressure = "0" />
		<Point X = "255" Y = "253" T = "0" Pressure = "0" />
		<Point X = "256" Y = "255" T = "0" Pressure = "0" />
		<Point X = "256" Y = "258" T = "0" Pressure = "0" />
		<Point X = "257" Y = "260" T = "0" Pressure = "0" />
		<Point X = "257" Y = "262" T = "0" Pressure = "0" />
		<Point X = "258" Y = "265" T = "0" Pressure = "0" />
		<Point X = "259" Y = "269" T = "0" Pressure = "0" />
		<Point X = "259" Y = "270" T = "0" Pressure = "0" />
		<Point X = "259" Y = "272" T = "0" Pressure = "0" />
		<Point X = "260" Y = "273" T = "0" Pressure = "0" />
		<Point X = "260" Y = "274" T = "0" Pressure = "0" />
		<Point X = "260" Y = "275" T = "0" Pressure = "0" />
		<Point X = "260" Y = "276" T = "0" Pressure = "0" />
		<Point X = "259" Y = "276" T = "0" Pressure = "0" />
		<Point X = "257" Y = "276" T = "0" Pressure = "0" />
		<Point X = "256" Y = "276" T = "0" Pressure = "0" />
		<Point X = "255" Y = "276" T = "0" Pressure = "0" />
		<Point X = "253" Y = "275" T = "0" Pressure = "0" />
		<Point X = "252" Y = "275" T = "0" Pressure = "0" />
		<Point X = "251" Y = "273" T = "0" Pressure = "0" />
		<Point X = "249" Y = "271" T = "0" Pressure = "0" />
		<Point X = "247" Y = "269" T = "0" Pressure = "0" />
		<Point X = "246" Y = "267" T = "0" Pressure = "0" />
		<Point X = "244" Y = "266" T = "0" Pressure = "0" />
		<Point X = "241" Y = "264" T = "0" Pressure = "0" />
		<Point X = "239" Y = "262" T = "0" Pressure = "0" />
		<Point X = "237" Y = "259" T = "0" Pressure = "0" />
		<Point X = "234" Y = "257" T = "0" Pressure = "0" />
		<Point X = "232" Y = "254" T = "0" Pressure = "0" />
		<Point X = "230" Y = "253" T = "0" Pressure = "0" />
		<Point X = "228" Y = "251" T = "0" Pressure = "0" />
		<Point X = "226" Y = "249" T = "0" Pressure = "0" />
		<Point X = "224" Y = "248" T = "0" Pressure = "0" />
		<Point X = "223" Y = "248" T = "0" Pressure = "0" />
		<Point X = "220" Y = "246" T = "0" Pressure = "0" />
		<Point X = "219" Y = "246" T = "0" Pressure = "0" />
		<Point X = "219" Y = "245" T = "0" Pressure = "0" />
		<Point X = "218" Y = "244" T = "0" Pressure = "0" />
		<Point X = "215" Y = "242" T = "0" Pressure = "0" />
		<Point X = "213" Y = "240" T = "0" Pressure = "0" />
		<Point X = "210" Y = "238" T = "0" Pressure = "0" />
		<Point X = "207" Y = "236" T = "0" Pressure = "0" />
		<Point X = "205" Y = "233" T = "0" Pressure = "0" />
		<Point X = "204" Y = "232" T = "0" Pressure = "0" />
		<Point X = "203" Y = "230" T = "0" Pressure = "0" />
		<Point X = "202" Y = "230" T = "0" Pressure = "0" />
		<Point X = "202" Y = "229" T = "0" Pressure = "0" />
		<Point X = "201" Y = "229" T = "0" Pressure = "0" />
		<Point X = "200" Y = "227" T = "0" Pressure = "0" />
		<Point X = "198" Y = "227" T = "0" Pressure = "0" />
		<Point X = "196" Y = "226" T = "0" Pressure = "0" />
		<Point X = "194" Y = "223" T = "0" Pressure = "0" />
		<Point X = "191" Y = "222" T = "0" Pressure = "0" />
		<Point X = "189" Y = "220" T = "0" Pressure = "0" />
		<Point X = "187" Y = "218" T = "0" Pressure = "0" />
		<Point X = "186" Y = "217" T = "0" Pressure = "0" />
		<Point X = "184" Y = "215" T = "0" Pressure = "0" />
		<Point X = "183" Y = "215" T = "0" Pressure = "0" />
		<Point X = "182" Y = "213" T = "0" Pressure = "0" />
		<Point X = "180" Y = "212" T = "0" Pressure = "0" />
		<Point X = "178" Y = "211" T = "0" Pressure = "0" />
		<Point X = "177" Y = "211" T = "0" Pressure = "0" />
		<Point X = "176" Y = "209" T = "0" Pressure = "0" />
		<Point X = "174" Y = "208" T = "0" Pressure = "0" />
		<Point X = "170" Y = "208" T = "0" Pressure = "0" />
		<Point X = "169" Y = "206" T = "0" Pressure = "0" />
		<Point X = "168" Y = "206" T = "0" Pressure = "0" />
		<Point X = "167" Y = "206" T = "0" Pressure = "0" />
		<Point X = "167" Y = "205" T = "0" Pressure = "0" />
		<Point X = "166" Y = "204" T = "0" Pressure = "0" />
		<Point X = "165" Y = "203" T = "0" Pressure = "0" />
		<Point X = "164" Y = "202" T = "0" Pressure = "0" />
		<Point X = "163" Y = "200" T = "0" Pressure = "0" />
		<Point X = "162" Y = "200" T = "0" Pressure = "0" />
		<Point X = "161" Y = "198" T = "0" Pressure = "0" />
		<Point X = "159" Y = "196" T = "0" Pressure = "0" />
		<Point X = "157" Y = "194" T = "0" Pressure = "0" />
		<Point X = "155" Y = "193" T = "0" Pressure = "0" />
		<Point X = "155" Y = "192" T = "0" Pressure = "0" />
		<Point X = "154" Y = "192" T = "0" Pressure = "0" />
		<Point X = "153" Y = "191" T = "0" Pressure = "0" />
		<Point X = "153" Y = "189" T = "0" Pressure = "0" />
		<Point X = "153" Y = "188" T = "0" Pressure = "0" />
		<Point X = "153" Y = "187" T = "0" Pressure = "0" />
		<Point X = "152" Y = "186" T = "0" Pressure = "0" />
		<Point X = "151" Y = "185" T = "0" Pressure = "0" />
		<Point X = "150" Y = "184" T = "0" Pressure = "0" />
	</Stroke>
</Gesture>
