<?xml version="1.0" encoding="utf-8" standalone="yes"?>
<Gesture Name = "star">
	<Stroke>
		<Point X = "323" Y = "105" T = "0" Pressure = "0" />
		<Point X = "324" Y = "105" T = "0" Pressure = "0" />
		<Point X = "325" Y = "105" T = "0" Pressure = "0" />
		<Point X = "328" Y = "105" T = "0" Pressure = "0" />
		<Point X = "329" Y = "105" T = "0" Pressure = "0" />
		<Point X = "330" Y = "105" T = "0" Pressure = "0" />
		<Point X = "335" Y = "105" T = "0" Pressure = "0" />
		<Point X = "337" Y = "105" T = "0" Pressure = "0" />
		<Point X = "340" Y = "105" T = "0" Pressure = "0" />
		<Point X = "343" Y = "105" T = "0" Pressure = "0" />
		<Point X = "348" Y = "106" T = "0" Pressure = "0" />
		<Point X = "352" Y = "106" T = "0" Pressure = "0" />
		<Point X = "358" Y = "108" T = "0" Pressure = "0" />
		<Point X = "367" Y = "108" T = "0" Pressure = "0" />
		<Point X = "373" Y = "108" T = "0" Pressure = "0" />
		<Point X = "382" Y = "108" T = "0" Pressure = "0" />
		<Point X = "387" Y = "108" T = "0" Pressure = "0" />
		<Point X = "392" Y = "108" T = "0" Pressure = "0" />
		<Point X = "396" Y = "107" T = "0" Pressure = "0" />
		<Point X = "399" Y = "106" T = "0" Pressure = "0" />
		<Point X = "402" Y = "106" T = "0" Pressure = "0" />
		<Point X = "405" Y = "106" T = "0" Pressure = "0" />
		<Point X = "408" Y = "106" T = "0" Pressure = "0" />
		<Point X = "410" Y = "106" T = "0" Pressure = "0" />
		<Point X = "411" Y = "106" T = "0" Pressure = "0" />
		<Point X = "412" Y = "106" T = "0" Pressure = "0" />
		<Point X = "413" Y = "106" T = "0" Pressure = "0" />
		<Point X = "414" Y = "106" T = "0" Pressure = "0" />
		<Point X = "414" Y = "107" T = "0" Pressure = "0" />
		<Point X = "414" Y = "108" T = "0" Pressure = "0" />
		<Point X = "413" Y = "111" T = "0" Pressure = "0" />
		<Point X = "410" Y = "115" T = "0" Pressure = "0" />
		<Point X = "408" Y = "118" T = "0" Pressure = "0" />
		<Point X = "403" Y = "126" T = "0" Pressure = "0" />
		<Point X = "399" Y = "130" T = "0" Pressure = "0" />
		<Point X = "396" Y = "135" T = "0" Pressure = "0" />
		<Point X = "393" Y = "139" T = "0" Pressure = "0" />
		<Point X = "388" Y = "144" T = "0" Pressure = "0" />
		<Point X = "384" Y = "148" T = "0" Pressure = "0" />
		<Point X = "379" Y = "152" T = "0" Pressure = "0" />
		<Point X = "374" Y = "156" T = "0" Pressure = "0" />
		<Point X = "372" Y = "157" T = "0" Pressure = "0" />
		<Point X = "369" Y = "159" T = "0" Pressure = "0" />
		<Point X = "367" Y = "160" T = "0" Pressure = "0" />
		<Point X = "366" Y = "161" T = "0" Pressure = "0" />
		<Point X = "365" Y = "162" T = "0" Pressure = "0" />
		<Point X = "363" Y = "164" T = "0" Pressure = "0" />
		<Point X = "360" Y = "166" T = "0" Pressure = "0" />
		<Point X = "358" Y = "168" T = "0" Pressure = "0" />
		<Point X = "354" Y = "171" T = "0" Pressure = "0" />
		<Point X = "349" Y = "175" T = "0" Pressure = "0" />
		<Point X = "342" Y = "180" T = "0" Pressure = "0" />
		<Point X = "338" Y = "183" T = "0" Pressure = "0" />
		<Point X = "333" Y = "187" T = "0" Pressure = "0" />
		<Point X = "330" Y = "188" T = "0" Pressure = "0" />
		<Point X = "327" Y = "190" T = "0" Pressure = "0" />
		<Point X = "324" Y = "192" T = "0" Pressure = "0" />
		<Point X = "320" Y = "194" T = "0" Pressure = "0" />
		<Point X = "319" Y = "195" T = "0" Pressure = "0" />
		<Point X = "318" Y = "195" T = "0" Pressure = "0" />
		<Point X = "317" Y = "196" T = "0" Pressure = "0" />
		<Point X = "318" Y = "196" T = "0" Pressure = "0" />
		<Point X = "320" Y = "194" T = "0" Pressure = "0" />
		<Point X = "321" Y = "193" T = "0" Pressure = "0" />
		<Point X = "324" Y = "188" T = "0" Pressure = "0" />
		<Point X = "325" Y = "182" T = "0" Pressure = "0" />
		<Point X = "326" Y = "176" T = "0" Pressure = "0" />
		<Point X = "328" Y = "169" T = "0" Pressure = "0" />
		<Point X = "330" Y = "163" T = "0" Pressure = "0" />
		<Point X = "330" Y = "160" T = "0" Pressure = "0" />
		<Point X = "334" Y = "155" T = "0" Pressure = "0" />
		<Point X = "337" Y = "149" T = "0" Pressure = "0" />
		<Point X = "339" Y = "145" T = "0" Pressure = "0" />
		<Point X = "340" Y = "143" T = "0" Pressure = "0" />
		<Point X = "341" Y = "140" T = "0" Pressure = "0" />
		<Point X = "342" Y = "137" T = "0" Pressure = "0" />
		<Point X = "344" Y = "132" T = "0" Pressure = "0" />
		<Point X = "344" Y = "130" T = "0" Pressure = "0" />
		<Point X = "346" Y = "126" T = "0" Pressure = "0" />
		<Point X = "347" Y = "121" T = "0" Pressure = "0" />
		<Point X = "348" Y = "115" T = "0" Pressure = "0" />
		<Point X = "348" Y = "112" T = "0" Pressure = "0" />
		<Point X = "350" Y = "106" T = "0" Pressure = "0" />
		<Point X = "350" Y = "102" T = "0" Pressure = "0" />
		<Point X = "351" Y = "98" T = "0" Pressure = "0" />
		<Point X = "352" Y = "92" T = "0" Pressure = "0" />
		<Point X = "355" Y = "86" T = "0" Pressure = "0" />
		<Point X = "356" Y = "84" T = "0" Pressure = "0" />
		<Point X = "356" Y = "81" T = "0" Pressure = "0" />
		<Point X = "356" Y = "79" T = "0" Pressure = "0" />
		<Point X = "357" Y = "78" T = "0" Pressure = "0" />
		<Point X = "357" Y = "77" T = "0" Pressure = "0" />
		<Point X = "357" Y = "76" T = "0" Pressure = "0" />
		<Point X = "357" Y = "74" T = "0" Pressure = "0" />
		<Point X = "359" Y = "73" T = "0" Pressure = "0" />
		<Point X = "359" Y = "72" T = "0" Pressure = "0" />
		<Point X = "359" Y = "71" T = "0" Pressure = "0" />
		<Point X = "359" Y = "70" T = "0" Pressure = "0" />
		<Point X = "360" Y = "68" T = "0" Pressure = "0" />
		<Point X = "361" Y = "67" T = "0" Pressure = "0" />
		<Point X = "361" Y = "65" T = "0" Pressure = "0" />
		<Point X = "362" Y = "64" T = "0" Pressure = "0" />
		<Point X = "363" Y = "63" T = "0" Pressure = "0" />
		<Point X = "365" Y = "63" T = "0" Pressure = "0" />
		<Point X = "365" Y = "65" T = "0" Pressure = "0" />
		<Point X = "366" Y = "68" T = "0" Pressure = "0" />
		<Point X = "368" Y = "70" T = "0" Pressure = "0" />
		<Point X = "368" Y = "74" T = "0" Pressure = "0" />
		<Point X = "370" Y = "79" T = "0" Pressure = "0" />
		<Point X = "371" Y = "83" T = "0" Pressure = "0" />
		<Point X = "372" Y = "90" T = "0" Pressure = "0" />
		<Point X = "375" Y = "98" T = "0" Pressure = "0" />
		<Point X = "376" Y = "101" T = "0" Pressure = "0" />
		<Point X = "377" Y = "104" T = "0" Pressure = "0" />
		<Point X = "377" Y = "108" T = "0" Pressure = "0" />
		<Point X = "379" Y = "110" T = "0" Pressure = "0" />
		<Point X = "379" Y = "113" T = "0" Pressure = "0" />
		<Point X = "380" Y = "117" T = "0" Pressure = "0" />
		<Point X = "380" Y = "123" T = "0" Pressure = "0" />
		<Point X = "381" Y = "127" T = "0" Pressure = "0" />
		<Point X = "382" Y = "133" T = "0" Pressure = "0" />
		<Point X = "383" Y = "138" T = "0" Pressure = "0" />
		<Point X = "384" Y = "142" T = "0" Pressure = "0" />
		<Point X = "384" Y = "146" T = "0" Pressure = "0" />
		<Point X = "385" Y = "149" T = "0" Pressure = "0" />
		<Point X = "386" Y = "154" T = "0" Pressure = "0" />
		<Point X = "387" Y = "158" T = "0" Pressure = "0" />
		<Point X = "387" Y = "161" T = "0" Pressure = "0" />
		<Point X = "388" Y = "163" T = "0" Pressure = "0" />
		<Point X = "389" Y = "165" T = "0" Pressure = "0" />
		<Point X = "390" Y = "168" T = "0" Pressure = "0" />
		<Point X = "392" Y = "172" T = "0" Pressure = "0" />
		<Point X = "393" Y = "173" T = "0" Pressure = "0" />
		<Point X = "394" Y = "175" T = "0" Pressure = "0" />
		<Point X = "394" Y = "177" T = "0" Pressure = "0" />
		<Point X = "394" Y = "178" T = "0" Pressure = "0" />
		<Point X = "395" Y = "180" T = "0" Pressure = "0" />
		<Point X = "396" Y = "182" T = "0" Pressure = "0" />
		<Point X = "396" Y = "185" T = "0" Pressure = "0" />
		<Point X = "396" Y = "187" T = "0" Pressure = "0" />
		<Point X = "397" Y = "189" T = "0" Pressure = "0" />
		<Point X = "397" Y = "192" T = "0" Pressure = "0" />
		<Point X = "397" Y = "195" T = "0" Pressure = "0" />
		<Point X = "397" Y = "198" T = "0" Pressure = "0" />
		<Point X = "397" Y = "201" T = "0" Pressure = "0" />
		<Point X = "397" Y = "203" T = "0" Pressure = "0" />
		<Point X = "397" Y = "204" T = "0" Pressure = "0" />
		<Point X = "397" Y = "205" T = "0" Pressure = "0" />
		<Point X = "395" Y = "206" T = "0" Pressure = "0" />
		<Point X = "392" Y = "205" T = "0" Pressure = "0" />
		<Point X = "389" Y = "203" T = "0" Pressure = "0" />
		<Point X = "385" Y = "200" T = "0" Pressure = "0" />
		<Point X = "382" Y = "197" T = "0" Pressure = "0" />
		<Point X = "379" Y = "196" T = "0" Pressure = "0" />
		<Point X = "376" Y = "192" T = "0" Pressure = "0" />
		<Point X = "372" Y = "189" T = "0" Pressure = "0" />
		<Point X = "368" Y = "185" T = "0" Pressure = "0" />
		<Point X = "366" Y = "179" T = "0" Pressure = "0" />
		<Point X = "364" Y = "176" T = "0" Pressure = "0" />
		<Point X = "361" Y = "172" T = "0" Pressure = "0" />
		<Point X = "359" Y = "167" T = "0" Pressure = "0" />
		<Point X = "357" Y = "164" T = "0" Pressure = "0" />
		<Point X = "355" Y = "160" T = "0" Pressure = "0" />
		<Point X = "353" Y = "157" T = "0" Pressure = "0" />
		<Point X = "352" Y = "156" T = "0" Pressure = "0" />
		<Point X = "349" Y = "153" T = "0" Pressure = "0" />
		<Point X = "348" Y = "151" T = "0" Pressure = "0" />
		<Point X = "346" Y = "149" T = "0" Pressure = "0" />
		<Point X = "344" Y = "148" T = "0" Pressure = "0" />
		<Point X = "343" Y = "146" T = "0" Pressure = "0" />
		<Point X = "342" Y = "145" T = "0" Pressure = "0" />
		<Point X = "341" Y = "144" T = "0" Pressure = "0" />
		<Point X = "341" Y = "143" T = "0" Pressure = "0" />
		<Point X = "340" Y = "143" T = "0" Pressure = "0" />
		<Point X = "340" Y = "142" T = "0" Pressure = "0" />
		<Point X = "339" Y = "140" T = "0" Pressure = "0" />
		<Point X = "339" Y = "139" T = "0" Pressure = "0" />
		<Point X = "339" Y = "138" T = "0" Pressure = "0" />
		<Point X = "338" Y = "137" T = "0" Pressure = "0" />
		<Point X = "337" Y = "135" T = "0" Pressure = "0" />
		<Point X = "337" Y = "133" T = "0" Pressure = "0" />
		<Point X = "337" Y = "132" T = "0" Pressure = "0" />
		<Point X = "336" Y = "130" T = "0" Pressure = "0" />
		<Point X = "335" Y = "128" T = "0" Pressure = "0" />
		<Point X = "334" Y = "126" T = "0" Pressure = "0" />
		<Point X = "334" Y = "124" T = "0" Pressure = "0" />
		<Point X = "334" Y = "123" T = "0" Pressure = "0" />
		<Point X = "334" Y = "122" T = "0" Pressure = "0" />
		<Point X = "333" Y = "120" T = "0" Pressure = "0" />
		<Point X = "333" Y = "119" T = "0" Pressure = "0" />
		<Point X = "332" Y = "119" T = "0" Pressure = "0" />
		<Point X = "331" Y = "119" T = "0" Pressure = "0" />
		<Point X = "331" Y = "118" T = "0" Pressure = "0" />
		<Point X = "330" Y = "118" T = "0" Pressure = "0" />
		<Point X = "330" Y = "117" T = "0" Pressure = "0" />
		<Point X = "328" Y = "116" T = "0" Pressure = "0" />
		<Point X = "328" Y = "115" T = "0" Pressure = "0" />
		<Point X = "328" Y = "113" T = "0" Pressure = "0" />
		<Point X = "327" Y = "112" T = "0" Pressure = "0" />
		<Point X = "327" Y = "110" T = "0" Pressure = "0" />
		<Point X = "326" Y = "109" T = "0" Pressure = "0" />
		<Point X = "325" Y = "109" T = "0" Pressure = "0" />
		<Point X = "325" Y = "108" T = "0" Pressure = "0" />
		<Point X = "325" Y = "107" T = "0" Pressure = "0" />
		<Point X = "324" Y = "106" T = "0" Pressure = "0" />
		<Point X = "324" Y = "104" T = "0" Pressure = "0" />
		<Point X = "324" Y = "103" T = "0" Pressure = "0" />
		<Point X = "324" Y = "101" T = "0" Pressure = "0" />
		<Point X = "323" Y = "99" T = "0" Pressure = "0" />
		<Point X = "322" Y = "98" T = "0" Pressure = "0" />
		<Point X = "321" Y = "98" T = "0" Pressure = "0" />
	</Stroke>
</Gesture>
