<?xml version="1.0" encoding="utf-8" standalone="yes"?>
<Gesture Name = "star">
	<Stroke>
		<Point X = "181" Y = "76" T = "0" Pressure = "0" />
		<Point X = "182" Y = "76" T = "0" Pressure = "0" />
		<Point X = "184" Y = "76" T = "0" Pressure = "0" />
		<Point X = "187" Y = "77" T = "0" Pressure = "0" />
		<Point X = "190" Y = "78" T = "0" Pressure = "0" />
		<Point X = "196" Y = "80" T = "0" Pressure = "0" />
		<Point X = "202" Y = "82" T = "0" Pressure = "0" />
		<Point X = "212" Y = "83" T = "0" Pressure = "0" />
		<Point X = "223" Y = "84" T = "0" Pressure = "0" />
		<Point X = "232" Y = "85" T = "0" Pressure = "0" />
		<Point X = "240" Y = "87" T = "0" Pressure = "0" />
		<Point X = "243" Y = "87" T = "0" Pressure = "0" />
		<Point X = "247" Y = "87" T = "0" Pressure = "0" />
		<Point X = "249" Y = "87" T = "0" Pressure = "0" />
		<Point X = "250" Y = "87" T = "0" Pressure = "0" />
		<Point X = "253" Y = "87" T = "0" Pressure = "0" />
		<Point X = "256" Y = "87" T = "0" Pressure = "0" />
		<Point X = "262" Y = "87" T = "0" Pressure = "0" />
		<Point X = "269" Y = "87" T = "0" Pressure = "0" />
		<Point X = "277" Y = "87" T = "0" Pressure = "0" />
		<Point X = "287" Y = "87" T = "0" Pressure = "0" />
		<Point X = "293" Y = "87" T = "0" Pressure = "0" />
		<Point X = "299" Y = "87" T = "0" Pressure = "0" />
		<Point X = "306" Y = "87" T = "0" Pressure = "0" />
		<Point X = "308" Y = "87" T = "0" Pressure = "0" />
		<Point X = "310" Y = "87" T = "0" Pressure = "0" />
		<Point X = "312" Y = "87" T = "0" Pressure = "0" />
		<Point X = "313" Y = "87" T = "0" Pressure = "0" />
		<Point X = "314" Y = "87" T = "0" Pressure = "0" />
		<Point X = "316" Y = "87" T = "0" Pressure = "0" />
		<Point X = "319" Y = "87" T = "0" Pressure = "0" />
		<Point X = "323" Y = "87" T = "0" Pressure = "0" />
		<Point X = "326" Y = "87" T = "0" Pressure = "0" />
		<Point X = "329" Y = "87" T = "0" Pressure = "0" />
		<Point X = "330" Y = "87" T = "0" Pressure = "0" />
		<Point X = "331" Y = "87" T = "0" Pressure = "0" />
		<Point X = "332" Y = "87" T = "0" Pressure = "0" />
		<Point X = "333" Y = "87" T = "0" Pressure = "0" />
		<Point X = "332" Y = "88" T = "0" Pressure = "0" />
		<Point X = "332" Y = "89" T = "0" Pressure = "0" />
		<Point X = "331" Y = "89" T = "0" Pressure = "0" />
		<Point X = "330" Y = "90" T = "0" Pressure = "0" />
		<Point X = "328" Y = "92" T = "0" Pressure = "0" />
		<Point X = "328" Y = "93" T = "0" Pressure = "0" />
		<Point X = "325" Y = "95" T = "0" Pressure = "0" />
		<Point X = "323" Y = "96" T = "0" Pressure = "0" />
		<Point X = "320" Y = "98" T = "0" Pressure = "0" />
		<Point X = "317" Y = "99" T = "0" Pressure = "0" />
		<Point X = "312" Y = "100" T = "0" Pressure = "0" />
		<Point X = "309" Y = "101" T = "0" Pressure = "0" />
		<Point X = "306" Y = "102" T = "0" Pressure = "0" />
		<Point X = "304" Y = "103" T = "0" Pressure = "0" />
		<Point X = "301" Y = "104" T = "0" Pressure = "0" />
		<Point X = "300" Y = "105" T = "0" Pressure = "0" />
		<Point X = "297" Y = "108" T = "0" Pressure = "0" />
		<Point X = "296" Y = "109" T = "0" Pressure = "0" />
		<Point X = "294" Y = "110" T = "0" Pressure = "0" />
		<Point X = "292" Y = "113" T = "0" Pressure = "0" />
		<Point X = "288" Y = "116" T = "0" Pressure = "0" />
		<Point X = "285" Y = "119" T = "0" Pressure = "0" />
		<Point X = "279" Y = "123" T = "0" Pressure = "0" />
		<Point X = "271" Y = "129" T = "0" Pressure = "0" />
		<Point X = "264" Y = "132" T = "0" Pressure = "0" />
		<Point X = "259" Y = "135" T = "0" Pressure = "0" />
		<Point X = "258" Y = "135" T = "0" Pressure = "0" />
		<Point X = "255" Y = "136" T = "0" Pressure = "0" />
		<Point X = "255" Y = "137" T = "0" Pressure = "0" />
		<Point X = "253" Y = "138" T = "0" Pressure = "0" />
		<Point X = "252" Y = "139" T = "0" Pressure = "0" />
		<Point X = "248" Y = "141" T = "0" Pressure = "0" />
		<Point X = "242" Y = "145" T = "0" Pressure = "0" />
		<Point X = "238" Y = "148" T = "0" Pressure = "0" />
		<Point X = "232" Y = "153" T = "0" Pressure = "0" />
		<Point X = "223" Y = "159" T = "0" Pressure = "0" />
		<Point X = "220" Y = "161" T = "0" Pressure = "0" />
		<Point X = "218" Y = "163" T = "0" Pressure = "0" />
		<Point X = "214" Y = "165" T = "0" Pressure = "0" />
		<Point X = "212" Y = "166" T = "0" Pressure = "0" />
		<Point X = "210" Y = "167" T = "0" Pressure = "0" />
		<Point X = "206" Y = "169" T = "0" Pressure = "0" />
		<Point X = "203" Y = "170" T = "0" Pressure = "0" />
		<Point X = "201" Y = "171" T = "0" Pressure = "0" />
		<Point X = "197" Y = "173" T = "0" Pressure = "0" />
		<Point X = "195" Y = "174" T = "0" Pressure = "0" />
		<Point X = "193" Y = "175" T = "0" Pressure = "0" />
		<Point X = "192" Y = "175" T = "0" Pressure = "0" />
		<Point X = "190" Y = "176" T = "0" Pressure = "0" />
		<Point X = "189" Y = "177" T = "0" Pressure = "0" />
		<Point X = "188" Y = "177" T = "0" Pressure = "0" />
		<Point X = "188" Y = "178" T = "0" Pressure = "0" />
		<Point X = "186" Y = "179" T = "0" Pressure = "0" />
		<Point X = "186" Y = "180" T = "0" Pressure = "0" />
		<Point X = "187" Y = "179" T = "0" Pressure = "0" />
		<Point X = "188" Y = "176" T = "0" Pressure = "0" />
		<Point X = "189" Y = "175" T = "0" Pressure = "0" />
		<Point X = "189" Y = "174" T = "0" Pressure = "0" />
		<Point X = "190" Y = "172" T = "0" Pressure = "0" />
		<Point X = "191" Y = "170" T = "0" Pressure = "0" />
		<Point X = "193" Y = "167" T = "0" Pressure = "0" />
		<Point X = "195" Y = "164" T = "0" Pressure = "0" />
		<Point X = "199" Y = "159" T = "0" Pressure = "0" />
		<Point X = "201" Y = "157" T = "0" Pressure = "0" />
		<Point X = "205" Y = "151" T = "0" Pressure = "0" />
		<Point X = "208" Y = "146" T = "0" Pressure = "0" />
		<Point X = "213" Y = "141" T = "0" Pressure = "0" />
		<Point X = "217" Y = "138" T = "0" Pressure = "0" />
		<Point X = "220" Y = "133" T = "0" Pressure = "0" />
		<Point X = "221" Y = "132" T = "0" Pressure = "0" />
		<Point X = "224" Y = "127" T = "0" Pressure = "0" />
		<Point X = "225" Y = "124" T = "0" Pressure = "0" />
		<Point X = "226" Y = "123" T = "0" Pressure = "0" />
		<Point X = "227" Y = "119" T = "0" Pressure = "0" />
		<Point X = "228" Y = "119" T = "0" Pressure = "0" />
		<Point X = "230" Y = "117" T = "0" Pressure = "0" />
		<Point X = "231" Y = "116" T = "0" Pressure = "0" />
		<Point X = "233" Y = "114" T = "0" Pressure = "0" />
		<Point X = "233" Y = "113" T = "0" Pressure = "0" />
		<Point X = "235" Y = "112" T = "0" Pressure = "0" />
		<Point X = "236" Y = "109" T = "0" Pressure = "0" />
		<Point X = "237" Y = "105" T = "0" Pressure = "0" />
		<Point X = "240" Y = "103" T = "0" Pressure = "0" />
		<Point X = "241" Y = "99" T = "0" Pressure = "0" />
		<Point X = "243" Y = "96" T = "0" Pressure = "0" />
		<Point X = "244" Y = "94" T = "0" Pressure = "0" />
		<Point X = "246" Y = "90" T = "0" Pressure = "0" />
		<Point X = "248" Y = "88" T = "0" Pressure = "0" />
		<Point X = "249" Y = "86" T = "0" Pressure = "0" />
		<Point X = "252" Y = "83" T = "0" Pressure = "0" />
		<Point X = "253" Y = "82" T = "0" Pressure = "0" />
		<Point X = "254" Y = "80" T = "0" Pressure = "0" />
		<Point X = "255" Y = "78" T = "0" Pressure = "0" />
		<Point X = "255" Y = "77" T = "0" Pressure = "0" />
		<Point X = "259" Y = "74" T = "0" Pressure = "0" />
		<Point X = "259" Y = "73" T = "0" Pressure = "0" />
		<Point X = "259" Y = "71" T = "0" Pressure = "0" />
		<Point X = "260" Y = "70" T = "0" Pressure = "0" />
		<Point X = "261" Y = "68" T = "0" Pressure = "0" />
		<Point X = "262" Y = "67" T = "0" Pressure = "0" />
		<Point X = "263" Y = "64" T = "0" Pressure = "0" />
		<Point X = "264" Y = "62" T = "0" Pressure = "0" />
		<Point X = "264" Y = "61" T = "0" Pressure = "0" />
		<Point X = "265" Y = "59" T = "0" Pressure = "0" />
		<Point X = "266" Y = "58" T = "0" Pressure = "0" />
		<Point X = "266" Y = "57" T = "0" Pressure = "0" />
		<Point X = "266" Y = "56" T = "0" Pressure = "0" />
		<Point X = "267" Y = "54" T = "0" Pressure = "0" />
		<Point X = "269" Y = "52" T = "0" Pressure = "0" />
		<Point X = "269" Y = "51" T = "0" Pressure = "0" />
		<Point X = "269" Y = "50" T = "0" Pressure = "0" />
		<Point X = "270" Y = "49" T = "0" Pressure = "0" />
		<Point X = "271" Y = "48" T = "0" Pressure = "0" />
		<Point X = "271" Y = "47" T = "0" Pressure = "0" />
		<Point X = "271" Y = "46" T = "0" Pressure = "0" />
		<Point X = "272" Y = "42" T = "0" Pressure = "0" />
		<Point X = "273" Y = "42" T = "0" Pressure = "0" />
		<Point X = "273" Y = "41" T = "0" Pressure = "0" />
		<Point X = "273" Y = "39" T = "0" Pressure = "0" />
		<Point X = "273" Y = "37" T = "0" Pressure = "0" />
		<Point X = "274" Y = "37" T = "0" Pressure = "0" />
		<Point X = "274" Y = "36" T = "0" Pressure = "0" />
		<Point X = "275" Y = "35" T = "0" Pressure = "0" />
		<Point X = "275" Y = "34" T = "0" Pressure = "0" />
		<Point X = "276" Y = "33" T = "0" Pressure = "0" />
		<Point X = "277" Y = "33" T = "0" Pressure = "0" />
		<Point X = "278" Y = "30" T = "0" Pressure = "0" />
		<Point X = "278" Y = "28" T = "0" Pressure = "0" />
		<Point X = "279" Y = "27" T = "0" Pressure = "0" />
		<Point X = "279" Y = "30" T = "0" Pressure = "0" />
		<Point X = "280" Y = "32" T = "0" Pressure = "0" />
		<Point X = "281" Y = "36" T = "0" Pressure = "0" />
		<Point X = "281" Y = "41" T = "0" Pressure = "0" />
		<Point X = "283" Y = "51" T = "0" Pressure = "0" />
		<Point X = "285" Y = "60" T = "0" Pressure = "0" />
		<Point X = "288" Y = "69" T = "0" Pressure = "0" />
		<Point X = "290" Y = "81" T = "0" Pressure = "0" />
		<Point X = "295" Y = "89" T = "0" Pressure = "0" />
		<Point X = "297" Y = "96" T = "0" Pressure = "0" />
		<Point X = "299" Y = "101" T = "0" Pressure = "0" />
		<Point X = "299" Y = "103" T = "0" Pressure = "0" />
		<Point X = "299" Y = "106" T = "0" Pressure = "0" />
		<Point X = "299" Y = "109" T = "0" Pressure = "0" />
		<Point X = "299" Y = "110" T = "0" Pressure = "0" />
		<Point X = "300" Y = "113" T = "0" Pressure = "0" />
		<Point X = "300" Y = "114" T = "0" Pressure = "0" />
		<Point X = "301" Y = "116" T = "0" Pressure = "0" />
		<Point X = "302" Y = "120" T = "0" Pressure = "0" />
		<Point X = "302" Y = "121" T = "0" Pressure = "0" />
		<Point X = "303" Y = "125" T = "0" Pressure = "0" />
		<Point X = "304" Y = "127" T = "0" Pressure = "0" />
		<Point X = "304" Y = "130" T = "0" Pressure = "0" />
		<Point X = "305" Y = "134" T = "0" Pressure = "0" />
		<Point X = "305" Y = "136" T = "0" Pressure = "0" />
		<Point X = "305" Y = "140" T = "0" Pressure = "0" />
		<Point X = "306" Y = "143" T = "0" Pressure = "0" />
		<Point X = "306" Y = "148" T = "0" Pressure = "0" />
		<Point X = "307" Y = "152" T = "0" Pressure = "0" />
		<Point X = "308" Y = "157" T = "0" Pressure = "0" />
		<Point X = "309" Y = "159" T = "0" Pressure = "0" />
		<Point X = "311" Y = "162" T = "0" Pressure = "0" />
		<Point X = "311" Y = "163" T = "0" Pressure = "0" />
		<Point X = "311" Y = "165" T = "0" Pressure = "0" />
		<Point X = "312" Y = "166" T = "0" Pressure = "0" />
		<Point X = "313" Y = "168" T = "0" Pressure = "0" />
		<Point X = "313" Y = "169" T = "0" Pressure = "0" />
		<Point X = "314" Y = "169" T = "0" Pressure = "0" />
		<Point X = "315" Y = "171" T = "0" Pressure = "0" />
		<Point X = "315" Y = "172" T = "0" Pressure = "0" />
		<Point X = "315" Y = "173" T = "0" Pressure = "0" />
		<Point X = "315" Y = "175" T = "0" Pressure = "0" />
		<Point X = "315" Y = "176" T = "0" Pressure = "0" />
		<Point X = "315" Y = "178" T = "0" Pressure = "0" />
		<Point X = "315" Y = "179" T = "0" Pressure = "0" />
		<Point X = "315" Y = "180" T = "0" Pressure = "0" />
		<Point X = "315" Y = "181" T = "0" Pressure = "0" />
		<Point X = "316" Y = "182" T = "0" Pressure = "0" />
		<Point X = "316" Y = "183" T = "0" Pressure = "0" />
		<Point X = "316" Y = "185" T = "0" Pressure = "0" />
		<Point X = "316" Y = "187" T = "0" Pressure = "0" />
		<Point X = "316" Y = "188" T = "0" Pressure = "0" />
		<Point X = "316" Y = "189" T = "0" Pressure = "0" />
		<Point X = "316" Y = "190" T = "0" Pressure = "0" />
		<Point X = "314" Y = "190" T = "0" Pressure = "0" />
		<Point X = "314" Y = "189" T = "0" Pressure = "0" />
		<Point X = "313" Y = "188" T = "0" Pressure = "0" />
		<Point X = "312" Y = "186" T = "0" Pressure = "0" />
		<Point X = "311" Y = "185" T = "0" Pressure = "0" />
		<Point X = "310" Y = "184" T = "0" Pressure = "0" />
		<Point X = "308" Y = "182" T = "0" Pressure = "0" />
		<Point X = "307" Y = "181" T = "0" Pressure = "0" />
		<Point X = "304" Y = "178" T = "0" Pressure = "0" />
		<Point X = "301" Y = "175" T = "0" Pressure = "0" />
		<Point X = "298" Y = "171" T = "0" Pressure = "0" />
		<Point X = "294" Y = "167" T = "0" Pressure = "0" />
		<Point X = "293" Y = "165" T = "0" Pressure = "0" />
		<Point X = "290" Y = "162" T = "0" Pressure = "0" />
		<Point X = "286" Y = "158" T = "0" Pressure = "0" />
		<Point X = "284" Y = "154" T = "0" Pressure = "0" />
		<Point X = "282" Y = "153" T = "0" Pressure = "0" />
		<Point X = "279" Y = "150" T = "0" Pressure = "0" />
		<Point X = "275" Y = "148" T = "0" Pressure = "0" />
		<Point X = "272" Y = "145" T = "0" Pressure = "0" />
		<Point X = "268" Y = "143" T = "0" Pressure = "0" />
		<Point X = "264" Y = "141" T = "0" Pressure = "0" />
		<Point X = "259" Y = "139" T = "0" Pressure = "0" />
		<Point X = "254" Y = "137" T = "0" Pressure = "0" />
		<Point X = "254" Y = "136" T = "0" Pressure = "0" />
		<Point X = "253" Y = "136" T = "0" Pressure = "0" />
		<Point X = "252" Y = "136" T = "0" Pressure = "0" />
		<Point X = "251" Y = "135" T = "0" Pressure = "0" />
		<Point X = "249" Y = "134" T = "0" Pressure = "0" />
		<Point X = "248" Y = "133" T = "0" Pressure = "0" />
		<Point X = "246" Y = "131" T = "0" Pressure = "0" />
		<Point X = "243" Y = "130" T = "0" Pressure = "0" />
		<Point X = "241" Y = "128" T = "0" Pressure = "0" />
		<Point X = "239" Y = "127" T = "0" Pressure = "0" />
		<Point X = "237" Y = "124" T = "0" Pressure = "0" />
		<Point X = "236" Y = "124" T = "0" Pressure = "0" />
		<Point X = "232" Y = "122" T = "0" Pressure = "0" />
		<Point X = "231" Y = "119" T = "0" Pressure = "0" />
		<Point X = "229" Y = "117" T = "0" Pressure = "0" />
		<Point X = "228" Y = "116" T = "0" Pressure = "0" />
		<Point X = "226" Y = "115" T = "0" Pressure = "0" />
		<Point X = "225" Y = "114" T = "0" Pressure = "0" />
		<Point X = "222" Y = "113" T = "0" Pressure = "0" />
		<Point X = "220" Y = "113" T = "0" Pressure = "0" />
		<Point X = "217" Y = "111" T = "0" Pressure = "0" />
		<Point X = "216" Y = "110" T = "0" Pressure = "0" />
		<Point X = "215" Y = "110" T = "0" Pressure = "0" />
		<Point X = "212" Y = "109" T = "0" Pressure = "0" />
		<Point X = "211" Y = "109" T = "0" Pressure = "0" />
		<Point X = "210" Y = "108" T = "0" Pressure = "0" />
		<Point X = "209" Y = "107" T = "0" Pressure = "0" />
		<Point X = "208" Y = "107" T = "0" Pressure = "0" />
		<Point X = "205" Y = "104" T = "0" Pressure = "0" />
		<Point X = "204" Y = "103" T = "0" Pressure = "0" />
		<Point X = "203" Y = "102" T = "0" Pressure = "0" />
		<Point X = "200" Y = "100" T = "0" Pressure = "0" />
		<Point X = "199" Y = "98" T = "0" Pressure = "0" />
		<Point X = "197" Y = "96" T = "0" Pressure = "0" />
		<Point X = "196" Y = "95" T = "0" Pressure = "0" />
		<Point X = "195" Y = "95" T = "0" Pressure = "0" />
		<Point X = "194" Y = "94" T = "0" Pressure = "0" />
		<Point X = "194" Y = "93" T = "0" Pressure = "0" />
		<Point X = "193" Y = "92" T = "0" Pressure = "0" />
		<Point X = "193" Y = "91" T = "0" Pressure = "0" />
		<Point X = "193" Y = "90" T = "0" Pressure = "0" />
		<Point X = "192" Y = "88" T = "0" Pressure = "0" />
		<Point X = "192" Y = "87" T = "0" Pressure = "0" />
		<Point X = "191" Y = "86" T = "0" Pressure = "0" />
		<Point X = "190" Y = "84" T = "0" Pressure = "0" />
		<Point X = "190" Y = "83" T = "0" Pressure = "0" />
		<Point X = "189" Y = "83" T = "0" Pressure = "0" />
		<Point X = "188" Y = "81" T = "0" Pressure = "0" />
		<Point X = "188" Y = "80" T = "0" Pressure = "0" />
		<Point X = "187" Y = "80" T = "0" Pressure = "0" />
		<Point X = "186" Y = "80" T = "0" Pressure = "0" />
		<Point X = "185" Y = "80" T = "0" Pressure = "0" />
		<Point X = "184" Y = "79" T = "0" Pressure = "0" />
		<Point X = "184" Y = "78" T = "0" Pressure = "0" />
		<Point X = "183" Y = "77" T = "0" Pressure = "0" />
	</Stroke>
</Gesture>
