<?xml version="1.0" encoding="utf-8" standalone="yes"?>
<Gesture Name = "star">
	<Stroke>
		<Point X = "94" Y = "83" T = "0" Pressure = "0" />
		<Point X = "95" Y = "83" T = "0" Pressure = "0" />
		<Point X = "96" Y = "83" T = "0" Pressure = "0" />
		<Point X = "98" Y = "83" T = "0" Pressure = "0" />
		<Point X = "99" Y = "83" T = "0" Pressure = "0" />
		<Point X = "102" Y = "83" T = "0" Pressure = "0" />
		<Point X = "103" Y = "83" T = "0" Pressure = "0" />
		<Point X = "108" Y = "83" T = "0" Pressure = "0" />
		<Point X = "117" Y = "83" T = "0" Pressure = "0" />
		<Point X = "128" Y = "83" T = "0" Pressure = "0" />
		<Point X = "138" Y = "83" T = "0" Pressure = "0" />
		<Point X = "146" Y = "83" T = "0" Pressure = "0" />
		<Point X = "153" Y = "83" T = "0" Pressure = "0" />
		<Point X = "157" Y = "83" T = "0" Pressure = "0" />
		<Point X = "161" Y = "83" T = "0" Pressure = "0" />
		<Point X = "165" Y = "83" T = "0" Pressure = "0" />
		<Point X = "168" Y = "83" T = "0" Pressure = "0" />
		<Point X = "172" Y = "83" T = "0" Pressure = "0" />
		<Point X = "177" Y = "83" T = "0" Pressure = "0" />
		<Point X = "179" Y = "83" T = "0" Pressure = "0" />
		<Point X = "182" Y = "83" T = "0" Pressure = "0" />
		<Point X = "185" Y = "83" T = "0" Pressure = "0" />
		<Point X = "186" Y = "83" T = "0" Pressure = "0" />
		<Point X = "188" Y = "83" T = "0" Pressure = "0" />
		<Point X = "189" Y = "83" T = "0" Pressure = "0" />
		<Point X = "190" Y = "83" T = "0" Pressure = "0" />
		<Point X = "192" Y = "83" T = "0" Pressure = "0" />
		<Point X = "195" Y = "83" T = "0" Pressure = "0" />
		<Point X = "197" Y = "83" T = "0" Pressure = "0" />
		<Point X = "200" Y = "83" T = "0" Pressure = "0" />
		<Point X = "204" Y = "83" T = "0" Pressure = "0" />
		<Point X = "208" Y = "83" T = "0" Pressure = "0" />
		<Point X = "211" Y = "83" T = "0" Pressure = "0" />
		<Point X = "213" Y = "83" T = "0" Pressure = "0" />
		<Point X = "214" Y = "83" T = "0" Pressure = "0" />
		<Point X = "215" Y = "83" T = "0" Pressure = "0" />
		<Point X = "216" Y = "83" T = "0" Pressure = "0" />
		<Point X = "217" Y = "83" T = "0" Pressure = "0" />
		<Point X = "219" Y = "83" T = "0" Pressure = "0" />
		<Point X = "221" Y = "83" T = "0" Pressure = "0" />
		<Point X = "222" Y = "83" T = "0" Pressure = "0" />
		<Point X = "223" Y = "83" T = "0" Pressure = "0" />
		<Point X = "224" Y = "83" T = "0" Pressure = "0" />
		<Point X = "224" Y = "85" T = "0" Pressure = "0" />
		<Point X = "223" Y = "87" T = "0" Pressure = "0" />
		<Point X = "222" Y = "89" T = "0" Pressure = "0" />
		<Point X = "220" Y = "90" T = "0" Pressure = "0" />
		<Point X = "215" Y = "93" T = "0" Pressure = "0" />
		<Point X = "212" Y = "96" T = "0" Pressure = "0" />
		<Point X = "208" Y = "98" T = "0" Pressure = "0" />
		<Point X = "203" Y = "99" T = "0" Pressure = "0" />
		<Point X = "199" Y = "101" T = "0" Pressure = "0" />
		<Point X = "194" Y = "104" T = "0" Pressure = "0" />
		<Point X = "193" Y = "106" T = "0" Pressure = "0" />
		<Point X = "190" Y = "107" T = "0" Pressure = "0" />
		<Point X = "188" Y = "108" T = "0" Pressure = "0" />
		<Point X = "188" Y = "109" T = "0" Pressure = "0" />
		<Point X = "186" Y = "110" T = "0" Pressure = "0" />
		<Point X = "185" Y = "111" T = "0" Pressure = "0" />
		<Point X = "182" Y = "112" T = "0" Pressure = "0" />
		<Point X = "180" Y = "113" T = "0" Pressure = "0" />
		<Point X = "178" Y = "114" T = "0" Pressure = "0" />
		<Point X = "175" Y = "116" T = "0" Pressure = "0" />
		<Point X = "172" Y = "117" T = "0" Pressure = "0" />
		<Point X = "171" Y = "118" T = "0" Pressure = "0" />
		<Point X = "168" Y = "118" T = "0" Pressure = "0" />
		<Point X = "164" Y = "121" T = "0" Pressure = "0" />
		<Point X = "162" Y = "123" T = "0" Pressure = "0" />
		<Point X = "159" Y = "125" T = "0" Pressure = "0" />
		<Point X = "155" Y = "127" T = "0" Pressure = "0" />
		<Point X = "154" Y = "128" T = "0" Pressure = "0" />
		<Point X = "149" Y = "130" T = "0" Pressure = "0" />
		<Point X = "147" Y = "131" T = "0" Pressure = "0" />
		<Point X = "144" Y = "133" T = "0" Pressure = "0" />
		<Point X = "142" Y = "135" T = "0" Pressure = "0" />
		<Point X = "138" Y = "137" T = "0" Pressure = "0" />
		<Point X = "136" Y = "138" T = "0" Pressure = "0" />
		<Point X = "135" Y = "139" T = "0" Pressure = "0" />
		<Point X = "131" Y = "142" T = "0" Pressure = "0" />
		<Point X = "130" Y = "143" T = "0" Pressure = "0" />
		<Point X = "126" Y = "145" T = "0" Pressure = "0" />
		<Point X = "124" Y = "146" T = "0" Pressure = "0" />
		<Point X = "122" Y = "147" T = "0" Pressure = "0" />
		<Point X = "120" Y = "149" T = "0" Pressure = "0" />
		<Point X = "119" Y = "150" T = "0" Pressure = "0" />
		<Point X = "118" Y = "152" T = "0" Pressure = "0" />
		<Point X = "116" Y = "153" T = "0" Pressure = "0" />
		<Point X = "116" Y = "154" T = "0" Pressure = "0" />
		<Point X = "115" Y = "154" T = "0" Pressure = "0" />
		<Point X = "115" Y = "156" T = "0" Pressure = "0" />
		<Point X = "114" Y = "156" T = "0" Pressure = "0" />
		<Point X = "113" Y = "157" T = "0" Pressure = "0" />
		<Point X = "115" Y = "156" T = "0" Pressure = "0" />
		<Point X = "117" Y = "153" T = "0" Pressure = "0" />
		<Point X = "118" Y = "152" T = "0" Pressure = "0" />
		<Point X = "118" Y = "150" T = "0" Pressure = "0" />
		<Point X = "120" Y = "146" T = "0" Pressure = "0" />
		<Point X = "121" Y = "143" T = "0" Pressure = "0" />
		<Point X = "122" Y = "139" T = "0" Pressure = "0" />
		<Point X = "123" Y = "136" T = "0" Pressure = "0" />
		<Point X = "124" Y = "131" T = "0" Pressure = "0" />
		<Point X = "125" Y = "126" T = "0" Pressure = "0" />
		<Point X = "126" Y = "122" T = "0" Pressure = "0" />
		<Point X = "127" Y = "121" T = "0" Pressure = "0" />
		<Point X = "127" Y = "118" T = "0" Pressure = "0" />
		<Point X = "128" Y = "115" T = "0" Pressure = "0" />
		<Point X = "129" Y = "114" T = "0" Pressure = "0" />
		<Point X = "130" Y = "112" T = "0" Pressure = "0" />
		<Point X = "131" Y = "110" T = "0" Pressure = "0" />
		<Point X = "133" Y = "107" T = "0" Pressure = "0" />
		<Point X = "134" Y = "104" T = "0" Pressure = "0" />
		<Point X = "136" Y = "100" T = "0" Pressure = "0" />
		<Point X = "137" Y = "97" T = "0" Pressure = "0" />
		<Point X = "138" Y = "94" T = "0" Pressure = "0" />
		<Point X = "141" Y = "90" T = "0" Pressure = "0" />
		<Point X = "142" Y = "87" T = "0" Pressure = "0" />
		<Point X = "142" Y = "83" T = "0" Pressure = "0" />
		<Point X = "143" Y = "80" T = "0" Pressure = "0" />
		<Point X = "143" Y = "78" T = "0" Pressure = "0" />
		<Point X = "145" Y = "76" T = "0" Pressure = "0" />
		<Point X = "145" Y = "74" T = "0" Pressure = "0" />
		<Point X = "146" Y = "72" T = "0" Pressure = "0" />
		<Point X = "147" Y = "71" T = "0" Pressure = "0" />
		<Point X = "148" Y = "69" T = "0" Pressure = "0" />
		<Point X = "149" Y = "67" T = "0" Pressure = "0" />
		<Point X = "150" Y = "65" T = "0" Pressure = "0" />
		<Point X = "151" Y = "62" T = "0" Pressure = "0" />
		<Point X = "153" Y = "58" T = "0" Pressure = "0" />
		<Point X = "154" Y = "54" T = "0" Pressure = "0" />
		<Point X = "156" Y = "49" T = "0" Pressure = "0" />
		<Point X = "158" Y = "46" T = "0" Pressure = "0" />
		<Point X = "158" Y = "44" T = "0" Pressure = "0" />
		<Point X = "158" Y = "43" T = "0" Pressure = "0" />
		<Point X = "158" Y = "42" T = "0" Pressure = "0" />
		<Point X = "159" Y = "41" T = "0" Pressure = "0" />
		<Point X = "159" Y = "40" T = "0" Pressure = "0" />
		<Point X = "159" Y = "39" T = "0" Pressure = "0" />
		<Point X = "160" Y = "37" T = "0" Pressure = "0" />
		<Point X = "161" Y = "36" T = "0" Pressure = "0" />
		<Point X = "161" Y = "35" T = "0" Pressure = "0" />
		<Point X = "162" Y = "35" T = "0" Pressure = "0" />
		<Point X = "163" Y = "35" T = "0" Pressure = "0" />
		<Point X = "164" Y = "36" T = "0" Pressure = "0" />
		<Point X = "164" Y = "38" T = "0" Pressure = "0" />
		<Point X = "164" Y = "39" T = "0" Pressure = "0" />
		<Point X = "164" Y = "40" T = "0" Pressure = "0" />
		<Point X = "164" Y = "42" T = "0" Pressure = "0" />
		<Point X = "165" Y = "43" T = "0" Pressure = "0" />
		<Point X = "167" Y = "47" T = "0" Pressure = "0" />
		<Point X = "168" Y = "50" T = "0" Pressure = "0" />
		<Point X = "168" Y = "51" T = "0" Pressure = "0" />
		<Point X = "168" Y = "54" T = "0" Pressure = "0" />
		<Point X = "169" Y = "57" T = "0" Pressure = "0" />
		<Point X = "171" Y = "61" T = "0" Pressure = "0" />
		<Point X = "172" Y = "62" T = "0" Pressure = "0" />
		<Point X = "172" Y = "64" T = "0" Pressure = "0" />
		<Point X = "173" Y = "66" T = "0" Pressure = "0" />
		<Point X = "174" Y = "69" T = "0" Pressure = "0" />
		<Point X = "175" Y = "70" T = "0" Pressure = "0" />
		<Point X = "176" Y = "73" T = "0" Pressure = "0" />
		<Point X = "176" Y = "74" T = "0" Pressure = "0" />
		<Point X = "177" Y = "76" T = "0" Pressure = "0" />
		<Point X = "179" Y = "81" T = "0" Pressure = "0" />
		<Point X = "179" Y = "82" T = "0" Pressure = "0" />
		<Point X = "180" Y = "85" T = "0" Pressure = "0" />
		<Point X = "181" Y = "88" T = "0" Pressure = "0" />
		<Point X = "182" Y = "90" T = "0" Pressure = "0" />
		<Point X = "182" Y = "92" T = "0" Pressure = "0" />
		<Point X = "183" Y = "93" T = "0" Pressure = "0" />
		<Point X = "183" Y = "95" T = "0" Pressure = "0" />
		<Point X = "184" Y = "95" T = "0" Pressure = "0" />
		<Point X = "184" Y = "96" T = "0" Pressure = "0" />
		<Point X = "186" Y = "99" T = "0" Pressure = "0" />
		<Point X = "186" Y = "100" T = "0" Pressure = "0" />
		<Point X = "187" Y = "103" T = "0" Pressure = "0" />
		<Point X = "188" Y = "106" T = "0" Pressure = "0" />
		<Point X = "190" Y = "110" T = "0" Pressure = "0" />
		<Point X = "190" Y = "113" T = "0" Pressure = "0" />
		<Point X = "191" Y = "115" T = "0" Pressure = "0" />
		<Point X = "191" Y = "118" T = "0" Pressure = "0" />
		<Point X = "192" Y = "120" T = "0" Pressure = "0" />
		<Point X = "194" Y = "123" T = "0" Pressure = "0" />
		<Point X = "194" Y = "125" T = "0" Pressure = "0" />
		<Point X = "194" Y = "126" T = "0" Pressure = "0" />
		<Point X = "195" Y = "128" T = "0" Pressure = "0" />
		<Point X = "196" Y = "130" T = "0" Pressure = "0" />
		<Point X = "196" Y = "131" T = "0" Pressure = "0" />
		<Point X = "197" Y = "132" T = "0" Pressure = "0" />
		<Point X = "197" Y = "133" T = "0" Pressure = "0" />
		<Point X = "198" Y = "136" T = "0" Pressure = "0" />
		<Point X = "199" Y = "138" T = "0" Pressure = "0" />
		<Point X = "199" Y = "139" T = "0" Pressure = "0" />
		<Point X = "199" Y = "140" T = "0" Pressure = "0" />
		<Point X = "200" Y = "141" T = "0" Pressure = "0" />
		<Point X = "200" Y = "142" T = "0" Pressure = "0" />
		<Point X = "201" Y = "143" T = "0" Pressure = "0" />
		<Point X = "201" Y = "144" T = "0" Pressure = "0" />
		<Point X = "201" Y = "146" T = "0" Pressure = "0" />
		<Point X = "201" Y = "147" T = "0" Pressure = "0" />
		<Point X = "202" Y = "149" T = "0" Pressure = "0" />
		<Point X = "202" Y = "150" T = "0" Pressure = "0" />
		<Point X = "202" Y = "151" T = "0" Pressure = "0" />
		<Point X = "202" Y = "152" T = "0" Pressure = "0" />
		<Point X = "202" Y = "153" T = "0" Pressure = "0" />
		<Point X = "202" Y = "154" T = "0" Pressure = "0" />
		<Point X = "202" Y = "155" T = "0" Pressure = "0" />
		<Point X = "202" Y = "156" T = "0" Pressure = "0" />
		<Point X = "202" Y = "157" T = "0" Pressure = "0" />
		<Point X = "202" Y = "158" T = "0" Pressure = "0" />
		<Point X = "201" Y = "158" T = "0" Pressure = "0" />
		<Point X = "200" Y = "158" T = "0" Pressure = "0" />
		<Point X = "197" Y = "158" T = "0" Pressure = "0" />
		<Point X = "196" Y = "158" T = "0" Pressure = "0" />
		<Point X = "194" Y = "157" T = "0" Pressure = "0" />
		<Point X = "192" Y = "157" T = "0" Pressure = "0" />
		<Point X = "190" Y = "155" T = "0" Pressure = "0" />
		<Point X = "189" Y = "155" T = "0" Pressure = "0" />
		<Point X = "188" Y = "155" T = "0" Pressure = "0" />
		<Point X = "187" Y = "153" T = "0" Pressure = "0" />
		<Point X = "184" Y = "153" T = "0" Pressure = "0" />
		<Point X = "184" Y = "152" T = "0" Pressure = "0" />
		<Point X = "183" Y = "151" T = "0" Pressure = "0" />
		<Point X = "182" Y = "150" T = "0" Pressure = "0" />
		<Point X = "180" Y = "149" T = "0" Pressure = "0" />
		<Point X = "180" Y = "148" T = "0" Pressure = "0" />
		<Point X = "179" Y = "147" T = "0" Pressure = "0" />
		<Point X = "178" Y = "147" T = "0" Pressure = "0" />
		<Point X = "177" Y = "146" T = "0" Pressure = "0" />
		<Point X = "176" Y = "146" T = "0" Pressure = "0" />
		<Point X = "175" Y = "145" T = "0" Pressure = "0" />
		<Point X = "174" Y = "144" T = "0" Pressure = "0" />
		<Point X = "173" Y = "143" T = "0" Pressure = "0" />
		<Point X = "172" Y = "142" T = "0" Pressure = "0" />
		<Point X = "170" Y = "141" T = "0" Pressure = "0" />
		<Point X = "167" Y = "139" T = "0" Pressure = "0" />
		<Point X = "165" Y = "138" T = "0" Pressure = "0" />
		<Point X = "164" Y = "137" T = "0" Pressure = "0" />
		<Point X = "162" Y = "135" T = "0" Pressure = "0" />
		<Point X = "160" Y = "134" T = "0" Pressure = "0" />
		<Point X = "159" Y = "133" T = "0" Pressure = "0" />
		<Point X = "155" Y = "131" T = "0" Pressure = "0" />
		<Point X = "154" Y = "129" T = "0" Pressure = "0" />
		<Point X = "153" Y = "129" T = "0" Pressure = "0" />
		<Point X = "151" Y = "127" T = "0" Pressure = "0" />
		<Point X = "149" Y = "125" T = "0" Pressure = "0" />
		<Point X = "148" Y = "124" T = "0" Pressure = "0" />
		<Point X = "147" Y = "123" T = "0" Pressure = "0" />
		<Point X = "145" Y = "123" T = "0" Pressure = "0" />
		<Point X = "144" Y = "122" T = "0" Pressure = "0" />
		<Point X = "142" Y = "121" T = "0" Pressure = "0" />
		<Point X = "140" Y = "120" T = "0" Pressure = "0" />
		<Point X = "139" Y = "119" T = "0" Pressure = "0" />
		<Point X = "138" Y = "119" T = "0" Pressure = "0" />
		<Point X = "136" Y = "117" T = "0" Pressure = "0" />
		<Point X = "135" Y = "116" T = "0" Pressure = "0" />
		<Point X = "134" Y = "115" T = "0" Pressure = "0" />
		<Point X = "132" Y = "115" T = "0" Pressure = "0" />
		<Point X = "131" Y = "114" T = "0" Pressure = "0" />
		<Point X = "130" Y = "113" T = "0" Pressure = "0" />
		<Point X = "129" Y = "113" T = "0" Pressure = "0" />
		<Point X = "129" Y = "112" T = "0" Pressure = "0" />
		<Point X = "128" Y = "111" T = "0" Pressure = "0" />
		<Point X = "126" Y = "110" T = "0" Pressure = "0" />
		<Point X = "125" Y = "110" T = "0" Pressure = "0" />
		<Point X = "122" Y = "108" T = "0" Pressure = "0" />
		<Point X = "121" Y = "107" T = "0" Pressure = "0" />
		<Point X = "121" Y = "106" T = "0" Pressure = "0" />
		<Point X = "120" Y = "104" T = "0" Pressure = "0" />
		<Point X = "119" Y = "104" T = "0" Pressure = "0" />
		<Point X = "119" Y = "103" T = "0" Pressure = "0" />
		<Point X = "118" Y = "101" T = "0" Pressure = "0" />
		<Point X = "116" Y = "99" T = "0" Pressure = "0" />
		<Point X = "115" Y = "98" T = "0" Pressure = "0" />
		<Point X = "114" Y = "97" T = "0" Pressure = "0" />
		<Point X = "113" Y = "96" T = "0" Pressure = "0" />
		<Point X = "112" Y = "95" T = "0" Pressure = "0" />
		<Point X = "112" Y = "94" T = "0" Pressure = "0" />
		<Point X = "111" Y = "94" T = "0" Pressure = "0" />
		<Point X = "110" Y = "93" T = "0" Pressure = "0" />
		<Point X = "109" Y = "93" T = "0" Pressure = "0" />
		<Point X = "108" Y = "91" T = "0" Pressure = "0" />
		<Point X = "107" Y = "91" T = "0" Pressure = "0" />
		<Point X = "106" Y = "90" T = "0" Pressure = "0" />
		<Point X = "105" Y = "89" T = "0" Pressure = "0" />
		<Point X = "103" Y = "88" T = "0" Pressure = "0" />
		<Point X = "102" Y = "87" T = "0" Pressure = "0" />
		<Point X = "101" Y = "87" T = "0" Pressure = "0" />
		<Point X = "100" Y = "87" T = "0" Pressure = "0" />
		<Point X = "99" Y = "86" T = "0" Pressure = "0" />
		<Point X = "98" Y = "86" T = "0" Pressure = "0" />
		<Point X = "97" Y = "86" T = "0" Pressure = "0" />
		<Point X = "96" Y = "85" T = "0" Pressure = "0" />
		<Point X = "96" Y = "84" T = "0" Pressure = "0" />
		<Point X = "95" Y = "84" T = "0" Pressure = "0" />
	</Stroke>
</Gesture>
