<?xml version="1.0" encoding="utf-8" standalone="yes"?>
<Gesture Name = "star">
	<Stroke>
		<Point X = "141" Y = "164" T = "0" Pressure = "0" />
		<Point X = "142" Y = "164" T = "0" Pressure = "0" />
		<Point X = "143" Y = "164" T = "0" Pressure = "0" />
		<Point X = "147" Y = "164" T = "0" Pressure = "0" />
		<Point X = "148" Y = "164" T = "0" Pressure = "0" />
		<Point X = "152" Y = "164" T = "0" Pressure = "0" />
		<Point X = "156" Y = "164" T = "0" Pressure = "0" />
		<Point X = "163" Y = "163" T = "0" Pressure = "0" />
		<Point X = "169" Y = "163" T = "0" Pressure = "0" />
		<Point X = "174" Y = "163" T = "0" Pressure = "0" />
		<Point X = "179" Y = "163" T = "0" Pressure = "0" />
		<Point X = "184" Y = "162" T = "0" Pressure = "0" />
		<Point X = "190" Y = "161" T = "0" Pressure = "0" />
		<Point X = "196" Y = "160" T = "0" Pressure = "0" />
		<Point X = "198" Y = "160" T = "0" Pressure = "0" />
		<Point X = "199" Y = "160" T = "0" Pressure = "0" />
		<Point X = "200" Y = "160" T = "0" Pressure = "0" />
		<Point X = "201" Y = "160" T = "0" Pressure = "0" />
		<Point X = "202" Y = "160" T = "0" Pressure = "0" />
		<Point X = "204" Y = "160" T = "0" Pressure = "0" />
		<Point X = "206" Y = "160" T = "0" Pressure = "0" />
		<Point X = "207" Y = "160" T = "0" Pressure = "0" />
		<Point X = "210" Y = "160" T = "0" Pressure = "0" />
		<Point X = "214" Y = "160" T = "0" Pressure = "0" />
		<Point X = "219" Y = "160" T = "0" Pressure = "0" />
		<Point X = "224" Y = "160" T = "0" Pressure = "0" />
		<Point X = "230" Y = "160" T = "0" Pressure = "0" />
		<Point X = "233" Y = "160" T = "0" Pressure = "0" />
		<Point X = "236" Y = "160" T = "0" Pressure = "0" />
		<Point X = "237" Y = "160" T = "0" Pressure = "0" />
		<Point X = "240" Y = "159" T = "0" Pressure = "0" />
		<Point X = "243" Y = "157" T = "0" Pressure = "0" />
		<Point X = "245" Y = "157" T = "0" Pressure = "0" />
		<Point X = "248" Y = "157" T = "0" Pressure = "0" />
		<Point X = "252" Y = "157" T = "0" Pressure = "0" />
		<Point X = "257" Y = "158" T = "0" Pressure = "0" />
		<Point X = "261" Y = "159" T = "0" Pressure = "0" />
		<Point X = "266" Y = "161" T = "0" Pressure = "0" />
		<Point X = "269" Y = "161" T = "0" Pressure = "0" />
		<Point X = "272" Y = "162" T = "0" Pressure = "0" />
		<Point X = "273" Y = "162" T = "0" Pressure = "0" />
		<Point X = "275" Y = "162" T = "0" Pressure = "0" />
		<Point X = "277" Y = "162" T = "0" Pressure = "0" />
		<Point X = "279" Y = "162" T = "0" Pressure = "0" />
		<Point X = "282" Y = "162" T = "0" Pressure = "0" />
		<Point X = "284" Y = "162" T = "0" Pressure = "0" />
		<Point X = "286" Y = "162" T = "0" Pressure = "0" />
		<Point X = "290" Y = "162" T = "0" Pressure = "0" />
		<Point X = "291" Y = "162" T = "0" Pressure = "0" />
		<Point X = "293" Y = "162" T = "0" Pressure = "0" />
		<Point X = "294" Y = "162" T = "0" Pressure = "0" />
		<Point X = "295" Y = "161" T = "0" Pressure = "0" />
		<Point X = "294" Y = "163" T = "0" Pressure = "0" />
		<Point X = "293" Y = "165" T = "0" Pressure = "0" />
		<Point X = "290" Y = "169" T = "0" Pressure = "0" />
		<Point X = "289" Y = "171" T = "0" Pressure = "0" />
		<Point X = "287" Y = "172" T = "0" Pressure = "0" />
		<Point X = "284" Y = "175" T = "0" Pressure = "0" />
		<Point X = "281" Y = "177" T = "0" Pressure = "0" />
		<Point X = "277" Y = "178" T = "0" Pressure = "0" />
		<Point X = "272" Y = "181" T = "0" Pressure = "0" />
		<Point X = "270" Y = "183" T = "0" Pressure = "0" />
		<Point X = "269" Y = "183" T = "0" Pressure = "0" />
		<Point X = "266" Y = "185" T = "0" Pressure = "0" />
		<Point X = "265" Y = "186" T = "0" Pressure = "0" />
		<Point X = "262" Y = "188" T = "0" Pressure = "0" />
		<Point X = "260" Y = "190" T = "0" Pressure = "0" />
		<Point X = "259" Y = "191" T = "0" Pressure = "0" />
		<Point X = "258" Y = "192" T = "0" Pressure = "0" />
		<Point X = "257" Y = "193" T = "0" Pressure = "0" />
		<Point X = "256" Y = "193" T = "0" Pressure = "0" />
		<Point X = "254" Y = "195" T = "0" Pressure = "0" />
		<Point X = "253" Y = "196" T = "0" Pressure = "0" />
		<Point X = "251" Y = "198" T = "0" Pressure = "0" />
		<Point X = "250" Y = "200" T = "0" Pressure = "0" />
		<Point X = "247" Y = "202" T = "0" Pressure = "0" />
		<Point X = "247" Y = "204" T = "0" Pressure = "0" />
		<Point X = "245" Y = "206" T = "0" Pressure = "0" />
		<Point X = "244" Y = "207" T = "0" Pressure = "0" />
		<Point X = "243" Y = "208" T = "0" Pressure = "0" />
		<Point X = "240" Y = "210" T = "0" Pressure = "0" />
		<Point X = "238" Y = "211" T = "0" Pressure = "0" />
		<Point X = "237" Y = "212" T = "0" Pressure = "0" />
		<Point X = "236" Y = "213" T = "0" Pressure = "0" />
		<Point X = "234" Y = "214" T = "0" Pressure = "0" />
		<Point X = "234" Y = "215" T = "0" Pressure = "0" />
		<Point X = "232" Y = "217" T = "0" Pressure = "0" />
		<Point X = "228" Y = "220" T = "0" Pressure = "0" />
		<Point X = "227" Y = "221" T = "0" Pressure = "0" />
		<Point X = "224" Y = "223" T = "0" Pressure = "0" />
		<Point X = "220" Y = "224" T = "0" Pressure = "0" />
		<Point X = "218" Y = "225" T = "0" Pressure = "0" />
		<Point X = "214" Y = "226" T = "0" Pressure = "0" />
		<Point X = "210" Y = "227" T = "0" Pressure = "0" />
		<Point X = "206" Y = "228" T = "0" Pressure = "0" />
		<Point X = "202" Y = "230" T = "0" Pressure = "0" />
		<Point X = "198" Y = "233" T = "0" Pressure = "0" />
		<Point X = "194" Y = "235" T = "0" Pressure = "0" />
		<Point X = "193" Y = "236" T = "0" Pressure = "0" />
		<Point X = "191" Y = "237" T = "0" Pressure = "0" />
		<Point X = "189" Y = "238" T = "0" Pressure = "0" />
		<Point X = "188" Y = "239" T = "0" Pressure = "0" />
		<Point X = "185" Y = "241" T = "0" Pressure = "0" />
		<Point X = "184" Y = "242" T = "0" Pressure = "0" />
		<Point X = "183" Y = "243" T = "0" Pressure = "0" />
		<Point X = "182" Y = "243" T = "0" Pressure = "0" />
		<Point X = "182" Y = "244" T = "0" Pressure = "0" />
		<Point X = "181" Y = "245" T = "0" Pressure = "0" />
		<Point X = "180" Y = "245" T = "0" Pressure = "0" />
		<Point X = "180" Y = "246" T = "0" Pressure = "0" />
		<Point X = "178" Y = "247" T = "0" Pressure = "0" />
		<Point X = "178" Y = "248" T = "0" Pressure = "0" />
		<Point X = "177" Y = "248" T = "0" Pressure = "0" />
		<Point X = "177" Y = "250" T = "0" Pressure = "0" />
		<Point X = "177" Y = "251" T = "0" Pressure = "0" />
		<Point X = "177" Y = "250" T = "0" Pressure = "0" />
		<Point X = "179" Y = "248" T = "0" Pressure = "0" />
		<Point X = "179" Y = "246" T = "0" Pressure = "0" />
		<Point X = "180" Y = "243" T = "0" Pressure = "0" />
		<Point X = "181" Y = "238" T = "0" Pressure = "0" />
		<Point X = "181" Y = "234" T = "0" Pressure = "0" />
		<Point X = "183" Y = "228" T = "0" Pressure = "0" />
		<Point X = "184" Y = "220" T = "0" Pressure = "0" />
		<Point X = "185" Y = "213" T = "0" Pressure = "0" />
		<Point X = "185" Y = "208" T = "0" Pressure = "0" />
		<Point X = "188" Y = "201" T = "0" Pressure = "0" />
		<Point X = "189" Y = "199" T = "0" Pressure = "0" />
		<Point X = "191" Y = "195" T = "0" Pressure = "0" />
		<Point X = "194" Y = "190" T = "0" Pressure = "0" />
		<Point X = "197" Y = "185" T = "0" Pressure = "0" />
		<Point X = "199" Y = "180" T = "0" Pressure = "0" />
		<Point X = "202" Y = "175" T = "0" Pressure = "0" />
		<Point X = "205" Y = "171" T = "0" Pressure = "0" />
		<Point X = "207" Y = "165" T = "0" Pressure = "0" />
		<Point X = "209" Y = "158" T = "0" Pressure = "0" />
		<Point X = "210" Y = "152" T = "0" Pressure = "0" />
		<Point X = "212" Y = "146" T = "0" Pressure = "0" />
		<Point X = "214" Y = "139" T = "0" Pressure = "0" />
		<Point X = "215" Y = "134" T = "0" Pressure = "0" />
		<Point X = "218" Y = "131" T = "0" Pressure = "0" />
		<Point X = "220" Y = "125" T = "0" Pressure = "0" />
		<Point X = "220" Y = "124" T = "0" Pressure = "0" />
		<Point X = "221" Y = "119" T = "0" Pressure = "0" />
		<Point X = "222" Y = "115" T = "0" Pressure = "0" />
		<Point X = "223" Y = "112" T = "0" Pressure = "0" />
		<Point X = "224" Y = "110" T = "0" Pressure = "0" />
		<Point X = "225" Y = "106" T = "0" Pressure = "0" />
		<Point X = "226" Y = "104" T = "0" Pressure = "0" />
		<Point X = "226" Y = "103" T = "0" Pressure = "0" />
		<Point X = "227" Y = "99" T = "0" Pressure = "0" />
		<Point X = "228" Y = "97" T = "0" Pressure = "0" />
		<Point X = "229" Y = "93" T = "0" Pressure = "0" />
		<Point X = "230" Y = "91" T = "0" Pressure = "0" />
		<Point X = "231" Y = "87" T = "0" Pressure = "0" />
		<Point X = "232" Y = "84" T = "0" Pressure = "0" />
		<Point X = "234" Y = "80" T = "0" Pressure = "0" />
		<Point X = "234" Y = "78" T = "0" Pressure = "0" />
		<Point X = "234" Y = "76" T = "0" Pressure = "0" />
		<Point X = "235" Y = "75" T = "0" Pressure = "0" />
		<Point X = "235" Y = "73" T = "0" Pressure = "0" />
		<Point X = "236" Y = "73" T = "0" Pressure = "0" />
		<Point X = "237" Y = "75" T = "0" Pressure = "0" />
		<Point X = "237" Y = "76" T = "0" Pressure = "0" />
		<Point X = "238" Y = "80" T = "0" Pressure = "0" />
		<Point X = "238" Y = "84" T = "0" Pressure = "0" />
		<Point X = "239" Y = "89" T = "0" Pressure = "0" />
		<Point X = "239" Y = "96" T = "0" Pressure = "0" />
		<Point X = "239" Y = "101" T = "0" Pressure = "0" />
		<Point X = "240" Y = "107" T = "0" Pressure = "0" />
		<Point X = "242" Y = "117" T = "0" Pressure = "0" />
		<Point X = "242" Y = "122" T = "0" Pressure = "0" />
		<Point X = "243" Y = "128" T = "0" Pressure = "0" />
		<Point X = "244" Y = "134" T = "0" Pressure = "0" />
		<Point X = "245" Y = "141" T = "0" Pressure = "0" />
		<Point X = "245" Y = "146" T = "0" Pressure = "0" />
		<Point X = "248" Y = "152" T = "0" Pressure = "0" />
		<Point X = "249" Y = "157" T = "0" Pressure = "0" />
		<Point X = "251" Y = "163" T = "0" Pressure = "0" />
		<Point X = "252" Y = "167" T = "0" Pressure = "0" />
		<Point X = "253" Y = "172" T = "0" Pressure = "0" />
		<Point X = "254" Y = "176" T = "0" Pressure = "0" />
		<Point X = "256" Y = "182" T = "0" Pressure = "0" />
		<Point X = "257" Y = "185" T = "0" Pressure = "0" />
		<Point X = "259" Y = "190" T = "0" Pressure = "0" />
		<Point X = "262" Y = "195" T = "0" Pressure = "0" />
		<Point X = "263" Y = "198" T = "0" Pressure = "0" />
		<Point X = "263" Y = "200" T = "0" Pressure = "0" />
		<Point X = "263" Y = "202" T = "0" Pressure = "0" />
		<Point X = "263" Y = "204" T = "0" Pressure = "0" />
		<Point X = "263" Y = "205" T = "0" Pressure = "0" />
		<Point X = "263" Y = "208" T = "0" Pressure = "0" />
		<Point X = "265" Y = "212" T = "0" Pressure = "0" />
		<Point X = "266" Y = "217" T = "0" Pressure = "0" />
		<Point X = "267" Y = "220" T = "0" Pressure = "0" />
		<Point X = "268" Y = "222" T = "0" Pressure = "0" />
		<Point X = "269" Y = "226" T = "0" Pressure = "0" />
		<Point X = "270" Y = "228" T = "0" Pressure = "0" />
		<Point X = "271" Y = "229" T = "0" Pressure = "0" />
		<Point X = "271" Y = "231" T = "0" Pressure = "0" />
		<Point X = "271" Y = "232" T = "0" Pressure = "0" />
		<Point X = "271" Y = "233" T = "0" Pressure = "0" />
		<Point X = "271" Y = "235" T = "0" Pressure = "0" />
		<Point X = "273" Y = "237" T = "0" Pressure = "0" />
		<Point X = "273" Y = "238" T = "0" Pressure = "0" />
		<Point X = "273" Y = "239" T = "0" Pressure = "0" />
		<Point X = "273" Y = "240" T = "0" Pressure = "0" />
		<Point X = "273" Y = "242" T = "0" Pressure = "0" />
		<Point X = "273" Y = "244" T = "0" Pressure = "0" />
		<Point X = "273" Y = "246" T = "0" Pressure = "0" />
		<Point X = "273" Y = "247" T = "0" Pressure = "0" />
		<Point X = "274" Y = "248" T = "0" Pressure = "0" />
		<Point X = "274" Y = "250" T = "0" Pressure = "0" />
		<Point X = "273" Y = "250" T = "0" Pressure = "0" />
		<Point X = "272" Y = "250" T = "0" Pressure = "0" />
		<Point X = "271" Y = "250" T = "0" Pressure = "0" />
		<Point X = "270" Y = "250" T = "0" Pressure = "0" />
		<Point X = "269" Y = "250" T = "0" Pressure = "0" />
		<Point X = "266" Y = "249" T = "0" Pressure = "0" />
		<Point X = "265" Y = "247" T = "0" Pressure = "0" />
		<Point X = "261" Y = "243" T = "0" Pressure = "0" />
		<Point X = "260" Y = "242" T = "0" Pressure = "0" />
		<Point X = "259" Y = "241" T = "0" Pressure = "0" />
		<Point X = "258" Y = "240" T = "0" Pressure = "0" />
		<Point X = "256" Y = "239" T = "0" Pressure = "0" />
		<Point X = "255" Y = "237" T = "0" Pressure = "0" />
		<Point X = "253" Y = "235" T = "0" Pressure = "0" />
		<Point X = "250" Y = "233" T = "0" Pressure = "0" />
		<Point X = "246" Y = "231" T = "0" Pressure = "0" />
		<Point X = "242" Y = "228" T = "0" Pressure = "0" />
		<Point X = "236" Y = "223" T = "0" Pressure = "0" />
		<Point X = "232" Y = "219" T = "0" Pressure = "0" />
		<Point X = "225" Y = "214" T = "0" Pressure = "0" />
		<Point X = "221" Y = "210" T = "0" Pressure = "0" />
		<Point X = "216" Y = "206" T = "0" Pressure = "0" />
		<Point X = "214" Y = "204" T = "0" Pressure = "0" />
		<Point X = "213" Y = "204" T = "0" Pressure = "0" />
		<Point X = "211" Y = "202" T = "0" Pressure = "0" />
		<Point X = "209" Y = "201" T = "0" Pressure = "0" />
		<Point X = "207" Y = "200" T = "0" Pressure = "0" />
		<Point X = "205" Y = "198" T = "0" Pressure = "0" />
		<Point X = "201" Y = "198" T = "0" Pressure = "0" />
		<Point X = "198" Y = "196" T = "0" Pressure = "0" />
		<Point X = "193" Y = "193" T = "0" Pressure = "0" />
		<Point X = "189" Y = "192" T = "0" Pressure = "0" />
		<Point X = "185" Y = "190" T = "0" Pressure = "0" />
		<Point X = "183" Y = "188" T = "0" Pressure = "0" />
		<Point X = "182" Y = "188" T = "0" Pressure = "0" />
		<Point X = "179" Y = "185" T = "0" Pressure = "0" />
		<Point X = "178" Y = "185" T = "0" Pressure = "0" />
		<Point X = "176" Y = "183" T = "0" Pressure = "0" />
		<Point X = "175" Y = "181" T = "0" Pressure = "0" />
		<Point X = "173" Y = "180" T = "0" Pressure = "0" />
		<Point X = "170" Y = "178" T = "0" Pressure = "0" />
		<Point X = "167" Y = "176" T = "0" Pressure = "0" />
		<Point X = "163" Y = "173" T = "0" Pressure = "0" />
		<Point X = "162" Y = "173" T = "0" Pressure = "0" />
		<Point X = "161" Y = "173" T = "0" Pressure = "0" />
		<Point X = "161" Y = "172" T = "0" Pressure = "0" />
		<Point X = "160" Y = "171" T = "0" Pressure = "0" />
		<Point X = "160" Y = "170" T = "0" Pressure = "0" />
		<Point X = "159" Y = "170" T = "0" Pressure = "0" />
		<Point X = "158" Y = "170" T = "0" Pressure = "0" />
		<Point X = "158" Y = "169" T = "0" Pressure = "0" />
		<Point X = "157" Y = "169" T = "0" Pressure = "0" />
		<Point X = "156" Y = "169" T = "0" Pressure = "0" />
		<Point X = "155" Y = "169" T = "0" Pressure = "0" />
		<Point X = "153" Y = "169" T = "0" Pressure = "0" />
		<Point X = "152" Y = "168" T = "0" Pressure = "0" />
		<Point X = "151" Y = "166" T = "0" Pressure = "0" />
		<Point X = "151" Y = "165" T = "0" Pressure = "0" />
		<Point X = "151" Y = "164" T = "0" Pressure = "0" />
		<Point X = "150" Y = "162" T = "0" Pressure = "0" />
		<Point X = "149" Y = "162" T = "0" Pressure = "0" />
		<Point X = "148" Y = "161" T = "0" Pressure = "0" />
		<Point X = "147" Y = "161" T = "0" Pressure = "0" />
		<Point X = "146" Y = "160" T = "0" Pressure = "0" />
	</Stroke>
</Gesture>
