<?xml version="1.0" encoding="utf-8" standalone="yes"?>
<Gesture Name = "star">
	<Stroke>
		<Point X = "80" Y = "135" T = "0" Pressure = "0" />
		<Point X = "84" Y = "135" T = "0" Pressure = "0" />
		<Point X = "91" Y = "135" T = "0" Pressure = "0" />
		<Point X = "98" Y = "135" T = "0" Pressure = "0" />
		<Point X = "106" Y = "135" T = "0" Pressure = "0" />
		<Point X = "117" Y = "135" T = "0" Pressure = "0" />
		<Point X = "128" Y = "135" T = "0" Pressure = "0" />
		<Point X = "139" Y = "135" T = "0" Pressure = "0" />
		<Point X = "150" Y = "132" T = "0" Pressure = "0" />
		<Point X = "158" Y = "132" T = "0" Pressure = "0" />
		<Point X = "169" Y = "130" T = "0" Pressure = "0" />
		<Point X = "175" Y = "130" T = "0" Pressure = "0" />
		<Point X = "183" Y = "129" T = "0" Pressure = "0" />
		<Point X = "189" Y = "129" T = "0" Pressure = "0" />
		<Point X = "194" Y = "129" T = "0" Pressure = "0" />
		<Point X = "199" Y = "127" T = "0" Pressure = "0" />
		<Point X = "200" Y = "127" T = "0" Pressure = "0" />
		<Point X = "202" Y = "127" T = "0" Pressure = "0" />
		<Point X = "203" Y = "126" T = "0" Pressure = "0" />
		<Point X = "204" Y = "126" T = "0" Pressure = "0" />
		<Point X = "204" Y = "125" T = "0" Pressure = "0" />
		<Point X = "206" Y = "124" T = "0" Pressure = "0" />
		<Point X = "206" Y = "123" T = "0" Pressure = "0" />
		<Point X = "207" Y = "122" T = "0" Pressure = "0" />
		<Point X = "208" Y = "122" T = "0" Pressure = "0" />
		<Point X = "209" Y = "122" T = "0" Pressure = "0" />
		<Point X = "210" Y = "122" T = "0" Pressure = "0" />
		<Point X = "211" Y = "122" T = "0" Pressure = "0" />
		<Point X = "211" Y = "123" T = "0" Pressure = "0" />
		<Point X = "210" Y = "127" T = "0" Pressure = "0" />
		<Point X = "206" Y = "132" T = "0" Pressure = "0" />
		<Point X = "205" Y = "137" T = "0" Pressure = "0" />
		<Point X = "201" Y = "143" T = "0" Pressure = "0" />
		<Point X = "195" Y = "152" T = "0" Pressure = "0" />
		<Point X = "189" Y = "159" T = "0" Pressure = "0" />
		<Point X = "183" Y = "167" T = "0" Pressure = "0" />
		<Point X = "175" Y = "176" T = "0" Pressure = "0" />
		<Point X = "170" Y = "181" T = "0" Pressure = "0" />
		<Point X = "164" Y = "185" T = "0" Pressure = "0" />
		<Point X = "161" Y = "187" T = "0" Pressure = "0" />
		<Point X = "157" Y = "189" T = "0" Pressure = "0" />
		<Point X = "156" Y = "190" T = "0" Pressure = "0" />
		<Point X = "150" Y = "192" T = "0" Pressure = "0" />
		<Point X = "148" Y = "193" T = "0" Pressure = "0" />
		<Point X = "145" Y = "195" T = "0" Pressure = "0" />
		<Point X = "142" Y = "197" T = "0" Pressure = "0" />
		<Point X = "138" Y = "200" T = "0" Pressure = "0" />
		<Point X = "135" Y = "203" T = "0" Pressure = "0" />
		<Point X = "132" Y = "206" T = "0" Pressure = "0" />
		<Point X = "129" Y = "209" T = "0" Pressure = "0" />
		<Point X = "125" Y = "212" T = "0" Pressure = "0" />
		<Point X = "122" Y = "216" T = "0" Pressure = "0" />
		<Point X = "121" Y = "217" T = "0" Pressure = "0" />
		<Point X = "118" Y = "218" T = "0" Pressure = "0" />
		<Point X = "118" Y = "219" T = "0" Pressure = "0" />
		<Point X = "117" Y = "220" T = "0" Pressure = "0" />
		<Point X = "116" Y = "221" T = "0" Pressure = "0" />
		<Point X = "116" Y = "220" T = "0" Pressure = "0" />
		<Point X = "116" Y = "216" T = "0" Pressure = "0" />
		<Point X = "116" Y = "212" T = "0" Pressure = "0" />
		<Point X = "116" Y = "206" T = "0" Pressure = "0" />
		<Point X = "116" Y = "201" T = "0" Pressure = "0" />
		<Point X = "116" Y = "195" T = "0" Pressure = "0" />
		<Point X = "120" Y = "188" T = "0" Pressure = "0" />
		<Point X = "122" Y = "182" T = "0" Pressure = "0" />
		<Point X = "126" Y = "175" T = "0" Pressure = "0" />
		<Point X = "130" Y = "167" T = "0" Pressure = "0" />
		<Point X = "132" Y = "160" T = "0" Pressure = "0" />
		<Point X = "136" Y = "152" T = "0" Pressure = "0" />
		<Point X = "137" Y = "147" T = "0" Pressure = "0" />
		<Point X = "139" Y = "140" T = "0" Pressure = "0" />
		<Point X = "140" Y = "136" T = "0" Pressure = "0" />
		<Point X = "141" Y = "132" T = "0" Pressure = "0" />
		<Point X = "142" Y = "129" T = "0" Pressure = "0" />
		<Point X = "144" Y = "124" T = "0" Pressure = "0" />
		<Point X = "144" Y = "122" T = "0" Pressure = "0" />
		<Point X = "145" Y = "120" T = "0" Pressure = "0" />
		<Point X = "146" Y = "117" T = "0" Pressure = "0" />
		<Point X = "148" Y = "113" T = "0" Pressure = "0" />
		<Point X = "148" Y = "111" T = "0" Pressure = "0" />
		<Point X = "148" Y = "108" T = "0" Pressure = "0" />
		<Point X = "149" Y = "106" T = "0" Pressure = "0" />
		<Point X = "150" Y = "103" T = "0" Pressure = "0" />
		<Point X = "151" Y = "101" T = "0" Pressure = "0" />
		<Point X = "152" Y = "100" T = "0" Pressure = "0" />
		<Point X = "152" Y = "99" T = "0" Pressure = "0" />
		<Point X = "152" Y = "98" T = "0" Pressure = "0" />
		<Point X = "152" Y = "96" T = "0" Pressure = "0" />
		<Point X = "152" Y = "94" T = "0" Pressure = "0" />
		<Point X = "152" Y = "93" T = "0" Pressure = "0" />
		<Point X = "152" Y = "91" T = "0" Pressure = "0" />
		<Point X = "152" Y = "89" T = "0" Pressure = "0" />
		<Point X = "152" Y = "88" T = "0" Pressure = "0" />
		<Point X = "153" Y = "88" T = "0" Pressure = "0" />
		<Point X = "153" Y = "87" T = "0" Pressure = "0" />
		<Point X = "153" Y = "86" T = "0" Pressure = "0" />
		<Point X = "153" Y = "85" T = "0" Pressure = "0" />
		<Point X = "155" Y = "86" T = "0" Pressure = "0" />
		<Point X = "155" Y = "87" T = "0" Pressure = "0" />
		<Point X = "155" Y = "90" T = "0" Pressure = "0" />
		<Point X = "155" Y = "92" T = "0" Pressure = "0" />
		<Point X = "156" Y = "96" T = "0" Pressure = "0" />
		<Point X = "157" Y = "100" T = "0" Pressure = "0" />
		<Point X = "160" Y = "106" T = "0" Pressure = "0" />
		<Point X = "161" Y = "109" T = "0" Pressure = "0" />
		<Point X = "163" Y = "113" T = "0" Pressure = "0" />
		<Point X = "164" Y = "116" T = "0" Pressure = "0" />
		<Point X = "166" Y = "121" T = "0" Pressure = "0" />
		<Point X = "169" Y = "125" T = "0" Pressure = "0" />
		<Point X = "172" Y = "132" T = "0" Pressure = "0" />
		<Point X = "175" Y = "138" T = "0" Pressure = "0" />
		<Point X = "178" Y = "145" T = "0" Pressure = "0" />
		<Point X = "181" Y = "151" T = "0" Pressure = "0" />
		<Point X = "185" Y = "158" T = "0" Pressure = "0" />
		<Point X = "188" Y = "162" T = "0" Pressure = "0" />
		<Point X = "192" Y = "167" T = "0" Pressure = "0" />
		<Point X = "195" Y = "171" T = "0" Pressure = "0" />
		<Point X = "196" Y = "173" T = "0" Pressure = "0" />
		<Point X = "198" Y = "175" T = "0" Pressure = "0" />
		<Point X = "200" Y = "177" T = "0" Pressure = "0" />
		<Point X = "202" Y = "179" T = "0" Pressure = "0" />
		<Point X = "203" Y = "180" T = "0" Pressure = "0" />
		<Point X = "205" Y = "183" T = "0" Pressure = "0" />
		<Point X = "206" Y = "185" T = "0" Pressure = "0" />
		<Point X = "208" Y = "187" T = "0" Pressure = "0" />
		<Point X = "211" Y = "192" T = "0" Pressure = "0" />
		<Point X = "214" Y = "196" T = "0" Pressure = "0" />
		<Point X = "215" Y = "198" T = "0" Pressure = "0" />
		<Point X = "217" Y = "200" T = "0" Pressure = "0" />
		<Point X = "217" Y = "201" T = "0" Pressure = "0" />
		<Point X = "218" Y = "201" T = "0" Pressure = "0" />
		<Point X = "219" Y = "202" T = "0" Pressure = "0" />
		<Point X = "219" Y = "203" T = "0" Pressure = "0" />
		<Point X = "220" Y = "204" T = "0" Pressure = "0" />
		<Point X = "220" Y = "205" T = "0" Pressure = "0" />
		<Point X = "219" Y = "206" T = "0" Pressure = "0" />
		<Point X = "218" Y = "206" T = "0" Pressure = "0" />
		<Point X = "217" Y = "206" T = "0" Pressure = "0" />
		<Point X = "215" Y = "206" T = "0" Pressure = "0" />
		<Point X = "214" Y = "206" T = "0" Pressure = "0" />
		<Point X = "213" Y = "206" T = "0" Pressure = "0" />
		<Point X = "212" Y = "206" T = "0" Pressure = "0" />
		<Point X = "210" Y = "206" T = "0" Pressure = "0" />
		<Point X = "207" Y = "205" T = "0" Pressure = "0" />
		<Point X = "205" Y = "203" T = "0" Pressure = "0" />
		<Point X = "199" Y = "200" T = "0" Pressure = "0" />
		<Point X = "194" Y = "196" T = "0" Pressure = "0" />
		<Point X = "188" Y = "193" T = "0" Pressure = "0" />
		<Point X = "183" Y = "190" T = "0" Pressure = "0" />
		<Point X = "176" Y = "188" T = "0" Pressure = "0" />
		<Point X = "171" Y = "186" T = "0" Pressure = "0" />
		<Point X = "167" Y = "184" T = "0" Pressure = "0" />
		<Point X = "162" Y = "182" T = "0" Pressure = "0" />
		<Point X = "158" Y = "181" T = "0" Pressure = "0" />
		<Point X = "153" Y = "180" T = "0" Pressure = "0" />
		<Point X = "150" Y = "180" T = "0" Pressure = "0" />
		<Point X = "146" Y = "180" T = "0" Pressure = "0" />
		<Point X = "142" Y = "178" T = "0" Pressure = "0" />
		<Point X = "141" Y = "178" T = "0" Pressure = "0" />
		<Point X = "139" Y = "177" T = "0" Pressure = "0" />
		<Point X = "136" Y = "176" T = "0" Pressure = "0" />
		<Point X = "131" Y = "172" T = "0" Pressure = "0" />
		<Point X = "129" Y = "172" T = "0" Pressure = "0" />
		<Point X = "125" Y = "169" T = "0" Pressure = "0" />
		<Point X = "123" Y = "168" T = "0" Pressure = "0" />
		<Point X = "121" Y = "167" T = "0" Pressure = "0" />
		<Point X = "118" Y = "164" T = "0" Pressure = "0" />
		<Point X = "117" Y = "164" T = "0" Pressure = "0" />
		<Point X = "116" Y = "163" T = "0" Pressure = "0" />
		<Point X = "114" Y = "162" T = "0" Pressure = "0" />
		<Point X = "111" Y = "161" T = "0" Pressure = "0" />
		<Point X = "110" Y = "160" T = "0" Pressure = "0" />
		<Point X = "106" Y = "160" T = "0" Pressure = "0" />
		<Point X = "100" Y = "157" T = "0" Pressure = "0" />
		<Point X = "99" Y = "157" T = "0" Pressure = "0" />
		<Point X = "97" Y = "156" T = "0" Pressure = "0" />
		<Point X = "97" Y = "155" T = "0" Pressure = "0" />
		<Point X = "95" Y = "154" T = "0" Pressure = "0" />
		<Point X = "95" Y = "153" T = "0" Pressure = "0" />
		<Point X = "94" Y = "153" T = "0" Pressure = "0" />
		<Point X = "94" Y = "152" T = "0" Pressure = "0" />
		<Point X = "92" Y = "151" T = "0" Pressure = "0" />
		<Point X = "92" Y = "150" T = "0" Pressure = "0" />
		<Point X = "91" Y = "150" T = "0" Pressure = "0" />
		<Point X = "90" Y = "148" T = "0" Pressure = "0" />
		<Point X = "90" Y = "147" T = "0" Pressure = "0" />
		<Point X = "89" Y = "145" T = "0" Pressure = "0" />
		<Point X = "88" Y = "144" T = "0" Pressure = "0" />
		<Point X = "88" Y = "143" T = "0" Pressure = "0" />
		<Point X = "87" Y = "142" T = "0" Pressure = "0" />
		<Point X = "87" Y = "141" T = "0" Pressure = "0" />
		<Point X = "87" Y = "140" T = "0" Pressure = "0" />
		<Point X = "87" Y = "139" T = "0" Pressure = "0" />
		<Point X = "85" Y = "138" T = "0" Pressure = "0" />
		<Point X = "85" Y = "137" T = "0" Pressure = "0" />
		<Point X = "85" Y = "136" T = "0" Pressure = "0" />
		<Point X = "85" Y = "135" T = "0" Pressure = "0" />
		<Point X = "85" Y = "134" T = "0" Pressure = "0" />
		<Point X = "85" Y = "133" T = "0" Pressure = "0" />
		<Point X = "84" Y = "130" T = "0" Pressure = "0" />
		<Point X = "82" Y = "130" T = "0" Pressure = "0" />
		<Point X = "81" Y = "130" T = "0" Pressure = "0" />
		<Point X = "80" Y = "131" T = "0" Pressure = "0" />
	</Stroke>
</Gesture>
