<?xml version="1.0" encoding="utf-8" standalone="yes"?>
<Gesture Name = "star">
	<Stroke>
		<Point X = "128" Y = "105" T = "0" Pressure = "0" />
		<Point X = "132" Y = "104" T = "0" Pressure = "0" />
		<Point X = "135" Y = "103" T = "0" Pressure = "0" />
		<Point X = "138" Y = "103" T = "0" Pressure = "0" />
		<Point X = "141" Y = "103" T = "0" Pressure = "0" />
		<Point X = "143" Y = "102" T = "0" Pressure = "0" />
		<Point X = "146" Y = "101" T = "0" Pressure = "0" />
		<Point X = "149" Y = "100" T = "0" Pressure = "0" />
		<Point X = "151" Y = "100" T = "0" Pressure = "0" />
		<Point X = "156" Y = "100" T = "0" Pressure = "0" />
		<Point X = "160" Y = "100" T = "0" Pressure = "0" />
		<Point X = "168" Y = "100" T = "0" Pressure = "0" />
		<Point X = "176" Y = "100" T = "0" Pressure = "0" />
		<Point X = "186" Y = "100" T = "0" Pressure = "0" />
		<Point X = "197" Y = "100" T = "0" Pressure = "0" />
		<Point X = "205" Y = "100" T = "0" Pressure = "0" />
		<Point X = "210" Y = "100" T = "0" Pressure = "0" />
		<Point X = "216" Y = "100" T = "0" Pressure = "0" />
		<Point X = "219" Y = "100" T = "0" Pressure = "0" />
		<Point X = "223" Y = "100" T = "0" Pressure = "0" />
		<Point X = "226" Y = "100" T = "0" Pressure = "0" />
		<Point X = "228" Y = "100" T = "0" Pressure = "0" />
		<Point X = "231" Y = "100" T = "0" Pressure = "0" />
		<Point X = "233" Y = "100" T = "0" Pressure = "0" />
		<Point X = "235" Y = "100" T = "0" Pressure = "0" />
		<Point X = "237" Y = "100" T = "0" Pressure = "0" />
		<Point X = "239" Y = "100" T = "0" Pressure = "0" />
		<Point X = "241" Y = "100" T = "0" Pressure = "0" />
		<Point X = "242" Y = "100" T = "0" Pressure = "0" />
		<Point X = "244" Y = "100" T = "0" Pressure = "0" />
		<Point X = "245" Y = "100" T = "0" Pressure = "0" />
		<Point X = "245" Y = "101" T = "0" Pressure = "0" />
		<Point X = "243" Y = "104" T = "0" Pressure = "0" />
		<Point X = "242" Y = "105" T = "0" Pressure = "0" />
		<Point X = "240" Y = "107" T = "0" Pressure = "0" />
		<Point X = "238" Y = "109" T = "0" Pressure = "0" />
		<Point X = "235" Y = "111" T = "0" Pressure = "0" />
		<Point X = "231" Y = "115" T = "0" Pressure = "0" />
		<Point X = "227" Y = "118" T = "0" Pressure = "0" />
		<Point X = "224" Y = "120" T = "0" Pressure = "0" />
		<Point X = "221" Y = "124" T = "0" Pressure = "0" />
		<Point X = "217" Y = "128" T = "0" Pressure = "0" />
		<Point X = "214" Y = "131" T = "0" Pressure = "0" />
		<Point X = "210" Y = "136" T = "0" Pressure = "0" />
		<Point X = "206" Y = "140" T = "0" Pressure = "0" />
		<Point X = "202" Y = "144" T = "0" Pressure = "0" />
		<Point X = "200" Y = "145" T = "0" Pressure = "0" />
		<Point X = "197" Y = "149" T = "0" Pressure = "0" />
		<Point X = "194" Y = "151" T = "0" Pressure = "0" />
		<Point X = "193" Y = "153" T = "0" Pressure = "0" />
		<Point X = "188" Y = "157" T = "0" Pressure = "0" />
		<Point X = "184" Y = "161" T = "0" Pressure = "0" />
		<Point X = "178" Y = "166" T = "0" Pressure = "0" />
		<Point X = "176" Y = "168" T = "0" Pressure = "0" />
		<Point X = "170" Y = "172" T = "0" Pressure = "0" />
		<Point X = "167" Y = "176" T = "0" Pressure = "0" />
		<Point X = "162" Y = "179" T = "0" Pressure = "0" />
		<Point X = "160" Y = "180" T = "0" Pressure = "0" />
		<Point X = "155" Y = "183" T = "0" Pressure = "0" />
		<Point X = "152" Y = "186" T = "0" Pressure = "0" />
		<Point X = "148" Y = "189" T = "0" Pressure = "0" />
		<Point X = "145" Y = "192" T = "0" Pressure = "0" />
		<Point X = "144" Y = "194" T = "0" Pressure = "0" />
		<Point X = "142" Y = "195" T = "0" Pressure = "0" />
		<Point X = "142" Y = "197" T = "0" Pressure = "0" />
		<Point X = "143" Y = "197" T = "0" Pressure = "0" />
		<Point X = "145" Y = "192" T = "0" Pressure = "0" />
		<Point X = "149" Y = "187" T = "0" Pressure = "0" />
		<Point X = "152" Y = "181" T = "0" Pressure = "0" />
		<Point X = "156" Y = "174" T = "0" Pressure = "0" />
		<Point X = "160" Y = "166" T = "0" Pressure = "0" />
		<Point X = "163" Y = "160" T = "0" Pressure = "0" />
		<Point X = "167" Y = "150" T = "0" Pressure = "0" />
		<Point X = "170" Y = "144" T = "0" Pressure = "0" />
		<Point X = "172" Y = "135" T = "0" Pressure = "0" />
		<Point X = "175" Y = "127" T = "0" Pressure = "0" />
		<Point X = "176" Y = "119" T = "0" Pressure = "0" />
		<Point X = "178" Y = "113" T = "0" Pressure = "0" />
		<Point X = "178" Y = "105" T = "0" Pressure = "0" />
		<Point X = "178" Y = "98" T = "0" Pressure = "0" />
		<Point X = "178" Y = "91" T = "0" Pressure = "0" />
		<Point X = "178" Y = "84" T = "0" Pressure = "0" />
		<Point X = "178" Y = "79" T = "0" Pressure = "0" />
		<Point X = "178" Y = "76" T = "0" Pressure = "0" />
		<Point X = "178" Y = "71" T = "0" Pressure = "0" />
		<Point X = "178" Y = "68" T = "0" Pressure = "0" />
		<Point X = "178" Y = "66" T = "0" Pressure = "0" />
		<Point X = "178" Y = "63" T = "0" Pressure = "0" />
		<Point X = "179" Y = "60" T = "0" Pressure = "0" />
		<Point X = "179" Y = "58" T = "0" Pressure = "0" />
		<Point X = "180" Y = "56" T = "0" Pressure = "0" />
		<Point X = "180" Y = "53" T = "0" Pressure = "0" />
		<Point X = "180" Y = "51" T = "0" Pressure = "0" />
		<Point X = "180" Y = "48" T = "0" Pressure = "0" />
		<Point X = "180" Y = "45" T = "0" Pressure = "0" />
		<Point X = "180" Y = "44" T = "0" Pressure = "0" />
		<Point X = "180" Y = "42" T = "0" Pressure = "0" />
		<Point X = "180" Y = "41" T = "0" Pressure = "0" />
		<Point X = "180" Y = "40" T = "0" Pressure = "0" />
		<Point X = "181" Y = "40" T = "0" Pressure = "0" />
		<Point X = "182" Y = "40" T = "0" Pressure = "0" />
		<Point X = "183" Y = "40" T = "0" Pressure = "0" />
		<Point X = "184" Y = "42" T = "0" Pressure = "0" />
		<Point X = "185" Y = "45" T = "0" Pressure = "0" />
		<Point X = "187" Y = "48" T = "0" Pressure = "0" />
		<Point X = "190" Y = "56" T = "0" Pressure = "0" />
		<Point X = "192" Y = "64" T = "0" Pressure = "0" />
		<Point X = "195" Y = "74" T = "0" Pressure = "0" />
		<Point X = "198" Y = "84" T = "0" Pressure = "0" />
		<Point X = "201" Y = "95" T = "0" Pressure = "0" />
		<Point X = "203" Y = "103" T = "0" Pressure = "0" />
		<Point X = "206" Y = "113" T = "0" Pressure = "0" />
		<Point X = "208" Y = "119" T = "0" Pressure = "0" />
		<Point X = "213" Y = "127" T = "0" Pressure = "0" />
		<Point X = "215" Y = "134" T = "0" Pressure = "0" />
		<Point X = "218" Y = "139" T = "0" Pressure = "0" />
		<Point X = "218" Y = "142" T = "0" Pressure = "0" />
		<Point X = "220" Y = "146" T = "0" Pressure = "0" />
		<Point X = "221" Y = "148" T = "0" Pressure = "0" />
		<Point X = "222" Y = "149" T = "0" Pressure = "0" />
		<Point X = "222" Y = "151" T = "0" Pressure = "0" />
		<Point X = "222" Y = "153" T = "0" Pressure = "0" />
		<Point X = "222" Y = "156" T = "0" Pressure = "0" />
		<Point X = "223" Y = "160" T = "0" Pressure = "0" />
		<Point X = "225" Y = "165" T = "0" Pressure = "0" />
		<Point X = "226" Y = "168" T = "0" Pressure = "0" />
		<Point X = "228" Y = "174" T = "0" Pressure = "0" />
		<Point X = "230" Y = "177" T = "0" Pressure = "0" />
		<Point X = "231" Y = "180" T = "0" Pressure = "0" />
		<Point X = "232" Y = "182" T = "0" Pressure = "0" />
		<Point X = "232" Y = "184" T = "0" Pressure = "0" />
		<Point X = "233" Y = "185" T = "0" Pressure = "0" />
		<Point X = "234" Y = "186" T = "0" Pressure = "0" />
		<Point X = "235" Y = "186" T = "0" Pressure = "0" />
		<Point X = "234" Y = "186" T = "0" Pressure = "0" />
		<Point X = "233" Y = "186" T = "0" Pressure = "0" />
		<Point X = "231" Y = "186" T = "0" Pressure = "0" />
		<Point X = "228" Y = "186" T = "0" Pressure = "0" />
		<Point X = "226" Y = "186" T = "0" Pressure = "0" />
		<Point X = "224" Y = "185" T = "0" Pressure = "0" />
		<Point X = "220" Y = "182" T = "0" Pressure = "0" />
		<Point X = "216" Y = "178" T = "0" Pressure = "0" />
		<Point X = "209" Y = "174" T = "0" Pressure = "0" />
		<Point X = "203" Y = "168" T = "0" Pressure = "0" />
		<Point X = "197" Y = "165" T = "0" Pressure = "0" />
		<Point X = "191" Y = "160" T = "0" Pressure = "0" />
		<Point X = "186" Y = "157" T = "0" Pressure = "0" />
		<Point X = "177" Y = "153" T = "0" Pressure = "0" />
		<Point X = "170" Y = "148" T = "0" Pressure = "0" />
		<Point X = "166" Y = "146" T = "0" Pressure = "0" />
		<Point X = "162" Y = "142" T = "0" Pressure = "0" />
		<Point X = "155" Y = "138" T = "0" Pressure = "0" />
		<Point X = "150" Y = "134" T = "0" Pressure = "0" />
		<Point X = "147" Y = "131" T = "0" Pressure = "0" />
		<Point X = "143" Y = "127" T = "0" Pressure = "0" />
		<Point X = "141" Y = "125" T = "0" Pressure = "0" />
		<Point X = "138" Y = "121" T = "0" Pressure = "0" />
		<Point X = "137" Y = "121" T = "0" Pressure = "0" />
		<Point X = "137" Y = "119" T = "0" Pressure = "0" />
		<Point X = "136" Y = "117" T = "0" Pressure = "0" />
		<Point X = "135" Y = "117" T = "0" Pressure = "0" />
		<Point X = "135" Y = "115" T = "0" Pressure = "0" />
		<Point X = "135" Y = "114" T = "0" Pressure = "0" />
		<Point X = "135" Y = "112" T = "0" Pressure = "0" />
		<Point X = "135" Y = "110" T = "0" Pressure = "0" />
		<Point X = "134" Y = "106" T = "0" Pressure = "0" />
		<Point X = "133" Y = "103" T = "0" Pressure = "0" />
		<Point X = "132" Y = "101" T = "0" Pressure = "0" />
		<Point X = "132" Y = "100" T = "0" Pressure = "0" />
		<Point X = "132" Y = "99" T = "0" Pressure = "0" />
		<Point X = "131" Y = "99" T = "0" Pressure = "0" />
	</Stroke>
</Gesture>
