<?xml version="1.0" encoding="utf-8" standalone="yes"?>
<Gesture Name = "star">
	<Stroke>
		<Point X = "69" Y = "125" T = "0" Pressure = "0" />
		<Point X = "70" Y = "125" T = "0" Pressure = "0" />
		<Point X = "72" Y = "126" T = "0" Pressure = "0" />
		<Point X = "76" Y = "128" T = "0" Pressure = "0" />
		<Point X = "77" Y = "128" T = "0" Pressure = "0" />
		<Point X = "81" Y = "129" T = "0" Pressure = "0" />
		<Point X = "86" Y = "130" T = "0" Pressure = "0" />
		<Point X = "88" Y = "130" T = "0" Pressure = "0" />
		<Point X = "92" Y = "132" T = "0" Pressure = "0" />
		<Point X = "97" Y = "133" T = "0" Pressure = "0" />
		<Point X = "103" Y = "133" T = "0" Pressure = "0" />
		<Point X = "114" Y = "134" T = "0" Pressure = "0" />
		<Point X = "127" Y = "134" T = "0" Pressure = "0" />
		<Point X = "143" Y = "134" T = "0" Pressure = "0" />
		<Point X = "158" Y = "134" T = "0" Pressure = "0" />
		<Point X = "172" Y = "134" T = "0" Pressure = "0" />
		<Point X = "184" Y = "134" T = "0" Pressure = "0" />
		<Point X = "193" Y = "134" T = "0" Pressure = "0" />
		<Point X = "203" Y = "134" T = "0" Pressure = "0" />
		<Point X = "208" Y = "134" T = "0" Pressure = "0" />
		<Point X = "213" Y = "134" T = "0" Pressure = "0" />
		<Point X = "215" Y = "134" T = "0" Pressure = "0" />
		<Point X = "216" Y = "134" T = "0" Pressure = "0" />
		<Point X = "217" Y = "134" T = "0" Pressure = "0" />
		<Point X = "219" Y = "134" T = "0" Pressure = "0" />
		<Point X = "220" Y = "134" T = "0" Pressure = "0" />
		<Point X = "222" Y = "134" T = "0" Pressure = "0" />
		<Point X = "225" Y = "134" T = "0" Pressure = "0" />
		<Point X = "227" Y = "134" T = "0" Pressure = "0" />
		<Point X = "230" Y = "134" T = "0" Pressure = "0" />
		<Point X = "233" Y = "134" T = "0" Pressure = "0" />
		<Point X = "234" Y = "134" T = "0" Pressure = "0" />
		<Point X = "237" Y = "134" T = "0" Pressure = "0" />
		<Point X = "240" Y = "134" T = "0" Pressure = "0" />
		<Point X = "244" Y = "134" T = "0" Pressure = "0" />
		<Point X = "245" Y = "134" T = "0" Pressure = "0" />
		<Point X = "248" Y = "134" T = "0" Pressure = "0" />
		<Point X = "249" Y = "134" T = "0" Pressure = "0" />
		<Point X = "251" Y = "134" T = "0" Pressure = "0" />
		<Point X = "252" Y = "134" T = "0" Pressure = "0" />
		<Point X = "256" Y = "136" T = "0" Pressure = "0" />
		<Point X = "259" Y = "136" T = "0" Pressure = "0" />
		<Point X = "264" Y = "137" T = "0" Pressure = "0" />
		<Point X = "267" Y = "138" T = "0" Pressure = "0" />
		<Point X = "269" Y = "138" T = "0" Pressure = "0" />
		<Point X = "270" Y = "138" T = "0" Pressure = "0" />
		<Point X = "271" Y = "138" T = "0" Pressure = "0" />
		<Point X = "272" Y = "138" T = "0" Pressure = "0" />
		<Point X = "272" Y = "139" T = "0" Pressure = "0" />
		<Point X = "272" Y = "141" T = "0" Pressure = "0" />
		<Point X = "272" Y = "144" T = "0" Pressure = "0" />
		<Point X = "271" Y = "147" T = "0" Pressure = "0" />
		<Point X = "267" Y = "151" T = "0" Pressure = "0" />
		<Point X = "265" Y = "153" T = "0" Pressure = "0" />
		<Point X = "262" Y = "157" T = "0" Pressure = "0" />
		<Point X = "260" Y = "159" T = "0" Pressure = "0" />
		<Point X = "256" Y = "162" T = "0" Pressure = "0" />
		<Point X = "248" Y = "167" T = "0" Pressure = "0" />
		<Point X = "241" Y = "171" T = "0" Pressure = "0" />
		<Point X = "230" Y = "178" T = "0" Pressure = "0" />
		<Point X = "218" Y = "185" T = "0" Pressure = "0" />
		<Point X = "207" Y = "190" T = "0" Pressure = "0" />
		<Point X = "196" Y = "195" T = "0" Pressure = "0" />
		<Point X = "186" Y = "199" T = "0" Pressure = "0" />
		<Point X = "180" Y = "201" T = "0" Pressure = "0" />
		<Point X = "174" Y = "204" T = "0" Pressure = "0" />
		<Point X = "170" Y = "205" T = "0" Pressure = "0" />
		<Point X = "167" Y = "206" T = "0" Pressure = "0" />
		<Point X = "165" Y = "206" T = "0" Pressure = "0" />
		<Point X = "163" Y = "206" T = "0" Pressure = "0" />
		<Point X = "161" Y = "206" T = "0" Pressure = "0" />
		<Point X = "158" Y = "207" T = "0" Pressure = "0" />
		<Point X = "152" Y = "209" T = "0" Pressure = "0" />
		<Point X = "146" Y = "212" T = "0" Pressure = "0" />
		<Point X = "141" Y = "214" T = "0" Pressure = "0" />
		<Point X = "133" Y = "219" T = "0" Pressure = "0" />
		<Point X = "125" Y = "222" T = "0" Pressure = "0" />
		<Point X = "120" Y = "226" T = "0" Pressure = "0" />
		<Point X = "114" Y = "229" T = "0" Pressure = "0" />
		<Point X = "111" Y = "231" T = "0" Pressure = "0" />
		<Point X = "107" Y = "232" T = "0" Pressure = "0" />
		<Point X = "102" Y = "234" T = "0" Pressure = "0" />
		<Point X = "99" Y = "235" T = "0" Pressure = "0" />
		<Point X = "94" Y = "236" T = "0" Pressure = "0" />
		<Point X = "91" Y = "238" T = "0" Pressure = "0" />
		<Point X = "89" Y = "239" T = "0" Pressure = "0" />
		<Point X = "83" Y = "240" T = "0" Pressure = "0" />
		<Point X = "77" Y = "243" T = "0" Pressure = "0" />
		<Point X = "71" Y = "245" T = "0" Pressure = "0" />
		<Point X = "65" Y = "249" T = "0" Pressure = "0" />
		<Point X = "60" Y = "252" T = "0" Pressure = "0" />
		<Point X = "57" Y = "254" T = "0" Pressure = "0" />
		<Point X = "56" Y = "254" T = "0" Pressure = "0" />
		<Point X = "56" Y = "255" T = "0" Pressure = "0" />
		<Point X = "54" Y = "255" T = "0" Pressure = "0" />
		<Point X = "52" Y = "256" T = "0" Pressure = "0" />
		<Point X = "52" Y = "257" T = "0" Pressure = "0" />
		<Point X = "51" Y = "257" T = "0" Pressure = "0" />
		<Point X = "52" Y = "256" T = "0" Pressure = "0" />
		<Point X = "53" Y = "256" T = "0" Pressure = "0" />
		<Point X = "54" Y = "254" T = "0" Pressure = "0" />
		<Point X = "56" Y = "252" T = "0" Pressure = "0" />
		<Point X = "58" Y = "251" T = "0" Pressure = "0" />
		<Point X = "60" Y = "248" T = "0" Pressure = "0" />
		<Point X = "62" Y = "246" T = "0" Pressure = "0" />
		<Point X = "65" Y = "243" T = "0" Pressure = "0" />
		<Point X = "70" Y = "238" T = "0" Pressure = "0" />
		<Point X = "74" Y = "232" T = "0" Pressure = "0" />
		<Point X = "77" Y = "227" T = "0" Pressure = "0" />
		<Point X = "82" Y = "222" T = "0" Pressure = "0" />
		<Point X = "87" Y = "217" T = "0" Pressure = "0" />
		<Point X = "95" Y = "210" T = "0" Pressure = "0" />
		<Point X = "102" Y = "203" T = "0" Pressure = "0" />
		<Point X = "110" Y = "197" T = "0" Pressure = "0" />
		<Point X = "117" Y = "190" T = "0" Pressure = "0" />
		<Point X = "124" Y = "184" T = "0" Pressure = "0" />
		<Point X = "129" Y = "177" T = "0" Pressure = "0" />
		<Point X = "133" Y = "174" T = "0" Pressure = "0" />
		<Point X = "135" Y = "169" T = "0" Pressure = "0" />
		<Point X = "139" Y = "164" T = "0" Pressure = "0" />
		<Point X = "140" Y = "160" T = "0" Pressure = "0" />
		<Point X = "142" Y = "157" T = "0" Pressure = "0" />
		<Point X = "143" Y = "154" T = "0" Pressure = "0" />
		<Point X = "146" Y = "149" T = "0" Pressure = "0" />
		<Point X = "146" Y = "147" T = "0" Pressure = "0" />
		<Point X = "147" Y = "145" T = "0" Pressure = "0" />
		<Point X = "150" Y = "142" T = "0" Pressure = "0" />
		<Point X = "151" Y = "138" T = "0" Pressure = "0" />
		<Point X = "152" Y = "136" T = "0" Pressure = "0" />
		<Point X = "154" Y = "132" T = "0" Pressure = "0" />
		<Point X = "155" Y = "127" T = "0" Pressure = "0" />
		<Point X = "157" Y = "121" T = "0" Pressure = "0" />
		<Point X = "160" Y = "113" T = "0" Pressure = "0" />
		<Point X = "162" Y = "104" T = "0" Pressure = "0" />
		<Point X = "165" Y = "99" T = "0" Pressure = "0" />
		<Point X = "167" Y = "93" T = "0" Pressure = "0" />
		<Point X = "169" Y = "90" T = "0" Pressure = "0" />
		<Point X = "171" Y = "85" T = "0" Pressure = "0" />
		<Point X = "173" Y = "84" T = "0" Pressure = "0" />
		<Point X = "173" Y = "82" T = "0" Pressure = "0" />
		<Point X = "174" Y = "81" T = "0" Pressure = "0" />
		<Point X = "175" Y = "80" T = "0" Pressure = "0" />
		<Point X = "175" Y = "79" T = "0" Pressure = "0" />
		<Point X = "177" Y = "76" T = "0" Pressure = "0" />
		<Point X = "178" Y = "74" T = "0" Pressure = "0" />
		<Point X = "180" Y = "73" T = "0" Pressure = "0" />
		<Point X = "181" Y = "71" T = "0" Pressure = "0" />
		<Point X = "181" Y = "70" T = "0" Pressure = "0" />
		<Point X = "182" Y = "68" T = "0" Pressure = "0" />
		<Point X = "183" Y = "68" T = "0" Pressure = "0" />
		<Point X = "183" Y = "67" T = "0" Pressure = "0" />
		<Point X = "184" Y = "67" T = "0" Pressure = "0" />
		<Point X = "184" Y = "68" T = "0" Pressure = "0" />
		<Point X = "184" Y = "69" T = "0" Pressure = "0" />
		<Point X = "184" Y = "72" T = "0" Pressure = "0" />
		<Point X = "185" Y = "75" T = "0" Pressure = "0" />
		<Point X = "185" Y = "76" T = "0" Pressure = "0" />
		<Point X = "185" Y = "79" T = "0" Pressure = "0" />
		<Point X = "187" Y = "82" T = "0" Pressure = "0" />
		<Point X = "187" Y = "87" T = "0" Pressure = "0" />
		<Point X = "188" Y = "90" T = "0" Pressure = "0" />
		<Point X = "188" Y = "94" T = "0" Pressure = "0" />
		<Point X = "188" Y = "98" T = "0" Pressure = "0" />
		<Point X = "190" Y = "105" T = "0" Pressure = "0" />
		<Point X = "192" Y = "113" T = "0" Pressure = "0" />
		<Point X = "193" Y = "121" T = "0" Pressure = "0" />
		<Point X = "194" Y = "132" T = "0" Pressure = "0" />
		<Point X = "195" Y = "142" T = "0" Pressure = "0" />
		<Point X = "197" Y = "151" T = "0" Pressure = "0" />
		<Point X = "198" Y = "158" T = "0" Pressure = "0" />
		<Point X = "198" Y = "163" T = "0" Pressure = "0" />
		<Point X = "199" Y = "166" T = "0" Pressure = "0" />
		<Point X = "199" Y = "167" T = "0" Pressure = "0" />
		<Point X = "199" Y = "169" T = "0" Pressure = "0" />
		<Point X = "199" Y = "172" T = "0" Pressure = "0" />
		<Point X = "199" Y = "175" T = "0" Pressure = "0" />
		<Point X = "199" Y = "178" T = "0" Pressure = "0" />
		<Point X = "201" Y = "180" T = "0" Pressure = "0" />
		<Point X = "201" Y = "182" T = "0" Pressure = "0" />
		<Point X = "202" Y = "185" T = "0" Pressure = "0" />
		<Point X = "202" Y = "190" T = "0" Pressure = "0" />
		<Point X = "202" Y = "194" T = "0" Pressure = "0" />
		<Point X = "202" Y = "199" T = "0" Pressure = "0" />
		<Point X = "202" Y = "204" T = "0" Pressure = "0" />
		<Point X = "202" Y = "208" T = "0" Pressure = "0" />
		<Point X = "202" Y = "215" T = "0" Pressure = "0" />
		<Point X = "202" Y = "220" T = "0" Pressure = "0" />
		<Point X = "202" Y = "224" T = "0" Pressure = "0" />
		<Point X = "202" Y = "229" T = "0" Pressure = "0" />
		<Point X = "203" Y = "233" T = "0" Pressure = "0" />
		<Point X = "203" Y = "237" T = "0" Pressure = "0" />
		<Point X = "204" Y = "240" T = "0" Pressure = "0" />
		<Point X = "206" Y = "243" T = "0" Pressure = "0" />
		<Point X = "206" Y = "246" T = "0" Pressure = "0" />
		<Point X = "206" Y = "249" T = "0" Pressure = "0" />
		<Point X = "206" Y = "252" T = "0" Pressure = "0" />
		<Point X = "206" Y = "253" T = "0" Pressure = "0" />
		<Point X = "206" Y = "254" T = "0" Pressure = "0" />
		<Point X = "206" Y = "255" T = "0" Pressure = "0" />
		<Point X = "206" Y = "257" T = "0" Pressure = "0" />
		<Point X = "205" Y = "258" T = "0" Pressure = "0" />
		<Point X = "205" Y = "259" T = "0" Pressure = "0" />
		<Point X = "205" Y = "261" T = "0" Pressure = "0" />
		<Point X = "205" Y = "263" T = "0" Pressure = "0" />
		<Point X = "204" Y = "266" T = "0" Pressure = "0" />
		<Point X = "202" Y = "268" T = "0" Pressure = "0" />
		<Point X = "202" Y = "270" T = "0" Pressure = "0" />
		<Point X = "202" Y = "271" T = "0" Pressure = "0" />
		<Point X = "201" Y = "271" T = "0" Pressure = "0" />
		<Point X = "200" Y = "271" T = "0" Pressure = "0" />
		<Point X = "198" Y = "271" T = "0" Pressure = "0" />
		<Point X = "195" Y = "268" T = "0" Pressure = "0" />
		<Point X = "194" Y = "267" T = "0" Pressure = "0" />
		<Point X = "191" Y = "263" T = "0" Pressure = "0" />
		<Point X = "189" Y = "260" T = "0" Pressure = "0" />
		<Point X = "185" Y = "255" T = "0" Pressure = "0" />
		<Point X = "181" Y = "250" T = "0" Pressure = "0" />
		<Point X = "177" Y = "243" T = "0" Pressure = "0" />
		<Point X = "172" Y = "236" T = "0" Pressure = "0" />
		<Point X = "168" Y = "229" T = "0" Pressure = "0" />
		<Point X = "160" Y = "220" T = "0" Pressure = "0" />
		<Point X = "155" Y = "214" T = "0" Pressure = "0" />
		<Point X = "149" Y = "206" T = "0" Pressure = "0" />
		<Point X = "144" Y = "201" T = "0" Pressure = "0" />
		<Point X = "141" Y = "199" T = "0" Pressure = "0" />
		<Point X = "139" Y = "196" T = "0" Pressure = "0" />
		<Point X = "135" Y = "195" T = "0" Pressure = "0" />
		<Point X = "129" Y = "192" T = "0" Pressure = "0" />
		<Point X = "123" Y = "188" T = "0" Pressure = "0" />
		<Point X = "118" Y = "185" T = "0" Pressure = "0" />
		<Point X = "111" Y = "179" T = "0" Pressure = "0" />
		<Point X = "103" Y = "173" T = "0" Pressure = "0" />
		<Point X = "98" Y = "168" T = "0" Pressure = "0" />
		<Point X = "93" Y = "161" T = "0" Pressure = "0" />
		<Point X = "91" Y = "159" T = "0" Pressure = "0" />
		<Point X = "90" Y = "158" T = "0" Pressure = "0" />
		<Point X = "89" Y = "156" T = "0" Pressure = "0" />
		<Point X = "89" Y = "154" T = "0" Pressure = "0" />
		<Point X = "89" Y = "153" T = "0" Pressure = "0" />
		<Point X = "88" Y = "152" T = "0" Pressure = "0" />
		<Point X = "86" Y = "149" T = "0" Pressure = "0" />
		<Point X = "85" Y = "147" T = "0" Pressure = "0" />
		<Point X = "85" Y = "146" T = "0" Pressure = "0" />
		<Point X = "83" Y = "143" T = "0" Pressure = "0" />
		<Point X = "83" Y = "142" T = "0" Pressure = "0" />
		<Point X = "82" Y = "139" T = "0" Pressure = "0" />
		<Point X = "82" Y = "138" T = "0" Pressure = "0" />
		<Point X = "82" Y = "137" T = "0" Pressure = "0" />
		<Point X = "82" Y = "135" T = "0" Pressure = "0" />
		<Point X = "82" Y = "133" T = "0" Pressure = "0" />
		<Point X = "82" Y = "131" T = "0" Pressure = "0" />
		<Point X = "82" Y = "128" T = "0" Pressure = "0" />
		<Point X = "82" Y = "125" T = "0" Pressure = "0" />
		<Point X = "82" Y = "122" T = "0" Pressure = "0" />
		<Point X = "82" Y = "121" T = "0" Pressure = "0" />
		<Point X = "81" Y = "118" T = "0" Pressure = "0" />
		<Point X = "80" Y = "116" T = "0" Pressure = "0" />
		<Point X = "79" Y = "116" T = "0" Pressure = "0" />
		<Point X = "79" Y = "115" T = "0" Pressure = "0" />
		<Point X = "77" Y = "115" T = "0" Pressure = "0" />
		<Point X = "76" Y = "115" T = "0" Pressure = "0" />
		<Point X = "75" Y = "115" T = "0" Pressure = "0" />
		<Point X = "75" Y = "116" T = "0" Pressure = "0" />
		<Point X = "75" Y = "119" T = "0" Pressure = "0" />
	</Stroke>
</Gesture>
