<?xml version="1.0" encoding="utf-8" standalone="yes"?>
<Gesture Name = "star">
	<Stroke>
		<Point X = "89" Y = "135" T = "0" Pressure = "0" />
		<Point X = "92" Y = "135" T = "0" Pressure = "0" />
		<Point X = "94" Y = "135" T = "0" Pressure = "0" />
		<Point X = "98" Y = "135" T = "0" Pressure = "0" />
		<Point X = "102" Y = "135" T = "0" Pressure = "0" />
		<Point X = "108" Y = "135" T = "0" Pressure = "0" />
		<Point X = "118" Y = "137" T = "0" Pressure = "0" />
		<Point X = "130" Y = "138" T = "0" Pressure = "0" />
		<Point X = "141" Y = "138" T = "0" Pressure = "0" />
		<Point X = "151" Y = "138" T = "0" Pressure = "0" />
		<Point X = "159" Y = "138" T = "0" Pressure = "0" />
		<Point X = "162" Y = "138" T = "0" Pressure = "0" />
		<Point X = "165" Y = "138" T = "0" Pressure = "0" />
		<Point X = "168" Y = "137" T = "0" Pressure = "0" />
		<Point X = "169" Y = "137" T = "0" Pressure = "0" />
		<Point X = "174" Y = "137" T = "0" Pressure = "0" />
		<Point X = "178" Y = "137" T = "0" Pressure = "0" />
		<Point X = "186" Y = "136" T = "0" Pressure = "0" />
		<Point X = "192" Y = "136" T = "0" Pressure = "0" />
		<Point X = "199" Y = "136" T = "0" Pressure = "0" />
		<Point X = "207" Y = "136" T = "0" Pressure = "0" />
		<Point X = "212" Y = "136" T = "0" Pressure = "0" />
		<Point X = "217" Y = "136" T = "0" Pressure = "0" />
		<Point X = "221" Y = "136" T = "0" Pressure = "0" />
		<Point X = "223" Y = "135" T = "0" Pressure = "0" />
		<Point X = "224" Y = "135" T = "0" Pressure = "0" />
		<Point X = "227" Y = "135" T = "0" Pressure = "0" />
		<Point X = "228" Y = "134" T = "0" Pressure = "0" />
		<Point X = "230" Y = "134" T = "0" Pressure = "0" />
		<Point X = "232" Y = "134" T = "0" Pressure = "0" />
		<Point X = "235" Y = "134" T = "0" Pressure = "0" />
		<Point X = "239" Y = "134" T = "0" Pressure = "0" />
		<Point X = "242" Y = "134" T = "0" Pressure = "0" />
		<Point X = "244" Y = "134" T = "0" Pressure = "0" />
		<Point X = "246" Y = "134" T = "0" Pressure = "0" />
		<Point X = "247" Y = "134" T = "0" Pressure = "0" />
		<Point X = "247" Y = "135" T = "0" Pressure = "0" />
		<Point X = "245" Y = "137" T = "0" Pressure = "0" />
		<Point X = "244" Y = "140" T = "0" Pressure = "0" />
		<Point X = "242" Y = "142" T = "0" Pressure = "0" />
		<Point X = "238" Y = "145" T = "0" Pressure = "0" />
		<Point X = "235" Y = "146" T = "0" Pressure = "0" />
		<Point X = "232" Y = "149" T = "0" Pressure = "0" />
		<Point X = "230" Y = "150" T = "0" Pressure = "0" />
		<Point X = "227" Y = "153" T = "0" Pressure = "0" />
		<Point X = "225" Y = "154" T = "0" Pressure = "0" />
		<Point X = "222" Y = "157" T = "0" Pressure = "0" />
		<Point X = "220" Y = "158" T = "0" Pressure = "0" />
		<Point X = "217" Y = "161" T = "0" Pressure = "0" />
		<Point X = "214" Y = "163" T = "0" Pressure = "0" />
		<Point X = "209" Y = "167" T = "0" Pressure = "0" />
		<Point X = "209" Y = "168" T = "0" Pressure = "0" />
		<Point X = "207" Y = "169" T = "0" Pressure = "0" />
		<Point X = "205" Y = "170" T = "0" Pressure = "0" />
		<Point X = "203" Y = "171" T = "0" Pressure = "0" />
		<Point X = "202" Y = "173" T = "0" Pressure = "0" />
		<Point X = "200" Y = "174" T = "0" Pressure = "0" />
		<Point X = "198" Y = "175" T = "0" Pressure = "0" />
		<Point X = "196" Y = "177" T = "0" Pressure = "0" />
		<Point X = "196" Y = "178" T = "0" Pressure = "0" />
		<Point X = "195" Y = "179" T = "0" Pressure = "0" />
		<Point X = "195" Y = "180" T = "0" Pressure = "0" />
		<Point X = "193" Y = "182" T = "0" Pressure = "0" />
		<Point X = "192" Y = "184" T = "0" Pressure = "0" />
		<Point X = "190" Y = "185" T = "0" Pressure = "0" />
		<Point X = "188" Y = "187" T = "0" Pressure = "0" />
		<Point X = "183" Y = "189" T = "0" Pressure = "0" />
		<Point X = "179" Y = "192" T = "0" Pressure = "0" />
		<Point X = "172" Y = "196" T = "0" Pressure = "0" />
		<Point X = "169" Y = "198" T = "0" Pressure = "0" />
		<Point X = "163" Y = "202" T = "0" Pressure = "0" />
		<Point X = "160" Y = "204" T = "0" Pressure = "0" />
		<Point X = "156" Y = "207" T = "0" Pressure = "0" />
		<Point X = "150" Y = "209" T = "0" Pressure = "0" />
		<Point X = "145" Y = "212" T = "0" Pressure = "0" />
		<Point X = "141" Y = "213" T = "0" Pressure = "0" />
		<Point X = "137" Y = "215" T = "0" Pressure = "0" />
		<Point X = "133" Y = "216" T = "0" Pressure = "0" />
		<Point X = "131" Y = "216" T = "0" Pressure = "0" />
		<Point X = "128" Y = "216" T = "0" Pressure = "0" />
		<Point X = "125" Y = "217" T = "0" Pressure = "0" />
		<Point X = "122" Y = "219" T = "0" Pressure = "0" />
		<Point X = "121" Y = "220" T = "0" Pressure = "0" />
		<Point X = "119" Y = "220" T = "0" Pressure = "0" />
		<Point X = "118" Y = "220" T = "0" Pressure = "0" />
		<Point X = "117" Y = "220" T = "0" Pressure = "0" />
		<Point X = "116" Y = "221" T = "0" Pressure = "0" />
		<Point X = "115" Y = "222" T = "0" Pressure = "0" />
		<Point X = "114" Y = "223" T = "0" Pressure = "0" />
		<Point X = "115" Y = "223" T = "0" Pressure = "0" />
		<Point X = "117" Y = "221" T = "0" Pressure = "0" />
		<Point X = "117" Y = "220" T = "0" Pressure = "0" />
		<Point X = "118" Y = "215" T = "0" Pressure = "0" />
		<Point X = "118" Y = "212" T = "0" Pressure = "0" />
		<Point X = "119" Y = "209" T = "0" Pressure = "0" />
		<Point X = "121" Y = "206" T = "0" Pressure = "0" />
		<Point X = "123" Y = "198" T = "0" Pressure = "0" />
		<Point X = "127" Y = "190" T = "0" Pressure = "0" />
		<Point X = "132" Y = "181" T = "0" Pressure = "0" />
		<Point X = "135" Y = "172" T = "0" Pressure = "0" />
		<Point X = "139" Y = "164" T = "0" Pressure = "0" />
		<Point X = "144" Y = "152" T = "0" Pressure = "0" />
		<Point X = "148" Y = "141" T = "0" Pressure = "0" />
		<Point X = "151" Y = "134" T = "0" Pressure = "0" />
		<Point X = "154" Y = "132" T = "0" Pressure = "0" />
		<Point X = "158" Y = "130" T = "0" Pressure = "0" />
		<Point X = "162" Y = "123" T = "0" Pressure = "0" />
		<Point X = "165" Y = "117" T = "0" Pressure = "0" />
		<Point X = "168" Y = "113" T = "0" Pressure = "0" />
		<Point X = "170" Y = "108" T = "0" Pressure = "0" />
		<Point X = "173" Y = "104" T = "0" Pressure = "0" />
		<Point X = "174" Y = "102" T = "0" Pressure = "0" />
		<Point X = "176" Y = "99" T = "0" Pressure = "0" />
		<Point X = "176" Y = "97" T = "0" Pressure = "0" />
		<Point X = "177" Y = "95" T = "0" Pressure = "0" />
		<Point X = "180" Y = "92" T = "0" Pressure = "0" />
		<Point X = "180" Y = "90" T = "0" Pressure = "0" />
		<Point X = "181" Y = "88" T = "0" Pressure = "0" />
		<Point X = "181" Y = "87" T = "0" Pressure = "0" />
		<Point X = "182" Y = "87" T = "0" Pressure = "0" />
		<Point X = "182" Y = "88" T = "0" Pressure = "0" />
		<Point X = "182" Y = "91" T = "0" Pressure = "0" />
		<Point X = "183" Y = "95" T = "0" Pressure = "0" />
		<Point X = "184" Y = "99" T = "0" Pressure = "0" />
		<Point X = "185" Y = "106" T = "0" Pressure = "0" />
		<Point X = "185" Y = "115" T = "0" Pressure = "0" />
		<Point X = "186" Y = "120" T = "0" Pressure = "0" />
		<Point X = "189" Y = "125" T = "0" Pressure = "0" />
		<Point X = "190" Y = "131" T = "0" Pressure = "0" />
		<Point X = "191" Y = "135" T = "0" Pressure = "0" />
		<Point X = "194" Y = "141" T = "0" Pressure = "0" />
		<Point X = "195" Y = "148" T = "0" Pressure = "0" />
		<Point X = "196" Y = "154" T = "0" Pressure = "0" />
		<Point X = "198" Y = "161" T = "0" Pressure = "0" />
		<Point X = "198" Y = "168" T = "0" Pressure = "0" />
		<Point X = "199" Y = "174" T = "0" Pressure = "0" />
		<Point X = "200" Y = "180" T = "0" Pressure = "0" />
		<Point X = "201" Y = "188" T = "0" Pressure = "0" />
		<Point X = "203" Y = "194" T = "0" Pressure = "0" />
		<Point X = "203" Y = "196" T = "0" Pressure = "0" />
		<Point X = "204" Y = "198" T = "0" Pressure = "0" />
		<Point X = "204" Y = "200" T = "0" Pressure = "0" />
		<Point X = "204" Y = "202" T = "0" Pressure = "0" />
		<Point X = "205" Y = "204" T = "0" Pressure = "0" />
		<Point X = "207" Y = "208" T = "0" Pressure = "0" />
		<Point X = "207" Y = "210" T = "0" Pressure = "0" />
		<Point X = "207" Y = "213" T = "0" Pressure = "0" />
		<Point X = "208" Y = "216" T = "0" Pressure = "0" />
		<Point X = "209" Y = "219" T = "0" Pressure = "0" />
		<Point X = "211" Y = "222" T = "0" Pressure = "0" />
		<Point X = "211" Y = "225" T = "0" Pressure = "0" />
		<Point X = "212" Y = "227" T = "0" Pressure = "0" />
		<Point X = "213" Y = "228" T = "0" Pressure = "0" />
		<Point X = "214" Y = "230" T = "0" Pressure = "0" />
		<Point X = "215" Y = "231" T = "0" Pressure = "0" />
		<Point X = "215" Y = "232" T = "0" Pressure = "0" />
		<Point X = "214" Y = "232" T = "0" Pressure = "0" />
		<Point X = "212" Y = "232" T = "0" Pressure = "0" />
		<Point X = "209" Y = "232" T = "0" Pressure = "0" />
		<Point X = "207" Y = "232" T = "0" Pressure = "0" />
		<Point X = "205" Y = "232" T = "0" Pressure = "0" />
		<Point X = "202" Y = "231" T = "0" Pressure = "0" />
		<Point X = "198" Y = "227" T = "0" Pressure = "0" />
		<Point X = "195" Y = "226" T = "0" Pressure = "0" />
		<Point X = "192" Y = "222" T = "0" Pressure = "0" />
		<Point X = "187" Y = "219" T = "0" Pressure = "0" />
		<Point X = "185" Y = "217" T = "0" Pressure = "0" />
		<Point X = "182" Y = "214" T = "0" Pressure = "0" />
		<Point X = "179" Y = "212" T = "0" Pressure = "0" />
		<Point X = "177" Y = "210" T = "0" Pressure = "0" />
		<Point X = "174" Y = "209" T = "0" Pressure = "0" />
		<Point X = "172" Y = "206" T = "0" Pressure = "0" />
		<Point X = "170" Y = "205" T = "0" Pressure = "0" />
		<Point X = "165" Y = "202" T = "0" Pressure = "0" />
		<Point X = "162" Y = "200" T = "0" Pressure = "0" />
		<Point X = "159" Y = "197" T = "0" Pressure = "0" />
		<Point X = "154" Y = "192" T = "0" Pressure = "0" />
		<Point X = "151" Y = "188" T = "0" Pressure = "0" />
		<Point X = "147" Y = "184" T = "0" Pressure = "0" />
		<Point X = "144" Y = "181" T = "0" Pressure = "0" />
		<Point X = "143" Y = "179" T = "0" Pressure = "0" />
		<Point X = "142" Y = "177" T = "0" Pressure = "0" />
		<Point X = "141" Y = "176" T = "0" Pressure = "0" />
		<Point X = "141" Y = "175" T = "0" Pressure = "0" />
		<Point X = "140" Y = "175" T = "0" Pressure = "0" />
		<Point X = "140" Y = "174" T = "0" Pressure = "0" />
		<Point X = "138" Y = "174" T = "0" Pressure = "0" />
		<Point X = "136" Y = "172" T = "0" Pressure = "0" />
		<Point X = "133" Y = "171" T = "0" Pressure = "0" />
		<Point X = "131" Y = "169" T = "0" Pressure = "0" />
		<Point X = "129" Y = "168" T = "0" Pressure = "0" />
		<Point X = "128" Y = "167" T = "0" Pressure = "0" />
		<Point X = "128" Y = "166" T = "0" Pressure = "0" />
		<Point X = "127" Y = "165" T = "0" Pressure = "0" />
		<Point X = "127" Y = "163" T = "0" Pressure = "0" />
		<Point X = "126" Y = "161" T = "0" Pressure = "0" />
		<Point X = "126" Y = "160" T = "0" Pressure = "0" />
		<Point X = "125" Y = "159" T = "0" Pressure = "0" />
		<Point X = "123" Y = "157" T = "0" Pressure = "0" />
		<Point X = "122" Y = "156" T = "0" Pressure = "0" />
		<Point X = "122" Y = "154" T = "0" Pressure = "0" />
		<Point X = "122" Y = "153" T = "0" Pressure = "0" />
		<Point X = "121" Y = "153" T = "0" Pressure = "0" />
		<Point X = "121" Y = "152" T = "0" Pressure = "0" />
		<Point X = "120" Y = "151" T = "0" Pressure = "0" />
		<Point X = "119" Y = "151" T = "0" Pressure = "0" />
		<Point X = "117" Y = "151" T = "0" Pressure = "0" />
		<Point X = "116" Y = "151" T = "0" Pressure = "0" />
		<Point X = "114" Y = "151" T = "0" Pressure = "0" />
		<Point X = "113" Y = "151" T = "0" Pressure = "0" />
		<Point X = "111" Y = "149" T = "0" Pressure = "0" />
		<Point X = "110" Y = "148" T = "0" Pressure = "0" />
		<Point X = "109" Y = "147" T = "0" Pressure = "0" />
		<Point X = "108" Y = "146" T = "0" Pressure = "0" />
		<Point X = "107" Y = "145" T = "0" Pressure = "0" />
		<Point X = "106" Y = "145" T = "0" Pressure = "0" />
		<Point X = "105" Y = "145" T = "0" Pressure = "0" />
		<Point X = "104" Y = "143" T = "0" Pressure = "0" />
		<Point X = "103" Y = "143" T = "0" Pressure = "0" />
		<Point X = "103" Y = "142" T = "0" Pressure = "0" />
		<Point X = "102" Y = "142" T = "0" Pressure = "0" />
		<Point X = "101" Y = "140" T = "0" Pressure = "0" />
		<Point X = "101" Y = "139" T = "0" Pressure = "0" />
		<Point X = "100" Y = "138" T = "0" Pressure = "0" />
		<Point X = "98" Y = "138" T = "0" Pressure = "0" />
		<Point X = "97" Y = "138" T = "0" Pressure = "0" />
		<Point X = "96" Y = "137" T = "0" Pressure = "0" />
		<Point X = "95" Y = "136" T = "0" Pressure = "0" />
		<Point X = "95" Y = "135" T = "0" Pressure = "0" />
		<Point X = "94" Y = "135" T = "0" Pressure = "0" />
		<Point X = "94" Y = "134" T = "0" Pressure = "0" />
		<Point X = "94" Y = "133" T = "0" Pressure = "0" />
		<Point X = "94" Y = "131" T = "0" Pressure = "0" />
		<Point X = "94" Y = "130" T = "0" Pressure = "0" />
		<Point X = "94" Y = "128" T = "0" Pressure = "0" />
	</Stroke>
</Gesture>
