<?xml version="1.0" encoding="utf-8" standalone="yes"?>
<Gesture Name = "star">
	<Stroke>
		<Point X = "127" Y = "174" T = "0" Pressure = "0" />
		<Point X = "128" Y = "174" T = "0" Pressure = "0" />
		<Point X = "131" Y = "174" T = "0" Pressure = "0" />
		<Point X = "134" Y = "174" T = "0" Pressure = "0" />
		<Point X = "137" Y = "174" T = "0" Pressure = "0" />
		<Point X = "142" Y = "174" T = "0" Pressure = "0" />
		<Point X = "148" Y = "174" T = "0" Pressure = "0" />
		<Point X = "158" Y = "176" T = "0" Pressure = "0" />
		<Point X = "162" Y = "176" T = "0" Pressure = "0" />
		<Point X = "169" Y = "177" T = "0" Pressure = "0" />
		<Point X = "177" Y = "177" T = "0" Pressure = "0" />
		<Point X = "183" Y = "178" T = "0" Pressure = "0" />
		<Point X = "189" Y = "178" T = "0" Pressure = "0" />
		<Point X = "195" Y = "178" T = "0" Pressure = "0" />
		<Point X = "201" Y = "178" T = "0" Pressure = "0" />
		<Point X = "205" Y = "179" T = "0" Pressure = "0" />
		<Point X = "210" Y = "181" T = "0" Pressure = "0" />
		<Point X = "214" Y = "181" T = "0" Pressure = "0" />
		<Point X = "217" Y = "181" T = "0" Pressure = "0" />
		<Point X = "221" Y = "181" T = "0" Pressure = "0" />
		<Point X = "226" Y = "181" T = "0" Pressure = "0" />
		<Point X = "230" Y = "181" T = "0" Pressure = "0" />
		<Point X = "234" Y = "181" T = "0" Pressure = "0" />
		<Point X = "238" Y = "181" T = "0" Pressure = "0" />
		<Point X = "241" Y = "181" T = "0" Pressure = "0" />
		<Point X = "245" Y = "181" T = "0" Pressure = "0" />
		<Point X = "250" Y = "180" T = "0" Pressure = "0" />
		<Point X = "255" Y = "180" T = "0" Pressure = "0" />
		<Point X = "258" Y = "180" T = "0" Pressure = "0" />
		<Point X = "260" Y = "180" T = "0" Pressure = "0" />
		<Point X = "261" Y = "180" T = "0" Pressure = "0" />
		<Point X = "262" Y = "180" T = "0" Pressure = "0" />
		<Point X = "263" Y = "180" T = "0" Pressure = "0" />
		<Point X = "264" Y = "180" T = "0" Pressure = "0" />
		<Point X = "266" Y = "180" T = "0" Pressure = "0" />
		<Point X = "269" Y = "180" T = "0" Pressure = "0" />
		<Point X = "273" Y = "180" T = "0" Pressure = "0" />
		<Point X = "276" Y = "180" T = "0" Pressure = "0" />
		<Point X = "280" Y = "180" T = "0" Pressure = "0" />
		<Point X = "283" Y = "180" T = "0" Pressure = "0" />
		<Point X = "285" Y = "180" T = "0" Pressure = "0" />
		<Point X = "286" Y = "180" T = "0" Pressure = "0" />
		<Point X = "288" Y = "180" T = "0" Pressure = "0" />
		<Point X = "289" Y = "180" T = "0" Pressure = "0" />
		<Point X = "290" Y = "180" T = "0" Pressure = "0" />
		<Point X = "292" Y = "180" T = "0" Pressure = "0" />
		<Point X = "294" Y = "180" T = "0" Pressure = "0" />
		<Point X = "296" Y = "178" T = "0" Pressure = "0" />
		<Point X = "297" Y = "178" T = "0" Pressure = "0" />
		<Point X = "299" Y = "178" T = "0" Pressure = "0" />
		<Point X = "300" Y = "178" T = "0" Pressure = "0" />
		<Point X = "300" Y = "180" T = "0" Pressure = "0" />
		<Point X = "299" Y = "185" T = "0" Pressure = "0" />
		<Point X = "297" Y = "189" T = "0" Pressure = "0" />
		<Point X = "295" Y = "193" T = "0" Pressure = "0" />
		<Point X = "293" Y = "197" T = "0" Pressure = "0" />
		<Point X = "293" Y = "200" T = "0" Pressure = "0" />
		<Point X = "290" Y = "202" T = "0" Pressure = "0" />
		<Point X = "289" Y = "205" T = "0" Pressure = "0" />
		<Point X = "286" Y = "208" T = "0" Pressure = "0" />
		<Point X = "285" Y = "210" T = "0" Pressure = "0" />
		<Point X = "282" Y = "213" T = "0" Pressure = "0" />
		<Point X = "282" Y = "214" T = "0" Pressure = "0" />
		<Point X = "280" Y = "216" T = "0" Pressure = "0" />
		<Point X = "278" Y = "217" T = "0" Pressure = "0" />
		<Point X = "277" Y = "219" T = "0" Pressure = "0" />
		<Point X = "275" Y = "220" T = "0" Pressure = "0" />
		<Point X = "273" Y = "222" T = "0" Pressure = "0" />
		<Point X = "271" Y = "223" T = "0" Pressure = "0" />
		<Point X = "268" Y = "226" T = "0" Pressure = "0" />
		<Point X = "265" Y = "227" T = "0" Pressure = "0" />
		<Point X = "263" Y = "228" T = "0" Pressure = "0" />
		<Point X = "261" Y = "229" T = "0" Pressure = "0" />
		<Point X = "260" Y = "230" T = "0" Pressure = "0" />
		<Point X = "259" Y = "230" T = "0" Pressure = "0" />
		<Point X = "257" Y = "232" T = "0" Pressure = "0" />
		<Point X = "256" Y = "233" T = "0" Pressure = "0" />
		<Point X = "254" Y = "235" T = "0" Pressure = "0" />
		<Point X = "251" Y = "238" T = "0" Pressure = "0" />
		<Point X = "249" Y = "240" T = "0" Pressure = "0" />
		<Point X = "246" Y = "242" T = "0" Pressure = "0" />
		<Point X = "243" Y = "246" T = "0" Pressure = "0" />
		<Point X = "240" Y = "247" T = "0" Pressure = "0" />
		<Point X = "236" Y = "251" T = "0" Pressure = "0" />
		<Point X = "232" Y = "252" T = "0" Pressure = "0" />
		<Point X = "230" Y = "255" T = "0" Pressure = "0" />
		<Point X = "227" Y = "256" T = "0" Pressure = "0" />
		<Point X = "223" Y = "258" T = "0" Pressure = "0" />
		<Point X = "222" Y = "259" T = "0" Pressure = "0" />
		<Point X = "220" Y = "260" T = "0" Pressure = "0" />
		<Point X = "219" Y = "260" T = "0" Pressure = "0" />
		<Point X = "218" Y = "261" T = "0" Pressure = "0" />
		<Point X = "216" Y = "262" T = "0" Pressure = "0" />
		<Point X = "215" Y = "262" T = "0" Pressure = "0" />
		<Point X = "212" Y = "265" T = "0" Pressure = "0" />
		<Point X = "208" Y = "269" T = "0" Pressure = "0" />
		<Point X = "206" Y = "271" T = "0" Pressure = "0" />
		<Point X = "203" Y = "274" T = "0" Pressure = "0" />
		<Point X = "201" Y = "276" T = "0" Pressure = "0" />
		<Point X = "199" Y = "277" T = "0" Pressure = "0" />
		<Point X = "196" Y = "279" T = "0" Pressure = "0" />
		<Point X = "194" Y = "280" T = "0" Pressure = "0" />
		<Point X = "193" Y = "280" T = "0" Pressure = "0" />
		<Point X = "193" Y = "281" T = "0" Pressure = "0" />
		<Point X = "191" Y = "282" T = "0" Pressure = "0" />
		<Point X = "189" Y = "284" T = "0" Pressure = "0" />
		<Point X = "187" Y = "285" T = "0" Pressure = "0" />
		<Point X = "185" Y = "286" T = "0" Pressure = "0" />
		<Point X = "182" Y = "288" T = "0" Pressure = "0" />
		<Point X = "180" Y = "289" T = "0" Pressure = "0" />
		<Point X = "178" Y = "289" T = "0" Pressure = "0" />
		<Point X = "175" Y = "289" T = "0" Pressure = "0" />
		<Point X = "172" Y = "290" T = "0" Pressure = "0" />
		<Point X = "169" Y = "291" T = "0" Pressure = "0" />
		<Point X = "167" Y = "292" T = "0" Pressure = "0" />
		<Point X = "165" Y = "293" T = "0" Pressure = "0" />
		<Point X = "165" Y = "294" T = "0" Pressure = "0" />
		<Point X = "164" Y = "294" T = "0" Pressure = "0" />
		<Point X = "163" Y = "296" T = "0" Pressure = "0" />
		<Point X = "162" Y = "296" T = "0" Pressure = "0" />
		<Point X = "162" Y = "297" T = "0" Pressure = "0" />
		<Point X = "161" Y = "297" T = "0" Pressure = "0" />
		<Point X = "161" Y = "298" T = "0" Pressure = "0" />
		<Point X = "161" Y = "296" T = "0" Pressure = "0" />
		<Point X = "161" Y = "293" T = "0" Pressure = "0" />
		<Point X = "161" Y = "288" T = "0" Pressure = "0" />
		<Point X = "162" Y = "280" T = "0" Pressure = "0" />
		<Point X = "162" Y = "272" T = "0" Pressure = "0" />
		<Point X = "163" Y = "264" T = "0" Pressure = "0" />
		<Point X = "165" Y = "255" T = "0" Pressure = "0" />
		<Point X = "167" Y = "244" T = "0" Pressure = "0" />
		<Point X = "167" Y = "235" T = "0" Pressure = "0" />
		<Point X = "167" Y = "224" T = "0" Pressure = "0" />
		<Point X = "167" Y = "217" T = "0" Pressure = "0" />
		<Point X = "167" Y = "212" T = "0" Pressure = "0" />
		<Point X = "167" Y = "206" T = "0" Pressure = "0" />
		<Point X = "167" Y = "199" T = "0" Pressure = "0" />
		<Point X = "167" Y = "194" T = "0" Pressure = "0" />
		<Point X = "167" Y = "185" T = "0" Pressure = "0" />
		<Point X = "167" Y = "180" T = "0" Pressure = "0" />
		<Point X = "167" Y = "176" T = "0" Pressure = "0" />
		<Point X = "167" Y = "173" T = "0" Pressure = "0" />
		<Point X = "167" Y = "168" T = "0" Pressure = "0" />
		<Point X = "168" Y = "164" T = "0" Pressure = "0" />
		<Point X = "168" Y = "161" T = "0" Pressure = "0" />
		<Point X = "171" Y = "157" T = "0" Pressure = "0" />
		<Point X = "172" Y = "155" T = "0" Pressure = "0" />
		<Point X = "172" Y = "152" T = "0" Pressure = "0" />
		<Point X = "176" Y = "147" T = "0" Pressure = "0" />
		<Point X = "179" Y = "144" T = "0" Pressure = "0" />
		<Point X = "182" Y = "137" T = "0" Pressure = "0" />
		<Point X = "185" Y = "134" T = "0" Pressure = "0" />
		<Point X = "189" Y = "129" T = "0" Pressure = "0" />
		<Point X = "191" Y = "127" T = "0" Pressure = "0" />
		<Point X = "194" Y = "122" T = "0" Pressure = "0" />
		<Point X = "195" Y = "120" T = "0" Pressure = "0" />
		<Point X = "195" Y = "118" T = "0" Pressure = "0" />
		<Point X = "198" Y = "115" T = "0" Pressure = "0" />
		<Point X = "199" Y = "113" T = "0" Pressure = "0" />
		<Point X = "200" Y = "111" T = "0" Pressure = "0" />
		<Point X = "201" Y = "111" T = "0" Pressure = "0" />
		<Point X = "201" Y = "109" T = "0" Pressure = "0" />
		<Point X = "202" Y = "107" T = "0" Pressure = "0" />
		<Point X = "203" Y = "105" T = "0" Pressure = "0" />
		<Point X = "204" Y = "102" T = "0" Pressure = "0" />
		<Point X = "205" Y = "99" T = "0" Pressure = "0" />
		<Point X = "206" Y = "96" T = "0" Pressure = "0" />
		<Point X = "207" Y = "94" T = "0" Pressure = "0" />
		<Point X = "209" Y = "91" T = "0" Pressure = "0" />
		<Point X = "210" Y = "89" T = "0" Pressure = "0" />
		<Point X = "211" Y = "88" T = "0" Pressure = "0" />
		<Point X = "211" Y = "86" T = "0" Pressure = "0" />
		<Point X = "211" Y = "85" T = "0" Pressure = "0" />
		<Point X = "212" Y = "85" T = "0" Pressure = "0" />
		<Point X = "212" Y = "84" T = "0" Pressure = "0" />
		<Point X = "212" Y = "82" T = "0" Pressure = "0" />
		<Point X = "213" Y = "82" T = "0" Pressure = "0" />
		<Point X = "213" Y = "83" T = "0" Pressure = "0" />
		<Point X = "216" Y = "86" T = "0" Pressure = "0" />
		<Point X = "216" Y = "90" T = "0" Pressure = "0" />
		<Point X = "217" Y = "93" T = "0" Pressure = "0" />
		<Point X = "219" Y = "99" T = "0" Pressure = "0" />
		<Point X = "221" Y = "103" T = "0" Pressure = "0" />
		<Point X = "222" Y = "110" T = "0" Pressure = "0" />
		<Point X = "225" Y = "118" T = "0" Pressure = "0" />
		<Point X = "226" Y = "125" T = "0" Pressure = "0" />
		<Point X = "228" Y = "131" T = "0" Pressure = "0" />
		<Point X = "231" Y = "139" T = "0" Pressure = "0" />
		<Point X = "232" Y = "145" T = "0" Pressure = "0" />
		<Point X = "235" Y = "151" T = "0" Pressure = "0" />
		<Point X = "236" Y = "157" T = "0" Pressure = "0" />
		<Point X = "237" Y = "163" T = "0" Pressure = "0" />
		<Point X = "239" Y = "168" T = "0" Pressure = "0" />
		<Point X = "242" Y = "174" T = "0" Pressure = "0" />
		<Point X = "243" Y = "179" T = "0" Pressure = "0" />
		<Point X = "245" Y = "185" T = "0" Pressure = "0" />
		<Point X = "247" Y = "189" T = "0" Pressure = "0" />
		<Point X = "248" Y = "194" T = "0" Pressure = "0" />
		<Point X = "250" Y = "201" T = "0" Pressure = "0" />
		<Point X = "252" Y = "207" T = "0" Pressure = "0" />
		<Point X = "253" Y = "211" T = "0" Pressure = "0" />
		<Point X = "254" Y = "215" T = "0" Pressure = "0" />
		<Point X = "255" Y = "216" T = "0" Pressure = "0" />
		<Point X = "255" Y = "219" T = "0" Pressure = "0" />
		<Point X = "256" Y = "221" T = "0" Pressure = "0" />
		<Point X = "257" Y = "224" T = "0" Pressure = "0" />
		<Point X = "258" Y = "228" T = "0" Pressure = "0" />
		<Point X = "259" Y = "233" T = "0" Pressure = "0" />
		<Point X = "260" Y = "237" T = "0" Pressure = "0" />
		<Point X = "260" Y = "243" T = "0" Pressure = "0" />
		<Point X = "263" Y = "250" T = "0" Pressure = "0" />
		<Point X = "264" Y = "257" T = "0" Pressure = "0" />
		<Point X = "266" Y = "263" T = "0" Pressure = "0" />
		<Point X = "266" Y = "270" T = "0" Pressure = "0" />
		<Point X = "268" Y = "276" T = "0" Pressure = "0" />
		<Point X = "268" Y = "281" T = "0" Pressure = "0" />
		<Point X = "269" Y = "286" T = "0" Pressure = "0" />
		<Point X = "270" Y = "289" T = "0" Pressure = "0" />
		<Point X = "270" Y = "293" T = "0" Pressure = "0" />
		<Point X = "271" Y = "298" T = "0" Pressure = "0" />
		<Point X = "274" Y = "303" T = "0" Pressure = "0" />
		<Point X = "274" Y = "306" T = "0" Pressure = "0" />
		<Point X = "275" Y = "310" T = "0" Pressure = "0" />
		<Point X = "277" Y = "312" T = "0" Pressure = "0" />
		<Point X = "278" Y = "316" T = "0" Pressure = "0" />
		<Point X = "278" Y = "319" T = "0" Pressure = "0" />
		<Point X = "278" Y = "322" T = "0" Pressure = "0" />
		<Point X = "279" Y = "322" T = "0" Pressure = "0" />
		<Point X = "279" Y = "323" T = "0" Pressure = "0" />
		<Point X = "279" Y = "324" T = "0" Pressure = "0" />
		<Point X = "280" Y = "324" T = "0" Pressure = "0" />
		<Point X = "280" Y = "325" T = "0" Pressure = "0" />
		<Point X = "281" Y = "325" T = "0" Pressure = "0" />
		<Point X = "281" Y = "326" T = "0" Pressure = "0" />
		<Point X = "281" Y = "328" T = "0" Pressure = "0" />
		<Point X = "281" Y = "329" T = "0" Pressure = "0" />
		<Point X = "281" Y = "331" T = "0" Pressure = "0" />
		<Point X = "281" Y = "332" T = "0" Pressure = "0" />
		<Point X = "281" Y = "333" T = "0" Pressure = "0" />
		<Point X = "279" Y = "333" T = "0" Pressure = "0" />
		<Point X = "279" Y = "332" T = "0" Pressure = "0" />
		<Point X = "276" Y = "331" T = "0" Pressure = "0" />
		<Point X = "273" Y = "327" T = "0" Pressure = "0" />
		<Point X = "271" Y = "326" T = "0" Pressure = "0" />
		<Point X = "267" Y = "322" T = "0" Pressure = "0" />
		<Point X = "265" Y = "319" T = "0" Pressure = "0" />
		<Point X = "258" Y = "312" T = "0" Pressure = "0" />
		<Point X = "251" Y = "303" T = "0" Pressure = "0" />
		<Point X = "246" Y = "297" T = "0" Pressure = "0" />
		<Point X = "241" Y = "292" T = "0" Pressure = "0" />
		<Point X = "240" Y = "291" T = "0" Pressure = "0" />
		<Point X = "238" Y = "288" T = "0" Pressure = "0" />
		<Point X = "236" Y = "287" T = "0" Pressure = "0" />
		<Point X = "234" Y = "284" T = "0" Pressure = "0" />
		<Point X = "231" Y = "283" T = "0" Pressure = "0" />
		<Point X = "230" Y = "282" T = "0" Pressure = "0" />
		<Point X = "228" Y = "281" T = "0" Pressure = "0" />
		<Point X = "227" Y = "280" T = "0" Pressure = "0" />
		<Point X = "226" Y = "279" T = "0" Pressure = "0" />
		<Point X = "223" Y = "278" T = "0" Pressure = "0" />
		<Point X = "220" Y = "275" T = "0" Pressure = "0" />
		<Point X = "215" Y = "270" T = "0" Pressure = "0" />
		<Point X = "209" Y = "265" T = "0" Pressure = "0" />
		<Point X = "202" Y = "260" T = "0" Pressure = "0" />
		<Point X = "196" Y = "255" T = "0" Pressure = "0" />
		<Point X = "190" Y = "249" T = "0" Pressure = "0" />
		<Point X = "187" Y = "247" T = "0" Pressure = "0" />
		<Point X = "183" Y = "243" T = "0" Pressure = "0" />
		<Point X = "182" Y = "242" T = "0" Pressure = "0" />
		<Point X = "181" Y = "242" T = "0" Pressure = "0" />
		<Point X = "180" Y = "242" T = "0" Pressure = "0" />
		<Point X = "178" Y = "241" T = "0" Pressure = "0" />
		<Point X = "174" Y = "238" T = "0" Pressure = "0" />
		<Point X = "169" Y = "237" T = "0" Pressure = "0" />
		<Point X = "162" Y = "232" T = "0" Pressure = "0" />
		<Point X = "155" Y = "228" T = "0" Pressure = "0" />
		<Point X = "148" Y = "223" T = "0" Pressure = "0" />
		<Point X = "143" Y = "219" T = "0" Pressure = "0" />
		<Point X = "138" Y = "216" T = "0" Pressure = "0" />
		<Point X = "133" Y = "213" T = "0" Pressure = "0" />
		<Point X = "132" Y = "212" T = "0" Pressure = "0" />
		<Point X = "130" Y = "209" T = "0" Pressure = "0" />
		<Point X = "129" Y = "209" T = "0" Pressure = "0" />
		<Point X = "128" Y = "208" T = "0" Pressure = "0" />
		<Point X = "128" Y = "206" T = "0" Pressure = "0" />
		<Point X = "126" Y = "204" T = "0" Pressure = "0" />
		<Point X = "126" Y = "202" T = "0" Pressure = "0" />
		<Point X = "124" Y = "200" T = "0" Pressure = "0" />
		<Point X = "122" Y = "197" T = "0" Pressure = "0" />
		<Point X = "120" Y = "195" T = "0" Pressure = "0" />
		<Point X = "119" Y = "193" T = "0" Pressure = "0" />
		<Point X = "117" Y = "192" T = "0" Pressure = "0" />
		<Point X = "117" Y = "191" T = "0" Pressure = "0" />
		<Point X = "116" Y = "191" T = "0" Pressure = "0" />
		<Point X = "116" Y = "190" T = "0" Pressure = "0" />
		<Point X = "114" Y = "190" T = "0" Pressure = "0" />
		<Point X = "114" Y = "189" T = "0" Pressure = "0" />
		<Point X = "112" Y = "188" T = "0" Pressure = "0" />
		<Point X = "112" Y = "186" T = "0" Pressure = "0" />
		<Point X = "112" Y = "184" T = "0" Pressure = "0" />
		<Point X = "111" Y = "183" T = "0" Pressure = "0" />
		<Point X = "110" Y = "180" T = "0" Pressure = "0" />
		<Point X = "110" Y = "178" T = "0" Pressure = "0" />
		<Point X = "109" Y = "176" T = "0" Pressure = "0" />
		<Point X = "109" Y = "175" T = "0" Pressure = "0" />
		<Point X = "108" Y = "175" T = "0" Pressure = "0" />
		<Point X = "108" Y = "174" T = "0" Pressure = "0" />
		<Point X = "107" Y = "173" T = "0" Pressure = "0" />
		<Point X = "106" Y = "173" T = "0" Pressure = "0" />
		<Point X = "106" Y = "172" T = "0" Pressure = "0" />
		<Point X = "105" Y = "171" T = "0" Pressure = "0" />
		<Point X = "104" Y = "170" T = "0" Pressure = "0" />
		<Point X = "104" Y = "169" T = "0" Pressure = "0" />
		<Point X = "105" Y = "168" T = "0" Pressure = "0" />
		<Point X = "106" Y = "168" T = "0" Pressure = "0" />
		<Point X = "108" Y = "168" T = "0" Pressure = "0" />
		<Point X = "110" Y = "168" T = "0" Pressure = "0" />
		<Point X = "111" Y = "168" T = "0" Pressure = "0" />
		<Point X = "112" Y = "168" T = "0" Pressure = "0" />
		<Point X = "114" Y = "169" T = "0" Pressure = "0" />
		<Point X = "116" Y = "169" T = "0" Pressure = "0" />
		<Point X = "117" Y = "169" T = "0" Pressure = "0" />
		<Point X = "118" Y = "169" T = "0" Pressure = "0" />
		<Point X = "119" Y = "169" T = "0" Pressure = "0" />
		<Point X = "121" Y = "169" T = "0" Pressure = "0" />
		<Point X = "122" Y = "169" T = "0" Pressure = "0" />
		<Point X = "123" Y = "169" T = "0" Pressure = "0" />
		<Point X = "123" Y = "170" T = "0" Pressure = "0" />
		<Point X = "124" Y = "171" T = "0" Pressure = "0" />
		<Point X = "125" Y = "171" T = "0" Pressure = "0" />
		<Point X = "126" Y = "172" T = "0" Pressure = "0" />
		<Point X = "127" Y = "172" T = "0" Pressure = "0" />
		<Point X = "128" Y = "172" T = "0" Pressure = "0" />
		<Point X = "129" Y = "172" T = "0" Pressure = "0" />
		<Point X = "130" Y = "172" T = "0" Pressure = "0" />
		<Point X = "131" Y = "172" T = "0" Pressure = "0" />
		<Point X = "132" Y = "172" T = "0" Pressure = "0" />
		<Point X = "133" Y = "172" T = "0" Pressure = "0" />
		<Point X = "134" Y = "173" T = "0" Pressure = "0" />
		<Point X = "135" Y = "173" T = "0" Pressure = "0" />
	</Stroke>
</Gesture>
