<?xml version="1.0" encoding="utf-8" standalone="yes"?>
<Gesture Name = "star">
	<Stroke>
		<Point X = "128" Y = "106" T = "0" Pressure = "0" />
		<Point X = "129" Y = "106" T = "0" Pressure = "0" />
		<Point X = "131" Y = "106" T = "0" Pressure = "0" />
		<Point X = "135" Y = "106" T = "0" Pressure = "0" />
		<Point X = "138" Y = "106" T = "0" Pressure = "0" />
		<Point X = "144" Y = "106" T = "0" Pressure = "0" />
		<Point X = "151" Y = "106" T = "0" Pressure = "0" />
		<Point X = "159" Y = "106" T = "0" Pressure = "0" />
		<Point X = "167" Y = "106" T = "0" Pressure = "0" />
		<Point X = "177" Y = "106" T = "0" Pressure = "0" />
		<Point X = "185" Y = "106" T = "0" Pressure = "0" />
		<Point X = "193" Y = "106" T = "0" Pressure = "0" />
		<Point X = "201" Y = "106" T = "0" Pressure = "0" />
		<Point X = "208" Y = "106" T = "0" Pressure = "0" />
		<Point X = "214" Y = "106" T = "0" Pressure = "0" />
		<Point X = "219" Y = "106" T = "0" Pressure = "0" />
		<Point X = "223" Y = "106" T = "0" Pressure = "0" />
		<Point X = "228" Y = "106" T = "0" Pressure = "0" />
		<Point X = "232" Y = "106" T = "0" Pressure = "0" />
		<Point X = "238" Y = "106" T = "0" Pressure = "0" />
		<Point X = "241" Y = "106" T = "0" Pressure = "0" />
		<Point X = "246" Y = "106" T = "0" Pressure = "0" />
		<Point X = "249" Y = "106" T = "0" Pressure = "0" />
		<Point X = "253" Y = "106" T = "0" Pressure = "0" />
		<Point X = "254" Y = "106" T = "0" Pressure = "0" />
		<Point X = "257" Y = "106" T = "0" Pressure = "0" />
		<Point X = "260" Y = "106" T = "0" Pressure = "0" />
		<Point X = "262" Y = "105" T = "0" Pressure = "0" />
		<Point X = "264" Y = "104" T = "0" Pressure = "0" />
		<Point X = "266" Y = "104" T = "0" Pressure = "0" />
		<Point X = "269" Y = "103" T = "0" Pressure = "0" />
		<Point X = "271" Y = "103" T = "0" Pressure = "0" />
		<Point X = "273" Y = "103" T = "0" Pressure = "0" />
		<Point X = "275" Y = "103" T = "0" Pressure = "0" />
		<Point X = "277" Y = "103" T = "0" Pressure = "0" />
		<Point X = "280" Y = "103" T = "0" Pressure = "0" />
		<Point X = "281" Y = "103" T = "0" Pressure = "0" />
		<Point X = "281" Y = "102" T = "0" Pressure = "0" />
		<Point X = "281" Y = "103" T = "0" Pressure = "0" />
		<Point X = "280" Y = "104" T = "0" Pressure = "0" />
		<Point X = "280" Y = "105" T = "0" Pressure = "0" />
		<Point X = "279" Y = "106" T = "0" Pressure = "0" />
		<Point X = "279" Y = "107" T = "0" Pressure = "0" />
		<Point X = "277" Y = "109" T = "0" Pressure = "0" />
		<Point X = "275" Y = "111" T = "0" Pressure = "0" />
		<Point X = "274" Y = "112" T = "0" Pressure = "0" />
		<Point X = "271" Y = "114" T = "0" Pressure = "0" />
		<Point X = "270" Y = "116" T = "0" Pressure = "0" />
		<Point X = "267" Y = "118" T = "0" Pressure = "0" />
		<Point X = "266" Y = "120" T = "0" Pressure = "0" />
		<Point X = "265" Y = "121" T = "0" Pressure = "0" />
		<Point X = "264" Y = "122" T = "0" Pressure = "0" />
		<Point X = "262" Y = "124" T = "0" Pressure = "0" />
		<Point X = "261" Y = "125" T = "0" Pressure = "0" />
		<Point X = "258" Y = "128" T = "0" Pressure = "0" />
		<Point X = "256" Y = "130" T = "0" Pressure = "0" />
		<Point X = "254" Y = "132" T = "0" Pressure = "0" />
		<Point X = "249" Y = "134" T = "0" Pressure = "0" />
		<Point X = "247" Y = "136" T = "0" Pressure = "0" />
		<Point X = "243" Y = "139" T = "0" Pressure = "0" />
		<Point X = "236" Y = "144" T = "0" Pressure = "0" />
		<Point X = "230" Y = "148" T = "0" Pressure = "0" />
		<Point X = "225" Y = "153" T = "0" Pressure = "0" />
		<Point X = "216" Y = "159" T = "0" Pressure = "0" />
		<Point X = "210" Y = "163" T = "0" Pressure = "0" />
		<Point X = "205" Y = "166" T = "0" Pressure = "0" />
		<Point X = "203" Y = "169" T = "0" Pressure = "0" />
		<Point X = "200" Y = "172" T = "0" Pressure = "0" />
		<Point X = "199" Y = "173" T = "0" Pressure = "0" />
		<Point X = "198" Y = "174" T = "0" Pressure = "0" />
		<Point X = "196" Y = "176" T = "0" Pressure = "0" />
		<Point X = "194" Y = "178" T = "0" Pressure = "0" />
		<Point X = "193" Y = "179" T = "0" Pressure = "0" />
		<Point X = "190" Y = "181" T = "0" Pressure = "0" />
		<Point X = "188" Y = "184" T = "0" Pressure = "0" />
		<Point X = "186" Y = "185" T = "0" Pressure = "0" />
		<Point X = "182" Y = "189" T = "0" Pressure = "0" />
		<Point X = "179" Y = "192" T = "0" Pressure = "0" />
		<Point X = "175" Y = "196" T = "0" Pressure = "0" />
		<Point X = "173" Y = "199" T = "0" Pressure = "0" />
		<Point X = "172" Y = "199" T = "0" Pressure = "0" />
		<Point X = "171" Y = "201" T = "0" Pressure = "0" />
		<Point X = "170" Y = "202" T = "0" Pressure = "0" />
		<Point X = "169" Y = "203" T = "0" Pressure = "0" />
		<Point X = "168" Y = "204" T = "0" Pressure = "0" />
		<Point X = "168" Y = "205" T = "0" Pressure = "0" />
		<Point X = "166" Y = "206" T = "0" Pressure = "0" />
		<Point X = "165" Y = "208" T = "0" Pressure = "0" />
		<Point X = "162" Y = "210" T = "0" Pressure = "0" />
		<Point X = "159" Y = "214" T = "0" Pressure = "0" />
		<Point X = "155" Y = "218" T = "0" Pressure = "0" />
		<Point X = "150" Y = "222" T = "0" Pressure = "0" />
		<Point X = "146" Y = "225" T = "0" Pressure = "0" />
		<Point X = "143" Y = "227" T = "0" Pressure = "0" />
		<Point X = "138" Y = "231" T = "0" Pressure = "0" />
		<Point X = "136" Y = "232" T = "0" Pressure = "0" />
		<Point X = "134" Y = "233" T = "0" Pressure = "0" />
		<Point X = "133" Y = "234" T = "0" Pressure = "0" />
		<Point X = "131" Y = "234" T = "0" Pressure = "0" />
		<Point X = "130" Y = "234" T = "0" Pressure = "0" />
		<Point X = "129" Y = "235" T = "0" Pressure = "0" />
		<Point X = "130" Y = "234" T = "0" Pressure = "0" />
		<Point X = "132" Y = "233" T = "0" Pressure = "0" />
		<Point X = "132" Y = "229" T = "0" Pressure = "0" />
		<Point X = "133" Y = "226" T = "0" Pressure = "0" />
		<Point X = "134" Y = "222" T = "0" Pressure = "0" />
		<Point X = "136" Y = "217" T = "0" Pressure = "0" />
		<Point X = "137" Y = "213" T = "0" Pressure = "0" />
		<Point X = "138" Y = "208" T = "0" Pressure = "0" />
		<Point X = "142" Y = "203" T = "0" Pressure = "0" />
		<Point X = "142" Y = "200" T = "0" Pressure = "0" />
		<Point X = "145" Y = "195" T = "0" Pressure = "0" />
		<Point X = "147" Y = "193" T = "0" Pressure = "0" />
		<Point X = "148" Y = "189" T = "0" Pressure = "0" />
		<Point X = "151" Y = "182" T = "0" Pressure = "0" />
		<Point X = "152" Y = "176" T = "0" Pressure = "0" />
		<Point X = "153" Y = "170" T = "0" Pressure = "0" />
		<Point X = "155" Y = "165" T = "0" Pressure = "0" />
		<Point X = "156" Y = "160" T = "0" Pressure = "0" />
		<Point X = "157" Y = "153" T = "0" Pressure = "0" />
		<Point X = "159" Y = "147" T = "0" Pressure = "0" />
		<Point X = "161" Y = "141" T = "0" Pressure = "0" />
		<Point X = "162" Y = "135" T = "0" Pressure = "0" />
		<Point X = "164" Y = "129" T = "0" Pressure = "0" />
		<Point X = "166" Y = "123" T = "0" Pressure = "0" />
		<Point X = "167" Y = "119" T = "0" Pressure = "0" />
		<Point X = "169" Y = "113" T = "0" Pressure = "0" />
		<Point X = "170" Y = "110" T = "0" Pressure = "0" />
		<Point X = "170" Y = "105" T = "0" Pressure = "0" />
		<Point X = "171" Y = "103" T = "0" Pressure = "0" />
		<Point X = "171" Y = "99" T = "0" Pressure = "0" />
		<Point X = "171" Y = "97" T = "0" Pressure = "0" />
		<Point X = "171" Y = "94" T = "0" Pressure = "0" />
		<Point X = "172" Y = "91" T = "0" Pressure = "0" />
		<Point X = "173" Y = "88" T = "0" Pressure = "0" />
		<Point X = "174" Y = "85" T = "0" Pressure = "0" />
		<Point X = "175" Y = "82" T = "0" Pressure = "0" />
		<Point X = "175" Y = "80" T = "0" Pressure = "0" />
		<Point X = "177" Y = "77" T = "0" Pressure = "0" />
		<Point X = "179" Y = "73" T = "0" Pressure = "0" />
		<Point X = "179" Y = "70" T = "0" Pressure = "0" />
		<Point X = "182" Y = "66" T = "0" Pressure = "0" />
		<Point X = "183" Y = "63" T = "0" Pressure = "0" />
		<Point X = "186" Y = "56" T = "0" Pressure = "0" />
		<Point X = "187" Y = "54" T = "0" Pressure = "0" />
		<Point X = "188" Y = "50" T = "0" Pressure = "0" />
		<Point X = "188" Y = "46" T = "0" Pressure = "0" />
		<Point X = "190" Y = "43" T = "0" Pressure = "0" />
		<Point X = "191" Y = "42" T = "0" Pressure = "0" />
		<Point X = "191" Y = "40" T = "0" Pressure = "0" />
		<Point X = "191" Y = "39" T = "0" Pressure = "0" />
		<Point X = "192" Y = "37" T = "0" Pressure = "0" />
		<Point X = "194" Y = "35" T = "0" Pressure = "0" />
		<Point X = "194" Y = "34" T = "0" Pressure = "0" />
		<Point X = "195" Y = "33" T = "0" Pressure = "0" />
		<Point X = "195" Y = "32" T = "0" Pressure = "0" />
		<Point X = "195" Y = "33" T = "0" Pressure = "0" />
		<Point X = "195" Y = "36" T = "0" Pressure = "0" />
		<Point X = "196" Y = "41" T = "0" Pressure = "0" />
		<Point X = "198" Y = "47" T = "0" Pressure = "0" />
		<Point X = "198" Y = "52" T = "0" Pressure = "0" />
		<Point X = "200" Y = "60" T = "0" Pressure = "0" />
		<Point X = "202" Y = "67" T = "0" Pressure = "0" />
		<Point X = "205" Y = "76" T = "0" Pressure = "0" />
		<Point X = "208" Y = "83" T = "0" Pressure = "0" />
		<Point X = "210" Y = "92" T = "0" Pressure = "0" />
		<Point X = "211" Y = "97" T = "0" Pressure = "0" />
		<Point X = "214" Y = "103" T = "0" Pressure = "0" />
		<Point X = "215" Y = "110" T = "0" Pressure = "0" />
		<Point X = "216" Y = "116" T = "0" Pressure = "0" />
		<Point X = "219" Y = "121" T = "0" Pressure = "0" />
		<Point X = "219" Y = "125" T = "0" Pressure = "0" />
		<Point X = "220" Y = "130" T = "0" Pressure = "0" />
		<Point X = "222" Y = "133" T = "0" Pressure = "0" />
		<Point X = "223" Y = "138" T = "0" Pressure = "0" />
		<Point X = "224" Y = "143" T = "0" Pressure = "0" />
		<Point X = "227" Y = "151" T = "0" Pressure = "0" />
		<Point X = "229" Y = "155" T = "0" Pressure = "0" />
		<Point X = "232" Y = "163" T = "0" Pressure = "0" />
		<Point X = "234" Y = "167" T = "0" Pressure = "0" />
		<Point X = "235" Y = "173" T = "0" Pressure = "0" />
		<Point X = "237" Y = "179" T = "0" Pressure = "0" />
		<Point X = "239" Y = "184" T = "0" Pressure = "0" />
		<Point X = "240" Y = "188" T = "0" Pressure = "0" />
		<Point X = "242" Y = "194" T = "0" Pressure = "0" />
		<Point X = "242" Y = "198" T = "0" Pressure = "0" />
		<Point X = "244" Y = "203" T = "0" Pressure = "0" />
		<Point X = "246" Y = "206" T = "0" Pressure = "0" />
		<Point X = "247" Y = "209" T = "0" Pressure = "0" />
		<Point X = "247" Y = "210" T = "0" Pressure = "0" />
		<Point X = "248" Y = "213" T = "0" Pressure = "0" />
		<Point X = "250" Y = "215" T = "0" Pressure = "0" />
		<Point X = "250" Y = "216" T = "0" Pressure = "0" />
		<Point X = "250" Y = "217" T = "0" Pressure = "0" />
		<Point X = "250" Y = "218" T = "0" Pressure = "0" />
		<Point X = "250" Y = "219" T = "0" Pressure = "0" />
		<Point X = "250" Y = "220" T = "0" Pressure = "0" />
		<Point X = "250" Y = "221" T = "0" Pressure = "0" />
		<Point X = "250" Y = "222" T = "0" Pressure = "0" />
		<Point X = "251" Y = "224" T = "0" Pressure = "0" />
		<Point X = "252" Y = "225" T = "0" Pressure = "0" />
		<Point X = "252" Y = "226" T = "0" Pressure = "0" />
		<Point X = "252" Y = "227" T = "0" Pressure = "0" />
		<Point X = "252" Y = "228" T = "0" Pressure = "0" />
		<Point X = "252" Y = "229" T = "0" Pressure = "0" />
		<Point X = "252" Y = "230" T = "0" Pressure = "0" />
		<Point X = "252" Y = "231" T = "0" Pressure = "0" />
		<Point X = "252" Y = "232" T = "0" Pressure = "0" />
		<Point X = "252" Y = "233" T = "0" Pressure = "0" />
		<Point X = "252" Y = "234" T = "0" Pressure = "0" />
		<Point X = "250" Y = "234" T = "0" Pressure = "0" />
		<Point X = "250" Y = "235" T = "0" Pressure = "0" />
		<Point X = "248" Y = "235" T = "0" Pressure = "0" />
		<Point X = "247" Y = "235" T = "0" Pressure = "0" />
		<Point X = "245" Y = "235" T = "0" Pressure = "0" />
		<Point X = "243" Y = "235" T = "0" Pressure = "0" />
		<Point X = "240" Y = "233" T = "0" Pressure = "0" />
		<Point X = "236" Y = "230" T = "0" Pressure = "0" />
		<Point X = "230" Y = "225" T = "0" Pressure = "0" />
		<Point X = "224" Y = "219" T = "0" Pressure = "0" />
		<Point X = "216" Y = "214" T = "0" Pressure = "0" />
		<Point X = "212" Y = "211" T = "0" Pressure = "0" />
		<Point X = "209" Y = "210" T = "0" Pressure = "0" />
		<Point X = "205" Y = "208" T = "0" Pressure = "0" />
		<Point X = "204" Y = "206" T = "0" Pressure = "0" />
		<Point X = "203" Y = "206" T = "0" Pressure = "0" />
		<Point X = "201" Y = "205" T = "0" Pressure = "0" />
		<Point X = "199" Y = "203" T = "0" Pressure = "0" />
		<Point X = "196" Y = "201" T = "0" Pressure = "0" />
		<Point X = "193" Y = "199" T = "0" Pressure = "0" />
		<Point X = "187" Y = "195" T = "0" Pressure = "0" />
		<Point X = "184" Y = "193" T = "0" Pressure = "0" />
		<Point X = "179" Y = "190" T = "0" Pressure = "0" />
		<Point X = "174" Y = "187" T = "0" Pressure = "0" />
		<Point X = "167" Y = "184" T = "0" Pressure = "0" />
		<Point X = "161" Y = "182" T = "0" Pressure = "0" />
		<Point X = "158" Y = "180" T = "0" Pressure = "0" />
		<Point X = "155" Y = "179" T = "0" Pressure = "0" />
		<Point X = "152" Y = "177" T = "0" Pressure = "0" />
		<Point X = "150" Y = "175" T = "0" Pressure = "0" />
		<Point X = "146" Y = "172" T = "0" Pressure = "0" />
		<Point X = "144" Y = "171" T = "0" Pressure = "0" />
		<Point X = "142" Y = "170" T = "0" Pressure = "0" />
		<Point X = "138" Y = "166" T = "0" Pressure = "0" />
		<Point X = "136" Y = "166" T = "0" Pressure = "0" />
		<Point X = "133" Y = "163" T = "0" Pressure = "0" />
		<Point X = "131" Y = "162" T = "0" Pressure = "0" />
		<Point X = "128" Y = "160" T = "0" Pressure = "0" />
		<Point X = "124" Y = "158" T = "0" Pressure = "0" />
		<Point X = "122" Y = "157" T = "0" Pressure = "0" />
		<Point X = "121" Y = "155" T = "0" Pressure = "0" />
		<Point X = "118" Y = "154" T = "0" Pressure = "0" />
		<Point X = "115" Y = "151" T = "0" Pressure = "0" />
		<Point X = "113" Y = "150" T = "0" Pressure = "0" />
		<Point X = "110" Y = "147" T = "0" Pressure = "0" />
		<Point X = "107" Y = "146" T = "0" Pressure = "0" />
		<Point X = "105" Y = "143" T = "0" Pressure = "0" />
		<Point X = "101" Y = "142" T = "0" Pressure = "0" />
		<Point X = "99" Y = "140" T = "0" Pressure = "0" />
		<Point X = "97" Y = "138" T = "0" Pressure = "0" />
		<Point X = "94" Y = "135" T = "0" Pressure = "0" />
		<Point X = "93" Y = "134" T = "0" Pressure = "0" />
		<Point X = "90" Y = "132" T = "0" Pressure = "0" />
		<Point X = "89" Y = "130" T = "0" Pressure = "0" />
		<Point X = "88" Y = "129" T = "0" Pressure = "0" />
		<Point X = "87" Y = "128" T = "0" Pressure = "0" />
		<Point X = "87" Y = "127" T = "0" Pressure = "0" />
		<Point X = "86" Y = "126" T = "0" Pressure = "0" />
		<Point X = "85" Y = "126" T = "0" Pressure = "0" />
		<Point X = "85" Y = "125" T = "0" Pressure = "0" />
		<Point X = "84" Y = "123" T = "0" Pressure = "0" />
		<Point X = "83" Y = "121" T = "0" Pressure = "0" />
		<Point X = "83" Y = "120" T = "0" Pressure = "0" />
		<Point X = "83" Y = "119" T = "0" Pressure = "0" />
		<Point X = "83" Y = "118" T = "0" Pressure = "0" />
		<Point X = "83" Y = "117" T = "0" Pressure = "0" />
		<Point X = "83" Y = "116" T = "0" Pressure = "0" />
		<Point X = "84" Y = "115" T = "0" Pressure = "0" />
		<Point X = "85" Y = "114" T = "0" Pressure = "0" />
		<Point X = "86" Y = "113" T = "0" Pressure = "0" />
		<Point X = "89" Y = "112" T = "0" Pressure = "0" />
		<Point X = "91" Y = "112" T = "0" Pressure = "0" />
		<Point X = "92" Y = "112" T = "0" Pressure = "0" />
		<Point X = "95" Y = "111" T = "0" Pressure = "0" />
		<Point X = "97" Y = "110" T = "0" Pressure = "0" />
		<Point X = "98" Y = "109" T = "0" Pressure = "0" />
		<Point X = "99" Y = "109" T = "0" Pressure = "0" />
		<Point X = "100" Y = "109" T = "0" Pressure = "0" />
		<Point X = "101" Y = "109" T = "0" Pressure = "0" />
		<Point X = "102" Y = "109" T = "0" Pressure = "0" />
		<Point X = "104" Y = "109" T = "0" Pressure = "0" />
		<Point X = "105" Y = "109" T = "0" Pressure = "0" />
		<Point X = "107" Y = "109" T = "0" Pressure = "0" />
		<Point X = "108" Y = "109" T = "0" Pressure = "0" />
		<Point X = "109" Y = "109" T = "0" Pressure = "0" />
		<Point X = "112" Y = "109" T = "0" Pressure = "0" />
		<Point X = "113" Y = "109" T = "0" Pressure = "0" />
		<Point X = "115" Y = "109" T = "0" Pressure = "0" />
		<Point X = "116" Y = "109" T = "0" Pressure = "0" />
		<Point X = "119" Y = "108" T = "0" Pressure = "0" />
		<Point X = "121" Y = "108" T = "0" Pressure = "0" />
		<Point X = "122" Y = "108" T = "0" Pressure = "0" />
		<Point X = "123" Y = "108" T = "0" Pressure = "0" />
		<Point X = "125" Y = "108" T = "0" Pressure = "0" />
		<Point X = "126" Y = "108" T = "0" Pressure = "0" />
		<Point X = "127" Y = "108" T = "0" Pressure = "0" />
		<Point X = "128" Y = "108" T = "0" Pressure = "0" />
		<Point X = "129" Y = "108" T = "0" Pressure = "0" />
		<Point X = "130" Y = "108" T = "0" Pressure = "0" />
		<Point X = "131" Y = "108" T = "0" Pressure = "0" />
		<Point X = "132" Y = "108" T = "0" Pressure = "0" />
		<Point X = "133" Y = "108" T = "0" Pressure = "0" />
		<Point X = "134" Y = "108" T = "0" Pressure = "0" />
		<Point X = "135" Y = "108" T = "0" Pressure = "0" />
	</Stroke>
</Gesture>
