<?xml version="1.0" encoding="utf-8" standalone="yes"?>
<Gesture Name = "star">
	<Stroke>
		<Point X = "274" Y = "240" T = "0" Pressure = "0" />
		<Point X = "275" Y = "240" T = "0" Pressure = "0" />
		<Point X = "276" Y = "239" T = "0" Pressure = "0" />
		<Point X = "277" Y = "239" T = "0" Pressure = "0" />
		<Point X = "278" Y = "239" T = "0" Pressure = "0" />
		<Point X = "281" Y = "239" T = "0" Pressure = "0" />
		<Point X = "285" Y = "239" T = "0" Pressure = "0" />
		<Point X = "291" Y = "239" T = "0" Pressure = "0" />
		<Point X = "296" Y = "239" T = "0" Pressure = "0" />
		<Point X = "305" Y = "239" T = "0" Pressure = "0" />
		<Point X = "310" Y = "239" T = "0" Pressure = "0" />
		<Point X = "316" Y = "239" T = "0" Pressure = "0" />
		<Point X = "323" Y = "239" T = "0" Pressure = "0" />
		<Point X = "329" Y = "239" T = "0" Pressure = "0" />
		<Point X = "339" Y = "239" T = "0" Pressure = "0" />
		<Point X = "347" Y = "239" T = "0" Pressure = "0" />
		<Point X = "354" Y = "239" T = "0" Pressure = "0" />
		<Point X = "360" Y = "239" T = "0" Pressure = "0" />
		<Point X = "364" Y = "239" T = "0" Pressure = "0" />
		<Point X = "368" Y = "239" T = "0" Pressure = "0" />
		<Point X = "373" Y = "238" T = "0" Pressure = "0" />
		<Point X = "376" Y = "238" T = "0" Pressure = "0" />
		<Point X = "379" Y = "237" T = "0" Pressure = "0" />
		<Point X = "381" Y = "237" T = "0" Pressure = "0" />
		<Point X = "383" Y = "237" T = "0" Pressure = "0" />
		<Point X = "386" Y = "237" T = "0" Pressure = "0" />
		<Point X = "388" Y = "237" T = "0" Pressure = "0" />
		<Point X = "390" Y = "237" T = "0" Pressure = "0" />
		<Point X = "391" Y = "237" T = "0" Pressure = "0" />
		<Point X = "392" Y = "237" T = "0" Pressure = "0" />
		<Point X = "392" Y = "238" T = "0" Pressure = "0" />
		<Point X = "392" Y = "240" T = "0" Pressure = "0" />
		<Point X = "392" Y = "242" T = "0" Pressure = "0" />
		<Point X = "392" Y = "243" T = "0" Pressure = "0" />
		<Point X = "391" Y = "247" T = "0" Pressure = "0" />
		<Point X = "390" Y = "250" T = "0" Pressure = "0" />
		<Point X = "389" Y = "252" T = "0" Pressure = "0" />
		<Point X = "387" Y = "255" T = "0" Pressure = "0" />
		<Point X = "383" Y = "260" T = "0" Pressure = "0" />
		<Point X = "380" Y = "264" T = "0" Pressure = "0" />
		<Point X = "376" Y = "268" T = "0" Pressure = "0" />
		<Point X = "373" Y = "271" T = "0" Pressure = "0" />
		<Point X = "369" Y = "275" T = "0" Pressure = "0" />
		<Point X = "363" Y = "279" T = "0" Pressure = "0" />
		<Point X = "361" Y = "280" T = "0" Pressure = "0" />
		<Point X = "356" Y = "283" T = "0" Pressure = "0" />
		<Point X = "354" Y = "284" T = "0" Pressure = "0" />
		<Point X = "350" Y = "288" T = "0" Pressure = "0" />
		<Point X = "349" Y = "288" T = "0" Pressure = "0" />
		<Point X = "348" Y = "289" T = "0" Pressure = "0" />
		<Point X = "345" Y = "291" T = "0" Pressure = "0" />
		<Point X = "343" Y = "291" T = "0" Pressure = "0" />
		<Point X = "340" Y = "293" T = "0" Pressure = "0" />
		<Point X = "338" Y = "294" T = "0" Pressure = "0" />
		<Point X = "336" Y = "295" T = "0" Pressure = "0" />
		<Point X = "335" Y = "296" T = "0" Pressure = "0" />
		<Point X = "330" Y = "298" T = "0" Pressure = "0" />
		<Point X = "326" Y = "300" T = "0" Pressure = "0" />
		<Point X = "325" Y = "301" T = "0" Pressure = "0" />
		<Point X = "321" Y = "304" T = "0" Pressure = "0" />
		<Point X = "319" Y = "305" T = "0" Pressure = "0" />
		<Point X = "317" Y = "306" T = "0" Pressure = "0" />
		<Point X = "316" Y = "306" T = "0" Pressure = "0" />
		<Point X = "315" Y = "307" T = "0" Pressure = "0" />
		<Point X = "314" Y = "307" T = "0" Pressure = "0" />
		<Point X = "313" Y = "307" T = "0" Pressure = "0" />
		<Point X = "312" Y = "308" T = "0" Pressure = "0" />
		<Point X = "312" Y = "306" T = "0" Pressure = "0" />
		<Point X = "313" Y = "305" T = "0" Pressure = "0" />
		<Point X = "314" Y = "302" T = "0" Pressure = "0" />
		<Point X = "315" Y = "298" T = "0" Pressure = "0" />
		<Point X = "316" Y = "295" T = "0" Pressure = "0" />
		<Point X = "316" Y = "291" T = "0" Pressure = "0" />
		<Point X = "318" Y = "287" T = "0" Pressure = "0" />
		<Point X = "318" Y = "282" T = "0" Pressure = "0" />
		<Point X = "320" Y = "276" T = "0" Pressure = "0" />
		<Point X = "320" Y = "270" T = "0" Pressure = "0" />
		<Point X = "321" Y = "263" T = "0" Pressure = "0" />
		<Point X = "322" Y = "258" T = "0" Pressure = "0" />
		<Point X = "325" Y = "252" T = "0" Pressure = "0" />
		<Point X = "326" Y = "246" T = "0" Pressure = "0" />
		<Point X = "328" Y = "240" T = "0" Pressure = "0" />
		<Point X = "330" Y = "233" T = "0" Pressure = "0" />
		<Point X = "330" Y = "227" T = "0" Pressure = "0" />
		<Point X = "331" Y = "221" T = "0" Pressure = "0" />
		<Point X = "332" Y = "214" T = "0" Pressure = "0" />
		<Point X = "332" Y = "210" T = "0" Pressure = "0" />
		<Point X = "332" Y = "208" T = "0" Pressure = "0" />
		<Point X = "332" Y = "204" T = "0" Pressure = "0" />
		<Point X = "334" Y = "202" T = "0" Pressure = "0" />
		<Point X = "334" Y = "199" T = "0" Pressure = "0" />
		<Point X = "334" Y = "197" T = "0" Pressure = "0" />
		<Point X = "334" Y = "195" T = "0" Pressure = "0" />
		<Point X = "334" Y = "194" T = "0" Pressure = "0" />
		<Point X = "334" Y = "191" T = "0" Pressure = "0" />
		<Point X = "334" Y = "189" T = "0" Pressure = "0" />
		<Point X = "334" Y = "185" T = "0" Pressure = "0" />
		<Point X = "334" Y = "182" T = "0" Pressure = "0" />
		<Point X = "334" Y = "180" T = "0" Pressure = "0" />
		<Point X = "334" Y = "179" T = "0" Pressure = "0" />
		<Point X = "334" Y = "178" T = "0" Pressure = "0" />
		<Point X = "334" Y = "179" T = "0" Pressure = "0" />
		<Point X = "334" Y = "180" T = "0" Pressure = "0" />
		<Point X = "335" Y = "183" T = "0" Pressure = "0" />
		<Point X = "335" Y = "186" T = "0" Pressure = "0" />
		<Point X = "335" Y = "190" T = "0" Pressure = "0" />
		<Point X = "337" Y = "196" T = "0" Pressure = "0" />
		<Point X = "339" Y = "201" T = "0" Pressure = "0" />
		<Point X = "341" Y = "207" T = "0" Pressure = "0" />
		<Point X = "343" Y = "211" T = "0" Pressure = "0" />
		<Point X = "345" Y = "216" T = "0" Pressure = "0" />
		<Point X = "348" Y = "221" T = "0" Pressure = "0" />
		<Point X = "349" Y = "223" T = "0" Pressure = "0" />
		<Point X = "349" Y = "226" T = "0" Pressure = "0" />
		<Point X = "351" Y = "230" T = "0" Pressure = "0" />
		<Point X = "353" Y = "232" T = "0" Pressure = "0" />
		<Point X = "354" Y = "235" T = "0" Pressure = "0" />
		<Point X = "357" Y = "240" T = "0" Pressure = "0" />
		<Point X = "359" Y = "243" T = "0" Pressure = "0" />
		<Point X = "361" Y = "247" T = "0" Pressure = "0" />
		<Point X = "363" Y = "249" T = "0" Pressure = "0" />
		<Point X = "366" Y = "254" T = "0" Pressure = "0" />
		<Point X = "367" Y = "256" T = "0" Pressure = "0" />
		<Point X = "369" Y = "259" T = "0" Pressure = "0" />
		<Point X = "371" Y = "261" T = "0" Pressure = "0" />
		<Point X = "373" Y = "264" T = "0" Pressure = "0" />
		<Point X = "375" Y = "268" T = "0" Pressure = "0" />
		<Point X = "377" Y = "270" T = "0" Pressure = "0" />
		<Point X = "378" Y = "273" T = "0" Pressure = "0" />
		<Point X = "380" Y = "277" T = "0" Pressure = "0" />
		<Point X = "381" Y = "278" T = "0" Pressure = "0" />
		<Point X = "383" Y = "280" T = "0" Pressure = "0" />
		<Point X = "384" Y = "282" T = "0" Pressure = "0" />
		<Point X = "385" Y = "283" T = "0" Pressure = "0" />
		<Point X = "386" Y = "284" T = "0" Pressure = "0" />
		<Point X = "386" Y = "285" T = "0" Pressure = "0" />
		<Point X = "388" Y = "288" T = "0" Pressure = "0" />
		<Point X = "389" Y = "291" T = "0" Pressure = "0" />
		<Point X = "389" Y = "293" T = "0" Pressure = "0" />
		<Point X = "390" Y = "296" T = "0" Pressure = "0" />
		<Point X = "390" Y = "299" T = "0" Pressure = "0" />
		<Point X = "392" Y = "300" T = "0" Pressure = "0" />
		<Point X = "392" Y = "303" T = "0" Pressure = "0" />
		<Point X = "392" Y = "304" T = "0" Pressure = "0" />
		<Point X = "392" Y = "305" T = "0" Pressure = "0" />
		<Point X = "392" Y = "306" T = "0" Pressure = "0" />
		<Point X = "392" Y = "307" T = "0" Pressure = "0" />
		<Point X = "392" Y = "309" T = "0" Pressure = "0" />
		<Point X = "390" Y = "309" T = "0" Pressure = "0" />
		<Point X = "389" Y = "309" T = "0" Pressure = "0" />
		<Point X = "387" Y = "309" T = "0" Pressure = "0" />
		<Point X = "385" Y = "307" T = "0" Pressure = "0" />
		<Point X = "384" Y = "306" T = "0" Pressure = "0" />
		<Point X = "381" Y = "303" T = "0" Pressure = "0" />
		<Point X = "380" Y = "302" T = "0" Pressure = "0" />
		<Point X = "377" Y = "299" T = "0" Pressure = "0" />
		<Point X = "374" Y = "298" T = "0" Pressure = "0" />
		<Point X = "373" Y = "296" T = "0" Pressure = "0" />
		<Point X = "371" Y = "295" T = "0" Pressure = "0" />
		<Point X = "369" Y = "293" T = "0" Pressure = "0" />
		<Point X = "366" Y = "292" T = "0" Pressure = "0" />
		<Point X = "363" Y = "289" T = "0" Pressure = "0" />
		<Point X = "361" Y = "289" T = "0" Pressure = "0" />
		<Point X = "359" Y = "288" T = "0" Pressure = "0" />
		<Point X = "357" Y = "286" T = "0" Pressure = "0" />
		<Point X = "354" Y = "286" T = "0" Pressure = "0" />
		<Point X = "352" Y = "285" T = "0" Pressure = "0" />
		<Point X = "349" Y = "283" T = "0" Pressure = "0" />
		<Point X = "347" Y = "282" T = "0" Pressure = "0" />
		<Point X = "343" Y = "280" T = "0" Pressure = "0" />
		<Point X = "341" Y = "278" T = "0" Pressure = "0" />
		<Point X = "339" Y = "276" T = "0" Pressure = "0" />
		<Point X = "337" Y = "275" T = "0" Pressure = "0" />
		<Point X = "336" Y = "273" T = "0" Pressure = "0" />
		<Point X = "334" Y = "272" T = "0" Pressure = "0" />
		<Point X = "333" Y = "270" T = "0" Pressure = "0" />
		<Point X = "332" Y = "269" T = "0" Pressure = "0" />
		<Point X = "331" Y = "267" T = "0" Pressure = "0" />
		<Point X = "329" Y = "265" T = "0" Pressure = "0" />
		<Point X = "327" Y = "263" T = "0" Pressure = "0" />
		<Point X = "324" Y = "261" T = "0" Pressure = "0" />
		<Point X = "322" Y = "259" T = "0" Pressure = "0" />
		<Point X = "321" Y = "259" T = "0" Pressure = "0" />
		<Point X = "319" Y = "258" T = "0" Pressure = "0" />
		<Point X = "317" Y = "256" T = "0" Pressure = "0" />
		<Point X = "316" Y = "255" T = "0" Pressure = "0" />
		<Point X = "315" Y = "254" T = "0" Pressure = "0" />
		<Point X = "314" Y = "253" T = "0" Pressure = "0" />
		<Point X = "313" Y = "253" T = "0" Pressure = "0" />
		<Point X = "312" Y = "252" T = "0" Pressure = "0" />
		<Point X = "311" Y = "252" T = "0" Pressure = "0" />
		<Point X = "310" Y = "251" T = "0" Pressure = "0" />
		<Point X = "309" Y = "250" T = "0" Pressure = "0" />
		<Point X = "307" Y = "249" T = "0" Pressure = "0" />
		<Point X = "307" Y = "248" T = "0" Pressure = "0" />
		<Point X = "306" Y = "248" T = "0" Pressure = "0" />
		<Point X = "305" Y = "247" T = "0" Pressure = "0" />
		<Point X = "304" Y = "247" T = "0" Pressure = "0" />
		<Point X = "302" Y = "247" T = "0" Pressure = "0" />
		<Point X = "301" Y = "247" T = "0" Pressure = "0" />
		<Point X = "300" Y = "247" T = "0" Pressure = "0" />
		<Point X = "299" Y = "247" T = "0" Pressure = "0" />
		<Point X = "298" Y = "246" T = "0" Pressure = "0" />
		<Point X = "297" Y = "246" T = "0" Pressure = "0" />
		<Point X = "295" Y = "245" T = "0" Pressure = "0" />
		<Point X = "294" Y = "244" T = "0" Pressure = "0" />
		<Point X = "292" Y = "243" T = "0" Pressure = "0" />
		<Point X = "291" Y = "243" T = "0" Pressure = "0" />
		<Point X = "290" Y = "243" T = "0" Pressure = "0" />
		<Point X = "289" Y = "243" T = "0" Pressure = "0" />
		<Point X = "288" Y = "243" T = "0" Pressure = "0" />
		<Point X = "286" Y = "243" T = "0" Pressure = "0" />
		<Point X = "285" Y = "242" T = "0" Pressure = "0" />
		<Point X = "284" Y = "241" T = "0" Pressure = "0" />
		<Point X = "283" Y = "240" T = "0" Pressure = "0" />
		<Point X = "283" Y = "239" T = "0" Pressure = "0" />
		<Point X = "282" Y = "239" T = "0" Pressure = "0" />
		<Point X = "281" Y = "238" T = "0" Pressure = "0" />
		<Point X = "280" Y = "238" T = "0" Pressure = "0" />
		<Point X = "279" Y = "238" T = "0" Pressure = "0" />
		<Point X = "278" Y = "238" T = "0" Pressure = "0" />
		<Point X = "277" Y = "238" T = "0" Pressure = "0" />
	</Stroke>
</Gesture>
