<?xml version="1.0" encoding="utf-8" standalone="yes"?>
<Gesture Name = "star">
	<Stroke>
		<Point X = "53" Y = "230" T = "0" Pressure = "0" />
		<Point X = "55" Y = "229" T = "0" Pressure = "0" />
		<Point X = "59" Y = "229" T = "0" Pressure = "0" />
		<Point X = "63" Y = "229" T = "0" Pressure = "0" />
		<Point X = "67" Y = "228" T = "0" Pressure = "0" />
		<Point X = "71" Y = "228" T = "0" Pressure = "0" />
		<Point X = "76" Y = "228" T = "0" Pressure = "0" />
		<Point X = "80" Y = "228" T = "0" Pressure = "0" />
		<Point X = "85" Y = "228" T = "0" Pressure = "0" />
		<Point X = "91" Y = "228" T = "0" Pressure = "0" />
		<Point X = "99" Y = "228" T = "0" Pressure = "0" />
		<Point X = "106" Y = "228" T = "0" Pressure = "0" />
		<Point X = "116" Y = "232" T = "0" Pressure = "0" />
		<Point X = "124" Y = "233" T = "0" Pressure = "0" />
		<Point X = "133" Y = "234" T = "0" Pressure = "0" />
		<Point X = "141" Y = "236" T = "0" Pressure = "0" />
		<Point X = "147" Y = "236" T = "0" Pressure = "0" />
		<Point X = "150" Y = "236" T = "0" Pressure = "0" />
		<Point X = "151" Y = "236" T = "0" Pressure = "0" />
		<Point X = "152" Y = "236" T = "0" Pressure = "0" />
		<Point X = "153" Y = "236" T = "0" Pressure = "0" />
		<Point X = "154" Y = "236" T = "0" Pressure = "0" />
		<Point X = "158" Y = "236" T = "0" Pressure = "0" />
		<Point X = "163" Y = "236" T = "0" Pressure = "0" />
		<Point X = "168" Y = "236" T = "0" Pressure = "0" />
		<Point X = "175" Y = "236" T = "0" Pressure = "0" />
		<Point X = "182" Y = "236" T = "0" Pressure = "0" />
		<Point X = "190" Y = "237" T = "0" Pressure = "0" />
		<Point X = "196" Y = "238" T = "0" Pressure = "0" />
		<Point X = "199" Y = "238" T = "0" Pressure = "0" />
		<Point X = "200" Y = "238" T = "0" Pressure = "0" />
		<Point X = "201" Y = "238" T = "0" Pressure = "0" />
		<Point X = "202" Y = "238" T = "0" Pressure = "0" />
		<Point X = "203" Y = "238" T = "0" Pressure = "0" />
		<Point X = "204" Y = "238" T = "0" Pressure = "0" />
		<Point X = "203" Y = "239" T = "0" Pressure = "0" />
		<Point X = "200" Y = "241" T = "0" Pressure = "0" />
		<Point X = "193" Y = "245" T = "0" Pressure = "0" />
		<Point X = "189" Y = "247" T = "0" Pressure = "0" />
		<Point X = "183" Y = "251" T = "0" Pressure = "0" />
		<Point X = "177" Y = "254" T = "0" Pressure = "0" />
		<Point X = "172" Y = "259" T = "0" Pressure = "0" />
		<Point X = "165" Y = "263" T = "0" Pressure = "0" />
		<Point X = "159" Y = "267" T = "0" Pressure = "0" />
		<Point X = "157" Y = "270" T = "0" Pressure = "0" />
		<Point X = "155" Y = "270" T = "0" Pressure = "0" />
		<Point X = "152" Y = "271" T = "0" Pressure = "0" />
		<Point X = "151" Y = "272" T = "0" Pressure = "0" />
		<Point X = "149" Y = "272" T = "0" Pressure = "0" />
		<Point X = "147" Y = "273" T = "0" Pressure = "0" />
		<Point X = "145" Y = "275" T = "0" Pressure = "0" />
		<Point X = "144" Y = "275" T = "0" Pressure = "0" />
		<Point X = "141" Y = "278" T = "0" Pressure = "0" />
		<Point X = "139" Y = "279" T = "0" Pressure = "0" />
		<Point X = "136" Y = "281" T = "0" Pressure = "0" />
		<Point X = "133" Y = "283" T = "0" Pressure = "0" />
		<Point X = "129" Y = "286" T = "0" Pressure = "0" />
		<Point X = "127" Y = "287" T = "0" Pressure = "0" />
		<Point X = "123" Y = "289" T = "0" Pressure = "0" />
		<Point X = "121" Y = "290" T = "0" Pressure = "0" />
		<Point X = "120" Y = "291" T = "0" Pressure = "0" />
		<Point X = "118" Y = "291" T = "0" Pressure = "0" />
		<Point X = "116" Y = "292" T = "0" Pressure = "0" />
		<Point X = "115" Y = "293" T = "0" Pressure = "0" />
		<Point X = "114" Y = "293" T = "0" Pressure = "0" />
		<Point X = "113" Y = "294" T = "0" Pressure = "0" />
		<Point X = "112" Y = "295" T = "0" Pressure = "0" />
		<Point X = "109" Y = "296" T = "0" Pressure = "0" />
		<Point X = "109" Y = "297" T = "0" Pressure = "0" />
		<Point X = "107" Y = "298" T = "0" Pressure = "0" />
		<Point X = "105" Y = "299" T = "0" Pressure = "0" />
		<Point X = "105" Y = "300" T = "0" Pressure = "0" />
		<Point X = "103" Y = "300" T = "0" Pressure = "0" />
		<Point X = "103" Y = "301" T = "0" Pressure = "0" />
		<Point X = "100" Y = "302" T = "0" Pressure = "0" />
		<Point X = "99" Y = "303" T = "0" Pressure = "0" />
		<Point X = "97" Y = "304" T = "0" Pressure = "0" />
		<Point X = "96" Y = "305" T = "0" Pressure = "0" />
		<Point X = "94" Y = "306" T = "0" Pressure = "0" />
		<Point X = "93" Y = "307" T = "0" Pressure = "0" />
		<Point X = "92" Y = "308" T = "0" Pressure = "0" />
		<Point X = "91" Y = "308" T = "0" Pressure = "0" />
		<Point X = "90" Y = "309" T = "0" Pressure = "0" />
		<Point X = "89" Y = "310" T = "0" Pressure = "0" />
		<Point X = "88" Y = "310" T = "0" Pressure = "0" />
		<Point X = "87" Y = "310" T = "0" Pressure = "0" />
		<Point X = "86" Y = "311" T = "0" Pressure = "0" />
		<Point X = "84" Y = "312" T = "0" Pressure = "0" />
		<Point X = "83" Y = "313" T = "0" Pressure = "0" />
		<Point X = "81" Y = "314" T = "0" Pressure = "0" />
		<Point X = "80" Y = "314" T = "0" Pressure = "0" />
		<Point X = "81" Y = "312" T = "0" Pressure = "0" />
		<Point X = "84" Y = "307" T = "0" Pressure = "0" />
		<Point X = "85" Y = "305" T = "0" Pressure = "0" />
		<Point X = "87" Y = "301" T = "0" Pressure = "0" />
		<Point X = "90" Y = "295" T = "0" Pressure = "0" />
		<Point X = "91" Y = "290" T = "0" Pressure = "0" />
		<Point X = "94" Y = "285" T = "0" Pressure = "0" />
		<Point X = "99" Y = "278" T = "0" Pressure = "0" />
		<Point X = "102" Y = "272" T = "0" Pressure = "0" />
		<Point X = "107" Y = "267" T = "0" Pressure = "0" />
		<Point X = "112" Y = "260" T = "0" Pressure = "0" />
		<Point X = "117" Y = "255" T = "0" Pressure = "0" />
		<Point X = "122" Y = "249" T = "0" Pressure = "0" />
		<Point X = "126" Y = "244" T = "0" Pressure = "0" />
		<Point X = "130" Y = "239" T = "0" Pressure = "0" />
		<Point X = "132" Y = "235" T = "0" Pressure = "0" />
		<Point X = "133" Y = "233" T = "0" Pressure = "0" />
		<Point X = "134" Y = "231" T = "0" Pressure = "0" />
		<Point X = "135" Y = "229" T = "0" Pressure = "0" />
		<Point X = "135" Y = "227" T = "0" Pressure = "0" />
		<Point X = "136" Y = "225" T = "0" Pressure = "0" />
		<Point X = "136" Y = "224" T = "0" Pressure = "0" />
		<Point X = "136" Y = "221" T = "0" Pressure = "0" />
		<Point X = "137" Y = "220" T = "0" Pressure = "0" />
		<Point X = "137" Y = "217" T = "0" Pressure = "0" />
		<Point X = "138" Y = "216" T = "0" Pressure = "0" />
		<Point X = "138" Y = "213" T = "0" Pressure = "0" />
		<Point X = "139" Y = "210" T = "0" Pressure = "0" />
		<Point X = "141" Y = "206" T = "0" Pressure = "0" />
		<Point X = "141" Y = "203" T = "0" Pressure = "0" />
		<Point X = "142" Y = "200" T = "0" Pressure = "0" />
		<Point X = "142" Y = "198" T = "0" Pressure = "0" />
		<Point X = "142" Y = "195" T = "0" Pressure = "0" />
		<Point X = "143" Y = "192" T = "0" Pressure = "0" />
		<Point X = "145" Y = "188" T = "0" Pressure = "0" />
		<Point X = "145" Y = "186" T = "0" Pressure = "0" />
		<Point X = "145" Y = "185" T = "0" Pressure = "0" />
		<Point X = "146" Y = "183" T = "0" Pressure = "0" />
		<Point X = "146" Y = "182" T = "0" Pressure = "0" />
		<Point X = "147" Y = "182" T = "0" Pressure = "0" />
		<Point X = "148" Y = "182" T = "0" Pressure = "0" />
		<Point X = "148" Y = "185" T = "0" Pressure = "0" />
		<Point X = "148" Y = "189" T = "0" Pressure = "0" />
		<Point X = "149" Y = "191" T = "0" Pressure = "0" />
		<Point X = "150" Y = "196" T = "0" Pressure = "0" />
		<Point X = "150" Y = "202" T = "0" Pressure = "0" />
		<Point X = "151" Y = "209" T = "0" Pressure = "0" />
		<Point X = "151" Y = "214" T = "0" Pressure = "0" />
		<Point X = "153" Y = "222" T = "0" Pressure = "0" />
		<Point X = "154" Y = "229" T = "0" Pressure = "0" />
		<Point X = "155" Y = "234" T = "0" Pressure = "0" />
		<Point X = "156" Y = "241" T = "0" Pressure = "0" />
		<Point X = "159" Y = "247" T = "0" Pressure = "0" />
		<Point X = "160" Y = "252" T = "0" Pressure = "0" />
		<Point X = "160" Y = "255" T = "0" Pressure = "0" />
		<Point X = "162" Y = "260" T = "0" Pressure = "0" />
		<Point X = "163" Y = "265" T = "0" Pressure = "0" />
		<Point X = "165" Y = "271" T = "0" Pressure = "0" />
		<Point X = "167" Y = "275" T = "0" Pressure = "0" />
		<Point X = "169" Y = "282" T = "0" Pressure = "0" />
		<Point X = "169" Y = "287" T = "0" Pressure = "0" />
		<Point X = "170" Y = "293" T = "0" Pressure = "0" />
		<Point X = "172" Y = "300" T = "0" Pressure = "0" />
		<Point X = "173" Y = "304" T = "0" Pressure = "0" />
		<Point X = "174" Y = "307" T = "0" Pressure = "0" />
		<Point X = "174" Y = "308" T = "0" Pressure = "0" />
		<Point X = "177" Y = "313" T = "0" Pressure = "0" />
		<Point X = "178" Y = "314" T = "0" Pressure = "0" />
		<Point X = "178" Y = "315" T = "0" Pressure = "0" />
		<Point X = "178" Y = "316" T = "0" Pressure = "0" />
		<Point X = "180" Y = "317" T = "0" Pressure = "0" />
		<Point X = "180" Y = "318" T = "0" Pressure = "0" />
		<Point X = "180" Y = "319" T = "0" Pressure = "0" />
		<Point X = "179" Y = "319" T = "0" Pressure = "0" />
		<Point X = "178" Y = "319" T = "0" Pressure = "0" />
		<Point X = "176" Y = "319" T = "0" Pressure = "0" />
		<Point X = "174" Y = "318" T = "0" Pressure = "0" />
		<Point X = "172" Y = "316" T = "0" Pressure = "0" />
		<Point X = "169" Y = "313" T = "0" Pressure = "0" />
		<Point X = "164" Y = "309" T = "0" Pressure = "0" />
		<Point X = "156" Y = "304" T = "0" Pressure = "0" />
		<Point X = "149" Y = "298" T = "0" Pressure = "0" />
		<Point X = "142" Y = "293" T = "0" Pressure = "0" />
		<Point X = "136" Y = "287" T = "0" Pressure = "0" />
		<Point X = "131" Y = "283" T = "0" Pressure = "0" />
		<Point X = "128" Y = "279" T = "0" Pressure = "0" />
		<Point X = "127" Y = "276" T = "0" Pressure = "0" />
		<Point X = "126" Y = "274" T = "0" Pressure = "0" />
		<Point X = "124" Y = "271" T = "0" Pressure = "0" />
		<Point X = "123" Y = "268" T = "0" Pressure = "0" />
		<Point X = "120" Y = "264" T = "0" Pressure = "0" />
		<Point X = "119" Y = "263" T = "0" Pressure = "0" />
		<Point X = "115" Y = "259" T = "0" Pressure = "0" />
		<Point X = "114" Y = "258" T = "0" Pressure = "0" />
		<Point X = "112" Y = "257" T = "0" Pressure = "0" />
		<Point X = "111" Y = "256" T = "0" Pressure = "0" />
		<Point X = "110" Y = "255" T = "0" Pressure = "0" />
		<Point X = "109" Y = "254" T = "0" Pressure = "0" />
		<Point X = "108" Y = "251" T = "0" Pressure = "0" />
		<Point X = "107" Y = "251" T = "0" Pressure = "0" />
		<Point X = "104" Y = "248" T = "0" Pressure = "0" />
		<Point X = "102" Y = "246" T = "0" Pressure = "0" />
		<Point X = "99" Y = "244" T = "0" Pressure = "0" />
		<Point X = "97" Y = "242" T = "0" Pressure = "0" />
		<Point X = "95" Y = "241" T = "0" Pressure = "0" />
		<Point X = "93" Y = "240" T = "0" Pressure = "0" />
		<Point X = "91" Y = "239" T = "0" Pressure = "0" />
		<Point X = "90" Y = "239" T = "0" Pressure = "0" />
		<Point X = "89" Y = "238" T = "0" Pressure = "0" />
		<Point X = "87" Y = "236" T = "0" Pressure = "0" />
		<Point X = "84" Y = "235" T = "0" Pressure = "0" />
		<Point X = "82" Y = "234" T = "0" Pressure = "0" />
		<Point X = "79" Y = "233" T = "0" Pressure = "0" />
		<Point X = "76" Y = "232" T = "0" Pressure = "0" />
		<Point X = "73" Y = "232" T = "0" Pressure = "0" />
		<Point X = "71" Y = "231" T = "0" Pressure = "0" />
		<Point X = "70" Y = "231" T = "0" Pressure = "0" />
		<Point X = "70" Y = "230" T = "0" Pressure = "0" />
		<Point X = "69" Y = "229" T = "0" Pressure = "0" />
		<Point X = "69" Y = "228" T = "0" Pressure = "0" />
		<Point X = "69" Y = "226" T = "0" Pressure = "0" />
		<Point X = "69" Y = "225" T = "0" Pressure = "0" />
		<Point X = "68" Y = "224" T = "0" Pressure = "0" />
		<Point X = "68" Y = "223" T = "0" Pressure = "0" />
	</Stroke>
</Gesture>
