<?xml version="1.0" encoding="utf-8" standalone="yes"?>
<Gesture Name = "star">
	<Stroke>
		<Point X = "120" Y = "194" T = "0" Pressure = "0" />
		<Point X = "122" Y = "193" T = "0" Pressure = "0" />
		<Point X = "123" Y = "193" T = "0" Pressure = "0" />
		<Point X = "127" Y = "193" T = "0" Pressure = "0" />
		<Point X = "134" Y = "193" T = "0" Pressure = "0" />
		<Point X = "143" Y = "193" T = "0" Pressure = "0" />
		<Point X = "152" Y = "193" T = "0" Pressure = "0" />
		<Point X = "159" Y = "193" T = "0" Pressure = "0" />
		<Point X = "167" Y = "193" T = "0" Pressure = "0" />
		<Point X = "174" Y = "193" T = "0" Pressure = "0" />
		<Point X = "181" Y = "193" T = "0" Pressure = "0" />
		<Point X = "189" Y = "193" T = "0" Pressure = "0" />
		<Point X = "198" Y = "193" T = "0" Pressure = "0" />
		<Point X = "205" Y = "193" T = "0" Pressure = "0" />
		<Point X = "213" Y = "193" T = "0" Pressure = "0" />
		<Point X = "220" Y = "193" T = "0" Pressure = "0" />
		<Point X = "225" Y = "193" T = "0" Pressure = "0" />
		<Point X = "229" Y = "193" T = "0" Pressure = "0" />
		<Point X = "232" Y = "193" T = "0" Pressure = "0" />
		<Point X = "234" Y = "193" T = "0" Pressure = "0" />
		<Point X = "235" Y = "193" T = "0" Pressure = "0" />
		<Point X = "237" Y = "193" T = "0" Pressure = "0" />
		<Point X = "239" Y = "192" T = "0" Pressure = "0" />
		<Point X = "241" Y = "192" T = "0" Pressure = "0" />
		<Point X = "242" Y = "192" T = "0" Pressure = "0" />
		<Point X = "245" Y = "192" T = "0" Pressure = "0" />
		<Point X = "246" Y = "192" T = "0" Pressure = "0" />
		<Point X = "248" Y = "191" T = "0" Pressure = "0" />
		<Point X = "249" Y = "191" T = "0" Pressure = "0" />
		<Point X = "250" Y = "191" T = "0" Pressure = "0" />
		<Point X = "250" Y = "192" T = "0" Pressure = "0" />
		<Point X = "249" Y = "196" T = "0" Pressure = "0" />
		<Point X = "248" Y = "200" T = "0" Pressure = "0" />
		<Point X = "246" Y = "203" T = "0" Pressure = "0" />
		<Point X = "243" Y = "208" T = "0" Pressure = "0" />
		<Point X = "239" Y = "212" T = "0" Pressure = "0" />
		<Point X = "238" Y = "214" T = "0" Pressure = "0" />
		<Point X = "235" Y = "218" T = "0" Pressure = "0" />
		<Point X = "230" Y = "223" T = "0" Pressure = "0" />
		<Point X = "229" Y = "225" T = "0" Pressure = "0" />
		<Point X = "226" Y = "227" T = "0" Pressure = "0" />
		<Point X = "224" Y = "229" T = "0" Pressure = "0" />
		<Point X = "222" Y = "230" T = "0" Pressure = "0" />
		<Point X = "220" Y = "232" T = "0" Pressure = "0" />
		<Point X = "217" Y = "234" T = "0" Pressure = "0" />
		<Point X = "215" Y = "235" T = "0" Pressure = "0" />
		<Point X = "213" Y = "236" T = "0" Pressure = "0" />
		<Point X = "210" Y = "239" T = "0" Pressure = "0" />
		<Point X = "206" Y = "241" T = "0" Pressure = "0" />
		<Point X = "203" Y = "244" T = "0" Pressure = "0" />
		<Point X = "198" Y = "248" T = "0" Pressure = "0" />
		<Point X = "194" Y = "250" T = "0" Pressure = "0" />
		<Point X = "189" Y = "255" T = "0" Pressure = "0" />
		<Point X = "184" Y = "259" T = "0" Pressure = "0" />
		<Point X = "181" Y = "263" T = "0" Pressure = "0" />
		<Point X = "177" Y = "266" T = "0" Pressure = "0" />
		<Point X = "176" Y = "268" T = "0" Pressure = "0" />
		<Point X = "173" Y = "270" T = "0" Pressure = "0" />
		<Point X = "173" Y = "271" T = "0" Pressure = "0" />
		<Point X = "171" Y = "272" T = "0" Pressure = "0" />
		<Point X = "169" Y = "274" T = "0" Pressure = "0" />
		<Point X = "167" Y = "276" T = "0" Pressure = "0" />
		<Point X = "164" Y = "278" T = "0" Pressure = "0" />
		<Point X = "162" Y = "280" T = "0" Pressure = "0" />
		<Point X = "160" Y = "282" T = "0" Pressure = "0" />
		<Point X = "156" Y = "286" T = "0" Pressure = "0" />
		<Point X = "154" Y = "288" T = "0" Pressure = "0" />
		<Point X = "149" Y = "293" T = "0" Pressure = "0" />
		<Point X = "147" Y = "296" T = "0" Pressure = "0" />
		<Point X = "145" Y = "298" T = "0" Pressure = "0" />
		<Point X = "144" Y = "299" T = "0" Pressure = "0" />
		<Point X = "143" Y = "300" T = "0" Pressure = "0" />
		<Point X = "142" Y = "300" T = "0" Pressure = "0" />
		<Point X = "142" Y = "299" T = "0" Pressure = "0" />
		<Point X = "142" Y = "294" T = "0" Pressure = "0" />
		<Point X = "143" Y = "289" T = "0" Pressure = "0" />
		<Point X = "144" Y = "284" T = "0" Pressure = "0" />
		<Point X = "144" Y = "279" T = "0" Pressure = "0" />
		<Point X = "147" Y = "272" T = "0" Pressure = "0" />
		<Point X = "149" Y = "265" T = "0" Pressure = "0" />
		<Point X = "154" Y = "257" T = "0" Pressure = "0" />
		<Point X = "158" Y = "247" T = "0" Pressure = "0" />
		<Point X = "160" Y = "240" T = "0" Pressure = "0" />
		<Point X = "164" Y = "232" T = "0" Pressure = "0" />
		<Point X = "168" Y = "224" T = "0" Pressure = "0" />
		<Point X = "170" Y = "218" T = "0" Pressure = "0" />
		<Point X = "173" Y = "212" T = "0" Pressure = "0" />
		<Point X = "173" Y = "207" T = "0" Pressure = "0" />
		<Point X = "173" Y = "202" T = "0" Pressure = "0" />
		<Point X = "174" Y = "198" T = "0" Pressure = "0" />
		<Point X = "174" Y = "194" T = "0" Pressure = "0" />
		<Point X = "174" Y = "189" T = "0" Pressure = "0" />
		<Point X = "174" Y = "186" T = "0" Pressure = "0" />
		<Point X = "174" Y = "183" T = "0" Pressure = "0" />
		<Point X = "174" Y = "180" T = "0" Pressure = "0" />
		<Point X = "174" Y = "178" T = "0" Pressure = "0" />
		<Point X = "174" Y = "176" T = "0" Pressure = "0" />
		<Point X = "174" Y = "175" T = "0" Pressure = "0" />
		<Point X = "175" Y = "172" T = "0" Pressure = "0" />
		<Point X = "175" Y = "171" T = "0" Pressure = "0" />
		<Point X = "177" Y = "166" T = "0" Pressure = "0" />
		<Point X = "177" Y = "164" T = "0" Pressure = "0" />
		<Point X = "177" Y = "161" T = "0" Pressure = "0" />
		<Point X = "178" Y = "156" T = "0" Pressure = "0" />
		<Point X = "178" Y = "155" T = "0" Pressure = "0" />
		<Point X = "178" Y = "153" T = "0" Pressure = "0" />
		<Point X = "178" Y = "151" T = "0" Pressure = "0" />
		<Point X = "178" Y = "149" T = "0" Pressure = "0" />
		<Point X = "179" Y = "148" T = "0" Pressure = "0" />
		<Point X = "179" Y = "149" T = "0" Pressure = "0" />
		<Point X = "179" Y = "151" T = "0" Pressure = "0" />
		<Point X = "181" Y = "155" T = "0" Pressure = "0" />
		<Point X = "183" Y = "160" T = "0" Pressure = "0" />
		<Point X = "186" Y = "166" T = "0" Pressure = "0" />
		<Point X = "189" Y = "173" T = "0" Pressure = "0" />
		<Point X = "191" Y = "181" T = "0" Pressure = "0" />
		<Point X = "192" Y = "186" T = "0" Pressure = "0" />
		<Point X = "194" Y = "192" T = "0" Pressure = "0" />
		<Point X = "197" Y = "201" T = "0" Pressure = "0" />
		<Point X = "199" Y = "208" T = "0" Pressure = "0" />
		<Point X = "202" Y = "217" T = "0" Pressure = "0" />
		<Point X = "207" Y = "225" T = "0" Pressure = "0" />
		<Point X = "210" Y = "234" T = "0" Pressure = "0" />
		<Point X = "213" Y = "239" T = "0" Pressure = "0" />
		<Point X = "215" Y = "245" T = "0" Pressure = "0" />
		<Point X = "216" Y = "248" T = "0" Pressure = "0" />
		<Point X = "217" Y = "251" T = "0" Pressure = "0" />
		<Point X = "218" Y = "253" T = "0" Pressure = "0" />
		<Point X = "219" Y = "255" T = "0" Pressure = "0" />
		<Point X = "220" Y = "257" T = "0" Pressure = "0" />
		<Point X = "222" Y = "259" T = "0" Pressure = "0" />
		<Point X = "222" Y = "260" T = "0" Pressure = "0" />
		<Point X = "224" Y = "262" T = "0" Pressure = "0" />
		<Point X = "225" Y = "264" T = "0" Pressure = "0" />
		<Point X = "226" Y = "266" T = "0" Pressure = "0" />
		<Point X = "227" Y = "267" T = "0" Pressure = "0" />
		<Point X = "228" Y = "270" T = "0" Pressure = "0" />
		<Point X = "229" Y = "271" T = "0" Pressure = "0" />
		<Point X = "229" Y = "272" T = "0" Pressure = "0" />
		<Point X = "230" Y = "274" T = "0" Pressure = "0" />
		<Point X = "230" Y = "276" T = "0" Pressure = "0" />
		<Point X = "231" Y = "277" T = "0" Pressure = "0" />
		<Point X = "232" Y = "279" T = "0" Pressure = "0" />
		<Point X = "233" Y = "282" T = "0" Pressure = "0" />
		<Point X = "233" Y = "284" T = "0" Pressure = "0" />
		<Point X = "232" Y = "285" T = "0" Pressure = "0" />
		<Point X = "231" Y = "285" T = "0" Pressure = "0" />
		<Point X = "230" Y = "285" T = "0" Pressure = "0" />
		<Point X = "228" Y = "285" T = "0" Pressure = "0" />
		<Point X = "224" Y = "283" T = "0" Pressure = "0" />
		<Point X = "220" Y = "280" T = "0" Pressure = "0" />
		<Point X = "217" Y = "278" T = "0" Pressure = "0" />
		<Point X = "212" Y = "274" T = "0" Pressure = "0" />
		<Point X = "207" Y = "270" T = "0" Pressure = "0" />
		<Point X = "202" Y = "265" T = "0" Pressure = "0" />
		<Point X = "196" Y = "261" T = "0" Pressure = "0" />
		<Point X = "188" Y = "256" T = "0" Pressure = "0" />
		<Point X = "183" Y = "253" T = "0" Pressure = "0" />
		<Point X = "179" Y = "249" T = "0" Pressure = "0" />
		<Point X = "176" Y = "245" T = "0" Pressure = "0" />
		<Point X = "173" Y = "244" T = "0" Pressure = "0" />
		<Point X = "172" Y = "242" T = "0" Pressure = "0" />
		<Point X = "171" Y = "240" T = "0" Pressure = "0" />
		<Point X = "170" Y = "239" T = "0" Pressure = "0" />
		<Point X = "169" Y = "237" T = "0" Pressure = "0" />
		<Point X = "168" Y = "236" T = "0" Pressure = "0" />
		<Point X = "166" Y = "233" T = "0" Pressure = "0" />
		<Point X = "165" Y = "232" T = "0" Pressure = "0" />
		<Point X = "164" Y = "231" T = "0" Pressure = "0" />
		<Point X = "163" Y = "230" T = "0" Pressure = "0" />
		<Point X = "161" Y = "227" T = "0" Pressure = "0" />
		<Point X = "158" Y = "224" T = "0" Pressure = "0" />
		<Point X = "156" Y = "223" T = "0" Pressure = "0" />
		<Point X = "152" Y = "219" T = "0" Pressure = "0" />
		<Point X = "149" Y = "218" T = "0" Pressure = "0" />
		<Point X = "147" Y = "216" T = "0" Pressure = "0" />
		<Point X = "146" Y = "215" T = "0" Pressure = "0" />
		<Point X = "143" Y = "212" T = "0" Pressure = "0" />
		<Point X = "142" Y = "211" T = "0" Pressure = "0" />
		<Point X = "141" Y = "210" T = "0" Pressure = "0" />
		<Point X = "139" Y = "208" T = "0" Pressure = "0" />
		<Point X = "137" Y = "206" T = "0" Pressure = "0" />
		<Point X = "137" Y = "205" T = "0" Pressure = "0" />
		<Point X = "135" Y = "204" T = "0" Pressure = "0" />
		<Point X = "134" Y = "203" T = "0" Pressure = "0" />
		<Point X = "133" Y = "202" T = "0" Pressure = "0" />
		<Point X = "131" Y = "202" T = "0" Pressure = "0" />
		<Point X = "130" Y = "201" T = "0" Pressure = "0" />
		<Point X = "128" Y = "200" T = "0" Pressure = "0" />
		<Point X = "127" Y = "199" T = "0" Pressure = "0" />
		<Point X = "125" Y = "198" T = "0" Pressure = "0" />
		<Point X = "124" Y = "197" T = "0" Pressure = "0" />
		<Point X = "124" Y = "196" T = "0" Pressure = "0" />
		<Point X = "123" Y = "196" T = "0" Pressure = "0" />
		<Point X = "123" Y = "195" T = "0" Pressure = "0" />
		<Point X = "123" Y = "193" T = "0" Pressure = "0" />
		<Point X = "122" Y = "192" T = "0" Pressure = "0" />
		<Point X = "122" Y = "191" T = "0" Pressure = "0" />
		<Point X = "121" Y = "191" T = "0" Pressure = "0" />
		<Point X = "120" Y = "191" T = "0" Pressure = "0" />
		<Point X = "119" Y = "191" T = "0" Pressure = "0" />
	</Stroke>
</Gesture>
