<?xml version="1.0" encoding="utf-8" standalone="yes"?>
<Gesture Name = "star">
	<Stroke>
		<Point X = "227" Y = "111" T = "0" Pressure = "0" />
		<Point X = "231" Y = "111" T = "0" Pressure = "0" />
		<Point X = "234" Y = "111" T = "0" Pressure = "0" />
		<Point X = "238" Y = "111" T = "0" Pressure = "0" />
		<Point X = "243" Y = "111" T = "0" Pressure = "0" />
		<Point X = "246" Y = "111" T = "0" Pressure = "0" />
		<Point X = "250" Y = "111" T = "0" Pressure = "0" />
		<Point X = "254" Y = "111" T = "0" Pressure = "0" />
		<Point X = "256" Y = "111" T = "0" Pressure = "0" />
		<Point X = "262" Y = "111" T = "0" Pressure = "0" />
		<Point X = "269" Y = "111" T = "0" Pressure = "0" />
		<Point X = "278" Y = "111" T = "0" Pressure = "0" />
		<Point X = "284" Y = "111" T = "0" Pressure = "0" />
		<Point X = "294" Y = "112" T = "0" Pressure = "0" />
		<Point X = "304" Y = "114" T = "0" Pressure = "0" />
		<Point X = "310" Y = "115" T = "0" Pressure = "0" />
		<Point X = "317" Y = "116" T = "0" Pressure = "0" />
		<Point X = "321" Y = "116" T = "0" Pressure = "0" />
		<Point X = "325" Y = "117" T = "0" Pressure = "0" />
		<Point X = "330" Y = "117" T = "0" Pressure = "0" />
		<Point X = "334" Y = "117" T = "0" Pressure = "0" />
		<Point X = "337" Y = "117" T = "0" Pressure = "0" />
		<Point X = "340" Y = "117" T = "0" Pressure = "0" />
		<Point X = "343" Y = "117" T = "0" Pressure = "0" />
		<Point X = "344" Y = "117" T = "0" Pressure = "0" />
		<Point X = "345" Y = "117" T = "0" Pressure = "0" />
		<Point X = "346" Y = "117" T = "0" Pressure = "0" />
		<Point X = "346" Y = "118" T = "0" Pressure = "0" />
		<Point X = "344" Y = "120" T = "0" Pressure = "0" />
		<Point X = "340" Y = "120" T = "0" Pressure = "0" />
		<Point X = "335" Y = "124" T = "0" Pressure = "0" />
		<Point X = "329" Y = "127" T = "0" Pressure = "0" />
		<Point X = "319" Y = "131" T = "0" Pressure = "0" />
		<Point X = "309" Y = "135" T = "0" Pressure = "0" />
		<Point X = "302" Y = "140" T = "0" Pressure = "0" />
		<Point X = "295" Y = "145" T = "0" Pressure = "0" />
		<Point X = "291" Y = "149" T = "0" Pressure = "0" />
		<Point X = "286" Y = "152" T = "0" Pressure = "0" />
		<Point X = "282" Y = "156" T = "0" Pressure = "0" />
		<Point X = "277" Y = "160" T = "0" Pressure = "0" />
		<Point X = "275" Y = "162" T = "0" Pressure = "0" />
		<Point X = "273" Y = "165" T = "0" Pressure = "0" />
		<Point X = "272" Y = "167" T = "0" Pressure = "0" />
		<Point X = "271" Y = "167" T = "0" Pressure = "0" />
		<Point X = "271" Y = "168" T = "0" Pressure = "0" />
		<Point X = "269" Y = "169" T = "0" Pressure = "0" />
		<Point X = "267" Y = "171" T = "0" Pressure = "0" />
		<Point X = "266" Y = "172" T = "0" Pressure = "0" />
		<Point X = "264" Y = "174" T = "0" Pressure = "0" />
		<Point X = "263" Y = "174" T = "0" Pressure = "0" />
		<Point X = "260" Y = "175" T = "0" Pressure = "0" />
		<Point X = "255" Y = "177" T = "0" Pressure = "0" />
		<Point X = "254" Y = "178" T = "0" Pressure = "0" />
		<Point X = "250" Y = "179" T = "0" Pressure = "0" />
		<Point X = "248" Y = "181" T = "0" Pressure = "0" />
		<Point X = "246" Y = "182" T = "0" Pressure = "0" />
		<Point X = "245" Y = "182" T = "0" Pressure = "0" />
		<Point X = "243" Y = "183" T = "0" Pressure = "0" />
		<Point X = "243" Y = "181" T = "0" Pressure = "0" />
		<Point X = "243" Y = "178" T = "0" Pressure = "0" />
		<Point X = "243" Y = "175" T = "0" Pressure = "0" />
		<Point X = "243" Y = "173" T = "0" Pressure = "0" />
		<Point X = "244" Y = "170" T = "0" Pressure = "0" />
		<Point X = "246" Y = "165" T = "0" Pressure = "0" />
		<Point X = "248" Y = "160" T = "0" Pressure = "0" />
		<Point X = "249" Y = "158" T = "0" Pressure = "0" />
		<Point X = "253" Y = "154" T = "0" Pressure = "0" />
		<Point X = "255" Y = "150" T = "0" Pressure = "0" />
		<Point X = "258" Y = "148" T = "0" Pressure = "0" />
		<Point X = "261" Y = "144" T = "0" Pressure = "0" />
		<Point X = "262" Y = "143" T = "0" Pressure = "0" />
		<Point X = "263" Y = "139" T = "0" Pressure = "0" />
		<Point X = "265" Y = "136" T = "0" Pressure = "0" />
		<Point X = "265" Y = "132" T = "0" Pressure = "0" />
		<Point X = "265" Y = "129" T = "0" Pressure = "0" />
		<Point X = "265" Y = "125" T = "0" Pressure = "0" />
		<Point X = "265" Y = "122" T = "0" Pressure = "0" />
		<Point X = "265" Y = "119" T = "0" Pressure = "0" />
		<Point X = "265" Y = "117" T = "0" Pressure = "0" />
		<Point X = "265" Y = "116" T = "0" Pressure = "0" />
		<Point X = "265" Y = "113" T = "0" Pressure = "0" />
		<Point X = "265" Y = "112" T = "0" Pressure = "0" />
		<Point X = "266" Y = "109" T = "0" Pressure = "0" />
		<Point X = "267" Y = "108" T = "0" Pressure = "0" />
		<Point X = "268" Y = "105" T = "0" Pressure = "0" />
		<Point X = "269" Y = "103" T = "0" Pressure = "0" />
		<Point X = "270" Y = "100" T = "0" Pressure = "0" />
		<Point X = "271" Y = "97" T = "0" Pressure = "0" />
		<Point X = "272" Y = "95" T = "0" Pressure = "0" />
		<Point X = "273" Y = "93" T = "0" Pressure = "0" />
		<Point X = "274" Y = "90" T = "0" Pressure = "0" />
		<Point X = "274" Y = "87" T = "0" Pressure = "0" />
		<Point X = "274" Y = "86" T = "0" Pressure = "0" />
		<Point X = "275" Y = "82" T = "0" Pressure = "0" />
		<Point X = "276" Y = "81" T = "0" Pressure = "0" />
		<Point X = "277" Y = "78" T = "0" Pressure = "0" />
		<Point X = "277" Y = "75" T = "0" Pressure = "0" />
		<Point X = "278" Y = "74" T = "0" Pressure = "0" />
		<Point X = "281" Y = "71" T = "0" Pressure = "0" />
		<Point X = "281" Y = "68" T = "0" Pressure = "0" />
		<Point X = "282" Y = "67" T = "0" Pressure = "0" />
		<Point X = "284" Y = "65" T = "0" Pressure = "0" />
		<Point X = "284" Y = "64" T = "0" Pressure = "0" />
		<Point X = "285" Y = "63" T = "0" Pressure = "0" />
		<Point X = "285" Y = "62" T = "0" Pressure = "0" />
		<Point X = "286" Y = "62" T = "0" Pressure = "0" />
		<Point X = "287" Y = "62" T = "0" Pressure = "0" />
		<Point X = "287" Y = "63" T = "0" Pressure = "0" />
		<Point X = "288" Y = "65" T = "0" Pressure = "0" />
		<Point X = "288" Y = "67" T = "0" Pressure = "0" />
		<Point X = "289" Y = "69" T = "0" Pressure = "0" />
		<Point X = "291" Y = "71" T = "0" Pressure = "0" />
		<Point X = "292" Y = "74" T = "0" Pressure = "0" />
		<Point X = "293" Y = "78" T = "0" Pressure = "0" />
		<Point X = "295" Y = "82" T = "0" Pressure = "0" />
		<Point X = "296" Y = "88" T = "0" Pressure = "0" />
		<Point X = "300" Y = "95" T = "0" Pressure = "0" />
		<Point X = "300" Y = "100" T = "0" Pressure = "0" />
		<Point X = "301" Y = "104" T = "0" Pressure = "0" />
		<Point X = "304" Y = "112" T = "0" Pressure = "0" />
		<Point X = "305" Y = "116" T = "0" Pressure = "0" />
		<Point X = "306" Y = "122" T = "0" Pressure = "0" />
		<Point X = "307" Y = "126" T = "0" Pressure = "0" />
		<Point X = "310" Y = "131" T = "0" Pressure = "0" />
		<Point X = "310" Y = "135" T = "0" Pressure = "0" />
		<Point X = "311" Y = "140" T = "0" Pressure = "0" />
		<Point X = "312" Y = "145" T = "0" Pressure = "0" />
		<Point X = "314" Y = "150" T = "0" Pressure = "0" />
		<Point X = "314" Y = "154" T = "0" Pressure = "0" />
		<Point X = "315" Y = "157" T = "0" Pressure = "0" />
		<Point X = "315" Y = "161" T = "0" Pressure = "0" />
		<Point X = "315" Y = "162" T = "0" Pressure = "0" />
		<Point X = "315" Y = "165" T = "0" Pressure = "0" />
		<Point X = "316" Y = "166" T = "0" Pressure = "0" />
		<Point X = "317" Y = "169" T = "0" Pressure = "0" />
		<Point X = "317" Y = "170" T = "0" Pressure = "0" />
		<Point X = "317" Y = "171" T = "0" Pressure = "0" />
		<Point X = "318" Y = "172" T = "0" Pressure = "0" />
		<Point X = "318" Y = "173" T = "0" Pressure = "0" />
		<Point X = "319" Y = "176" T = "0" Pressure = "0" />
		<Point X = "319" Y = "177" T = "0" Pressure = "0" />
		<Point X = "319" Y = "179" T = "0" Pressure = "0" />
		<Point X = "319" Y = "180" T = "0" Pressure = "0" />
		<Point X = "319" Y = "181" T = "0" Pressure = "0" />
		<Point X = "319" Y = "182" T = "0" Pressure = "0" />
		<Point X = "318" Y = "182" T = "0" Pressure = "0" />
		<Point X = "317" Y = "182" T = "0" Pressure = "0" />
		<Point X = "315" Y = "182" T = "0" Pressure = "0" />
		<Point X = "314" Y = "182" T = "0" Pressure = "0" />
		<Point X = "311" Y = "182" T = "0" Pressure = "0" />
		<Point X = "308" Y = "181" T = "0" Pressure = "0" />
		<Point X = "304" Y = "177" T = "0" Pressure = "0" />
		<Point X = "301" Y = "175" T = "0" Pressure = "0" />
		<Point X = "297" Y = "171" T = "0" Pressure = "0" />
		<Point X = "292" Y = "167" T = "0" Pressure = "0" />
		<Point X = "286" Y = "162" T = "0" Pressure = "0" />
		<Point X = "283" Y = "157" T = "0" Pressure = "0" />
		<Point X = "279" Y = "153" T = "0" Pressure = "0" />
		<Point X = "276" Y = "149" T = "0" Pressure = "0" />
		<Point X = "273" Y = "148" T = "0" Pressure = "0" />
		<Point X = "273" Y = "147" T = "0" Pressure = "0" />
		<Point X = "272" Y = "146" T = "0" Pressure = "0" />
		<Point X = "271" Y = "145" T = "0" Pressure = "0" />
		<Point X = "269" Y = "144" T = "0" Pressure = "0" />
		<Point X = "267" Y = "141" T = "0" Pressure = "0" />
		<Point X = "265" Y = "138" T = "0" Pressure = "0" />
		<Point X = "263" Y = "137" T = "0" Pressure = "0" />
		<Point X = "259" Y = "134" T = "0" Pressure = "0" />
		<Point X = "257" Y = "133" T = "0" Pressure = "0" />
		<Point X = "255" Y = "131" T = "0" Pressure = "0" />
		<Point X = "253" Y = "130" T = "0" Pressure = "0" />
		<Point X = "253" Y = "129" T = "0" Pressure = "0" />
		<Point X = "251" Y = "127" T = "0" Pressure = "0" />
		<Point X = "250" Y = "127" T = "0" Pressure = "0" />
		<Point X = "248" Y = "124" T = "0" Pressure = "0" />
		<Point X = "247" Y = "123" T = "0" Pressure = "0" />
		<Point X = "245" Y = "122" T = "0" Pressure = "0" />
		<Point X = "244" Y = "120" T = "0" Pressure = "0" />
		<Point X = "242" Y = "119" T = "0" Pressure = "0" />
		<Point X = "241" Y = "119" T = "0" Pressure = "0" />
		<Point X = "239" Y = "117" T = "0" Pressure = "0" />
		<Point X = "238" Y = "117" T = "0" Pressure = "0" />
		<Point X = "237" Y = "116" T = "0" Pressure = "0" />
		<Point X = "234" Y = "116" T = "0" Pressure = "0" />
		<Point X = "233" Y = "115" T = "0" Pressure = "0" />
		<Point X = "232" Y = "114" T = "0" Pressure = "0" />
		<Point X = "230" Y = "113" T = "0" Pressure = "0" />
		<Point X = "230" Y = "112" T = "0" Pressure = "0" />
		<Point X = "229" Y = "112" T = "0" Pressure = "0" />
		<Point X = "228" Y = "110" T = "0" Pressure = "0" />
	</Stroke>
</Gesture>
