<?xml version="1.0" encoding="utf-8" standalone="yes"?>
<Gesture Name = "star">
	<Stroke>
		<Point X = "85" Y = "96" T = "0" Pressure = "0" />
		<Point X = "86" Y = "96" T = "0" Pressure = "0" />
		<Point X = "90" Y = "94" T = "0" Pressure = "0" />
		<Point X = "91" Y = "94" T = "0" Pressure = "0" />
		<Point X = "94" Y = "94" T = "0" Pressure = "0" />
		<Point X = "97" Y = "93" T = "0" Pressure = "0" />
		<Point X = "103" Y = "93" T = "0" Pressure = "0" />
		<Point X = "111" Y = "93" T = "0" Pressure = "0" />
		<Point X = "119" Y = "93" T = "0" Pressure = "0" />
		<Point X = "133" Y = "93" T = "0" Pressure = "0" />
		<Point X = "144" Y = "93" T = "0" Pressure = "0" />
		<Point X = "156" Y = "93" T = "0" Pressure = "0" />
		<Point X = "167" Y = "96" T = "0" Pressure = "0" />
		<Point X = "177" Y = "97" T = "0" Pressure = "0" />
		<Point X = "184" Y = "98" T = "0" Pressure = "0" />
		<Point X = "187" Y = "98" T = "0" Pressure = "0" />
		<Point X = "192" Y = "99" T = "0" Pressure = "0" />
		<Point X = "195" Y = "99" T = "0" Pressure = "0" />
		<Point X = "198" Y = "99" T = "0" Pressure = "0" />
		<Point X = "203" Y = "100" T = "0" Pressure = "0" />
		<Point X = "205" Y = "100" T = "0" Pressure = "0" />
		<Point X = "207" Y = "100" T = "0" Pressure = "0" />
		<Point X = "210" Y = "100" T = "0" Pressure = "0" />
		<Point X = "214" Y = "100" T = "0" Pressure = "0" />
		<Point X = "218" Y = "100" T = "0" Pressure = "0" />
		<Point X = "223" Y = "101" T = "0" Pressure = "0" />
		<Point X = "227" Y = "101" T = "0" Pressure = "0" />
		<Point X = "231" Y = "101" T = "0" Pressure = "0" />
		<Point X = "233" Y = "101" T = "0" Pressure = "0" />
		<Point X = "237" Y = "101" T = "0" Pressure = "0" />
		<Point X = "240" Y = "101" T = "0" Pressure = "0" />
		<Point X = "244" Y = "102" T = "0" Pressure = "0" />
		<Point X = "248" Y = "103" T = "0" Pressure = "0" />
		<Point X = "251" Y = "103" T = "0" Pressure = "0" />
		<Point X = "253" Y = "104" T = "0" Pressure = "0" />
		<Point X = "256" Y = "105" T = "0" Pressure = "0" />
		<Point X = "259" Y = "105" T = "0" Pressure = "0" />
		<Point X = "260" Y = "106" T = "0" Pressure = "0" />
		<Point X = "262" Y = "107" T = "0" Pressure = "0" />
		<Point X = "265" Y = "107" T = "0" Pressure = "0" />
		<Point X = "268" Y = "108" T = "0" Pressure = "0" />
		<Point X = "270" Y = "108" T = "0" Pressure = "0" />
		<Point X = "272" Y = "108" T = "0" Pressure = "0" />
		<Point X = "274" Y = "108" T = "0" Pressure = "0" />
		<Point X = "275" Y = "108" T = "0" Pressure = "0" />
		<Point X = "276" Y = "108" T = "0" Pressure = "0" />
		<Point X = "275" Y = "109" T = "0" Pressure = "0" />
		<Point X = "274" Y = "110" T = "0" Pressure = "0" />
		<Point X = "272" Y = "111" T = "0" Pressure = "0" />
		<Point X = "271" Y = "112" T = "0" Pressure = "0" />
		<Point X = "269" Y = "113" T = "0" Pressure = "0" />
		<Point X = "266" Y = "115" T = "0" Pressure = "0" />
		<Point X = "263" Y = "117" T = "0" Pressure = "0" />
		<Point X = "258" Y = "120" T = "0" Pressure = "0" />
		<Point X = "251" Y = "123" T = "0" Pressure = "0" />
		<Point X = "244" Y = "127" T = "0" Pressure = "0" />
		<Point X = "238" Y = "131" T = "0" Pressure = "0" />
		<Point X = "234" Y = "133" T = "0" Pressure = "0" />
		<Point X = "230" Y = "135" T = "0" Pressure = "0" />
		<Point X = "226" Y = "137" T = "0" Pressure = "0" />
		<Point X = "224" Y = "137" T = "0" Pressure = "0" />
		<Point X = "220" Y = "139" T = "0" Pressure = "0" />
		<Point X = "218" Y = "140" T = "0" Pressure = "0" />
		<Point X = "216" Y = "140" T = "0" Pressure = "0" />
		<Point X = "214" Y = "141" T = "0" Pressure = "0" />
		<Point X = "210" Y = "144" T = "0" Pressure = "0" />
		<Point X = "208" Y = "145" T = "0" Pressure = "0" />
		<Point X = "205" Y = "147" T = "0" Pressure = "0" />
		<Point X = "202" Y = "149" T = "0" Pressure = "0" />
		<Point X = "200" Y = "149" T = "0" Pressure = "0" />
		<Point X = "197" Y = "152" T = "0" Pressure = "0" />
		<Point X = "192" Y = "154" T = "0" Pressure = "0" />
		<Point X = "187" Y = "157" T = "0" Pressure = "0" />
		<Point X = "184" Y = "157" T = "0" Pressure = "0" />
		<Point X = "182" Y = "158" T = "0" Pressure = "0" />
		<Point X = "181" Y = "158" T = "0" Pressure = "0" />
		<Point X = "179" Y = "158" T = "0" Pressure = "0" />
		<Point X = "175" Y = "159" T = "0" Pressure = "0" />
		<Point X = "172" Y = "160" T = "0" Pressure = "0" />
		<Point X = "166" Y = "161" T = "0" Pressure = "0" />
		<Point X = "158" Y = "163" T = "0" Pressure = "0" />
		<Point X = "152" Y = "166" T = "0" Pressure = "0" />
		<Point X = "147" Y = "168" T = "0" Pressure = "0" />
		<Point X = "141" Y = "170" T = "0" Pressure = "0" />
		<Point X = "133" Y = "172" T = "0" Pressure = "0" />
		<Point X = "128" Y = "173" T = "0" Pressure = "0" />
		<Point X = "122" Y = "175" T = "0" Pressure = "0" />
		<Point X = "119" Y = "176" T = "0" Pressure = "0" />
		<Point X = "118" Y = "177" T = "0" Pressure = "0" />
		<Point X = "114" Y = "179" T = "0" Pressure = "0" />
		<Point X = "113" Y = "179" T = "0" Pressure = "0" />
		<Point X = "111" Y = "180" T = "0" Pressure = "0" />
		<Point X = "109" Y = "181" T = "0" Pressure = "0" />
		<Point X = "108" Y = "182" T = "0" Pressure = "0" />
		<Point X = "107" Y = "183" T = "0" Pressure = "0" />
		<Point X = "108" Y = "183" T = "0" Pressure = "0" />
		<Point X = "110" Y = "182" T = "0" Pressure = "0" />
		<Point X = "112" Y = "179" T = "0" Pressure = "0" />
		<Point X = "115" Y = "176" T = "0" Pressure = "0" />
		<Point X = "116" Y = "173" T = "0" Pressure = "0" />
		<Point X = "120" Y = "169" T = "0" Pressure = "0" />
		<Point X = "121" Y = "167" T = "0" Pressure = "0" />
		<Point X = "124" Y = "161" T = "0" Pressure = "0" />
		<Point X = "126" Y = "158" T = "0" Pressure = "0" />
		<Point X = "129" Y = "153" T = "0" Pressure = "0" />
		<Point X = "131" Y = "148" T = "0" Pressure = "0" />
		<Point X = "134" Y = "145" T = "0" Pressure = "0" />
		<Point X = "135" Y = "142" T = "0" Pressure = "0" />
		<Point X = "138" Y = "138" T = "0" Pressure = "0" />
		<Point X = "139" Y = "135" T = "0" Pressure = "0" />
		<Point X = "142" Y = "130" T = "0" Pressure = "0" />
		<Point X = "143" Y = "127" T = "0" Pressure = "0" />
		<Point X = "145" Y = "122" T = "0" Pressure = "0" />
		<Point X = "147" Y = "119" T = "0" Pressure = "0" />
		<Point X = "148" Y = "115" T = "0" Pressure = "0" />
		<Point X = "151" Y = "112" T = "0" Pressure = "0" />
		<Point X = "153" Y = "107" T = "0" Pressure = "0" />
		<Point X = "155" Y = "104" T = "0" Pressure = "0" />
		<Point X = "159" Y = "97" T = "0" Pressure = "0" />
		<Point X = "162" Y = "94" T = "0" Pressure = "0" />
		<Point X = "164" Y = "89" T = "0" Pressure = "0" />
		<Point X = "165" Y = "88" T = "0" Pressure = "0" />
		<Point X = "166" Y = "85" T = "0" Pressure = "0" />
		<Point X = "169" Y = "82" T = "0" Pressure = "0" />
		<Point X = "170" Y = "80" T = "0" Pressure = "0" />
		<Point X = "170" Y = "78" T = "0" Pressure = "0" />
		<Point X = "172" Y = "76" T = "0" Pressure = "0" />
		<Point X = "173" Y = "75" T = "0" Pressure = "0" />
		<Point X = "174" Y = "72" T = "0" Pressure = "0" />
		<Point X = "176" Y = "69" T = "0" Pressure = "0" />
		<Point X = "177" Y = "67" T = "0" Pressure = "0" />
		<Point X = "180" Y = "65" T = "0" Pressure = "0" />
		<Point X = "181" Y = "62" T = "0" Pressure = "0" />
		<Point X = "182" Y = "61" T = "0" Pressure = "0" />
		<Point X = "183" Y = "59" T = "0" Pressure = "0" />
		<Point X = "185" Y = "56" T = "0" Pressure = "0" />
		<Point X = "186" Y = "55" T = "0" Pressure = "0" />
		<Point X = "187" Y = "53" T = "0" Pressure = "0" />
		<Point X = "189" Y = "51" T = "0" Pressure = "0" />
		<Point X = "189" Y = "50" T = "0" Pressure = "0" />
		<Point X = "189" Y = "48" T = "0" Pressure = "0" />
		<Point X = "191" Y = "47" T = "0" Pressure = "0" />
		<Point X = "191" Y = "49" T = "0" Pressure = "0" />
		<Point X = "191" Y = "52" T = "0" Pressure = "0" />
		<Point X = "191" Y = "55" T = "0" Pressure = "0" />
		<Point X = "191" Y = "59" T = "0" Pressure = "0" />
		<Point X = "193" Y = "63" T = "0" Pressure = "0" />
		<Point X = "194" Y = "69" T = "0" Pressure = "0" />
		<Point X = "197" Y = "77" T = "0" Pressure = "0" />
		<Point X = "198" Y = "82" T = "0" Pressure = "0" />
		<Point X = "198" Y = "87" T = "0" Pressure = "0" />
		<Point X = "199" Y = "94" T = "0" Pressure = "0" />
		<Point X = "200" Y = "97" T = "0" Pressure = "0" />
		<Point X = "201" Y = "101" T = "0" Pressure = "0" />
		<Point X = "202" Y = "105" T = "0" Pressure = "0" />
		<Point X = "202" Y = "109" T = "0" Pressure = "0" />
		<Point X = "203" Y = "111" T = "0" Pressure = "0" />
		<Point X = "203" Y = "114" T = "0" Pressure = "0" />
		<Point X = "204" Y = "118" T = "0" Pressure = "0" />
		<Point X = "204" Y = "121" T = "0" Pressure = "0" />
		<Point X = "204" Y = "122" T = "0" Pressure = "0" />
		<Point X = "205" Y = "126" T = "0" Pressure = "0" />
		<Point X = "206" Y = "131" T = "0" Pressure = "0" />
		<Point X = "206" Y = "134" T = "0" Pressure = "0" />
		<Point X = "207" Y = "137" T = "0" Pressure = "0" />
		<Point X = "209" Y = "141" T = "0" Pressure = "0" />
		<Point X = "210" Y = "144" T = "0" Pressure = "0" />
		<Point X = "210" Y = "146" T = "0" Pressure = "0" />
		<Point X = "210" Y = "149" T = "0" Pressure = "0" />
		<Point X = "211" Y = "150" T = "0" Pressure = "0" />
		<Point X = "212" Y = "152" T = "0" Pressure = "0" />
		<Point X = "212" Y = "153" T = "0" Pressure = "0" />
		<Point X = "212" Y = "155" T = "0" Pressure = "0" />
		<Point X = "212" Y = "156" T = "0" Pressure = "0" />
		<Point X = "213" Y = "158" T = "0" Pressure = "0" />
		<Point X = "213" Y = "159" T = "0" Pressure = "0" />
		<Point X = "214" Y = "162" T = "0" Pressure = "0" />
		<Point X = "214" Y = "163" T = "0" Pressure = "0" />
		<Point X = "214" Y = "165" T = "0" Pressure = "0" />
		<Point X = "216" Y = "167" T = "0" Pressure = "0" />
		<Point X = "217" Y = "170" T = "0" Pressure = "0" />
		<Point X = "217" Y = "171" T = "0" Pressure = "0" />
		<Point X = "217" Y = "172" T = "0" Pressure = "0" />
		<Point X = "217" Y = "173" T = "0" Pressure = "0" />
		<Point X = "217" Y = "174" T = "0" Pressure = "0" />
		<Point X = "217" Y = "175" T = "0" Pressure = "0" />
		<Point X = "217" Y = "176" T = "0" Pressure = "0" />
		<Point X = "217" Y = "179" T = "0" Pressure = "0" />
		<Point X = "217" Y = "180" T = "0" Pressure = "0" />
		<Point X = "218" Y = "181" T = "0" Pressure = "0" />
		<Point X = "218" Y = "182" T = "0" Pressure = "0" />
		<Point X = "218" Y = "183" T = "0" Pressure = "0" />
		<Point X = "217" Y = "183" T = "0" Pressure = "0" />
		<Point X = "216" Y = "183" T = "0" Pressure = "0" />
		<Point X = "214" Y = "183" T = "0" Pressure = "0" />
		<Point X = "213" Y = "183" T = "0" Pressure = "0" />
		<Point X = "211" Y = "183" T = "0" Pressure = "0" />
		<Point X = "210" Y = "182" T = "0" Pressure = "0" />
		<Point X = "206" Y = "181" T = "0" Pressure = "0" />
		<Point X = "203" Y = "177" T = "0" Pressure = "0" />
		<Point X = "199" Y = "174" T = "0" Pressure = "0" />
		<Point X = "196" Y = "173" T = "0" Pressure = "0" />
		<Point X = "192" Y = "170" T = "0" Pressure = "0" />
		<Point X = "190" Y = "168" T = "0" Pressure = "0" />
		<Point X = "187" Y = "168" T = "0" Pressure = "0" />
		<Point X = "187" Y = "167" T = "0" Pressure = "0" />
		<Point X = "186" Y = "166" T = "0" Pressure = "0" />
		<Point X = "185" Y = "166" T = "0" Pressure = "0" />
		<Point X = "184" Y = "166" T = "0" Pressure = "0" />
		<Point X = "182" Y = "165" T = "0" Pressure = "0" />
		<Point X = "181" Y = "164" T = "0" Pressure = "0" />
		<Point X = "179" Y = "161" T = "0" Pressure = "0" />
		<Point X = "177" Y = "158" T = "0" Pressure = "0" />
		<Point X = "173" Y = "154" T = "0" Pressure = "0" />
		<Point X = "172" Y = "153" T = "0" Pressure = "0" />
		<Point X = "168" Y = "149" T = "0" Pressure = "0" />
		<Point X = "167" Y = "149" T = "0" Pressure = "0" />
		<Point X = "163" Y = "145" T = "0" Pressure = "0" />
		<Point X = "162" Y = "145" T = "0" Pressure = "0" />
		<Point X = "159" Y = "142" T = "0" Pressure = "0" />
		<Point X = "157" Y = "141" T = "0" Pressure = "0" />
		<Point X = "156" Y = "139" T = "0" Pressure = "0" />
		<Point X = "154" Y = "138" T = "0" Pressure = "0" />
		<Point X = "154" Y = "137" T = "0" Pressure = "0" />
		<Point X = "152" Y = "135" T = "0" Pressure = "0" />
		<Point X = "151" Y = "134" T = "0" Pressure = "0" />
		<Point X = "146" Y = "130" T = "0" Pressure = "0" />
		<Point X = "145" Y = "129" T = "0" Pressure = "0" />
		<Point X = "141" Y = "125" T = "0" Pressure = "0" />
		<Point X = "137" Y = "122" T = "0" Pressure = "0" />
		<Point X = "133" Y = "119" T = "0" Pressure = "0" />
		<Point X = "132" Y = "117" T = "0" Pressure = "0" />
		<Point X = "129" Y = "115" T = "0" Pressure = "0" />
		<Point X = "129" Y = "114" T = "0" Pressure = "0" />
		<Point X = "128" Y = "113" T = "0" Pressure = "0" />
		<Point X = "125" Y = "109" T = "0" Pressure = "0" />
		<Point X = "124" Y = "109" T = "0" Pressure = "0" />
		<Point X = "124" Y = "108" T = "0" Pressure = "0" />
		<Point X = "122" Y = "106" T = "0" Pressure = "0" />
		<Point X = "121" Y = "105" T = "0" Pressure = "0" />
		<Point X = "119" Y = "102" T = "0" Pressure = "0" />
		<Point X = "118" Y = "101" T = "0" Pressure = "0" />
		<Point X = "113" Y = "97" T = "0" Pressure = "0" />
		<Point X = "112" Y = "96" T = "0" Pressure = "0" />
		<Point X = "111" Y = "94" T = "0" Pressure = "0" />
		<Point X = "109" Y = "93" T = "0" Pressure = "0" />
		<Point X = "109" Y = "92" T = "0" Pressure = "0" />
		<Point X = "109" Y = "91" T = "0" Pressure = "0" />
		<Point X = "108" Y = "91" T = "0" Pressure = "0" />
		<Point X = "108" Y = "90" T = "0" Pressure = "0" />
		<Point X = "107" Y = "89" T = "0" Pressure = "0" />
		<Point X = "107" Y = "88" T = "0" Pressure = "0" />
		<Point X = "106" Y = "87" T = "0" Pressure = "0" />
		<Point X = "105" Y = "87" T = "0" Pressure = "0" />
	</Stroke>
</Gesture>
