<?xml version="1.0" encoding="utf-8" standalone="yes"?>
<Gesture Name = "star">
	<Stroke>
		<Point X = "215" Y = "77" T = "0" Pressure = "0" />
		<Point X = "216" Y = "77" T = "0" Pressure = "0" />
		<Point X = "218" Y = "77" T = "0" Pressure = "0" />
		<Point X = "221" Y = "78" T = "0" Pressure = "0" />
		<Point X = "225" Y = "78" T = "0" Pressure = "0" />
		<Point X = "228" Y = "80" T = "0" Pressure = "0" />
		<Point X = "233" Y = "82" T = "0" Pressure = "0" />
		<Point X = "243" Y = "86" T = "0" Pressure = "0" />
		<Point X = "253" Y = "91" T = "0" Pressure = "0" />
		<Point X = "264" Y = "93" T = "0" Pressure = "0" />
		<Point X = "272" Y = "96" T = "0" Pressure = "0" />
		<Point X = "282" Y = "99" T = "0" Pressure = "0" />
		<Point X = "292" Y = "102" T = "0" Pressure = "0" />
		<Point X = "302" Y = "104" T = "0" Pressure = "0" />
		<Point X = "309" Y = "106" T = "0" Pressure = "0" />
		<Point X = "317" Y = "107" T = "0" Pressure = "0" />
		<Point X = "327" Y = "108" T = "0" Pressure = "0" />
		<Point X = "335" Y = "108" T = "0" Pressure = "0" />
		<Point X = "345" Y = "108" T = "0" Pressure = "0" />
		<Point X = "354" Y = "108" T = "0" Pressure = "0" />
		<Point X = "361" Y = "108" T = "0" Pressure = "0" />
		<Point X = "365" Y = "108" T = "0" Pressure = "0" />
		<Point X = "368" Y = "108" T = "0" Pressure = "0" />
		<Point X = "372" Y = "108" T = "0" Pressure = "0" />
		<Point X = "374" Y = "108" T = "0" Pressure = "0" />
		<Point X = "376" Y = "107" T = "0" Pressure = "0" />
		<Point X = "377" Y = "107" T = "0" Pressure = "0" />
		<Point X = "379" Y = "106" T = "0" Pressure = "0" />
		<Point X = "380" Y = "106" T = "0" Pressure = "0" />
		<Point X = "382" Y = "105" T = "0" Pressure = "0" />
		<Point X = "385" Y = "105" T = "0" Pressure = "0" />
		<Point X = "387" Y = "105" T = "0" Pressure = "0" />
		<Point X = "390" Y = "105" T = "0" Pressure = "0" />
		<Point X = "391" Y = "105" T = "0" Pressure = "0" />
		<Point X = "388" Y = "106" T = "0" Pressure = "0" />
		<Point X = "381" Y = "109" T = "0" Pressure = "0" />
		<Point X = "375" Y = "113" T = "0" Pressure = "0" />
		<Point X = "366" Y = "119" T = "0" Pressure = "0" />
		<Point X = "359" Y = "122" T = "0" Pressure = "0" />
		<Point X = "353" Y = "126" T = "0" Pressure = "0" />
		<Point X = "349" Y = "129" T = "0" Pressure = "0" />
		<Point X = "344" Y = "130" T = "0" Pressure = "0" />
		<Point X = "341" Y = "133" T = "0" Pressure = "0" />
		<Point X = "338" Y = "134" T = "0" Pressure = "0" />
		<Point X = "336" Y = "135" T = "0" Pressure = "0" />
		<Point X = "331" Y = "136" T = "0" Pressure = "0" />
		<Point X = "328" Y = "137" T = "0" Pressure = "0" />
		<Point X = "325" Y = "139" T = "0" Pressure = "0" />
		<Point X = "319" Y = "142" T = "0" Pressure = "0" />
		<Point X = "311" Y = "145" T = "0" Pressure = "0" />
		<Point X = "305" Y = "149" T = "0" Pressure = "0" />
		<Point X = "298" Y = "153" T = "0" Pressure = "0" />
		<Point X = "293" Y = "156" T = "0" Pressure = "0" />
		<Point X = "291" Y = "158" T = "0" Pressure = "0" />
		<Point X = "286" Y = "160" T = "0" Pressure = "0" />
		<Point X = "284" Y = "162" T = "0" Pressure = "0" />
		<Point X = "281" Y = "164" T = "0" Pressure = "0" />
		<Point X = "279" Y = "165" T = "0" Pressure = "0" />
		<Point X = "278" Y = "166" T = "0" Pressure = "0" />
		<Point X = "275" Y = "167" T = "0" Pressure = "0" />
		<Point X = "273" Y = "168" T = "0" Pressure = "0" />
		<Point X = "271" Y = "170" T = "0" Pressure = "0" />
		<Point X = "269" Y = "170" T = "0" Pressure = "0" />
		<Point X = "266" Y = "173" T = "0" Pressure = "0" />
		<Point X = "265" Y = "174" T = "0" Pressure = "0" />
		<Point X = "263" Y = "174" T = "0" Pressure = "0" />
		<Point X = "261" Y = "174" T = "0" Pressure = "0" />
		<Point X = "259" Y = "176" T = "0" Pressure = "0" />
		<Point X = "255" Y = "176" T = "0" Pressure = "0" />
		<Point X = "255" Y = "177" T = "0" Pressure = "0" />
		<Point X = "251" Y = "179" T = "0" Pressure = "0" />
		<Point X = "250" Y = "181" T = "0" Pressure = "0" />
		<Point X = "246" Y = "184" T = "0" Pressure = "0" />
		<Point X = "242" Y = "188" T = "0" Pressure = "0" />
		<Point X = "242" Y = "189" T = "0" Pressure = "0" />
		<Point X = "241" Y = "189" T = "0" Pressure = "0" />
		<Point X = "241" Y = "187" T = "0" Pressure = "0" />
		<Point X = "241" Y = "183" T = "0" Pressure = "0" />
		<Point X = "243" Y = "180" T = "0" Pressure = "0" />
		<Point X = "244" Y = "175" T = "0" Pressure = "0" />
		<Point X = "246" Y = "171" T = "0" Pressure = "0" />
		<Point X = "249" Y = "167" T = "0" Pressure = "0" />
		<Point X = "253" Y = "162" T = "0" Pressure = "0" />
		<Point X = "256" Y = "157" T = "0" Pressure = "0" />
		<Point X = "258" Y = "155" T = "0" Pressure = "0" />
		<Point X = "262" Y = "151" T = "0" Pressure = "0" />
		<Point X = "265" Y = "145" T = "0" Pressure = "0" />
		<Point X = "267" Y = "142" T = "0" Pressure = "0" />
		<Point X = "268" Y = "139" T = "0" Pressure = "0" />
		<Point X = "271" Y = "134" T = "0" Pressure = "0" />
		<Point X = "273" Y = "128" T = "0" Pressure = "0" />
		<Point X = "275" Y = "125" T = "0" Pressure = "0" />
		<Point X = "277" Y = "120" T = "0" Pressure = "0" />
		<Point X = "277" Y = "118" T = "0" Pressure = "0" />
		<Point X = "279" Y = "115" T = "0" Pressure = "0" />
		<Point X = "281" Y = "111" T = "0" Pressure = "0" />
		<Point X = "281" Y = "108" T = "0" Pressure = "0" />
		<Point X = "283" Y = "107" T = "0" Pressure = "0" />
		<Point X = "284" Y = "105" T = "0" Pressure = "0" />
		<Point X = "284" Y = "104" T = "0" Pressure = "0" />
		<Point X = "285" Y = "101" T = "0" Pressure = "0" />
		<Point X = "286" Y = "99" T = "0" Pressure = "0" />
		<Point X = "286" Y = "98" T = "0" Pressure = "0" />
		<Point X = "287" Y = "96" T = "0" Pressure = "0" />
		<Point X = "288" Y = "93" T = "0" Pressure = "0" />
		<Point X = "289" Y = "91" T = "0" Pressure = "0" />
		<Point X = "290" Y = "89" T = "0" Pressure = "0" />
		<Point X = "292" Y = "85" T = "0" Pressure = "0" />
		<Point X = "293" Y = "83" T = "0" Pressure = "0" />
		<Point X = "295" Y = "80" T = "0" Pressure = "0" />
		<Point X = "297" Y = "76" T = "0" Pressure = "0" />
		<Point X = "299" Y = "73" T = "0" Pressure = "0" />
		<Point X = "301" Y = "68" T = "0" Pressure = "0" />
		<Point X = "303" Y = "65" T = "0" Pressure = "0" />
		<Point X = "305" Y = "61" T = "0" Pressure = "0" />
		<Point X = "305" Y = "59" T = "0" Pressure = "0" />
		<Point X = "307" Y = "58" T = "0" Pressure = "0" />
		<Point X = "308" Y = "56" T = "0" Pressure = "0" />
		<Point X = "309" Y = "54" T = "0" Pressure = "0" />
		<Point X = "309" Y = "53" T = "0" Pressure = "0" />
		<Point X = "310" Y = "52" T = "0" Pressure = "0" />
		<Point X = "311" Y = "52" T = "0" Pressure = "0" />
		<Point X = "311" Y = "51" T = "0" Pressure = "0" />
		<Point X = "312" Y = "50" T = "0" Pressure = "0" />
		<Point X = "312" Y = "49" T = "0" Pressure = "0" />
		<Point X = "313" Y = "48" T = "0" Pressure = "0" />
		<Point X = "314" Y = "47" T = "0" Pressure = "0" />
		<Point X = "314" Y = "46" T = "0" Pressure = "0" />
		<Point X = "315" Y = "46" T = "0" Pressure = "0" />
		<Point X = "315" Y = "45" T = "0" Pressure = "0" />
		<Point X = "316" Y = "44" T = "0" Pressure = "0" />
		<Point X = "317" Y = "43" T = "0" Pressure = "0" />
		<Point X = "317" Y = "42" T = "0" Pressure = "0" />
		<Point X = "317" Y = "41" T = "0" Pressure = "0" />
		<Point X = "318" Y = "40" T = "0" Pressure = "0" />
		<Point X = "319" Y = "40" T = "0" Pressure = "0" />
		<Point X = "320" Y = "40" T = "0" Pressure = "0" />
		<Point X = "321" Y = "42" T = "0" Pressure = "0" />
		<Point X = "321" Y = "45" T = "0" Pressure = "0" />
		<Point X = "321" Y = "49" T = "0" Pressure = "0" />
		<Point X = "324" Y = "54" T = "0" Pressure = "0" />
		<Point X = "325" Y = "59" T = "0" Pressure = "0" />
		<Point X = "326" Y = "65" T = "0" Pressure = "0" />
		<Point X = "329" Y = "72" T = "0" Pressure = "0" />
		<Point X = "331" Y = "81" T = "0" Pressure = "0" />
		<Point X = "331" Y = "86" T = "0" Pressure = "0" />
		<Point X = "333" Y = "92" T = "0" Pressure = "0" />
		<Point X = "334" Y = "99" T = "0" Pressure = "0" />
		<Point X = "334" Y = "105" T = "0" Pressure = "0" />
		<Point X = "335" Y = "112" T = "0" Pressure = "0" />
		<Point X = "335" Y = "116" T = "0" Pressure = "0" />
		<Point X = "336" Y = "118" T = "0" Pressure = "0" />
		<Point X = "338" Y = "122" T = "0" Pressure = "0" />
		<Point X = "338" Y = "124" T = "0" Pressure = "0" />
		<Point X = "339" Y = "125" T = "0" Pressure = "0" />
		<Point X = "339" Y = "126" T = "0" Pressure = "0" />
		<Point X = "339" Y = "127" T = "0" Pressure = "0" />
		<Point X = "340" Y = "129" T = "0" Pressure = "0" />
		<Point X = "340" Y = "130" T = "0" Pressure = "0" />
		<Point X = "340" Y = "131" T = "0" Pressure = "0" />
		<Point X = "340" Y = "133" T = "0" Pressure = "0" />
		<Point X = "340" Y = "135" T = "0" Pressure = "0" />
		<Point X = "340" Y = "138" T = "0" Pressure = "0" />
		<Point X = "342" Y = "142" T = "0" Pressure = "0" />
		<Point X = "342" Y = "145" T = "0" Pressure = "0" />
		<Point X = "342" Y = "148" T = "0" Pressure = "0" />
		<Point X = "342" Y = "151" T = "0" Pressure = "0" />
		<Point X = "342" Y = "155" T = "0" Pressure = "0" />
		<Point X = "342" Y = "157" T = "0" Pressure = "0" />
		<Point X = "343" Y = "158" T = "0" Pressure = "0" />
		<Point X = "343" Y = "161" T = "0" Pressure = "0" />
		<Point X = "343" Y = "162" T = "0" Pressure = "0" />
		<Point X = "344" Y = "164" T = "0" Pressure = "0" />
		<Point X = "344" Y = "165" T = "0" Pressure = "0" />
		<Point X = "344" Y = "167" T = "0" Pressure = "0" />
		<Point X = "344" Y = "170" T = "0" Pressure = "0" />
		<Point X = "345" Y = "172" T = "0" Pressure = "0" />
		<Point X = "345" Y = "175" T = "0" Pressure = "0" />
		<Point X = "345" Y = "179" T = "0" Pressure = "0" />
		<Point X = "345" Y = "180" T = "0" Pressure = "0" />
		<Point X = "345" Y = "183" T = "0" Pressure = "0" />
		<Point X = "345" Y = "186" T = "0" Pressure = "0" />
		<Point X = "345" Y = "188" T = "0" Pressure = "0" />
		<Point X = "345" Y = "190" T = "0" Pressure = "0" />
		<Point X = "345" Y = "192" T = "0" Pressure = "0" />
		<Point X = "345" Y = "194" T = "0" Pressure = "0" />
		<Point X = "345" Y = "196" T = "0" Pressure = "0" />
		<Point X = "345" Y = "199" T = "0" Pressure = "0" />
		<Point X = "345" Y = "201" T = "0" Pressure = "0" />
		<Point X = "345" Y = "202" T = "0" Pressure = "0" />
		<Point X = "345" Y = "203" T = "0" Pressure = "0" />
		<Point X = "345" Y = "204" T = "0" Pressure = "0" />
		<Point X = "345" Y = "205" T = "0" Pressure = "0" />
		<Point X = "345" Y = "207" T = "0" Pressure = "0" />
		<Point X = "345" Y = "208" T = "0" Pressure = "0" />
		<Point X = "345" Y = "209" T = "0" Pressure = "0" />
		<Point X = "345" Y = "211" T = "0" Pressure = "0" />
		<Point X = "345" Y = "212" T = "0" Pressure = "0" />
		<Point X = "345" Y = "214" T = "0" Pressure = "0" />
		<Point X = "344" Y = "215" T = "0" Pressure = "0" />
		<Point X = "343" Y = "215" T = "0" Pressure = "0" />
		<Point X = "341" Y = "214" T = "0" Pressure = "0" />
		<Point X = "338" Y = "210" T = "0" Pressure = "0" />
		<Point X = "336" Y = "209" T = "0" Pressure = "0" />
		<Point X = "334" Y = "206" T = "0" Pressure = "0" />
		<Point X = "332" Y = "206" T = "0" Pressure = "0" />
		<Point X = "331" Y = "205" T = "0" Pressure = "0" />
		<Point X = "330" Y = "205" T = "0" Pressure = "0" />
		<Point X = "328" Y = "203" T = "0" Pressure = "0" />
		<Point X = "328" Y = "202" T = "0" Pressure = "0" />
		<Point X = "327" Y = "201" T = "0" Pressure = "0" />
		<Point X = "324" Y = "199" T = "0" Pressure = "0" />
		<Point X = "320" Y = "195" T = "0" Pressure = "0" />
		<Point X = "315" Y = "190" T = "0" Pressure = "0" />
		<Point X = "313" Y = "186" T = "0" Pressure = "0" />
		<Point X = "308" Y = "181" T = "0" Pressure = "0" />
		<Point X = "304" Y = "176" T = "0" Pressure = "0" />
		<Point X = "299" Y = "174" T = "0" Pressure = "0" />
		<Point X = "297" Y = "171" T = "0" Pressure = "0" />
		<Point X = "296" Y = "171" T = "0" Pressure = "0" />
		<Point X = "295" Y = "169" T = "0" Pressure = "0" />
		<Point X = "293" Y = "168" T = "0" Pressure = "0" />
		<Point X = "293" Y = "167" T = "0" Pressure = "0" />
		<Point X = "292" Y = "167" T = "0" Pressure = "0" />
		<Point X = "291" Y = "165" T = "0" Pressure = "0" />
		<Point X = "291" Y = "164" T = "0" Pressure = "0" />
		<Point X = "290" Y = "163" T = "0" Pressure = "0" />
		<Point X = "287" Y = "161" T = "0" Pressure = "0" />
		<Point X = "285" Y = "160" T = "0" Pressure = "0" />
		<Point X = "283" Y = "160" T = "0" Pressure = "0" />
		<Point X = "280" Y = "157" T = "0" Pressure = "0" />
		<Point X = "277" Y = "156" T = "0" Pressure = "0" />
		<Point X = "273" Y = "152" T = "0" Pressure = "0" />
		<Point X = "272" Y = "150" T = "0" Pressure = "0" />
		<Point X = "268" Y = "145" T = "0" Pressure = "0" />
		<Point X = "267" Y = "143" T = "0" Pressure = "0" />
		<Point X = "264" Y = "140" T = "0" Pressure = "0" />
		<Point X = "264" Y = "138" T = "0" Pressure = "0" />
		<Point X = "261" Y = "135" T = "0" Pressure = "0" />
		<Point X = "260" Y = "133" T = "0" Pressure = "0" />
		<Point X = "260" Y = "131" T = "0" Pressure = "0" />
		<Point X = "259" Y = "129" T = "0" Pressure = "0" />
		<Point X = "258" Y = "127" T = "0" Pressure = "0" />
		<Point X = "257" Y = "126" T = "0" Pressure = "0" />
		<Point X = "257" Y = "125" T = "0" Pressure = "0" />
		<Point X = "257" Y = "123" T = "0" Pressure = "0" />
		<Point X = "256" Y = "123" T = "0" Pressure = "0" />
		<Point X = "255" Y = "122" T = "0" Pressure = "0" />
		<Point X = "254" Y = "121" T = "0" Pressure = "0" />
		<Point X = "254" Y = "120" T = "0" Pressure = "0" />
		<Point X = "253" Y = "120" T = "0" Pressure = "0" />
		<Point X = "252" Y = "119" T = "0" Pressure = "0" />
		<Point X = "251" Y = "118" T = "0" Pressure = "0" />
		<Point X = "249" Y = "116" T = "0" Pressure = "0" />
		<Point X = "248" Y = "114" T = "0" Pressure = "0" />
		<Point X = "246" Y = "112" T = "0" Pressure = "0" />
		<Point X = "244" Y = "109" T = "0" Pressure = "0" />
		<Point X = "242" Y = "106" T = "0" Pressure = "0" />
		<Point X = "241" Y = "104" T = "0" Pressure = "0" />
		<Point X = "240" Y = "103" T = "0" Pressure = "0" />
		<Point X = "240" Y = "102" T = "0" Pressure = "0" />
		<Point X = "239" Y = "102" T = "0" Pressure = "0" />
		<Point X = "239" Y = "101" T = "0" Pressure = "0" />
		<Point X = "239" Y = "100" T = "0" Pressure = "0" />
		<Point X = "238" Y = "100" T = "0" Pressure = "0" />
		<Point X = "238" Y = "99" T = "0" Pressure = "0" />
		<Point X = "237" Y = "99" T = "0" Pressure = "0" />
		<Point X = "237" Y = "98" T = "0" Pressure = "0" />
		<Point X = "236" Y = "97" T = "0" Pressure = "0" />
		<Point X = "235" Y = "96" T = "0" Pressure = "0" />
		<Point X = "234" Y = "95" T = "0" Pressure = "0" />
		<Point X = "233" Y = "93" T = "0" Pressure = "0" />
		<Point X = "233" Y = "92" T = "0" Pressure = "0" />
		<Point X = "231" Y = "89" T = "0" Pressure = "0" />
		<Point X = "230" Y = "87" T = "0" Pressure = "0" />
		<Point X = "229" Y = "85" T = "0" Pressure = "0" />
		<Point X = "228" Y = "84" T = "0" Pressure = "0" />
		<Point X = "227" Y = "81" T = "0" Pressure = "0" />
		<Point X = "226" Y = "80" T = "0" Pressure = "0" />
		<Point X = "226" Y = "79" T = "0" Pressure = "0" />
		<Point X = "224" Y = "77" T = "0" Pressure = "0" />
		<Point X = "222" Y = "76" T = "0" Pressure = "0" />
		<Point X = "221" Y = "76" T = "0" Pressure = "0" />
		<Point X = "220" Y = "75" T = "0" Pressure = "0" />
	</Stroke>
</Gesture>
