<?xml version="1.0" encoding="utf-8" standalone="yes"?>
<Gesture Name = "star">
	<Stroke>
		<Point X = "163" Y = "65" T = "0" Pressure = "0" />
		<Point X = "165" Y = "65" T = "0" Pressure = "0" />
		<Point X = "169" Y = "65" T = "0" Pressure = "0" />
		<Point X = "174" Y = "65" T = "0" Pressure = "0" />
		<Point X = "178" Y = "66" T = "0" Pressure = "0" />
		<Point X = "185" Y = "68" T = "0" Pressure = "0" />
		<Point X = "190" Y = "68" T = "0" Pressure = "0" />
		<Point X = "195" Y = "69" T = "0" Pressure = "0" />
		<Point X = "201" Y = "71" T = "0" Pressure = "0" />
		<Point X = "207" Y = "73" T = "0" Pressure = "0" />
		<Point X = "211" Y = "75" T = "0" Pressure = "0" />
		<Point X = "216" Y = "76" T = "0" Pressure = "0" />
		<Point X = "221" Y = "76" T = "0" Pressure = "0" />
		<Point X = "227" Y = "78" T = "0" Pressure = "0" />
		<Point X = "233" Y = "78" T = "0" Pressure = "0" />
		<Point X = "239" Y = "80" T = "0" Pressure = "0" />
		<Point X = "244" Y = "80" T = "0" Pressure = "0" />
		<Point X = "252" Y = "80" T = "0" Pressure = "0" />
		<Point X = "259" Y = "81" T = "0" Pressure = "0" />
		<Point X = "269" Y = "81" T = "0" Pressure = "0" />
		<Point X = "277" Y = "81" T = "0" Pressure = "0" />
		<Point X = "284" Y = "81" T = "0" Pressure = "0" />
		<Point X = "289" Y = "82" T = "0" Pressure = "0" />
		<Point X = "293" Y = "82" T = "0" Pressure = "0" />
		<Point X = "296" Y = "82" T = "0" Pressure = "0" />
		<Point X = "297" Y = "82" T = "0" Pressure = "0" />
		<Point X = "299" Y = "82" T = "0" Pressure = "0" />
		<Point X = "300" Y = "82" T = "0" Pressure = "0" />
		<Point X = "302" Y = "82" T = "0" Pressure = "0" />
		<Point X = "304" Y = "82" T = "0" Pressure = "0" />
		<Point X = "305" Y = "82" T = "0" Pressure = "0" />
		<Point X = "306" Y = "82" T = "0" Pressure = "0" />
		<Point X = "306" Y = "83" T = "0" Pressure = "0" />
		<Point X = "307" Y = "83" T = "0" Pressure = "0" />
		<Point X = "308" Y = "84" T = "0" Pressure = "0" />
		<Point X = "308" Y = "85" T = "0" Pressure = "0" />
		<Point X = "306" Y = "87" T = "0" Pressure = "0" />
		<Point X = "304" Y = "88" T = "0" Pressure = "0" />
		<Point X = "301" Y = "92" T = "0" Pressure = "0" />
		<Point X = "299" Y = "94" T = "0" Pressure = "0" />
		<Point X = "293" Y = "97" T = "0" Pressure = "0" />
		<Point X = "289" Y = "101" T = "0" Pressure = "0" />
		<Point X = "283" Y = "105" T = "0" Pressure = "0" />
		<Point X = "278" Y = "109" T = "0" Pressure = "0" />
		<Point X = "273" Y = "113" T = "0" Pressure = "0" />
		<Point X = "271" Y = "113" T = "0" Pressure = "0" />
		<Point X = "264" Y = "117" T = "0" Pressure = "0" />
		<Point X = "262" Y = "118" T = "0" Pressure = "0" />
		<Point X = "259" Y = "119" T = "0" Pressure = "0" />
		<Point X = "255" Y = "122" T = "0" Pressure = "0" />
		<Point X = "251" Y = "123" T = "0" Pressure = "0" />
		<Point X = "246" Y = "125" T = "0" Pressure = "0" />
		<Point X = "243" Y = "127" T = "0" Pressure = "0" />
		<Point X = "238" Y = "128" T = "0" Pressure = "0" />
		<Point X = "233" Y = "131" T = "0" Pressure = "0" />
		<Point X = "227" Y = "134" T = "0" Pressure = "0" />
		<Point X = "224" Y = "137" T = "0" Pressure = "0" />
		<Point X = "219" Y = "139" T = "0" Pressure = "0" />
		<Point X = "218" Y = "139" T = "0" Pressure = "0" />
		<Point X = "217" Y = "140" T = "0" Pressure = "0" />
		<Point X = "215" Y = "141" T = "0" Pressure = "0" />
		<Point X = "213" Y = "141" T = "0" Pressure = "0" />
		<Point X = "211" Y = "143" T = "0" Pressure = "0" />
		<Point X = "209" Y = "144" T = "0" Pressure = "0" />
		<Point X = "208" Y = "145" T = "0" Pressure = "0" />
		<Point X = "204" Y = "147" T = "0" Pressure = "0" />
		<Point X = "202" Y = "148" T = "0" Pressure = "0" />
		<Point X = "200" Y = "149" T = "0" Pressure = "0" />
		<Point X = "196" Y = "152" T = "0" Pressure = "0" />
		<Point X = "195" Y = "153" T = "0" Pressure = "0" />
		<Point X = "193" Y = "154" T = "0" Pressure = "0" />
		<Point X = "191" Y = "154" T = "0" Pressure = "0" />
		<Point X = "191" Y = "155" T = "0" Pressure = "0" />
		<Point X = "192" Y = "154" T = "0" Pressure = "0" />
		<Point X = "193" Y = "152" T = "0" Pressure = "0" />
		<Point X = "194" Y = "150" T = "0" Pressure = "0" />
		<Point X = "196" Y = "146" T = "0" Pressure = "0" />
		<Point X = "197" Y = "141" T = "0" Pressure = "0" />
		<Point X = "199" Y = "137" T = "0" Pressure = "0" />
		<Point X = "204" Y = "129" T = "0" Pressure = "0" />
		<Point X = "205" Y = "125" T = "0" Pressure = "0" />
		<Point X = "211" Y = "117" T = "0" Pressure = "0" />
		<Point X = "214" Y = "111" T = "0" Pressure = "0" />
		<Point X = "216" Y = "104" T = "0" Pressure = "0" />
		<Point X = "219" Y = "99" T = "0" Pressure = "0" />
		<Point X = "219" Y = "93" T = "0" Pressure = "0" />
		<Point X = "223" Y = "87" T = "0" Pressure = "0" />
		<Point X = "224" Y = "84" T = "0" Pressure = "0" />
		<Point X = "226" Y = "79" T = "0" Pressure = "0" />
		<Point X = "228" Y = "75" T = "0" Pressure = "0" />
		<Point X = "231" Y = "69" T = "0" Pressure = "0" />
		<Point X = "233" Y = "66" T = "0" Pressure = "0" />
		<Point X = "236" Y = "61" T = "0" Pressure = "0" />
		<Point X = "237" Y = "59" T = "0" Pressure = "0" />
		<Point X = "238" Y = "56" T = "0" Pressure = "0" />
		<Point X = "238" Y = "53" T = "0" Pressure = "0" />
		<Point X = "239" Y = "52" T = "0" Pressure = "0" />
		<Point X = "240" Y = "47" T = "0" Pressure = "0" />
		<Point X = "241" Y = "45" T = "0" Pressure = "0" />
		<Point X = "242" Y = "43" T = "0" Pressure = "0" />
		<Point X = "242" Y = "41" T = "0" Pressure = "0" />
		<Point X = "243" Y = "39" T = "0" Pressure = "0" />
		<Point X = "244" Y = "37" T = "0" Pressure = "0" />
		<Point X = "244" Y = "36" T = "0" Pressure = "0" />
		<Point X = "244" Y = "35" T = "0" Pressure = "0" />
		<Point X = "244" Y = "34" T = "0" Pressure = "0" />
		<Point X = "245" Y = "33" T = "0" Pressure = "0" />
		<Point X = "245" Y = "32" T = "0" Pressure = "0" />
		<Point X = "246" Y = "32" T = "0" Pressure = "0" />
		<Point X = "246" Y = "31" T = "0" Pressure = "0" />
		<Point X = "247" Y = "31" T = "0" Pressure = "0" />
		<Point X = "247" Y = "34" T = "0" Pressure = "0" />
		<Point X = "247" Y = "36" T = "0" Pressure = "0" />
		<Point X = "247" Y = "38" T = "0" Pressure = "0" />
		<Point X = "247" Y = "40" T = "0" Pressure = "0" />
		<Point X = "247" Y = "44" T = "0" Pressure = "0" />
		<Point X = "247" Y = "48" T = "0" Pressure = "0" />
		<Point X = "248" Y = "53" T = "0" Pressure = "0" />
		<Point X = "249" Y = "59" T = "0" Pressure = "0" />
		<Point X = "250" Y = "66" T = "0" Pressure = "0" />
		<Point X = "251" Y = "73" T = "0" Pressure = "0" />
		<Point X = "252" Y = "77" T = "0" Pressure = "0" />
		<Point X = "253" Y = "82" T = "0" Pressure = "0" />
		<Point X = "254" Y = "86" T = "0" Pressure = "0" />
		<Point X = "256" Y = "91" T = "0" Pressure = "0" />
		<Point X = "258" Y = "98" T = "0" Pressure = "0" />
		<Point X = "259" Y = "103" T = "0" Pressure = "0" />
		<Point X = "261" Y = "107" T = "0" Pressure = "0" />
		<Point X = "262" Y = "109" T = "0" Pressure = "0" />
		<Point X = "262" Y = "112" T = "0" Pressure = "0" />
		<Point X = "262" Y = "116" T = "0" Pressure = "0" />
		<Point X = "263" Y = "119" T = "0" Pressure = "0" />
		<Point X = "265" Y = "121" T = "0" Pressure = "0" />
		<Point X = "265" Y = "123" T = "0" Pressure = "0" />
		<Point X = "265" Y = "125" T = "0" Pressure = "0" />
		<Point X = "267" Y = "129" T = "0" Pressure = "0" />
		<Point X = "269" Y = "132" T = "0" Pressure = "0" />
		<Point X = "270" Y = "135" T = "0" Pressure = "0" />
		<Point X = "270" Y = "137" T = "0" Pressure = "0" />
		<Point X = "273" Y = "141" T = "0" Pressure = "0" />
		<Point X = "274" Y = "143" T = "0" Pressure = "0" />
		<Point X = "274" Y = "147" T = "0" Pressure = "0" />
		<Point X = "275" Y = "149" T = "0" Pressure = "0" />
		<Point X = "275" Y = "151" T = "0" Pressure = "0" />
		<Point X = "275" Y = "152" T = "0" Pressure = "0" />
		<Point X = "277" Y = "156" T = "0" Pressure = "0" />
		<Point X = "277" Y = "158" T = "0" Pressure = "0" />
		<Point X = "278" Y = "159" T = "0" Pressure = "0" />
		<Point X = "278" Y = "160" T = "0" Pressure = "0" />
		<Point X = "278" Y = "161" T = "0" Pressure = "0" />
		<Point X = "278" Y = "162" T = "0" Pressure = "0" />
		<Point X = "278" Y = "163" T = "0" Pressure = "0" />
		<Point X = "278" Y = "164" T = "0" Pressure = "0" />
		<Point X = "278" Y = "165" T = "0" Pressure = "0" />
		<Point X = "278" Y = "166" T = "0" Pressure = "0" />
		<Point X = "278" Y = "167" T = "0" Pressure = "0" />
		<Point X = "278" Y = "168" T = "0" Pressure = "0" />
		<Point X = "277" Y = "168" T = "0" Pressure = "0" />
		<Point X = "276" Y = "168" T = "0" Pressure = "0" />
		<Point X = "275" Y = "168" T = "0" Pressure = "0" />
		<Point X = "274" Y = "168" T = "0" Pressure = "0" />
		<Point X = "270" Y = "166" T = "0" Pressure = "0" />
		<Point X = "269" Y = "165" T = "0" Pressure = "0" />
		<Point X = "268" Y = "164" T = "0" Pressure = "0" />
		<Point X = "266" Y = "163" T = "0" Pressure = "0" />
		<Point X = "262" Y = "160" T = "0" Pressure = "0" />
		<Point X = "258" Y = "158" T = "0" Pressure = "0" />
		<Point X = "255" Y = "155" T = "0" Pressure = "0" />
		<Point X = "254" Y = "155" T = "0" Pressure = "0" />
		<Point X = "251" Y = "153" T = "0" Pressure = "0" />
		<Point X = "250" Y = "152" T = "0" Pressure = "0" />
		<Point X = "248" Y = "151" T = "0" Pressure = "0" />
		<Point X = "245" Y = "147" T = "0" Pressure = "0" />
		<Point X = "242" Y = "145" T = "0" Pressure = "0" />
		<Point X = "241" Y = "141" T = "0" Pressure = "0" />
		<Point X = "238" Y = "139" T = "0" Pressure = "0" />
		<Point X = "237" Y = "137" T = "0" Pressure = "0" />
		<Point X = "234" Y = "133" T = "0" Pressure = "0" />
		<Point X = "233" Y = "132" T = "0" Pressure = "0" />
		<Point X = "232" Y = "130" T = "0" Pressure = "0" />
		<Point X = "231" Y = "129" T = "0" Pressure = "0" />
		<Point X = "230" Y = "128" T = "0" Pressure = "0" />
		<Point X = "229" Y = "127" T = "0" Pressure = "0" />
		<Point X = "228" Y = "126" T = "0" Pressure = "0" />
		<Point X = "226" Y = "124" T = "0" Pressure = "0" />
		<Point X = "224" Y = "123" T = "0" Pressure = "0" />
		<Point X = "222" Y = "120" T = "0" Pressure = "0" />
		<Point X = "219" Y = "118" T = "0" Pressure = "0" />
		<Point X = "215" Y = "115" T = "0" Pressure = "0" />
		<Point X = "210" Y = "111" T = "0" Pressure = "0" />
		<Point X = "208" Y = "108" T = "0" Pressure = "0" />
		<Point X = "206" Y = "107" T = "0" Pressure = "0" />
		<Point X = "206" Y = "106" T = "0" Pressure = "0" />
		<Point X = "206" Y = "105" T = "0" Pressure = "0" />
		<Point X = "205" Y = "103" T = "0" Pressure = "0" />
		<Point X = "203" Y = "101" T = "0" Pressure = "0" />
		<Point X = "203" Y = "100" T = "0" Pressure = "0" />
		<Point X = "202" Y = "98" T = "0" Pressure = "0" />
		<Point X = "200" Y = "97" T = "0" Pressure = "0" />
		<Point X = "198" Y = "95" T = "0" Pressure = "0" />
		<Point X = "198" Y = "94" T = "0" Pressure = "0" />
		<Point X = "196" Y = "92" T = "0" Pressure = "0" />
		<Point X = "195" Y = "90" T = "0" Pressure = "0" />
		<Point X = "194" Y = "90" T = "0" Pressure = "0" />
		<Point X = "193" Y = "87" T = "0" Pressure = "0" />
		<Point X = "191" Y = "86" T = "0" Pressure = "0" />
		<Point X = "188" Y = "84" T = "0" Pressure = "0" />
		<Point X = "187" Y = "83" T = "0" Pressure = "0" />
		<Point X = "186" Y = "81" T = "0" Pressure = "0" />
		<Point X = "185" Y = "80" T = "0" Pressure = "0" />
		<Point X = "184" Y = "79" T = "0" Pressure = "0" />
		<Point X = "184" Y = "78" T = "0" Pressure = "0" />
		<Point X = "183" Y = "77" T = "0" Pressure = "0" />
		<Point X = "181" Y = "75" T = "0" Pressure = "0" />
		<Point X = "180" Y = "74" T = "0" Pressure = "0" />
		<Point X = "180" Y = "73" T = "0" Pressure = "0" />
		<Point X = "179" Y = "72" T = "0" Pressure = "0" />
		<Point X = "178" Y = "71" T = "0" Pressure = "0" />
		<Point X = "177" Y = "70" T = "0" Pressure = "0" />
		<Point X = "176" Y = "70" T = "0" Pressure = "0" />
		<Point X = "176" Y = "69" T = "0" Pressure = "0" />
		<Point X = "175" Y = "68" T = "0" Pressure = "0" />
		<Point X = "175" Y = "67" T = "0" Pressure = "0" />
		<Point X = "175" Y = "66" T = "0" Pressure = "0" />
		<Point X = "174" Y = "65" T = "0" Pressure = "0" />
		<Point X = "172" Y = "63" T = "0" Pressure = "0" />
		<Point X = "171" Y = "61" T = "0" Pressure = "0" />
		<Point X = "170" Y = "61" T = "0" Pressure = "0" />
		<Point X = "170" Y = "60" T = "0" Pressure = "0" />
		<Point X = "169" Y = "59" T = "0" Pressure = "0" />
	</Stroke>
</Gesture>
