<?xml version="1.0" encoding="utf-8" standalone="yes"?>
<Gesture Name = "star">
	<Stroke>
		<Point X = "94" Y = "271" T = "0" Pressure = "0" />
		<Point X = "95" Y = "271" T = "0" Pressure = "0" />
		<Point X = "97" Y = "271" T = "0" Pressure = "0" />
		<Point X = "99" Y = "271" T = "0" Pressure = "0" />
		<Point X = "100" Y = "271" T = "0" Pressure = "0" />
		<Point X = "101" Y = "271" T = "0" Pressure = "0" />
		<Point X = "102" Y = "271" T = "0" Pressure = "0" />
		<Point X = "103" Y = "271" T = "0" Pressure = "0" />
		<Point X = "105" Y = "271" T = "0" Pressure = "0" />
		<Point X = "106" Y = "271" T = "0" Pressure = "0" />
		<Point X = "109" Y = "271" T = "0" Pressure = "0" />
		<Point X = "111" Y = "271" T = "0" Pressure = "0" />
		<Point X = "114" Y = "271" T = "0" Pressure = "0" />
		<Point X = "117" Y = "271" T = "0" Pressure = "0" />
		<Point X = "120" Y = "271" T = "0" Pressure = "0" />
		<Point X = "122" Y = "271" T = "0" Pressure = "0" />
		<Point X = "124" Y = "271" T = "0" Pressure = "0" />
		<Point X = "126" Y = "271" T = "0" Pressure = "0" />
		<Point X = "127" Y = "271" T = "0" Pressure = "0" />
		<Point X = "128" Y = "271" T = "0" Pressure = "0" />
		<Point X = "129" Y = "271" T = "0" Pressure = "0" />
		<Point X = "130" Y = "271" T = "0" Pressure = "0" />
		<Point X = "131" Y = "270" T = "0" Pressure = "0" />
		<Point X = "132" Y = "270" T = "0" Pressure = "0" />
		<Point X = "134" Y = "270" T = "0" Pressure = "0" />
		<Point X = "136" Y = "270" T = "0" Pressure = "0" />
		<Point X = "138" Y = "270" T = "0" Pressure = "0" />
		<Point X = "141" Y = "270" T = "0" Pressure = "0" />
		<Point X = "145" Y = "268" T = "0" Pressure = "0" />
		<Point X = "149" Y = "268" T = "0" Pressure = "0" />
		<Point X = "156" Y = "267" T = "0" Pressure = "0" />
		<Point X = "165" Y = "266" T = "0" Pressure = "0" />
		<Point X = "172" Y = "265" T = "0" Pressure = "0" />
		<Point X = "179" Y = "265" T = "0" Pressure = "0" />
		<Point X = "183" Y = "265" T = "0" Pressure = "0" />
		<Point X = "184" Y = "265" T = "0" Pressure = "0" />
		<Point X = "185" Y = "265" T = "0" Pressure = "0" />
		<Point X = "186" Y = "265" T = "0" Pressure = "0" />
		<Point X = "187" Y = "265" T = "0" Pressure = "0" />
		<Point X = "188" Y = "265" T = "0" Pressure = "0" />
		<Point X = "190" Y = "265" T = "0" Pressure = "0" />
		<Point X = "193" Y = "264" T = "0" Pressure = "0" />
		<Point X = "195" Y = "264" T = "0" Pressure = "0" />
		<Point X = "197" Y = "264" T = "0" Pressure = "0" />
		<Point X = "199" Y = "263" T = "0" Pressure = "0" />
		<Point X = "201" Y = "263" T = "0" Pressure = "0" />
		<Point X = "202" Y = "263" T = "0" Pressure = "0" />
		<Point X = "203" Y = "263" T = "0" Pressure = "0" />
		<Point X = "204" Y = "263" T = "0" Pressure = "0" />
		<Point X = "205" Y = "263" T = "0" Pressure = "0" />
		<Point X = "207" Y = "263" T = "0" Pressure = "0" />
		<Point X = "208" Y = "263" T = "0" Pressure = "0" />
		<Point X = "210" Y = "263" T = "0" Pressure = "0" />
		<Point X = "212" Y = "263" T = "0" Pressure = "0" />
		<Point X = "214" Y = "263" T = "0" Pressure = "0" />
		<Point X = "217" Y = "263" T = "0" Pressure = "0" />
		<Point X = "219" Y = "263" T = "0" Pressure = "0" />
		<Point X = "221" Y = "263" T = "0" Pressure = "0" />
		<Point X = "222" Y = "263" T = "0" Pressure = "0" />
		<Point X = "224" Y = "263" T = "0" Pressure = "0" />
		<Point X = "225" Y = "263" T = "0" Pressure = "0" />
		<Point X = "226" Y = "263" T = "0" Pressure = "0" />
		<Point X = "227" Y = "263" T = "0" Pressure = "0" />
		<Point X = "228" Y = "263" T = "0" Pressure = "0" />
		<Point X = "230" Y = "263" T = "0" Pressure = "0" />
		<Point X = "232" Y = "263" T = "0" Pressure = "0" />
		<Point X = "233" Y = "263" T = "0" Pressure = "0" />
		<Point X = "234" Y = "263" T = "0" Pressure = "0" />
		<Point X = "235" Y = "263" T = "0" Pressure = "0" />
		<Point X = "236" Y = "263" T = "0" Pressure = "0" />
		<Point X = "239" Y = "263" T = "0" Pressure = "0" />
		<Point X = "242" Y = "263" T = "0" Pressure = "0" />
		<Point X = "246" Y = "263" T = "0" Pressure = "0" />
		<Point X = "250" Y = "263" T = "0" Pressure = "0" />
		<Point X = "253" Y = "263" T = "0" Pressure = "0" />
		<Point X = "254" Y = "263" T = "0" Pressure = "0" />
		<Point X = "256" Y = "263" T = "0" Pressure = "0" />
		<Point X = "257" Y = "263" T = "0" Pressure = "0" />
		<Point X = "258" Y = "263" T = "0" Pressure = "0" />
		<Point X = "260" Y = "262" T = "0" Pressure = "0" />
		<Point X = "261" Y = "262" T = "0" Pressure = "0" />
		<Point X = "263" Y = "262" T = "0" Pressure = "0" />
		<Point X = "264" Y = "262" T = "0" Pressure = "0" />
		<Point X = "266" Y = "262" T = "0" Pressure = "0" />
		<Point X = "267" Y = "262" T = "0" Pressure = "0" />
		<Point X = "267" Y = "263" T = "0" Pressure = "0" />
		<Point X = "265" Y = "264" T = "0" Pressure = "0" />
		<Point X = "263" Y = "266" T = "0" Pressure = "0" />
		<Point X = "262" Y = "268" T = "0" Pressure = "0" />
		<Point X = "258" Y = "270" T = "0" Pressure = "0" />
		<Point X = "255" Y = "272" T = "0" Pressure = "0" />
		<Point X = "250" Y = "275" T = "0" Pressure = "0" />
		<Point X = "247" Y = "277" T = "0" Pressure = "0" />
		<Point X = "240" Y = "281" T = "0" Pressure = "0" />
		<Point X = "233" Y = "285" T = "0" Pressure = "0" />
		<Point X = "226" Y = "288" T = "0" Pressure = "0" />
		<Point X = "218" Y = "292" T = "0" Pressure = "0" />
		<Point X = "210" Y = "298" T = "0" Pressure = "0" />
		<Point X = "207" Y = "299" T = "0" Pressure = "0" />
		<Point X = "204" Y = "303" T = "0" Pressure = "0" />
		<Point X = "201" Y = "304" T = "0" Pressure = "0" />
		<Point X = "201" Y = "305" T = "0" Pressure = "0" />
		<Point X = "199" Y = "306" T = "0" Pressure = "0" />
		<Point X = "198" Y = "306" T = "0" Pressure = "0" />
		<Point X = "196" Y = "307" T = "0" Pressure = "0" />
		<Point X = "195" Y = "308" T = "0" Pressure = "0" />
		<Point X = "195" Y = "309" T = "0" Pressure = "0" />
		<Point X = "193" Y = "309" T = "0" Pressure = "0" />
		<Point X = "190" Y = "311" T = "0" Pressure = "0" />
		<Point X = "189" Y = "311" T = "0" Pressure = "0" />
		<Point X = "188" Y = "311" T = "0" Pressure = "0" />
		<Point X = "186" Y = "311" T = "0" Pressure = "0" />
		<Point X = "184" Y = "312" T = "0" Pressure = "0" />
		<Point X = "183" Y = "313" T = "0" Pressure = "0" />
		<Point X = "182" Y = "313" T = "0" Pressure = "0" />
		<Point X = "180" Y = "314" T = "0" Pressure = "0" />
		<Point X = "179" Y = "315" T = "0" Pressure = "0" />
		<Point X = "177" Y = "316" T = "0" Pressure = "0" />
		<Point X = "175" Y = "316" T = "0" Pressure = "0" />
		<Point X = "173" Y = "316" T = "0" Pressure = "0" />
		<Point X = "169" Y = "318" T = "0" Pressure = "0" />
		<Point X = "166" Y = "318" T = "0" Pressure = "0" />
		<Point X = "165" Y = "319" T = "0" Pressure = "0" />
		<Point X = "163" Y = "320" T = "0" Pressure = "0" />
		<Point X = "161" Y = "320" T = "0" Pressure = "0" />
		<Point X = "158" Y = "322" T = "0" Pressure = "0" />
		<Point X = "156" Y = "323" T = "0" Pressure = "0" />
		<Point X = "154" Y = "324" T = "0" Pressure = "0" />
		<Point X = "151" Y = "325" T = "0" Pressure = "0" />
		<Point X = "150" Y = "326" T = "0" Pressure = "0" />
		<Point X = "149" Y = "326" T = "0" Pressure = "0" />
		<Point X = "148" Y = "327" T = "0" Pressure = "0" />
		<Point X = "146" Y = "327" T = "0" Pressure = "0" />
		<Point X = "145" Y = "327" T = "0" Pressure = "0" />
		<Point X = "144" Y = "329" T = "0" Pressure = "0" />
		<Point X = "143" Y = "329" T = "0" Pressure = "0" />
		<Point X = "142" Y = "329" T = "0" Pressure = "0" />
		<Point X = "142" Y = "330" T = "0" Pressure = "0" />
		<Point X = "141" Y = "331" T = "0" Pressure = "0" />
		<Point X = "140" Y = "332" T = "0" Pressure = "0" />
		<Point X = "139" Y = "332" T = "0" Pressure = "0" />
		<Point X = "138" Y = "334" T = "0" Pressure = "0" />
		<Point X = "135" Y = "335" T = "0" Pressure = "0" />
		<Point X = "134" Y = "336" T = "0" Pressure = "0" />
		<Point X = "133" Y = "337" T = "0" Pressure = "0" />
		<Point X = "132" Y = "337" T = "0" Pressure = "0" />
		<Point X = "130" Y = "339" T = "0" Pressure = "0" />
		<Point X = "129" Y = "339" T = "0" Pressure = "0" />
		<Point X = "129" Y = "340" T = "0" Pressure = "0" />
		<Point X = "128" Y = "340" T = "0" Pressure = "0" />
		<Point X = "127" Y = "341" T = "0" Pressure = "0" />
		<Point X = "126" Y = "341" T = "0" Pressure = "0" />
		<Point X = "125" Y = "342" T = "0" Pressure = "0" />
		<Point X = "124" Y = "342" T = "0" Pressure = "0" />
		<Point X = "122" Y = "343" T = "0" Pressure = "0" />
		<Point X = "122" Y = "342" T = "0" Pressure = "0" />
		<Point X = "123" Y = "337" T = "0" Pressure = "0" />
		<Point X = "123" Y = "333" T = "0" Pressure = "0" />
		<Point X = "125" Y = "326" T = "0" Pressure = "0" />
		<Point X = "126" Y = "320" T = "0" Pressure = "0" />
		<Point X = "126" Y = "316" T = "0" Pressure = "0" />
		<Point X = "127" Y = "310" T = "0" Pressure = "0" />
		<Point X = "128" Y = "306" T = "0" Pressure = "0" />
		<Point X = "130" Y = "300" T = "0" Pressure = "0" />
		<Point X = "131" Y = "297" T = "0" Pressure = "0" />
		<Point X = "132" Y = "292" T = "0" Pressure = "0" />
		<Point X = "133" Y = "289" T = "0" Pressure = "0" />
		<Point X = "135" Y = "284" T = "0" Pressure = "0" />
		<Point X = "137" Y = "281" T = "0" Pressure = "0" />
		<Point X = "137" Y = "278" T = "0" Pressure = "0" />
		<Point X = "140" Y = "275" T = "0" Pressure = "0" />
		<Point X = "141" Y = "270" T = "0" Pressure = "0" />
		<Point X = "141" Y = "267" T = "0" Pressure = "0" />
		<Point X = "143" Y = "261" T = "0" Pressure = "0" />
		<Point X = "144" Y = "258" T = "0" Pressure = "0" />
		<Point X = "145" Y = "254" T = "0" Pressure = "0" />
		<Point X = "146" Y = "249" T = "0" Pressure = "0" />
		<Point X = "148" Y = "244" T = "0" Pressure = "0" />
		<Point X = "148" Y = "240" T = "0" Pressure = "0" />
		<Point X = "148" Y = "237" T = "0" Pressure = "0" />
		<Point X = "148" Y = "234" T = "0" Pressure = "0" />
		<Point X = "148" Y = "233" T = "0" Pressure = "0" />
		<Point X = "149" Y = "230" T = "0" Pressure = "0" />
		<Point X = "149" Y = "229" T = "0" Pressure = "0" />
		<Point X = "149" Y = "227" T = "0" Pressure = "0" />
		<Point X = "149" Y = "225" T = "0" Pressure = "0" />
		<Point X = "150" Y = "224" T = "0" Pressure = "0" />
		<Point X = "150" Y = "223" T = "0" Pressure = "0" />
		<Point X = "151" Y = "220" T = "0" Pressure = "0" />
		<Point X = "151" Y = "219" T = "0" Pressure = "0" />
		<Point X = "152" Y = "218" T = "0" Pressure = "0" />
		<Point X = "152" Y = "217" T = "0" Pressure = "0" />
		<Point X = "155" Y = "215" T = "0" Pressure = "0" />
		<Point X = "155" Y = "214" T = "0" Pressure = "0" />
		<Point X = "156" Y = "213" T = "0" Pressure = "0" />
		<Point X = "156" Y = "212" T = "0" Pressure = "0" />
		<Point X = "158" Y = "209" T = "0" Pressure = "0" />
		<Point X = "159" Y = "209" T = "0" Pressure = "0" />
		<Point X = "161" Y = "211" T = "0" Pressure = "0" />
		<Point X = "163" Y = "214" T = "0" Pressure = "0" />
		<Point X = "166" Y = "218" T = "0" Pressure = "0" />
		<Point X = "170" Y = "223" T = "0" Pressure = "0" />
		<Point X = "173" Y = "229" T = "0" Pressure = "0" />
		<Point X = "176" Y = "234" T = "0" Pressure = "0" />
		<Point X = "178" Y = "241" T = "0" Pressure = "0" />
		<Point X = "181" Y = "246" T = "0" Pressure = "0" />
		<Point X = "183" Y = "248" T = "0" Pressure = "0" />
		<Point X = "185" Y = "252" T = "0" Pressure = "0" />
		<Point X = "186" Y = "257" T = "0" Pressure = "0" />
		<Point X = "190" Y = "263" T = "0" Pressure = "0" />
		<Point X = "191" Y = "269" T = "0" Pressure = "0" />
		<Point X = "194" Y = "274" T = "0" Pressure = "0" />
		<Point X = "196" Y = "276" T = "0" Pressure = "0" />
		<Point X = "196" Y = "279" T = "0" Pressure = "0" />
		<Point X = "198" Y = "281" T = "0" Pressure = "0" />
		<Point X = "199" Y = "284" T = "0" Pressure = "0" />
		<Point X = "200" Y = "287" T = "0" Pressure = "0" />
		<Point X = "200" Y = "289" T = "0" Pressure = "0" />
		<Point X = "202" Y = "290" T = "0" Pressure = "0" />
		<Point X = "202" Y = "294" T = "0" Pressure = "0" />
		<Point X = "202" Y = "295" T = "0" Pressure = "0" />
		<Point X = "203" Y = "298" T = "0" Pressure = "0" />
		<Point X = "204" Y = "300" T = "0" Pressure = "0" />
		<Point X = "205" Y = "303" T = "0" Pressure = "0" />
		<Point X = "206" Y = "305" T = "0" Pressure = "0" />
		<Point X = "207" Y = "308" T = "0" Pressure = "0" />
		<Point X = "208" Y = "309" T = "0" Pressure = "0" />
		<Point X = "210" Y = "311" T = "0" Pressure = "0" />
		<Point X = "211" Y = "313" T = "0" Pressure = "0" />
		<Point X = "211" Y = "314" T = "0" Pressure = "0" />
		<Point X = "211" Y = "315" T = "0" Pressure = "0" />
		<Point X = "213" Y = "316" T = "0" Pressure = "0" />
		<Point X = "213" Y = "317" T = "0" Pressure = "0" />
		<Point X = "213" Y = "319" T = "0" Pressure = "0" />
		<Point X = "213" Y = "320" T = "0" Pressure = "0" />
		<Point X = "214" Y = "322" T = "0" Pressure = "0" />
		<Point X = "216" Y = "325" T = "0" Pressure = "0" />
		<Point X = "217" Y = "328" T = "0" Pressure = "0" />
		<Point X = "218" Y = "330" T = "0" Pressure = "0" />
		<Point X = "219" Y = "334" T = "0" Pressure = "0" />
		<Point X = "220" Y = "335" T = "0" Pressure = "0" />
		<Point X = "221" Y = "337" T = "0" Pressure = "0" />
		<Point X = "222" Y = "339" T = "0" Pressure = "0" />
		<Point X = "222" Y = "341" T = "0" Pressure = "0" />
		<Point X = "222" Y = "342" T = "0" Pressure = "0" />
		<Point X = "222" Y = "343" T = "0" Pressure = "0" />
		<Point X = "222" Y = "344" T = "0" Pressure = "0" />
		<Point X = "222" Y = "345" T = "0" Pressure = "0" />
		<Point X = "222" Y = "346" T = "0" Pressure = "0" />
		<Point X = "222" Y = "347" T = "0" Pressure = "0" />
		<Point X = "222" Y = "348" T = "0" Pressure = "0" />
		<Point X = "222" Y = "349" T = "0" Pressure = "0" />
		<Point X = "221" Y = "349" T = "0" Pressure = "0" />
		<Point X = "218" Y = "349" T = "0" Pressure = "0" />
		<Point X = "214" Y = "347" T = "0" Pressure = "0" />
		<Point X = "213" Y = "347" T = "0" Pressure = "0" />
		<Point X = "211" Y = "345" T = "0" Pressure = "0" />
		<Point X = "207" Y = "343" T = "0" Pressure = "0" />
		<Point X = "205" Y = "342" T = "0" Pressure = "0" />
		<Point X = "203" Y = "341" T = "0" Pressure = "0" />
		<Point X = "201" Y = "339" T = "0" Pressure = "0" />
		<Point X = "199" Y = "338" T = "0" Pressure = "0" />
		<Point X = "198" Y = "337" T = "0" Pressure = "0" />
		<Point X = "195" Y = "336" T = "0" Pressure = "0" />
		<Point X = "194" Y = "335" T = "0" Pressure = "0" />
		<Point X = "192" Y = "334" T = "0" Pressure = "0" />
		<Point X = "190" Y = "334" T = "0" Pressure = "0" />
		<Point X = "187" Y = "334" T = "0" Pressure = "0" />
		<Point X = "185" Y = "331" T = "0" Pressure = "0" />
		<Point X = "183" Y = "330" T = "0" Pressure = "0" />
		<Point X = "180" Y = "330" T = "0" Pressure = "0" />
		<Point X = "177" Y = "328" T = "0" Pressure = "0" />
		<Point X = "176" Y = "327" T = "0" Pressure = "0" />
		<Point X = "173" Y = "327" T = "0" Pressure = "0" />
		<Point X = "172" Y = "326" T = "0" Pressure = "0" />
		<Point X = "170" Y = "325" T = "0" Pressure = "0" />
		<Point X = "169" Y = "324" T = "0" Pressure = "0" />
		<Point X = "167" Y = "323" T = "0" Pressure = "0" />
		<Point X = "165" Y = "323" T = "0" Pressure = "0" />
		<Point X = "163" Y = "320" T = "0" Pressure = "0" />
		<Point X = "161" Y = "320" T = "0" Pressure = "0" />
		<Point X = "159" Y = "319" T = "0" Pressure = "0" />
		<Point X = "157" Y = "317" T = "0" Pressure = "0" />
		<Point X = "155" Y = "317" T = "0" Pressure = "0" />
		<Point X = "153" Y = "315" T = "0" Pressure = "0" />
		<Point X = "151" Y = "314" T = "0" Pressure = "0" />
		<Point X = "150" Y = "314" T = "0" Pressure = "0" />
		<Point X = "149" Y = "313" T = "0" Pressure = "0" />
		<Point X = "148" Y = "313" T = "0" Pressure = "0" />
		<Point X = "146" Y = "311" T = "0" Pressure = "0" />
		<Point X = "145" Y = "311" T = "0" Pressure = "0" />
		<Point X = "143" Y = "310" T = "0" Pressure = "0" />
		<Point X = "140" Y = "309" T = "0" Pressure = "0" />
		<Point X = "139" Y = "308" T = "0" Pressure = "0" />
		<Point X = "136" Y = "307" T = "0" Pressure = "0" />
		<Point X = "134" Y = "305" T = "0" Pressure = "0" />
		<Point X = "133" Y = "305" T = "0" Pressure = "0" />
		<Point X = "132" Y = "304" T = "0" Pressure = "0" />
		<Point X = "132" Y = "303" T = "0" Pressure = "0" />
		<Point X = "131" Y = "303" T = "0" Pressure = "0" />
		<Point X = "130" Y = "302" T = "0" Pressure = "0" />
		<Point X = "129" Y = "301" T = "0" Pressure = "0" />
		<Point X = "128" Y = "300" T = "0" Pressure = "0" />
		<Point X = "127" Y = "298" T = "0" Pressure = "0" />
		<Point X = "125" Y = "296" T = "0" Pressure = "0" />
		<Point X = "124" Y = "295" T = "0" Pressure = "0" />
		<Point X = "122" Y = "293" T = "0" Pressure = "0" />
		<Point X = "120" Y = "289" T = "0" Pressure = "0" />
		<Point X = "118" Y = "288" T = "0" Pressure = "0" />
		<Point X = "118" Y = "287" T = "0" Pressure = "0" />
		<Point X = "117" Y = "286" T = "0" Pressure = "0" />
		<Point X = "117" Y = "285" T = "0" Pressure = "0" />
		<Point X = "116" Y = "284" T = "0" Pressure = "0" />
		<Point X = "116" Y = "283" T = "0" Pressure = "0" />
		<Point X = "115" Y = "282" T = "0" Pressure = "0" />
		<Point X = "114" Y = "281" T = "0" Pressure = "0" />
		<Point X = "113" Y = "279" T = "0" Pressure = "0" />
		<Point X = "112" Y = "279" T = "0" Pressure = "0" />
		<Point X = "110" Y = "279" T = "0" Pressure = "0" />
		<Point X = "109" Y = "278" T = "0" Pressure = "0" />
		<Point X = "108" Y = "277" T = "0" Pressure = "0" />
		<Point X = "107" Y = "277" T = "0" Pressure = "0" />
		<Point X = "106" Y = "276" T = "0" Pressure = "0" />
		<Point X = "105" Y = "275" T = "0" Pressure = "0" />
		<Point X = "104" Y = "275" T = "0" Pressure = "0" />
		<Point X = "103" Y = "275" T = "0" Pressure = "0" />
		<Point X = "102" Y = "274" T = "0" Pressure = "0" />
		<Point X = "101" Y = "274" T = "0" Pressure = "0" />
		<Point X = "100" Y = "274" T = "0" Pressure = "0" />
		<Point X = "99" Y = "274" T = "0" Pressure = "0" />
		<Point X = "98" Y = "274" T = "0" Pressure = "0" />
		<Point X = "96" Y = "273" T = "0" Pressure = "0" />
		<Point X = "96" Y = "272" T = "0" Pressure = "0" />
		<Point X = "95" Y = "272" T = "0" Pressure = "0" />
		<Point X = "94" Y = "272" T = "0" Pressure = "0" />
		<Point X = "93" Y = "271" T = "0" Pressure = "0" />
	</Stroke>
</Gesture>
