<?xml version="1.0" encoding="utf-8" standalone="yes"?>
<Gesture Name = "star">
	<Stroke>
		<Point X = "326" Y = "122" T = "0" Pressure = "0" />
		<Point X = "327" Y = "122" T = "0" Pressure = "0" />
		<Point X = "329" Y = "122" T = "0" Pressure = "0" />
		<Point X = "332" Y = "122" T = "0" Pressure = "0" />
		<Point X = "336" Y = "122" T = "0" Pressure = "0" />
		<Point X = "339" Y = "122" T = "0" Pressure = "0" />
		<Point X = "342" Y = "122" T = "0" Pressure = "0" />
		<Point X = "346" Y = "122" T = "0" Pressure = "0" />
		<Point X = "348" Y = "122" T = "0" Pressure = "0" />
		<Point X = "354" Y = "122" T = "0" Pressure = "0" />
		<Point X = "361" Y = "122" T = "0" Pressure = "0" />
		<Point X = "367" Y = "122" T = "0" Pressure = "0" />
		<Point X = "374" Y = "122" T = "0" Pressure = "0" />
		<Point X = "381" Y = "122" T = "0" Pressure = "0" />
		<Point X = "385" Y = "122" T = "0" Pressure = "0" />
		<Point X = "388" Y = "122" T = "0" Pressure = "0" />
		<Point X = "389" Y = "122" T = "0" Pressure = "0" />
		<Point X = "391" Y = "122" T = "0" Pressure = "0" />
		<Point X = "392" Y = "122" T = "0" Pressure = "0" />
		<Point X = "393" Y = "121" T = "0" Pressure = "0" />
		<Point X = "393" Y = "123" T = "0" Pressure = "0" />
		<Point X = "392" Y = "127" T = "0" Pressure = "0" />
		<Point X = "390" Y = "132" T = "0" Pressure = "0" />
		<Point X = "386" Y = "139" T = "0" Pressure = "0" />
		<Point X = "381" Y = "148" T = "0" Pressure = "0" />
		<Point X = "376" Y = "158" T = "0" Pressure = "0" />
		<Point X = "370" Y = "167" T = "0" Pressure = "0" />
		<Point X = "365" Y = "175" T = "0" Pressure = "0" />
		<Point X = "359" Y = "185" T = "0" Pressure = "0" />
		<Point X = "354" Y = "192" T = "0" Pressure = "0" />
		<Point X = "349" Y = "197" T = "0" Pressure = "0" />
		<Point X = "347" Y = "199" T = "0" Pressure = "0" />
		<Point X = "345" Y = "201" T = "0" Pressure = "0" />
		<Point X = "344" Y = "201" T = "0" Pressure = "0" />
		<Point X = "343" Y = "201" T = "0" Pressure = "0" />
		<Point X = "341" Y = "202" T = "0" Pressure = "0" />
		<Point X = "339" Y = "204" T = "0" Pressure = "0" />
		<Point X = "338" Y = "204" T = "0" Pressure = "0" />
		<Point X = "337" Y = "204" T = "0" Pressure = "0" />
		<Point X = "337" Y = "202" T = "0" Pressure = "0" />
		<Point X = "337" Y = "199" T = "0" Pressure = "0" />
		<Point X = "337" Y = "194" T = "0" Pressure = "0" />
		<Point X = "337" Y = "190" T = "0" Pressure = "0" />
		<Point X = "337" Y = "181" T = "0" Pressure = "0" />
		<Point X = "340" Y = "174" T = "0" Pressure = "0" />
		<Point X = "340" Y = "166" T = "0" Pressure = "0" />
		<Point X = "341" Y = "161" T = "0" Pressure = "0" />
		<Point X = "342" Y = "154" T = "0" Pressure = "0" />
		<Point X = "345" Y = "146" T = "0" Pressure = "0" />
		<Point X = "346" Y = "140" T = "0" Pressure = "0" />
		<Point X = "347" Y = "134" T = "0" Pressure = "0" />
		<Point X = "349" Y = "126" T = "0" Pressure = "0" />
		<Point X = "350" Y = "120" T = "0" Pressure = "0" />
		<Point X = "350" Y = "114" T = "0" Pressure = "0" />
		<Point X = "351" Y = "110" T = "0" Pressure = "0" />
		<Point X = "352" Y = "106" T = "0" Pressure = "0" />
		<Point X = "352" Y = "102" T = "0" Pressure = "0" />
		<Point X = "353" Y = "99" T = "0" Pressure = "0" />
		<Point X = "354" Y = "98" T = "0" Pressure = "0" />
		<Point X = "354" Y = "96" T = "0" Pressure = "0" />
		<Point X = "355" Y = "94" T = "0" Pressure = "0" />
		<Point X = "355" Y = "93" T = "0" Pressure = "0" />
		<Point X = "355" Y = "91" T = "0" Pressure = "0" />
		<Point X = "355" Y = "89" T = "0" Pressure = "0" />
		<Point X = "355" Y = "88" T = "0" Pressure = "0" />
		<Point X = "357" Y = "86" T = "0" Pressure = "0" />
		<Point X = "357" Y = "84" T = "0" Pressure = "0" />
		<Point X = "357" Y = "82" T = "0" Pressure = "0" />
		<Point X = "358" Y = "80" T = "0" Pressure = "0" />
		<Point X = "358" Y = "78" T = "0" Pressure = "0" />
		<Point X = "358" Y = "77" T = "0" Pressure = "0" />
		<Point X = "359" Y = "76" T = "0" Pressure = "0" />
		<Point X = "359" Y = "75" T = "0" Pressure = "0" />
		<Point X = "360" Y = "74" T = "0" Pressure = "0" />
		<Point X = "361" Y = "75" T = "0" Pressure = "0" />
		<Point X = "361" Y = "76" T = "0" Pressure = "0" />
		<Point X = "361" Y = "80" T = "0" Pressure = "0" />
		<Point X = "361" Y = "83" T = "0" Pressure = "0" />
		<Point X = "364" Y = "89" T = "0" Pressure = "0" />
		<Point X = "365" Y = "92" T = "0" Pressure = "0" />
		<Point X = "366" Y = "98" T = "0" Pressure = "0" />
		<Point X = "367" Y = "103" T = "0" Pressure = "0" />
		<Point X = "370" Y = "111" T = "0" Pressure = "0" />
		<Point X = "372" Y = "118" T = "0" Pressure = "0" />
		<Point X = "374" Y = "122" T = "0" Pressure = "0" />
		<Point X = "375" Y = "128" T = "0" Pressure = "0" />
		<Point X = "377" Y = "133" T = "0" Pressure = "0" />
		<Point X = "380" Y = "140" T = "0" Pressure = "0" />
		<Point X = "381" Y = "145" T = "0" Pressure = "0" />
		<Point X = "384" Y = "151" T = "0" Pressure = "0" />
		<Point X = "385" Y = "154" T = "0" Pressure = "0" />
		<Point X = "386" Y = "156" T = "0" Pressure = "0" />
		<Point X = "386" Y = "159" T = "0" Pressure = "0" />
		<Point X = "388" Y = "163" T = "0" Pressure = "0" />
		<Point X = "389" Y = "166" T = "0" Pressure = "0" />
		<Point X = "390" Y = "168" T = "0" Pressure = "0" />
		<Point X = "390" Y = "171" T = "0" Pressure = "0" />
		<Point X = "393" Y = "175" T = "0" Pressure = "0" />
		<Point X = "394" Y = "176" T = "0" Pressure = "0" />
		<Point X = "395" Y = "178" T = "0" Pressure = "0" />
		<Point X = "395" Y = "180" T = "0" Pressure = "0" />
		<Point X = "397" Y = "182" T = "0" Pressure = "0" />
		<Point X = "397" Y = "183" T = "0" Pressure = "0" />
		<Point X = "399" Y = "185" T = "0" Pressure = "0" />
		<Point X = "399" Y = "186" T = "0" Pressure = "0" />
		<Point X = "400" Y = "186" T = "0" Pressure = "0" />
		<Point X = "400" Y = "188" T = "0" Pressure = "0" />
		<Point X = "400" Y = "191" T = "0" Pressure = "0" />
		<Point X = "400" Y = "193" T = "0" Pressure = "0" />
		<Point X = "401" Y = "195" T = "0" Pressure = "0" />
		<Point X = "401" Y = "196" T = "0" Pressure = "0" />
		<Point X = "401" Y = "197" T = "0" Pressure = "0" />
		<Point X = "400" Y = "197" T = "0" Pressure = "0" />
		<Point X = "399" Y = "197" T = "0" Pressure = "0" />
		<Point X = "397" Y = "197" T = "0" Pressure = "0" />
		<Point X = "393" Y = "195" T = "0" Pressure = "0" />
		<Point X = "392" Y = "193" T = "0" Pressure = "0" />
		<Point X = "389" Y = "189" T = "0" Pressure = "0" />
		<Point X = "386" Y = "186" T = "0" Pressure = "0" />
		<Point X = "384" Y = "182" T = "0" Pressure = "0" />
		<Point X = "382" Y = "179" T = "0" Pressure = "0" />
		<Point X = "380" Y = "174" T = "0" Pressure = "0" />
		<Point X = "378" Y = "172" T = "0" Pressure = "0" />
		<Point X = "376" Y = "170" T = "0" Pressure = "0" />
		<Point X = "375" Y = "169" T = "0" Pressure = "0" />
		<Point X = "374" Y = "168" T = "0" Pressure = "0" />
		<Point X = "372" Y = "165" T = "0" Pressure = "0" />
		<Point X = "371" Y = "163" T = "0" Pressure = "0" />
		<Point X = "369" Y = "160" T = "0" Pressure = "0" />
		<Point X = "368" Y = "156" T = "0" Pressure = "0" />
		<Point X = "366" Y = "153" T = "0" Pressure = "0" />
		<Point X = "364" Y = "150" T = "0" Pressure = "0" />
		<Point X = "364" Y = "149" T = "0" Pressure = "0" />
		<Point X = "363" Y = "148" T = "0" Pressure = "0" />
		<Point X = "362" Y = "146" T = "0" Pressure = "0" />
		<Point X = "361" Y = "145" T = "0" Pressure = "0" />
		<Point X = "360" Y = "145" T = "0" Pressure = "0" />
		<Point X = "359" Y = "144" T = "0" Pressure = "0" />
		<Point X = "359" Y = "143" T = "0" Pressure = "0" />
		<Point X = "358" Y = "143" T = "0" Pressure = "0" />
		<Point X = "357" Y = "143" T = "0" Pressure = "0" />
		<Point X = "355" Y = "142" T = "0" Pressure = "0" />
		<Point X = "354" Y = "142" T = "0" Pressure = "0" />
		<Point X = "353" Y = "141" T = "0" Pressure = "0" />
		<Point X = "351" Y = "139" T = "0" Pressure = "0" />
		<Point X = "350" Y = "139" T = "0" Pressure = "0" />
		<Point X = "350" Y = "138" T = "0" Pressure = "0" />
		<Point X = "349" Y = "137" T = "0" Pressure = "0" />
		<Point X = "348" Y = "136" T = "0" Pressure = "0" />
		<Point X = "347" Y = "136" T = "0" Pressure = "0" />
		<Point X = "347" Y = "135" T = "0" Pressure = "0" />
		<Point X = "345" Y = "134" T = "0" Pressure = "0" />
		<Point X = "344" Y = "133" T = "0" Pressure = "0" />
		<Point X = "342" Y = "132" T = "0" Pressure = "0" />
		<Point X = "341" Y = "132" T = "0" Pressure = "0" />
		<Point X = "340" Y = "131" T = "0" Pressure = "0" />
		<Point X = "339" Y = "130" T = "0" Pressure = "0" />
		<Point X = "337" Y = "129" T = "0" Pressure = "0" />
		<Point X = "336" Y = "129" T = "0" Pressure = "0" />
		<Point X = "335" Y = "128" T = "0" Pressure = "0" />
		<Point X = "335" Y = "127" T = "0" Pressure = "0" />
		<Point X = "334" Y = "126" T = "0" Pressure = "0" />
		<Point X = "334" Y = "125" T = "0" Pressure = "0" />
		<Point X = "333" Y = "125" T = "0" Pressure = "0" />
		<Point X = "332" Y = "124" T = "0" Pressure = "0" />
		<Point X = "331" Y = "123" T = "0" Pressure = "0" />
		<Point X = "331" Y = "122" T = "0" Pressure = "0" />
		<Point X = "330" Y = "122" T = "0" Pressure = "0" />
		<Point X = "330" Y = "121" T = "0" Pressure = "0" />
		<Point X = "330" Y = "120" T = "0" Pressure = "0" />
		<Point X = "329" Y = "119" T = "0" Pressure = "0" />
		<Point X = "328" Y = "119" T = "0" Pressure = "0" />
		<Point X = "326" Y = "118" T = "0" Pressure = "0" />
	</Stroke>
</Gesture>
