<?xml version="1.0" encoding="utf-8" standalone="yes"?>
<Gesture Name = "star">
	<Stroke>
		<Point X = "168" Y = "145" T = "0" Pressure = "0" />
		<Point X = "171" Y = "145" T = "0" Pressure = "0" />
		<Point X = "173" Y = "144" T = "0" Pressure = "0" />
		<Point X = "174" Y = "144" T = "0" Pressure = "0" />
		<Point X = "176" Y = "143" T = "0" Pressure = "0" />
		<Point X = "178" Y = "143" T = "0" Pressure = "0" />
		<Point X = "181" Y = "143" T = "0" Pressure = "0" />
		<Point X = "185" Y = "143" T = "0" Pressure = "0" />
		<Point X = "190" Y = "143" T = "0" Pressure = "0" />
		<Point X = "197" Y = "143" T = "0" Pressure = "0" />
		<Point X = "206" Y = "143" T = "0" Pressure = "0" />
		<Point X = "214" Y = "143" T = "0" Pressure = "0" />
		<Point X = "220" Y = "143" T = "0" Pressure = "0" />
		<Point X = "223" Y = "143" T = "0" Pressure = "0" />
		<Point X = "225" Y = "143" T = "0" Pressure = "0" />
		<Point X = "228" Y = "143" T = "0" Pressure = "0" />
		<Point X = "231" Y = "143" T = "0" Pressure = "0" />
		<Point X = "234" Y = "143" T = "0" Pressure = "0" />
		<Point X = "238" Y = "143" T = "0" Pressure = "0" />
		<Point X = "242" Y = "143" T = "0" Pressure = "0" />
		<Point X = "248" Y = "143" T = "0" Pressure = "0" />
		<Point X = "252" Y = "143" T = "0" Pressure = "0" />
		<Point X = "256" Y = "143" T = "0" Pressure = "0" />
		<Point X = "259" Y = "143" T = "0" Pressure = "0" />
		<Point X = "262" Y = "143" T = "0" Pressure = "0" />
		<Point X = "263" Y = "143" T = "0" Pressure = "0" />
		<Point X = "264" Y = "143" T = "0" Pressure = "0" />
		<Point X = "265" Y = "143" T = "0" Pressure = "0" />
		<Point X = "266" Y = "143" T = "0" Pressure = "0" />
		<Point X = "267" Y = "143" T = "0" Pressure = "0" />
		<Point X = "268" Y = "143" T = "0" Pressure = "0" />
		<Point X = "270" Y = "143" T = "0" Pressure = "0" />
		<Point X = "272" Y = "143" T = "0" Pressure = "0" />
		<Point X = "275" Y = "143" T = "0" Pressure = "0" />
		<Point X = "277" Y = "143" T = "0" Pressure = "0" />
		<Point X = "281" Y = "143" T = "0" Pressure = "0" />
		<Point X = "282" Y = "143" T = "0" Pressure = "0" />
		<Point X = "285" Y = "143" T = "0" Pressure = "0" />
		<Point X = "286" Y = "143" T = "0" Pressure = "0" />
		<Point X = "288" Y = "143" T = "0" Pressure = "0" />
		<Point X = "289" Y = "143" T = "0" Pressure = "0" />
		<Point X = "292" Y = "142" T = "0" Pressure = "0" />
		<Point X = "294" Y = "142" T = "0" Pressure = "0" />
		<Point X = "297" Y = "142" T = "0" Pressure = "0" />
		<Point X = "299" Y = "142" T = "0" Pressure = "0" />
		<Point X = "302" Y = "142" T = "0" Pressure = "0" />
		<Point X = "303" Y = "142" T = "0" Pressure = "0" />
		<Point X = "304" Y = "142" T = "0" Pressure = "0" />
		<Point X = "305" Y = "142" T = "0" Pressure = "0" />
		<Point X = "306" Y = "142" T = "0" Pressure = "0" />
		<Point X = "307" Y = "141" T = "0" Pressure = "0" />
		<Point X = "308" Y = "141" T = "0" Pressure = "0" />
		<Point X = "309" Y = "141" T = "0" Pressure = "0" />
		<Point X = "310" Y = "141" T = "0" Pressure = "0" />
		<Point X = "307" Y = "145" T = "0" Pressure = "0" />
		<Point X = "303" Y = "150" T = "0" Pressure = "0" />
		<Point X = "299" Y = "156" T = "0" Pressure = "0" />
		<Point X = "294" Y = "163" T = "0" Pressure = "0" />
		<Point X = "290" Y = "168" T = "0" Pressure = "0" />
		<Point X = "286" Y = "174" T = "0" Pressure = "0" />
		<Point X = "283" Y = "177" T = "0" Pressure = "0" />
		<Point X = "279" Y = "180" T = "0" Pressure = "0" />
		<Point X = "279" Y = "181" T = "0" Pressure = "0" />
		<Point X = "277" Y = "183" T = "0" Pressure = "0" />
		<Point X = "276" Y = "184" T = "0" Pressure = "0" />
		<Point X = "275" Y = "185" T = "0" Pressure = "0" />
		<Point X = "274" Y = "185" T = "0" Pressure = "0" />
		<Point X = "273" Y = "187" T = "0" Pressure = "0" />
		<Point X = "272" Y = "188" T = "0" Pressure = "0" />
		<Point X = "269" Y = "192" T = "0" Pressure = "0" />
		<Point X = "266" Y = "196" T = "0" Pressure = "0" />
		<Point X = "264" Y = "200" T = "0" Pressure = "0" />
		<Point X = "263" Y = "200" T = "0" Pressure = "0" />
		<Point X = "262" Y = "202" T = "0" Pressure = "0" />
		<Point X = "261" Y = "203" T = "0" Pressure = "0" />
		<Point X = "260" Y = "204" T = "0" Pressure = "0" />
		<Point X = "258" Y = "206" T = "0" Pressure = "0" />
		<Point X = "257" Y = "207" T = "0" Pressure = "0" />
		<Point X = "255" Y = "208" T = "0" Pressure = "0" />
		<Point X = "251" Y = "212" T = "0" Pressure = "0" />
		<Point X = "248" Y = "214" T = "0" Pressure = "0" />
		<Point X = "245" Y = "217" T = "0" Pressure = "0" />
		<Point X = "240" Y = "220" T = "0" Pressure = "0" />
		<Point X = "236" Y = "224" T = "0" Pressure = "0" />
		<Point X = "233" Y = "225" T = "0" Pressure = "0" />
		<Point X = "228" Y = "227" T = "0" Pressure = "0" />
		<Point X = "227" Y = "229" T = "0" Pressure = "0" />
		<Point X = "225" Y = "229" T = "0" Pressure = "0" />
		<Point X = "223" Y = "230" T = "0" Pressure = "0" />
		<Point X = "220" Y = "232" T = "0" Pressure = "0" />
		<Point X = "218" Y = "232" T = "0" Pressure = "0" />
		<Point X = "217" Y = "233" T = "0" Pressure = "0" />
		<Point X = "215" Y = "235" T = "0" Pressure = "0" />
		<Point X = "212" Y = "237" T = "0" Pressure = "0" />
		<Point X = "210" Y = "240" T = "0" Pressure = "0" />
		<Point X = "208" Y = "241" T = "0" Pressure = "0" />
		<Point X = "205" Y = "244" T = "0" Pressure = "0" />
		<Point X = "201" Y = "248" T = "0" Pressure = "0" />
		<Point X = "201" Y = "249" T = "0" Pressure = "0" />
		<Point X = "199" Y = "250" T = "0" Pressure = "0" />
		<Point X = "199" Y = "251" T = "0" Pressure = "0" />
		<Point X = "198" Y = "252" T = "0" Pressure = "0" />
		<Point X = "197" Y = "253" T = "0" Pressure = "0" />
		<Point X = "197" Y = "254" T = "0" Pressure = "0" />
		<Point X = "196" Y = "254" T = "0" Pressure = "0" />
		<Point X = "196" Y = "255" T = "0" Pressure = "0" />
		<Point X = "195" Y = "255" T = "0" Pressure = "0" />
		<Point X = "195" Y = "254" T = "0" Pressure = "0" />
		<Point X = "195" Y = "253" T = "0" Pressure = "0" />
		<Point X = "194" Y = "251" T = "0" Pressure = "0" />
		<Point X = "194" Y = "250" T = "0" Pressure = "0" />
		<Point X = "194" Y = "248" T = "0" Pressure = "0" />
		<Point X = "193" Y = "244" T = "0" Pressure = "0" />
		<Point X = "193" Y = "239" T = "0" Pressure = "0" />
		<Point X = "193" Y = "235" T = "0" Pressure = "0" />
		<Point X = "193" Y = "229" T = "0" Pressure = "0" />
		<Point X = "193" Y = "224" T = "0" Pressure = "0" />
		<Point X = "193" Y = "216" T = "0" Pressure = "0" />
		<Point X = "193" Y = "211" T = "0" Pressure = "0" />
		<Point X = "194" Y = "203" T = "0" Pressure = "0" />
		<Point X = "196" Y = "197" T = "0" Pressure = "0" />
		<Point X = "197" Y = "191" T = "0" Pressure = "0" />
		<Point X = "198" Y = "186" T = "0" Pressure = "0" />
		<Point X = "198" Y = "180" T = "0" Pressure = "0" />
		<Point X = "200" Y = "173" T = "0" Pressure = "0" />
		<Point X = "201" Y = "168" T = "0" Pressure = "0" />
		<Point X = "201" Y = "165" T = "0" Pressure = "0" />
		<Point X = "201" Y = "162" T = "0" Pressure = "0" />
		<Point X = "201" Y = "159" T = "0" Pressure = "0" />
		<Point X = "202" Y = "156" T = "0" Pressure = "0" />
		<Point X = "202" Y = "155" T = "0" Pressure = "0" />
		<Point X = "204" Y = "151" T = "0" Pressure = "0" />
		<Point X = "205" Y = "148" T = "0" Pressure = "0" />
		<Point X = "206" Y = "145" T = "0" Pressure = "0" />
		<Point X = "208" Y = "140" T = "0" Pressure = "0" />
		<Point X = "209" Y = "138" T = "0" Pressure = "0" />
		<Point X = "210" Y = "135" T = "0" Pressure = "0" />
		<Point X = "211" Y = "129" T = "0" Pressure = "0" />
		<Point X = "211" Y = "127" T = "0" Pressure = "0" />
		<Point X = "213" Y = "123" T = "0" Pressure = "0" />
		<Point X = "214" Y = "118" T = "0" Pressure = "0" />
		<Point X = "215" Y = "114" T = "0" Pressure = "0" />
		<Point X = "217" Y = "109" T = "0" Pressure = "0" />
		<Point X = "218" Y = "106" T = "0" Pressure = "0" />
		<Point X = "218" Y = "101" T = "0" Pressure = "0" />
		<Point X = "219" Y = "99" T = "0" Pressure = "0" />
		<Point X = "221" Y = "95" T = "0" Pressure = "0" />
		<Point X = "222" Y = "93" T = "0" Pressure = "0" />
		<Point X = "222" Y = "91" T = "0" Pressure = "0" />
		<Point X = "223" Y = "90" T = "0" Pressure = "0" />
		<Point X = "226" Y = "86" T = "0" Pressure = "0" />
		<Point X = "226" Y = "85" T = "0" Pressure = "0" />
		<Point X = "227" Y = "84" T = "0" Pressure = "0" />
		<Point X = "229" Y = "82" T = "0" Pressure = "0" />
		<Point X = "229" Y = "81" T = "0" Pressure = "0" />
		<Point X = "230" Y = "79" T = "0" Pressure = "0" />
		<Point X = "231" Y = "77" T = "0" Pressure = "0" />
		<Point X = "232" Y = "77" T = "0" Pressure = "0" />
		<Point X = "233" Y = "74" T = "0" Pressure = "0" />
		<Point X = "234" Y = "73" T = "0" Pressure = "0" />
		<Point X = "234" Y = "71" T = "0" Pressure = "0" />
		<Point X = "236" Y = "70" T = "0" Pressure = "0" />
		<Point X = "236" Y = "69" T = "0" Pressure = "0" />
		<Point X = "236" Y = "68" T = "0" Pressure = "0" />
		<Point X = "237" Y = "67" T = "0" Pressure = "0" />
		<Point X = "237" Y = "65" T = "0" Pressure = "0" />
		<Point X = "239" Y = "63" T = "0" Pressure = "0" />
		<Point X = "239" Y = "62" T = "0" Pressure = "0" />
		<Point X = "239" Y = "61" T = "0" Pressure = "0" />
		<Point X = "240" Y = "61" T = "0" Pressure = "0" />
		<Point X = "240" Y = "60" T = "0" Pressure = "0" />
		<Point X = "241" Y = "58" T = "0" Pressure = "0" />
		<Point X = "242" Y = "59" T = "0" Pressure = "0" />
		<Point X = "242" Y = "63" T = "0" Pressure = "0" />
		<Point X = "243" Y = "70" T = "0" Pressure = "0" />
		<Point X = "244" Y = "77" T = "0" Pressure = "0" />
		<Point X = "247" Y = "85" T = "0" Pressure = "0" />
		<Point X = "250" Y = "94" T = "0" Pressure = "0" />
		<Point X = "253" Y = "104" T = "0" Pressure = "0" />
		<Point X = "254" Y = "111" T = "0" Pressure = "0" />
		<Point X = "256" Y = "119" T = "0" Pressure = "0" />
		<Point X = "258" Y = "124" T = "0" Pressure = "0" />
		<Point X = "259" Y = "130" T = "0" Pressure = "0" />
		<Point X = "259" Y = "134" T = "0" Pressure = "0" />
		<Point X = "260" Y = "138" T = "0" Pressure = "0" />
		<Point X = "260" Y = "142" T = "0" Pressure = "0" />
		<Point X = "260" Y = "146" T = "0" Pressure = "0" />
		<Point X = "260" Y = "150" T = "0" Pressure = "0" />
		<Point X = "263" Y = "156" T = "0" Pressure = "0" />
		<Point X = "263" Y = "158" T = "0" Pressure = "0" />
		<Point X = "265" Y = "164" T = "0" Pressure = "0" />
		<Point X = "267" Y = "168" T = "0" Pressure = "0" />
		<Point X = "268" Y = "170" T = "0" Pressure = "0" />
		<Point X = "269" Y = "173" T = "0" Pressure = "0" />
		<Point X = "269" Y = "176" T = "0" Pressure = "0" />
		<Point X = "271" Y = "179" T = "0" Pressure = "0" />
		<Point X = "272" Y = "182" T = "0" Pressure = "0" />
		<Point X = "272" Y = "187" T = "0" Pressure = "0" />
		<Point X = "273" Y = "191" T = "0" Pressure = "0" />
		<Point X = "275" Y = "197" T = "0" Pressure = "0" />
		<Point X = "277" Y = "202" T = "0" Pressure = "0" />
		<Point X = "278" Y = "206" T = "0" Pressure = "0" />
		<Point X = "278" Y = "210" T = "0" Pressure = "0" />
		<Point X = "280" Y = "215" T = "0" Pressure = "0" />
		<Point X = "281" Y = "220" T = "0" Pressure = "0" />
		<Point X = "282" Y = "222" T = "0" Pressure = "0" />
		<Point X = "282" Y = "224" T = "0" Pressure = "0" />
		<Point X = "282" Y = "226" T = "0" Pressure = "0" />
		<Point X = "283" Y = "228" T = "0" Pressure = "0" />
		<Point X = "283" Y = "230" T = "0" Pressure = "0" />
		<Point X = "284" Y = "232" T = "0" Pressure = "0" />
		<Point X = "285" Y = "234" T = "0" Pressure = "0" />
		<Point X = "285" Y = "235" T = "0" Pressure = "0" />
		<Point X = "285" Y = "237" T = "0" Pressure = "0" />
		<Point X = "286" Y = "239" T = "0" Pressure = "0" />
		<Point X = "286" Y = "240" T = "0" Pressure = "0" />
		<Point X = "286" Y = "242" T = "0" Pressure = "0" />
		<Point X = "286" Y = "245" T = "0" Pressure = "0" />
		<Point X = "286" Y = "247" T = "0" Pressure = "0" />
		<Point X = "286" Y = "249" T = "0" Pressure = "0" />
		<Point X = "286" Y = "251" T = "0" Pressure = "0" />
		<Point X = "287" Y = "252" T = "0" Pressure = "0" />
		<Point X = "287" Y = "253" T = "0" Pressure = "0" />
		<Point X = "288" Y = "253" T = "0" Pressure = "0" />
		<Point X = "288" Y = "254" T = "0" Pressure = "0" />
		<Point X = "288" Y = "255" T = "0" Pressure = "0" />
		<Point X = "289" Y = "257" T = "0" Pressure = "0" />
		<Point X = "289" Y = "258" T = "0" Pressure = "0" />
		<Point X = "288" Y = "258" T = "0" Pressure = "0" />
		<Point X = "287" Y = "258" T = "0" Pressure = "0" />
		<Point X = "286" Y = "258" T = "0" Pressure = "0" />
		<Point X = "285" Y = "258" T = "0" Pressure = "0" />
		<Point X = "284" Y = "258" T = "0" Pressure = "0" />
		<Point X = "282" Y = "258" T = "0" Pressure = "0" />
		<Point X = "281" Y = "258" T = "0" Pressure = "0" />
		<Point X = "279" Y = "258" T = "0" Pressure = "0" />
		<Point X = "277" Y = "258" T = "0" Pressure = "0" />
		<Point X = "274" Y = "258" T = "0" Pressure = "0" />
		<Point X = "274" Y = "257" T = "0" Pressure = "0" />
		<Point X = "272" Y = "256" T = "0" Pressure = "0" />
		<Point X = "268" Y = "253" T = "0" Pressure = "0" />
		<Point X = "263" Y = "249" T = "0" Pressure = "0" />
		<Point X = "261" Y = "248" T = "0" Pressure = "0" />
		<Point X = "255" Y = "244" T = "0" Pressure = "0" />
		<Point X = "252" Y = "241" T = "0" Pressure = "0" />
		<Point X = "249" Y = "240" T = "0" Pressure = "0" />
		<Point X = "247" Y = "238" T = "0" Pressure = "0" />
		<Point X = "245" Y = "237" T = "0" Pressure = "0" />
		<Point X = "244" Y = "236" T = "0" Pressure = "0" />
		<Point X = "242" Y = "235" T = "0" Pressure = "0" />
		<Point X = "240" Y = "233" T = "0" Pressure = "0" />
		<Point X = "238" Y = "231" T = "0" Pressure = "0" />
		<Point X = "234" Y = "228" T = "0" Pressure = "0" />
		<Point X = "228" Y = "224" T = "0" Pressure = "0" />
		<Point X = "224" Y = "221" T = "0" Pressure = "0" />
		<Point X = "218" Y = "217" T = "0" Pressure = "0" />
		<Point X = "216" Y = "217" T = "0" Pressure = "0" />
		<Point X = "214" Y = "214" T = "0" Pressure = "0" />
		<Point X = "211" Y = "213" T = "0" Pressure = "0" />
		<Point X = "210" Y = "212" T = "0" Pressure = "0" />
		<Point X = "208" Y = "211" T = "0" Pressure = "0" />
		<Point X = "207" Y = "210" T = "0" Pressure = "0" />
		<Point X = "206" Y = "209" T = "0" Pressure = "0" />
		<Point X = "205" Y = "208" T = "0" Pressure = "0" />
		<Point X = "204" Y = "207" T = "0" Pressure = "0" />
		<Point X = "199" Y = "204" T = "0" Pressure = "0" />
		<Point X = "197" Y = "202" T = "0" Pressure = "0" />
		<Point X = "194" Y = "200" T = "0" Pressure = "0" />
		<Point X = "189" Y = "196" T = "0" Pressure = "0" />
		<Point X = "185" Y = "193" T = "0" Pressure = "0" />
		<Point X = "180" Y = "190" T = "0" Pressure = "0" />
		<Point X = "177" Y = "188" T = "0" Pressure = "0" />
		<Point X = "174" Y = "185" T = "0" Pressure = "0" />
		<Point X = "172" Y = "185" T = "0" Pressure = "0" />
		<Point X = "171" Y = "184" T = "0" Pressure = "0" />
		<Point X = "169" Y = "182" T = "0" Pressure = "0" />
		<Point X = "167" Y = "182" T = "0" Pressure = "0" />
		<Point X = "166" Y = "180" T = "0" Pressure = "0" />
		<Point X = "165" Y = "180" T = "0" Pressure = "0" />
		<Point X = "163" Y = "178" T = "0" Pressure = "0" />
		<Point X = "162" Y = "178" T = "0" Pressure = "0" />
		<Point X = "160" Y = "178" T = "0" Pressure = "0" />
		<Point X = "158" Y = "176" T = "0" Pressure = "0" />
		<Point X = "156" Y = "175" T = "0" Pressure = "0" />
		<Point X = "155" Y = "173" T = "0" Pressure = "0" />
		<Point X = "151" Y = "172" T = "0" Pressure = "0" />
		<Point X = "150" Y = "170" T = "0" Pressure = "0" />
		<Point X = "148" Y = "169" T = "0" Pressure = "0" />
		<Point X = "146" Y = "169" T = "0" Pressure = "0" />
		<Point X = "146" Y = "168" T = "0" Pressure = "0" />
		<Point X = "145" Y = "167" T = "0" Pressure = "0" />
		<Point X = "144" Y = "167" T = "0" Pressure = "0" />
		<Point X = "143" Y = "166" T = "0" Pressure = "0" />
		<Point X = "142" Y = "166" T = "0" Pressure = "0" />
		<Point X = "141" Y = "165" T = "0" Pressure = "0" />
		<Point X = "140" Y = "164" T = "0" Pressure = "0" />
		<Point X = "138" Y = "163" T = "0" Pressure = "0" />
		<Point X = "137" Y = "162" T = "0" Pressure = "0" />
		<Point X = "136" Y = "161" T = "0" Pressure = "0" />
		<Point X = "136" Y = "160" T = "0" Pressure = "0" />
		<Point X = "135" Y = "159" T = "0" Pressure = "0" />
		<Point X = "135" Y = "158" T = "0" Pressure = "0" />
		<Point X = "135" Y = "157" T = "0" Pressure = "0" />
		<Point X = "135" Y = "156" T = "0" Pressure = "0" />
		<Point X = "135" Y = "154" T = "0" Pressure = "0" />
		<Point X = "137" Y = "154" T = "0" Pressure = "0" />
		<Point X = "139" Y = "154" T = "0" Pressure = "0" />
		<Point X = "139" Y = "153" T = "0" Pressure = "0" />
		<Point X = "141" Y = "152" T = "0" Pressure = "0" />
		<Point X = "142" Y = "151" T = "0" Pressure = "0" />
		<Point X = "144" Y = "151" T = "0" Pressure = "0" />
		<Point X = "145" Y = "150" T = "0" Pressure = "0" />
		<Point X = "147" Y = "149" T = "0" Pressure = "0" />
		<Point X = "148" Y = "148" T = "0" Pressure = "0" />
		<Point X = "150" Y = "148" T = "0" Pressure = "0" />
		<Point X = "151" Y = "148" T = "0" Pressure = "0" />
		<Point X = "153" Y = "148" T = "0" Pressure = "0" />
		<Point X = "153" Y = "147" T = "0" Pressure = "0" />
		<Point X = "154" Y = "147" T = "0" Pressure = "0" />
		<Point X = "157" Y = "147" T = "0" Pressure = "0" />
		<Point X = "158" Y = "146" T = "0" Pressure = "0" />
		<Point X = "160" Y = "145" T = "0" Pressure = "0" />
		<Point X = "161" Y = "145" T = "0" Pressure = "0" />
		<Point X = "161" Y = "144" T = "0" Pressure = "0" />
		<Point X = "163" Y = "144" T = "0" Pressure = "0" />
		<Point X = "164" Y = "144" T = "0" Pressure = "0" />
		<Point X = "165" Y = "144" T = "0" Pressure = "0" />
		<Point X = "166" Y = "144" T = "0" Pressure = "0" />
		<Point X = "167" Y = "144" T = "0" Pressure = "0" />
		<Point X = "168" Y = "144" T = "0" Pressure = "0" />
		<Point X = "169" Y = "144" T = "0" Pressure = "0" />
		<Point X = "170" Y = "144" T = "0" Pressure = "0" />
		<Point X = "171" Y = "144" T = "0" Pressure = "0" />
		<Point X = "172" Y = "144" T = "0" Pressure = "0" />
		<Point X = "173" Y = "144" T = "0" Pressure = "0" />
		<Point X = "175" Y = "144" T = "0" Pressure = "0" />
		<Point X = "176" Y = "144" T = "0" Pressure = "0" />
		<Point X = "177" Y = "144" T = "0" Pressure = "0" />
		<Point X = "178" Y = "144" T = "0" Pressure = "0" />
	</Stroke>
</Gesture>
