<?xml version="1.0" encoding="utf-8" standalone="yes"?>
<Gesture Name = "star">
	<Stroke>
		<Point X = "109" Y = "118" T = "0" Pressure = "0" />
		<Point X = "111" Y = "118" T = "0" Pressure = "0" />
		<Point X = "113" Y = "118" T = "0" Pressure = "0" />
		<Point X = "114" Y = "118" T = "0" Pressure = "0" />
		<Point X = "118" Y = "117" T = "0" Pressure = "0" />
		<Point X = "121" Y = "117" T = "0" Pressure = "0" />
		<Point X = "125" Y = "117" T = "0" Pressure = "0" />
		<Point X = "127" Y = "117" T = "0" Pressure = "0" />
		<Point X = "130" Y = "116" T = "0" Pressure = "0" />
		<Point X = "134" Y = "116" T = "0" Pressure = "0" />
		<Point X = "142" Y = "116" T = "0" Pressure = "0" />
		<Point X = "149" Y = "116" T = "0" Pressure = "0" />
		<Point X = "158" Y = "116" T = "0" Pressure = "0" />
		<Point X = "163" Y = "116" T = "0" Pressure = "0" />
		<Point X = "167" Y = "116" T = "0" Pressure = "0" />
		<Point X = "172" Y = "116" T = "0" Pressure = "0" />
		<Point X = "175" Y = "116" T = "0" Pressure = "0" />
		<Point X = "176" Y = "116" T = "0" Pressure = "0" />
		<Point X = "178" Y = "116" T = "0" Pressure = "0" />
		<Point X = "181" Y = "116" T = "0" Pressure = "0" />
		<Point X = "182" Y = "116" T = "0" Pressure = "0" />
		<Point X = "183" Y = "116" T = "0" Pressure = "0" />
		<Point X = "186" Y = "116" T = "0" Pressure = "0" />
		<Point X = "191" Y = "116" T = "0" Pressure = "0" />
		<Point X = "197" Y = "116" T = "0" Pressure = "0" />
		<Point X = "202" Y = "116" T = "0" Pressure = "0" />
		<Point X = "208" Y = "116" T = "0" Pressure = "0" />
		<Point X = "213" Y = "116" T = "0" Pressure = "0" />
		<Point X = "219" Y = "116" T = "0" Pressure = "0" />
		<Point X = "223" Y = "116" T = "0" Pressure = "0" />
		<Point X = "230" Y = "116" T = "0" Pressure = "0" />
		<Point X = "231" Y = "116" T = "0" Pressure = "0" />
		<Point X = "236" Y = "116" T = "0" Pressure = "0" />
		<Point X = "239" Y = "116" T = "0" Pressure = "0" />
		<Point X = "244" Y = "116" T = "0" Pressure = "0" />
		<Point X = "248" Y = "116" T = "0" Pressure = "0" />
		<Point X = "252" Y = "116" T = "0" Pressure = "0" />
		<Point X = "255" Y = "116" T = "0" Pressure = "0" />
		<Point X = "258" Y = "116" T = "0" Pressure = "0" />
		<Point X = "261" Y = "116" T = "0" Pressure = "0" />
		<Point X = "264" Y = "116" T = "0" Pressure = "0" />
		<Point X = "266" Y = "116" T = "0" Pressure = "0" />
		<Point X = "267" Y = "116" T = "0" Pressure = "0" />
		<Point X = "268" Y = "116" T = "0" Pressure = "0" />
		<Point X = "269" Y = "116" T = "0" Pressure = "0" />
		<Point X = "269" Y = "117" T = "0" Pressure = "0" />
		<Point X = "267" Y = "119" T = "0" Pressure = "0" />
		<Point X = "263" Y = "123" T = "0" Pressure = "0" />
		<Point X = "262" Y = "124" T = "0" Pressure = "0" />
		<Point X = "260" Y = "126" T = "0" Pressure = "0" />
		<Point X = "257" Y = "129" T = "0" Pressure = "0" />
		<Point X = "256" Y = "132" T = "0" Pressure = "0" />
		<Point X = "254" Y = "134" T = "0" Pressure = "0" />
		<Point X = "249" Y = "137" T = "0" Pressure = "0" />
		<Point X = "246" Y = "140" T = "0" Pressure = "0" />
		<Point X = "240" Y = "145" T = "0" Pressure = "0" />
		<Point X = "237" Y = "148" T = "0" Pressure = "0" />
		<Point X = "233" Y = "152" T = "0" Pressure = "0" />
		<Point X = "228" Y = "157" T = "0" Pressure = "0" />
		<Point X = "223" Y = "161" T = "0" Pressure = "0" />
		<Point X = "220" Y = "164" T = "0" Pressure = "0" />
		<Point X = "213" Y = "169" T = "0" Pressure = "0" />
		<Point X = "210" Y = "171" T = "0" Pressure = "0" />
		<Point X = "206" Y = "173" T = "0" Pressure = "0" />
		<Point X = "203" Y = "176" T = "0" Pressure = "0" />
		<Point X = "201" Y = "177" T = "0" Pressure = "0" />
		<Point X = "198" Y = "179" T = "0" Pressure = "0" />
		<Point X = "198" Y = "180" T = "0" Pressure = "0" />
		<Point X = "196" Y = "180" T = "0" Pressure = "0" />
		<Point X = "194" Y = "181" T = "0" Pressure = "0" />
		<Point X = "193" Y = "182" T = "0" Pressure = "0" />
		<Point X = "191" Y = "183" T = "0" Pressure = "0" />
		<Point X = "187" Y = "185" T = "0" Pressure = "0" />
		<Point X = "182" Y = "189" T = "0" Pressure = "0" />
		<Point X = "176" Y = "193" T = "0" Pressure = "0" />
		<Point X = "170" Y = "195" T = "0" Pressure = "0" />
		<Point X = "165" Y = "198" T = "0" Pressure = "0" />
		<Point X = "162" Y = "199" T = "0" Pressure = "0" />
		<Point X = "158" Y = "202" T = "0" Pressure = "0" />
		<Point X = "155" Y = "203" T = "0" Pressure = "0" />
		<Point X = "153" Y = "205" T = "0" Pressure = "0" />
		<Point X = "151" Y = "207" T = "0" Pressure = "0" />
		<Point X = "147" Y = "208" T = "0" Pressure = "0" />
		<Point X = "145" Y = "210" T = "0" Pressure = "0" />
		<Point X = "142" Y = "213" T = "0" Pressure = "0" />
		<Point X = "141" Y = "214" T = "0" Pressure = "0" />
		<Point X = "139" Y = "215" T = "0" Pressure = "0" />
		<Point X = "137" Y = "216" T = "0" Pressure = "0" />
		<Point X = "135" Y = "217" T = "0" Pressure = "0" />
		<Point X = "134" Y = "217" T = "0" Pressure = "0" />
		<Point X = "133" Y = "218" T = "0" Pressure = "0" />
		<Point X = "132" Y = "218" T = "0" Pressure = "0" />
		<Point X = "132" Y = "219" T = "0" Pressure = "0" />
		<Point X = "131" Y = "219" T = "0" Pressure = "0" />
		<Point X = "131" Y = "218" T = "0" Pressure = "0" />
		<Point X = "131" Y = "216" T = "0" Pressure = "0" />
		<Point X = "131" Y = "210" T = "0" Pressure = "0" />
		<Point X = "132" Y = "205" T = "0" Pressure = "0" />
		<Point X = "134" Y = "200" T = "0" Pressure = "0" />
		<Point X = "135" Y = "196" T = "0" Pressure = "0" />
		<Point X = "138" Y = "190" T = "0" Pressure = "0" />
		<Point X = "139" Y = "184" T = "0" Pressure = "0" />
		<Point X = "140" Y = "179" T = "0" Pressure = "0" />
		<Point X = "143" Y = "172" T = "0" Pressure = "0" />
		<Point X = "145" Y = "167" T = "0" Pressure = "0" />
		<Point X = "147" Y = "161" T = "0" Pressure = "0" />
		<Point X = "148" Y = "155" T = "0" Pressure = "0" />
		<Point X = "150" Y = "150" T = "0" Pressure = "0" />
		<Point X = "152" Y = "144" T = "0" Pressure = "0" />
		<Point X = "154" Y = "140" T = "0" Pressure = "0" />
		<Point X = "157" Y = "134" T = "0" Pressure = "0" />
		<Point X = "159" Y = "129" T = "0" Pressure = "0" />
		<Point X = "159" Y = "126" T = "0" Pressure = "0" />
		<Point X = "163" Y = "121" T = "0" Pressure = "0" />
		<Point X = "165" Y = "115" T = "0" Pressure = "0" />
		<Point X = "167" Y = "109" T = "0" Pressure = "0" />
		<Point X = "169" Y = "107" T = "0" Pressure = "0" />
		<Point X = "171" Y = "103" T = "0" Pressure = "0" />
		<Point X = "173" Y = "97" T = "0" Pressure = "0" />
		<Point X = "176" Y = "92" T = "0" Pressure = "0" />
		<Point X = "177" Y = "89" T = "0" Pressure = "0" />
		<Point X = "180" Y = "81" T = "0" Pressure = "0" />
		<Point X = "182" Y = "77" T = "0" Pressure = "0" />
		<Point X = "185" Y = "72" T = "0" Pressure = "0" />
		<Point X = "186" Y = "69" T = "0" Pressure = "0" />
		<Point X = "186" Y = "67" T = "0" Pressure = "0" />
		<Point X = "187" Y = "63" T = "0" Pressure = "0" />
		<Point X = "189" Y = "60" T = "0" Pressure = "0" />
		<Point X = "190" Y = "58" T = "0" Pressure = "0" />
		<Point X = "190" Y = "55" T = "0" Pressure = "0" />
		<Point X = "191" Y = "54" T = "0" Pressure = "0" />
		<Point X = "192" Y = "51" T = "0" Pressure = "0" />
		<Point X = "193" Y = "51" T = "0" Pressure = "0" />
		<Point X = "193" Y = "49" T = "0" Pressure = "0" />
		<Point X = "194" Y = "48" T = "0" Pressure = "0" />
		<Point X = "194" Y = "46" T = "0" Pressure = "0" />
		<Point X = "194" Y = "48" T = "0" Pressure = "0" />
		<Point X = "194" Y = "49" T = "0" Pressure = "0" />
		<Point X = "196" Y = "53" T = "0" Pressure = "0" />
		<Point X = "196" Y = "56" T = "0" Pressure = "0" />
		<Point X = "198" Y = "62" T = "0" Pressure = "0" />
		<Point X = "198" Y = "67" T = "0" Pressure = "0" />
		<Point X = "198" Y = "74" T = "0" Pressure = "0" />
		<Point X = "199" Y = "81" T = "0" Pressure = "0" />
		<Point X = "201" Y = "91" T = "0" Pressure = "0" />
		<Point X = "202" Y = "98" T = "0" Pressure = "0" />
		<Point X = "204" Y = "108" T = "0" Pressure = "0" />
		<Point X = "207" Y = "116" T = "0" Pressure = "0" />
		<Point X = "209" Y = "124" T = "0" Pressure = "0" />
		<Point X = "211" Y = "128" T = "0" Pressure = "0" />
		<Point X = "212" Y = "133" T = "0" Pressure = "0" />
		<Point X = "213" Y = "137" T = "0" Pressure = "0" />
		<Point X = "214" Y = "140" T = "0" Pressure = "0" />
		<Point X = "215" Y = "143" T = "0" Pressure = "0" />
		<Point X = "216" Y = "146" T = "0" Pressure = "0" />
		<Point X = "217" Y = "148" T = "0" Pressure = "0" />
		<Point X = "217" Y = "151" T = "0" Pressure = "0" />
		<Point X = "220" Y = "157" T = "0" Pressure = "0" />
		<Point X = "221" Y = "160" T = "0" Pressure = "0" />
		<Point X = "221" Y = "163" T = "0" Pressure = "0" />
		<Point X = "221" Y = "166" T = "0" Pressure = "0" />
		<Point X = "222" Y = "168" T = "0" Pressure = "0" />
		<Point X = "224" Y = "171" T = "0" Pressure = "0" />
		<Point X = "224" Y = "174" T = "0" Pressure = "0" />
		<Point X = "224" Y = "176" T = "0" Pressure = "0" />
		<Point X = "225" Y = "179" T = "0" Pressure = "0" />
		<Point X = "226" Y = "181" T = "0" Pressure = "0" />
		<Point X = "228" Y = "185" T = "0" Pressure = "0" />
		<Point X = "228" Y = "188" T = "0" Pressure = "0" />
		<Point X = "230" Y = "191" T = "0" Pressure = "0" />
		<Point X = "232" Y = "193" T = "0" Pressure = "0" />
		<Point X = "232" Y = "195" T = "0" Pressure = "0" />
		<Point X = "234" Y = "197" T = "0" Pressure = "0" />
		<Point X = "235" Y = "199" T = "0" Pressure = "0" />
		<Point X = "236" Y = "200" T = "0" Pressure = "0" />
		<Point X = "237" Y = "200" T = "0" Pressure = "0" />
		<Point X = "237" Y = "202" T = "0" Pressure = "0" />
		<Point X = "237" Y = "203" T = "0" Pressure = "0" />
		<Point X = "237" Y = "205" T = "0" Pressure = "0" />
		<Point X = "239" Y = "208" T = "0" Pressure = "0" />
		<Point X = "239" Y = "209" T = "0" Pressure = "0" />
		<Point X = "240" Y = "211" T = "0" Pressure = "0" />
		<Point X = "240" Y = "214" T = "0" Pressure = "0" />
		<Point X = "240" Y = "216" T = "0" Pressure = "0" />
		<Point X = "240" Y = "217" T = "0" Pressure = "0" />
		<Point X = "240" Y = "218" T = "0" Pressure = "0" />
		<Point X = "243" Y = "222" T = "0" Pressure = "0" />
		<Point X = "244" Y = "224" T = "0" Pressure = "0" />
		<Point X = "244" Y = "225" T = "0" Pressure = "0" />
		<Point X = "244" Y = "227" T = "0" Pressure = "0" />
		<Point X = "244" Y = "228" T = "0" Pressure = "0" />
		<Point X = "244" Y = "230" T = "0" Pressure = "0" />
		<Point X = "243" Y = "230" T = "0" Pressure = "0" />
		<Point X = "241" Y = "230" T = "0" Pressure = "0" />
		<Point X = "239" Y = "230" T = "0" Pressure = "0" />
		<Point X = "237" Y = "230" T = "0" Pressure = "0" />
		<Point X = "234" Y = "230" T = "0" Pressure = "0" />
		<Point X = "233" Y = "230" T = "0" Pressure = "0" />
		<Point X = "231" Y = "230" T = "0" Pressure = "0" />
		<Point X = "229" Y = "230" T = "0" Pressure = "0" />
		<Point X = "227" Y = "229" T = "0" Pressure = "0" />
		<Point X = "225" Y = "227" T = "0" Pressure = "0" />
		<Point X = "222" Y = "227" T = "0" Pressure = "0" />
		<Point X = "218" Y = "225" T = "0" Pressure = "0" />
		<Point X = "214" Y = "221" T = "0" Pressure = "0" />
		<Point X = "211" Y = "219" T = "0" Pressure = "0" />
		<Point X = "209" Y = "216" T = "0" Pressure = "0" />
		<Point X = "204" Y = "213" T = "0" Pressure = "0" />
		<Point X = "201" Y = "212" T = "0" Pressure = "0" />
		<Point X = "199" Y = "209" T = "0" Pressure = "0" />
		<Point X = "197" Y = "208" T = "0" Pressure = "0" />
		<Point X = "195" Y = "206" T = "0" Pressure = "0" />
		<Point X = "193" Y = "204" T = "0" Pressure = "0" />
		<Point X = "192" Y = "203" T = "0" Pressure = "0" />
		<Point X = "188" Y = "200" T = "0" Pressure = "0" />
		<Point X = "187" Y = "198" T = "0" Pressure = "0" />
		<Point X = "183" Y = "196" T = "0" Pressure = "0" />
		<Point X = "179" Y = "193" T = "0" Pressure = "0" />
		<Point X = "174" Y = "191" T = "0" Pressure = "0" />
		<Point X = "172" Y = "190" T = "0" Pressure = "0" />
		<Point X = "168" Y = "188" T = "0" Pressure = "0" />
		<Point X = "167" Y = "187" T = "0" Pressure = "0" />
		<Point X = "165" Y = "186" T = "0" Pressure = "0" />
		<Point X = "163" Y = "186" T = "0" Pressure = "0" />
		<Point X = "163" Y = "185" T = "0" Pressure = "0" />
		<Point X = "160" Y = "184" T = "0" Pressure = "0" />
		<Point X = "158" Y = "181" T = "0" Pressure = "0" />
		<Point X = "155" Y = "180" T = "0" Pressure = "0" />
		<Point X = "153" Y = "178" T = "0" Pressure = "0" />
		<Point X = "149" Y = "174" T = "0" Pressure = "0" />
		<Point X = "148" Y = "172" T = "0" Pressure = "0" />
		<Point X = "144" Y = "169" T = "0" Pressure = "0" />
		<Point X = "143" Y = "167" T = "0" Pressure = "0" />
		<Point X = "139" Y = "164" T = "0" Pressure = "0" />
		<Point X = "138" Y = "163" T = "0" Pressure = "0" />
		<Point X = "136" Y = "160" T = "0" Pressure = "0" />
		<Point X = "135" Y = "160" T = "0" Pressure = "0" />
		<Point X = "135" Y = "159" T = "0" Pressure = "0" />
		<Point X = "134" Y = "158" T = "0" Pressure = "0" />
		<Point X = "134" Y = "157" T = "0" Pressure = "0" />
		<Point X = "133" Y = "157" T = "0" Pressure = "0" />
		<Point X = "133" Y = "156" T = "0" Pressure = "0" />
		<Point X = "132" Y = "155" T = "0" Pressure = "0" />
		<Point X = "131" Y = "154" T = "0" Pressure = "0" />
		<Point X = "130" Y = "153" T = "0" Pressure = "0" />
		<Point X = "129" Y = "152" T = "0" Pressure = "0" />
		<Point X = "128" Y = "151" T = "0" Pressure = "0" />
		<Point X = "127" Y = "150" T = "0" Pressure = "0" />
		<Point X = "125" Y = "149" T = "0" Pressure = "0" />
		<Point X = "124" Y = "147" T = "0" Pressure = "0" />
		<Point X = "122" Y = "146" T = "0" Pressure = "0" />
		<Point X = "121" Y = "144" T = "0" Pressure = "0" />
		<Point X = "119" Y = "141" T = "0" Pressure = "0" />
		<Point X = "119" Y = "140" T = "0" Pressure = "0" />
		<Point X = "118" Y = "140" T = "0" Pressure = "0" />
		<Point X = "118" Y = "139" T = "0" Pressure = "0" />
		<Point X = "117" Y = "138" T = "0" Pressure = "0" />
		<Point X = "116" Y = "138" T = "0" Pressure = "0" />
		<Point X = "115" Y = "137" T = "0" Pressure = "0" />
		<Point X = "115" Y = "136" T = "0" Pressure = "0" />
		<Point X = "114" Y = "135" T = "0" Pressure = "0" />
		<Point X = "113" Y = "135" T = "0" Pressure = "0" />
		<Point X = "111" Y = "134" T = "0" Pressure = "0" />
		<Point X = "110" Y = "134" T = "0" Pressure = "0" />
		<Point X = "109" Y = "133" T = "0" Pressure = "0" />
		<Point X = "108" Y = "132" T = "0" Pressure = "0" />
		<Point X = "108" Y = "130" T = "0" Pressure = "0" />
		<Point X = "107" Y = "128" T = "0" Pressure = "0" />
		<Point X = "106" Y = "127" T = "0" Pressure = "0" />
		<Point X = "105" Y = "127" T = "0" Pressure = "0" />
		<Point X = "104" Y = "126" T = "0" Pressure = "0" />
		<Point X = "104" Y = "125" T = "0" Pressure = "0" />
		<Point X = "103" Y = "124" T = "0" Pressure = "0" />
		<Point X = "102" Y = "124" T = "0" Pressure = "0" />
		<Point X = "102" Y = "123" T = "0" Pressure = "0" />
		<Point X = "101" Y = "122" T = "0" Pressure = "0" />
		<Point X = "101" Y = "121" T = "0" Pressure = "0" />
		<Point X = "100" Y = "121" T = "0" Pressure = "0" />
		<Point X = "99" Y = "120" T = "0" Pressure = "0" />
		<Point X = "98" Y = "119" T = "0" Pressure = "0" />
		<Point X = "97" Y = "119" T = "0" Pressure = "0" />
		<Point X = "97" Y = "118" T = "0" Pressure = "0" />
		<Point X = "97" Y = "117" T = "0" Pressure = "0" />
		<Point X = "97" Y = "116" T = "0" Pressure = "0" />
		<Point X = "98" Y = "116" T = "0" Pressure = "0" />
		<Point X = "99" Y = "116" T = "0" Pressure = "0" />
		<Point X = "100" Y = "116" T = "0" Pressure = "0" />
		<Point X = "101" Y = "116" T = "0" Pressure = "0" />
		<Point X = "102" Y = "116" T = "0" Pressure = "0" />
		<Point X = "103" Y = "116" T = "0" Pressure = "0" />
		<Point X = "104" Y = "116" T = "0" Pressure = "0" />
		<Point X = "105" Y = "116" T = "0" Pressure = "0" />
		<Point X = "107" Y = "116" T = "0" Pressure = "0" />
		<Point X = "108" Y = "115" T = "0" Pressure = "0" />
		<Point X = "109" Y = "115" T = "0" Pressure = "0" />
		<Point X = "110" Y = "115" T = "0" Pressure = "0" />
		<Point X = "111" Y = "115" T = "0" Pressure = "0" />
	</Stroke>
</Gesture>
