<?xml version="1.0" encoding="utf-8" standalone="yes"?>
<Gesture Name = "star">
	<Stroke>
		<Point X = "73" Y = "171" T = "0" Pressure = "0" />
		<Point X = "72" Y = "171" T = "0" Pressure = "0" />
		<Point X = "71" Y = "171" T = "0" Pressure = "0" />
		<Point X = "70" Y = "172" T = "0" Pressure = "0" />
		<Point X = "71" Y = "172" T = "0" Pressure = "0" />
		<Point X = "75" Y = "172" T = "0" Pressure = "0" />
		<Point X = "82" Y = "172" T = "0" Pressure = "0" />
		<Point X = "92" Y = "172" T = "0" Pressure = "0" />
		<Point X = "106" Y = "168" T = "0" Pressure = "0" />
		<Point X = "117" Y = "167" T = "0" Pressure = "0" />
		<Point X = "132" Y = "166" T = "0" Pressure = "0" />
		<Point X = "144" Y = "164" T = "0" Pressure = "0" />
		<Point X = "154" Y = "163" T = "0" Pressure = "0" />
		<Point X = "161" Y = "162" T = "0" Pressure = "0" />
		<Point X = "168" Y = "161" T = "0" Pressure = "0" />
		<Point X = "174" Y = "159" T = "0" Pressure = "0" />
		<Point X = "180" Y = "158" T = "0" Pressure = "0" />
		<Point X = "185" Y = "158" T = "0" Pressure = "0" />
		<Point X = "189" Y = "158" T = "0" Pressure = "0" />
		<Point X = "192" Y = "158" T = "0" Pressure = "0" />
		<Point X = "196" Y = "157" T = "0" Pressure = "0" />
		<Point X = "197" Y = "157" T = "0" Pressure = "0" />
		<Point X = "199" Y = "157" T = "0" Pressure = "0" />
		<Point X = "200" Y = "157" T = "0" Pressure = "0" />
		<Point X = "203" Y = "157" T = "0" Pressure = "0" />
		<Point X = "204" Y = "157" T = "0" Pressure = "0" />
		<Point X = "205" Y = "157" T = "0" Pressure = "0" />
		<Point X = "207" Y = "157" T = "0" Pressure = "0" />
		<Point X = "210" Y = "157" T = "0" Pressure = "0" />
		<Point X = "214" Y = "158" T = "0" Pressure = "0" />
		<Point X = "220" Y = "159" T = "0" Pressure = "0" />
		<Point X = "227" Y = "161" T = "0" Pressure = "0" />
		<Point X = "232" Y = "161" T = "0" Pressure = "0" />
		<Point X = "237" Y = "163" T = "0" Pressure = "0" />
		<Point X = "240" Y = "163" T = "0" Pressure = "0" />
		<Point X = "242" Y = "163" T = "0" Pressure = "0" />
		<Point X = "245" Y = "163" T = "0" Pressure = "0" />
		<Point X = "248" Y = "163" T = "0" Pressure = "0" />
		<Point X = "251" Y = "163" T = "0" Pressure = "0" />
		<Point X = "255" Y = "163" T = "0" Pressure = "0" />
		<Point X = "258" Y = "163" T = "0" Pressure = "0" />
		<Point X = "262" Y = "163" T = "0" Pressure = "0" />
		<Point X = "265" Y = "163" T = "0" Pressure = "0" />
		<Point X = "268" Y = "163" T = "0" Pressure = "0" />
		<Point X = "270" Y = "163" T = "0" Pressure = "0" />
		<Point X = "272" Y = "163" T = "0" Pressure = "0" />
		<Point X = "274" Y = "163" T = "0" Pressure = "0" />
		<Point X = "275" Y = "163" T = "0" Pressure = "0" />
		<Point X = "276" Y = "163" T = "0" Pressure = "0" />
		<Point X = "277" Y = "164" T = "0" Pressure = "0" />
		<Point X = "275" Y = "166" T = "0" Pressure = "0" />
		<Point X = "272" Y = "168" T = "0" Pressure = "0" />
		<Point X = "268" Y = "171" T = "0" Pressure = "0" />
		<Point X = "261" Y = "175" T = "0" Pressure = "0" />
		<Point X = "258" Y = "177" T = "0" Pressure = "0" />
		<Point X = "254" Y = "181" T = "0" Pressure = "0" />
		<Point X = "251" Y = "183" T = "0" Pressure = "0" />
		<Point X = "247" Y = "185" T = "0" Pressure = "0" />
		<Point X = "243" Y = "187" T = "0" Pressure = "0" />
		<Point X = "238" Y = "190" T = "0" Pressure = "0" />
		<Point X = "235" Y = "192" T = "0" Pressure = "0" />
		<Point X = "231" Y = "193" T = "0" Pressure = "0" />
		<Point X = "228" Y = "194" T = "0" Pressure = "0" />
		<Point X = "225" Y = "196" T = "0" Pressure = "0" />
		<Point X = "221" Y = "197" T = "0" Pressure = "0" />
		<Point X = "219" Y = "198" T = "0" Pressure = "0" />
		<Point X = "218" Y = "199" T = "0" Pressure = "0" />
		<Point X = "215" Y = "200" T = "0" Pressure = "0" />
		<Point X = "212" Y = "201" T = "0" Pressure = "0" />
		<Point X = "211" Y = "202" T = "0" Pressure = "0" />
		<Point X = "206" Y = "204" T = "0" Pressure = "0" />
		<Point X = "205" Y = "204" T = "0" Pressure = "0" />
		<Point X = "202" Y = "207" T = "0" Pressure = "0" />
		<Point X = "197" Y = "208" T = "0" Pressure = "0" />
		<Point X = "194" Y = "211" T = "0" Pressure = "0" />
		<Point X = "190" Y = "212" T = "0" Pressure = "0" />
		<Point X = "187" Y = "215" T = "0" Pressure = "0" />
		<Point X = "184" Y = "216" T = "0" Pressure = "0" />
		<Point X = "181" Y = "219" T = "0" Pressure = "0" />
		<Point X = "179" Y = "220" T = "0" Pressure = "0" />
		<Point X = "178" Y = "220" T = "0" Pressure = "0" />
		<Point X = "176" Y = "222" T = "0" Pressure = "0" />
		<Point X = "175" Y = "222" T = "0" Pressure = "0" />
		<Point X = "174" Y = "223" T = "0" Pressure = "0" />
		<Point X = "172" Y = "224" T = "0" Pressure = "0" />
		<Point X = "171" Y = "224" T = "0" Pressure = "0" />
		<Point X = "170" Y = "226" T = "0" Pressure = "0" />
		<Point X = "168" Y = "226" T = "0" Pressure = "0" />
		<Point X = "167" Y = "227" T = "0" Pressure = "0" />
		<Point X = "163" Y = "229" T = "0" Pressure = "0" />
		<Point X = "161" Y = "230" T = "0" Pressure = "0" />
		<Point X = "160" Y = "231" T = "0" Pressure = "0" />
		<Point X = "156" Y = "233" T = "0" Pressure = "0" />
		<Point X = "155" Y = "234" T = "0" Pressure = "0" />
		<Point X = "153" Y = "235" T = "0" Pressure = "0" />
		<Point X = "150" Y = "236" T = "0" Pressure = "0" />
		<Point X = "149" Y = "237" T = "0" Pressure = "0" />
		<Point X = "148" Y = "238" T = "0" Pressure = "0" />
		<Point X = "146" Y = "239" T = "0" Pressure = "0" />
		<Point X = "145" Y = "240" T = "0" Pressure = "0" />
		<Point X = "143" Y = "241" T = "0" Pressure = "0" />
		<Point X = "142" Y = "242" T = "0" Pressure = "0" />
		<Point X = "141" Y = "244" T = "0" Pressure = "0" />
		<Point X = "140" Y = "245" T = "0" Pressure = "0" />
		<Point X = "138" Y = "246" T = "0" Pressure = "0" />
		<Point X = "136" Y = "248" T = "0" Pressure = "0" />
		<Point X = "135" Y = "249" T = "0" Pressure = "0" />
		<Point X = "134" Y = "249" T = "0" Pressure = "0" />
		<Point X = "132" Y = "251" T = "0" Pressure = "0" />
		<Point X = "131" Y = "251" T = "0" Pressure = "0" />
		<Point X = "130" Y = "252" T = "0" Pressure = "0" />
		<Point X = "129" Y = "252" T = "0" Pressure = "0" />
		<Point X = "128" Y = "253" T = "0" Pressure = "0" />
		<Point X = "127" Y = "254" T = "0" Pressure = "0" />
		<Point X = "125" Y = "255" T = "0" Pressure = "0" />
		<Point X = "124" Y = "255" T = "0" Pressure = "0" />
		<Point X = "124" Y = "256" T = "0" Pressure = "0" />
		<Point X = "122" Y = "256" T = "0" Pressure = "0" />
		<Point X = "122" Y = "255" T = "0" Pressure = "0" />
		<Point X = "122" Y = "248" T = "0" Pressure = "0" />
		<Point X = "123" Y = "240" T = "0" Pressure = "0" />
		<Point X = "125" Y = "231" T = "0" Pressure = "0" />
		<Point X = "127" Y = "223" T = "0" Pressure = "0" />
		<Point X = "127" Y = "217" T = "0" Pressure = "0" />
		<Point X = "127" Y = "212" T = "0" Pressure = "0" />
		<Point X = "128" Y = "205" T = "0" Pressure = "0" />
		<Point X = "130" Y = "199" T = "0" Pressure = "0" />
		<Point X = "130" Y = "193" T = "0" Pressure = "0" />
		<Point X = "131" Y = "186" T = "0" Pressure = "0" />
		<Point X = "131" Y = "181" T = "0" Pressure = "0" />
		<Point X = "131" Y = "175" T = "0" Pressure = "0" />
		<Point X = "131" Y = "168" T = "0" Pressure = "0" />
		<Point X = "131" Y = "163" T = "0" Pressure = "0" />
		<Point X = "132" Y = "157" T = "0" Pressure = "0" />
		<Point X = "133" Y = "152" T = "0" Pressure = "0" />
		<Point X = "133" Y = "149" T = "0" Pressure = "0" />
		<Point X = "133" Y = "145" T = "0" Pressure = "0" />
		<Point X = "134" Y = "143" T = "0" Pressure = "0" />
		<Point X = "136" Y = "141" T = "0" Pressure = "0" />
		<Point X = "137" Y = "138" T = "0" Pressure = "0" />
		<Point X = "139" Y = "134" T = "0" Pressure = "0" />
		<Point X = "140" Y = "132" T = "0" Pressure = "0" />
		<Point X = "141" Y = "129" T = "0" Pressure = "0" />
		<Point X = "143" Y = "125" T = "0" Pressure = "0" />
		<Point X = "144" Y = "123" T = "0" Pressure = "0" />
		<Point X = "144" Y = "120" T = "0" Pressure = "0" />
		<Point X = "145" Y = "117" T = "0" Pressure = "0" />
		<Point X = "145" Y = "114" T = "0" Pressure = "0" />
		<Point X = "147" Y = "111" T = "0" Pressure = "0" />
		<Point X = "148" Y = "109" T = "0" Pressure = "0" />
		<Point X = "148" Y = "108" T = "0" Pressure = "0" />
		<Point X = "148" Y = "106" T = "0" Pressure = "0" />
		<Point X = "148" Y = "105" T = "0" Pressure = "0" />
		<Point X = "149" Y = "105" T = "0" Pressure = "0" />
		<Point X = "149" Y = "103" T = "0" Pressure = "0" />
		<Point X = "150" Y = "101" T = "0" Pressure = "0" />
		<Point X = "151" Y = "98" T = "0" Pressure = "0" />
		<Point X = "151" Y = "96" T = "0" Pressure = "0" />
		<Point X = "153" Y = "94" T = "0" Pressure = "0" />
		<Point X = "153" Y = "92" T = "0" Pressure = "0" />
		<Point X = "154" Y = "88" T = "0" Pressure = "0" />
		<Point X = "154" Y = "87" T = "0" Pressure = "0" />
		<Point X = "155" Y = "86" T = "0" Pressure = "0" />
		<Point X = "155" Y = "87" T = "0" Pressure = "0" />
		<Point X = "155" Y = "88" T = "0" Pressure = "0" />
		<Point X = "157" Y = "91" T = "0" Pressure = "0" />
		<Point X = "158" Y = "94" T = "0" Pressure = "0" />
		<Point X = "159" Y = "96" T = "0" Pressure = "0" />
		<Point X = "160" Y = "99" T = "0" Pressure = "0" />
		<Point X = "162" Y = "102" T = "0" Pressure = "0" />
		<Point X = "163" Y = "105" T = "0" Pressure = "0" />
		<Point X = "164" Y = "108" T = "0" Pressure = "0" />
		<Point X = "167" Y = "114" T = "0" Pressure = "0" />
		<Point X = "169" Y = "120" T = "0" Pressure = "0" />
		<Point X = "172" Y = "125" T = "0" Pressure = "0" />
		<Point X = "174" Y = "130" T = "0" Pressure = "0" />
		<Point X = "177" Y = "134" T = "0" Pressure = "0" />
		<Point X = "177" Y = "136" T = "0" Pressure = "0" />
		<Point X = "177" Y = "139" T = "0" Pressure = "0" />
		<Point X = "178" Y = "141" T = "0" Pressure = "0" />
		<Point X = "180" Y = "143" T = "0" Pressure = "0" />
		<Point X = "180" Y = "145" T = "0" Pressure = "0" />
		<Point X = "180" Y = "147" T = "0" Pressure = "0" />
		<Point X = "181" Y = "149" T = "0" Pressure = "0" />
		<Point X = "182" Y = "152" T = "0" Pressure = "0" />
		<Point X = "183" Y = "155" T = "0" Pressure = "0" />
		<Point X = "185" Y = "158" T = "0" Pressure = "0" />
		<Point X = "186" Y = "160" T = "0" Pressure = "0" />
		<Point X = "186" Y = "162" T = "0" Pressure = "0" />
		<Point X = "188" Y = "165" T = "0" Pressure = "0" />
		<Point X = "189" Y = "165" T = "0" Pressure = "0" />
		<Point X = "189" Y = "167" T = "0" Pressure = "0" />
		<Point X = "191" Y = "170" T = "0" Pressure = "0" />
		<Point X = "192" Y = "171" T = "0" Pressure = "0" />
		<Point X = "194" Y = "174" T = "0" Pressure = "0" />
		<Point X = "196" Y = "177" T = "0" Pressure = "0" />
		<Point X = "199" Y = "182" T = "0" Pressure = "0" />
		<Point X = "201" Y = "185" T = "0" Pressure = "0" />
		<Point X = "202" Y = "187" T = "0" Pressure = "0" />
		<Point X = "203" Y = "191" T = "0" Pressure = "0" />
		<Point X = "204" Y = "193" T = "0" Pressure = "0" />
		<Point X = "206" Y = "194" T = "0" Pressure = "0" />
		<Point X = "206" Y = "197" T = "0" Pressure = "0" />
		<Point X = "206" Y = "198" T = "0" Pressure = "0" />
		<Point X = "207" Y = "199" T = "0" Pressure = "0" />
		<Point X = "207" Y = "200" T = "0" Pressure = "0" />
		<Point X = "208" Y = "201" T = "0" Pressure = "0" />
		<Point X = "208" Y = "203" T = "0" Pressure = "0" />
		<Point X = "208" Y = "205" T = "0" Pressure = "0" />
		<Point X = "210" Y = "208" T = "0" Pressure = "0" />
		<Point X = "211" Y = "210" T = "0" Pressure = "0" />
		<Point X = "213" Y = "213" T = "0" Pressure = "0" />
		<Point X = "214" Y = "214" T = "0" Pressure = "0" />
		<Point X = "215" Y = "216" T = "0" Pressure = "0" />
		<Point X = "216" Y = "218" T = "0" Pressure = "0" />
		<Point X = "217" Y = "219" T = "0" Pressure = "0" />
		<Point X = "218" Y = "221" T = "0" Pressure = "0" />
		<Point X = "219" Y = "222" T = "0" Pressure = "0" />
		<Point X = "220" Y = "224" T = "0" Pressure = "0" />
		<Point X = "220" Y = "225" T = "0" Pressure = "0" />
		<Point X = "220" Y = "227" T = "0" Pressure = "0" />
		<Point X = "222" Y = "229" T = "0" Pressure = "0" />
		<Point X = "222" Y = "230" T = "0" Pressure = "0" />
		<Point X = "223" Y = "232" T = "0" Pressure = "0" />
		<Point X = "224" Y = "234" T = "0" Pressure = "0" />
		<Point X = "225" Y = "236" T = "0" Pressure = "0" />
		<Point X = "227" Y = "238" T = "0" Pressure = "0" />
		<Point X = "227" Y = "240" T = "0" Pressure = "0" />
		<Point X = "228" Y = "242" T = "0" Pressure = "0" />
		<Point X = "230" Y = "243" T = "0" Pressure = "0" />
		<Point X = "230" Y = "244" T = "0" Pressure = "0" />
		<Point X = "231" Y = "246" T = "0" Pressure = "0" />
		<Point X = "233" Y = "250" T = "0" Pressure = "0" />
		<Point X = "233" Y = "251" T = "0" Pressure = "0" />
		<Point X = "234" Y = "254" T = "0" Pressure = "0" />
		<Point X = "235" Y = "256" T = "0" Pressure = "0" />
		<Point X = "235" Y = "259" T = "0" Pressure = "0" />
		<Point X = "236" Y = "261" T = "0" Pressure = "0" />
		<Point X = "236" Y = "262" T = "0" Pressure = "0" />
		<Point X = "237" Y = "263" T = "0" Pressure = "0" />
		<Point X = "237" Y = "265" T = "0" Pressure = "0" />
		<Point X = "238" Y = "266" T = "0" Pressure = "0" />
		<Point X = "238" Y = "267" T = "0" Pressure = "0" />
		<Point X = "237" Y = "268" T = "0" Pressure = "0" />
		<Point X = "236" Y = "268" T = "0" Pressure = "0" />
		<Point X = "235" Y = "268" T = "0" Pressure = "0" />
		<Point X = "234" Y = "268" T = "0" Pressure = "0" />
		<Point X = "233" Y = "268" T = "0" Pressure = "0" />
		<Point X = "232" Y = "268" T = "0" Pressure = "0" />
		<Point X = "231" Y = "268" T = "0" Pressure = "0" />
		<Point X = "228" Y = "268" T = "0" Pressure = "0" />
		<Point X = "226" Y = "268" T = "0" Pressure = "0" />
		<Point X = "223" Y = "268" T = "0" Pressure = "0" />
		<Point X = "221" Y = "268" T = "0" Pressure = "0" />
		<Point X = "218" Y = "267" T = "0" Pressure = "0" />
		<Point X = "215" Y = "265" T = "0" Pressure = "0" />
		<Point X = "213" Y = "265" T = "0" Pressure = "0" />
		<Point X = "211" Y = "265" T = "0" Pressure = "0" />
		<Point X = "209" Y = "264" T = "0" Pressure = "0" />
		<Point X = "207" Y = "263" T = "0" Pressure = "0" />
		<Point X = "204" Y = "263" T = "0" Pressure = "0" />
		<Point X = "200" Y = "260" T = "0" Pressure = "0" />
		<Point X = "197" Y = "259" T = "0" Pressure = "0" />
		<Point X = "193" Y = "255" T = "0" Pressure = "0" />
		<Point X = "187" Y = "251" T = "0" Pressure = "0" />
		<Point X = "182" Y = "248" T = "0" Pressure = "0" />
		<Point X = "177" Y = "245" T = "0" Pressure = "0" />
		<Point X = "172" Y = "242" T = "0" Pressure = "0" />
		<Point X = "169" Y = "241" T = "0" Pressure = "0" />
		<Point X = "168" Y = "240" T = "0" Pressure = "0" />
		<Point X = "165" Y = "238" T = "0" Pressure = "0" />
		<Point X = "164" Y = "238" T = "0" Pressure = "0" />
		<Point X = "161" Y = "237" T = "0" Pressure = "0" />
		<Point X = "160" Y = "237" T = "0" Pressure = "0" />
		<Point X = "157" Y = "235" T = "0" Pressure = "0" />
		<Point X = "155" Y = "234" T = "0" Pressure = "0" />
		<Point X = "154" Y = "234" T = "0" Pressure = "0" />
		<Point X = "153" Y = "234" T = "0" Pressure = "0" />
		<Point X = "151" Y = "233" T = "0" Pressure = "0" />
		<Point X = "149" Y = "232" T = "0" Pressure = "0" />
		<Point X = "148" Y = "231" T = "0" Pressure = "0" />
		<Point X = "147" Y = "230" T = "0" Pressure = "0" />
		<Point X = "144" Y = "230" T = "0" Pressure = "0" />
		<Point X = "142" Y = "227" T = "0" Pressure = "0" />
		<Point X = "140" Y = "226" T = "0" Pressure = "0" />
		<Point X = "139" Y = "226" T = "0" Pressure = "0" />
		<Point X = "138" Y = "226" T = "0" Pressure = "0" />
		<Point X = "136" Y = "224" T = "0" Pressure = "0" />
		<Point X = "135" Y = "223" T = "0" Pressure = "0" />
		<Point X = "134" Y = "223" T = "0" Pressure = "0" />
		<Point X = "132" Y = "221" T = "0" Pressure = "0" />
		<Point X = "130" Y = "220" T = "0" Pressure = "0" />
		<Point X = "130" Y = "219" T = "0" Pressure = "0" />
		<Point X = "128" Y = "218" T = "0" Pressure = "0" />
		<Point X = "127" Y = "217" T = "0" Pressure = "0" />
		<Point X = "126" Y = "217" T = "0" Pressure = "0" />
		<Point X = "124" Y = "216" T = "0" Pressure = "0" />
		<Point X = "123" Y = "216" T = "0" Pressure = "0" />
		<Point X = "121" Y = "214" T = "0" Pressure = "0" />
		<Point X = "120" Y = "213" T = "0" Pressure = "0" />
		<Point X = "117" Y = "212" T = "0" Pressure = "0" />
		<Point X = "115" Y = "210" T = "0" Pressure = "0" />
		<Point X = "114" Y = "210" T = "0" Pressure = "0" />
		<Point X = "111" Y = "208" T = "0" Pressure = "0" />
		<Point X = "108" Y = "206" T = "0" Pressure = "0" />
		<Point X = "106" Y = "204" T = "0" Pressure = "0" />
		<Point X = "103" Y = "203" T = "0" Pressure = "0" />
		<Point X = "102" Y = "201" T = "0" Pressure = "0" />
		<Point X = "100" Y = "200" T = "0" Pressure = "0" />
		<Point X = "100" Y = "199" T = "0" Pressure = "0" />
		<Point X = "99" Y = "198" T = "0" Pressure = "0" />
		<Point X = "98" Y = "198" T = "0" Pressure = "0" />
		<Point X = "97" Y = "197" T = "0" Pressure = "0" />
		<Point X = "94" Y = "195" T = "0" Pressure = "0" />
		<Point X = "93" Y = "194" T = "0" Pressure = "0" />
		<Point X = "92" Y = "194" T = "0" Pressure = "0" />
		<Point X = "91" Y = "194" T = "0" Pressure = "0" />
		<Point X = "90" Y = "194" T = "0" Pressure = "0" />
		<Point X = "89" Y = "193" T = "0" Pressure = "0" />
		<Point X = "88" Y = "192" T = "0" Pressure = "0" />
		<Point X = "87" Y = "191" T = "0" Pressure = "0" />
		<Point X = "85" Y = "189" T = "0" Pressure = "0" />
		<Point X = "83" Y = "187" T = "0" Pressure = "0" />
		<Point X = "82" Y = "186" T = "0" Pressure = "0" />
		<Point X = "80" Y = "184" T = "0" Pressure = "0" />
		<Point X = "79" Y = "183" T = "0" Pressure = "0" />
		<Point X = "78" Y = "183" T = "0" Pressure = "0" />
		<Point X = "77" Y = "182" T = "0" Pressure = "0" />
		<Point X = "76" Y = "182" T = "0" Pressure = "0" />
		<Point X = "76" Y = "181" T = "0" Pressure = "0" />
		<Point X = "75" Y = "180" T = "0" Pressure = "0" />
		<Point X = "74" Y = "179" T = "0" Pressure = "0" />
		<Point X = "73" Y = "179" T = "0" Pressure = "0" />
		<Point X = "73" Y = "178" T = "0" Pressure = "0" />
		<Point X = "72" Y = "177" T = "0" Pressure = "0" />
		<Point X = "71" Y = "177" T = "0" Pressure = "0" />
		<Point X = "70" Y = "176" T = "0" Pressure = "0" />
		<Point X = "69" Y = "176" T = "0" Pressure = "0" />
		<Point X = "69" Y = "175" T = "0" Pressure = "0" />
		<Point X = "68" Y = "174" T = "0" Pressure = "0" />
		<Point X = "67" Y = "174" T = "0" Pressure = "0" />
		<Point X = "67" Y = "173" T = "0" Pressure = "0" />
		<Point X = "67" Y = "171" T = "0" Pressure = "0" />
		<Point X = "66" Y = "170" T = "0" Pressure = "0" />
		<Point X = "66" Y = "168" T = "0" Pressure = "0" />
		<Point X = "66" Y = "167" T = "0" Pressure = "0" />
		<Point X = "66" Y = "166" T = "0" Pressure = "0" />
		<Point X = "65" Y = "166" T = "0" Pressure = "0" />
	</Stroke>
</Gesture>
