<?xml version="1.0" encoding="utf-8" standalone="yes"?>
<Gesture Name = "star">
	<Stroke>
		<Point X = "148" Y = "100" T = "0" Pressure = "0" />
		<Point X = "149" Y = "100" T = "0" Pressure = "0" />
		<Point X = "151" Y = "100" T = "0" Pressure = "0" />
		<Point X = "152" Y = "100" T = "0" Pressure = "0" />
		<Point X = "156" Y = "100" T = "0" Pressure = "0" />
		<Point X = "160" Y = "100" T = "0" Pressure = "0" />
		<Point X = "164" Y = "100" T = "0" Pressure = "0" />
		<Point X = "170" Y = "100" T = "0" Pressure = "0" />
		<Point X = "179" Y = "100" T = "0" Pressure = "0" />
		<Point X = "186" Y = "100" T = "0" Pressure = "0" />
		<Point X = "194" Y = "100" T = "0" Pressure = "0" />
		<Point X = "201" Y = "100" T = "0" Pressure = "0" />
		<Point X = "209" Y = "100" T = "0" Pressure = "0" />
		<Point X = "215" Y = "100" T = "0" Pressure = "0" />
		<Point X = "221" Y = "99" T = "0" Pressure = "0" />
		<Point X = "225" Y = "99" T = "0" Pressure = "0" />
		<Point X = "229" Y = "99" T = "0" Pressure = "0" />
		<Point X = "232" Y = "98" T = "0" Pressure = "0" />
		<Point X = "237" Y = "96" T = "0" Pressure = "0" />
		<Point X = "242" Y = "95" T = "0" Pressure = "0" />
		<Point X = "247" Y = "95" T = "0" Pressure = "0" />
		<Point X = "257" Y = "95" T = "0" Pressure = "0" />
		<Point X = "266" Y = "95" T = "0" Pressure = "0" />
		<Point X = "273" Y = "95" T = "0" Pressure = "0" />
		<Point X = "277" Y = "94" T = "0" Pressure = "0" />
		<Point X = "282" Y = "94" T = "0" Pressure = "0" />
		<Point X = "286" Y = "91" T = "0" Pressure = "0" />
		<Point X = "288" Y = "91" T = "0" Pressure = "0" />
		<Point X = "289" Y = "91" T = "0" Pressure = "0" />
		<Point X = "291" Y = "90" T = "0" Pressure = "0" />
		<Point X = "293" Y = "89" T = "0" Pressure = "0" />
		<Point X = "295" Y = "88" T = "0" Pressure = "0" />
		<Point X = "296" Y = "88" T = "0" Pressure = "0" />
		<Point X = "297" Y = "88" T = "0" Pressure = "0" />
		<Point X = "298" Y = "87" T = "0" Pressure = "0" />
		<Point X = "299" Y = "87" T = "0" Pressure = "0" />
		<Point X = "300" Y = "86" T = "0" Pressure = "0" />
		<Point X = "300" Y = "87" T = "0" Pressure = "0" />
		<Point X = "300" Y = "88" T = "0" Pressure = "0" />
		<Point X = "300" Y = "91" T = "0" Pressure = "0" />
		<Point X = "299" Y = "94" T = "0" Pressure = "0" />
		<Point X = "299" Y = "97" T = "0" Pressure = "0" />
		<Point X = "297" Y = "100" T = "0" Pressure = "0" />
		<Point X = "295" Y = "102" T = "0" Pressure = "0" />
		<Point X = "291" Y = "107" T = "0" Pressure = "0" />
		<Point X = "288" Y = "109" T = "0" Pressure = "0" />
		<Point X = "285" Y = "113" T = "0" Pressure = "0" />
		<Point X = "282" Y = "115" T = "0" Pressure = "0" />
		<Point X = "280" Y = "118" T = "0" Pressure = "0" />
		<Point X = "276" Y = "120" T = "0" Pressure = "0" />
		<Point X = "273" Y = "123" T = "0" Pressure = "0" />
		<Point X = "269" Y = "127" T = "0" Pressure = "0" />
		<Point X = "264" Y = "131" T = "0" Pressure = "0" />
		<Point X = "261" Y = "134" T = "0" Pressure = "0" />
		<Point X = "258" Y = "136" T = "0" Pressure = "0" />
		<Point X = "255" Y = "139" T = "0" Pressure = "0" />
		<Point X = "250" Y = "143" T = "0" Pressure = "0" />
		<Point X = "248" Y = "145" T = "0" Pressure = "0" />
		<Point X = "244" Y = "147" T = "0" Pressure = "0" />
		<Point X = "241" Y = "149" T = "0" Pressure = "0" />
		<Point X = "238" Y = "152" T = "0" Pressure = "0" />
		<Point X = "234" Y = "153" T = "0" Pressure = "0" />
		<Point X = "230" Y = "156" T = "0" Pressure = "0" />
		<Point X = "228" Y = "158" T = "0" Pressure = "0" />
		<Point X = "224" Y = "160" T = "0" Pressure = "0" />
		<Point X = "220" Y = "162" T = "0" Pressure = "0" />
		<Point X = "218" Y = "164" T = "0" Pressure = "0" />
		<Point X = "215" Y = "166" T = "0" Pressure = "0" />
		<Point X = "214" Y = "167" T = "0" Pressure = "0" />
		<Point X = "212" Y = "169" T = "0" Pressure = "0" />
		<Point X = "211" Y = "169" T = "0" Pressure = "0" />
		<Point X = "209" Y = "170" T = "0" Pressure = "0" />
		<Point X = "209" Y = "171" T = "0" Pressure = "0" />
		<Point X = "208" Y = "171" T = "0" Pressure = "0" />
		<Point X = "206" Y = "173" T = "0" Pressure = "0" />
		<Point X = "204" Y = "174" T = "0" Pressure = "0" />
		<Point X = "203" Y = "175" T = "0" Pressure = "0" />
		<Point X = "203" Y = "174" T = "0" Pressure = "0" />
		<Point X = "203" Y = "173" T = "0" Pressure = "0" />
		<Point X = "203" Y = "170" T = "0" Pressure = "0" />
		<Point X = "202" Y = "166" T = "0" Pressure = "0" />
		<Point X = "202" Y = "162" T = "0" Pressure = "0" />
		<Point X = "201" Y = "157" T = "0" Pressure = "0" />
		<Point X = "201" Y = "154" T = "0" Pressure = "0" />
		<Point X = "199" Y = "150" T = "0" Pressure = "0" />
		<Point X = "199" Y = "148" T = "0" Pressure = "0" />
		<Point X = "199" Y = "147" T = "0" Pressure = "0" />
		<Point X = "199" Y = "146" T = "0" Pressure = "0" />
		<Point X = "198" Y = "144" T = "0" Pressure = "0" />
		<Point X = "198" Y = "141" T = "0" Pressure = "0" />
		<Point X = "197" Y = "138" T = "0" Pressure = "0" />
		<Point X = "194" Y = "133" T = "0" Pressure = "0" />
		<Point X = "194" Y = "130" T = "0" Pressure = "0" />
		<Point X = "194" Y = "126" T = "0" Pressure = "0" />
		<Point X = "192" Y = "120" T = "0" Pressure = "0" />
		<Point X = "192" Y = "114" T = "0" Pressure = "0" />
		<Point X = "192" Y = "109" T = "0" Pressure = "0" />
		<Point X = "191" Y = "104" T = "0" Pressure = "0" />
		<Point X = "191" Y = "99" T = "0" Pressure = "0" />
		<Point X = "191" Y = "93" T = "0" Pressure = "0" />
		<Point X = "191" Y = "88" T = "0" Pressure = "0" />
		<Point X = "191" Y = "81" T = "0" Pressure = "0" />
		<Point X = "191" Y = "75" T = "0" Pressure = "0" />
		<Point X = "191" Y = "70" T = "0" Pressure = "0" />
		<Point X = "191" Y = "65" T = "0" Pressure = "0" />
		<Point X = "191" Y = "61" T = "0" Pressure = "0" />
		<Point X = "191" Y = "58" T = "0" Pressure = "0" />
		<Point X = "191" Y = "56" T = "0" Pressure = "0" />
		<Point X = "191" Y = "55" T = "0" Pressure = "0" />
		<Point X = "191" Y = "54" T = "0" Pressure = "0" />
		<Point X = "191" Y = "52" T = "0" Pressure = "0" />
		<Point X = "191" Y = "51" T = "0" Pressure = "0" />
		<Point X = "191" Y = "49" T = "0" Pressure = "0" />
		<Point X = "191" Y = "48" T = "0" Pressure = "0" />
		<Point X = "191" Y = "46" T = "0" Pressure = "0" />
		<Point X = "191" Y = "48" T = "0" Pressure = "0" />
		<Point X = "194" Y = "50" T = "0" Pressure = "0" />
		<Point X = "196" Y = "52" T = "0" Pressure = "0" />
		<Point X = "198" Y = "55" T = "0" Pressure = "0" />
		<Point X = "203" Y = "60" T = "0" Pressure = "0" />
		<Point X = "210" Y = "65" T = "0" Pressure = "0" />
		<Point X = "217" Y = "70" T = "0" Pressure = "0" />
		<Point X = "225" Y = "76" T = "0" Pressure = "0" />
		<Point X = "231" Y = "81" T = "0" Pressure = "0" />
		<Point X = "236" Y = "86" T = "0" Pressure = "0" />
		<Point X = "241" Y = "91" T = "0" Pressure = "0" />
		<Point X = "246" Y = "96" T = "0" Pressure = "0" />
		<Point X = "251" Y = "101" T = "0" Pressure = "0" />
		<Point X = "259" Y = "106" T = "0" Pressure = "0" />
		<Point X = "262" Y = "110" T = "0" Pressure = "0" />
		<Point X = "265" Y = "115" T = "0" Pressure = "0" />
		<Point X = "269" Y = "119" T = "0" Pressure = "0" />
		<Point X = "271" Y = "123" T = "0" Pressure = "0" />
		<Point X = "272" Y = "127" T = "0" Pressure = "0" />
		<Point X = "274" Y = "128" T = "0" Pressure = "0" />
		<Point X = "275" Y = "130" T = "0" Pressure = "0" />
		<Point X = "275" Y = "133" T = "0" Pressure = "0" />
		<Point X = "277" Y = "136" T = "0" Pressure = "0" />
		<Point X = "278" Y = "138" T = "0" Pressure = "0" />
		<Point X = "279" Y = "139" T = "0" Pressure = "0" />
		<Point X = "279" Y = "142" T = "0" Pressure = "0" />
		<Point X = "279" Y = "143" T = "0" Pressure = "0" />
		<Point X = "279" Y = "145" T = "0" Pressure = "0" />
		<Point X = "281" Y = "147" T = "0" Pressure = "0" />
		<Point X = "281" Y = "149" T = "0" Pressure = "0" />
		<Point X = "281" Y = "150" T = "0" Pressure = "0" />
		<Point X = "281" Y = "152" T = "0" Pressure = "0" />
		<Point X = "281" Y = "154" T = "0" Pressure = "0" />
		<Point X = "282" Y = "156" T = "0" Pressure = "0" />
		<Point X = "282" Y = "157" T = "0" Pressure = "0" />
		<Point X = "282" Y = "158" T = "0" Pressure = "0" />
		<Point X = "282" Y = "159" T = "0" Pressure = "0" />
		<Point X = "282" Y = "160" T = "0" Pressure = "0" />
		<Point X = "282" Y = "161" T = "0" Pressure = "0" />
		<Point X = "281" Y = "161" T = "0" Pressure = "0" />
		<Point X = "279" Y = "161" T = "0" Pressure = "0" />
		<Point X = "278" Y = "161" T = "0" Pressure = "0" />
		<Point X = "276" Y = "161" T = "0" Pressure = "0" />
		<Point X = "275" Y = "161" T = "0" Pressure = "0" />
		<Point X = "271" Y = "159" T = "0" Pressure = "0" />
		<Point X = "267" Y = "157" T = "0" Pressure = "0" />
		<Point X = "262" Y = "155" T = "0" Pressure = "0" />
		<Point X = "258" Y = "153" T = "0" Pressure = "0" />
		<Point X = "252" Y = "150" T = "0" Pressure = "0" />
		<Point X = "247" Y = "148" T = "0" Pressure = "0" />
		<Point X = "244" Y = "147" T = "0" Pressure = "0" />
		<Point X = "240" Y = "146" T = "0" Pressure = "0" />
		<Point X = "236" Y = "145" T = "0" Pressure = "0" />
		<Point X = "234" Y = "144" T = "0" Pressure = "0" />
		<Point X = "229" Y = "143" T = "0" Pressure = "0" />
		<Point X = "225" Y = "143" T = "0" Pressure = "0" />
		<Point X = "222" Y = "142" T = "0" Pressure = "0" />
		<Point X = "217" Y = "141" T = "0" Pressure = "0" />
		<Point X = "214" Y = "140" T = "0" Pressure = "0" />
		<Point X = "212" Y = "139" T = "0" Pressure = "0" />
		<Point X = "208" Y = "137" T = "0" Pressure = "0" />
		<Point X = "205" Y = "137" T = "0" Pressure = "0" />
		<Point X = "202" Y = "135" T = "0" Pressure = "0" />
		<Point X = "200" Y = "133" T = "0" Pressure = "0" />
		<Point X = "196" Y = "131" T = "0" Pressure = "0" />
		<Point X = "194" Y = "129" T = "0" Pressure = "0" />
		<Point X = "193" Y = "127" T = "0" Pressure = "0" />
		<Point X = "191" Y = "126" T = "0" Pressure = "0" />
		<Point X = "190" Y = "125" T = "0" Pressure = "0" />
		<Point X = "189" Y = "125" T = "0" Pressure = "0" />
		<Point X = "188" Y = "125" T = "0" Pressure = "0" />
		<Point X = "187" Y = "125" T = "0" Pressure = "0" />
		<Point X = "187" Y = "124" T = "0" Pressure = "0" />
		<Point X = "185" Y = "124" T = "0" Pressure = "0" />
		<Point X = "183" Y = "124" T = "0" Pressure = "0" />
		<Point X = "180" Y = "123" T = "0" Pressure = "0" />
		<Point X = "179" Y = "121" T = "0" Pressure = "0" />
		<Point X = "177" Y = "121" T = "0" Pressure = "0" />
		<Point X = "175" Y = "121" T = "0" Pressure = "0" />
		<Point X = "174" Y = "120" T = "0" Pressure = "0" />
		<Point X = "173" Y = "120" T = "0" Pressure = "0" />
		<Point X = "172" Y = "119" T = "0" Pressure = "0" />
		<Point X = "171" Y = "118" T = "0" Pressure = "0" />
		<Point X = "169" Y = "117" T = "0" Pressure = "0" />
		<Point X = "166" Y = "115" T = "0" Pressure = "0" />
		<Point X = "165" Y = "114" T = "0" Pressure = "0" />
		<Point X = "163" Y = "113" T = "0" Pressure = "0" />
		<Point X = "162" Y = "112" T = "0" Pressure = "0" />
		<Point X = "160" Y = "111" T = "0" Pressure = "0" />
		<Point X = "159" Y = "110" T = "0" Pressure = "0" />
		<Point X = "157" Y = "110" T = "0" Pressure = "0" />
		<Point X = "156" Y = "108" T = "0" Pressure = "0" />
		<Point X = "155" Y = "108" T = "0" Pressure = "0" />
		<Point X = "154" Y = "107" T = "0" Pressure = "0" />
		<Point X = "153" Y = "107" T = "0" Pressure = "0" />
		<Point X = "152" Y = "107" T = "0" Pressure = "0" />
		<Point X = "150" Y = "106" T = "0" Pressure = "0" />
		<Point X = "149" Y = "105" T = "0" Pressure = "0" />
		<Point X = "147" Y = "103" T = "0" Pressure = "0" />
		<Point X = "146" Y = "102" T = "0" Pressure = "0" />
		<Point X = "146" Y = "101" T = "0" Pressure = "0" />
		<Point X = "146" Y = "100" T = "0" Pressure = "0" />
		<Point X = "146" Y = "99" T = "0" Pressure = "0" />
	</Stroke>
</Gesture>
