<?xml version="1.0" encoding="utf-8" standalone="yes"?>
<Gesture Name = "star">
	<Stroke>
		<Point X = "126" Y = "176" T = "0" Pressure = "0" />
		<Point X = "131" Y = "173" T = "0" Pressure = "0" />
		<Point X = "132" Y = "173" T = "0" Pressure = "0" />
		<Point X = "133" Y = "173" T = "0" Pressure = "0" />
		<Point X = "135" Y = "173" T = "0" Pressure = "0" />
		<Point X = "136" Y = "173" T = "0" Pressure = "0" />
		<Point X = "139" Y = "172" T = "0" Pressure = "0" />
		<Point X = "141" Y = "172" T = "0" Pressure = "0" />
		<Point X = "145" Y = "172" T = "0" Pressure = "0" />
		<Point X = "150" Y = "172" T = "0" Pressure = "0" />
		<Point X = "154" Y = "172" T = "0" Pressure = "0" />
		<Point X = "158" Y = "172" T = "0" Pressure = "0" />
		<Point X = "160" Y = "172" T = "0" Pressure = "0" />
		<Point X = "167" Y = "172" T = "0" Pressure = "0" />
		<Point X = "171" Y = "172" T = "0" Pressure = "0" />
		<Point X = "178" Y = "172" T = "0" Pressure = "0" />
		<Point X = "185" Y = "172" T = "0" Pressure = "0" />
		<Point X = "193" Y = "172" T = "0" Pressure = "0" />
		<Point X = "201" Y = "172" T = "0" Pressure = "0" />
		<Point X = "208" Y = "172" T = "0" Pressure = "0" />
		<Point X = "213" Y = "172" T = "0" Pressure = "0" />
		<Point X = "219" Y = "172" T = "0" Pressure = "0" />
		<Point X = "225" Y = "173" T = "0" Pressure = "0" />
		<Point X = "226" Y = "173" T = "0" Pressure = "0" />
		<Point X = "228" Y = "173" T = "0" Pressure = "0" />
		<Point X = "230" Y = "173" T = "0" Pressure = "0" />
		<Point X = "232" Y = "173" T = "0" Pressure = "0" />
		<Point X = "236" Y = "173" T = "0" Pressure = "0" />
		<Point X = "239" Y = "173" T = "0" Pressure = "0" />
		<Point X = "243" Y = "173" T = "0" Pressure = "0" />
		<Point X = "249" Y = "174" T = "0" Pressure = "0" />
		<Point X = "253" Y = "175" T = "0" Pressure = "0" />
		<Point X = "258" Y = "175" T = "0" Pressure = "0" />
		<Point X = "262" Y = "175" T = "0" Pressure = "0" />
		<Point X = "264" Y = "175" T = "0" Pressure = "0" />
		<Point X = "268" Y = "175" T = "0" Pressure = "0" />
		<Point X = "270" Y = "175" T = "0" Pressure = "0" />
		<Point X = "273" Y = "175" T = "0" Pressure = "0" />
		<Point X = "275" Y = "175" T = "0" Pressure = "0" />
		<Point X = "278" Y = "175" T = "0" Pressure = "0" />
		<Point X = "279" Y = "175" T = "0" Pressure = "0" />
		<Point X = "282" Y = "175" T = "0" Pressure = "0" />
		<Point X = "283" Y = "175" T = "0" Pressure = "0" />
		<Point X = "284" Y = "175" T = "0" Pressure = "0" />
		<Point X = "285" Y = "175" T = "0" Pressure = "0" />
		<Point X = "286" Y = "175" T = "0" Pressure = "0" />
		<Point X = "285" Y = "177" T = "0" Pressure = "0" />
		<Point X = "284" Y = "178" T = "0" Pressure = "0" />
		<Point X = "283" Y = "180" T = "0" Pressure = "0" />
		<Point X = "282" Y = "181" T = "0" Pressure = "0" />
		<Point X = "281" Y = "182" T = "0" Pressure = "0" />
		<Point X = "279" Y = "183" T = "0" Pressure = "0" />
		<Point X = "277" Y = "185" T = "0" Pressure = "0" />
		<Point X = "274" Y = "186" T = "0" Pressure = "0" />
		<Point X = "270" Y = "187" T = "0" Pressure = "0" />
		<Point X = "267" Y = "189" T = "0" Pressure = "0" />
		<Point X = "265" Y = "190" T = "0" Pressure = "0" />
		<Point X = "262" Y = "191" T = "0" Pressure = "0" />
		<Point X = "259" Y = "193" T = "0" Pressure = "0" />
		<Point X = "256" Y = "196" T = "0" Pressure = "0" />
		<Point X = "253" Y = "197" T = "0" Pressure = "0" />
		<Point X = "249" Y = "200" T = "0" Pressure = "0" />
		<Point X = "247" Y = "201" T = "0" Pressure = "0" />
		<Point X = "244" Y = "202" T = "0" Pressure = "0" />
		<Point X = "240" Y = "204" T = "0" Pressure = "0" />
		<Point X = "238" Y = "205" T = "0" Pressure = "0" />
		<Point X = "233" Y = "208" T = "0" Pressure = "0" />
		<Point X = "229" Y = "210" T = "0" Pressure = "0" />
		<Point X = "224" Y = "214" T = "0" Pressure = "0" />
		<Point X = "221" Y = "215" T = "0" Pressure = "0" />
		<Point X = "218" Y = "216" T = "0" Pressure = "0" />
		<Point X = "216" Y = "218" T = "0" Pressure = "0" />
		<Point X = "215" Y = "218" T = "0" Pressure = "0" />
		<Point X = "214" Y = "218" T = "0" Pressure = "0" />
		<Point X = "212" Y = "219" T = "0" Pressure = "0" />
		<Point X = "210" Y = "220" T = "0" Pressure = "0" />
		<Point X = "210" Y = "221" T = "0" Pressure = "0" />
		<Point X = "208" Y = "222" T = "0" Pressure = "0" />
		<Point X = "204" Y = "224" T = "0" Pressure = "0" />
		<Point X = "203" Y = "225" T = "0" Pressure = "0" />
		<Point X = "202" Y = "225" T = "0" Pressure = "0" />
		<Point X = "199" Y = "226" T = "0" Pressure = "0" />
		<Point X = "197" Y = "228" T = "0" Pressure = "0" />
		<Point X = "196" Y = "228" T = "0" Pressure = "0" />
		<Point X = "194" Y = "228" T = "0" Pressure = "0" />
		<Point X = "193" Y = "229" T = "0" Pressure = "0" />
		<Point X = "192" Y = "229" T = "0" Pressure = "0" />
		<Point X = "190" Y = "229" T = "0" Pressure = "0" />
		<Point X = "188" Y = "229" T = "0" Pressure = "0" />
		<Point X = "187" Y = "230" T = "0" Pressure = "0" />
		<Point X = "186" Y = "230" T = "0" Pressure = "0" />
		<Point X = "185" Y = "231" T = "0" Pressure = "0" />
		<Point X = "184" Y = "232" T = "0" Pressure = "0" />
		<Point X = "182" Y = "232" T = "0" Pressure = "0" />
		<Point X = "181" Y = "233" T = "0" Pressure = "0" />
		<Point X = "179" Y = "233" T = "0" Pressure = "0" />
		<Point X = "178" Y = "234" T = "0" Pressure = "0" />
		<Point X = "177" Y = "235" T = "0" Pressure = "0" />
		<Point X = "176" Y = "235" T = "0" Pressure = "0" />
		<Point X = "176" Y = "236" T = "0" Pressure = "0" />
		<Point X = "174" Y = "237" T = "0" Pressure = "0" />
		<Point X = "173" Y = "237" T = "0" Pressure = "0" />
		<Point X = "171" Y = "239" T = "0" Pressure = "0" />
		<Point X = "169" Y = "239" T = "0" Pressure = "0" />
		<Point X = "168" Y = "239" T = "0" Pressure = "0" />
		<Point X = "165" Y = "241" T = "0" Pressure = "0" />
		<Point X = "163" Y = "242" T = "0" Pressure = "0" />
		<Point X = "162" Y = "242" T = "0" Pressure = "0" />
		<Point X = "161" Y = "242" T = "0" Pressure = "0" />
		<Point X = "160" Y = "243" T = "0" Pressure = "0" />
		<Point X = "159" Y = "243" T = "0" Pressure = "0" />
		<Point X = "157" Y = "244" T = "0" Pressure = "0" />
		<Point X = "157" Y = "245" T = "0" Pressure = "0" />
		<Point X = "156" Y = "246" T = "0" Pressure = "0" />
		<Point X = "152" Y = "247" T = "0" Pressure = "0" />
		<Point X = "151" Y = "249" T = "0" Pressure = "0" />
		<Point X = "148" Y = "249" T = "0" Pressure = "0" />
		<Point X = "145" Y = "250" T = "0" Pressure = "0" />
		<Point X = "143" Y = "250" T = "0" Pressure = "0" />
		<Point X = "140" Y = "252" T = "0" Pressure = "0" />
		<Point X = "139" Y = "252" T = "0" Pressure = "0" />
		<Point X = "138" Y = "252" T = "0" Pressure = "0" />
		<Point X = "137" Y = "252" T = "0" Pressure = "0" />
		<Point X = "136" Y = "252" T = "0" Pressure = "0" />
		<Point X = "135" Y = "252" T = "0" Pressure = "0" />
		<Point X = "132" Y = "253" T = "0" Pressure = "0" />
		<Point X = "132" Y = "254" T = "0" Pressure = "0" />
		<Point X = "129" Y = "255" T = "0" Pressure = "0" />
		<Point X = "128" Y = "255" T = "0" Pressure = "0" />
		<Point X = "127" Y = "256" T = "0" Pressure = "0" />
		<Point X = "128" Y = "255" T = "0" Pressure = "0" />
		<Point X = "128" Y = "254" T = "0" Pressure = "0" />
		<Point X = "130" Y = "252" T = "0" Pressure = "0" />
		<Point X = "132" Y = "250" T = "0" Pressure = "0" />
		<Point X = "134" Y = "244" T = "0" Pressure = "0" />
		<Point X = "138" Y = "238" T = "0" Pressure = "0" />
		<Point X = "140" Y = "234" T = "0" Pressure = "0" />
		<Point X = "144" Y = "228" T = "0" Pressure = "0" />
		<Point X = "148" Y = "222" T = "0" Pressure = "0" />
		<Point X = "153" Y = "213" T = "0" Pressure = "0" />
		<Point X = "156" Y = "207" T = "0" Pressure = "0" />
		<Point X = "159" Y = "201" T = "0" Pressure = "0" />
		<Point X = "161" Y = "194" T = "0" Pressure = "0" />
		<Point X = "163" Y = "188" T = "0" Pressure = "0" />
		<Point X = "164" Y = "182" T = "0" Pressure = "0" />
		<Point X = "164" Y = "178" T = "0" Pressure = "0" />
		<Point X = "167" Y = "172" T = "0" Pressure = "0" />
		<Point X = "167" Y = "170" T = "0" Pressure = "0" />
		<Point X = "168" Y = "167" T = "0" Pressure = "0" />
		<Point X = "169" Y = "164" T = "0" Pressure = "0" />
		<Point X = "170" Y = "162" T = "0" Pressure = "0" />
		<Point X = "170" Y = "159" T = "0" Pressure = "0" />
		<Point X = "171" Y = "158" T = "0" Pressure = "0" />
		<Point X = "172" Y = "155" T = "0" Pressure = "0" />
		<Point X = "173" Y = "152" T = "0" Pressure = "0" />
		<Point X = "174" Y = "150" T = "0" Pressure = "0" />
		<Point X = "174" Y = "146" T = "0" Pressure = "0" />
		<Point X = "176" Y = "142" T = "0" Pressure = "0" />
		<Point X = "177" Y = "141" T = "0" Pressure = "0" />
		<Point X = "178" Y = "138" T = "0" Pressure = "0" />
		<Point X = "180" Y = "135" T = "0" Pressure = "0" />
		<Point X = "182" Y = "133" T = "0" Pressure = "0" />
		<Point X = "183" Y = "130" T = "0" Pressure = "0" />
		<Point X = "185" Y = "128" T = "0" Pressure = "0" />
		<Point X = "185" Y = "127" T = "0" Pressure = "0" />
		<Point X = "187" Y = "125" T = "0" Pressure = "0" />
		<Point X = "188" Y = "124" T = "0" Pressure = "0" />
		<Point X = "189" Y = "123" T = "0" Pressure = "0" />
		<Point X = "191" Y = "120" T = "0" Pressure = "0" />
		<Point X = "192" Y = "118" T = "0" Pressure = "0" />
		<Point X = "192" Y = "117" T = "0" Pressure = "0" />
		<Point X = "192" Y = "115" T = "0" Pressure = "0" />
		<Point X = "193" Y = "113" T = "0" Pressure = "0" />
		<Point X = "194" Y = "111" T = "0" Pressure = "0" />
		<Point X = "195" Y = "109" T = "0" Pressure = "0" />
		<Point X = "197" Y = "107" T = "0" Pressure = "0" />
		<Point X = "198" Y = "106" T = "0" Pressure = "0" />
		<Point X = "199" Y = "104" T = "0" Pressure = "0" />
		<Point X = "200" Y = "102" T = "0" Pressure = "0" />
		<Point X = "201" Y = "101" T = "0" Pressure = "0" />
		<Point X = "201" Y = "99" T = "0" Pressure = "0" />
		<Point X = "202" Y = "98" T = "0" Pressure = "0" />
		<Point X = "202" Y = "97" T = "0" Pressure = "0" />
		<Point X = "203" Y = "96" T = "0" Pressure = "0" />
		<Point X = "203" Y = "95" T = "0" Pressure = "0" />
		<Point X = "204" Y = "95" T = "0" Pressure = "0" />
		<Point X = "205" Y = "98" T = "0" Pressure = "0" />
		<Point X = "206" Y = "102" T = "0" Pressure = "0" />
		<Point X = "207" Y = "108" T = "0" Pressure = "0" />
		<Point X = "209" Y = "112" T = "0" Pressure = "0" />
		<Point X = "211" Y = "122" T = "0" Pressure = "0" />
		<Point X = "214" Y = "129" T = "0" Pressure = "0" />
		<Point X = "216" Y = "135" T = "0" Pressure = "0" />
		<Point X = "217" Y = "142" T = "0" Pressure = "0" />
		<Point X = "219" Y = "147" T = "0" Pressure = "0" />
		<Point X = "219" Y = "150" T = "0" Pressure = "0" />
		<Point X = "220" Y = "153" T = "0" Pressure = "0" />
		<Point X = "221" Y = "156" T = "0" Pressure = "0" />
		<Point X = "221" Y = "160" T = "0" Pressure = "0" />
		<Point X = "223" Y = "163" T = "0" Pressure = "0" />
		<Point X = "224" Y = "167" T = "0" Pressure = "0" />
		<Point X = "225" Y = "171" T = "0" Pressure = "0" />
		<Point X = "226" Y = "176" T = "0" Pressure = "0" />
		<Point X = "226" Y = "180" T = "0" Pressure = "0" />
		<Point X = "228" Y = "185" T = "0" Pressure = "0" />
		<Point X = "228" Y = "189" T = "0" Pressure = "0" />
		<Point X = "228" Y = "192" T = "0" Pressure = "0" />
		<Point X = "228" Y = "196" T = "0" Pressure = "0" />
		<Point X = "228" Y = "199" T = "0" Pressure = "0" />
		<Point X = "228" Y = "204" T = "0" Pressure = "0" />
		<Point X = "229" Y = "208" T = "0" Pressure = "0" />
		<Point X = "230" Y = "215" T = "0" Pressure = "0" />
		<Point X = "232" Y = "223" T = "0" Pressure = "0" />
		<Point X = "232" Y = "227" T = "0" Pressure = "0" />
		<Point X = "233" Y = "231" T = "0" Pressure = "0" />
		<Point X = "233" Y = "234" T = "0" Pressure = "0" />
		<Point X = "234" Y = "237" T = "0" Pressure = "0" />
		<Point X = "234" Y = "239" T = "0" Pressure = "0" />
		<Point X = "235" Y = "241" T = "0" Pressure = "0" />
		<Point X = "235" Y = "242" T = "0" Pressure = "0" />
		<Point X = "235" Y = "245" T = "0" Pressure = "0" />
		<Point X = "235" Y = "246" T = "0" Pressure = "0" />
		<Point X = "236" Y = "249" T = "0" Pressure = "0" />
		<Point X = "236" Y = "250" T = "0" Pressure = "0" />
		<Point X = "236" Y = "252" T = "0" Pressure = "0" />
		<Point X = "236" Y = "253" T = "0" Pressure = "0" />
		<Point X = "236" Y = "257" T = "0" Pressure = "0" />
		<Point X = "236" Y = "259" T = "0" Pressure = "0" />
		<Point X = "236" Y = "261" T = "0" Pressure = "0" />
		<Point X = "236" Y = "263" T = "0" Pressure = "0" />
		<Point X = "237" Y = "265" T = "0" Pressure = "0" />
		<Point X = "237" Y = "267" T = "0" Pressure = "0" />
		<Point X = "237" Y = "268" T = "0" Pressure = "0" />
		<Point X = "237" Y = "269" T = "0" Pressure = "0" />
		<Point X = "238" Y = "271" T = "0" Pressure = "0" />
		<Point X = "238" Y = "273" T = "0" Pressure = "0" />
		<Point X = "238" Y = "274" T = "0" Pressure = "0" />
		<Point X = "238" Y = "276" T = "0" Pressure = "0" />
		<Point X = "238" Y = "278" T = "0" Pressure = "0" />
		<Point X = "238" Y = "279" T = "0" Pressure = "0" />
		<Point X = "238" Y = "280" T = "0" Pressure = "0" />
		<Point X = "238" Y = "281" T = "0" Pressure = "0" />
		<Point X = "238" Y = "282" T = "0" Pressure = "0" />
		<Point X = "238" Y = "283" T = "0" Pressure = "0" />
		<Point X = "238" Y = "284" T = "0" Pressure = "0" />
		<Point X = "237" Y = "284" T = "0" Pressure = "0" />
		<Point X = "236" Y = "284" T = "0" Pressure = "0" />
		<Point X = "234" Y = "284" T = "0" Pressure = "0" />
		<Point X = "233" Y = "284" T = "0" Pressure = "0" />
		<Point X = "232" Y = "284" T = "0" Pressure = "0" />
		<Point X = "230" Y = "284" T = "0" Pressure = "0" />
		<Point X = "227" Y = "282" T = "0" Pressure = "0" />
		<Point X = "224" Y = "280" T = "0" Pressure = "0" />
		<Point X = "222" Y = "280" T = "0" Pressure = "0" />
		<Point X = "222" Y = "279" T = "0" Pressure = "0" />
		<Point X = "221" Y = "279" T = "0" Pressure = "0" />
		<Point X = "221" Y = "277" T = "0" Pressure = "0" />
		<Point X = "219" Y = "276" T = "0" Pressure = "0" />
		<Point X = "218" Y = "274" T = "0" Pressure = "0" />
		<Point X = "217" Y = "271" T = "0" Pressure = "0" />
		<Point X = "214" Y = "269" T = "0" Pressure = "0" />
		<Point X = "212" Y = "266" T = "0" Pressure = "0" />
		<Point X = "208" Y = "263" T = "0" Pressure = "0" />
		<Point X = "201" Y = "259" T = "0" Pressure = "0" />
		<Point X = "195" Y = "253" T = "0" Pressure = "0" />
		<Point X = "190" Y = "250" T = "0" Pressure = "0" />
		<Point X = "186" Y = "248" T = "0" Pressure = "0" />
		<Point X = "183" Y = "245" T = "0" Pressure = "0" />
		<Point X = "180" Y = "243" T = "0" Pressure = "0" />
		<Point X = "179" Y = "242" T = "0" Pressure = "0" />
		<Point X = "177" Y = "240" T = "0" Pressure = "0" />
		<Point X = "175" Y = "237" T = "0" Pressure = "0" />
		<Point X = "174" Y = "236" T = "0" Pressure = "0" />
		<Point X = "171" Y = "234" T = "0" Pressure = "0" />
		<Point X = "170" Y = "232" T = "0" Pressure = "0" />
		<Point X = "168" Y = "231" T = "0" Pressure = "0" />
		<Point X = "167" Y = "230" T = "0" Pressure = "0" />
		<Point X = "166" Y = "229" T = "0" Pressure = "0" />
		<Point X = "164" Y = "227" T = "0" Pressure = "0" />
		<Point X = "163" Y = "226" T = "0" Pressure = "0" />
		<Point X = "161" Y = "224" T = "0" Pressure = "0" />
		<Point X = "160" Y = "224" T = "0" Pressure = "0" />
		<Point X = "159" Y = "222" T = "0" Pressure = "0" />
		<Point X = "157" Y = "221" T = "0" Pressure = "0" />
		<Point X = "157" Y = "220" T = "0" Pressure = "0" />
		<Point X = "156" Y = "220" T = "0" Pressure = "0" />
		<Point X = "155" Y = "220" T = "0" Pressure = "0" />
		<Point X = "154" Y = "218" T = "0" Pressure = "0" />
		<Point X = "153" Y = "217" T = "0" Pressure = "0" />
		<Point X = "150" Y = "215" T = "0" Pressure = "0" />
		<Point X = "149" Y = "215" T = "0" Pressure = "0" />
		<Point X = "147" Y = "213" T = "0" Pressure = "0" />
		<Point X = "146" Y = "211" T = "0" Pressure = "0" />
		<Point X = "144" Y = "209" T = "0" Pressure = "0" />
		<Point X = "143" Y = "207" T = "0" Pressure = "0" />
		<Point X = "142" Y = "207" T = "0" Pressure = "0" />
		<Point X = "141" Y = "205" T = "0" Pressure = "0" />
		<Point X = "140" Y = "205" T = "0" Pressure = "0" />
		<Point X = "139" Y = "204" T = "0" Pressure = "0" />
		<Point X = "138" Y = "203" T = "0" Pressure = "0" />
		<Point X = "136" Y = "202" T = "0" Pressure = "0" />
		<Point X = "136" Y = "201" T = "0" Pressure = "0" />
		<Point X = "134" Y = "201" T = "0" Pressure = "0" />
		<Point X = "133" Y = "200" T = "0" Pressure = "0" />
		<Point X = "132" Y = "199" T = "0" Pressure = "0" />
		<Point X = "131" Y = "198" T = "0" Pressure = "0" />
		<Point X = "130" Y = "197" T = "0" Pressure = "0" />
		<Point X = "130" Y = "196" T = "0" Pressure = "0" />
		<Point X = "128" Y = "195" T = "0" Pressure = "0" />
		<Point X = "127" Y = "194" T = "0" Pressure = "0" />
		<Point X = "125" Y = "192" T = "0" Pressure = "0" />
		<Point X = "123" Y = "189" T = "0" Pressure = "0" />
		<Point X = "121" Y = "187" T = "0" Pressure = "0" />
		<Point X = "120" Y = "186" T = "0" Pressure = "0" />
		<Point X = "120" Y = "185" T = "0" Pressure = "0" />
		<Point X = "119" Y = "184" T = "0" Pressure = "0" />
		<Point X = "118" Y = "183" T = "0" Pressure = "0" />
		<Point X = "118" Y = "182" T = "0" Pressure = "0" />
		<Point X = "117" Y = "181" T = "0" Pressure = "0" />
		<Point X = "116" Y = "180" T = "0" Pressure = "0" />
		<Point X = "115" Y = "180" T = "0" Pressure = "0" />
		<Point X = "114" Y = "178" T = "0" Pressure = "0" />
		<Point X = "113" Y = "176" T = "0" Pressure = "0" />
		<Point X = "112" Y = "175" T = "0" Pressure = "0" />
		<Point X = "111" Y = "174" T = "0" Pressure = "0" />
		<Point X = "110" Y = "171" T = "0" Pressure = "0" />
		<Point X = "109" Y = "170" T = "0" Pressure = "0" />
		<Point X = "109" Y = "169" T = "0" Pressure = "0" />
		<Point X = "110" Y = "168" T = "0" Pressure = "0" />
		<Point X = "111" Y = "168" T = "0" Pressure = "0" />
		<Point X = "112" Y = "168" T = "0" Pressure = "0" />
		<Point X = "113" Y = "168" T = "0" Pressure = "0" />
		<Point X = "114" Y = "168" T = "0" Pressure = "0" />
		<Point X = "115" Y = "168" T = "0" Pressure = "0" />
		<Point X = "117" Y = "168" T = "0" Pressure = "0" />
		<Point X = "119" Y = "168" T = "0" Pressure = "0" />
		<Point X = "120" Y = "168" T = "0" Pressure = "0" />
		<Point X = "122" Y = "168" T = "0" Pressure = "0" />
		<Point X = "123" Y = "168" T = "0" Pressure = "0" />
		<Point X = "126" Y = "168" T = "0" Pressure = "0" />
		<Point X = "127" Y = "168" T = "0" Pressure = "0" />
		<Point X = "130" Y = "168" T = "0" Pressure = "0" />
		<Point X = "131" Y = "168" T = "0" Pressure = "0" />
		<Point X = "132" Y = "168" T = "0" Pressure = "0" />
		<Point X = "133" Y = "168" T = "0" Pressure = "0" />
		<Point X = "134" Y = "168" T = "0" Pressure = "0" />
	</Stroke>
</Gesture>
