<?xml version="1.0" encoding="utf-8" standalone="yes"?>
<Gesture Name = "star">
	<Stroke>
		<Point X = "230" Y = "172" T = "0" Pressure = "0" />
		<Point X = "231" Y = "172" T = "0" Pressure = "0" />
		<Point X = "233" Y = "172" T = "0" Pressure = "0" />
		<Point X = "235" Y = "172" T = "0" Pressure = "0" />
		<Point X = "236" Y = "172" T = "0" Pressure = "0" />
		<Point X = "238" Y = "172" T = "0" Pressure = "0" />
		<Point X = "239" Y = "172" T = "0" Pressure = "0" />
		<Point X = "243" Y = "171" T = "0" Pressure = "0" />
		<Point X = "246" Y = "171" T = "0" Pressure = "0" />
		<Point X = "250" Y = "171" T = "0" Pressure = "0" />
		<Point X = "254" Y = "171" T = "0" Pressure = "0" />
		<Point X = "259" Y = "171" T = "0" Pressure = "0" />
		<Point X = "265" Y = "171" T = "0" Pressure = "0" />
		<Point X = "272" Y = "171" T = "0" Pressure = "0" />
		<Point X = "277" Y = "171" T = "0" Pressure = "0" />
		<Point X = "283" Y = "171" T = "0" Pressure = "0" />
		<Point X = "287" Y = "171" T = "0" Pressure = "0" />
		<Point X = "293" Y = "172" T = "0" Pressure = "0" />
		<Point X = "295" Y = "173" T = "0" Pressure = "0" />
		<Point X = "299" Y = "173" T = "0" Pressure = "0" />
		<Point X = "301" Y = "173" T = "0" Pressure = "0" />
		<Point X = "304" Y = "173" T = "0" Pressure = "0" />
		<Point X = "307" Y = "173" T = "0" Pressure = "0" />
		<Point X = "311" Y = "173" T = "0" Pressure = "0" />
		<Point X = "315" Y = "173" T = "0" Pressure = "0" />
		<Point X = "319" Y = "173" T = "0" Pressure = "0" />
		<Point X = "323" Y = "173" T = "0" Pressure = "0" />
		<Point X = "324" Y = "173" T = "0" Pressure = "0" />
		<Point X = "326" Y = "173" T = "0" Pressure = "0" />
		<Point X = "328" Y = "172" T = "0" Pressure = "0" />
		<Point X = "330" Y = "172" T = "0" Pressure = "0" />
		<Point X = "332" Y = "171" T = "0" Pressure = "0" />
		<Point X = "334" Y = "170" T = "0" Pressure = "0" />
		<Point X = "335" Y = "170" T = "0" Pressure = "0" />
		<Point X = "337" Y = "170" T = "0" Pressure = "0" />
		<Point X = "340" Y = "170" T = "0" Pressure = "0" />
		<Point X = "342" Y = "170" T = "0" Pressure = "0" />
		<Point X = "343" Y = "170" T = "0" Pressure = "0" />
		<Point X = "344" Y = "169" T = "0" Pressure = "0" />
		<Point X = "345" Y = "169" T = "0" Pressure = "0" />
		<Point X = "345" Y = "170" T = "0" Pressure = "0" />
		<Point X = "345" Y = "173" T = "0" Pressure = "0" />
		<Point X = "344" Y = "174" T = "0" Pressure = "0" />
		<Point X = "342" Y = "177" T = "0" Pressure = "0" />
		<Point X = "340" Y = "179" T = "0" Pressure = "0" />
		<Point X = "339" Y = "181" T = "0" Pressure = "0" />
		<Point X = "334" Y = "186" T = "0" Pressure = "0" />
		<Point X = "330" Y = "190" T = "0" Pressure = "0" />
		<Point X = "326" Y = "191" T = "0" Pressure = "0" />
		<Point X = "321" Y = "195" T = "0" Pressure = "0" />
		<Point X = "315" Y = "199" T = "0" Pressure = "0" />
		<Point X = "312" Y = "202" T = "0" Pressure = "0" />
		<Point X = "307" Y = "206" T = "0" Pressure = "0" />
		<Point X = "303" Y = "209" T = "0" Pressure = "0" />
		<Point X = "300" Y = "211" T = "0" Pressure = "0" />
		<Point X = "297" Y = "214" T = "0" Pressure = "0" />
		<Point X = "293" Y = "217" T = "0" Pressure = "0" />
		<Point X = "291" Y = "220" T = "0" Pressure = "0" />
		<Point X = "288" Y = "222" T = "0" Pressure = "0" />
		<Point X = "284" Y = "227" T = "0" Pressure = "0" />
		<Point X = "281" Y = "231" T = "0" Pressure = "0" />
		<Point X = "277" Y = "234" T = "0" Pressure = "0" />
		<Point X = "275" Y = "237" T = "0" Pressure = "0" />
		<Point X = "273" Y = "238" T = "0" Pressure = "0" />
		<Point X = "272" Y = "240" T = "0" Pressure = "0" />
		<Point X = "270" Y = "240" T = "0" Pressure = "0" />
		<Point X = "269" Y = "241" T = "0" Pressure = "0" />
		<Point X = "267" Y = "243" T = "0" Pressure = "0" />
		<Point X = "266" Y = "243" T = "0" Pressure = "0" />
		<Point X = "265" Y = "244" T = "0" Pressure = "0" />
		<Point X = "263" Y = "245" T = "0" Pressure = "0" />
		<Point X = "262" Y = "245" T = "0" Pressure = "0" />
		<Point X = "261" Y = "246" T = "0" Pressure = "0" />
		<Point X = "258" Y = "247" T = "0" Pressure = "0" />
		<Point X = "255" Y = "249" T = "0" Pressure = "0" />
		<Point X = "254" Y = "251" T = "0" Pressure = "0" />
		<Point X = "251" Y = "252" T = "0" Pressure = "0" />
		<Point X = "249" Y = "254" T = "0" Pressure = "0" />
		<Point X = "247" Y = "256" T = "0" Pressure = "0" />
		<Point X = "243" Y = "259" T = "0" Pressure = "0" />
		<Point X = "241" Y = "261" T = "0" Pressure = "0" />
		<Point X = "239" Y = "263" T = "0" Pressure = "0" />
		<Point X = "236" Y = "266" T = "0" Pressure = "0" />
		<Point X = "234" Y = "268" T = "0" Pressure = "0" />
		<Point X = "233" Y = "269" T = "0" Pressure = "0" />
		<Point X = "231" Y = "270" T = "0" Pressure = "0" />
		<Point X = "231" Y = "272" T = "0" Pressure = "0" />
		<Point X = "230" Y = "272" T = "0" Pressure = "0" />
		<Point X = "229" Y = "274" T = "0" Pressure = "0" />
		<Point X = "229" Y = "273" T = "0" Pressure = "0" />
		<Point X = "229" Y = "272" T = "0" Pressure = "0" />
		<Point X = "232" Y = "268" T = "0" Pressure = "0" />
		<Point X = "235" Y = "264" T = "0" Pressure = "0" />
		<Point X = "237" Y = "259" T = "0" Pressure = "0" />
		<Point X = "241" Y = "253" T = "0" Pressure = "0" />
		<Point X = "245" Y = "247" T = "0" Pressure = "0" />
		<Point X = "247" Y = "242" T = "0" Pressure = "0" />
		<Point X = "249" Y = "239" T = "0" Pressure = "0" />
		<Point X = "252" Y = "234" T = "0" Pressure = "0" />
		<Point X = "254" Y = "229" T = "0" Pressure = "0" />
		<Point X = "256" Y = "225" T = "0" Pressure = "0" />
		<Point X = "256" Y = "223" T = "0" Pressure = "0" />
		<Point X = "257" Y = "222" T = "0" Pressure = "0" />
		<Point X = "257" Y = "220" T = "0" Pressure = "0" />
		<Point X = "258" Y = "219" T = "0" Pressure = "0" />
		<Point X = "258" Y = "217" T = "0" Pressure = "0" />
		<Point X = "259" Y = "216" T = "0" Pressure = "0" />
		<Point X = "260" Y = "215" T = "0" Pressure = "0" />
		<Point X = "260" Y = "212" T = "0" Pressure = "0" />
		<Point X = "261" Y = "210" T = "0" Pressure = "0" />
		<Point X = "263" Y = "206" T = "0" Pressure = "0" />
		<Point X = "263" Y = "204" T = "0" Pressure = "0" />
		<Point X = "263" Y = "201" T = "0" Pressure = "0" />
		<Point X = "263" Y = "199" T = "0" Pressure = "0" />
		<Point X = "263" Y = "196" T = "0" Pressure = "0" />
		<Point X = "264" Y = "192" T = "0" Pressure = "0" />
		<Point X = "264" Y = "191" T = "0" Pressure = "0" />
		<Point X = "264" Y = "189" T = "0" Pressure = "0" />
		<Point X = "264" Y = "186" T = "0" Pressure = "0" />
		<Point X = "264" Y = "184" T = "0" Pressure = "0" />
		<Point X = "264" Y = "182" T = "0" Pressure = "0" />
		<Point X = "264" Y = "181" T = "0" Pressure = "0" />
		<Point X = "264" Y = "180" T = "0" Pressure = "0" />
		<Point X = "264" Y = "177" T = "0" Pressure = "0" />
		<Point X = "264" Y = "175" T = "0" Pressure = "0" />
		<Point X = "265" Y = "175" T = "0" Pressure = "0" />
		<Point X = "265" Y = "173" T = "0" Pressure = "0" />
		<Point X = "265" Y = "170" T = "0" Pressure = "0" />
		<Point X = "266" Y = "168" T = "0" Pressure = "0" />
		<Point X = "267" Y = "167" T = "0" Pressure = "0" />
		<Point X = "267" Y = "164" T = "0" Pressure = "0" />
		<Point X = "268" Y = "161" T = "0" Pressure = "0" />
		<Point X = "269" Y = "160" T = "0" Pressure = "0" />
		<Point X = "270" Y = "156" T = "0" Pressure = "0" />
		<Point X = "271" Y = "153" T = "0" Pressure = "0" />
		<Point X = "271" Y = "151" T = "0" Pressure = "0" />
		<Point X = "272" Y = "149" T = "0" Pressure = "0" />
		<Point X = "273" Y = "148" T = "0" Pressure = "0" />
		<Point X = "274" Y = "145" T = "0" Pressure = "0" />
		<Point X = "275" Y = "144" T = "0" Pressure = "0" />
		<Point X = "275" Y = "143" T = "0" Pressure = "0" />
		<Point X = "275" Y = "141" T = "0" Pressure = "0" />
		<Point X = "275" Y = "140" T = "0" Pressure = "0" />
		<Point X = "275" Y = "139" T = "0" Pressure = "0" />
		<Point X = "276" Y = "138" T = "0" Pressure = "0" />
		<Point X = "277" Y = "137" T = "0" Pressure = "0" />
		<Point X = "278" Y = "135" T = "0" Pressure = "0" />
		<Point X = "278" Y = "134" T = "0" Pressure = "0" />
		<Point X = "279" Y = "132" T = "0" Pressure = "0" />
		<Point X = "280" Y = "131" T = "0" Pressure = "0" />
		<Point X = "280" Y = "128" T = "0" Pressure = "0" />
		<Point X = "281" Y = "127" T = "0" Pressure = "0" />
		<Point X = "282" Y = "125" T = "0" Pressure = "0" />
		<Point X = "283" Y = "124" T = "0" Pressure = "0" />
		<Point X = "283" Y = "122" T = "0" Pressure = "0" />
		<Point X = "284" Y = "121" T = "0" Pressure = "0" />
		<Point X = "285" Y = "120" T = "0" Pressure = "0" />
		<Point X = "286" Y = "120" T = "0" Pressure = "0" />
		<Point X = "286" Y = "118" T = "0" Pressure = "0" />
		<Point X = "287" Y = "116" T = "0" Pressure = "0" />
		<Point X = "288" Y = "114" T = "0" Pressure = "0" />
		<Point X = "288" Y = "112" T = "0" Pressure = "0" />
		<Point X = "289" Y = "111" T = "0" Pressure = "0" />
		<Point X = "289" Y = "110" T = "0" Pressure = "0" />
		<Point X = "289" Y = "111" T = "0" Pressure = "0" />
		<Point X = "289" Y = "114" T = "0" Pressure = "0" />
		<Point X = "289" Y = "115" T = "0" Pressure = "0" />
		<Point X = "290" Y = "118" T = "0" Pressure = "0" />
		<Point X = "290" Y = "119" T = "0" Pressure = "0" />
		<Point X = "291" Y = "121" T = "0" Pressure = "0" />
		<Point X = "291" Y = "125" T = "0" Pressure = "0" />
		<Point X = "292" Y = "130" T = "0" Pressure = "0" />
		<Point X = "293" Y = "137" T = "0" Pressure = "0" />
		<Point X = "294" Y = "142" T = "0" Pressure = "0" />
		<Point X = "294" Y = "149" T = "0" Pressure = "0" />
		<Point X = "297" Y = "155" T = "0" Pressure = "0" />
		<Point X = "298" Y = "160" T = "0" Pressure = "0" />
		<Point X = "299" Y = "166" T = "0" Pressure = "0" />
		<Point X = "301" Y = "170" T = "0" Pressure = "0" />
		<Point X = "301" Y = "176" T = "0" Pressure = "0" />
		<Point X = "302" Y = "180" T = "0" Pressure = "0" />
		<Point X = "303" Y = "186" T = "0" Pressure = "0" />
		<Point X = "304" Y = "190" T = "0" Pressure = "0" />
		<Point X = "305" Y = "193" T = "0" Pressure = "0" />
		<Point X = "306" Y = "197" T = "0" Pressure = "0" />
		<Point X = "307" Y = "199" T = "0" Pressure = "0" />
		<Point X = "307" Y = "200" T = "0" Pressure = "0" />
		<Point X = "307" Y = "202" T = "0" Pressure = "0" />
		<Point X = "308" Y = "204" T = "0" Pressure = "0" />
		<Point X = "309" Y = "205" T = "0" Pressure = "0" />
		<Point X = "309" Y = "206" T = "0" Pressure = "0" />
		<Point X = "310" Y = "207" T = "0" Pressure = "0" />
		<Point X = "311" Y = "208" T = "0" Pressure = "0" />
		<Point X = "311" Y = "210" T = "0" Pressure = "0" />
		<Point X = "313" Y = "212" T = "0" Pressure = "0" />
		<Point X = "314" Y = "214" T = "0" Pressure = "0" />
		<Point X = "316" Y = "218" T = "0" Pressure = "0" />
		<Point X = "317" Y = "220" T = "0" Pressure = "0" />
		<Point X = "318" Y = "222" T = "0" Pressure = "0" />
		<Point X = "318" Y = "224" T = "0" Pressure = "0" />
		<Point X = "319" Y = "226" T = "0" Pressure = "0" />
		<Point X = "320" Y = "229" T = "0" Pressure = "0" />
		<Point X = "321" Y = "230" T = "0" Pressure = "0" />
		<Point X = "321" Y = "233" T = "0" Pressure = "0" />
		<Point X = "321" Y = "235" T = "0" Pressure = "0" />
		<Point X = "322" Y = "238" T = "0" Pressure = "0" />
		<Point X = "324" Y = "240" T = "0" Pressure = "0" />
		<Point X = "324" Y = "241" T = "0" Pressure = "0" />
		<Point X = "324" Y = "243" T = "0" Pressure = "0" />
		<Point X = "324" Y = "245" T = "0" Pressure = "0" />
		<Point X = "324" Y = "246" T = "0" Pressure = "0" />
		<Point X = "324" Y = "247" T = "0" Pressure = "0" />
		<Point X = "324" Y = "248" T = "0" Pressure = "0" />
		<Point X = "324" Y = "249" T = "0" Pressure = "0" />
		<Point X = "324" Y = "250" T = "0" Pressure = "0" />
		<Point X = "324" Y = "251" T = "0" Pressure = "0" />
		<Point X = "324" Y = "252" T = "0" Pressure = "0" />
		<Point X = "324" Y = "253" T = "0" Pressure = "0" />
		<Point X = "322" Y = "253" T = "0" Pressure = "0" />
		<Point X = "320" Y = "253" T = "0" Pressure = "0" />
		<Point X = "318" Y = "253" T = "0" Pressure = "0" />
		<Point X = "315" Y = "252" T = "0" Pressure = "0" />
		<Point X = "313" Y = "251" T = "0" Pressure = "0" />
		<Point X = "307" Y = "249" T = "0" Pressure = "0" />
		<Point X = "305" Y = "247" T = "0" Pressure = "0" />
		<Point X = "301" Y = "244" T = "0" Pressure = "0" />
		<Point X = "299" Y = "243" T = "0" Pressure = "0" />
		<Point X = "297" Y = "241" T = "0" Pressure = "0" />
		<Point X = "293" Y = "238" T = "0" Pressure = "0" />
		<Point X = "291" Y = "236" T = "0" Pressure = "0" />
		<Point X = "287" Y = "232" T = "0" Pressure = "0" />
		<Point X = "284" Y = "230" T = "0" Pressure = "0" />
		<Point X = "282" Y = "228" T = "0" Pressure = "0" />
		<Point X = "279" Y = "224" T = "0" Pressure = "0" />
		<Point X = "276" Y = "221" T = "0" Pressure = "0" />
		<Point X = "274" Y = "218" T = "0" Pressure = "0" />
		<Point X = "271" Y = "216" T = "0" Pressure = "0" />
		<Point X = "270" Y = "215" T = "0" Pressure = "0" />
		<Point X = "268" Y = "213" T = "0" Pressure = "0" />
		<Point X = "268" Y = "212" T = "0" Pressure = "0" />
		<Point X = "267" Y = "211" T = "0" Pressure = "0" />
		<Point X = "266" Y = "211" T = "0" Pressure = "0" />
		<Point X = "265" Y = "210" T = "0" Pressure = "0" />
		<Point X = "264" Y = "209" T = "0" Pressure = "0" />
		<Point X = "263" Y = "208" T = "0" Pressure = "0" />
		<Point X = "260" Y = "206" T = "0" Pressure = "0" />
		<Point X = "258" Y = "205" T = "0" Pressure = "0" />
		<Point X = "257" Y = "202" T = "0" Pressure = "0" />
		<Point X = "256" Y = "202" T = "0" Pressure = "0" />
		<Point X = "255" Y = "200" T = "0" Pressure = "0" />
		<Point X = "254" Y = "199" T = "0" Pressure = "0" />
		<Point X = "254" Y = "198" T = "0" Pressure = "0" />
		<Point X = "253" Y = "198" T = "0" Pressure = "0" />
		<Point X = "253" Y = "197" T = "0" Pressure = "0" />
		<Point X = "251" Y = "197" T = "0" Pressure = "0" />
		<Point X = "249" Y = "195" T = "0" Pressure = "0" />
		<Point X = "248" Y = "195" T = "0" Pressure = "0" />
		<Point X = "245" Y = "194" T = "0" Pressure = "0" />
		<Point X = "244" Y = "193" T = "0" Pressure = "0" />
		<Point X = "243" Y = "192" T = "0" Pressure = "0" />
		<Point X = "242" Y = "191" T = "0" Pressure = "0" />
		<Point X = "241" Y = "191" T = "0" Pressure = "0" />
		<Point X = "240" Y = "189" T = "0" Pressure = "0" />
		<Point X = "239" Y = "189" T = "0" Pressure = "0" />
		<Point X = "238" Y = "188" T = "0" Pressure = "0" />
		<Point X = "238" Y = "187" T = "0" Pressure = "0" />
		<Point X = "237" Y = "186" T = "0" Pressure = "0" />
		<Point X = "237" Y = "185" T = "0" Pressure = "0" />
		<Point X = "236" Y = "184" T = "0" Pressure = "0" />
		<Point X = "235" Y = "184" T = "0" Pressure = "0" />
		<Point X = "235" Y = "183" T = "0" Pressure = "0" />
		<Point X = "235" Y = "182" T = "0" Pressure = "0" />
		<Point X = "234" Y = "181" T = "0" Pressure = "0" />
		<Point X = "234" Y = "180" T = "0" Pressure = "0" />
		<Point X = "233" Y = "179" T = "0" Pressure = "0" />
		<Point X = "233" Y = "177" T = "0" Pressure = "0" />
		<Point X = "232" Y = "176" T = "0" Pressure = "0" />
		<Point X = "232" Y = "175" T = "0" Pressure = "0" />
		<Point X = "232" Y = "174" T = "0" Pressure = "0" />
		<Point X = "232" Y = "173" T = "0" Pressure = "0" />
		<Point X = "232" Y = "172" T = "0" Pressure = "0" />
		<Point X = "232" Y = "171" T = "0" Pressure = "0" />
		<Point X = "232" Y = "170" T = "0" Pressure = "0" />
		<Point X = "232" Y = "169" T = "0" Pressure = "0" />
		<Point X = "231" Y = "169" T = "0" Pressure = "0" />
		<Point X = "231" Y = "168" T = "0" Pressure = "0" />
	</Stroke>
</Gesture>
