<?xml version="1.0" encoding="utf-8" standalone="yes"?>
<Gesture Name = "star">
	<Stroke>
		<Point X = "85" Y = "196" T = "0" Pressure = "0" />
		<Point X = "87" Y = "196" T = "0" Pressure = "0" />
		<Point X = "89" Y = "196" T = "0" Pressure = "0" />
		<Point X = "92" Y = "196" T = "0" Pressure = "0" />
		<Point X = "93" Y = "196" T = "0" Pressure = "0" />
		<Point X = "97" Y = "196" T = "0" Pressure = "0" />
		<Point X = "102" Y = "197" T = "0" Pressure = "0" />
		<Point X = "109" Y = "198" T = "0" Pressure = "0" />
		<Point X = "116" Y = "199" T = "0" Pressure = "0" />
		<Point X = "124" Y = "199" T = "0" Pressure = "0" />
		<Point X = "134" Y = "201" T = "0" Pressure = "0" />
		<Point X = "142" Y = "202" T = "0" Pressure = "0" />
		<Point X = "149" Y = "202" T = "0" Pressure = "0" />
		<Point X = "156" Y = "202" T = "0" Pressure = "0" />
		<Point X = "160" Y = "202" T = "0" Pressure = "0" />
		<Point X = "163" Y = "202" T = "0" Pressure = "0" />
		<Point X = "166" Y = "202" T = "0" Pressure = "0" />
		<Point X = "169" Y = "202" T = "0" Pressure = "0" />
		<Point X = "174" Y = "201" T = "0" Pressure = "0" />
		<Point X = "178" Y = "201" T = "0" Pressure = "0" />
		<Point X = "181" Y = "201" T = "0" Pressure = "0" />
		<Point X = "185" Y = "201" T = "0" Pressure = "0" />
		<Point X = "189" Y = "201" T = "0" Pressure = "0" />
		<Point X = "192" Y = "201" T = "0" Pressure = "0" />
		<Point X = "195" Y = "201" T = "0" Pressure = "0" />
		<Point X = "199" Y = "201" T = "0" Pressure = "0" />
		<Point X = "201" Y = "201" T = "0" Pressure = "0" />
		<Point X = "204" Y = "201" T = "0" Pressure = "0" />
		<Point X = "207" Y = "201" T = "0" Pressure = "0" />
		<Point X = "209" Y = "201" T = "0" Pressure = "0" />
		<Point X = "211" Y = "201" T = "0" Pressure = "0" />
		<Point X = "214" Y = "201" T = "0" Pressure = "0" />
		<Point X = "215" Y = "201" T = "0" Pressure = "0" />
		<Point X = "216" Y = "201" T = "0" Pressure = "0" />
		<Point X = "217" Y = "201" T = "0" Pressure = "0" />
		<Point X = "215" Y = "203" T = "0" Pressure = "0" />
		<Point X = "212" Y = "206" T = "0" Pressure = "0" />
		<Point X = "206" Y = "211" T = "0" Pressure = "0" />
		<Point X = "201" Y = "214" T = "0" Pressure = "0" />
		<Point X = "196" Y = "218" T = "0" Pressure = "0" />
		<Point X = "191" Y = "222" T = "0" Pressure = "0" />
		<Point X = "187" Y = "226" T = "0" Pressure = "0" />
		<Point X = "180" Y = "229" T = "0" Pressure = "0" />
		<Point X = "176" Y = "232" T = "0" Pressure = "0" />
		<Point X = "167" Y = "238" T = "0" Pressure = "0" />
		<Point X = "163" Y = "242" T = "0" Pressure = "0" />
		<Point X = "159" Y = "244" T = "0" Pressure = "0" />
		<Point X = "156" Y = "245" T = "0" Pressure = "0" />
		<Point X = "154" Y = "247" T = "0" Pressure = "0" />
		<Point X = "152" Y = "248" T = "0" Pressure = "0" />
		<Point X = "148" Y = "251" T = "0" Pressure = "0" />
		<Point X = "147" Y = "252" T = "0" Pressure = "0" />
		<Point X = "145" Y = "254" T = "0" Pressure = "0" />
		<Point X = "144" Y = "254" T = "0" Pressure = "0" />
		<Point X = "143" Y = "256" T = "0" Pressure = "0" />
		<Point X = "142" Y = "256" T = "0" Pressure = "0" />
		<Point X = "139" Y = "258" T = "0" Pressure = "0" />
		<Point X = "136" Y = "260" T = "0" Pressure = "0" />
		<Point X = "133" Y = "262" T = "0" Pressure = "0" />
		<Point X = "131" Y = "263" T = "0" Pressure = "0" />
		<Point X = "127" Y = "265" T = "0" Pressure = "0" />
		<Point X = "124" Y = "269" T = "0" Pressure = "0" />
		<Point X = "121" Y = "270" T = "0" Pressure = "0" />
		<Point X = "119" Y = "272" T = "0" Pressure = "0" />
		<Point X = "118" Y = "273" T = "0" Pressure = "0" />
		<Point X = "115" Y = "274" T = "0" Pressure = "0" />
		<Point X = "114" Y = "275" T = "0" Pressure = "0" />
		<Point X = "113" Y = "276" T = "0" Pressure = "0" />
		<Point X = "110" Y = "278" T = "0" Pressure = "0" />
		<Point X = "107" Y = "280" T = "0" Pressure = "0" />
		<Point X = "105" Y = "281" T = "0" Pressure = "0" />
		<Point X = "101" Y = "282" T = "0" Pressure = "0" />
		<Point X = "100" Y = "284" T = "0" Pressure = "0" />
		<Point X = "98" Y = "285" T = "0" Pressure = "0" />
		<Point X = "96" Y = "285" T = "0" Pressure = "0" />
		<Point X = "94" Y = "287" T = "0" Pressure = "0" />
		<Point X = "95" Y = "287" T = "0" Pressure = "0" />
		<Point X = "97" Y = "286" T = "0" Pressure = "0" />
		<Point X = "100" Y = "282" T = "0" Pressure = "0" />
		<Point X = "100" Y = "280" T = "0" Pressure = "0" />
		<Point X = "104" Y = "274" T = "0" Pressure = "0" />
		<Point X = "105" Y = "270" T = "0" Pressure = "0" />
		<Point X = "108" Y = "265" T = "0" Pressure = "0" />
		<Point X = "110" Y = "259" T = "0" Pressure = "0" />
		<Point X = "111" Y = "253" T = "0" Pressure = "0" />
		<Point X = "114" Y = "247" T = "0" Pressure = "0" />
		<Point X = "115" Y = "241" T = "0" Pressure = "0" />
		<Point X = "116" Y = "234" T = "0" Pressure = "0" />
		<Point X = "119" Y = "227" T = "0" Pressure = "0" />
		<Point X = "120" Y = "220" T = "0" Pressure = "0" />
		<Point X = "121" Y = "214" T = "0" Pressure = "0" />
		<Point X = "124" Y = "206" T = "0" Pressure = "0" />
		<Point X = "125" Y = "200" T = "0" Pressure = "0" />
		<Point X = "126" Y = "191" T = "0" Pressure = "0" />
		<Point X = "128" Y = "186" T = "0" Pressure = "0" />
		<Point X = "129" Y = "180" T = "0" Pressure = "0" />
		<Point X = "130" Y = "174" T = "0" Pressure = "0" />
		<Point X = "131" Y = "170" T = "0" Pressure = "0" />
		<Point X = "133" Y = "165" T = "0" Pressure = "0" />
		<Point X = "133" Y = "163" T = "0" Pressure = "0" />
		<Point X = "133" Y = "160" T = "0" Pressure = "0" />
		<Point X = "134" Y = "157" T = "0" Pressure = "0" />
		<Point X = "135" Y = "156" T = "0" Pressure = "0" />
		<Point X = "135" Y = "155" T = "0" Pressure = "0" />
		<Point X = "136" Y = "154" T = "0" Pressure = "0" />
		<Point X = "137" Y = "152" T = "0" Pressure = "0" />
		<Point X = "137" Y = "151" T = "0" Pressure = "0" />
		<Point X = "138" Y = "152" T = "0" Pressure = "0" />
		<Point X = "138" Y = "155" T = "0" Pressure = "0" />
		<Point X = "140" Y = "159" T = "0" Pressure = "0" />
		<Point X = "142" Y = "165" T = "0" Pressure = "0" />
		<Point X = "143" Y = "173" T = "0" Pressure = "0" />
		<Point X = "146" Y = "180" T = "0" Pressure = "0" />
		<Point X = "148" Y = "190" T = "0" Pressure = "0" />
		<Point X = "151" Y = "196" T = "0" Pressure = "0" />
		<Point X = "156" Y = "205" T = "0" Pressure = "0" />
		<Point X = "158" Y = "212" T = "0" Pressure = "0" />
		<Point X = "163" Y = "218" T = "0" Pressure = "0" />
		<Point X = "165" Y = "223" T = "0" Pressure = "0" />
		<Point X = "167" Y = "226" T = "0" Pressure = "0" />
		<Point X = "171" Y = "234" T = "0" Pressure = "0" />
		<Point X = "172" Y = "237" T = "0" Pressure = "0" />
		<Point X = "174" Y = "243" T = "0" Pressure = "0" />
		<Point X = "175" Y = "249" T = "0" Pressure = "0" />
		<Point X = "177" Y = "253" T = "0" Pressure = "0" />
		<Point X = "178" Y = "258" T = "0" Pressure = "0" />
		<Point X = "181" Y = "265" T = "0" Pressure = "0" />
		<Point X = "183" Y = "268" T = "0" Pressure = "0" />
		<Point X = "186" Y = "273" T = "0" Pressure = "0" />
		<Point X = "187" Y = "277" T = "0" Pressure = "0" />
		<Point X = "189" Y = "279" T = "0" Pressure = "0" />
		<Point X = "189" Y = "281" T = "0" Pressure = "0" />
		<Point X = "190" Y = "281" T = "0" Pressure = "0" />
		<Point X = "190" Y = "282" T = "0" Pressure = "0" />
		<Point X = "190" Y = "283" T = "0" Pressure = "0" />
		<Point X = "192" Y = "285" T = "0" Pressure = "0" />
		<Point X = "192" Y = "287" T = "0" Pressure = "0" />
		<Point X = "194" Y = "289" T = "0" Pressure = "0" />
		<Point X = "195" Y = "292" T = "0" Pressure = "0" />
		<Point X = "196" Y = "294" T = "0" Pressure = "0" />
		<Point X = "198" Y = "297" T = "0" Pressure = "0" />
		<Point X = "198" Y = "299" T = "0" Pressure = "0" />
		<Point X = "198" Y = "300" T = "0" Pressure = "0" />
		<Point X = "199" Y = "300" T = "0" Pressure = "0" />
		<Point X = "200" Y = "301" T = "0" Pressure = "0" />
		<Point X = "199" Y = "302" T = "0" Pressure = "0" />
		<Point X = "199" Y = "303" T = "0" Pressure = "0" />
		<Point X = "198" Y = "303" T = "0" Pressure = "0" />
		<Point X = "197" Y = "303" T = "0" Pressure = "0" />
		<Point X = "195" Y = "303" T = "0" Pressure = "0" />
		<Point X = "192" Y = "301" T = "0" Pressure = "0" />
		<Point X = "190" Y = "301" T = "0" Pressure = "0" />
		<Point X = "188" Y = "298" T = "0" Pressure = "0" />
		<Point X = "187" Y = "298" T = "0" Pressure = "0" />
		<Point X = "186" Y = "297" T = "0" Pressure = "0" />
		<Point X = "183" Y = "294" T = "0" Pressure = "0" />
		<Point X = "182" Y = "294" T = "0" Pressure = "0" />
		<Point X = "178" Y = "292" T = "0" Pressure = "0" />
		<Point X = "176" Y = "289" T = "0" Pressure = "0" />
		<Point X = "171" Y = "286" T = "0" Pressure = "0" />
		<Point X = "165" Y = "283" T = "0" Pressure = "0" />
		<Point X = "161" Y = "281" T = "0" Pressure = "0" />
		<Point X = "158" Y = "277" T = "0" Pressure = "0" />
		<Point X = "155" Y = "275" T = "0" Pressure = "0" />
		<Point X = "154" Y = "271" T = "0" Pressure = "0" />
		<Point X = "154" Y = "270" T = "0" Pressure = "0" />
		<Point X = "152" Y = "268" T = "0" Pressure = "0" />
		<Point X = "152" Y = "267" T = "0" Pressure = "0" />
		<Point X = "151" Y = "266" T = "0" Pressure = "0" />
		<Point X = "150" Y = "265" T = "0" Pressure = "0" />
		<Point X = "150" Y = "263" T = "0" Pressure = "0" />
		<Point X = "148" Y = "262" T = "0" Pressure = "0" />
		<Point X = "146" Y = "262" T = "0" Pressure = "0" />
		<Point X = "143" Y = "260" T = "0" Pressure = "0" />
		<Point X = "142" Y = "259" T = "0" Pressure = "0" />
		<Point X = "139" Y = "257" T = "0" Pressure = "0" />
		<Point X = "136" Y = "255" T = "0" Pressure = "0" />
		<Point X = "134" Y = "252" T = "0" Pressure = "0" />
		<Point X = "132" Y = "250" T = "0" Pressure = "0" />
		<Point X = "129" Y = "245" T = "0" Pressure = "0" />
		<Point X = "128" Y = "243" T = "0" Pressure = "0" />
		<Point X = "125" Y = "240" T = "0" Pressure = "0" />
		<Point X = "123" Y = "237" T = "0" Pressure = "0" />
		<Point X = "122" Y = "237" T = "0" Pressure = "0" />
		<Point X = "121" Y = "236" T = "0" Pressure = "0" />
		<Point X = "121" Y = "235" T = "0" Pressure = "0" />
		<Point X = "120" Y = "234" T = "0" Pressure = "0" />
		<Point X = "118" Y = "230" T = "0" Pressure = "0" />
		<Point X = "117" Y = "228" T = "0" Pressure = "0" />
		<Point X = "116" Y = "227" T = "0" Pressure = "0" />
		<Point X = "113" Y = "223" T = "0" Pressure = "0" />
		<Point X = "112" Y = "220" T = "0" Pressure = "0" />
		<Point X = "109" Y = "217" T = "0" Pressure = "0" />
		<Point X = "108" Y = "216" T = "0" Pressure = "0" />
		<Point X = "106" Y = "214" T = "0" Pressure = "0" />
		<Point X = "105" Y = "212" T = "0" Pressure = "0" />
		<Point X = "104" Y = "211" T = "0" Pressure = "0" />
		<Point X = "104" Y = "209" T = "0" Pressure = "0" />
		<Point X = "102" Y = "208" T = "0" Pressure = "0" />
		<Point X = "99" Y = "206" T = "0" Pressure = "0" />
		<Point X = "97" Y = "205" T = "0" Pressure = "0" />
		<Point X = "95" Y = "203" T = "0" Pressure = "0" />
		<Point X = "94" Y = "202" T = "0" Pressure = "0" />
		<Point X = "93" Y = "201" T = "0" Pressure = "0" />
		<Point X = "92" Y = "200" T = "0" Pressure = "0" />
		<Point X = "90" Y = "198" T = "0" Pressure = "0" />
		<Point X = "89" Y = "198" T = "0" Pressure = "0" />
		<Point X = "89" Y = "197" T = "0" Pressure = "0" />
		<Point X = "86" Y = "196" T = "0" Pressure = "0" />
		<Point X = "84" Y = "194" T = "0" Pressure = "0" />
		<Point X = "83" Y = "194" T = "0" Pressure = "0" />
		<Point X = "82" Y = "194" T = "0" Pressure = "0" />
		<Point X = "82" Y = "193" T = "0" Pressure = "0" />
		<Point X = "81" Y = "192" T = "0" Pressure = "0" />
	</Stroke>
</Gesture>
