<?xml version="1.0" encoding="utf-8" standalone="yes"?>
<Gesture Name = "star">
	<Stroke>
		<Point X = "132" Y = "104" T = "0" Pressure = "0" />
		<Point X = "135" Y = "104" T = "0" Pressure = "0" />
		<Point X = "136" Y = "104" T = "0" Pressure = "0" />
		<Point X = "138" Y = "104" T = "0" Pressure = "0" />
		<Point X = "139" Y = "104" T = "0" Pressure = "0" />
		<Point X = "141" Y = "104" T = "0" Pressure = "0" />
		<Point X = "142" Y = "104" T = "0" Pressure = "0" />
		<Point X = "144" Y = "104" T = "0" Pressure = "0" />
		<Point X = "148" Y = "104" T = "0" Pressure = "0" />
		<Point X = "150" Y = "104" T = "0" Pressure = "0" />
		<Point X = "154" Y = "104" T = "0" Pressure = "0" />
		<Point X = "159" Y = "104" T = "0" Pressure = "0" />
		<Point X = "162" Y = "104" T = "0" Pressure = "0" />
		<Point X = "166" Y = "104" T = "0" Pressure = "0" />
		<Point X = "168" Y = "104" T = "0" Pressure = "0" />
		<Point X = "174" Y = "104" T = "0" Pressure = "0" />
		<Point X = "177" Y = "104" T = "0" Pressure = "0" />
		<Point X = "181" Y = "104" T = "0" Pressure = "0" />
		<Point X = "185" Y = "104" T = "0" Pressure = "0" />
		<Point X = "189" Y = "104" T = "0" Pressure = "0" />
		<Point X = "193" Y = "104" T = "0" Pressure = "0" />
		<Point X = "198" Y = "104" T = "0" Pressure = "0" />
		<Point X = "202" Y = "104" T = "0" Pressure = "0" />
		<Point X = "206" Y = "104" T = "0" Pressure = "0" />
		<Point X = "210" Y = "104" T = "0" Pressure = "0" />
		<Point X = "212" Y = "104" T = "0" Pressure = "0" />
		<Point X = "215" Y = "104" T = "0" Pressure = "0" />
		<Point X = "218" Y = "104" T = "0" Pressure = "0" />
		<Point X = "219" Y = "104" T = "0" Pressure = "0" />
		<Point X = "222" Y = "104" T = "0" Pressure = "0" />
		<Point X = "223" Y = "104" T = "0" Pressure = "0" />
		<Point X = "226" Y = "104" T = "0" Pressure = "0" />
		<Point X = "229" Y = "104" T = "0" Pressure = "0" />
		<Point X = "231" Y = "104" T = "0" Pressure = "0" />
		<Point X = "234" Y = "104" T = "0" Pressure = "0" />
		<Point X = "236" Y = "104" T = "0" Pressure = "0" />
		<Point X = "238" Y = "104" T = "0" Pressure = "0" />
		<Point X = "241" Y = "104" T = "0" Pressure = "0" />
		<Point X = "244" Y = "104" T = "0" Pressure = "0" />
		<Point X = "245" Y = "104" T = "0" Pressure = "0" />
		<Point X = "248" Y = "104" T = "0" Pressure = "0" />
		<Point X = "249" Y = "104" T = "0" Pressure = "0" />
		<Point X = "251" Y = "104" T = "0" Pressure = "0" />
		<Point X = "252" Y = "104" T = "0" Pressure = "0" />
		<Point X = "255" Y = "104" T = "0" Pressure = "0" />
		<Point X = "259" Y = "104" T = "0" Pressure = "0" />
		<Point X = "262" Y = "104" T = "0" Pressure = "0" />
		<Point X = "263" Y = "104" T = "0" Pressure = "0" />
		<Point X = "265" Y = "104" T = "0" Pressure = "0" />
		<Point X = "266" Y = "104" T = "0" Pressure = "0" />
		<Point X = "267" Y = "105" T = "0" Pressure = "0" />
		<Point X = "267" Y = "106" T = "0" Pressure = "0" />
		<Point X = "266" Y = "107" T = "0" Pressure = "0" />
		<Point X = "265" Y = "107" T = "0" Pressure = "0" />
		<Point X = "265" Y = "108" T = "0" Pressure = "0" />
		<Point X = "264" Y = "108" T = "0" Pressure = "0" />
		<Point X = "263" Y = "109" T = "0" Pressure = "0" />
		<Point X = "262" Y = "110" T = "0" Pressure = "0" />
		<Point X = "259" Y = "111" T = "0" Pressure = "0" />
		<Point X = "259" Y = "112" T = "0" Pressure = "0" />
		<Point X = "256" Y = "113" T = "0" Pressure = "0" />
		<Point X = "255" Y = "114" T = "0" Pressure = "0" />
		<Point X = "253" Y = "114" T = "0" Pressure = "0" />
		<Point X = "249" Y = "116" T = "0" Pressure = "0" />
		<Point X = "248" Y = "118" T = "0" Pressure = "0" />
		<Point X = "245" Y = "119" T = "0" Pressure = "0" />
		<Point X = "241" Y = "122" T = "0" Pressure = "0" />
		<Point X = "240" Y = "122" T = "0" Pressure = "0" />
		<Point X = "238" Y = "123" T = "0" Pressure = "0" />
		<Point X = "234" Y = "125" T = "0" Pressure = "0" />
		<Point X = "232" Y = "126" T = "0" Pressure = "0" />
		<Point X = "230" Y = "126" T = "0" Pressure = "0" />
		<Point X = "227" Y = "127" T = "0" Pressure = "0" />
		<Point X = "223" Y = "128" T = "0" Pressure = "0" />
		<Point X = "221" Y = "129" T = "0" Pressure = "0" />
		<Point X = "220" Y = "130" T = "0" Pressure = "0" />
		<Point X = "218" Y = "131" T = "0" Pressure = "0" />
		<Point X = "215" Y = "132" T = "0" Pressure = "0" />
		<Point X = "214" Y = "133" T = "0" Pressure = "0" />
		<Point X = "211" Y = "134" T = "0" Pressure = "0" />
		<Point X = "208" Y = "135" T = "0" Pressure = "0" />
		<Point X = "206" Y = "138" T = "0" Pressure = "0" />
		<Point X = "203" Y = "139" T = "0" Pressure = "0" />
		<Point X = "199" Y = "141" T = "0" Pressure = "0" />
		<Point X = "198" Y = "142" T = "0" Pressure = "0" />
		<Point X = "196" Y = "143" T = "0" Pressure = "0" />
		<Point X = "193" Y = "144" T = "0" Pressure = "0" />
		<Point X = "192" Y = "144" T = "0" Pressure = "0" />
		<Point X = "191" Y = "145" T = "0" Pressure = "0" />
		<Point X = "189" Y = "145" T = "0" Pressure = "0" />
		<Point X = "187" Y = "146" T = "0" Pressure = "0" />
		<Point X = "185" Y = "148" T = "0" Pressure = "0" />
		<Point X = "184" Y = "148" T = "0" Pressure = "0" />
		<Point X = "181" Y = "149" T = "0" Pressure = "0" />
		<Point X = "180" Y = "149" T = "0" Pressure = "0" />
		<Point X = "178" Y = "150" T = "0" Pressure = "0" />
		<Point X = "176" Y = "151" T = "0" Pressure = "0" />
		<Point X = "175" Y = "152" T = "0" Pressure = "0" />
		<Point X = "174" Y = "152" T = "0" Pressure = "0" />
		<Point X = "172" Y = "153" T = "0" Pressure = "0" />
		<Point X = "170" Y = "153" T = "0" Pressure = "0" />
		<Point X = "169" Y = "155" T = "0" Pressure = "0" />
		<Point X = "166" Y = "156" T = "0" Pressure = "0" />
		<Point X = "166" Y = "157" T = "0" Pressure = "0" />
		<Point X = "165" Y = "157" T = "0" Pressure = "0" />
		<Point X = "164" Y = "158" T = "0" Pressure = "0" />
		<Point X = "162" Y = "159" T = "0" Pressure = "0" />
		<Point X = "162" Y = "160" T = "0" Pressure = "0" />
		<Point X = "161" Y = "160" T = "0" Pressure = "0" />
		<Point X = "160" Y = "160" T = "0" Pressure = "0" />
		<Point X = "159" Y = "162" T = "0" Pressure = "0" />
		<Point X = "156" Y = "162" T = "0" Pressure = "0" />
		<Point X = "156" Y = "163" T = "0" Pressure = "0" />
		<Point X = "155" Y = "163" T = "0" Pressure = "0" />
		<Point X = "153" Y = "166" T = "0" Pressure = "0" />
		<Point X = "152" Y = "166" T = "0" Pressure = "0" />
		<Point X = "150" Y = "167" T = "0" Pressure = "0" />
		<Point X = "149" Y = "168" T = "0" Pressure = "0" />
		<Point X = "148" Y = "168" T = "0" Pressure = "0" />
		<Point X = "149" Y = "168" T = "0" Pressure = "0" />
		<Point X = "150" Y = "167" T = "0" Pressure = "0" />
		<Point X = "151" Y = "166" T = "0" Pressure = "0" />
		<Point X = "153" Y = "162" T = "0" Pressure = "0" />
		<Point X = "155" Y = "159" T = "0" Pressure = "0" />
		<Point X = "157" Y = "154" T = "0" Pressure = "0" />
		<Point X = "158" Y = "152" T = "0" Pressure = "0" />
		<Point X = "161" Y = "146" T = "0" Pressure = "0" />
		<Point X = "162" Y = "143" T = "0" Pressure = "0" />
		<Point X = "163" Y = "139" T = "0" Pressure = "0" />
		<Point X = "163" Y = "136" T = "0" Pressure = "0" />
		<Point X = "163" Y = "132" T = "0" Pressure = "0" />
		<Point X = "163" Y = "129" T = "0" Pressure = "0" />
		<Point X = "163" Y = "127" T = "0" Pressure = "0" />
		<Point X = "165" Y = "124" T = "0" Pressure = "0" />
		<Point X = "165" Y = "122" T = "0" Pressure = "0" />
		<Point X = "165" Y = "119" T = "0" Pressure = "0" />
		<Point X = "166" Y = "116" T = "0" Pressure = "0" />
		<Point X = "166" Y = "114" T = "0" Pressure = "0" />
		<Point X = "166" Y = "112" T = "0" Pressure = "0" />
		<Point X = "166" Y = "109" T = "0" Pressure = "0" />
		<Point X = "166" Y = "106" T = "0" Pressure = "0" />
		<Point X = "166" Y = "104" T = "0" Pressure = "0" />
		<Point X = "166" Y = "101" T = "0" Pressure = "0" />
		<Point X = "166" Y = "99" T = "0" Pressure = "0" />
		<Point X = "167" Y = "98" T = "0" Pressure = "0" />
		<Point X = "167" Y = "96" T = "0" Pressure = "0" />
		<Point X = "167" Y = "94" T = "0" Pressure = "0" />
		<Point X = "167" Y = "93" T = "0" Pressure = "0" />
		<Point X = "169" Y = "91" T = "0" Pressure = "0" />
		<Point X = "170" Y = "89" T = "0" Pressure = "0" />
		<Point X = "171" Y = "87" T = "0" Pressure = "0" />
		<Point X = "172" Y = "84" T = "0" Pressure = "0" />
		<Point X = "173" Y = "82" T = "0" Pressure = "0" />
		<Point X = "174" Y = "79" T = "0" Pressure = "0" />
		<Point X = "174" Y = "77" T = "0" Pressure = "0" />
		<Point X = "176" Y = "74" T = "0" Pressure = "0" />
		<Point X = "178" Y = "72" T = "0" Pressure = "0" />
		<Point X = "178" Y = "69" T = "0" Pressure = "0" />
		<Point X = "180" Y = "68" T = "0" Pressure = "0" />
		<Point X = "180" Y = "66" T = "0" Pressure = "0" />
		<Point X = "181" Y = "65" T = "0" Pressure = "0" />
		<Point X = "182" Y = "64" T = "0" Pressure = "0" />
		<Point X = "183" Y = "62" T = "0" Pressure = "0" />
		<Point X = "184" Y = "61" T = "0" Pressure = "0" />
		<Point X = "184" Y = "60" T = "0" Pressure = "0" />
		<Point X = "184" Y = "59" T = "0" Pressure = "0" />
		<Point X = "185" Y = "59" T = "0" Pressure = "0" />
		<Point X = "186" Y = "57" T = "0" Pressure = "0" />
		<Point X = "187" Y = "55" T = "0" Pressure = "0" />
		<Point X = "188" Y = "55" T = "0" Pressure = "0" />
		<Point X = "190" Y = "55" T = "0" Pressure = "0" />
		<Point X = "191" Y = "56" T = "0" Pressure = "0" />
		<Point X = "193" Y = "57" T = "0" Pressure = "0" />
		<Point X = "194" Y = "60" T = "0" Pressure = "0" />
		<Point X = "194" Y = "64" T = "0" Pressure = "0" />
		<Point X = "194" Y = "67" T = "0" Pressure = "0" />
		<Point X = "195" Y = "70" T = "0" Pressure = "0" />
		<Point X = "196" Y = "73" T = "0" Pressure = "0" />
		<Point X = "197" Y = "76" T = "0" Pressure = "0" />
		<Point X = "198" Y = "81" T = "0" Pressure = "0" />
		<Point X = "198" Y = "85" T = "0" Pressure = "0" />
		<Point X = "199" Y = "88" T = "0" Pressure = "0" />
		<Point X = "199" Y = "93" T = "0" Pressure = "0" />
		<Point X = "201" Y = "96" T = "0" Pressure = "0" />
		<Point X = "202" Y = "98" T = "0" Pressure = "0" />
		<Point X = "203" Y = "101" T = "0" Pressure = "0" />
		<Point X = "205" Y = "106" T = "0" Pressure = "0" />
		<Point X = "206" Y = "108" T = "0" Pressure = "0" />
		<Point X = "208" Y = "113" T = "0" Pressure = "0" />
		<Point X = "208" Y = "114" T = "0" Pressure = "0" />
		<Point X = "209" Y = "116" T = "0" Pressure = "0" />
		<Point X = "210" Y = "118" T = "0" Pressure = "0" />
		<Point X = "210" Y = "119" T = "0" Pressure = "0" />
		<Point X = "210" Y = "120" T = "0" Pressure = "0" />
		<Point X = "211" Y = "121" T = "0" Pressure = "0" />
		<Point X = "211" Y = "123" T = "0" Pressure = "0" />
		<Point X = "211" Y = "125" T = "0" Pressure = "0" />
		<Point X = "211" Y = "126" T = "0" Pressure = "0" />
		<Point X = "211" Y = "127" T = "0" Pressure = "0" />
		<Point X = "213" Y = "130" T = "0" Pressure = "0" />
		<Point X = "213" Y = "131" T = "0" Pressure = "0" />
		<Point X = "213" Y = "132" T = "0" Pressure = "0" />
		<Point X = "214" Y = "134" T = "0" Pressure = "0" />
		<Point X = "215" Y = "136" T = "0" Pressure = "0" />
		<Point X = "216" Y = "137" T = "0" Pressure = "0" />
		<Point X = "217" Y = "138" T = "0" Pressure = "0" />
		<Point X = "217" Y = "139" T = "0" Pressure = "0" />
		<Point X = "217" Y = "140" T = "0" Pressure = "0" />
		<Point X = "217" Y = "141" T = "0" Pressure = "0" />
		<Point X = "218" Y = "144" T = "0" Pressure = "0" />
		<Point X = "218" Y = "145" T = "0" Pressure = "0" />
		<Point X = "220" Y = "147" T = "0" Pressure = "0" />
		<Point X = "221" Y = "150" T = "0" Pressure = "0" />
		<Point X = "221" Y = "151" T = "0" Pressure = "0" />
		<Point X = "221" Y = "152" T = "0" Pressure = "0" />
		<Point X = "221" Y = "155" T = "0" Pressure = "0" />
		<Point X = "222" Y = "155" T = "0" Pressure = "0" />
		<Point X = "222" Y = "157" T = "0" Pressure = "0" />
		<Point X = "223" Y = "159" T = "0" Pressure = "0" />
		<Point X = "223" Y = "160" T = "0" Pressure = "0" />
		<Point X = "224" Y = "161" T = "0" Pressure = "0" />
		<Point X = "225" Y = "163" T = "0" Pressure = "0" />
		<Point X = "225" Y = "164" T = "0" Pressure = "0" />
		<Point X = "226" Y = "165" T = "0" Pressure = "0" />
		<Point X = "226" Y = "166" T = "0" Pressure = "0" />
		<Point X = "226" Y = "167" T = "0" Pressure = "0" />
		<Point X = "225" Y = "167" T = "0" Pressure = "0" />
		<Point X = "224" Y = "167" T = "0" Pressure = "0" />
		<Point X = "223" Y = "167" T = "0" Pressure = "0" />
		<Point X = "222" Y = "167" T = "0" Pressure = "0" />
		<Point X = "221" Y = "167" T = "0" Pressure = "0" />
		<Point X = "220" Y = "167" T = "0" Pressure = "0" />
		<Point X = "218" Y = "167" T = "0" Pressure = "0" />
		<Point X = "217" Y = "167" T = "0" Pressure = "0" />
		<Point X = "215" Y = "167" T = "0" Pressure = "0" />
		<Point X = "215" Y = "166" T = "0" Pressure = "0" />
		<Point X = "213" Y = "164" T = "0" Pressure = "0" />
		<Point X = "211" Y = "164" T = "0" Pressure = "0" />
		<Point X = "210" Y = "162" T = "0" Pressure = "0" />
		<Point X = "208" Y = "161" T = "0" Pressure = "0" />
		<Point X = "208" Y = "160" T = "0" Pressure = "0" />
		<Point X = "206" Y = "159" T = "0" Pressure = "0" />
		<Point X = "204" Y = "158" T = "0" Pressure = "0" />
		<Point X = "204" Y = "157" T = "0" Pressure = "0" />
		<Point X = "202" Y = "155" T = "0" Pressure = "0" />
		<Point X = "201" Y = "154" T = "0" Pressure = "0" />
		<Point X = "199" Y = "153" T = "0" Pressure = "0" />
		<Point X = "198" Y = "152" T = "0" Pressure = "0" />
		<Point X = "196" Y = "150" T = "0" Pressure = "0" />
		<Point X = "193" Y = "149" T = "0" Pressure = "0" />
		<Point X = "192" Y = "148" T = "0" Pressure = "0" />
		<Point X = "190" Y = "148" T = "0" Pressure = "0" />
		<Point X = "187" Y = "145" T = "0" Pressure = "0" />
		<Point X = "186" Y = "145" T = "0" Pressure = "0" />
		<Point X = "185" Y = "144" T = "0" Pressure = "0" />
		<Point X = "183" Y = "143" T = "0" Pressure = "0" />
		<Point X = "182" Y = "143" T = "0" Pressure = "0" />
		<Point X = "180" Y = "142" T = "0" Pressure = "0" />
		<Point X = "178" Y = "141" T = "0" Pressure = "0" />
		<Point X = "175" Y = "139" T = "0" Pressure = "0" />
		<Point X = "174" Y = "138" T = "0" Pressure = "0" />
		<Point X = "172" Y = "137" T = "0" Pressure = "0" />
		<Point X = "170" Y = "135" T = "0" Pressure = "0" />
		<Point X = "169" Y = "134" T = "0" Pressure = "0" />
		<Point X = "167" Y = "132" T = "0" Pressure = "0" />
		<Point X = "165" Y = "130" T = "0" Pressure = "0" />
		<Point X = "164" Y = "128" T = "0" Pressure = "0" />
		<Point X = "163" Y = "128" T = "0" Pressure = "0" />
		<Point X = "162" Y = "126" T = "0" Pressure = "0" />
		<Point X = "161" Y = "124" T = "0" Pressure = "0" />
		<Point X = "160" Y = "123" T = "0" Pressure = "0" />
		<Point X = "160" Y = "122" T = "0" Pressure = "0" />
		<Point X = "158" Y = "121" T = "0" Pressure = "0" />
		<Point X = "156" Y = "119" T = "0" Pressure = "0" />
		<Point X = "154" Y = "118" T = "0" Pressure = "0" />
		<Point X = "154" Y = "117" T = "0" Pressure = "0" />
		<Point X = "153" Y = "116" T = "0" Pressure = "0" />
		<Point X = "152" Y = "116" T = "0" Pressure = "0" />
		<Point X = "152" Y = "115" T = "0" Pressure = "0" />
		<Point X = "151" Y = "115" T = "0" Pressure = "0" />
		<Point X = "150" Y = "115" T = "0" Pressure = "0" />
		<Point X = "149" Y = "114" T = "0" Pressure = "0" />
		<Point X = "148" Y = "114" T = "0" Pressure = "0" />
		<Point X = "147" Y = "113" T = "0" Pressure = "0" />
		<Point X = "146" Y = "113" T = "0" Pressure = "0" />
		<Point X = "145" Y = "112" T = "0" Pressure = "0" />
		<Point X = "144" Y = "112" T = "0" Pressure = "0" />
		<Point X = "143" Y = "111" T = "0" Pressure = "0" />
		<Point X = "141" Y = "111" T = "0" Pressure = "0" />
		<Point X = "141" Y = "110" T = "0" Pressure = "0" />
		<Point X = "140" Y = "110" T = "0" Pressure = "0" />
		<Point X = "139" Y = "110" T = "0" Pressure = "0" />
		<Point X = "137" Y = "110" T = "0" Pressure = "0" />
		<Point X = "136" Y = "110" T = "0" Pressure = "0" />
		<Point X = "135" Y = "109" T = "0" Pressure = "0" />
		<Point X = "134" Y = "108" T = "0" Pressure = "0" />
		<Point X = "133" Y = "108" T = "0" Pressure = "0" />
		<Point X = "133" Y = "107" T = "0" Pressure = "0" />
		<Point X = "133" Y = "106" T = "0" Pressure = "0" />
		<Point X = "133" Y = "105" T = "0" Pressure = "0" />
		<Point X = "133" Y = "104" T = "0" Pressure = "0" />
		<Point X = "132" Y = "103" T = "0" Pressure = "0" />
		<Point X = "131" Y = "102" T = "0" Pressure = "0" />
		<Point X = "130" Y = "102" T = "0" Pressure = "0" />
		<Point X = "129" Y = "102" T = "0" Pressure = "0" />
		<Point X = "129" Y = "101" T = "0" Pressure = "0" />
	</Stroke>
</Gesture>
