<?xml version="1.0" encoding="utf-8" standalone="yes"?>
<Gesture Name = "star">
	<Stroke>
		<Point X = "111" Y = "130" T = "0" Pressure = "0" />
		<Point X = "112" Y = "129" T = "0" Pressure = "0" />
		<Point X = "113" Y = "129" T = "0" Pressure = "0" />
		<Point X = "115" Y = "128" T = "0" Pressure = "0" />
		<Point X = "116" Y = "128" T = "0" Pressure = "0" />
		<Point X = "117" Y = "128" T = "0" Pressure = "0" />
		<Point X = "118" Y = "128" T = "0" Pressure = "0" />
		<Point X = "120" Y = "128" T = "0" Pressure = "0" />
		<Point X = "121" Y = "128" T = "0" Pressure = "0" />
		<Point X = "124" Y = "128" T = "0" Pressure = "0" />
		<Point X = "130" Y = "128" T = "0" Pressure = "0" />
		<Point X = "137" Y = "129" T = "0" Pressure = "0" />
		<Point X = "142" Y = "129" T = "0" Pressure = "0" />
		<Point X = "147" Y = "129" T = "0" Pressure = "0" />
		<Point X = "152" Y = "129" T = "0" Pressure = "0" />
		<Point X = "156" Y = "129" T = "0" Pressure = "0" />
		<Point X = "159" Y = "129" T = "0" Pressure = "0" />
		<Point X = "161" Y = "129" T = "0" Pressure = "0" />
		<Point X = "164" Y = "129" T = "0" Pressure = "0" />
		<Point X = "166" Y = "129" T = "0" Pressure = "0" />
		<Point X = "167" Y = "129" T = "0" Pressure = "0" />
		<Point X = "169" Y = "129" T = "0" Pressure = "0" />
		<Point X = "171" Y = "129" T = "0" Pressure = "0" />
		<Point X = "174" Y = "129" T = "0" Pressure = "0" />
		<Point X = "178" Y = "129" T = "0" Pressure = "0" />
		<Point X = "182" Y = "129" T = "0" Pressure = "0" />
		<Point X = "185" Y = "129" T = "0" Pressure = "0" />
		<Point X = "189" Y = "129" T = "0" Pressure = "0" />
		<Point X = "192" Y = "129" T = "0" Pressure = "0" />
		<Point X = "195" Y = "130" T = "0" Pressure = "0" />
		<Point X = "199" Y = "130" T = "0" Pressure = "0" />
		<Point X = "202" Y = "131" T = "0" Pressure = "0" />
		<Point X = "203" Y = "131" T = "0" Pressure = "0" />
		<Point X = "205" Y = "131" T = "0" Pressure = "0" />
		<Point X = "209" Y = "131" T = "0" Pressure = "0" />
		<Point X = "212" Y = "131" T = "0" Pressure = "0" />
		<Point X = "218" Y = "131" T = "0" Pressure = "0" />
		<Point X = "223" Y = "131" T = "0" Pressure = "0" />
		<Point X = "229" Y = "131" T = "0" Pressure = "0" />
		<Point X = "236" Y = "131" T = "0" Pressure = "0" />
		<Point X = "241" Y = "131" T = "0" Pressure = "0" />
		<Point X = "245" Y = "131" T = "0" Pressure = "0" />
		<Point X = "250" Y = "131" T = "0" Pressure = "0" />
		<Point X = "254" Y = "131" T = "0" Pressure = "0" />
		<Point X = "255" Y = "131" T = "0" Pressure = "0" />
		<Point X = "258" Y = "130" T = "0" Pressure = "0" />
		<Point X = "258" Y = "129" T = "0" Pressure = "0" />
		<Point X = "260" Y = "129" T = "0" Pressure = "0" />
		<Point X = "261" Y = "129" T = "0" Pressure = "0" />
		<Point X = "263" Y = "129" T = "0" Pressure = "0" />
		<Point X = "265" Y = "129" T = "0" Pressure = "0" />
		<Point X = "267" Y = "129" T = "0" Pressure = "0" />
		<Point X = "269" Y = "129" T = "0" Pressure = "0" />
		<Point X = "271" Y = "129" T = "0" Pressure = "0" />
		<Point X = "272" Y = "129" T = "0" Pressure = "0" />
		<Point X = "273" Y = "129" T = "0" Pressure = "0" />
		<Point X = "274" Y = "129" T = "0" Pressure = "0" />
		<Point X = "275" Y = "129" T = "0" Pressure = "0" />
		<Point X = "278" Y = "129" T = "0" Pressure = "0" />
		<Point X = "280" Y = "129" T = "0" Pressure = "0" />
		<Point X = "281" Y = "129" T = "0" Pressure = "0" />
		<Point X = "282" Y = "129" T = "0" Pressure = "0" />
		<Point X = "283" Y = "129" T = "0" Pressure = "0" />
		<Point X = "284" Y = "129" T = "0" Pressure = "0" />
		<Point X = "285" Y = "129" T = "0" Pressure = "0" />
		<Point X = "285" Y = "130" T = "0" Pressure = "0" />
		<Point X = "283" Y = "131" T = "0" Pressure = "0" />
		<Point X = "280" Y = "133" T = "0" Pressure = "0" />
		<Point X = "277" Y = "134" T = "0" Pressure = "0" />
		<Point X = "272" Y = "138" T = "0" Pressure = "0" />
		<Point X = "267" Y = "142" T = "0" Pressure = "0" />
		<Point X = "263" Y = "146" T = "0" Pressure = "0" />
		<Point X = "259" Y = "149" T = "0" Pressure = "0" />
		<Point X = "255" Y = "153" T = "0" Pressure = "0" />
		<Point X = "250" Y = "157" T = "0" Pressure = "0" />
		<Point X = "247" Y = "158" T = "0" Pressure = "0" />
		<Point X = "244" Y = "161" T = "0" Pressure = "0" />
		<Point X = "242" Y = "161" T = "0" Pressure = "0" />
		<Point X = "240" Y = "161" T = "0" Pressure = "0" />
		<Point X = "237" Y = "162" T = "0" Pressure = "0" />
		<Point X = "235" Y = "164" T = "0" Pressure = "0" />
		<Point X = "234" Y = "164" T = "0" Pressure = "0" />
		<Point X = "232" Y = "165" T = "0" Pressure = "0" />
		<Point X = "228" Y = "168" T = "0" Pressure = "0" />
		<Point X = "224" Y = "170" T = "0" Pressure = "0" />
		<Point X = "221" Y = "173" T = "0" Pressure = "0" />
		<Point X = "217" Y = "176" T = "0" Pressure = "0" />
		<Point X = "214" Y = "178" T = "0" Pressure = "0" />
		<Point X = "209" Y = "181" T = "0" Pressure = "0" />
		<Point X = "206" Y = "183" T = "0" Pressure = "0" />
		<Point X = "203" Y = "184" T = "0" Pressure = "0" />
		<Point X = "202" Y = "185" T = "0" Pressure = "0" />
		<Point X = "199" Y = "187" T = "0" Pressure = "0" />
		<Point X = "194" Y = "188" T = "0" Pressure = "0" />
		<Point X = "193" Y = "190" T = "0" Pressure = "0" />
		<Point X = "190" Y = "191" T = "0" Pressure = "0" />
		<Point X = "187" Y = "193" T = "0" Pressure = "0" />
		<Point X = "182" Y = "195" T = "0" Pressure = "0" />
		<Point X = "179" Y = "198" T = "0" Pressure = "0" />
		<Point X = "175" Y = "199" T = "0" Pressure = "0" />
		<Point X = "173" Y = "200" T = "0" Pressure = "0" />
		<Point X = "170" Y = "202" T = "0" Pressure = "0" />
		<Point X = "169" Y = "202" T = "0" Pressure = "0" />
		<Point X = "167" Y = "203" T = "0" Pressure = "0" />
		<Point X = "166" Y = "203" T = "0" Pressure = "0" />
		<Point X = "165" Y = "204" T = "0" Pressure = "0" />
		<Point X = "162" Y = "206" T = "0" Pressure = "0" />
		<Point X = "161" Y = "206" T = "0" Pressure = "0" />
		<Point X = "157" Y = "210" T = "0" Pressure = "0" />
		<Point X = "155" Y = "211" T = "0" Pressure = "0" />
		<Point X = "154" Y = "213" T = "0" Pressure = "0" />
		<Point X = "151" Y = "214" T = "0" Pressure = "0" />
		<Point X = "150" Y = "215" T = "0" Pressure = "0" />
		<Point X = "149" Y = "216" T = "0" Pressure = "0" />
		<Point X = "147" Y = "217" T = "0" Pressure = "0" />
		<Point X = "147" Y = "218" T = "0" Pressure = "0" />
		<Point X = "146" Y = "218" T = "0" Pressure = "0" />
		<Point X = "145" Y = "218" T = "0" Pressure = "0" />
		<Point X = "144" Y = "220" T = "0" Pressure = "0" />
		<Point X = "141" Y = "221" T = "0" Pressure = "0" />
		<Point X = "140" Y = "221" T = "0" Pressure = "0" />
		<Point X = "137" Y = "223" T = "0" Pressure = "0" />
		<Point X = "135" Y = "224" T = "0" Pressure = "0" />
		<Point X = "132" Y = "226" T = "0" Pressure = "0" />
		<Point X = "129" Y = "228" T = "0" Pressure = "0" />
		<Point X = "126" Y = "230" T = "0" Pressure = "0" />
		<Point X = "125" Y = "232" T = "0" Pressure = "0" />
		<Point X = "123" Y = "232" T = "0" Pressure = "0" />
		<Point X = "123" Y = "233" T = "0" Pressure = "0" />
		<Point X = "122" Y = "234" T = "0" Pressure = "0" />
		<Point X = "122" Y = "232" T = "0" Pressure = "0" />
		<Point X = "123" Y = "229" T = "0" Pressure = "0" />
		<Point X = "123" Y = "227" T = "0" Pressure = "0" />
		<Point X = "126" Y = "222" T = "0" Pressure = "0" />
		<Point X = "129" Y = "214" T = "0" Pressure = "0" />
		<Point X = "129" Y = "209" T = "0" Pressure = "0" />
		<Point X = "132" Y = "205" T = "0" Pressure = "0" />
		<Point X = "134" Y = "199" T = "0" Pressure = "0" />
		<Point X = "137" Y = "195" T = "0" Pressure = "0" />
		<Point X = "138" Y = "191" T = "0" Pressure = "0" />
		<Point X = "138" Y = "187" T = "0" Pressure = "0" />
		<Point X = "140" Y = "183" T = "0" Pressure = "0" />
		<Point X = "140" Y = "181" T = "0" Pressure = "0" />
		<Point X = "140" Y = "178" T = "0" Pressure = "0" />
		<Point X = "141" Y = "174" T = "0" Pressure = "0" />
		<Point X = "141" Y = "172" T = "0" Pressure = "0" />
		<Point X = "141" Y = "170" T = "0" Pressure = "0" />
		<Point X = "142" Y = "167" T = "0" Pressure = "0" />
		<Point X = "142" Y = "166" T = "0" Pressure = "0" />
		<Point X = "143" Y = "161" T = "0" Pressure = "0" />
		<Point X = "144" Y = "160" T = "0" Pressure = "0" />
		<Point X = "146" Y = "158" T = "0" Pressure = "0" />
		<Point X = "146" Y = "156" T = "0" Pressure = "0" />
		<Point X = "146" Y = "155" T = "0" Pressure = "0" />
		<Point X = "147" Y = "154" T = "0" Pressure = "0" />
		<Point X = "149" Y = "151" T = "0" Pressure = "0" />
		<Point X = "149" Y = "149" T = "0" Pressure = "0" />
		<Point X = "150" Y = "148" T = "0" Pressure = "0" />
		<Point X = "150" Y = "147" T = "0" Pressure = "0" />
		<Point X = "151" Y = "145" T = "0" Pressure = "0" />
		<Point X = "152" Y = "142" T = "0" Pressure = "0" />
		<Point X = "152" Y = "140" T = "0" Pressure = "0" />
		<Point X = "153" Y = "138" T = "0" Pressure = "0" />
		<Point X = "156" Y = "132" T = "0" Pressure = "0" />
		<Point X = "156" Y = "130" T = "0" Pressure = "0" />
		<Point X = "157" Y = "126" T = "0" Pressure = "0" />
		<Point X = "159" Y = "123" T = "0" Pressure = "0" />
		<Point X = "160" Y = "120" T = "0" Pressure = "0" />
		<Point X = "162" Y = "118" T = "0" Pressure = "0" />
		<Point X = "163" Y = "116" T = "0" Pressure = "0" />
		<Point X = "164" Y = "113" T = "0" Pressure = "0" />
		<Point X = "165" Y = "112" T = "0" Pressure = "0" />
		<Point X = "166" Y = "110" T = "0" Pressure = "0" />
		<Point X = "167" Y = "107" T = "0" Pressure = "0" />
		<Point X = "168" Y = "106" T = "0" Pressure = "0" />
		<Point X = "169" Y = "105" T = "0" Pressure = "0" />
		<Point X = "169" Y = "102" T = "0" Pressure = "0" />
		<Point X = "169" Y = "101" T = "0" Pressure = "0" />
		<Point X = "171" Y = "99" T = "0" Pressure = "0" />
		<Point X = "172" Y = "97" T = "0" Pressure = "0" />
		<Point X = "172" Y = "94" T = "0" Pressure = "0" />
		<Point X = "173" Y = "91" T = "0" Pressure = "0" />
		<Point X = "175" Y = "90" T = "0" Pressure = "0" />
		<Point X = "175" Y = "88" T = "0" Pressure = "0" />
		<Point X = "177" Y = "86" T = "0" Pressure = "0" />
		<Point X = "178" Y = "84" T = "0" Pressure = "0" />
		<Point X = "180" Y = "81" T = "0" Pressure = "0" />
		<Point X = "181" Y = "79" T = "0" Pressure = "0" />
		<Point X = "183" Y = "76" T = "0" Pressure = "0" />
		<Point X = "184" Y = "71" T = "0" Pressure = "0" />
		<Point X = "185" Y = "68" T = "0" Pressure = "0" />
		<Point X = "186" Y = "66" T = "0" Pressure = "0" />
		<Point X = "187" Y = "63" T = "0" Pressure = "0" />
		<Point X = "188" Y = "60" T = "0" Pressure = "0" />
		<Point X = "189" Y = "55" T = "0" Pressure = "0" />
		<Point X = "190" Y = "53" T = "0" Pressure = "0" />
		<Point X = "191" Y = "50" T = "0" Pressure = "0" />
		<Point X = "192" Y = "47" T = "0" Pressure = "0" />
		<Point X = "192" Y = "46" T = "0" Pressure = "0" />
		<Point X = "192" Y = "44" T = "0" Pressure = "0" />
		<Point X = "193" Y = "42" T = "0" Pressure = "0" />
		<Point X = "193" Y = "41" T = "0" Pressure = "0" />
		<Point X = "194" Y = "40" T = "0" Pressure = "0" />
		<Point X = "194" Y = "39" T = "0" Pressure = "0" />
		<Point X = "195" Y = "37" T = "0" Pressure = "0" />
		<Point X = "195" Y = "36" T = "0" Pressure = "0" />
		<Point X = "195" Y = "35" T = "0" Pressure = "0" />
		<Point X = "196" Y = "34" T = "0" Pressure = "0" />
		<Point X = "197" Y = "34" T = "0" Pressure = "0" />
		<Point X = "197" Y = "38" T = "0" Pressure = "0" />
		<Point X = "197" Y = "42" T = "0" Pressure = "0" />
		<Point X = "198" Y = "45" T = "0" Pressure = "0" />
		<Point X = "198" Y = "50" T = "0" Pressure = "0" />
		<Point X = "199" Y = "56" T = "0" Pressure = "0" />
		<Point X = "200" Y = "61" T = "0" Pressure = "0" />
		<Point X = "202" Y = "68" T = "0" Pressure = "0" />
		<Point X = "203" Y = "72" T = "0" Pressure = "0" />
		<Point X = "203" Y = "74" T = "0" Pressure = "0" />
		<Point X = "204" Y = "78" T = "0" Pressure = "0" />
		<Point X = "204" Y = "81" T = "0" Pressure = "0" />
		<Point X = "206" Y = "84" T = "0" Pressure = "0" />
		<Point X = "206" Y = "85" T = "0" Pressure = "0" />
		<Point X = "207" Y = "88" T = "0" Pressure = "0" />
		<Point X = "207" Y = "90" T = "0" Pressure = "0" />
		<Point X = "207" Y = "92" T = "0" Pressure = "0" />
		<Point X = "207" Y = "94" T = "0" Pressure = "0" />
		<Point X = "208" Y = "97" T = "0" Pressure = "0" />
		<Point X = "210" Y = "102" T = "0" Pressure = "0" />
		<Point X = "212" Y = "107" T = "0" Pressure = "0" />
		<Point X = "213" Y = "111" T = "0" Pressure = "0" />
		<Point X = "215" Y = "118" T = "0" Pressure = "0" />
		<Point X = "216" Y = "123" T = "0" Pressure = "0" />
		<Point X = "217" Y = "127" T = "0" Pressure = "0" />
		<Point X = "217" Y = "133" T = "0" Pressure = "0" />
		<Point X = "217" Y = "136" T = "0" Pressure = "0" />
		<Point X = "217" Y = "140" T = "0" Pressure = "0" />
		<Point X = "217" Y = "144" T = "0" Pressure = "0" />
		<Point X = "219" Y = "146" T = "0" Pressure = "0" />
		<Point X = "220" Y = "150" T = "0" Pressure = "0" />
		<Point X = "221" Y = "154" T = "0" Pressure = "0" />
		<Point X = "223" Y = "159" T = "0" Pressure = "0" />
		<Point X = "225" Y = "163" T = "0" Pressure = "0" />
		<Point X = "226" Y = "166" T = "0" Pressure = "0" />
		<Point X = "227" Y = "168" T = "0" Pressure = "0" />
		<Point X = "228" Y = "171" T = "0" Pressure = "0" />
		<Point X = "229" Y = "174" T = "0" Pressure = "0" />
		<Point X = "229" Y = "176" T = "0" Pressure = "0" />
		<Point X = "230" Y = "180" T = "0" Pressure = "0" />
		<Point X = "230" Y = "183" T = "0" Pressure = "0" />
		<Point X = "232" Y = "187" T = "0" Pressure = "0" />
		<Point X = "232" Y = "190" T = "0" Pressure = "0" />
		<Point X = "232" Y = "194" T = "0" Pressure = "0" />
		<Point X = "233" Y = "196" T = "0" Pressure = "0" />
		<Point X = "234" Y = "199" T = "0" Pressure = "0" />
		<Point X = "235" Y = "203" T = "0" Pressure = "0" />
		<Point X = "237" Y = "207" T = "0" Pressure = "0" />
		<Point X = "237" Y = "208" T = "0" Pressure = "0" />
		<Point X = "237" Y = "209" T = "0" Pressure = "0" />
		<Point X = "238" Y = "210" T = "0" Pressure = "0" />
		<Point X = "238" Y = "211" T = "0" Pressure = "0" />
		<Point X = "239" Y = "212" T = "0" Pressure = "0" />
		<Point X = "240" Y = "212" T = "0" Pressure = "0" />
		<Point X = "240" Y = "214" T = "0" Pressure = "0" />
		<Point X = "240" Y = "216" T = "0" Pressure = "0" />
		<Point X = "241" Y = "219" T = "0" Pressure = "0" />
		<Point X = "241" Y = "220" T = "0" Pressure = "0" />
		<Point X = "241" Y = "222" T = "0" Pressure = "0" />
		<Point X = "241" Y = "224" T = "0" Pressure = "0" />
		<Point X = "241" Y = "225" T = "0" Pressure = "0" />
		<Point X = "241" Y = "226" T = "0" Pressure = "0" />
		<Point X = "241" Y = "227" T = "0" Pressure = "0" />
		<Point X = "241" Y = "228" T = "0" Pressure = "0" />
		<Point X = "242" Y = "229" T = "0" Pressure = "0" />
		<Point X = "242" Y = "230" T = "0" Pressure = "0" />
		<Point X = "242" Y = "232" T = "0" Pressure = "0" />
		<Point X = "242" Y = "233" T = "0" Pressure = "0" />
		<Point X = "242" Y = "234" T = "0" Pressure = "0" />
		<Point X = "242" Y = "235" T = "0" Pressure = "0" />
		<Point X = "241" Y = "235" T = "0" Pressure = "0" />
		<Point X = "240" Y = "235" T = "0" Pressure = "0" />
		<Point X = "236" Y = "235" T = "0" Pressure = "0" />
		<Point X = "234" Y = "235" T = "0" Pressure = "0" />
		<Point X = "231" Y = "232" T = "0" Pressure = "0" />
		<Point X = "228" Y = "230" T = "0" Pressure = "0" />
		<Point X = "225" Y = "227" T = "0" Pressure = "0" />
		<Point X = "223" Y = "226" T = "0" Pressure = "0" />
		<Point X = "220" Y = "225" T = "0" Pressure = "0" />
		<Point X = "220" Y = "224" T = "0" Pressure = "0" />
		<Point X = "219" Y = "224" T = "0" Pressure = "0" />
		<Point X = "219" Y = "223" T = "0" Pressure = "0" />
		<Point X = "218" Y = "223" T = "0" Pressure = "0" />
		<Point X = "217" Y = "222" T = "0" Pressure = "0" />
		<Point X = "215" Y = "221" T = "0" Pressure = "0" />
		<Point X = "214" Y = "221" T = "0" Pressure = "0" />
		<Point X = "213" Y = "220" T = "0" Pressure = "0" />
		<Point X = "211" Y = "219" T = "0" Pressure = "0" />
		<Point X = "209" Y = "217" T = "0" Pressure = "0" />
		<Point X = "207" Y = "215" T = "0" Pressure = "0" />
		<Point X = "206" Y = "215" T = "0" Pressure = "0" />
		<Point X = "205" Y = "213" T = "0" Pressure = "0" />
		<Point X = "204" Y = "210" T = "0" Pressure = "0" />
		<Point X = "203" Y = "209" T = "0" Pressure = "0" />
		<Point X = "202" Y = "208" T = "0" Pressure = "0" />
		<Point X = "200" Y = "206" T = "0" Pressure = "0" />
		<Point X = "198" Y = "204" T = "0" Pressure = "0" />
		<Point X = "197" Y = "203" T = "0" Pressure = "0" />
		<Point X = "196" Y = "201" T = "0" Pressure = "0" />
		<Point X = "195" Y = "200" T = "0" Pressure = "0" />
		<Point X = "195" Y = "199" T = "0" Pressure = "0" />
		<Point X = "192" Y = "197" T = "0" Pressure = "0" />
		<Point X = "191" Y = "195" T = "0" Pressure = "0" />
		<Point X = "189" Y = "194" T = "0" Pressure = "0" />
		<Point X = "188" Y = "191" T = "0" Pressure = "0" />
		<Point X = "187" Y = "191" T = "0" Pressure = "0" />
		<Point X = "187" Y = "190" T = "0" Pressure = "0" />
		<Point X = "185" Y = "189" T = "0" Pressure = "0" />
		<Point X = "184" Y = "188" T = "0" Pressure = "0" />
		<Point X = "183" Y = "187" T = "0" Pressure = "0" />
		<Point X = "180" Y = "184" T = "0" Pressure = "0" />
		<Point X = "177" Y = "183" T = "0" Pressure = "0" />
		<Point X = "175" Y = "181" T = "0" Pressure = "0" />
		<Point X = "172" Y = "179" T = "0" Pressure = "0" />
		<Point X = "170" Y = "176" T = "0" Pressure = "0" />
		<Point X = "169" Y = "176" T = "0" Pressure = "0" />
		<Point X = "166" Y = "174" T = "0" Pressure = "0" />
		<Point X = "165" Y = "173" T = "0" Pressure = "0" />
		<Point X = "163" Y = "171" T = "0" Pressure = "0" />
		<Point X = "162" Y = "170" T = "0" Pressure = "0" />
		<Point X = "160" Y = "168" T = "0" Pressure = "0" />
		<Point X = "159" Y = "168" T = "0" Pressure = "0" />
		<Point X = "157" Y = "166" T = "0" Pressure = "0" />
		<Point X = "156" Y = "165" T = "0" Pressure = "0" />
		<Point X = "155" Y = "164" T = "0" Pressure = "0" />
		<Point X = "154" Y = "163" T = "0" Pressure = "0" />
		<Point X = "152" Y = "162" T = "0" Pressure = "0" />
		<Point X = "151" Y = "161" T = "0" Pressure = "0" />
		<Point X = "149" Y = "159" T = "0" Pressure = "0" />
		<Point X = "148" Y = "159" T = "0" Pressure = "0" />
		<Point X = "146" Y = "157" T = "0" Pressure = "0" />
		<Point X = "144" Y = "156" T = "0" Pressure = "0" />
		<Point X = "143" Y = "154" T = "0" Pressure = "0" />
		<Point X = "141" Y = "154" T = "0" Pressure = "0" />
		<Point X = "139" Y = "151" T = "0" Pressure = "0" />
		<Point X = "138" Y = "151" T = "0" Pressure = "0" />
		<Point X = "137" Y = "150" T = "0" Pressure = "0" />
		<Point X = "136" Y = "149" T = "0" Pressure = "0" />
		<Point X = "134" Y = "147" T = "0" Pressure = "0" />
		<Point X = "133" Y = "146" T = "0" Pressure = "0" />
		<Point X = "131" Y = "146" T = "0" Pressure = "0" />
		<Point X = "130" Y = "145" T = "0" Pressure = "0" />
		<Point X = "129" Y = "145" T = "0" Pressure = "0" />
		<Point X = "128" Y = "143" T = "0" Pressure = "0" />
		<Point X = "126" Y = "142" T = "0" Pressure = "0" />
		<Point X = "125" Y = "142" T = "0" Pressure = "0" />
		<Point X = "124" Y = "141" T = "0" Pressure = "0" />
		<Point X = "123" Y = "141" T = "0" Pressure = "0" />
		<Point X = "122" Y = "141" T = "0" Pressure = "0" />
		<Point X = "121" Y = "141" T = "0" Pressure = "0" />
		<Point X = "121" Y = "140" T = "0" Pressure = "0" />
		<Point X = "120" Y = "140" T = "0" Pressure = "0" />
		<Point X = "119" Y = "139" T = "0" Pressure = "0" />
		<Point X = "119" Y = "138" T = "0" Pressure = "0" />
		<Point X = "118" Y = "138" T = "0" Pressure = "0" />
		<Point X = "118" Y = "137" T = "0" Pressure = "0" />
		<Point X = "118" Y = "136" T = "0" Pressure = "0" />
		<Point X = "117" Y = "135" T = "0" Pressure = "0" />
		<Point X = "116" Y = "133" T = "0" Pressure = "0" />
		<Point X = "116" Y = "132" T = "0" Pressure = "0" />
		<Point X = "115" Y = "130" T = "0" Pressure = "0" />
		<Point X = "115" Y = "129" T = "0" Pressure = "0" />
		<Point X = "114" Y = "128" T = "0" Pressure = "0" />
		<Point X = "113" Y = "127" T = "0" Pressure = "0" />
		<Point X = "113" Y = "126" T = "0" Pressure = "0" />
		<Point X = "112" Y = "125" T = "0" Pressure = "0" />
		<Point X = "112" Y = "124" T = "0" Pressure = "0" />
		<Point X = "112" Y = "123" T = "0" Pressure = "0" />
		<Point X = "111" Y = "123" T = "0" Pressure = "0" />
	</Stroke>
</Gesture>
