<?xml version="1.0" encoding="utf-8" standalone="yes"?>
<Gesture Name = "straight_line">
	<Stroke>
		<Point X = "136" Y = "127" T = "0" Pressure = "0" />
		<Point X = "137" Y = "127" T = "0" Pressure = "0" />
		<Point X = "139" Y = "125" T = "0" Pressure = "0" />
		<Point X = "141" Y = "125" T = "0" Pressure = "0" />
		<Point X = "142" Y = "125" T = "0" Pressure = "0" />
		<Point X = "147" Y = "125" T = "0" Pressure = "0" />
		<Point X = "156" Y = "125" T = "0" Pressure = "0" />
		<Point X = "166" Y = "125" T = "0" Pressure = "0" />
		<Point X = "180" Y = "125" T = "0" Pressure = "0" />
		<Point X = "195" Y = "125" T = "0" Pressure = "0" />
		<Point X = "207" Y = "125" T = "0" Pressure = "0" />
		<Point X = "217" Y = "125" T = "0" Pressure = "0" />
		<Point X = "226" Y = "125" T = "0" Pressure = "0" />
		<Point X = "230" Y = "125" T = "0" Pressure = "0" />
		<Point X = "236" Y = "123" T = "0" Pressure = "0" />
		<Point X = "241" Y = "122" T = "0" Pressure = "0" />
		<Point X = "245" Y = "120" T = "0" Pressure = "0" />
		<Point X = "248" Y = "120" T = "0" Pressure = "0" />
		<Point X = "251" Y = "120" T = "0" Pressure = "0" />
		<Point X = "254" Y = "120" T = "0" Pressure = "0" />
		<Point X = "257" Y = "119" T = "0" Pressure = "0" />
		<Point X = "258" Y = "119" T = "0" Pressure = "0" />
		<Point X = "259" Y = "119" T = "0" Pressure = "0" />
		<Point X = "260" Y = "119" T = "0" Pressure = "0" />
		<Point X = "263" Y = "119" T = "0" Pressure = "0" />
		<Point X = "265" Y = "119" T = "0" Pressure = "0" />
		<Point X = "270" Y = "120" T = "0" Pressure = "0" />
	</Stroke>
</Gesture>
