<?xml version="1.0" encoding="utf-8" standalone="yes"?>
<Gesture Name = "straight_line">
	<Stroke>
		<Point X = "112" Y = "87" T = "0" Pressure = "0" />
		<Point X = "113" Y = "87" T = "0" Pressure = "0" />
		<Point X = "115" Y = "86" T = "0" Pressure = "0" />
		<Point X = "116" Y = "86" T = "0" Pressure = "0" />
		<Point X = "118" Y = "85" T = "0" Pressure = "0" />
		<Point X = "119" Y = "85" T = "0" Pressure = "0" />
		<Point X = "125" Y = "85" T = "0" Pressure = "0" />
		<Point X = "131" Y = "85" T = "0" Pressure = "0" />
		<Point X = "137" Y = "85" T = "0" Pressure = "0" />
		<Point X = "147" Y = "85" T = "0" Pressure = "0" />
		<Point X = "161" Y = "88" T = "0" Pressure = "0" />
		<Point X = "174" Y = "90" T = "0" Pressure = "0" />
		<Point X = "190" Y = "95" T = "0" Pressure = "0" />
		<Point X = "205" Y = "98" T = "0" Pressure = "0" />
		<Point X = "218" Y = "100" T = "0" Pressure = "0" />
		<Point X = "230" Y = "100" T = "0" Pressure = "0" />
		<Point X = "240" Y = "100" T = "0" Pressure = "0" />
		<Point X = "247" Y = "100" T = "0" Pressure = "0" />
		<Point X = "253" Y = "100" T = "0" Pressure = "0" />
		<Point X = "259" Y = "100" T = "0" Pressure = "0" />
		<Point X = "268" Y = "98" T = "0" Pressure = "0" />
		<Point X = "276" Y = "95" T = "0" Pressure = "0" />
		<Point X = "286" Y = "95" T = "0" Pressure = "0" />
		<Point X = "297" Y = "95" T = "0" Pressure = "0" />
		<Point X = "309" Y = "95" T = "0" Pressure = "0" />
		<Point X = "321" Y = "95" T = "0" Pressure = "0" />
		<Point X = "335" Y = "96" T = "0" Pressure = "0" />
		<Point X = "347" Y = "97" T = "0" Pressure = "0" />
		<Point X = "355" Y = "98" T = "0" Pressure = "0" />
		<Point X = "361" Y = "100" T = "0" Pressure = "0" />
		<Point X = "364" Y = "100" T = "0" Pressure = "0" />
		<Point X = "365" Y = "100" T = "0" Pressure = "0" />
		<Point X = "366" Y = "100" T = "0" Pressure = "0" />
		<Point X = "368" Y = "101" T = "0" Pressure = "0" />
		<Point X = "369" Y = "101" T = "0" Pressure = "0" />
	</Stroke>
</Gesture>
