<?xml version="1.0" encoding="utf-8" standalone="yes"?>
<Gesture Name = "straight_line">
	<Stroke>
		<Point X = "193" Y = "262" T = "0" Pressure = "0" />
		<Point X = "196" Y = "261" T = "0" Pressure = "0" />
		<Point X = "200" Y = "261" T = "0" Pressure = "0" />
		<Point X = "207" Y = "259" T = "0" Pressure = "0" />
		<Point X = "216" Y = "259" T = "0" Pressure = "0" />
		<Point X = "227" Y = "259" T = "0" Pressure = "0" />
		<Point X = "246" Y = "259" T = "0" Pressure = "0" />
		<Point X = "263" Y = "259" T = "0" Pressure = "0" />
		<Point X = "276" Y = "259" T = "0" Pressure = "0" />
		<Point X = "287" Y = "259" T = "0" Pressure = "0" />
		<Point X = "298" Y = "257" T = "0" Pressure = "0" />
		<Point X = "307" Y = "255" T = "0" Pressure = "0" />
		<Point X = "314" Y = "253" T = "0" Pressure = "0" />
		<Point X = "321" Y = "252" T = "0" Pressure = "0" />
		<Point X = "326" Y = "252" T = "0" Pressure = "0" />
		<Point X = "333" Y = "252" T = "0" Pressure = "0" />
		<Point X = "343" Y = "252" T = "0" Pressure = "0" />
		<Point X = "350" Y = "252" T = "0" Pressure = "0" />
		<Point X = "353" Y = "252" T = "0" Pressure = "0" />
		<Point X = "355" Y = "252" T = "0" Pressure = "0" />
		<Point X = "356" Y = "252" T = "0" Pressure = "0" />
	</Stroke>
</Gesture>
