<?xml version="1.0" encoding="utf-8" standalone="yes"?>
<Gesture Name = "straight_line">
	<Stroke>
		<Point X = "106" Y = "181" T = "0" Pressure = "0" />
		<Point X = "112" Y = "183" T = "0" Pressure = "0" />
		<Point X = "116" Y = "183" T = "0" Pressure = "0" />
		<Point X = "122" Y = "183" T = "0" Pressure = "0" />
		<Point X = "129" Y = "183" T = "0" Pressure = "0" />
		<Point X = "134" Y = "183" T = "0" Pressure = "0" />
		<Point X = "141" Y = "183" T = "0" Pressure = "0" />
		<Point X = "149" Y = "183" T = "0" Pressure = "0" />
		<Point X = "156" Y = "183" T = "0" Pressure = "0" />
		<Point X = "166" Y = "182" T = "0" Pressure = "0" />
		<Point X = "178" Y = "182" T = "0" Pressure = "0" />
		<Point X = "195" Y = "182" T = "0" Pressure = "0" />
		<Point X = "212" Y = "182" T = "0" Pressure = "0" />
		<Point X = "224" Y = "182" T = "0" Pressure = "0" />
		<Point X = "233" Y = "182" T = "0" Pressure = "0" />
		<Point X = "239" Y = "182" T = "0" Pressure = "0" />
		<Point X = "243" Y = "181" T = "0" Pressure = "0" />
		<Point X = "248" Y = "180" T = "0" Pressure = "0" />
		<Point X = "252" Y = "179" T = "0" Pressure = "0" />
		<Point X = "261" Y = "176" T = "0" Pressure = "0" />
		<Point X = "268" Y = "175" T = "0" Pressure = "0" />
		<Point X = "275" Y = "174" T = "0" Pressure = "0" />
		<Point X = "281" Y = "172" T = "0" Pressure = "0" />
		<Point X = "283" Y = "172" T = "0" Pressure = "0" />
		<Point X = "286" Y = "171" T = "0" Pressure = "0" />
		<Point X = "287" Y = "171" T = "0" Pressure = "0" />
		<Point X = "290" Y = "170" T = "0" Pressure = "0" />
		<Point X = "290" Y = "169" T = "0" Pressure = "0" />
		<Point X = "291" Y = "169" T = "0" Pressure = "0" />
		<Point X = "293" Y = "169" T = "0" Pressure = "0" />
		<Point X = "295" Y = "168" T = "0" Pressure = "0" />
		<Point X = "296" Y = "168" T = "0" Pressure = "0" />
		<Point X = "299" Y = "168" T = "0" Pressure = "0" />
		<Point X = "302" Y = "168" T = "0" Pressure = "0" />
		<Point X = "304" Y = "168" T = "0" Pressure = "0" />
		<Point X = "306" Y = "168" T = "0" Pressure = "0" />
		<Point X = "307" Y = "168" T = "0" Pressure = "0" />
		<Point X = "308" Y = "168" T = "0" Pressure = "0" />
		<Point X = "309" Y = "168" T = "0" Pressure = "0" />
		<Point X = "310" Y = "168" T = "0" Pressure = "0" />
		<Point X = "311" Y = "168" T = "0" Pressure = "0" />
		<Point X = "312" Y = "168" T = "0" Pressure = "0" />
		<Point X = "313" Y = "168" T = "0" Pressure = "0" />
		<Point X = "314" Y = "168" T = "0" Pressure = "0" />
	</Stroke>
</Gesture>
