<?xml version="1.0" encoding="utf-8" standalone="yes"?>
<Gesture Name = "straight_line">
	<Stroke>
		<Point X = "133" Y = "266" T = "0" Pressure = "0" />
		<Point X = "138" Y = "266" T = "0" Pressure = "0" />
		<Point X = "142" Y = "266" T = "0" Pressure = "0" />
		<Point X = "149" Y = "266" T = "0" Pressure = "0" />
		<Point X = "157" Y = "266" T = "0" Pressure = "0" />
		<Point X = "167" Y = "266" T = "0" Pressure = "0" />
		<Point X = "176" Y = "265" T = "0" Pressure = "0" />
		<Point X = "184" Y = "262" T = "0" Pressure = "0" />
		<Point X = "192" Y = "262" T = "0" Pressure = "0" />
		<Point X = "199" Y = "261" T = "0" Pressure = "0" />
		<Point X = "207" Y = "261" T = "0" Pressure = "0" />
		<Point X = "219" Y = "261" T = "0" Pressure = "0" />
		<Point X = "236" Y = "261" T = "0" Pressure = "0" />
		<Point X = "258" Y = "261" T = "0" Pressure = "0" />
		<Point X = "281" Y = "265" T = "0" Pressure = "0" />
		<Point X = "305" Y = "272" T = "0" Pressure = "0" />
		<Point X = "325" Y = "277" T = "0" Pressure = "0" />
		<Point X = "337" Y = "281" T = "0" Pressure = "0" />
		<Point X = "348" Y = "282" T = "0" Pressure = "0" />
		<Point X = "354" Y = "283" T = "0" Pressure = "0" />
		<Point X = "356" Y = "283" T = "0" Pressure = "0" />
		<Point X = "359" Y = "283" T = "0" Pressure = "0" />
		<Point X = "361" Y = "283" T = "0" Pressure = "0" />
		<Point X = "364" Y = "283" T = "0" Pressure = "0" />
		<Point X = "366" Y = "282" T = "0" Pressure = "0" />
		<Point X = "367" Y = "282" T = "0" Pressure = "0" />
		<Point X = "368" Y = "281" T = "0" Pressure = "0" />
		<Point X = "368" Y = "280" T = "0" Pressure = "0" />
	</Stroke>
</Gesture>
