<?xml version="1.0" encoding="utf-8" standalone="yes"?>
<Gesture Name = "straight_line">
	<Stroke>
		<Point X = "60" Y = "267" T = "0" Pressure = "0" />
		<Point X = "64" Y = "268" T = "0" Pressure = "0" />
		<Point X = "68" Y = "268" T = "0" Pressure = "0" />
		<Point X = "73" Y = "269" T = "0" Pressure = "0" />
		<Point X = "81" Y = "269" T = "0" Pressure = "0" />
		<Point X = "93" Y = "269" T = "0" Pressure = "0" />
		<Point X = "109" Y = "271" T = "0" Pressure = "0" />
		<Point X = "128" Y = "271" T = "0" Pressure = "0" />
		<Point X = "151" Y = "272" T = "0" Pressure = "0" />
		<Point X = "180" Y = "276" T = "0" Pressure = "0" />
		<Point X = "204" Y = "279" T = "0" Pressure = "0" />
		<Point X = "219" Y = "280" T = "0" Pressure = "0" />
		<Point X = "231" Y = "280" T = "0" Pressure = "0" />
		<Point X = "242" Y = "280" T = "0" Pressure = "0" />
		<Point X = "246" Y = "280" T = "0" Pressure = "0" />
		<Point X = "248" Y = "280" T = "0" Pressure = "0" />
		<Point X = "249" Y = "280" T = "0" Pressure = "0" />
		<Point X = "250" Y = "280" T = "0" Pressure = "0" />
		<Point X = "252" Y = "280" T = "0" Pressure = "0" />
		<Point X = "254" Y = "280" T = "0" Pressure = "0" />
		<Point X = "258" Y = "280" T = "0" Pressure = "0" />
		<Point X = "262" Y = "281" T = "0" Pressure = "0" />
		<Point X = "265" Y = "281" T = "0" Pressure = "0" />
		<Point X = "268" Y = "283" T = "0" Pressure = "0" />
		<Point X = "270" Y = "284" T = "0" Pressure = "0" />
		<Point X = "272" Y = "284" T = "0" Pressure = "0" />
		<Point X = "273" Y = "284" T = "0" Pressure = "0" />
		<Point X = "276" Y = "284" T = "0" Pressure = "0" />
		<Point X = "277" Y = "284" T = "0" Pressure = "0" />
		<Point X = "280" Y = "284" T = "0" Pressure = "0" />
		<Point X = "282" Y = "284" T = "0" Pressure = "0" />
		<Point X = "283" Y = "284" T = "0" Pressure = "0" />
	</Stroke>
</Gesture>
