<?xml version="1.0" encoding="utf-8" standalone="yes"?>
<Gesture Name = "straight_line">
	<Stroke>
		<Point X = "101" Y = "178" T = "0" Pressure = "0" />
		<Point X = "102" Y = "178" T = "0" Pressure = "0" />
		<Point X = "103" Y = "177" T = "0" Pressure = "0" />
		<Point X = "105" Y = "177" T = "0" Pressure = "0" />
		<Point X = "106" Y = "176" T = "0" Pressure = "0" />
		<Point X = "107" Y = "176" T = "0" Pressure = "0" />
		<Point X = "108" Y = "175" T = "0" Pressure = "0" />
		<Point X = "109" Y = "175" T = "0" Pressure = "0" />
		<Point X = "110" Y = "174" T = "0" Pressure = "0" />
		<Point X = "112" Y = "174" T = "0" Pressure = "0" />
		<Point X = "117" Y = "174" T = "0" Pressure = "0" />
		<Point X = "122" Y = "174" T = "0" Pressure = "0" />
		<Point X = "129" Y = "174" T = "0" Pressure = "0" />
		<Point X = "136" Y = "174" T = "0" Pressure = "0" />
		<Point X = "141" Y = "174" T = "0" Pressure = "0" />
		<Point X = "150" Y = "174" T = "0" Pressure = "0" />
		<Point X = "157" Y = "174" T = "0" Pressure = "0" />
		<Point X = "166" Y = "174" T = "0" Pressure = "0" />
		<Point X = "172" Y = "174" T = "0" Pressure = "0" />
		<Point X = "176" Y = "174" T = "0" Pressure = "0" />
		<Point X = "183" Y = "174" T = "0" Pressure = "0" />
		<Point X = "188" Y = "173" T = "0" Pressure = "0" />
		<Point X = "194" Y = "173" T = "0" Pressure = "0" />
		<Point X = "205" Y = "173" T = "0" Pressure = "0" />
		<Point X = "217" Y = "173" T = "0" Pressure = "0" />
		<Point X = "232" Y = "173" T = "0" Pressure = "0" />
		<Point X = "251" Y = "173" T = "0" Pressure = "0" />
		<Point X = "264" Y = "173" T = "0" Pressure = "0" />
		<Point X = "281" Y = "174" T = "0" Pressure = "0" />
		<Point X = "292" Y = "174" T = "0" Pressure = "0" />
		<Point X = "300" Y = "174" T = "0" Pressure = "0" />
		<Point X = "304" Y = "174" T = "0" Pressure = "0" />
		<Point X = "307" Y = "174" T = "0" Pressure = "0" />
		<Point X = "310" Y = "174" T = "0" Pressure = "0" />
		<Point X = "311" Y = "173" T = "0" Pressure = "0" />
		<Point X = "313" Y = "172" T = "0" Pressure = "0" />
		<Point X = "315" Y = "172" T = "0" Pressure = "0" />
		<Point X = "316" Y = "171" T = "0" Pressure = "0" />
		<Point X = "317" Y = "171" T = "0" Pressure = "0" />
		<Point X = "320" Y = "170" T = "0" Pressure = "0" />
		<Point X = "321" Y = "170" T = "0" Pressure = "0" />
		<Point X = "322" Y = "169" T = "0" Pressure = "0" />
		<Point X = "323" Y = "169" T = "0" Pressure = "0" />
		<Point X = "326" Y = "169" T = "0" Pressure = "0" />
		<Point X = "327" Y = "169" T = "0" Pressure = "0" />
		<Point X = "330" Y = "169" T = "0" Pressure = "0" />
		<Point X = "331" Y = "169" T = "0" Pressure = "0" />
		<Point X = "332" Y = "169" T = "0" Pressure = "0" />
		<Point X = "333" Y = "168" T = "0" Pressure = "0" />
		<Point X = "334" Y = "167" T = "0" Pressure = "0" />
		<Point X = "337" Y = "166" T = "0" Pressure = "0" />
	</Stroke>
</Gesture>
