<?xml version="1.0" encoding="utf-8" standalone="yes"?>
<Gesture Name = "straight_line">
	<Stroke>
		<Point X = "33" Y = "36" T = "0" Pressure = "0" />
		<Point X = "34" Y = "36" T = "0" Pressure = "0" />
		<Point X = "36" Y = "36" T = "0" Pressure = "0" />
		<Point X = "38" Y = "36" T = "0" Pressure = "0" />
		<Point X = "40" Y = "35" T = "0" Pressure = "0" />
		<Point X = "44" Y = "35" T = "0" Pressure = "0" />
		<Point X = "48" Y = "35" T = "0" Pressure = "0" />
		<Point X = "56" Y = "35" T = "0" Pressure = "0" />
		<Point X = "67" Y = "35" T = "0" Pressure = "0" />
		<Point X = "74" Y = "35" T = "0" Pressure = "0" />
		<Point X = "80" Y = "35" T = "0" Pressure = "0" />
		<Point X = "83" Y = "35" T = "0" Pressure = "0" />
		<Point X = "85" Y = "35" T = "0" Pressure = "0" />
		<Point X = "87" Y = "35" T = "0" Pressure = "0" />
		<Point X = "89" Y = "35" T = "0" Pressure = "0" />
		<Point X = "91" Y = "35" T = "0" Pressure = "0" />
		<Point X = "92" Y = "35" T = "0" Pressure = "0" />
		<Point X = "94" Y = "35" T = "0" Pressure = "0" />
		<Point X = "95" Y = "35" T = "0" Pressure = "0" />
		<Point X = "98" Y = "35" T = "0" Pressure = "0" />
		<Point X = "101" Y = "36" T = "0" Pressure = "0" />
	</Stroke>
</Gesture>
