<?xml version="1.0" encoding="utf-8" standalone="yes"?>
<Gesture Name = "straight_line">
	<Stroke>
		<Point X = "304" Y = "269" T = "0" Pressure = "0" />
		<Point X = "307" Y = "269" T = "0" Pressure = "0" />
		<Point X = "311" Y = "269" T = "0" Pressure = "0" />
		<Point X = "314" Y = "269" T = "0" Pressure = "0" />
		<Point X = "318" Y = "269" T = "0" Pressure = "0" />
		<Point X = "323" Y = "269" T = "0" Pressure = "0" />
		<Point X = "324" Y = "269" T = "0" Pressure = "0" />
		<Point X = "327" Y = "269" T = "0" Pressure = "0" />
		<Point X = "332" Y = "269" T = "0" Pressure = "0" />
		<Point X = "335" Y = "269" T = "0" Pressure = "0" />
		<Point X = "340" Y = "269" T = "0" Pressure = "0" />
		<Point X = "347" Y = "269" T = "0" Pressure = "0" />
		<Point X = "351" Y = "269" T = "0" Pressure = "0" />
		<Point X = "357" Y = "269" T = "0" Pressure = "0" />
		<Point X = "361" Y = "269" T = "0" Pressure = "0" />
		<Point X = "363" Y = "269" T = "0" Pressure = "0" />
		<Point X = "365" Y = "269" T = "0" Pressure = "0" />
	</Stroke>
</Gesture>
