<?xml version="1.0" encoding="utf-8" standalone="yes"?>
<Gesture Name = "straight_line">
	<Stroke>
		<Point X = "45" Y = "59" T = "0" Pressure = "0" />
		<Point X = "50" Y = "60" T = "0" Pressure = "0" />
		<Point X = "58" Y = "61" T = "0" Pressure = "0" />
		<Point X = "65" Y = "62" T = "0" Pressure = "0" />
		<Point X = "72" Y = "63" T = "0" Pressure = "0" />
		<Point X = "80" Y = "63" T = "0" Pressure = "0" />
		<Point X = "88" Y = "63" T = "0" Pressure = "0" />
		<Point X = "95" Y = "63" T = "0" Pressure = "0" />
		<Point X = "104" Y = "63" T = "0" Pressure = "0" />
		<Point X = "113" Y = "63" T = "0" Pressure = "0" />
		<Point X = "121" Y = "63" T = "0" Pressure = "0" />
		<Point X = "130" Y = "65" T = "0" Pressure = "0" />
		<Point X = "138" Y = "66" T = "0" Pressure = "0" />
		<Point X = "147" Y = "68" T = "0" Pressure = "0" />
		<Point X = "155" Y = "70" T = "0" Pressure = "0" />
		<Point X = "164" Y = "73" T = "0" Pressure = "0" />
		<Point X = "168" Y = "74" T = "0" Pressure = "0" />
		<Point X = "171" Y = "75" T = "0" Pressure = "0" />
		<Point X = "174" Y = "75" T = "0" Pressure = "0" />
		<Point X = "176" Y = "75" T = "0" Pressure = "0" />
		<Point X = "177" Y = "75" T = "0" Pressure = "0" />
		<Point X = "178" Y = "75" T = "0" Pressure = "0" />
	</Stroke>
</Gesture>
