<?xml version="1.0" encoding="utf-8" standalone="yes"?>
<Gesture Name = "straight_line">
	<Stroke>
		<Point X = "175" Y = "242" T = "0" Pressure = "0" />
		<Point X = "178" Y = "241" T = "0" Pressure = "0" />
		<Point X = "182" Y = "241" T = "0" Pressure = "0" />
		<Point X = "186" Y = "241" T = "0" Pressure = "0" />
		<Point X = "192" Y = "241" T = "0" Pressure = "0" />
		<Point X = "196" Y = "240" T = "0" Pressure = "0" />
		<Point X = "202" Y = "239" T = "0" Pressure = "0" />
		<Point X = "209" Y = "238" T = "0" Pressure = "0" />
		<Point X = "215" Y = "236" T = "0" Pressure = "0" />
		<Point X = "225" Y = "235" T = "0" Pressure = "0" />
		<Point X = "236" Y = "234" T = "0" Pressure = "0" />
		<Point X = "256" Y = "234" T = "0" Pressure = "0" />
		<Point X = "282" Y = "234" T = "0" Pressure = "0" />
		<Point X = "312" Y = "234" T = "0" Pressure = "0" />
		<Point X = "346" Y = "234" T = "0" Pressure = "0" />
		<Point X = "365" Y = "234" T = "0" Pressure = "0" />
		<Point X = "378" Y = "234" T = "0" Pressure = "0" />
		<Point X = "386" Y = "233" T = "0" Pressure = "0" />
		<Point X = "388" Y = "231" T = "0" Pressure = "0" />
		<Point X = "389" Y = "230" T = "0" Pressure = "0" />
	</Stroke>
</Gesture>
