<?xml version="1.0" encoding="utf-8" standalone="yes"?>
<Gesture Name = "straight_line">
	<Stroke>
		<Point X = "322" Y = "273" T = "0" Pressure = "0" />
		<Point X = "325" Y = "273" T = "0" Pressure = "0" />
		<Point X = "328" Y = "274" T = "0" Pressure = "0" />
		<Point X = "332" Y = "274" T = "0" Pressure = "0" />
		<Point X = "336" Y = "274" T = "0" Pressure = "0" />
		<Point X = "339" Y = "274" T = "0" Pressure = "0" />
		<Point X = "343" Y = "274" T = "0" Pressure = "0" />
		<Point X = "348" Y = "274" T = "0" Pressure = "0" />
		<Point X = "353" Y = "274" T = "0" Pressure = "0" />
		<Point X = "361" Y = "274" T = "0" Pressure = "0" />
		<Point X = "371" Y = "274" T = "0" Pressure = "0" />
		<Point X = "379" Y = "274" T = "0" Pressure = "0" />
		<Point X = "390" Y = "274" T = "0" Pressure = "0" />
		<Point X = "404" Y = "274" T = "0" Pressure = "0" />
		<Point X = "412" Y = "274" T = "0" Pressure = "0" />
		<Point X = "419" Y = "274" T = "0" Pressure = "0" />
		<Point X = "423" Y = "274" T = "0" Pressure = "0" />
		<Point X = "426" Y = "274" T = "0" Pressure = "0" />
		<Point X = "428" Y = "274" T = "0" Pressure = "0" />
		<Point X = "429" Y = "273" T = "0" Pressure = "0" />
		<Point X = "430" Y = "273" T = "0" Pressure = "0" />
		<Point X = "431" Y = "273" T = "0" Pressure = "0" />
		<Point X = "431" Y = "272" T = "0" Pressure = "0" />
		<Point X = "432" Y = "272" T = "0" Pressure = "0" />
	</Stroke>
</Gesture>
