<?xml version="1.0" encoding="utf-8" standalone="yes"?>
<Gesture Name = "straight_line">
	<Stroke>
		<Point X = "97" Y = "276" T = "0" Pressure = "0" />
		<Point X = "99" Y = "276" T = "0" Pressure = "0" />
		<Point X = "102" Y = "276" T = "0" Pressure = "0" />
		<Point X = "104" Y = "276" T = "0" Pressure = "0" />
		<Point X = "107" Y = "276" T = "0" Pressure = "0" />
		<Point X = "110" Y = "276" T = "0" Pressure = "0" />
		<Point X = "114" Y = "276" T = "0" Pressure = "0" />
		<Point X = "120" Y = "276" T = "0" Pressure = "0" />
		<Point X = "130" Y = "276" T = "0" Pressure = "0" />
		<Point X = "143" Y = "276" T = "0" Pressure = "0" />
		<Point X = "160" Y = "276" T = "0" Pressure = "0" />
		<Point X = "185" Y = "276" T = "0" Pressure = "0" />
		<Point X = "202" Y = "276" T = "0" Pressure = "0" />
		<Point X = "219" Y = "276" T = "0" Pressure = "0" />
		<Point X = "231" Y = "276" T = "0" Pressure = "0" />
		<Point X = "243" Y = "276" T = "0" Pressure = "0" />
		<Point X = "255" Y = "276" T = "0" Pressure = "0" />
		<Point X = "268" Y = "271" T = "0" Pressure = "0" />
		<Point X = "279" Y = "269" T = "0" Pressure = "0" />
		<Point X = "288" Y = "266" T = "0" Pressure = "0" />
		<Point X = "293" Y = "264" T = "0" Pressure = "0" />
		<Point X = "298" Y = "262" T = "0" Pressure = "0" />
		<Point X = "300" Y = "261" T = "0" Pressure = "0" />
		<Point X = "303" Y = "260" T = "0" Pressure = "0" />
		<Point X = "308" Y = "260" T = "0" Pressure = "0" />
		<Point X = "311" Y = "260" T = "0" Pressure = "0" />
		<Point X = "315" Y = "260" T = "0" Pressure = "0" />
		<Point X = "316" Y = "260" T = "0" Pressure = "0" />
		<Point X = "319" Y = "260" T = "0" Pressure = "0" />
		<Point X = "320" Y = "261" T = "0" Pressure = "0" />
		<Point X = "321" Y = "261" T = "0" Pressure = "0" />
		<Point X = "322" Y = "262" T = "0" Pressure = "0" />
		<Point X = "324" Y = "262" T = "0" Pressure = "0" />
		<Point X = "326" Y = "262" T = "0" Pressure = "0" />
		<Point X = "329" Y = "262" T = "0" Pressure = "0" />
		<Point X = "330" Y = "262" T = "0" Pressure = "0" />
	</Stroke>
</Gesture>
