<?xml version="1.0" encoding="utf-8" standalone="yes"?>
<Gesture Name = "straight_line">
	<Stroke>
		<Point X = "184" Y = "242" T = "0" Pressure = "0" />
		<Point X = "185" Y = "242" T = "0" Pressure = "0" />
		<Point X = "188" Y = "242" T = "0" Pressure = "0" />
		<Point X = "191" Y = "242" T = "0" Pressure = "0" />
		<Point X = "198" Y = "242" T = "0" Pressure = "0" />
		<Point X = "208" Y = "238" T = "0" Pressure = "0" />
		<Point X = "219" Y = "237" T = "0" Pressure = "0" />
		<Point X = "229" Y = "236" T = "0" Pressure = "0" />
		<Point X = "241" Y = "234" T = "0" Pressure = "0" />
		<Point X = "254" Y = "233" T = "0" Pressure = "0" />
		<Point X = "267" Y = "232" T = "0" Pressure = "0" />
		<Point X = "280" Y = "230" T = "0" Pressure = "0" />
		<Point X = "292" Y = "230" T = "0" Pressure = "0" />
		<Point X = "301" Y = "230" T = "0" Pressure = "0" />
		<Point X = "311" Y = "230" T = "0" Pressure = "0" />
		<Point X = "319" Y = "230" T = "0" Pressure = "0" />
		<Point X = "325" Y = "230" T = "0" Pressure = "0" />
		<Point X = "330" Y = "230" T = "0" Pressure = "0" />
		<Point X = "334" Y = "230" T = "0" Pressure = "0" />
		<Point X = "337" Y = "229" T = "0" Pressure = "0" />
		<Point X = "338" Y = "229" T = "0" Pressure = "0" />
		<Point X = "339" Y = "228" T = "0" Pressure = "0" />
		<Point X = "340" Y = "228" T = "0" Pressure = "0" />
		<Point X = "341" Y = "228" T = "0" Pressure = "0" />
		<Point X = "342" Y = "227" T = "0" Pressure = "0" />
	</Stroke>
</Gesture>
