<?xml version="1.0" encoding="utf-8" standalone="yes"?>
<Gesture Name = "straight_line">
	<Stroke>
		<Point X = "64" Y = "264" T = "0" Pressure = "0" />
		<Point X = "76" Y = "269" T = "0" Pressure = "0" />
		<Point X = "89" Y = "270" T = "0" Pressure = "0" />
		<Point X = "111" Y = "273" T = "0" Pressure = "0" />
		<Point X = "135" Y = "277" T = "0" Pressure = "0" />
		<Point X = "158" Y = "279" T = "0" Pressure = "0" />
		<Point X = "178" Y = "280" T = "0" Pressure = "0" />
		<Point X = "193" Y = "280" T = "0" Pressure = "0" />
		<Point X = "204" Y = "280" T = "0" Pressure = "0" />
		<Point X = "214" Y = "280" T = "0" Pressure = "0" />
		<Point X = "222" Y = "280" T = "0" Pressure = "0" />
		<Point X = "229" Y = "280" T = "0" Pressure = "0" />
		<Point X = "239" Y = "278" T = "0" Pressure = "0" />
		<Point X = "250" Y = "277" T = "0" Pressure = "0" />
		<Point X = "263" Y = "277" T = "0" Pressure = "0" />
		<Point X = "280" Y = "277" T = "0" Pressure = "0" />
		<Point X = "297" Y = "277" T = "0" Pressure = "0" />
		<Point X = "309" Y = "277" T = "0" Pressure = "0" />
		<Point X = "319" Y = "277" T = "0" Pressure = "0" />
		<Point X = "324" Y = "277" T = "0" Pressure = "0" />
		<Point X = "326" Y = "277" T = "0" Pressure = "0" />
		<Point X = "327" Y = "277" T = "0" Pressure = "0" />
		<Point X = "328" Y = "277" T = "0" Pressure = "0" />
	</Stroke>
</Gesture>
