<?xml version="1.0" encoding="utf-8" standalone="yes"?>
<Gesture Name = "straight_line">
	<Stroke>
		<Point X = "45" Y = "255" T = "0" Pressure = "0" />
		<Point X = "46" Y = "255" T = "0" Pressure = "0" />
		<Point X = "48" Y = "255" T = "0" Pressure = "0" />
		<Point X = "50" Y = "255" T = "0" Pressure = "0" />
		<Point X = "52" Y = "255" T = "0" Pressure = "0" />
		<Point X = "53" Y = "255" T = "0" Pressure = "0" />
		<Point X = "54" Y = "255" T = "0" Pressure = "0" />
		<Point X = "56" Y = "255" T = "0" Pressure = "0" />
		<Point X = "59" Y = "255" T = "0" Pressure = "0" />
		<Point X = "64" Y = "257" T = "0" Pressure = "0" />
		<Point X = "71" Y = "258" T = "0" Pressure = "0" />
		<Point X = "79" Y = "259" T = "0" Pressure = "0" />
		<Point X = "89" Y = "259" T = "0" Pressure = "0" />
		<Point X = "97" Y = "259" T = "0" Pressure = "0" />
		<Point X = "108" Y = "259" T = "0" Pressure = "0" />
		<Point X = "117" Y = "259" T = "0" Pressure = "0" />
		<Point X = "123" Y = "259" T = "0" Pressure = "0" />
		<Point X = "130" Y = "259" T = "0" Pressure = "0" />
		<Point X = "132" Y = "259" T = "0" Pressure = "0" />
		<Point X = "135" Y = "259" T = "0" Pressure = "0" />
		<Point X = "137" Y = "258" T = "0" Pressure = "0" />
		<Point X = "139" Y = "258" T = "0" Pressure = "0" />
		<Point X = "141" Y = "258" T = "0" Pressure = "0" />
		<Point X = "142" Y = "258" T = "0" Pressure = "0" />
		<Point X = "143" Y = "258" T = "0" Pressure = "0" />
		<Point X = "144" Y = "258" T = "0" Pressure = "0" />
		<Point X = "145" Y = "258" T = "0" Pressure = "0" />
	</Stroke>
</Gesture>
