<?xml version="1.0" encoding="utf-8" standalone="yes"?>
<Gesture Name = "straight_line">
	<Stroke>
		<Point X = "49" Y = "126" T = "0" Pressure = "0" />
		<Point X = "51" Y = "126" T = "0" Pressure = "0" />
		<Point X = "52" Y = "126" T = "0" Pressure = "0" />
		<Point X = "53" Y = "126" T = "0" Pressure = "0" />
		<Point X = "57" Y = "123" T = "0" Pressure = "0" />
		<Point X = "58" Y = "123" T = "0" Pressure = "0" />
		<Point X = "64" Y = "123" T = "0" Pressure = "0" />
		<Point X = "73" Y = "123" T = "0" Pressure = "0" />
		<Point X = "82" Y = "123" T = "0" Pressure = "0" />
		<Point X = "90" Y = "123" T = "0" Pressure = "0" />
		<Point X = "99" Y = "123" T = "0" Pressure = "0" />
		<Point X = "108" Y = "123" T = "0" Pressure = "0" />
		<Point X = "118" Y = "123" T = "0" Pressure = "0" />
		<Point X = "129" Y = "122" T = "0" Pressure = "0" />
		<Point X = "140" Y = "122" T = "0" Pressure = "0" />
		<Point X = "152" Y = "121" T = "0" Pressure = "0" />
		<Point X = "164" Y = "119" T = "0" Pressure = "0" />
		<Point X = "175" Y = "118" T = "0" Pressure = "0" />
		<Point X = "186" Y = "117" T = "0" Pressure = "0" />
		<Point X = "195" Y = "117" T = "0" Pressure = "0" />
		<Point X = "199" Y = "117" T = "0" Pressure = "0" />
		<Point X = "203" Y = "116" T = "0" Pressure = "0" />
		<Point X = "206" Y = "116" T = "0" Pressure = "0" />
		<Point X = "208" Y = "116" T = "0" Pressure = "0" />
		<Point X = "209" Y = "116" T = "0" Pressure = "0" />
		<Point X = "211" Y = "116" T = "0" Pressure = "0" />
		<Point X = "212" Y = "116" T = "0" Pressure = "0" />
		<Point X = "215" Y = "116" T = "0" Pressure = "0" />
		<Point X = "222" Y = "116" T = "0" Pressure = "0" />
		<Point X = "229" Y = "116" T = "0" Pressure = "0" />
		<Point X = "238" Y = "116" T = "0" Pressure = "0" />
		<Point X = "243" Y = "116" T = "0" Pressure = "0" />
		<Point X = "249" Y = "116" T = "0" Pressure = "0" />
		<Point X = "253" Y = "116" T = "0" Pressure = "0" />
		<Point X = "256" Y = "116" T = "0" Pressure = "0" />
		<Point X = "259" Y = "116" T = "0" Pressure = "0" />
		<Point X = "262" Y = "116" T = "0" Pressure = "0" />
		<Point X = "264" Y = "116" T = "0" Pressure = "0" />
		<Point X = "270" Y = "116" T = "0" Pressure = "0" />
		<Point X = "276" Y = "114" T = "0" Pressure = "0" />
		<Point X = "279" Y = "113" T = "0" Pressure = "0" />
		<Point X = "282" Y = "113" T = "0" Pressure = "0" />
		<Point X = "285" Y = "112" T = "0" Pressure = "0" />
		<Point X = "287" Y = "112" T = "0" Pressure = "0" />
		<Point X = "289" Y = "112" T = "0" Pressure = "0" />
		<Point X = "291" Y = "112" T = "0" Pressure = "0" />
		<Point X = "293" Y = "112" T = "0" Pressure = "0" />
		<Point X = "295" Y = "112" T = "0" Pressure = "0" />
		<Point X = "298" Y = "112" T = "0" Pressure = "0" />
		<Point X = "301" Y = "112" T = "0" Pressure = "0" />
		<Point X = "304" Y = "112" T = "0" Pressure = "0" />
		<Point X = "308" Y = "112" T = "0" Pressure = "0" />
		<Point X = "314" Y = "112" T = "0" Pressure = "0" />
		<Point X = "317" Y = "112" T = "0" Pressure = "0" />
		<Point X = "318" Y = "112" T = "0" Pressure = "0" />
		<Point X = "319" Y = "112" T = "0" Pressure = "0" />
		<Point X = "320" Y = "112" T = "0" Pressure = "0" />
		<Point X = "321" Y = "112" T = "0" Pressure = "0" />
	</Stroke>
</Gesture>
