<?xml version="1.0" encoding="utf-8" standalone="yes"?>
<Gesture Name = "straight_line">
	<Stroke>
		<Point X = "31" Y = "53" T = "0" Pressure = "0" />
		<Point X = "33" Y = "52" T = "0" Pressure = "0" />
		<Point X = "34" Y = "51" T = "0" Pressure = "0" />
		<Point X = "37" Y = "50" T = "0" Pressure = "0" />
		<Point X = "38" Y = "49" T = "0" Pressure = "0" />
		<Point X = "39" Y = "49" T = "0" Pressure = "0" />
		<Point X = "42" Y = "48" T = "0" Pressure = "0" />
		<Point X = "45" Y = "48" T = "0" Pressure = "0" />
		<Point X = "48" Y = "48" T = "0" Pressure = "0" />
		<Point X = "52" Y = "48" T = "0" Pressure = "0" />
		<Point X = "53" Y = "48" T = "0" Pressure = "0" />
		<Point X = "57" Y = "48" T = "0" Pressure = "0" />
		<Point X = "62" Y = "49" T = "0" Pressure = "0" />
		<Point X = "64" Y = "49" T = "0" Pressure = "0" />
		<Point X = "68" Y = "50" T = "0" Pressure = "0" />
		<Point X = "74" Y = "50" T = "0" Pressure = "0" />
		<Point X = "80" Y = "52" T = "0" Pressure = "0" />
		<Point X = "87" Y = "52" T = "0" Pressure = "0" />
		<Point X = "91" Y = "52" T = "0" Pressure = "0" />
		<Point X = "93" Y = "52" T = "0" Pressure = "0" />
		<Point X = "95" Y = "52" T = "0" Pressure = "0" />
		<Point X = "97" Y = "52" T = "0" Pressure = "0" />
		<Point X = "99" Y = "52" T = "0" Pressure = "0" />
		<Point X = "100" Y = "52" T = "0" Pressure = "0" />
		<Point X = "101" Y = "51" T = "0" Pressure = "0" />
		<Point X = "103" Y = "51" T = "0" Pressure = "0" />
		<Point X = "106" Y = "51" T = "0" Pressure = "0" />
		<Point X = "109" Y = "51" T = "0" Pressure = "0" />
		<Point X = "112" Y = "51" T = "0" Pressure = "0" />
		<Point X = "114" Y = "51" T = "0" Pressure = "0" />
		<Point X = "117" Y = "51" T = "0" Pressure = "0" />
		<Point X = "118" Y = "51" T = "0" Pressure = "0" />
		<Point X = "119" Y = "51" T = "0" Pressure = "0" />
		<Point X = "120" Y = "51" T = "0" Pressure = "0" />
		<Point X = "121" Y = "51" T = "0" Pressure = "0" />
		<Point X = "123" Y = "51" T = "0" Pressure = "0" />
		<Point X = "123" Y = "50" T = "0" Pressure = "0" />
		<Point X = "124" Y = "50" T = "0" Pressure = "0" />
		<Point X = "124" Y = "49" T = "0" Pressure = "0" />
		<Point X = "126" Y = "49" T = "0" Pressure = "0" />
		<Point X = "127" Y = "49" T = "0" Pressure = "0" />
		<Point X = "128" Y = "49" T = "0" Pressure = "0" />
		<Point X = "129" Y = "49" T = "0" Pressure = "0" />
		<Point X = "130" Y = "49" T = "0" Pressure = "0" />
		<Point X = "131" Y = "49" T = "0" Pressure = "0" />
		<Point X = "132" Y = "49" T = "0" Pressure = "0" />
		<Point X = "133" Y = "49" T = "0" Pressure = "0" />
		<Point X = "134" Y = "49" T = "0" Pressure = "0" />
		<Point X = "135" Y = "49" T = "0" Pressure = "0" />
		<Point X = "136" Y = "49" T = "0" Pressure = "0" />
	</Stroke>
</Gesture>
