<?xml version="1.0" encoding="utf-8" standalone="yes"?>
<Gesture Name = "straight_line">
	<Stroke>
		<Point X = "140" Y = "25" T = "0" Pressure = "0" />
		<Point X = "142" Y = "25" T = "0" Pressure = "0" />
		<Point X = "144" Y = "25" T = "0" Pressure = "0" />
		<Point X = "150" Y = "26" T = "0" Pressure = "0" />
		<Point X = "158" Y = "29" T = "0" Pressure = "0" />
		<Point X = "170" Y = "31" T = "0" Pressure = "0" />
		<Point X = "184" Y = "32" T = "0" Pressure = "0" />
		<Point X = "197" Y = "34" T = "0" Pressure = "0" />
		<Point X = "214" Y = "35" T = "0" Pressure = "0" />
		<Point X = "233" Y = "38" T = "0" Pressure = "0" />
		<Point X = "246" Y = "38" T = "0" Pressure = "0" />
		<Point X = "261" Y = "38" T = "0" Pressure = "0" />
		<Point X = "273" Y = "38" T = "0" Pressure = "0" />
		<Point X = "287" Y = "38" T = "0" Pressure = "0" />
		<Point X = "298" Y = "38" T = "0" Pressure = "0" />
		<Point X = "309" Y = "38" T = "0" Pressure = "0" />
		<Point X = "317" Y = "38" T = "0" Pressure = "0" />
		<Point X = "322" Y = "38" T = "0" Pressure = "0" />
		<Point X = "325" Y = "38" T = "0" Pressure = "0" />
		<Point X = "326" Y = "38" T = "0" Pressure = "0" />
		<Point X = "327" Y = "38" T = "0" Pressure = "0" />
		<Point X = "328" Y = "38" T = "0" Pressure = "0" />
		<Point X = "329" Y = "38" T = "0" Pressure = "0" />
		<Point X = "330" Y = "38" T = "0" Pressure = "0" />
		<Point X = "332" Y = "37" T = "0" Pressure = "0" />
		<Point X = "333" Y = "37" T = "0" Pressure = "0" />
		<Point X = "335" Y = "37" T = "0" Pressure = "0" />
	</Stroke>
</Gesture>
