<?xml version="1.0" encoding="utf-8" standalone="yes"?>
<Gesture Name = "straight_line">
	<Stroke>
		<Point X = "235" Y = "284" T = "0" Pressure = "0" />
		<Point X = "236" Y = "284" T = "0" Pressure = "0" />
		<Point X = "238" Y = "284" T = "0" Pressure = "0" />
		<Point X = "239" Y = "284" T = "0" Pressure = "0" />
		<Point X = "243" Y = "284" T = "0" Pressure = "0" />
		<Point X = "246" Y = "284" T = "0" Pressure = "0" />
		<Point X = "248" Y = "284" T = "0" Pressure = "0" />
		<Point X = "250" Y = "284" T = "0" Pressure = "0" />
		<Point X = "254" Y = "283" T = "0" Pressure = "0" />
		<Point X = "260" Y = "280" T = "0" Pressure = "0" />
		<Point X = "265" Y = "279" T = "0" Pressure = "0" />
		<Point X = "273" Y = "277" T = "0" Pressure = "0" />
		<Point X = "280" Y = "275" T = "0" Pressure = "0" />
		<Point X = "289" Y = "275" T = "0" Pressure = "0" />
		<Point X = "293" Y = "274" T = "0" Pressure = "0" />
		<Point X = "295" Y = "274" T = "0" Pressure = "0" />
		<Point X = "298" Y = "273" T = "0" Pressure = "0" />
		<Point X = "300" Y = "273" T = "0" Pressure = "0" />
		<Point X = "301" Y = "273" T = "0" Pressure = "0" />
		<Point X = "302" Y = "273" T = "0" Pressure = "0" />
		<Point X = "305" Y = "273" T = "0" Pressure = "0" />
		<Point X = "308" Y = "272" T = "0" Pressure = "0" />
		<Point X = "308" Y = "271" T = "0" Pressure = "0" />
		<Point X = "309" Y = "271" T = "0" Pressure = "0" />
		<Point X = "310" Y = "271" T = "0" Pressure = "0" />
		<Point X = "312" Y = "271" T = "0" Pressure = "0" />
		<Point X = "314" Y = "270" T = "0" Pressure = "0" />
		<Point X = "316" Y = "270" T = "0" Pressure = "0" />
		<Point X = "317" Y = "269" T = "0" Pressure = "0" />
		<Point X = "318" Y = "268" T = "0" Pressure = "0" />
		<Point X = "319" Y = "268" T = "0" Pressure = "0" />
		<Point X = "320" Y = "267" T = "0" Pressure = "0" />
		<Point X = "321" Y = "267" T = "0" Pressure = "0" />
		<Point X = "322" Y = "266" T = "0" Pressure = "0" />
		<Point X = "324" Y = "266" T = "0" Pressure = "0" />
		<Point X = "326" Y = "266" T = "0" Pressure = "0" />
		<Point X = "329" Y = "266" T = "0" Pressure = "0" />
		<Point X = "332" Y = "266" T = "0" Pressure = "0" />
		<Point X = "333" Y = "266" T = "0" Pressure = "0" />
		<Point X = "335" Y = "266" T = "0" Pressure = "0" />
		<Point X = "336" Y = "266" T = "0" Pressure = "0" />
		<Point X = "337" Y = "267" T = "0" Pressure = "0" />
	</Stroke>
</Gesture>
