<?xml version="1.0" encoding="utf-8" standalone="yes"?>
<Gesture Name = "straight_line">
	<Stroke>
		<Point X = "273" Y = "41" T = "0" Pressure = "0" />
		<Point X = "278" Y = "42" T = "0" Pressure = "0" />
		<Point X = "281" Y = "43" T = "0" Pressure = "0" />
		<Point X = "284" Y = "44" T = "0" Pressure = "0" />
		<Point X = "288" Y = "44" T = "0" Pressure = "0" />
		<Point X = "294" Y = "45" T = "0" Pressure = "0" />
		<Point X = "301" Y = "48" T = "0" Pressure = "0" />
		<Point X = "310" Y = "50" T = "0" Pressure = "0" />
		<Point X = "317" Y = "53" T = "0" Pressure = "0" />
		<Point X = "324" Y = "54" T = "0" Pressure = "0" />
		<Point X = "326" Y = "55" T = "0" Pressure = "0" />
		<Point X = "330" Y = "55" T = "0" Pressure = "0" />
		<Point X = "333" Y = "55" T = "0" Pressure = "0" />
		<Point X = "336" Y = "55" T = "0" Pressure = "0" />
		<Point X = "338" Y = "55" T = "0" Pressure = "0" />
		<Point X = "341" Y = "55" T = "0" Pressure = "0" />
		<Point X = "344" Y = "55" T = "0" Pressure = "0" />
		<Point X = "347" Y = "55" T = "0" Pressure = "0" />
		<Point X = "348" Y = "55" T = "0" Pressure = "0" />
		<Point X = "352" Y = "55" T = "0" Pressure = "0" />
		<Point X = "355" Y = "55" T = "0" Pressure = "0" />
		<Point X = "357" Y = "55" T = "0" Pressure = "0" />
		<Point X = "359" Y = "55" T = "0" Pressure = "0" />
		<Point X = "360" Y = "55" T = "0" Pressure = "0" />
		<Point X = "362" Y = "55" T = "0" Pressure = "0" />
		<Point X = "363" Y = "56" T = "0" Pressure = "0" />
		<Point X = "365" Y = "56" T = "0" Pressure = "0" />
		<Point X = "367" Y = "56" T = "0" Pressure = "0" />
		<Point X = "369" Y = "56" T = "0" Pressure = "0" />
		<Point X = "370" Y = "56" T = "0" Pressure = "0" />
		<Point X = "372" Y = "56" T = "0" Pressure = "0" />
		<Point X = "373" Y = "56" T = "0" Pressure = "0" />
		<Point X = "375" Y = "56" T = "0" Pressure = "0" />
		<Point X = "376" Y = "56" T = "0" Pressure = "0" />
	</Stroke>
</Gesture>
