<?xml version="1.0" encoding="utf-8" standalone="yes"?>
<Gesture Name = "straight_line">
	<Stroke>
		<Point X = "38" Y = "114" T = "0" Pressure = "0" />
		<Point X = "39" Y = "114" T = "0" Pressure = "0" />
		<Point X = "40" Y = "114" T = "0" Pressure = "0" />
		<Point X = "41" Y = "114" T = "0" Pressure = "0" />
		<Point X = "47" Y = "114" T = "0" Pressure = "0" />
		<Point X = "51" Y = "114" T = "0" Pressure = "0" />
		<Point X = "58" Y = "115" T = "0" Pressure = "0" />
		<Point X = "65" Y = "117" T = "0" Pressure = "0" />
		<Point X = "73" Y = "117" T = "0" Pressure = "0" />
		<Point X = "84" Y = "117" T = "0" Pressure = "0" />
		<Point X = "96" Y = "117" T = "0" Pressure = "0" />
		<Point X = "107" Y = "117" T = "0" Pressure = "0" />
		<Point X = "119" Y = "117" T = "0" Pressure = "0" />
		<Point X = "133" Y = "117" T = "0" Pressure = "0" />
		<Point X = "147" Y = "117" T = "0" Pressure = "0" />
		<Point X = "160" Y = "117" T = "0" Pressure = "0" />
		<Point X = "175" Y = "117" T = "0" Pressure = "0" />
		<Point X = "187" Y = "117" T = "0" Pressure = "0" />
		<Point X = "198" Y = "117" T = "0" Pressure = "0" />
		<Point X = "208" Y = "117" T = "0" Pressure = "0" />
		<Point X = "215" Y = "115" T = "0" Pressure = "0" />
		<Point X = "218" Y = "115" T = "0" Pressure = "0" />
		<Point X = "220" Y = "115" T = "0" Pressure = "0" />
		<Point X = "221" Y = "115" T = "0" Pressure = "0" />
		<Point X = "228" Y = "115" T = "0" Pressure = "0" />
		<Point X = "236" Y = "115" T = "0" Pressure = "0" />
		<Point X = "247" Y = "115" T = "0" Pressure = "0" />
		<Point X = "260" Y = "116" T = "0" Pressure = "0" />
		<Point X = "274" Y = "117" T = "0" Pressure = "0" />
		<Point X = "284" Y = "118" T = "0" Pressure = "0" />
		<Point X = "293" Y = "118" T = "0" Pressure = "0" />
		<Point X = "298" Y = "118" T = "0" Pressure = "0" />
	</Stroke>
</Gesture>
