<?xml version="1.0" encoding="utf-8" standalone="yes"?>
<Gesture Name = "straight_line">
	<Stroke>
		<Point X = "331" Y = "262" T = "0" Pressure = "0" />
		<Point X = "335" Y = "262" T = "0" Pressure = "0" />
		<Point X = "341" Y = "261" T = "0" Pressure = "0" />
		<Point X = "345" Y = "261" T = "0" Pressure = "0" />
		<Point X = "350" Y = "260" T = "0" Pressure = "0" />
		<Point X = "354" Y = "260" T = "0" Pressure = "0" />
		<Point X = "357" Y = "259" T = "0" Pressure = "0" />
		<Point X = "366" Y = "257" T = "0" Pressure = "0" />
		<Point X = "378" Y = "257" T = "0" Pressure = "0" />
		<Point X = "389" Y = "257" T = "0" Pressure = "0" />
		<Point X = "401" Y = "257" T = "0" Pressure = "0" />
		<Point X = "411" Y = "259" T = "0" Pressure = "0" />
		<Point X = "418" Y = "260" T = "0" Pressure = "0" />
		<Point X = "420" Y = "260" T = "0" Pressure = "0" />
		<Point X = "421" Y = "260" T = "0" Pressure = "0" />
		<Point X = "422" Y = "260" T = "0" Pressure = "0" />
		<Point X = "423" Y = "260" T = "0" Pressure = "0" />
	</Stroke>
</Gesture>
