<?xml version="1.0" encoding="utf-8" standalone="yes"?>
<Gesture Name = "straight_line">
	<Stroke>
		<Point X = "63" Y = "59" T = "0" Pressure = "0" />
		<Point X = "68" Y = "59" T = "0" Pressure = "0" />
		<Point X = "71" Y = "59" T = "0" Pressure = "0" />
		<Point X = "76" Y = "59" T = "0" Pressure = "0" />
		<Point X = "80" Y = "59" T = "0" Pressure = "0" />
		<Point X = "83" Y = "58" T = "0" Pressure = "0" />
		<Point X = "87" Y = "57" T = "0" Pressure = "0" />
		<Point X = "88" Y = "56" T = "0" Pressure = "0" />
		<Point X = "92" Y = "56" T = "0" Pressure = "0" />
		<Point X = "99" Y = "56" T = "0" Pressure = "0" />
		<Point X = "105" Y = "56" T = "0" Pressure = "0" />
		<Point X = "109" Y = "56" T = "0" Pressure = "0" />
		<Point X = "114" Y = "56" T = "0" Pressure = "0" />
		<Point X = "119" Y = "56" T = "0" Pressure = "0" />
		<Point X = "122" Y = "56" T = "0" Pressure = "0" />
		<Point X = "123" Y = "55" T = "0" Pressure = "0" />
		<Point X = "124" Y = "54" T = "0" Pressure = "0" />
		<Point X = "125" Y = "54" T = "0" Pressure = "0" />
		<Point X = "125" Y = "53" T = "0" Pressure = "0" />
		<Point X = "126" Y = "53" T = "0" Pressure = "0" />
		<Point X = "127" Y = "53" T = "0" Pressure = "0" />
		<Point X = "128" Y = "53" T = "0" Pressure = "0" />
	</Stroke>
</Gesture>
