<?xml version="1.0" encoding="utf-8" standalone="yes"?>
<Gesture Name = "straight_line">
	<Stroke>
		<Point X = "255" Y = "270" T = "0" Pressure = "0" />
		<Point X = "258" Y = "270" T = "0" Pressure = "0" />
		<Point X = "259" Y = "270" T = "0" Pressure = "0" />
		<Point X = "263" Y = "270" T = "0" Pressure = "0" />
		<Point X = "267" Y = "269" T = "0" Pressure = "0" />
		<Point X = "273" Y = "269" T = "0" Pressure = "0" />
		<Point X = "281" Y = "269" T = "0" Pressure = "0" />
		<Point X = "291" Y = "269" T = "0" Pressure = "0" />
		<Point X = "303" Y = "269" T = "0" Pressure = "0" />
		<Point X = "322" Y = "269" T = "0" Pressure = "0" />
		<Point X = "358" Y = "269" T = "0" Pressure = "0" />
		<Point X = "395" Y = "274" T = "0" Pressure = "0" />
		<Point X = "433" Y = "279" T = "0" Pressure = "0" />
		<Point X = "455" Y = "283" T = "0" Pressure = "0" />
		<Point X = "468" Y = "286" T = "0" Pressure = "0" />
		<Point X = "473" Y = "287" T = "0" Pressure = "0" />
		<Point X = "474" Y = "287" T = "0" Pressure = "0" />
		<Point X = "475" Y = "287" T = "0" Pressure = "0" />
	</Stroke>
</Gesture>
