<?xml version="1.0" encoding="utf-8" standalone="yes"?>
<Gesture Name = "straight_line">
	<Stroke>
		<Point X = "281" Y = "262" T = "0" Pressure = "0" />
		<Point X = "283" Y = "262" T = "0" Pressure = "0" />
		<Point X = "284" Y = "262" T = "0" Pressure = "0" />
		<Point X = "286" Y = "261" T = "0" Pressure = "0" />
		<Point X = "289" Y = "259" T = "0" Pressure = "0" />
		<Point X = "291" Y = "259" T = "0" Pressure = "0" />
		<Point X = "295" Y = "259" T = "0" Pressure = "0" />
		<Point X = "301" Y = "259" T = "0" Pressure = "0" />
		<Point X = "309" Y = "259" T = "0" Pressure = "0" />
		<Point X = "319" Y = "259" T = "0" Pressure = "0" />
		<Point X = "324" Y = "259" T = "0" Pressure = "0" />
		<Point X = "335" Y = "259" T = "0" Pressure = "0" />
		<Point X = "346" Y = "259" T = "0" Pressure = "0" />
		<Point X = "357" Y = "260" T = "0" Pressure = "0" />
		<Point X = "367" Y = "262" T = "0" Pressure = "0" />
		<Point X = "375" Y = "264" T = "0" Pressure = "0" />
		<Point X = "385" Y = "265" T = "0" Pressure = "0" />
		<Point X = "391" Y = "266" T = "0" Pressure = "0" />
		<Point X = "395" Y = "266" T = "0" Pressure = "0" />
		<Point X = "397" Y = "266" T = "0" Pressure = "0" />
		<Point X = "398" Y = "266" T = "0" Pressure = "0" />
		<Point X = "400" Y = "266" T = "0" Pressure = "0" />
	</Stroke>
</Gesture>
