<?xml version="1.0" encoding="utf-8" standalone="yes"?>
<Gesture Name = "straight_line">
	<Stroke>
		<Point X = "35" Y = "31" T = "0" Pressure = "0" />
		<Point X = "38" Y = "31" T = "0" Pressure = "0" />
		<Point X = "40" Y = "31" T = "0" Pressure = "0" />
		<Point X = "42" Y = "31" T = "0" Pressure = "0" />
		<Point X = "45" Y = "31" T = "0" Pressure = "0" />
		<Point X = "46" Y = "30" T = "0" Pressure = "0" />
		<Point X = "47" Y = "29" T = "0" Pressure = "0" />
		<Point X = "51" Y = "29" T = "0" Pressure = "0" />
		<Point X = "55" Y = "28" T = "0" Pressure = "0" />
		<Point X = "59" Y = "28" T = "0" Pressure = "0" />
		<Point X = "63" Y = "28" T = "0" Pressure = "0" />
		<Point X = "68" Y = "28" T = "0" Pressure = "0" />
		<Point X = "72" Y = "28" T = "0" Pressure = "0" />
		<Point X = "75" Y = "28" T = "0" Pressure = "0" />
		<Point X = "79" Y = "28" T = "0" Pressure = "0" />
		<Point X = "83" Y = "28" T = "0" Pressure = "0" />
		<Point X = "84" Y = "28" T = "0" Pressure = "0" />
		<Point X = "87" Y = "28" T = "0" Pressure = "0" />
		<Point X = "89" Y = "28" T = "0" Pressure = "0" />
		<Point X = "90" Y = "28" T = "0" Pressure = "0" />
		<Point X = "91" Y = "28" T = "0" Pressure = "0" />
		<Point X = "92" Y = "28" T = "0" Pressure = "0" />
		<Point X = "93" Y = "28" T = "0" Pressure = "0" />
	</Stroke>
</Gesture>
