<?xml version="1.0" encoding="utf-8" standalone="yes"?>
<Gesture Name = "straight_line">
	<Stroke>
		<Point X = "84" Y = "271" T = "0" Pressure = "0" />
		<Point X = "86" Y = "271" T = "0" Pressure = "0" />
		<Point X = "88" Y = "270" T = "0" Pressure = "0" />
		<Point X = "93" Y = "269" T = "0" Pressure = "0" />
		<Point X = "97" Y = "269" T = "0" Pressure = "0" />
		<Point X = "106" Y = "269" T = "0" Pressure = "0" />
		<Point X = "116" Y = "269" T = "0" Pressure = "0" />
		<Point X = "129" Y = "269" T = "0" Pressure = "0" />
		<Point X = "142" Y = "269" T = "0" Pressure = "0" />
		<Point X = "151" Y = "269" T = "0" Pressure = "0" />
		<Point X = "161" Y = "269" T = "0" Pressure = "0" />
		<Point X = "172" Y = "269" T = "0" Pressure = "0" />
		<Point X = "183" Y = "268" T = "0" Pressure = "0" />
		<Point X = "195" Y = "265" T = "0" Pressure = "0" />
		<Point X = "212" Y = "263" T = "0" Pressure = "0" />
		<Point X = "226" Y = "261" T = "0" Pressure = "0" />
		<Point X = "241" Y = "259" T = "0" Pressure = "0" />
		<Point X = "252" Y = "257" T = "0" Pressure = "0" />
		<Point X = "260" Y = "257" T = "0" Pressure = "0" />
		<Point X = "267" Y = "256" T = "0" Pressure = "0" />
		<Point X = "272" Y = "255" T = "0" Pressure = "0" />
		<Point X = "273" Y = "255" T = "0" Pressure = "0" />
		<Point X = "275" Y = "255" T = "0" Pressure = "0" />
		<Point X = "276" Y = "255" T = "0" Pressure = "0" />
		<Point X = "277" Y = "255" T = "0" Pressure = "0" />
		<Point X = "278" Y = "253" T = "0" Pressure = "0" />
		<Point X = "279" Y = "253" T = "0" Pressure = "0" />
		<Point X = "280" Y = "253" T = "0" Pressure = "0" />
		<Point X = "284" Y = "253" T = "0" Pressure = "0" />
		<Point X = "288" Y = "253" T = "0" Pressure = "0" />
		<Point X = "292" Y = "253" T = "0" Pressure = "0" />
		<Point X = "295" Y = "253" T = "0" Pressure = "0" />
		<Point X = "298" Y = "253" T = "0" Pressure = "0" />
		<Point X = "302" Y = "253" T = "0" Pressure = "0" />
		<Point X = "304" Y = "253" T = "0" Pressure = "0" />
		<Point X = "306" Y = "253" T = "0" Pressure = "0" />
		<Point X = "310" Y = "252" T = "0" Pressure = "0" />
		<Point X = "313" Y = "252" T = "0" Pressure = "0" />
		<Point X = "316" Y = "251" T = "0" Pressure = "0" />
		<Point X = "317" Y = "249" T = "0" Pressure = "0" />
		<Point X = "318" Y = "249" T = "0" Pressure = "0" />
		<Point X = "320" Y = "249" T = "0" Pressure = "0" />
		<Point X = "322" Y = "249" T = "0" Pressure = "0" />
		<Point X = "324" Y = "249" T = "0" Pressure = "0" />
		<Point X = "326" Y = "249" T = "0" Pressure = "0" />
		<Point X = "328" Y = "249" T = "0" Pressure = "0" />
		<Point X = "329" Y = "249" T = "0" Pressure = "0" />
		<Point X = "330" Y = "249" T = "0" Pressure = "0" />
		<Point X = "331" Y = "249" T = "0" Pressure = "0" />
		<Point X = "336" Y = "249" T = "0" Pressure = "0" />
		<Point X = "339" Y = "249" T = "0" Pressure = "0" />
		<Point X = "342" Y = "249" T = "0" Pressure = "0" />
		<Point X = "344" Y = "249" T = "0" Pressure = "0" />
		<Point X = "345" Y = "249" T = "0" Pressure = "0" />
		<Point X = "346" Y = "249" T = "0" Pressure = "0" />
		<Point X = "348" Y = "249" T = "0" Pressure = "0" />
		<Point X = "350" Y = "249" T = "0" Pressure = "0" />
		<Point X = "353" Y = "249" T = "0" Pressure = "0" />
		<Point X = "354" Y = "249" T = "0" Pressure = "0" />
		<Point X = "356" Y = "249" T = "0" Pressure = "0" />
		<Point X = "357" Y = "249" T = "0" Pressure = "0" />
		<Point X = "359" Y = "249" T = "0" Pressure = "0" />
		<Point X = "360" Y = "249" T = "0" Pressure = "0" />
	</Stroke>
</Gesture>
