<?xml version="1.0" encoding="utf-8" standalone="yes"?>
<Gesture Name = "straight_line">
	<Stroke>
		<Point X = "41" Y = "207" T = "0" Pressure = "0" />
		<Point X = "42" Y = "207" T = "0" Pressure = "0" />
		<Point X = "45" Y = "207" T = "0" Pressure = "0" />
		<Point X = "48" Y = "207" T = "0" Pressure = "0" />
		<Point X = "52" Y = "207" T = "0" Pressure = "0" />
		<Point X = "57" Y = "207" T = "0" Pressure = "0" />
		<Point X = "65" Y = "207" T = "0" Pressure = "0" />
		<Point X = "74" Y = "207" T = "0" Pressure = "0" />
		<Point X = "85" Y = "207" T = "0" Pressure = "0" />
		<Point X = "101" Y = "209" T = "0" Pressure = "0" />
		<Point X = "121" Y = "217" T = "0" Pressure = "0" />
		<Point X = "140" Y = "221" T = "0" Pressure = "0" />
		<Point X = "160" Y = "226" T = "0" Pressure = "0" />
		<Point X = "181" Y = "229" T = "0" Pressure = "0" />
		<Point X = "197" Y = "231" T = "0" Pressure = "0" />
		<Point X = "209" Y = "233" T = "0" Pressure = "0" />
		<Point X = "220" Y = "233" T = "0" Pressure = "0" />
		<Point X = "228" Y = "233" T = "0" Pressure = "0" />
		<Point X = "232" Y = "233" T = "0" Pressure = "0" />
		<Point X = "236" Y = "233" T = "0" Pressure = "0" />
		<Point X = "238" Y = "233" T = "0" Pressure = "0" />
		<Point X = "240" Y = "233" T = "0" Pressure = "0" />
		<Point X = "243" Y = "232" T = "0" Pressure = "0" />
		<Point X = "246" Y = "231" T = "0" Pressure = "0" />
		<Point X = "255" Y = "229" T = "0" Pressure = "0" />
		<Point X = "261" Y = "227" T = "0" Pressure = "0" />
		<Point X = "267" Y = "225" T = "0" Pressure = "0" />
		<Point X = "274" Y = "224" T = "0" Pressure = "0" />
		<Point X = "276" Y = "223" T = "0" Pressure = "0" />
		<Point X = "280" Y = "223" T = "0" Pressure = "0" />
		<Point X = "282" Y = "223" T = "0" Pressure = "0" />
		<Point X = "286" Y = "223" T = "0" Pressure = "0" />
		<Point X = "292" Y = "223" T = "0" Pressure = "0" />
		<Point X = "301" Y = "223" T = "0" Pressure = "0" />
		<Point X = "315" Y = "224" T = "0" Pressure = "0" />
		<Point X = "330" Y = "225" T = "0" Pressure = "0" />
		<Point X = "344" Y = "227" T = "0" Pressure = "0" />
		<Point X = "357" Y = "227" T = "0" Pressure = "0" />
		<Point X = "366" Y = "228" T = "0" Pressure = "0" />
		<Point X = "370" Y = "228" T = "0" Pressure = "0" />
		<Point X = "371" Y = "228" T = "0" Pressure = "0" />
		<Point X = "373" Y = "228" T = "0" Pressure = "0" />
	</Stroke>
</Gesture>
