<?xml version="1.0" encoding="utf-8" standalone="yes"?>
<Gesture Name = "straight_line">
	<Stroke>
		<Point X = "101" Y = "112" T = "0" Pressure = "0" />
		<Point X = "103" Y = "111" T = "0" Pressure = "0" />
		<Point X = "109" Y = "109" T = "0" Pressure = "0" />
		<Point X = "117" Y = "109" T = "0" Pressure = "0" />
		<Point X = "128" Y = "109" T = "0" Pressure = "0" />
		<Point X = "141" Y = "109" T = "0" Pressure = "0" />
		<Point X = "154" Y = "109" T = "0" Pressure = "0" />
		<Point X = "168" Y = "110" T = "0" Pressure = "0" />
		<Point X = "180" Y = "111" T = "0" Pressure = "0" />
		<Point X = "196" Y = "114" T = "0" Pressure = "0" />
		<Point X = "210" Y = "115" T = "0" Pressure = "0" />
		<Point X = "229" Y = "116" T = "0" Pressure = "0" />
		<Point X = "244" Y = "116" T = "0" Pressure = "0" />
		<Point X = "257" Y = "116" T = "0" Pressure = "0" />
		<Point X = "266" Y = "116" T = "0" Pressure = "0" />
		<Point X = "270" Y = "116" T = "0" Pressure = "0" />
		<Point X = "273" Y = "116" T = "0" Pressure = "0" />
		<Point X = "274" Y = "116" T = "0" Pressure = "0" />
		<Point X = "275" Y = "116" T = "0" Pressure = "0" />
		<Point X = "277" Y = "118" T = "0" Pressure = "0" />
	</Stroke>
</Gesture>
