<?xml version="1.0" encoding="utf-8" standalone="yes"?>
<Gesture Name = "straight_line">
	<Stroke>
		<Point X = "60" Y = "27" T = "0" Pressure = "0" />
		<Point X = "64" Y = "27" T = "0" Pressure = "0" />
		<Point X = "68" Y = "27" T = "0" Pressure = "0" />
		<Point X = "72" Y = "27" T = "0" Pressure = "0" />
		<Point X = "81" Y = "27" T = "0" Pressure = "0" />
		<Point X = "88" Y = "27" T = "0" Pressure = "0" />
		<Point X = "96" Y = "27" T = "0" Pressure = "0" />
		<Point X = "104" Y = "28" T = "0" Pressure = "0" />
		<Point X = "112" Y = "29" T = "0" Pressure = "0" />
		<Point X = "121" Y = "30" T = "0" Pressure = "0" />
		<Point X = "126" Y = "30" T = "0" Pressure = "0" />
		<Point X = "132" Y = "30" T = "0" Pressure = "0" />
		<Point X = "138" Y = "30" T = "0" Pressure = "0" />
		<Point X = "141" Y = "30" T = "0" Pressure = "0" />
		<Point X = "144" Y = "30" T = "0" Pressure = "0" />
		<Point X = "145" Y = "30" T = "0" Pressure = "0" />
	</Stroke>
</Gesture>
