<?xml version="1.0" encoding="utf-8" standalone="yes"?>
<Gesture Name = "straight_line">
	<Stroke>
		<Point X = "89" Y = "109" T = "0" Pressure = "0" />
		<Point X = "93" Y = "109" T = "0" Pressure = "0" />
		<Point X = "99" Y = "110" T = "0" Pressure = "0" />
		<Point X = "108" Y = "110" T = "0" Pressure = "0" />
		<Point X = "118" Y = "110" T = "0" Pressure = "0" />
		<Point X = "127" Y = "111" T = "0" Pressure = "0" />
		<Point X = "134" Y = "111" T = "0" Pressure = "0" />
		<Point X = "139" Y = "111" T = "0" Pressure = "0" />
		<Point X = "143" Y = "111" T = "0" Pressure = "0" />
		<Point X = "147" Y = "111" T = "0" Pressure = "0" />
		<Point X = "153" Y = "110" T = "0" Pressure = "0" />
		<Point X = "161" Y = "108" T = "0" Pressure = "0" />
		<Point X = "167" Y = "106" T = "0" Pressure = "0" />
		<Point X = "176" Y = "105" T = "0" Pressure = "0" />
		<Point X = "183" Y = "105" T = "0" Pressure = "0" />
		<Point X = "191" Y = "105" T = "0" Pressure = "0" />
		<Point X = "199" Y = "105" T = "0" Pressure = "0" />
		<Point X = "207" Y = "105" T = "0" Pressure = "0" />
		<Point X = "215" Y = "107" T = "0" Pressure = "0" />
		<Point X = "219" Y = "108" T = "0" Pressure = "0" />
		<Point X = "226" Y = "110" T = "0" Pressure = "0" />
		<Point X = "232" Y = "111" T = "0" Pressure = "0" />
		<Point X = "238" Y = "112" T = "0" Pressure = "0" />
		<Point X = "246" Y = "112" T = "0" Pressure = "0" />
		<Point X = "254" Y = "112" T = "0" Pressure = "0" />
		<Point X = "265" Y = "112" T = "0" Pressure = "0" />
		<Point X = "276" Y = "112" T = "0" Pressure = "0" />
		<Point X = "284" Y = "112" T = "0" Pressure = "0" />
		<Point X = "290" Y = "111" T = "0" Pressure = "0" />
		<Point X = "294" Y = "110" T = "0" Pressure = "0" />
		<Point X = "300" Y = "109" T = "0" Pressure = "0" />
		<Point X = "303" Y = "108" T = "0" Pressure = "0" />
		<Point X = "308" Y = "108" T = "0" Pressure = "0" />
		<Point X = "311" Y = "106" T = "0" Pressure = "0" />
		<Point X = "315" Y = "106" T = "0" Pressure = "0" />
		<Point X = "318" Y = "106" T = "0" Pressure = "0" />
		<Point X = "323" Y = "106" T = "0" Pressure = "0" />
		<Point X = "328" Y = "106" T = "0" Pressure = "0" />
		<Point X = "332" Y = "106" T = "0" Pressure = "0" />
		<Point X = "335" Y = "106" T = "0" Pressure = "0" />
		<Point X = "336" Y = "106" T = "0" Pressure = "0" />
		<Point X = "338" Y = "106" T = "0" Pressure = "0" />
		<Point X = "339" Y = "106" T = "0" Pressure = "0" />
		<Point X = "340" Y = "106" T = "0" Pressure = "0" />
		<Point X = "341" Y = "106" T = "0" Pressure = "0" />
		<Point X = "342" Y = "106" T = "0" Pressure = "0" />
		<Point X = "343" Y = "106" T = "0" Pressure = "0" />
	</Stroke>
</Gesture>
