<?xml version="1.0" encoding="utf-8" standalone="yes"?>
<Gesture Name = "straight_line">
	<Stroke>
		<Point X = "103" Y = "234" T = "0" Pressure = "0" />
		<Point X = "101" Y = "234" T = "0" Pressure = "0" />
		<Point X = "99" Y = "234" T = "0" Pressure = "0" />
		<Point X = "97" Y = "234" T = "0" Pressure = "0" />
		<Point X = "96" Y = "235" T = "0" Pressure = "0" />
		<Point X = "93" Y = "236" T = "0" Pressure = "0" />
		<Point X = "91" Y = "236" T = "0" Pressure = "0" />
		<Point X = "89" Y = "238" T = "0" Pressure = "0" />
		<Point X = "88" Y = "238" T = "0" Pressure = "0" />
		<Point X = "86" Y = "238" T = "0" Pressure = "0" />
		<Point X = "87" Y = "238" T = "0" Pressure = "0" />
		<Point X = "88" Y = "238" T = "0" Pressure = "0" />
		<Point X = "89" Y = "238" T = "0" Pressure = "0" />
		<Point X = "91" Y = "238" T = "0" Pressure = "0" />
		<Point X = "92" Y = "238" T = "0" Pressure = "0" />
		<Point X = "95" Y = "238" T = "0" Pressure = "0" />
		<Point X = "99" Y = "238" T = "0" Pressure = "0" />
		<Point X = "102" Y = "238" T = "0" Pressure = "0" />
		<Point X = "106" Y = "237" T = "0" Pressure = "0" />
		<Point X = "111" Y = "236" T = "0" Pressure = "0" />
		<Point X = "115" Y = "234" T = "0" Pressure = "0" />
		<Point X = "122" Y = "233" T = "0" Pressure = "0" />
		<Point X = "131" Y = "232" T = "0" Pressure = "0" />
		<Point X = "138" Y = "232" T = "0" Pressure = "0" />
		<Point X = "143" Y = "232" T = "0" Pressure = "0" />
		<Point X = "152" Y = "232" T = "0" Pressure = "0" />
		<Point X = "157" Y = "232" T = "0" Pressure = "0" />
		<Point X = "164" Y = "232" T = "0" Pressure = "0" />
		<Point X = "172" Y = "232" T = "0" Pressure = "0" />
		<Point X = "181" Y = "233" T = "0" Pressure = "0" />
		<Point X = "189" Y = "233" T = "0" Pressure = "0" />
		<Point X = "197" Y = "233" T = "0" Pressure = "0" />
		<Point X = "204" Y = "234" T = "0" Pressure = "0" />
		<Point X = "210" Y = "235" T = "0" Pressure = "0" />
		<Point X = "217" Y = "236" T = "0" Pressure = "0" />
		<Point X = "221" Y = "236" T = "0" Pressure = "0" />
		<Point X = "224" Y = "236" T = "0" Pressure = "0" />
		<Point X = "226" Y = "236" T = "0" Pressure = "0" />
		<Point X = "228" Y = "236" T = "0" Pressure = "0" />
		<Point X = "229" Y = "236" T = "0" Pressure = "0" />
		<Point X = "230" Y = "236" T = "0" Pressure = "0" />
		<Point X = "231" Y = "236" T = "0" Pressure = "0" />
		<Point X = "232" Y = "236" T = "0" Pressure = "0" />
		<Point X = "233" Y = "236" T = "0" Pressure = "0" />
		<Point X = "235" Y = "235" T = "0" Pressure = "0" />
		<Point X = "236" Y = "235" T = "0" Pressure = "0" />
		<Point X = "238" Y = "235" T = "0" Pressure = "0" />
		<Point X = "240" Y = "235" T = "0" Pressure = "0" />
		<Point X = "243" Y = "235" T = "0" Pressure = "0" />
		<Point X = "247" Y = "235" T = "0" Pressure = "0" />
		<Point X = "250" Y = "235" T = "0" Pressure = "0" />
		<Point X = "253" Y = "235" T = "0" Pressure = "0" />
		<Point X = "255" Y = "235" T = "0" Pressure = "0" />
		<Point X = "258" Y = "235" T = "0" Pressure = "0" />
		<Point X = "260" Y = "235" T = "0" Pressure = "0" />
		<Point X = "262" Y = "235" T = "0" Pressure = "0" />
		<Point X = "265" Y = "235" T = "0" Pressure = "0" />
		<Point X = "266" Y = "235" T = "0" Pressure = "0" />
		<Point X = "269" Y = "234" T = "0" Pressure = "0" />
		<Point X = "274" Y = "234" T = "0" Pressure = "0" />
		<Point X = "277" Y = "233" T = "0" Pressure = "0" />
		<Point X = "280" Y = "233" T = "0" Pressure = "0" />
		<Point X = "282" Y = "232" T = "0" Pressure = "0" />
		<Point X = "286" Y = "232" T = "0" Pressure = "0" />
		<Point X = "289" Y = "231" T = "0" Pressure = "0" />
		<Point X = "292" Y = "230" T = "0" Pressure = "0" />
		<Point X = "296" Y = "229" T = "0" Pressure = "0" />
		<Point X = "298" Y = "228" T = "0" Pressure = "0" />
		<Point X = "299" Y = "228" T = "0" Pressure = "0" />
		<Point X = "300" Y = "228" T = "0" Pressure = "0" />
		<Point X = "301" Y = "228" T = "0" Pressure = "0" />
		<Point X = "303" Y = "228" T = "0" Pressure = "0" />
		<Point X = "304" Y = "228" T = "0" Pressure = "0" />
		<Point X = "307" Y = "228" T = "0" Pressure = "0" />
		<Point X = "312" Y = "229" T = "0" Pressure = "0" />
		<Point X = "314" Y = "229" T = "0" Pressure = "0" />
		<Point X = "316" Y = "229" T = "0" Pressure = "0" />
		<Point X = "319" Y = "229" T = "0" Pressure = "0" />
		<Point X = "320" Y = "229" T = "0" Pressure = "0" />
		<Point X = "321" Y = "229" T = "0" Pressure = "0" />
		<Point X = "322" Y = "229" T = "0" Pressure = "0" />
		<Point X = "323" Y = "229" T = "0" Pressure = "0" />
		<Point X = "324" Y = "228" T = "0" Pressure = "0" />
		<Point X = "326" Y = "228" T = "0" Pressure = "0" />
		<Point X = "328" Y = "227" T = "0" Pressure = "0" />
		<Point X = "328" Y = "226" T = "0" Pressure = "0" />
		<Point X = "329" Y = "226" T = "0" Pressure = "0" />
		<Point X = "330" Y = "226" T = "0" Pressure = "0" />
		<Point X = "331" Y = "226" T = "0" Pressure = "0" />
		<Point X = "332" Y = "226" T = "0" Pressure = "0" />
		<Point X = "333" Y = "226" T = "0" Pressure = "0" />
		<Point X = "334" Y = "226" T = "0" Pressure = "0" />
		<Point X = "335" Y = "226" T = "0" Pressure = "0" />
		<Point X = "336" Y = "226" T = "0" Pressure = "0" />
		<Point X = "337" Y = "226" T = "0" Pressure = "0" />
		<Point X = "338" Y = "226" T = "0" Pressure = "0" />
	</Stroke>
</Gesture>
