<?xml version="1.0" encoding="utf-8" standalone="yes"?>
<Gesture Name = "straight_line">
	<Stroke>
		<Point X = "42" Y = "79" T = "0" Pressure = "0" />
		<Point X = "43" Y = "79" T = "0" Pressure = "0" />
		<Point X = "44" Y = "79" T = "0" Pressure = "0" />
		<Point X = "48" Y = "79" T = "0" Pressure = "0" />
		<Point X = "55" Y = "79" T = "0" Pressure = "0" />
		<Point X = "62" Y = "79" T = "0" Pressure = "0" />
		<Point X = "72" Y = "79" T = "0" Pressure = "0" />
		<Point X = "79" Y = "79" T = "0" Pressure = "0" />
		<Point X = "86" Y = "79" T = "0" Pressure = "0" />
		<Point X = "90" Y = "78" T = "0" Pressure = "0" />
		<Point X = "92" Y = "76" T = "0" Pressure = "0" />
		<Point X = "95" Y = "75" T = "0" Pressure = "0" />
		<Point X = "98" Y = "75" T = "0" Pressure = "0" />
		<Point X = "99" Y = "75" T = "0" Pressure = "0" />
		<Point X = "103" Y = "73" T = "0" Pressure = "0" />
		<Point X = "105" Y = "72" T = "0" Pressure = "0" />
		<Point X = "108" Y = "70" T = "0" Pressure = "0" />
		<Point X = "109" Y = "70" T = "0" Pressure = "0" />
		<Point X = "111" Y = "69" T = "0" Pressure = "0" />
		<Point X = "113" Y = "68" T = "0" Pressure = "0" />
		<Point X = "115" Y = "67" T = "0" Pressure = "0" />
		<Point X = "118" Y = "67" T = "0" Pressure = "0" />
		<Point X = "120" Y = "66" T = "0" Pressure = "0" />
		<Point X = "122" Y = "66" T = "0" Pressure = "0" />
		<Point X = "126" Y = "66" T = "0" Pressure = "0" />
		<Point X = "130" Y = "66" T = "0" Pressure = "0" />
		<Point X = "135" Y = "66" T = "0" Pressure = "0" />
		<Point X = "138" Y = "66" T = "0" Pressure = "0" />
		<Point X = "140" Y = "66" T = "0" Pressure = "0" />
		<Point X = "141" Y = "66" T = "0" Pressure = "0" />
		<Point X = "142" Y = "66" T = "0" Pressure = "0" />
		<Point X = "144" Y = "66" T = "0" Pressure = "0" />
	</Stroke>
</Gesture>
