<?xml version="1.0" encoding="utf-8" standalone="yes"?>
<Gesture Name = "straight_line">
	<Stroke>
		<Point X = "60" Y = "241" T = "0" Pressure = "0" />
		<Point X = "62" Y = "241" T = "0" Pressure = "0" />
		<Point X = "65" Y = "241" T = "0" Pressure = "0" />
		<Point X = "67" Y = "241" T = "0" Pressure = "0" />
		<Point X = "71" Y = "241" T = "0" Pressure = "0" />
		<Point X = "74" Y = "241" T = "0" Pressure = "0" />
		<Point X = "77" Y = "241" T = "0" Pressure = "0" />
		<Point X = "79" Y = "241" T = "0" Pressure = "0" />
		<Point X = "85" Y = "241" T = "0" Pressure = "0" />
		<Point X = "96" Y = "241" T = "0" Pressure = "0" />
		<Point X = "108" Y = "241" T = "0" Pressure = "0" />
		<Point X = "120" Y = "241" T = "0" Pressure = "0" />
		<Point X = "133" Y = "241" T = "0" Pressure = "0" />
		<Point X = "144" Y = "241" T = "0" Pressure = "0" />
		<Point X = "156" Y = "241" T = "0" Pressure = "0" />
		<Point X = "165" Y = "241" T = "0" Pressure = "0" />
		<Point X = "175" Y = "240" T = "0" Pressure = "0" />
		<Point X = "183" Y = "239" T = "0" Pressure = "0" />
		<Point X = "190" Y = "239" T = "0" Pressure = "0" />
		<Point X = "199" Y = "239" T = "0" Pressure = "0" />
		<Point X = "207" Y = "239" T = "0" Pressure = "0" />
		<Point X = "215" Y = "239" T = "0" Pressure = "0" />
		<Point X = "221" Y = "239" T = "0" Pressure = "0" />
		<Point X = "224" Y = "239" T = "0" Pressure = "0" />
		<Point X = "228" Y = "240" T = "0" Pressure = "0" />
		<Point X = "233" Y = "241" T = "0" Pressure = "0" />
		<Point X = "236" Y = "241" T = "0" Pressure = "0" />
		<Point X = "238" Y = "242" T = "0" Pressure = "0" />
		<Point X = "239" Y = "243" T = "0" Pressure = "0" />
		<Point X = "240" Y = "243" T = "0" Pressure = "0" />
		<Point X = "241" Y = "243" T = "0" Pressure = "0" />
		<Point X = "243" Y = "243" T = "0" Pressure = "0" />
		<Point X = "246" Y = "243" T = "0" Pressure = "0" />
		<Point X = "249" Y = "243" T = "0" Pressure = "0" />
		<Point X = "255" Y = "243" T = "0" Pressure = "0" />
		<Point X = "261" Y = "242" T = "0" Pressure = "0" />
		<Point X = "267" Y = "241" T = "0" Pressure = "0" />
		<Point X = "273" Y = "238" T = "0" Pressure = "0" />
		<Point X = "277" Y = "237" T = "0" Pressure = "0" />
		<Point X = "279" Y = "237" T = "0" Pressure = "0" />
		<Point X = "281" Y = "237" T = "0" Pressure = "0" />
		<Point X = "284" Y = "237" T = "0" Pressure = "0" />
		<Point X = "286" Y = "235" T = "0" Pressure = "0" />
		<Point X = "287" Y = "235" T = "0" Pressure = "0" />
		<Point X = "290" Y = "235" T = "0" Pressure = "0" />
		<Point X = "296" Y = "235" T = "0" Pressure = "0" />
		<Point X = "301" Y = "235" T = "0" Pressure = "0" />
		<Point X = "305" Y = "235" T = "0" Pressure = "0" />
		<Point X = "314" Y = "236" T = "0" Pressure = "0" />
		<Point X = "318" Y = "237" T = "0" Pressure = "0" />
		<Point X = "323" Y = "239" T = "0" Pressure = "0" />
		<Point X = "324" Y = "239" T = "0" Pressure = "0" />
		<Point X = "326" Y = "239" T = "0" Pressure = "0" />
		<Point X = "327" Y = "239" T = "0" Pressure = "0" />
		<Point X = "328" Y = "239" T = "0" Pressure = "0" />
		<Point X = "330" Y = "239" T = "0" Pressure = "0" />
		<Point X = "337" Y = "240" T = "0" Pressure = "0" />
		<Point X = "339" Y = "241" T = "0" Pressure = "0" />
		<Point X = "343" Y = "241" T = "0" Pressure = "0" />
		<Point X = "346" Y = "241" T = "0" Pressure = "0" />
		<Point X = "347" Y = "241" T = "0" Pressure = "0" />
		<Point X = "348" Y = "241" T = "0" Pressure = "0" />
		<Point X = "349" Y = "241" T = "0" Pressure = "0" />
		<Point X = "350" Y = "241" T = "0" Pressure = "0" />
	</Stroke>
</Gesture>
