<?xml version="1.0" encoding="utf-8" standalone="yes"?>
<Gesture Name = "straight_line">
	<Stroke>
		<Point X = "58" Y = "255" T = "0" Pressure = "0" />
		<Point X = "60" Y = "254" T = "0" Pressure = "0" />
		<Point X = "62" Y = "253" T = "0" Pressure = "0" />
		<Point X = "66" Y = "253" T = "0" Pressure = "0" />
		<Point X = "70" Y = "251" T = "0" Pressure = "0" />
		<Point X = "74" Y = "250" T = "0" Pressure = "0" />
		<Point X = "80" Y = "249" T = "0" Pressure = "0" />
		<Point X = "89" Y = "247" T = "0" Pressure = "0" />
		<Point X = "94" Y = "247" T = "0" Pressure = "0" />
		<Point X = "100" Y = "246" T = "0" Pressure = "0" />
		<Point X = "104" Y = "246" T = "0" Pressure = "0" />
		<Point X = "109" Y = "245" T = "0" Pressure = "0" />
		<Point X = "116" Y = "244" T = "0" Pressure = "0" />
		<Point X = "121" Y = "244" T = "0" Pressure = "0" />
		<Point X = "128" Y = "244" T = "0" Pressure = "0" />
		<Point X = "136" Y = "244" T = "0" Pressure = "0" />
		<Point X = "141" Y = "247" T = "0" Pressure = "0" />
		<Point X = "146" Y = "249" T = "0" Pressure = "0" />
		<Point X = "151" Y = "252" T = "0" Pressure = "0" />
		<Point X = "153" Y = "252" T = "0" Pressure = "0" />
	</Stroke>
</Gesture>
