<?xml version="1.0" encoding="utf-8" standalone="yes"?>
<Gesture Name = "straight_line">
	<Stroke>
		<Point X = "43" Y = "30" T = "0" Pressure = "0" />
		<Point X = "45" Y = "30" T = "0" Pressure = "0" />
		<Point X = "48" Y = "30" T = "0" Pressure = "0" />
		<Point X = "53" Y = "30" T = "0" Pressure = "0" />
		<Point X = "59" Y = "30" T = "0" Pressure = "0" />
		<Point X = "64" Y = "30" T = "0" Pressure = "0" />
		<Point X = "71" Y = "30" T = "0" Pressure = "0" />
		<Point X = "77" Y = "30" T = "0" Pressure = "0" />
		<Point X = "81" Y = "30" T = "0" Pressure = "0" />
		<Point X = "85" Y = "30" T = "0" Pressure = "0" />
		<Point X = "87" Y = "30" T = "0" Pressure = "0" />
		<Point X = "90" Y = "30" T = "0" Pressure = "0" />
		<Point X = "92" Y = "30" T = "0" Pressure = "0" />
		<Point X = "94" Y = "30" T = "0" Pressure = "0" />
		<Point X = "97" Y = "29" T = "0" Pressure = "0" />
		<Point X = "100" Y = "29" T = "0" Pressure = "0" />
		<Point X = "102" Y = "29" T = "0" Pressure = "0" />
		<Point X = "104" Y = "29" T = "0" Pressure = "0" />
		<Point X = "105" Y = "29" T = "0" Pressure = "0" />
		<Point X = "107" Y = "28" T = "0" Pressure = "0" />
		<Point X = "108" Y = "27" T = "0" Pressure = "0" />
		<Point X = "109" Y = "27" T = "0" Pressure = "0" />
		<Point X = "110" Y = "27" T = "0" Pressure = "0" />
	</Stroke>
</Gesture>
