<?xml version="1.0" encoding="utf-8" standalone="yes"?>
<Gesture Name = "straight_line">
	<Stroke>
		<Point X = "95" Y = "139" T = "0" Pressure = "0" />
		<Point X = "97" Y = "139" T = "0" Pressure = "0" />
		<Point X = "102" Y = "139" T = "0" Pressure = "0" />
		<Point X = "109" Y = "139" T = "0" Pressure = "0" />
		<Point X = "117" Y = "139" T = "0" Pressure = "0" />
		<Point X = "127" Y = "139" T = "0" Pressure = "0" />
		<Point X = "135" Y = "139" T = "0" Pressure = "0" />
		<Point X = "144" Y = "139" T = "0" Pressure = "0" />
		<Point X = "154" Y = "139" T = "0" Pressure = "0" />
		<Point X = "165" Y = "139" T = "0" Pressure = "0" />
		<Point X = "177" Y = "138" T = "0" Pressure = "0" />
		<Point X = "192" Y = "138" T = "0" Pressure = "0" />
		<Point X = "206" Y = "138" T = "0" Pressure = "0" />
		<Point X = "222" Y = "138" T = "0" Pressure = "0" />
		<Point X = "234" Y = "138" T = "0" Pressure = "0" />
		<Point X = "248" Y = "138" T = "0" Pressure = "0" />
		<Point X = "256" Y = "139" T = "0" Pressure = "0" />
		<Point X = "265" Y = "140" T = "0" Pressure = "0" />
		<Point X = "272" Y = "141" T = "0" Pressure = "0" />
		<Point X = "276" Y = "142" T = "0" Pressure = "0" />
		<Point X = "281" Y = "143" T = "0" Pressure = "0" />
		<Point X = "289" Y = "143" T = "0" Pressure = "0" />
		<Point X = "296" Y = "143" T = "0" Pressure = "0" />
		<Point X = "303" Y = "143" T = "0" Pressure = "0" />
		<Point X = "307" Y = "143" T = "0" Pressure = "0" />
		<Point X = "310" Y = "143" T = "0" Pressure = "0" />
		<Point X = "312" Y = "143" T = "0" Pressure = "0" />
		<Point X = "315" Y = "143" T = "0" Pressure = "0" />
		<Point X = "317" Y = "143" T = "0" Pressure = "0" />
		<Point X = "317" Y = "142" T = "0" Pressure = "0" />
		<Point X = "318" Y = "142" T = "0" Pressure = "0" />
		<Point X = "319" Y = "142" T = "0" Pressure = "0" />
	</Stroke>
</Gesture>
