<?xml version="1.0" encoding="utf-8" standalone="yes"?>
<Gesture Name = "straight_line">
	<Stroke>
		<Point X = "143" Y = "136" T = "0" Pressure = "0" />
		<Point X = "146" Y = "134" T = "0" Pressure = "0" />
		<Point X = "149" Y = "134" T = "0" Pressure = "0" />
		<Point X = "153" Y = "133" T = "0" Pressure = "0" />
		<Point X = "160" Y = "133" T = "0" Pressure = "0" />
		<Point X = "171" Y = "133" T = "0" Pressure = "0" />
		<Point X = "184" Y = "133" T = "0" Pressure = "0" />
		<Point X = "197" Y = "133" T = "0" Pressure = "0" />
		<Point X = "210" Y = "133" T = "0" Pressure = "0" />
		<Point X = "224" Y = "130" T = "0" Pressure = "0" />
		<Point X = "236" Y = "130" T = "0" Pressure = "0" />
		<Point X = "250" Y = "130" T = "0" Pressure = "0" />
		<Point X = "261" Y = "132" T = "0" Pressure = "0" />
		<Point X = "269" Y = "132" T = "0" Pressure = "0" />
		<Point X = "272" Y = "132" T = "0" Pressure = "0" />
		<Point X = "273" Y = "132" T = "0" Pressure = "0" />
		<Point X = "274" Y = "132" T = "0" Pressure = "0" />
		<Point X = "275" Y = "132" T = "0" Pressure = "0" />
		<Point X = "276" Y = "132" T = "0" Pressure = "0" />
		<Point X = "277" Y = "132" T = "0" Pressure = "0" />
		<Point X = "278" Y = "131" T = "0" Pressure = "0" />
	</Stroke>
</Gesture>
