<?xml version="1.0" encoding="utf-8" standalone="yes"?>
<Gesture Name = "straight_line">
	<Stroke>
		<Point X = "128" Y = "192" T = "0" Pressure = "0" />
		<Point X = "129" Y = "192" T = "0" Pressure = "0" />
		<Point X = "130" Y = "192" T = "0" Pressure = "0" />
		<Point X = "131" Y = "192" T = "0" Pressure = "0" />
		<Point X = "133" Y = "192" T = "0" Pressure = "0" />
		<Point X = "135" Y = "192" T = "0" Pressure = "0" />
		<Point X = "136" Y = "192" T = "0" Pressure = "0" />
		<Point X = "137" Y = "191" T = "0" Pressure = "0" />
		<Point X = "141" Y = "191" T = "0" Pressure = "0" />
		<Point X = "144" Y = "189" T = "0" Pressure = "0" />
		<Point X = "146" Y = "189" T = "0" Pressure = "0" />
		<Point X = "150" Y = "187" T = "0" Pressure = "0" />
		<Point X = "155" Y = "186" T = "0" Pressure = "0" />
		<Point X = "160" Y = "184" T = "0" Pressure = "0" />
		<Point X = "164" Y = "184" T = "0" Pressure = "0" />
		<Point X = "171" Y = "183" T = "0" Pressure = "0" />
		<Point X = "180" Y = "183" T = "0" Pressure = "0" />
		<Point X = "194" Y = "183" T = "0" Pressure = "0" />
		<Point X = "209" Y = "183" T = "0" Pressure = "0" />
		<Point X = "227" Y = "183" T = "0" Pressure = "0" />
		<Point X = "242" Y = "183" T = "0" Pressure = "0" />
		<Point X = "254" Y = "183" T = "0" Pressure = "0" />
		<Point X = "264" Y = "183" T = "0" Pressure = "0" />
		<Point X = "267" Y = "183" T = "0" Pressure = "0" />
		<Point X = "270" Y = "182" T = "0" Pressure = "0" />
		<Point X = "272" Y = "180" T = "0" Pressure = "0" />
		<Point X = "274" Y = "179" T = "0" Pressure = "0" />
		<Point X = "277" Y = "178" T = "0" Pressure = "0" />
		<Point X = "280" Y = "178" T = "0" Pressure = "0" />
		<Point X = "285" Y = "178" T = "0" Pressure = "0" />
		<Point X = "291" Y = "178" T = "0" Pressure = "0" />
		<Point X = "295" Y = "178" T = "0" Pressure = "0" />
		<Point X = "299" Y = "178" T = "0" Pressure = "0" />
		<Point X = "301" Y = "178" T = "0" Pressure = "0" />
		<Point X = "303" Y = "178" T = "0" Pressure = "0" />
		<Point X = "306" Y = "178" T = "0" Pressure = "0" />
		<Point X = "309" Y = "178" T = "0" Pressure = "0" />
		<Point X = "311" Y = "179" T = "0" Pressure = "0" />
		<Point X = "315" Y = "180" T = "0" Pressure = "0" />
		<Point X = "318" Y = "180" T = "0" Pressure = "0" />
		<Point X = "319" Y = "180" T = "0" Pressure = "0" />
		<Point X = "321" Y = "180" T = "0" Pressure = "0" />
		<Point X = "322" Y = "180" T = "0" Pressure = "0" />
		<Point X = "323" Y = "180" T = "0" Pressure = "0" />
		<Point X = "324" Y = "180" T = "0" Pressure = "0" />
	</Stroke>
</Gesture>
