<?xml version="1.0" encoding="utf-8" standalone="yes"?>
<Gesture Name = "straight_line">
	<Stroke>
		<Point X = "105" Y = "89" T = "0" Pressure = "0" />
		<Point X = "108" Y = "89" T = "0" Pressure = "0" />
		<Point X = "111" Y = "89" T = "0" Pressure = "0" />
		<Point X = "114" Y = "88" T = "0" Pressure = "0" />
		<Point X = "120" Y = "85" T = "0" Pressure = "0" />
		<Point X = "123" Y = "85" T = "0" Pressure = "0" />
		<Point X = "126" Y = "85" T = "0" Pressure = "0" />
		<Point X = "132" Y = "83" T = "0" Pressure = "0" />
		<Point X = "143" Y = "80" T = "0" Pressure = "0" />
		<Point X = "154" Y = "79" T = "0" Pressure = "0" />
		<Point X = "166" Y = "79" T = "0" Pressure = "0" />
		<Point X = "183" Y = "79" T = "0" Pressure = "0" />
		<Point X = "195" Y = "79" T = "0" Pressure = "0" />
		<Point X = "205" Y = "79" T = "0" Pressure = "0" />
		<Point X = "211" Y = "79" T = "0" Pressure = "0" />
		<Point X = "217" Y = "79" T = "0" Pressure = "0" />
		<Point X = "220" Y = "79" T = "0" Pressure = "0" />
		<Point X = "224" Y = "79" T = "0" Pressure = "0" />
		<Point X = "227" Y = "79" T = "0" Pressure = "0" />
		<Point X = "231" Y = "79" T = "0" Pressure = "0" />
		<Point X = "235" Y = "79" T = "0" Pressure = "0" />
		<Point X = "239" Y = "79" T = "0" Pressure = "0" />
		<Point X = "242" Y = "79" T = "0" Pressure = "0" />
		<Point X = "247" Y = "80" T = "0" Pressure = "0" />
		<Point X = "252" Y = "81" T = "0" Pressure = "0" />
		<Point X = "256" Y = "82" T = "0" Pressure = "0" />
		<Point X = "262" Y = "85" T = "0" Pressure = "0" />
		<Point X = "267" Y = "86" T = "0" Pressure = "0" />
		<Point X = "271" Y = "87" T = "0" Pressure = "0" />
		<Point X = "275" Y = "87" T = "0" Pressure = "0" />
		<Point X = "280" Y = "87" T = "0" Pressure = "0" />
		<Point X = "283" Y = "87" T = "0" Pressure = "0" />
		<Point X = "284" Y = "87" T = "0" Pressure = "0" />
		<Point X = "286" Y = "87" T = "0" Pressure = "0" />
		<Point X = "288" Y = "87" T = "0" Pressure = "0" />
	</Stroke>
</Gesture>
