<?xml version="1.0" encoding="utf-8" standalone="yes"?>
<Gesture Name = "straight_line">
	<Stroke>
		<Point X = "47" Y = "128" T = "0" Pressure = "0" />
		<Point X = "48" Y = "130" T = "0" Pressure = "0" />
		<Point X = "50" Y = "131" T = "0" Pressure = "0" />
		<Point X = "51" Y = "131" T = "0" Pressure = "0" />
		<Point X = "54" Y = "132" T = "0" Pressure = "0" />
		<Point X = "58" Y = "134" T = "0" Pressure = "0" />
		<Point X = "64" Y = "134" T = "0" Pressure = "0" />
		<Point X = "72" Y = "136" T = "0" Pressure = "0" />
		<Point X = "81" Y = "137" T = "0" Pressure = "0" />
		<Point X = "89" Y = "139" T = "0" Pressure = "0" />
		<Point X = "99" Y = "139" T = "0" Pressure = "0" />
		<Point X = "108" Y = "139" T = "0" Pressure = "0" />
		<Point X = "118" Y = "139" T = "0" Pressure = "0" />
		<Point X = "126" Y = "139" T = "0" Pressure = "0" />
		<Point X = "131" Y = "139" T = "0" Pressure = "0" />
		<Point X = "137" Y = "139" T = "0" Pressure = "0" />
		<Point X = "144" Y = "138" T = "0" Pressure = "0" />
		<Point X = "151" Y = "138" T = "0" Pressure = "0" />
		<Point X = "162" Y = "138" T = "0" Pressure = "0" />
		<Point X = "174" Y = "138" T = "0" Pressure = "0" />
		<Point X = "189" Y = "138" T = "0" Pressure = "0" />
		<Point X = "206" Y = "138" T = "0" Pressure = "0" />
		<Point X = "225" Y = "138" T = "0" Pressure = "0" />
		<Point X = "240" Y = "138" T = "0" Pressure = "0" />
		<Point X = "255" Y = "138" T = "0" Pressure = "0" />
		<Point X = "267" Y = "138" T = "0" Pressure = "0" />
		<Point X = "277" Y = "138" T = "0" Pressure = "0" />
		<Point X = "281" Y = "138" T = "0" Pressure = "0" />
		<Point X = "282" Y = "138" T = "0" Pressure = "0" />
		<Point X = "284" Y = "138" T = "0" Pressure = "0" />
		<Point X = "286" Y = "136" T = "0" Pressure = "0" />
		<Point X = "288" Y = "135" T = "0" Pressure = "0" />
		<Point X = "289" Y = "135" T = "0" Pressure = "0" />
		<Point X = "292" Y = "134" T = "0" Pressure = "0" />
		<Point X = "296" Y = "133" T = "0" Pressure = "0" />
		<Point X = "301" Y = "132" T = "0" Pressure = "0" />
		<Point X = "305" Y = "131" T = "0" Pressure = "0" />
		<Point X = "306" Y = "130" T = "0" Pressure = "0" />
		<Point X = "309" Y = "130" T = "0" Pressure = "0" />
		<Point X = "312" Y = "129" T = "0" Pressure = "0" />
		<Point X = "315" Y = "128" T = "0" Pressure = "0" />
		<Point X = "319" Y = "128" T = "0" Pressure = "0" />
		<Point X = "326" Y = "128" T = "0" Pressure = "0" />
		<Point X = "336" Y = "128" T = "0" Pressure = "0" />
		<Point X = "348" Y = "128" T = "0" Pressure = "0" />
		<Point X = "362" Y = "128" T = "0" Pressure = "0" />
		<Point X = "374" Y = "129" T = "0" Pressure = "0" />
		<Point X = "381" Y = "130" T = "0" Pressure = "0" />
		<Point X = "382" Y = "130" T = "0" Pressure = "0" />
	</Stroke>
</Gesture>
