<?xml version="1.0" encoding="utf-8" standalone="yes"?>
<Gesture Name = "straight_line">
	<Stroke>
		<Point X = "112" Y = "118" T = "0" Pressure = "0" />
		<Point X = "117" Y = "118" T = "0" Pressure = "0" />
		<Point X = "124" Y = "118" T = "0" Pressure = "0" />
		<Point X = "130" Y = "118" T = "0" Pressure = "0" />
		<Point X = "141" Y = "119" T = "0" Pressure = "0" />
		<Point X = "152" Y = "120" T = "0" Pressure = "0" />
		<Point X = "164" Y = "122" T = "0" Pressure = "0" />
		<Point X = "178" Y = "122" T = "0" Pressure = "0" />
		<Point X = "191" Y = "122" T = "0" Pressure = "0" />
		<Point X = "202" Y = "122" T = "0" Pressure = "0" />
		<Point X = "212" Y = "122" T = "0" Pressure = "0" />
		<Point X = "218" Y = "122" T = "0" Pressure = "0" />
		<Point X = "225" Y = "122" T = "0" Pressure = "0" />
		<Point X = "230" Y = "122" T = "0" Pressure = "0" />
		<Point X = "237" Y = "122" T = "0" Pressure = "0" />
		<Point X = "248" Y = "122" T = "0" Pressure = "0" />
		<Point X = "260" Y = "122" T = "0" Pressure = "0" />
		<Point X = "271" Y = "122" T = "0" Pressure = "0" />
		<Point X = "280" Y = "123" T = "0" Pressure = "0" />
		<Point X = "289" Y = "124" T = "0" Pressure = "0" />
		<Point X = "291" Y = "124" T = "0" Pressure = "0" />
		<Point X = "292" Y = "125" T = "0" Pressure = "0" />
		<Point X = "293" Y = "125" T = "0" Pressure = "0" />
	</Stroke>
</Gesture>
