<?xml version="1.0" encoding="utf-8" standalone="yes"?>
<Gesture Name = "straight_line">
	<Stroke>
		<Point X = "123" Y = "201" T = "0" Pressure = "0" />
		<Point X = "124" Y = "201" T = "0" Pressure = "0" />
		<Point X = "127" Y = "200" T = "0" Pressure = "0" />
		<Point X = "132" Y = "199" T = "0" Pressure = "0" />
		<Point X = "137" Y = "198" T = "0" Pressure = "0" />
		<Point X = "148" Y = "195" T = "0" Pressure = "0" />
		<Point X = "162" Y = "192" T = "0" Pressure = "0" />
		<Point X = "181" Y = "191" T = "0" Pressure = "0" />
		<Point X = "203" Y = "191" T = "0" Pressure = "0" />
		<Point X = "223" Y = "191" T = "0" Pressure = "0" />
		<Point X = "236" Y = "191" T = "0" Pressure = "0" />
		<Point X = "246" Y = "191" T = "0" Pressure = "0" />
		<Point X = "257" Y = "189" T = "0" Pressure = "0" />
		<Point X = "263" Y = "188" T = "0" Pressure = "0" />
		<Point X = "271" Y = "186" T = "0" Pressure = "0" />
		<Point X = "275" Y = "184" T = "0" Pressure = "0" />
		<Point X = "280" Y = "183" T = "0" Pressure = "0" />
		<Point X = "285" Y = "182" T = "0" Pressure = "0" />
		<Point X = "290" Y = "181" T = "0" Pressure = "0" />
		<Point X = "294" Y = "180" T = "0" Pressure = "0" />
		<Point X = "295" Y = "179" T = "0" Pressure = "0" />
		<Point X = "297" Y = "179" T = "0" Pressure = "0" />
		<Point X = "298" Y = "178" T = "0" Pressure = "0" />
	</Stroke>
</Gesture>
