<?xml version="1.0" encoding="utf-8" standalone="yes"?>
<Gesture Name = "straight_line">
	<Stroke>
		<Point X = "72" Y = "238" T = "0" Pressure = "0" />
		<Point X = "75" Y = "238" T = "0" Pressure = "0" />
		<Point X = "77" Y = "238" T = "0" Pressure = "0" />
		<Point X = "79" Y = "238" T = "0" Pressure = "0" />
		<Point X = "84" Y = "237" T = "0" Pressure = "0" />
		<Point X = "86" Y = "236" T = "0" Pressure = "0" />
		<Point X = "90" Y = "236" T = "0" Pressure = "0" />
		<Point X = "96" Y = "233" T = "0" Pressure = "0" />
		<Point X = "103" Y = "233" T = "0" Pressure = "0" />
		<Point X = "114" Y = "233" T = "0" Pressure = "0" />
		<Point X = "129" Y = "233" T = "0" Pressure = "0" />
		<Point X = "149" Y = "233" T = "0" Pressure = "0" />
		<Point X = "175" Y = "233" T = "0" Pressure = "0" />
		<Point X = "202" Y = "233" T = "0" Pressure = "0" />
		<Point X = "236" Y = "233" T = "0" Pressure = "0" />
		<Point X = "267" Y = "233" T = "0" Pressure = "0" />
		<Point X = "301" Y = "235" T = "0" Pressure = "0" />
		<Point X = "327" Y = "237" T = "0" Pressure = "0" />
		<Point X = "349" Y = "245" T = "0" Pressure = "0" />
		<Point X = "382" Y = "251" T = "0" Pressure = "0" />
		<Point X = "410" Y = "258" T = "0" Pressure = "0" />
		<Point X = "434" Y = "264" T = "0" Pressure = "0" />
		<Point X = "455" Y = "265" T = "0" Pressure = "0" />
		<Point X = "466" Y = "267" T = "0" Pressure = "0" />
		<Point X = "473" Y = "268" T = "0" Pressure = "0" />
		<Point X = "475" Y = "268" T = "0" Pressure = "0" />
		<Point X = "476" Y = "268" T = "0" Pressure = "0" />
		<Point X = "477" Y = "267" T = "0" Pressure = "0" />
	</Stroke>
</Gesture>
