<?xml version="1.0" encoding="utf-8" standalone="yes"?>
<Gesture Name = "straight_line">
	<Stroke>
		<Point X = "120" Y = "178" T = "0" Pressure = "0" />
		<Point X = "124" Y = "176" T = "0" Pressure = "0" />
		<Point X = "125" Y = "176" T = "0" Pressure = "0" />
		<Point X = "127" Y = "176" T = "0" Pressure = "0" />
		<Point X = "130" Y = "176" T = "0" Pressure = "0" />
		<Point X = "134" Y = "176" T = "0" Pressure = "0" />
		<Point X = "138" Y = "175" T = "0" Pressure = "0" />
		<Point X = "145" Y = "174" T = "0" Pressure = "0" />
		<Point X = "153" Y = "174" T = "0" Pressure = "0" />
		<Point X = "163" Y = "170" T = "0" Pressure = "0" />
		<Point X = "175" Y = "170" T = "0" Pressure = "0" />
		<Point X = "190" Y = "170" T = "0" Pressure = "0" />
		<Point X = "209" Y = "170" T = "0" Pressure = "0" />
		<Point X = "226" Y = "170" T = "0" Pressure = "0" />
		<Point X = "245" Y = "170" T = "0" Pressure = "0" />
		<Point X = "259" Y = "170" T = "0" Pressure = "0" />
		<Point X = "269" Y = "170" T = "0" Pressure = "0" />
		<Point X = "275" Y = "170" T = "0" Pressure = "0" />
		<Point X = "277" Y = "170" T = "0" Pressure = "0" />
		<Point X = "277" Y = "169" T = "0" Pressure = "0" />
	</Stroke>
</Gesture>
