<?xml version="1.0" encoding="utf-8" standalone="yes"?>
<Gesture Name = "straight_line">
	<Stroke>
		<Point X = "65" Y = "255" T = "0" Pressure = "0" />
		<Point X = "67" Y = "255" T = "0" Pressure = "0" />
		<Point X = "69" Y = "254" T = "0" Pressure = "0" />
		<Point X = "70" Y = "254" T = "0" Pressure = "0" />
		<Point X = "71" Y = "253" T = "0" Pressure = "0" />
		<Point X = "73" Y = "253" T = "0" Pressure = "0" />
		<Point X = "77" Y = "253" T = "0" Pressure = "0" />
		<Point X = "83" Y = "253" T = "0" Pressure = "0" />
		<Point X = "87" Y = "253" T = "0" Pressure = "0" />
		<Point X = "95" Y = "253" T = "0" Pressure = "0" />
		<Point X = "103" Y = "253" T = "0" Pressure = "0" />
		<Point X = "113" Y = "253" T = "0" Pressure = "0" />
		<Point X = "126" Y = "256" T = "0" Pressure = "0" />
		<Point X = "139" Y = "256" T = "0" Pressure = "0" />
		<Point X = "151" Y = "257" T = "0" Pressure = "0" />
		<Point X = "160" Y = "258" T = "0" Pressure = "0" />
		<Point X = "171" Y = "258" T = "0" Pressure = "0" />
		<Point X = "182" Y = "258" T = "0" Pressure = "0" />
		<Point X = "192" Y = "258" T = "0" Pressure = "0" />
		<Point X = "206" Y = "258" T = "0" Pressure = "0" />
		<Point X = "214" Y = "258" T = "0" Pressure = "0" />
		<Point X = "218" Y = "258" T = "0" Pressure = "0" />
		<Point X = "221" Y = "258" T = "0" Pressure = "0" />
		<Point X = "224" Y = "258" T = "0" Pressure = "0" />
		<Point X = "225" Y = "258" T = "0" Pressure = "0" />
		<Point X = "227" Y = "258" T = "0" Pressure = "0" />
		<Point X = "229" Y = "260" T = "0" Pressure = "0" />
	</Stroke>
</Gesture>
