<?xml version="1.0" encoding="utf-8" standalone="yes"?>
<Gesture Name = "straight_line">
	<Stroke>
		<Point X = "126" Y = "81" T = "0" Pressure = "0" />
		<Point X = "128" Y = "80" T = "0" Pressure = "0" />
		<Point X = "131" Y = "80" T = "0" Pressure = "0" />
		<Point X = "135" Y = "79" T = "0" Pressure = "0" />
		<Point X = "137" Y = "78" T = "0" Pressure = "0" />
		<Point X = "143" Y = "77" T = "0" Pressure = "0" />
		<Point X = "152" Y = "77" T = "0" Pressure = "0" />
		<Point X = "166" Y = "77" T = "0" Pressure = "0" />
		<Point X = "179" Y = "77" T = "0" Pressure = "0" />
		<Point X = "192" Y = "77" T = "0" Pressure = "0" />
		<Point X = "202" Y = "77" T = "0" Pressure = "0" />
		<Point X = "209" Y = "77" T = "0" Pressure = "0" />
		<Point X = "216" Y = "77" T = "0" Pressure = "0" />
		<Point X = "222" Y = "77" T = "0" Pressure = "0" />
		<Point X = "226" Y = "77" T = "0" Pressure = "0" />
		<Point X = "232" Y = "77" T = "0" Pressure = "0" />
		<Point X = "238" Y = "78" T = "0" Pressure = "0" />
		<Point X = "242" Y = "78" T = "0" Pressure = "0" />
		<Point X = "246" Y = "78" T = "0" Pressure = "0" />
		<Point X = "249" Y = "78" T = "0" Pressure = "0" />
		<Point X = "253" Y = "78" T = "0" Pressure = "0" />
		<Point X = "255" Y = "78" T = "0" Pressure = "0" />
		<Point X = "257" Y = "78" T = "0" Pressure = "0" />
		<Point X = "258" Y = "78" T = "0" Pressure = "0" />
		<Point X = "259" Y = "78" T = "0" Pressure = "0" />
		<Point X = "260" Y = "78" T = "0" Pressure = "0" />
		<Point X = "261" Y = "77" T = "0" Pressure = "0" />
		<Point X = "262" Y = "77" T = "0" Pressure = "0" />
		<Point X = "263" Y = "76" T = "0" Pressure = "0" />
	</Stroke>
</Gesture>
