<?xml version="1.0" encoding="utf-8" standalone="yes"?>
<Gesture Name = "straight_line">
	<Stroke>
		<Point X = "96" Y = "169" T = "0" Pressure = "0" />
		<Point X = "99" Y = "168" T = "0" Pressure = "0" />
		<Point X = "101" Y = "168" T = "0" Pressure = "0" />
		<Point X = "103" Y = "168" T = "0" Pressure = "0" />
		<Point X = "107" Y = "168" T = "0" Pressure = "0" />
		<Point X = "113" Y = "168" T = "0" Pressure = "0" />
		<Point X = "121" Y = "168" T = "0" Pressure = "0" />
		<Point X = "129" Y = "168" T = "0" Pressure = "0" />
		<Point X = "136" Y = "168" T = "0" Pressure = "0" />
		<Point X = "143" Y = "168" T = "0" Pressure = "0" />
		<Point X = "150" Y = "168" T = "0" Pressure = "0" />
		<Point X = "161" Y = "169" T = "0" Pressure = "0" />
		<Point X = "170" Y = "170" T = "0" Pressure = "0" />
		<Point X = "183" Y = "171" T = "0" Pressure = "0" />
		<Point X = "194" Y = "172" T = "0" Pressure = "0" />
		<Point X = "202" Y = "174" T = "0" Pressure = "0" />
		<Point X = "211" Y = "175" T = "0" Pressure = "0" />
		<Point X = "216" Y = "175" T = "0" Pressure = "0" />
		<Point X = "224" Y = "175" T = "0" Pressure = "0" />
		<Point X = "230" Y = "175" T = "0" Pressure = "0" />
		<Point X = "234" Y = "175" T = "0" Pressure = "0" />
		<Point X = "240" Y = "175" T = "0" Pressure = "0" />
		<Point X = "248" Y = "175" T = "0" Pressure = "0" />
		<Point X = "258" Y = "174" T = "0" Pressure = "0" />
		<Point X = "269" Y = "174" T = "0" Pressure = "0" />
		<Point X = "276" Y = "173" T = "0" Pressure = "0" />
		<Point X = "285" Y = "173" T = "0" Pressure = "0" />
		<Point X = "293" Y = "173" T = "0" Pressure = "0" />
		<Point X = "299" Y = "173" T = "0" Pressure = "0" />
		<Point X = "302" Y = "173" T = "0" Pressure = "0" />
		<Point X = "303" Y = "173" T = "0" Pressure = "0" />
		<Point X = "304" Y = "173" T = "0" Pressure = "0" />
		<Point X = "305" Y = "173" T = "0" Pressure = "0" />
		<Point X = "306" Y = "173" T = "0" Pressure = "0" />
		<Point X = "307" Y = "173" T = "0" Pressure = "0" />
		<Point X = "308" Y = "173" T = "0" Pressure = "0" />
	</Stroke>
</Gesture>
