<?xml version="1.0" encoding="utf-8" standalone="yes"?>
<Gesture Name = "straight_line">
	<Stroke>
		<Point X = "61" Y = "164" T = "0" Pressure = "0" />
		<Point X = "63" Y = "163" T = "0" Pressure = "0" />
		<Point X = "65" Y = "162" T = "0" Pressure = "0" />
		<Point X = "68" Y = "162" T = "0" Pressure = "0" />
		<Point X = "70" Y = "162" T = "0" Pressure = "0" />
		<Point X = "73" Y = "160" T = "0" Pressure = "0" />
		<Point X = "75" Y = "160" T = "0" Pressure = "0" />
		<Point X = "78" Y = "158" T = "0" Pressure = "0" />
		<Point X = "82" Y = "158" T = "0" Pressure = "0" />
		<Point X = "89" Y = "158" T = "0" Pressure = "0" />
		<Point X = "95" Y = "158" T = "0" Pressure = "0" />
		<Point X = "100" Y = "158" T = "0" Pressure = "0" />
		<Point X = "104" Y = "158" T = "0" Pressure = "0" />
		<Point X = "109" Y = "158" T = "0" Pressure = "0" />
		<Point X = "112" Y = "158" T = "0" Pressure = "0" />
		<Point X = "116" Y = "158" T = "0" Pressure = "0" />
		<Point X = "121" Y = "158" T = "0" Pressure = "0" />
		<Point X = "131" Y = "158" T = "0" Pressure = "0" />
		<Point X = "142" Y = "158" T = "0" Pressure = "0" />
		<Point X = "154" Y = "160" T = "0" Pressure = "0" />
		<Point X = "171" Y = "160" T = "0" Pressure = "0" />
		<Point X = "188" Y = "160" T = "0" Pressure = "0" />
		<Point X = "200" Y = "160" T = "0" Pressure = "0" />
		<Point X = "209" Y = "160" T = "0" Pressure = "0" />
		<Point X = "214" Y = "160" T = "0" Pressure = "0" />
		<Point X = "216" Y = "160" T = "0" Pressure = "0" />
		<Point X = "219" Y = "159" T = "0" Pressure = "0" />
		<Point X = "222" Y = "158" T = "0" Pressure = "0" />
		<Point X = "228" Y = "155" T = "0" Pressure = "0" />
		<Point X = "231" Y = "154" T = "0" Pressure = "0" />
		<Point X = "235" Y = "154" T = "0" Pressure = "0" />
		<Point X = "239" Y = "154" T = "0" Pressure = "0" />
		<Point X = "244" Y = "154" T = "0" Pressure = "0" />
		<Point X = "250" Y = "154" T = "0" Pressure = "0" />
		<Point X = "258" Y = "154" T = "0" Pressure = "0" />
		<Point X = "265" Y = "154" T = "0" Pressure = "0" />
		<Point X = "270" Y = "154" T = "0" Pressure = "0" />
		<Point X = "275" Y = "154" T = "0" Pressure = "0" />
		<Point X = "277" Y = "154" T = "0" Pressure = "0" />
		<Point X = "278" Y = "154" T = "0" Pressure = "0" />
		<Point X = "282" Y = "154" T = "0" Pressure = "0" />
		<Point X = "288" Y = "154" T = "0" Pressure = "0" />
		<Point X = "294" Y = "155" T = "0" Pressure = "0" />
		<Point X = "300" Y = "156" T = "0" Pressure = "0" />
		<Point X = "304" Y = "156" T = "0" Pressure = "0" />
		<Point X = "308" Y = "156" T = "0" Pressure = "0" />
		<Point X = "311" Y = "156" T = "0" Pressure = "0" />
		<Point X = "312" Y = "156" T = "0" Pressure = "0" />
		<Point X = "313" Y = "156" T = "0" Pressure = "0" />
		<Point X = "314" Y = "156" T = "0" Pressure = "0" />
		<Point X = "315" Y = "156" T = "0" Pressure = "0" />
		<Point X = "316" Y = "156" T = "0" Pressure = "0" />
		<Point X = "317" Y = "156" T = "0" Pressure = "0" />
		<Point X = "317" Y = "157" T = "0" Pressure = "0" />
		<Point X = "318" Y = "157" T = "0" Pressure = "0" />
		<Point X = "319" Y = "157" T = "0" Pressure = "0" />
	</Stroke>
</Gesture>
