<?xml version="1.0" encoding="utf-8" standalone="yes"?>
<Gesture Name = "straight_line">
	<Stroke>
		<Point X = "33" Y = "305" T = "0" Pressure = "0" />
		<Point X = "34" Y = "304" T = "0" Pressure = "0" />
		<Point X = "35" Y = "304" T = "0" Pressure = "0" />
		<Point X = "36" Y = "304" T = "0" Pressure = "0" />
		<Point X = "39" Y = "304" T = "0" Pressure = "0" />
		<Point X = "44" Y = "304" T = "0" Pressure = "0" />
		<Point X = "48" Y = "304" T = "0" Pressure = "0" />
		<Point X = "54" Y = "304" T = "0" Pressure = "0" />
		<Point X = "60" Y = "304" T = "0" Pressure = "0" />
		<Point X = "68" Y = "304" T = "0" Pressure = "0" />
		<Point X = "72" Y = "305" T = "0" Pressure = "0" />
		<Point X = "78" Y = "306" T = "0" Pressure = "0" />
		<Point X = "84" Y = "309" T = "0" Pressure = "0" />
		<Point X = "91" Y = "309" T = "0" Pressure = "0" />
		<Point X = "98" Y = "309" T = "0" Pressure = "0" />
		<Point X = "103" Y = "310" T = "0" Pressure = "0" />
		<Point X = "109" Y = "310" T = "0" Pressure = "0" />
		<Point X = "116" Y = "310" T = "0" Pressure = "0" />
		<Point X = "121" Y = "310" T = "0" Pressure = "0" />
		<Point X = "127" Y = "310" T = "0" Pressure = "0" />
		<Point X = "130" Y = "310" T = "0" Pressure = "0" />
		<Point X = "136" Y = "309" T = "0" Pressure = "0" />
		<Point X = "137" Y = "309" T = "0" Pressure = "0" />
		<Point X = "138" Y = "308" T = "0" Pressure = "0" />
		<Point X = "141" Y = "307" T = "0" Pressure = "0" />
		<Point X = "143" Y = "307" T = "0" Pressure = "0" />
		<Point X = "145" Y = "306" T = "0" Pressure = "0" />
		<Point X = "150" Y = "305" T = "0" Pressure = "0" />
		<Point X = "155" Y = "305" T = "0" Pressure = "0" />
		<Point X = "160" Y = "305" T = "0" Pressure = "0" />
		<Point X = "170" Y = "305" T = "0" Pressure = "0" />
		<Point X = "178" Y = "305" T = "0" Pressure = "0" />
		<Point X = "185" Y = "305" T = "0" Pressure = "0" />
		<Point X = "193" Y = "306" T = "0" Pressure = "0" />
		<Point X = "200" Y = "306" T = "0" Pressure = "0" />
		<Point X = "206" Y = "307" T = "0" Pressure = "0" />
		<Point X = "213" Y = "309" T = "0" Pressure = "0" />
		<Point X = "215" Y = "309" T = "0" Pressure = "0" />
		<Point X = "218" Y = "309" T = "0" Pressure = "0" />
		<Point X = "223" Y = "309" T = "0" Pressure = "0" />
		<Point X = "226" Y = "308" T = "0" Pressure = "0" />
		<Point X = "232" Y = "304" T = "0" Pressure = "0" />
		<Point X = "237" Y = "302" T = "0" Pressure = "0" />
		<Point X = "243" Y = "299" T = "0" Pressure = "0" />
		<Point X = "247" Y = "297" T = "0" Pressure = "0" />
		<Point X = "252" Y = "296" T = "0" Pressure = "0" />
		<Point X = "255" Y = "295" T = "0" Pressure = "0" />
		<Point X = "259" Y = "294" T = "0" Pressure = "0" />
		<Point X = "262" Y = "294" T = "0" Pressure = "0" />
		<Point X = "263" Y = "293" T = "0" Pressure = "0" />
		<Point X = "264" Y = "293" T = "0" Pressure = "0" />
		<Point X = "265" Y = "293" T = "0" Pressure = "0" />
		<Point X = "267" Y = "293" T = "0" Pressure = "0" />
		<Point X = "269" Y = "293" T = "0" Pressure = "0" />
		<Point X = "275" Y = "293" T = "0" Pressure = "0" />
		<Point X = "283" Y = "295" T = "0" Pressure = "0" />
		<Point X = "295" Y = "296" T = "0" Pressure = "0" />
		<Point X = "306" Y = "297" T = "0" Pressure = "0" />
		<Point X = "316" Y = "298" T = "0" Pressure = "0" />
		<Point X = "322" Y = "298" T = "0" Pressure = "0" />
		<Point X = "325" Y = "298" T = "0" Pressure = "0" />
		<Point X = "326" Y = "298" T = "0" Pressure = "0" />
		<Point X = "328" Y = "298" T = "0" Pressure = "0" />
		<Point X = "329" Y = "298" T = "0" Pressure = "0" />
		<Point X = "331" Y = "297" T = "0" Pressure = "0" />
		<Point X = "333" Y = "297" T = "0" Pressure = "0" />
		<Point X = "336" Y = "297" T = "0" Pressure = "0" />
		<Point X = "339" Y = "297" T = "0" Pressure = "0" />
		<Point X = "340" Y = "297" T = "0" Pressure = "0" />
		<Point X = "342" Y = "297" T = "0" Pressure = "0" />
		<Point X = "343" Y = "297" T = "0" Pressure = "0" />
		<Point X = "345" Y = "297" T = "0" Pressure = "0" />
		<Point X = "348" Y = "297" T = "0" Pressure = "0" />
		<Point X = "349" Y = "298" T = "0" Pressure = "0" />
		<Point X = "352" Y = "298" T = "0" Pressure = "0" />
		<Point X = "353" Y = "298" T = "0" Pressure = "0" />
		<Point X = "355" Y = "298" T = "0" Pressure = "0" />
		<Point X = "356" Y = "298" T = "0" Pressure = "0" />
		<Point X = "358" Y = "298" T = "0" Pressure = "0" />
	</Stroke>
</Gesture>
