<?xml version="1.0" encoding="utf-8" standalone="yes"?>
<Gesture Name = "straight_line">
	<Stroke>
		<Point X = "79" Y = "163" T = "0" Pressure = "0" />
		<Point X = "80" Y = "163" T = "0" Pressure = "0" />
		<Point X = "83" Y = "163" T = "0" Pressure = "0" />
		<Point X = "84" Y = "163" T = "0" Pressure = "0" />
		<Point X = "86" Y = "163" T = "0" Pressure = "0" />
		<Point X = "90" Y = "163" T = "0" Pressure = "0" />
		<Point X = "95" Y = "164" T = "0" Pressure = "0" />
		<Point X = "99" Y = "164" T = "0" Pressure = "0" />
		<Point X = "105" Y = "165" T = "0" Pressure = "0" />
		<Point X = "110" Y = "165" T = "0" Pressure = "0" />
		<Point X = "119" Y = "165" T = "0" Pressure = "0" />
		<Point X = "130" Y = "165" T = "0" Pressure = "0" />
		<Point X = "140" Y = "165" T = "0" Pressure = "0" />
		<Point X = "153" Y = "166" T = "0" Pressure = "0" />
		<Point X = "165" Y = "166" T = "0" Pressure = "0" />
		<Point X = "176" Y = "166" T = "0" Pressure = "0" />
		<Point X = "185" Y = "166" T = "0" Pressure = "0" />
		<Point X = "195" Y = "166" T = "0" Pressure = "0" />
		<Point X = "202" Y = "166" T = "0" Pressure = "0" />
		<Point X = "210" Y = "166" T = "0" Pressure = "0" />
		<Point X = "217" Y = "166" T = "0" Pressure = "0" />
		<Point X = "221" Y = "166" T = "0" Pressure = "0" />
		<Point X = "225" Y = "166" T = "0" Pressure = "0" />
		<Point X = "228" Y = "166" T = "0" Pressure = "0" />
		<Point X = "232" Y = "166" T = "0" Pressure = "0" />
		<Point X = "236" Y = "166" T = "0" Pressure = "0" />
		<Point X = "238" Y = "166" T = "0" Pressure = "0" />
		<Point X = "241" Y = "166" T = "0" Pressure = "0" />
		<Point X = "245" Y = "165" T = "0" Pressure = "0" />
		<Point X = "248" Y = "165" T = "0" Pressure = "0" />
		<Point X = "250" Y = "164" T = "0" Pressure = "0" />
		<Point X = "252" Y = "163" T = "0" Pressure = "0" />
		<Point X = "253" Y = "163" T = "0" Pressure = "0" />
		<Point X = "255" Y = "163" T = "0" Pressure = "0" />
		<Point X = "256" Y = "163" T = "0" Pressure = "0" />
		<Point X = "258" Y = "163" T = "0" Pressure = "0" />
		<Point X = "261" Y = "163" T = "0" Pressure = "0" />
		<Point X = "263" Y = "163" T = "0" Pressure = "0" />
		<Point X = "266" Y = "163" T = "0" Pressure = "0" />
		<Point X = "269" Y = "163" T = "0" Pressure = "0" />
		<Point X = "271" Y = "163" T = "0" Pressure = "0" />
		<Point X = "275" Y = "163" T = "0" Pressure = "0" />
		<Point X = "282" Y = "163" T = "0" Pressure = "0" />
		<Point X = "287" Y = "163" T = "0" Pressure = "0" />
		<Point X = "294" Y = "163" T = "0" Pressure = "0" />
		<Point X = "301" Y = "163" T = "0" Pressure = "0" />
		<Point X = "305" Y = "163" T = "0" Pressure = "0" />
		<Point X = "308" Y = "163" T = "0" Pressure = "0" />
		<Point X = "310" Y = "163" T = "0" Pressure = "0" />
		<Point X = "311" Y = "163" T = "0" Pressure = "0" />
		<Point X = "312" Y = "163" T = "0" Pressure = "0" />
		<Point X = "313" Y = "163" T = "0" Pressure = "0" />
		<Point X = "314" Y = "163" T = "0" Pressure = "0" />
		<Point X = "315" Y = "163" T = "0" Pressure = "0" />
		<Point X = "316" Y = "163" T = "0" Pressure = "0" />
		<Point X = "317" Y = "163" T = "0" Pressure = "0" />
		<Point X = "320" Y = "163" T = "0" Pressure = "0" />
		<Point X = "324" Y = "163" T = "0" Pressure = "0" />
		<Point X = "328" Y = "163" T = "0" Pressure = "0" />
		<Point X = "331" Y = "163" T = "0" Pressure = "0" />
		<Point X = "335" Y = "163" T = "0" Pressure = "0" />
		<Point X = "336" Y = "163" T = "0" Pressure = "0" />
	</Stroke>
</Gesture>
