<?xml version="1.0" encoding="utf-8" standalone="yes"?>
<Gesture Name = "straight_line">
	<Stroke>
		<Point X = "109" Y = "64" T = "0" Pressure = "0" />
		<Point X = "110" Y = "64" T = "0" Pressure = "0" />
		<Point X = "112" Y = "64" T = "0" Pressure = "0" />
		<Point X = "115" Y = "64" T = "0" Pressure = "0" />
		<Point X = "119" Y = "64" T = "0" Pressure = "0" />
		<Point X = "127" Y = "64" T = "0" Pressure = "0" />
		<Point X = "134" Y = "64" T = "0" Pressure = "0" />
		<Point X = "145" Y = "65" T = "0" Pressure = "0" />
		<Point X = "159" Y = "70" T = "0" Pressure = "0" />
		<Point X = "172" Y = "73" T = "0" Pressure = "0" />
		<Point X = "184" Y = "75" T = "0" Pressure = "0" />
		<Point X = "196" Y = "79" T = "0" Pressure = "0" />
		<Point X = "207" Y = "80" T = "0" Pressure = "0" />
		<Point X = "218" Y = "81" T = "0" Pressure = "0" />
		<Point X = "227" Y = "83" T = "0" Pressure = "0" />
		<Point X = "235" Y = "83" T = "0" Pressure = "0" />
		<Point X = "242" Y = "83" T = "0" Pressure = "0" />
		<Point X = "248" Y = "83" T = "0" Pressure = "0" />
		<Point X = "252" Y = "83" T = "0" Pressure = "0" />
		<Point X = "256" Y = "83" T = "0" Pressure = "0" />
		<Point X = "257" Y = "83" T = "0" Pressure = "0" />
		<Point X = "259" Y = "83" T = "0" Pressure = "0" />
		<Point X = "260" Y = "83" T = "0" Pressure = "0" />
		<Point X = "261" Y = "83" T = "0" Pressure = "0" />
		<Point X = "262" Y = "83" T = "0" Pressure = "0" />
	</Stroke>
</Gesture>
