<?xml version="1.0" encoding="utf-8" standalone="yes"?>
<Gesture Name = "straight_line">
	<Stroke>
		<Point X = "302" Y = "41" T = "0" Pressure = "0" />
		<Point X = "304" Y = "41" T = "0" Pressure = "0" />
		<Point X = "306" Y = "41" T = "0" Pressure = "0" />
		<Point X = "309" Y = "41" T = "0" Pressure = "0" />
		<Point X = "312" Y = "41" T = "0" Pressure = "0" />
		<Point X = "316" Y = "41" T = "0" Pressure = "0" />
		<Point X = "320" Y = "41" T = "0" Pressure = "0" />
		<Point X = "324" Y = "41" T = "0" Pressure = "0" />
		<Point X = "329" Y = "41" T = "0" Pressure = "0" />
		<Point X = "334" Y = "41" T = "0" Pressure = "0" />
		<Point X = "342" Y = "41" T = "0" Pressure = "0" />
		<Point X = "351" Y = "41" T = "0" Pressure = "0" />
		<Point X = "359" Y = "41" T = "0" Pressure = "0" />
		<Point X = "363" Y = "41" T = "0" Pressure = "0" />
		<Point X = "366" Y = "41" T = "0" Pressure = "0" />
		<Point X = "367" Y = "41" T = "0" Pressure = "0" />
		<Point X = "368" Y = "43" T = "0" Pressure = "0" />
	</Stroke>
</Gesture>
