<?xml version="1.0" encoding="utf-8" standalone="yes"?>
<Gesture Name = "straight_line">
	<Stroke>
		<Point X = "128" Y = "93" T = "0" Pressure = "0" />
		<Point X = "131" Y = "93" T = "0" Pressure = "0" />
		<Point X = "134" Y = "93" T = "0" Pressure = "0" />
		<Point X = "137" Y = "93" T = "0" Pressure = "0" />
		<Point X = "142" Y = "93" T = "0" Pressure = "0" />
		<Point X = "147" Y = "93" T = "0" Pressure = "0" />
		<Point X = "152" Y = "93" T = "0" Pressure = "0" />
		<Point X = "159" Y = "93" T = "0" Pressure = "0" />
		<Point X = "169" Y = "93" T = "0" Pressure = "0" />
		<Point X = "182" Y = "93" T = "0" Pressure = "0" />
		<Point X = "197" Y = "93" T = "0" Pressure = "0" />
		<Point X = "216" Y = "93" T = "0" Pressure = "0" />
		<Point X = "231" Y = "93" T = "0" Pressure = "0" />
		<Point X = "244" Y = "93" T = "0" Pressure = "0" />
		<Point X = "261" Y = "93" T = "0" Pressure = "0" />
		<Point X = "278" Y = "93" T = "0" Pressure = "0" />
		<Point X = "291" Y = "93" T = "0" Pressure = "0" />
		<Point X = "306" Y = "93" T = "0" Pressure = "0" />
		<Point X = "318" Y = "93" T = "0" Pressure = "0" />
		<Point X = "324" Y = "93" T = "0" Pressure = "0" />
		<Point X = "328" Y = "93" T = "0" Pressure = "0" />
		<Point X = "330" Y = "93" T = "0" Pressure = "0" />
		<Point X = "333" Y = "93" T = "0" Pressure = "0" />
		<Point X = "335" Y = "93" T = "0" Pressure = "0" />
		<Point X = "338" Y = "93" T = "0" Pressure = "0" />
		<Point X = "340" Y = "93" T = "0" Pressure = "0" />
		<Point X = "341" Y = "93" T = "0" Pressure = "0" />
		<Point X = "344" Y = "93" T = "0" Pressure = "0" />
	</Stroke>
</Gesture>
