<?xml version="1.0" encoding="utf-8" standalone="yes"?>
<Gesture Name = "straight_line">
	<Stroke>
		<Point X = "108" Y = "272" T = "0" Pressure = "0" />
		<Point X = "111" Y = "272" T = "0" Pressure = "0" />
		<Point X = "116" Y = "272" T = "0" Pressure = "0" />
		<Point X = "120" Y = "272" T = "0" Pressure = "0" />
		<Point X = "124" Y = "272" T = "0" Pressure = "0" />
		<Point X = "128" Y = "272" T = "0" Pressure = "0" />
		<Point X = "133" Y = "272" T = "0" Pressure = "0" />
		<Point X = "138" Y = "272" T = "0" Pressure = "0" />
		<Point X = "146" Y = "272" T = "0" Pressure = "0" />
		<Point X = "152" Y = "272" T = "0" Pressure = "0" />
		<Point X = "160" Y = "272" T = "0" Pressure = "0" />
		<Point X = "168" Y = "272" T = "0" Pressure = "0" />
		<Point X = "179" Y = "272" T = "0" Pressure = "0" />
		<Point X = "190" Y = "272" T = "0" Pressure = "0" />
		<Point X = "201" Y = "272" T = "0" Pressure = "0" />
		<Point X = "209" Y = "272" T = "0" Pressure = "0" />
		<Point X = "219" Y = "272" T = "0" Pressure = "0" />
		<Point X = "230" Y = "272" T = "0" Pressure = "0" />
		<Point X = "238" Y = "271" T = "0" Pressure = "0" />
		<Point X = "247" Y = "269" T = "0" Pressure = "0" />
		<Point X = "250" Y = "267" T = "0" Pressure = "0" />
		<Point X = "251" Y = "266" T = "0" Pressure = "0" />
		<Point X = "252" Y = "266" T = "0" Pressure = "0" />
		<Point X = "253" Y = "266" T = "0" Pressure = "0" />
		<Point X = "254" Y = "266" T = "0" Pressure = "0" />
		<Point X = "255" Y = "266" T = "0" Pressure = "0" />
		<Point X = "257" Y = "266" T = "0" Pressure = "0" />
		<Point X = "262" Y = "266" T = "0" Pressure = "0" />
		<Point X = "272" Y = "266" T = "0" Pressure = "0" />
		<Point X = "287" Y = "266" T = "0" Pressure = "0" />
		<Point X = "307" Y = "266" T = "0" Pressure = "0" />
		<Point X = "327" Y = "266" T = "0" Pressure = "0" />
		<Point X = "339" Y = "266" T = "0" Pressure = "0" />
		<Point X = "350" Y = "266" T = "0" Pressure = "0" />
		<Point X = "357" Y = "266" T = "0" Pressure = "0" />
		<Point X = "359" Y = "266" T = "0" Pressure = "0" />
		<Point X = "361" Y = "264" T = "0" Pressure = "0" />
		<Point X = "363" Y = "264" T = "0" Pressure = "0" />
		<Point X = "364" Y = "264" T = "0" Pressure = "0" />
		<Point X = "365" Y = "265" T = "0" Pressure = "0" />
	</Stroke>
</Gesture>
