<?xml version="1.0" encoding="utf-8" standalone="yes"?>
<Gesture Name = "straight_line">
	<Stroke>
		<Point X = "66" Y = "173" T = "0" Pressure = "0" />
		<Point X = "67" Y = "173" T = "0" Pressure = "0" />
		<Point X = "69" Y = "173" T = "0" Pressure = "0" />
		<Point X = "71" Y = "173" T = "0" Pressure = "0" />
		<Point X = "75" Y = "173" T = "0" Pressure = "0" />
		<Point X = "79" Y = "173" T = "0" Pressure = "0" />
		<Point X = "84" Y = "172" T = "0" Pressure = "0" />
		<Point X = "90" Y = "172" T = "0" Pressure = "0" />
		<Point X = "100" Y = "168" T = "0" Pressure = "0" />
		<Point X = "110" Y = "166" T = "0" Pressure = "0" />
		<Point X = "121" Y = "162" T = "0" Pressure = "0" />
		<Point X = "133" Y = "159" T = "0" Pressure = "0" />
		<Point X = "146" Y = "156" T = "0" Pressure = "0" />
		<Point X = "158" Y = "151" T = "0" Pressure = "0" />
		<Point X = "173" Y = "150" T = "0" Pressure = "0" />
		<Point X = "188" Y = "149" T = "0" Pressure = "0" />
		<Point X = "203" Y = "148" T = "0" Pressure = "0" />
		<Point X = "217" Y = "148" T = "0" Pressure = "0" />
		<Point X = "230" Y = "148" T = "0" Pressure = "0" />
		<Point X = "241" Y = "148" T = "0" Pressure = "0" />
		<Point X = "251" Y = "148" T = "0" Pressure = "0" />
		<Point X = "256" Y = "148" T = "0" Pressure = "0" />
		<Point X = "261" Y = "148" T = "0" Pressure = "0" />
		<Point X = "265" Y = "148" T = "0" Pressure = "0" />
		<Point X = "269" Y = "148" T = "0" Pressure = "0" />
		<Point X = "276" Y = "148" T = "0" Pressure = "0" />
		<Point X = "283" Y = "148" T = "0" Pressure = "0" />
		<Point X = "288" Y = "148" T = "0" Pressure = "0" />
		<Point X = "297" Y = "148" T = "0" Pressure = "0" />
		<Point X = "302" Y = "148" T = "0" Pressure = "0" />
		<Point X = "308" Y = "148" T = "0" Pressure = "0" />
		<Point X = "316" Y = "148" T = "0" Pressure = "0" />
		<Point X = "323" Y = "148" T = "0" Pressure = "0" />
		<Point X = "330" Y = "150" T = "0" Pressure = "0" />
		<Point X = "335" Y = "151" T = "0" Pressure = "0" />
		<Point X = "336" Y = "151" T = "0" Pressure = "0" />
		<Point X = "337" Y = "152" T = "0" Pressure = "0" />
		<Point X = "337" Y = "153" T = "0" Pressure = "0" />
	</Stroke>
</Gesture>
