<?xml version="1.0" encoding="utf-8" standalone="yes"?>
<Gesture Name = "straight_line">
	<Stroke>
		<Point X = "84" Y = "128" T = "0" Pressure = "0" />
		<Point X = "90" Y = "128" T = "0" Pressure = "0" />
		<Point X = "96" Y = "128" T = "0" Pressure = "0" />
		<Point X = "105" Y = "128" T = "0" Pressure = "0" />
		<Point X = "116" Y = "128" T = "0" Pressure = "0" />
		<Point X = "128" Y = "128" T = "0" Pressure = "0" />
		<Point X = "145" Y = "128" T = "0" Pressure = "0" />
		<Point X = "157" Y = "127" T = "0" Pressure = "0" />
		<Point X = "169" Y = "126" T = "0" Pressure = "0" />
		<Point X = "182" Y = "123" T = "0" Pressure = "0" />
		<Point X = "192" Y = "122" T = "0" Pressure = "0" />
		<Point X = "200" Y = "121" T = "0" Pressure = "0" />
		<Point X = "207" Y = "120" T = "0" Pressure = "0" />
		<Point X = "217" Y = "118" T = "0" Pressure = "0" />
		<Point X = "221" Y = "118" T = "0" Pressure = "0" />
		<Point X = "227" Y = "118" T = "0" Pressure = "0" />
		<Point X = "232" Y = "118" T = "0" Pressure = "0" />
		<Point X = "239" Y = "118" T = "0" Pressure = "0" />
		<Point X = "243" Y = "118" T = "0" Pressure = "0" />
		<Point X = "250" Y = "119" T = "0" Pressure = "0" />
		<Point X = "253" Y = "119" T = "0" Pressure = "0" />
		<Point X = "257" Y = "119" T = "0" Pressure = "0" />
		<Point X = "258" Y = "119" T = "0" Pressure = "0" />
		<Point X = "260" Y = "119" T = "0" Pressure = "0" />
		<Point X = "261" Y = "119" T = "0" Pressure = "0" />
		<Point X = "263" Y = "119" T = "0" Pressure = "0" />
		<Point X = "265" Y = "120" T = "0" Pressure = "0" />
		<Point X = "268" Y = "120" T = "0" Pressure = "0" />
		<Point X = "270" Y = "120" T = "0" Pressure = "0" />
		<Point X = "272" Y = "120" T = "0" Pressure = "0" />
		<Point X = "274" Y = "118" T = "0" Pressure = "0" />
		<Point X = "275" Y = "118" T = "0" Pressure = "0" />
		<Point X = "276" Y = "118" T = "0" Pressure = "0" />
	</Stroke>
</Gesture>
