<?xml version="1.0" encoding="utf-8" standalone="yes"?>
<Gesture Name = "straight_line">
	<Stroke>
		<Point X = "124" Y = "255" T = "0" Pressure = "0" />
		<Point X = "125" Y = "254" T = "0" Pressure = "0" />
		<Point X = "126" Y = "254" T = "0" Pressure = "0" />
		<Point X = "127" Y = "254" T = "0" Pressure = "0" />
		<Point X = "129" Y = "253" T = "0" Pressure = "0" />
		<Point X = "131" Y = "252" T = "0" Pressure = "0" />
		<Point X = "134" Y = "252" T = "0" Pressure = "0" />
		<Point X = "138" Y = "251" T = "0" Pressure = "0" />
		<Point X = "143" Y = "249" T = "0" Pressure = "0" />
		<Point X = "146" Y = "248" T = "0" Pressure = "0" />
		<Point X = "152" Y = "247" T = "0" Pressure = "0" />
		<Point X = "158" Y = "244" T = "0" Pressure = "0" />
		<Point X = "169" Y = "243" T = "0" Pressure = "0" />
		<Point X = "186" Y = "240" T = "0" Pressure = "0" />
		<Point X = "209" Y = "240" T = "0" Pressure = "0" />
		<Point X = "242" Y = "240" T = "0" Pressure = "0" />
		<Point X = "277" Y = "243" T = "0" Pressure = "0" />
		<Point X = "298" Y = "247" T = "0" Pressure = "0" />
		<Point X = "312" Y = "249" T = "0" Pressure = "0" />
		<Point X = "319" Y = "253" T = "0" Pressure = "0" />
		<Point X = "322" Y = "253" T = "0" Pressure = "0" />
		<Point X = "323" Y = "253" T = "0" Pressure = "0" />
		<Point X = "325" Y = "253" T = "0" Pressure = "0" />
		<Point X = "326" Y = "253" T = "0" Pressure = "0" />
		<Point X = "326" Y = "252" T = "0" Pressure = "0" />
	</Stroke>
</Gesture>
