<?xml version="1.0" encoding="utf-8" standalone="yes"?>
<Gesture Name = "straight_line">
	<Stroke>
		<Point X = "112" Y = "263" T = "0" Pressure = "0" />
		<Point X = "116" Y = "265" T = "0" Pressure = "0" />
		<Point X = "122" Y = "268" T = "0" Pressure = "0" />
		<Point X = "128" Y = "270" T = "0" Pressure = "0" />
		<Point X = "140" Y = "272" T = "0" Pressure = "0" />
		<Point X = "153" Y = "274" T = "0" Pressure = "0" />
		<Point X = "163" Y = "276" T = "0" Pressure = "0" />
		<Point X = "169" Y = "276" T = "0" Pressure = "0" />
		<Point X = "179" Y = "276" T = "0" Pressure = "0" />
		<Point X = "190" Y = "276" T = "0" Pressure = "0" />
		<Point X = "201" Y = "276" T = "0" Pressure = "0" />
		<Point X = "212" Y = "276" T = "0" Pressure = "0" />
		<Point X = "227" Y = "273" T = "0" Pressure = "0" />
		<Point X = "244" Y = "273" T = "0" Pressure = "0" />
		<Point X = "261" Y = "273" T = "0" Pressure = "0" />
		<Point X = "281" Y = "273" T = "0" Pressure = "0" />
		<Point X = "297" Y = "273" T = "0" Pressure = "0" />
		<Point X = "310" Y = "273" T = "0" Pressure = "0" />
		<Point X = "321" Y = "273" T = "0" Pressure = "0" />
		<Point X = "328" Y = "275" T = "0" Pressure = "0" />
		<Point X = "330" Y = "275" T = "0" Pressure = "0" />
		<Point X = "333" Y = "275" T = "0" Pressure = "0" />
		<Point X = "336" Y = "275" T = "0" Pressure = "0" />
		<Point X = "340" Y = "276" T = "0" Pressure = "0" />
		<Point X = "346" Y = "277" T = "0" Pressure = "0" />
		<Point X = "349" Y = "277" T = "0" Pressure = "0" />
		<Point X = "353" Y = "278" T = "0" Pressure = "0" />
		<Point X = "356" Y = "278" T = "0" Pressure = "0" />
		<Point X = "359" Y = "278" T = "0" Pressure = "0" />
		<Point X = "360" Y = "278" T = "0" Pressure = "0" />
		<Point X = "361" Y = "278" T = "0" Pressure = "0" />
	</Stroke>
</Gesture>
