<?xml version="1.0" encoding="utf-8" standalone="yes"?>
<Gesture Name = "straight_line">
	<Stroke>
		<Point X = "283" Y = "304" T = "0" Pressure = "0" />
		<Point X = "285" Y = "303" T = "0" Pressure = "0" />
		<Point X = "289" Y = "302" T = "0" Pressure = "0" />
		<Point X = "291" Y = "302" T = "0" Pressure = "0" />
		<Point X = "293" Y = "302" T = "0" Pressure = "0" />
		<Point X = "296" Y = "300" T = "0" Pressure = "0" />
		<Point X = "299" Y = "300" T = "0" Pressure = "0" />
		<Point X = "302" Y = "300" T = "0" Pressure = "0" />
		<Point X = "306" Y = "300" T = "0" Pressure = "0" />
		<Point X = "312" Y = "300" T = "0" Pressure = "0" />
		<Point X = "318" Y = "302" T = "0" Pressure = "0" />
		<Point X = "324" Y = "306" T = "0" Pressure = "0" />
		<Point X = "334" Y = "312" T = "0" Pressure = "0" />
		<Point X = "344" Y = "317" T = "0" Pressure = "0" />
		<Point X = "353" Y = "323" T = "0" Pressure = "0" />
		<Point X = "363" Y = "328" T = "0" Pressure = "0" />
		<Point X = "370" Y = "329" T = "0" Pressure = "0" />
		<Point X = "372" Y = "331" T = "0" Pressure = "0" />
		<Point X = "375" Y = "331" T = "0" Pressure = "0" />
		<Point X = "378" Y = "331" T = "0" Pressure = "0" />
		<Point X = "379" Y = "331" T = "0" Pressure = "0" />
		<Point X = "380" Y = "331" T = "0" Pressure = "0" />
		<Point X = "382" Y = "331" T = "0" Pressure = "0" />
		<Point X = "383" Y = "330" T = "0" Pressure = "0" />
		<Point X = "384" Y = "330" T = "0" Pressure = "0" />
		<Point X = "385" Y = "330" T = "0" Pressure = "0" />
		<Point X = "386" Y = "329" T = "0" Pressure = "0" />
		<Point X = "389" Y = "328" T = "0" Pressure = "0" />
	</Stroke>
</Gesture>
