<?xml version="1.0" encoding="utf-8" standalone="yes"?>
<Gesture Name = "straight_line">
	<Stroke>
		<Point X = "84" Y = "217" T = "0" Pressure = "0" />
		<Point X = "90" Y = "217" T = "0" Pressure = "0" />
		<Point X = "99" Y = "217" T = "0" Pressure = "0" />
		<Point X = "110" Y = "217" T = "0" Pressure = "0" />
		<Point X = "118" Y = "217" T = "0" Pressure = "0" />
		<Point X = "128" Y = "217" T = "0" Pressure = "0" />
		<Point X = "139" Y = "217" T = "0" Pressure = "0" />
		<Point X = "150" Y = "217" T = "0" Pressure = "0" />
		<Point X = "159" Y = "217" T = "0" Pressure = "0" />
		<Point X = "169" Y = "217" T = "0" Pressure = "0" />
		<Point X = "177" Y = "217" T = "0" Pressure = "0" />
		<Point X = "185" Y = "217" T = "0" Pressure = "0" />
		<Point X = "191" Y = "217" T = "0" Pressure = "0" />
		<Point X = "199" Y = "217" T = "0" Pressure = "0" />
		<Point X = "206" Y = "217" T = "0" Pressure = "0" />
		<Point X = "212" Y = "218" T = "0" Pressure = "0" />
		<Point X = "219" Y = "220" T = "0" Pressure = "0" />
		<Point X = "224" Y = "222" T = "0" Pressure = "0" />
		<Point X = "227" Y = "222" T = "0" Pressure = "0" />
		<Point X = "231" Y = "223" T = "0" Pressure = "0" />
		<Point X = "234" Y = "224" T = "0" Pressure = "0" />
		<Point X = "241" Y = "224" T = "0" Pressure = "0" />
		<Point X = "246" Y = "226" T = "0" Pressure = "0" />
		<Point X = "250" Y = "226" T = "0" Pressure = "0" />
		<Point X = "252" Y = "226" T = "0" Pressure = "0" />
		<Point X = "255" Y = "226" T = "0" Pressure = "0" />
		<Point X = "256" Y = "226" T = "0" Pressure = "0" />
		<Point X = "257" Y = "226" T = "0" Pressure = "0" />
		<Point X = "258" Y = "226" T = "0" Pressure = "0" />
		<Point X = "259" Y = "226" T = "0" Pressure = "0" />
		<Point X = "261" Y = "226" T = "0" Pressure = "0" />
		<Point X = "262" Y = "226" T = "0" Pressure = "0" />
	</Stroke>
</Gesture>
