<?xml version="1.0" encoding="utf-8" standalone="yes"?>
<Gesture Name = "straight_line">
	<Stroke>
		<Point X = "92" Y = "274" T = "0" Pressure = "0" />
		<Point X = "95" Y = "274" T = "0" Pressure = "0" />
		<Point X = "97" Y = "274" T = "0" Pressure = "0" />
		<Point X = "101" Y = "274" T = "0" Pressure = "0" />
		<Point X = "108" Y = "274" T = "0" Pressure = "0" />
		<Point X = "115" Y = "274" T = "0" Pressure = "0" />
		<Point X = "126" Y = "274" T = "0" Pressure = "0" />
		<Point X = "140" Y = "275" T = "0" Pressure = "0" />
		<Point X = "157" Y = "277" T = "0" Pressure = "0" />
		<Point X = "177" Y = "277" T = "0" Pressure = "0" />
		<Point X = "199" Y = "277" T = "0" Pressure = "0" />
		<Point X = "216" Y = "277" T = "0" Pressure = "0" />
		<Point X = "231" Y = "277" T = "0" Pressure = "0" />
		<Point X = "242" Y = "277" T = "0" Pressure = "0" />
		<Point X = "249" Y = "277" T = "0" Pressure = "0" />
		<Point X = "252" Y = "277" T = "0" Pressure = "0" />
		<Point X = "255" Y = "277" T = "0" Pressure = "0" />
		<Point X = "258" Y = "276" T = "0" Pressure = "0" />
		<Point X = "261" Y = "274" T = "0" Pressure = "0" />
		<Point X = "267" Y = "274" T = "0" Pressure = "0" />
		<Point X = "275" Y = "273" T = "0" Pressure = "0" />
		<Point X = "286" Y = "273" T = "0" Pressure = "0" />
		<Point X = "301" Y = "273" T = "0" Pressure = "0" />
		<Point X = "316" Y = "273" T = "0" Pressure = "0" />
		<Point X = "331" Y = "273" T = "0" Pressure = "0" />
		<Point X = "342" Y = "273" T = "0" Pressure = "0" />
		<Point X = "351" Y = "273" T = "0" Pressure = "0" />
		<Point X = "356" Y = "273" T = "0" Pressure = "0" />
		<Point X = "359" Y = "273" T = "0" Pressure = "0" />
		<Point X = "360" Y = "273" T = "0" Pressure = "0" />
		<Point X = "362" Y = "273" T = "0" Pressure = "0" />
	</Stroke>
</Gesture>
