<?xml version="1.0" encoding="utf-8" standalone="yes"?>
<Gesture Name = "straight_line">
	<Stroke>
		<Point X = "70" Y = "251" T = "0" Pressure = "0" />
		<Point X = "73" Y = "250" T = "0" Pressure = "0" />
		<Point X = "77" Y = "250" T = "0" Pressure = "0" />
		<Point X = "84" Y = "250" T = "0" Pressure = "0" />
		<Point X = "93" Y = "250" T = "0" Pressure = "0" />
		<Point X = "101" Y = "250" T = "0" Pressure = "0" />
		<Point X = "112" Y = "250" T = "0" Pressure = "0" />
		<Point X = "125" Y = "250" T = "0" Pressure = "0" />
		<Point X = "140" Y = "250" T = "0" Pressure = "0" />
		<Point X = "157" Y = "250" T = "0" Pressure = "0" />
		<Point X = "179" Y = "250" T = "0" Pressure = "0" />
		<Point X = "204" Y = "250" T = "0" Pressure = "0" />
		<Point X = "227" Y = "250" T = "0" Pressure = "0" />
		<Point X = "246" Y = "250" T = "0" Pressure = "0" />
		<Point X = "260" Y = "250" T = "0" Pressure = "0" />
		<Point X = "275" Y = "250" T = "0" Pressure = "0" />
		<Point X = "284" Y = "250" T = "0" Pressure = "0" />
		<Point X = "292" Y = "250" T = "0" Pressure = "0" />
		<Point X = "299" Y = "250" T = "0" Pressure = "0" />
		<Point X = "304" Y = "250" T = "0" Pressure = "0" />
		<Point X = "306" Y = "250" T = "0" Pressure = "0" />
		<Point X = "309" Y = "250" T = "0" Pressure = "0" />
		<Point X = "309" Y = "249" T = "0" Pressure = "0" />
		<Point X = "311" Y = "249" T = "0" Pressure = "0" />
	</Stroke>
</Gesture>
