<?xml version="1.0" encoding="utf-8" standalone="yes"?>
<Gesture Name = "straight_line">
	<Stroke>
		<Point X = "173" Y = "234" T = "0" Pressure = "0" />
		<Point X = "175" Y = "234" T = "0" Pressure = "0" />
		<Point X = "178" Y = "232" T = "0" Pressure = "0" />
		<Point X = "180" Y = "232" T = "0" Pressure = "0" />
		<Point X = "188" Y = "232" T = "0" Pressure = "0" />
		<Point X = "193" Y = "232" T = "0" Pressure = "0" />
		<Point X = "202" Y = "229" T = "0" Pressure = "0" />
		<Point X = "213" Y = "229" T = "0" Pressure = "0" />
		<Point X = "226" Y = "229" T = "0" Pressure = "0" />
		<Point X = "245" Y = "229" T = "0" Pressure = "0" />
		<Point X = "273" Y = "229" T = "0" Pressure = "0" />
		<Point X = "303" Y = "229" T = "0" Pressure = "0" />
		<Point X = "331" Y = "229" T = "0" Pressure = "0" />
		<Point X = "354" Y = "229" T = "0" Pressure = "0" />
		<Point X = "367" Y = "229" T = "0" Pressure = "0" />
		<Point X = "377" Y = "228" T = "0" Pressure = "0" />
		<Point X = "383" Y = "227" T = "0" Pressure = "0" />
		<Point X = "387" Y = "226" T = "0" Pressure = "0" />
		<Point X = "388" Y = "226" T = "0" Pressure = "0" />
		<Point X = "388" Y = "225" T = "0" Pressure = "0" />
		<Point X = "389" Y = "225" T = "0" Pressure = "0" />
	</Stroke>
</Gesture>
