<?xml version="1.0" encoding="utf-8" standalone="yes"?>
<Gesture Name = "straight_line">
	<Stroke>
		<Point X = "109" Y = "270" T = "0" Pressure = "0" />
		<Point X = "114" Y = "269" T = "0" Pressure = "0" />
		<Point X = "118" Y = "268" T = "0" Pressure = "0" />
		<Point X = "123" Y = "268" T = "0" Pressure = "0" />
		<Point X = "130" Y = "266" T = "0" Pressure = "0" />
		<Point X = "137" Y = "265" T = "0" Pressure = "0" />
		<Point X = "148" Y = "264" T = "0" Pressure = "0" />
		<Point X = "157" Y = "263" T = "0" Pressure = "0" />
		<Point X = "167" Y = "261" T = "0" Pressure = "0" />
		<Point X = "176" Y = "260" T = "0" Pressure = "0" />
		<Point X = "184" Y = "259" T = "0" Pressure = "0" />
		<Point X = "188" Y = "258" T = "0" Pressure = "0" />
		<Point X = "191" Y = "258" T = "0" Pressure = "0" />
		<Point X = "196" Y = "255" T = "0" Pressure = "0" />
		<Point X = "198" Y = "254" T = "0" Pressure = "0" />
		<Point X = "200" Y = "254" T = "0" Pressure = "0" />
		<Point X = "203" Y = "254" T = "0" Pressure = "0" />
		<Point X = "205" Y = "253" T = "0" Pressure = "0" />
		<Point X = "206" Y = "252" T = "0" Pressure = "0" />
		<Point X = "210" Y = "252" T = "0" Pressure = "0" />
		<Point X = "215" Y = "251" T = "0" Pressure = "0" />
		<Point X = "221" Y = "250" T = "0" Pressure = "0" />
		<Point X = "226" Y = "250" T = "0" Pressure = "0" />
		<Point X = "233" Y = "249" T = "0" Pressure = "0" />
		<Point X = "239" Y = "247" T = "0" Pressure = "0" />
		<Point X = "243" Y = "247" T = "0" Pressure = "0" />
		<Point X = "252" Y = "246" T = "0" Pressure = "0" />
		<Point X = "261" Y = "245" T = "0" Pressure = "0" />
		<Point X = "270" Y = "244" T = "0" Pressure = "0" />
		<Point X = "281" Y = "242" T = "0" Pressure = "0" />
		<Point X = "292" Y = "242" T = "0" Pressure = "0" />
		<Point X = "301" Y = "242" T = "0" Pressure = "0" />
		<Point X = "312" Y = "242" T = "0" Pressure = "0" />
		<Point X = "321" Y = "241" T = "0" Pressure = "0" />
		<Point X = "328" Y = "240" T = "0" Pressure = "0" />
		<Point X = "331" Y = "239" T = "0" Pressure = "0" />
		<Point X = "334" Y = "237" T = "0" Pressure = "0" />
		<Point X = "335" Y = "237" T = "0" Pressure = "0" />
		<Point X = "336" Y = "236" T = "0" Pressure = "0" />
		<Point X = "337" Y = "236" T = "0" Pressure = "0" />
	</Stroke>
</Gesture>
