<?xml version="1.0" encoding="utf-8" standalone="yes"?>
<Gesture Name = "straight_line">
	<Stroke>
		<Point X = "30" Y = "249" T = "0" Pressure = "0" />
		<Point X = "34" Y = "249" T = "0" Pressure = "0" />
		<Point X = "35" Y = "249" T = "0" Pressure = "0" />
		<Point X = "42" Y = "249" T = "0" Pressure = "0" />
		<Point X = "48" Y = "249" T = "0" Pressure = "0" />
		<Point X = "57" Y = "249" T = "0" Pressure = "0" />
		<Point X = "64" Y = "249" T = "0" Pressure = "0" />
		<Point X = "72" Y = "249" T = "0" Pressure = "0" />
		<Point X = "83" Y = "249" T = "0" Pressure = "0" />
		<Point X = "91" Y = "249" T = "0" Pressure = "0" />
		<Point X = "101" Y = "250" T = "0" Pressure = "0" />
		<Point X = "106" Y = "250" T = "0" Pressure = "0" />
		<Point X = "111" Y = "251" T = "0" Pressure = "0" />
		<Point X = "118" Y = "252" T = "0" Pressure = "0" />
		<Point X = "125" Y = "255" T = "0" Pressure = "0" />
		<Point X = "129" Y = "256" T = "0" Pressure = "0" />
		<Point X = "134" Y = "257" T = "0" Pressure = "0" />
		<Point X = "139" Y = "257" T = "0" Pressure = "0" />
		<Point X = "144" Y = "259" T = "0" Pressure = "0" />
		<Point X = "148" Y = "259" T = "0" Pressure = "0" />
		<Point X = "154" Y = "259" T = "0" Pressure = "0" />
		<Point X = "157" Y = "259" T = "0" Pressure = "0" />
		<Point X = "159" Y = "259" T = "0" Pressure = "0" />
		<Point X = "161" Y = "259" T = "0" Pressure = "0" />
		<Point X = "162" Y = "259" T = "0" Pressure = "0" />
		<Point X = "162" Y = "258" T = "0" Pressure = "0" />
		<Point X = "164" Y = "258" T = "0" Pressure = "0" />
	</Stroke>
</Gesture>
