<?xml version="1.0" encoding="utf-8" standalone="yes"?>
<Gesture Name = "straight_line">
	<Stroke>
		<Point X = "67" Y = "85" T = "0" Pressure = "0" />
		<Point X = "70" Y = "85" T = "0" Pressure = "0" />
		<Point X = "75" Y = "88" T = "0" Pressure = "0" />
		<Point X = "78" Y = "90" T = "0" Pressure = "0" />
		<Point X = "83" Y = "92" T = "0" Pressure = "0" />
		<Point X = "88" Y = "95" T = "0" Pressure = "0" />
		<Point X = "92" Y = "96" T = "0" Pressure = "0" />
		<Point X = "95" Y = "96" T = "0" Pressure = "0" />
		<Point X = "99" Y = "96" T = "0" Pressure = "0" />
		<Point X = "104" Y = "96" T = "0" Pressure = "0" />
		<Point X = "109" Y = "96" T = "0" Pressure = "0" />
		<Point X = "119" Y = "96" T = "0" Pressure = "0" />
		<Point X = "128" Y = "96" T = "0" Pressure = "0" />
		<Point X = "143" Y = "96" T = "0" Pressure = "0" />
		<Point X = "160" Y = "96" T = "0" Pressure = "0" />
		<Point X = "175" Y = "98" T = "0" Pressure = "0" />
		<Point X = "189" Y = "101" T = "0" Pressure = "0" />
		<Point X = "199" Y = "101" T = "0" Pressure = "0" />
		<Point X = "206" Y = "101" T = "0" Pressure = "0" />
		<Point X = "210" Y = "101" T = "0" Pressure = "0" />
		<Point X = "213" Y = "101" T = "0" Pressure = "0" />
		<Point X = "214" Y = "101" T = "0" Pressure = "0" />
		<Point X = "216" Y = "101" T = "0" Pressure = "0" />
		<Point X = "219" Y = "101" T = "0" Pressure = "0" />
		<Point X = "222" Y = "101" T = "0" Pressure = "0" />
		<Point X = "228" Y = "102" T = "0" Pressure = "0" />
		<Point X = "230" Y = "102" T = "0" Pressure = "0" />
		<Point X = "233" Y = "102" T = "0" Pressure = "0" />
		<Point X = "236" Y = "102" T = "0" Pressure = "0" />
		<Point X = "239" Y = "102" T = "0" Pressure = "0" />
		<Point X = "240" Y = "102" T = "0" Pressure = "0" />
		<Point X = "242" Y = "102" T = "0" Pressure = "0" />
		<Point X = "244" Y = "102" T = "0" Pressure = "0" />
	</Stroke>
</Gesture>
