<?xml version="1.0" encoding="utf-8" standalone="yes"?>
<Gesture Name = "straight_line">
	<Stroke>
		<Point X = "82" Y = "254" T = "0" Pressure = "0" />
		<Point X = "86" Y = "254" T = "0" Pressure = "0" />
		<Point X = "90" Y = "254" T = "0" Pressure = "0" />
		<Point X = "94" Y = "254" T = "0" Pressure = "0" />
		<Point X = "98" Y = "254" T = "0" Pressure = "0" />
		<Point X = "103" Y = "254" T = "0" Pressure = "0" />
		<Point X = "110" Y = "254" T = "0" Pressure = "0" />
		<Point X = "112" Y = "254" T = "0" Pressure = "0" />
		<Point X = "119" Y = "254" T = "0" Pressure = "0" />
		<Point X = "129" Y = "252" T = "0" Pressure = "0" />
		<Point X = "141" Y = "251" T = "0" Pressure = "0" />
		<Point X = "155" Y = "251" T = "0" Pressure = "0" />
		<Point X = "173" Y = "251" T = "0" Pressure = "0" />
		<Point X = "190" Y = "251" T = "0" Pressure = "0" />
		<Point X = "201" Y = "251" T = "0" Pressure = "0" />
		<Point X = "209" Y = "251" T = "0" Pressure = "0" />
		<Point X = "215" Y = "250" T = "0" Pressure = "0" />
		<Point X = "217" Y = "250" T = "0" Pressure = "0" />
		<Point X = "220" Y = "249" T = "0" Pressure = "0" />
		<Point X = "223" Y = "249" T = "0" Pressure = "0" />
		<Point X = "227" Y = "249" T = "0" Pressure = "0" />
		<Point X = "236" Y = "249" T = "0" Pressure = "0" />
		<Point X = "249" Y = "249" T = "0" Pressure = "0" />
		<Point X = "262" Y = "249" T = "0" Pressure = "0" />
		<Point X = "281" Y = "249" T = "0" Pressure = "0" />
		<Point X = "296" Y = "249" T = "0" Pressure = "0" />
		<Point X = "307" Y = "249" T = "0" Pressure = "0" />
		<Point X = "313" Y = "249" T = "0" Pressure = "0" />
		<Point X = "318" Y = "249" T = "0" Pressure = "0" />
		<Point X = "319" Y = "249" T = "0" Pressure = "0" />
		<Point X = "320" Y = "249" T = "0" Pressure = "0" />
		<Point X = "321" Y = "249" T = "0" Pressure = "0" />
		<Point X = "322" Y = "248" T = "0" Pressure = "0" />
		<Point X = "323" Y = "247" T = "0" Pressure = "0" />
		<Point X = "324" Y = "247" T = "0" Pressure = "0" />
	</Stroke>
</Gesture>
