<?xml version="1.0" encoding="utf-8" standalone="yes"?>
<Gesture Name = "straight_line">
	<Stroke>
		<Point X = "135" Y = "37" T = "0" Pressure = "0" />
		<Point X = "136" Y = "37" T = "0" Pressure = "0" />
		<Point X = "140" Y = "37" T = "0" Pressure = "0" />
		<Point X = "144" Y = "37" T = "0" Pressure = "0" />
		<Point X = "154" Y = "37" T = "0" Pressure = "0" />
		<Point X = "166" Y = "37" T = "0" Pressure = "0" />
		<Point X = "178" Y = "37" T = "0" Pressure = "0" />
		<Point X = "189" Y = "38" T = "0" Pressure = "0" />
		<Point X = "199" Y = "40" T = "0" Pressure = "0" />
		<Point X = "210" Y = "41" T = "0" Pressure = "0" />
		<Point X = "220" Y = "42" T = "0" Pressure = "0" />
		<Point X = "231" Y = "43" T = "0" Pressure = "0" />
		<Point X = "238" Y = "43" T = "0" Pressure = "0" />
		<Point X = "253" Y = "46" T = "0" Pressure = "0" />
		<Point X = "271" Y = "48" T = "0" Pressure = "0" />
		<Point X = "295" Y = "51" T = "0" Pressure = "0" />
		<Point X = "313" Y = "54" T = "0" Pressure = "0" />
		<Point X = "327" Y = "55" T = "0" Pressure = "0" />
		<Point X = "338" Y = "57" T = "0" Pressure = "0" />
		<Point X = "347" Y = "58" T = "0" Pressure = "0" />
		<Point X = "349" Y = "58" T = "0" Pressure = "0" />
		<Point X = "350" Y = "58" T = "0" Pressure = "0" />
		<Point X = "351" Y = "58" T = "0" Pressure = "0" />
		<Point X = "352" Y = "58" T = "0" Pressure = "0" />
		<Point X = "355" Y = "59" T = "0" Pressure = "0" />
	</Stroke>
</Gesture>
